row_index_1,row_index_2,name_company_1,name_company_2,address_1,address_2,city_1,city_2,state_1,state_2,country_1,country_2,continent_1,continent_2,is_match
750,263,BAD PACKETS LTD,ALL ABOUT KIDS LTD,"71-75 Shelton Street, Covent Garden, London, England, WC2H 9JQ","71-75 Shelton Street, Covent Garden, London, United Kingdom, WC2H 9JQ",,,,,,,,,1
3322,1743,Banca Nazionale Del Lavoro Spa,Angelini Pharma Italia Aziende Chimiche Riunite Angelini Francesco A.c.r.a.f. Spa,"VIALE ALTIERO SPINELLI 30, ROMA, 00157, ROMA, ITALY","VIALE AMELIA 70, ROMA, 00181, ROMA, ITALY",,,,,IT09339391006,IT01258691003,,,1
3415,3108,FOOD BOOKING LTD,FOOD COMPLIANT ENGINEERING LTD,"20-22 Wenlock Road, London, England, N1 7GU","20-22 Wenlock Road, London, N1 7GU",,,,,,,,,1
3717,859,Bennet Holding Spa,Pluto (italia) Spa,"PIAZZA DELLA REPUBBLICA 28, MILANO, 20124, MILANO, ITALY","PIAZZA DELLA REPUBBLICA 32, MILANO, 20124, MILANO, ITALY",,,,,IT07069120967,IT10286850960,,,1
4039,3108,ALL ABOUT BOILERS LTD,FOOD COMPLIANT ENGINEERING LTD,"20-22 Wenlock Road, London, England, N1 7GU","20-22 Wenlock Road, London, N1 7GU",,,,,,,,,1
4261,1190,AYDINGTON PARTNERS LTD LTD,R . A. C. INTERIORS LTD,"PO Box 4385, 11187806: COMPANIES HOUSE DEFAULT ADDRESS, Cardiff, CF14 8LH","PO Box 4385, 11794713: COMPANIES HOUSE DEFAULT ADDRESS, Cardiff, CF14 8LH",,,,,,,,,1
4768,1485,Atmos Energy Corp,Kronos Worldwide Inc,"5430 Lbj Freeway, 1800 Three Lincoln Ctr, Dallas, Texas, 75240","5430 Lbj Freeway, Suite 1700, Dallas, Texas, 75240",,,,,,,,,1
5050,2880,FOOD CHAIN ASIA LIMITED,T A BROOKS CONSULTANCY LTD,"C/O Kingsley Maybrook Ltd, Unitec House, 2 Albert Place, London, England, N3 1QB","C/O Kingsley Mayrbook, Unitec House, 2 Albert Place, London, England, N3 1QB",,,,,,,,,1
5372,2337,SJA FINANCES LIMITED,S A BROWN LTD,"7-9 The Avenue, Eastbourne, East Sussex, BN21 3YA","7-9 The Avenue, Eastbourne, East Sussex, United Kingdom, BN21 3YA",,,,,,,,,1
5606,3108,GOOD CONNEXION LTD,FOOD COMPLIANT ENGINEERING LTD,"20-22 Wenlock Road, London, England, N1 7GU","20-22 Wenlock Road, London, N1 7GU",,,,,,,,,1
6055,3917,BEAUTY ANCHOR AESTHETICS LIMITED,BAD BUNNY MANAGEMENT LTD,"27 Old Gloucester Street, London, England, WC1N 3AX","27 Old Gloucester Street, London, United Kingdom, WC1N 3AX",,,,,,,,,1
6383,750,V AND C RELOCATION SERVICES LTD,BAD PACKETS LTD,"71-75 Shelton Street Shelton Street, Covent Garden, London, United Kingdom, WC2H 9JQ","71-75 Shelton Street, Covent Garden, London, England, WC2H 9JQ",,,,,,,,,1
6679,3108,Q BRANCH SOLUTIONS LTD,FOOD COMPLIANT ENGINEERING LTD,"20-22 Wenlock Road, London, England, N1 7GU","20-22 Wenlock Road, London, N1 7GU",,,,,,,,,1
6697,3917,NEW AGE LETTINGS LIMITED,BAD BUNNY MANAGEMENT LTD,"27 Old Gloucester Street, London, England, WC1N 3AX","27 Old Gloucester Street, London, United Kingdom, WC1N 3AX",,,,,,,,,1
6749,263,FINANCES AND LAW SOLUTIONS LTD,ALL ABOUT KIDS LTD,"71-75 Shelton Street, Covent Garden, London, England, WC2H 9JQ","71-75 Shelton Street, Covent Garden, London, United Kingdom, WC2H 9JQ",,,,,,,,,1
6749,3444,FINANCES AND LAW SOLUTIONS LTD,U BROWN LTD,"71-75 Shelton Street, Covent Garden, London, England, WC2H 9JQ","71-75 Shelton Street, Covent Garden, London, United Kingdom, WC2H 9JQ",,,,,,,,,1
6749,3775,FINANCES AND LAW SOLUTIONS LTD,T & B ENGINEERING SOLUTIONS LTD,"71-75 Shelton Street, Covent Garden, London, England, WC2H 9JQ","71-75 Shelton Street, Covent Garden, London, United Kingdom, WC2H 9JQ",,,,,,,,,1
6749,4375,FINANCES AND LAW SOLUTIONS LTD,H & A ENGINEERING LTD,"71-75 Shelton Street, Covent Garden, London, England, WC2H 9JQ","71-75 Shelton Street, Covent Garden, London, United Kingdom, WC2H 9JQ",,,,,,,,,1
6749,4438,FINANCES AND LAW SOLUTIONS LTD,BEAUTY BOOSTERS LTD,"71-75 Shelton Street, Covent Garden, London, England, WC2H 9JQ","71-75 Shelton Street, Covent Garden, London, United Kingdom, WC2H 9JQ",,,,,,,,,1
6749,6594,FINANCES AND LAW SOLUTIONS LTD,U EVENTS LIMITED,"71-75 Shelton Street, Covent Garden, London, England, WC2H 9JQ","71-75 Shelton Street, Covent Garden, London, United Kingdom, WC2H 9JQ",,,,,,,,,1
7079,3108,H A DIRECT LTD,FOOD COMPLIANT ENGINEERING LTD,"20-22 Wenlock Road, London, England, N1 7GU","20-22 Wenlock Road, London, N1 7GU",,,,,,,,,1
7624,1819,Koninklijke Philips NV,NXP Semiconductors NV,"High Tech Campus 52, Eindhoven, 5656AG","High Tech Campus 60, Eindhoven, 5656AG",,,,,,,,,1
8008,3108,GOOD & YOUNG LTD,FOOD COMPLIANT ENGINEERING LTD,"20-22 Wenlock Road, London, England, N1 7GU","20-22 Wenlock Road, London, N1 7GU",,,,,,,,,1
8018,2775,NEW ACEVILLE PUBLICATIONS LIMITED,NEW ACEVILLE MAGAZINES LIMITED,"185 Fleet Street, London, England, EC4A 2HS","185 Fleet Street, London, United Kingdom, EC4A 2HS",,,,,,,,,1
8341,3163,Japan Post Insurance Co Ltd,Mizuho Financial Group Inc,"Otemachi Place West Tower, 2-3-1, Ote-Machi, Chiyoda-Ku, Tokyo, 100-8794","Otemachi Tower, 1-5-5, Ote-Machi, Chiyoda-Ku, Tokyo, 100-8176",,,,,,,,,1
8401,855,P A M DEVELOPMENTS LIMITED,P A ENVIRONMENTAL SERVICES LIMITED,"Belfry House, Bell Lane, Hertford, Hertfordshire, England, SG14 1BP","Belfry House, Bell Lane, Hertford, Hertfordshire, SG14 1BP",,,,,,,,,1
8783,5225,Umicore NV/SA,Ageas NV,"Rue Du Marais 31, Bruxelles, 1000","Rue Du Marquis 1 Boite 7, Bruxelles, 1000",,,,,,,,,1
8802,2600,Sorgenia Spa,Design Holding Spa,"VIA ALESSANDRO ALGARDI 4, MILANO, 20148, MILANO, ITALY","VIA ALESSANDRO MANZONI 38, MILANO, 20121, MILANO, ITALY",,,,,IT12874490159,IT10446470964,,,1
8819,5388,A. Menarini Industrie Farmaceutiche Riunite Srl,Salvatore Ferragamo Spa,"VIA DEI SETTE SANTI 3, FIRENZE, 50131, FIRENZE, ITALY","VIA DEI TORNABUONI 2, FIRENZE, 50123, FIRENZE, ITALY",,,,,IT00395270481,IT02175200480,,,1
9046,8005,COURTAGE ASSURANCES & FINANCES LIMITED,GOOD CLIC LIMITED,"Cary Chambers, 1 Palk Street, Torquay, Devon, TQ2 5EL","Cary Chambers, 1 Palk Street, Torquay, TQ2 5EL",,,,,,,,,1
9202,8874,V & M EVENTS LTD,ALL ABOUT EVE BRIDALS CHEPSTOW LIMITED,"PO Box 4385, 09817358: COMPANIES HOUSE DEFAULT ADDRESS, Cardiff, CF14 8LH","PO Box 4385, 10523606: COMPANIES HOUSE DEFAULT ADDRESS, Cardiff, CF14 8LH",,,,,,,,,1
9244,4860,International Design Group Spa,Ferretti International Holding Spa,"VIA ALESSANDRO MANZONI 38, MILANO, 20121, MILANO, ITALY","VIA ALESSANDRO MANZONI 41, MILANO, 20121, MILANO, ITALY",,,,,IT10462810960,IT07739200967,,,1
9445,442,GOOD ACCOUNTS UK LTD,GOOD ADVICE LTD,"Office 1.03 Vauxhall Sky Gardens, 153 Wandsworth Road, London, England, SW8 2GB","Office 1.03 Vauxhall Sky Gardens, 153 Wandsworth Road, London, United Kingdom, SW8 2GB",,,,,,,,,1
9606,7209,S A CONSTRUCTION 247 LTD,Z & Z BROTHERS IT SOLUTIONS LTD,"86-90 Paul Street, London, England, EC2A 4NE","86-90 Paul Street, London, England, United Kingdom, EC2A 4NE",,,,,,,,,1
9606,8900,S A CONSTRUCTION 247 LTD,Q AND QUAINT LIMITED,"86-90 Paul Street, London, England, EC2A 4NE","86-90 Paul Street, London, England, United Kingdom, EC2A 4NE",,,,,,,,,1
10153,5930,Q CORPORATION LTD,SOFTWARE CPANEL LTD,"PO Box 4385, 11975010 - COMPANIES HOUSE DEFAULT ADDRESS, Cardiff, CF14 8LH","PO Box 4385, 12356176: COMPANIES HOUSE DEFAULT ADDRESS, Cardiff, CF14 8LH",,,,,,,,,1
10456,6087,Mirvac Group,Whitehaven Coal Ltd,"L 28 200 George St, Sydney, New South Wales, 2000","L 28 259 George St, Sydney, New South Wales, 2000",,,Sydney,,Australia,,Oceania,,1
10919,263,TRUSTED FINANCES AND PROTECTION LTD,ALL ABOUT KIDS LTD,"71-75 Shelton Street, Covent Garden, London, England, WC2H 9JQ","71-75 Shelton Street, Covent Garden, London, United Kingdom, WC2H 9JQ",,,,,,,,,1
10919,3444,TRUSTED FINANCES AND PROTECTION LTD,U BROWN LTD,"71-75 Shelton Street, Covent Garden, London, England, WC2H 9JQ","71-75 Shelton Street, Covent Garden, London, United Kingdom, WC2H 9JQ",,,,,,,,,1
10919,3775,TRUSTED FINANCES AND PROTECTION LTD,T & B ENGINEERING SOLUTIONS LTD,"71-75 Shelton Street, Covent Garden, London, England, WC2H 9JQ","71-75 Shelton Street, Covent Garden, London, United Kingdom, WC2H 9JQ",,,,,,,,,1
10919,4375,TRUSTED FINANCES AND PROTECTION LTD,H & A ENGINEERING LTD,"71-75 Shelton Street, Covent Garden, London, England, WC2H 9JQ","71-75 Shelton Street, Covent Garden, London, United Kingdom, WC2H 9JQ",,,,,,,,,1
10919,4438,TRUSTED FINANCES AND PROTECTION LTD,BEAUTY BOOSTERS LTD,"71-75 Shelton Street, Covent Garden, London, England, WC2H 9JQ","71-75 Shelton Street, Covent Garden, London, United Kingdom, WC2H 9JQ",,,,,,,,,1
10919,6594,TRUSTED FINANCES AND PROTECTION LTD,U EVENTS LIMITED,"71-75 Shelton Street, Covent Garden, London, England, WC2H 9JQ","71-75 Shelton Street, Covent Garden, London, United Kingdom, WC2H 9JQ",,,,,,,,,1
10919,7607,TRUSTED FINANCES AND PROTECTION LTD,GOOD ADVICE DEBT COMPANY LIMITED,"71-75 Shelton Street, Covent Garden, London, England, WC2H 9JQ","71-75 Shelton Street, Covent Garden, London, United Kingdom, WC2H 9JQ",,,,,,,,,1
10999,5947,T & B (CONTRACTORS) HOLDINGS LIMITED,T & B (CONTRACTORS) LIMITED,"Riverside House 1 Place Farm, Wheathampstead, St. Albans, AL4 8SB","Riverside House 1 Place Farm, Wheathampstead, St. Albans, Hertfordshire, AL4 8SB",,,,,,,,,1
11424,8341,Sumitomo Corp,Japan Post Insurance Co Ltd,"Otemachi Place East Tower, 2-3-2, Ote-Machi, Chiyoda-Ku, Tokyo, 100-8601","Otemachi Place West Tower, 2-3-1, Ote-Machi, Chiyoda-Ku, Tokyo, 100-8794",,,,,,,,,1
11775,7998,H & A ENTERTAINMENTS LTD,R A K MANAGEMENT LIMITED,"Lawrence House, 5 St Andrews Hill, Norwich, Norfolk, NR2 1AD","Lawrence House, 5 St. Andrews Hill, Norwich, Norfolk, NR2 1AD",,,,,,,,,1
12172,263,SADIO S LIMITED,ALL ABOUT KIDS LTD,"71-75 Shelton Street, Covent Garden, London, England, WC2H 9JQ","71-75 Shelton Street, Covent Garden, London, United Kingdom, WC2H 9JQ",,,,,,,,,1
12172,3444,SADIO S LIMITED,U BROWN LTD,"71-75 Shelton Street, Covent Garden, London, England, WC2H 9JQ","71-75 Shelton Street, Covent Garden, London, United Kingdom, WC2H 9JQ",,,,,,,,,1
12172,3775,SADIO S LIMITED,T & B ENGINEERING SOLUTIONS LTD,"71-75 Shelton Street, Covent Garden, London, England, WC2H 9JQ","71-75 Shelton Street, Covent Garden, London, United Kingdom, WC2H 9JQ",,,,,,,,,1
12172,4375,SADIO S LIMITED,H & A ENGINEERING LTD,"71-75 Shelton Street, Covent Garden, London, England, WC2H 9JQ","71-75 Shelton Street, Covent Garden, London, United Kingdom, WC2H 9JQ",,,,,,,,,1
12172,4438,SADIO S LIMITED,BEAUTY BOOSTERS LTD,"71-75 Shelton Street, Covent Garden, London, England, WC2H 9JQ","71-75 Shelton Street, Covent Garden, London, United Kingdom, WC2H 9JQ",,,,,,,,,1
12172,6594,SADIO S LIMITED,U EVENTS LIMITED,"71-75 Shelton Street, Covent Garden, London, England, WC2H 9JQ","71-75 Shelton Street, Covent Garden, London, United Kingdom, WC2H 9JQ",,,,,,,,,1
12172,7607,SADIO S LIMITED,GOOD ADVICE DEBT COMPANY LIMITED,"71-75 Shelton Street, Covent Garden, London, England, WC2H 9JQ","71-75 Shelton Street, Covent Garden, London, United Kingdom, WC2H 9JQ",,,,,,,,,1
12172,11053,SADIO S LIMITED,ALL ABOUT THE SAAS LTD,"71-75 Shelton Street, Covent Garden, London, England, WC2H 9JQ","71-75 Shelton Street, Covent Garden, London, United Kingdom, WC2H 9JQ",,,,,,,,,1
12354,4830,China Resources Pharmaceutical Group Ltd,China Resources Land Ltd,"Room 4104-05, 41f,China Resources Buldng, No. 26, Harbour Road, Wan Chai, Hong Kong","Room 4301, China Resources Building, 26 Harbour Road, Wanchai, Hong Kong",,,,,,,,,1
12526,6881,KEY WEST PROPERTY GROUP LTD,U G SALES LTD,"124 City Road, London, England, EC1V 2NX","124 City Road, London, United Kingdom, EC1V 2NX",,,,,,,,,1
12778,4188,Q DESIGN HOUSE LTD,Q DESIGN DEVELOPMENTS LTD,"22a Hill Street, Richmond, England, TW9 1TW","22a Hill Street, Richmond, United Kingdom, TW9 1TW",,,,,,,,,1
13025,3108,NEW AGE PLUMBING AND HEATING SERVICES LTD,FOOD COMPLIANT ENGINEERING LTD,"20-22 Wenlock Road, London, England, N1 7GU","20-22 Wenlock Road, London, N1 7GU",,,,,,,,,1
13096,3108,GOOD BEAGLE INTERNATIONAL LTD,FOOD COMPLIANT ENGINEERING LTD,"20-22 Wenlock Road, London, England, N1 7GU","20-22 Wenlock Road, London, N1 7GU",,,,,,,,,1
13282,1137,Google LLC,Alphabet Inc,"1600 Amphitheatre Parkway, Mountain View, California, 94043","1600 Amphitheatre Pkwy, Mountain View, California, 94043-1351",,,,,,,,,1
13786,6485,SOFTWARE SERVICE EUROPE LIMITED,BEAUTY & CARE SERVICES LIMITED,"69 Great Hampton Street, Birmingham, B18 6EW","69 Great Hampton Street, Birmingham, West Midlands, B18 6EW",,,,,,,,,1
13868,7347,GOOD & NOVEL LIMITED,SOFTWARE TECHNOLOGIES LTD,"C/O Intouch Accounting Everdene House, Deansleigh Road, Bournemouth, United Kingdom, BH7 7DU","C/O Intouch Accounting Suite 1, Second Floor, Everdene House, Deansleigh Road, Bournemouth, Dorset, England, BH7 7DU",,,,,,,,,1
14082,3108,SOFTWARE BRAIN LTD,FOOD COMPLIANT ENGINEERING LTD,"20-22 Wenlock Road, London, England, N1 7GU","20-22 Wenlock Road, London, N1 7GU",,,,,,,,,1
14336,5817,Tokyo Electron Ltd,Hakuhodo DY Holdings Inc,"Akasaka Biz Tower, 3-1, Akasaka 5-Chome, Minato-Ku, Tokyo, 107-6325","Akasaka Biz Tower, 5-3-1, Akasaka, Minato-Ku, Tokyo, 107-6320",,,,,,,,,1
14415,10598,S A DESIGN CONSULTANTS LTD,BEAUTY & CARE BOUTIQUE & SPA LIMITED,"72 Cardigan Street, Luton, Bedfordshire, United Kingdom, LU1 1RR","72 Cardigan Street, Luton, England, LU1 1RR",,,,,,,,,1
14844,8360,SOFTWARE CRAFT AND TESTING UK CIC,H A MURPHY ADMINISTRATIVE SERVICES LTD,"Union House, 111 New Union Street, Coventry, England, CV1 2NT","Union House, 111 New Union Street, Coventry, West Midlands, United Kingdom, CV1 2NT",,,,,,,,,1
15110,4958,Agora' Network Soc Cons.rl,Bolton Group Srl,"VIA GIOVANNI BATTISTA PERGOLESI 25, MILANO, 20124, MILANO, ITALY","VIA GIOVANNI BATTISTA PIRELLI 19, MILANO, 20124, MILANO, ITALY",,,,,IT13211090157,IT05983890152,,,1
15543,2371,Ducati Motor Holding Spa,Ludo Spa,"VIA ANTONIO CAVALIERI DUCATI 3, BOLOGNA, 40132, BOLOGNA, ITALY","VIA ANTONIO FOGAZZARO 28, MILANO, 20135, MILANO, ITALY",,,,,IT05113870967,IT08566460963,,,1
15937,2122,GOOD BOY GROUP LTD,H & B DRAINAGE CONTRACTORS LIMITED,"Suite 30 Cornwallis House, Howard Chase, Basildon, Essex, England, SS14 3BB","Suite 30 Cornwallis House, Howard Chase, Basildon, Essex, United Kingdom, SS14 3BB",,,,,,,,,1
15959,4665,Comet Spa,Conad Consorzio Nazionale Dettaglianti Soc Coop,"VIA MICHELINO 105, BOLOGNA, 40127, BOLOGNA, ITALY","VIA MICHELINO 59, BOLOGNA, 40127, BOLOGNA, ITALY",,,,,IT02108091204,IT03320960374,,,1
16339,7209,NEW AGE REBEL LTD,Z & Z BROTHERS IT SOLUTIONS LTD,"86-90 Paul Street, London, England, EC2A 4NE","86-90 Paul Street, London, England, United Kingdom, EC2A 4NE",,,,,,,,,1
16339,8900,NEW AGE REBEL LTD,Q AND QUAINT LIMITED,"86-90 Paul Street, London, England, EC2A 4NE","86-90 Paul Street, London, England, United Kingdom, EC2A 4NE",,,,,,,,,1
16339,10177,NEW AGE REBEL LTD,ALL ABOUT DRINKS CONSULTING SERVICES LTD,"86-90 Paul Street, London, England, EC2A 4NE","86-90 Paul Street, London, England, United Kingdom, EC2A 4NE",,,,,,,,,1
16339,12164,NEW AGE REBEL LTD,S A ELECTRICAL SOLUTIONS LTD,"86-90 Paul Street, London, England, EC2A 4NE","86-90 Paul Street, London, England, United Kingdom, EC2A 4NE",,,,,,,,,1
16343,10456,GraIncorp Ltd,Mirvac Group,"L 28 175 Liverpool St, Sydney, New South Wales, 2000","L 28 200 George St, Sydney, New South Wales, 2000",,,,Sydney,,Australia,,Oceania,1
16697,3676,Compagnie d'Entreprises CFE SA,Groupe Bruxelles Lambert SA,"Avenue Herrmann-Debroux 42, Bruxelles, 1160","Avenue Marnix 24, Bruxelles, 1000",,,,,,,,,1
16743,3108,Q BRIDGE ENTERTAINMENT LTD,FOOD COMPLIANT ENGINEERING LTD,"20-22 Wenlock Road, London, England, N1 7GU","20-22 Wenlock Road, London, N1 7GU",,,,,,,,,1
16745,10169,U.S. Bancorp,Piper Sandler Companies,"800 Nicollet Mall, Minneapolis, Minnesota, 55402-7000","800 Nicollet Mall, Suite 900, Mail Stop J09s02, Minneapolis, Minnesota, 55402",,,,,,USA,,Americas,1
16763,561,BEAUTY & MELODY KNIGHTSBRIDGE LIMITED,BEAUTY AND MELODY (ANGEL) LIMITED,"57a St. Johns Wood High Street, London, United Kingdom, NW8 7NL","57a-C St. Johns Wood High Street, London, England, NW8 7NL",,,,,,,,,1
17034,13098,ALL ABOUT CARE SOUTH WEST LIMITED,V & JJ LIMITED,"24 Cornwall Road, Dorchester, Dorset, DT1 1RX","24 Cornwall Road, Dorchester, Dorset, England, DT1 1RX",,,,,,,,,1
17151,6263,MSSR INVESTMENTS LTD,MSSR RESTAURANTS LIMITED,"Benson House Suite D, 98-104 Lombard Street, Birmingham, West Midlands, England, B12 0QR","Benson House Suite D, 98-104 Lombard Street, Birmingham, West Midlands, United Kingdom, B12 0QR",,,,,,,,,1
17212,4665,Comet Holding Spa,Conad Consorzio Nazionale Dettaglianti Soc Coop,"VIA MICHELINO 105, BOLOGNA, 40127, BOLOGNA, ITALY","VIA MICHELINO 59, BOLOGNA, 40127, BOLOGNA, ITALY",,,,,IT02406221206,IT03320960374,,,1
17293,13112,U C ENGINEERING AND CONSTRUCTION LIMITED,SOFTWARE HOUSE LIMITED,"Kemp House, 160 City Road, London, London, United Kingdom, EC1V 2NX","Kemp House, 160 City Road, London, United Kingdom, EC1V 2NX",,,,,,,,,1
17304,3108,PERGORA FINANCES INVESTMENTS LTD,FOOD COMPLIANT ENGINEERING LTD,"20-22 Wenlock Road, London, England, N1 7GU","20-22 Wenlock Road, London, N1 7GU",,,,,,,,,1
17378,3412,T A FISHER COMMERCIAL LIMITED,T. A. FISHER (REDFIELDS) LIMITED,"Theale Court 11 - 13 High Street, Theale, Reading, England, RG7 5AH","Theale Court 11 - 13 High Street, Theale, Reading, RG7 5AH",,,,,,,,,1
17429,11217,China Shenhua Energy Co Ltd,Power Construction Corporation of China,"No. 22 Xibinhe Road, Andingmen, Dongcheng District, Beijing, 100011","No. 22, Chegongzhuang West Road, Haidian Distric, Beijing, 100048",,,,,,China,,,1
17520,1105,RusHydro,Mobile Telesystems PJSC,"Moskva, Ul. Malaya Dmitrovka, Dom 7, Moscow, 127006","Moskva, Ul. Marksistskaya, D. 4, Moscow, 109147",,,,,,,,,1
17549,3108,ALL ABOUT PROPERTIES LTD,FOOD COMPLIANT ENGINEERING LTD,"20-22 Wenlock Road, London, England, N1 7GU","20-22 Wenlock Road, London, N1 7GU",,,,,,,,,1
17617,15531,SSAB AB,Autoliv Inc,"Klarabergsviadukten 70, D6, Box 70, Stockholm, 10121","Klarabergsviadukten 70, Section B7, Stockholm, 11164",,,,,Sweden,,,,1
17657,14295,Maire Tecnimont Spa,Fibercop Spa,"VIA GAETANO DE CASTILLIA 6/A, MILANO, 20124, MILANO, ITALY","VIA GAETANO NEGRI 1, MILANO, 20123, MILANO, ITALY",,,,,IT07673571001,IT11459900962,,,1
17887,16149,Poly Property Group Co Ltd,Fullshare Holdings Limited,"Room 2503, Admiralty Centre, Tower 1, 18 Harcourt Road, Hong Kong","Room 2526, 25f, Tower 1, Admiralty Centr, 18 Harcourt Road, Admiralty, Hong Kong",,,,,,,,,1
18197,4771,Q & L MANAGEMENT LTD,NEW ALLEY LIMITED,"114 Colindale Avenue Colindale, London, United Kingdom, NW9 5GX","114 Colindale Avenue, Colindale, London, United Kingdom, NW9 5GX",,,,,,,,,1
18246,17293,ALL ABOUT TIMING LTD,U C ENGINEERING AND CONSTRUCTION LIMITED,"Kemp House, 160 City Road, London, England, EC1V 2NX","Kemp House, 160 City Road, London, London, United Kingdom, EC1V 2NX",,,,,,,,,1
18350,10673,Ingram Micro Inc,Razer Inc,"Suite 100, 3351 Michelson Drive, Irvine, California, 92612","Suite 100, 9 Pasteur, Irvine, California, 92618",,,,,,,,,1
18535,6108,Furukawa Co Ltd,Furukawa Electric Co Ltd,"Tokiwabashi Tower, 2-6-4, Ote-Machi, Chiyoda-Ku, Tokyo, 100-8370","Tokiwabashi Tower, 2-6-4, Otemachi, Chiyoda-Ku, Tokyo, 100-8322",,,,,,,,,1
18882,3108,NEW AGE TOURING PRODUCTIONS LIMITED,FOOD COMPLIANT ENGINEERING LTD,"20-22 Wenlock Road, London, England, N1 7GU","20-22 Wenlock Road, London, N1 7GU",,,,,,,,,1
18882,18166,NEW AGE TOURING PRODUCTIONS LIMITED,GOOD AND BETTER LTD,"20-22 Wenlock Road, London, England, N1 7GU","20-22 Wenlock Road, London, N1 7GU",,,,,,,,,1
18894,4001,SOFTWARE DEVELOPMENTS LIMITED,S A AND SONS CONSULTANCY LTD,"Unit 2.02 High Weald House, Glovers End, Bexhill, East Sussex, England, TN39 5ES","Unit 2.02 High Weald House, Glovers Lane, Bexhill- On- Sea, United Kingdom, TN39 5ES",,,,,,,,,1
18961,9901,AmRest Holdings SE,Ebro Foods SA,"Paseo De La Castellana 163, 6 Planta, Madrid, 28046","Paseo De La Castellana Numero 20, 2 Planta, Madrid, 28046",,,,,,,,,1
19116,6883,Brembo Spa,Reti Televisive Italiane Spa,"VIALE EUROPA 2, STEZZANO, 24040, BERGAMO, ITALY","VIALE EUROPA 44/46 48, COLOGNO MONZESE, 20093, MILANO, ITALY",,,,,IT00222620163,IT03976881007,,,1
19178,6055,T ABRAHAMS GLOBAL EMPIRE LTD,BEAUTY ANCHOR AESTHETICS LIMITED,"27 Old Gloucester Street, London, England, 27 Old Gloucester Street, London, England, WC1N 3AX","27 Old Gloucester Street, London, England, WC1N 3AX",,,,,,,,,1
19178,6697,T ABRAHAMS GLOBAL EMPIRE LTD,NEW AGE LETTINGS LIMITED,"27 Old Gloucester Street, London, England, 27 Old Gloucester Street, London, England, WC1N 3AX","27 Old Gloucester Street, London, England, WC1N 3AX",,,,,,,,,1
19189,17987,Technogym Spa,Uno Holding Srl,"VIA CALCINARO 2861, CESENA, 47521, FORLI'-CESENA, ITALY","VIA CALDERA 21, MILANO, 20153, MILANO, ITALY",,,,,IT06250230965,IT09142880963,,,1
19342,10238,Aker ASA,Aker Solutions ASA,"Oksenoyveien 10, Lysaker, 1366","Oksenoyveien 8, Lysaker, 1366",,,,,,,,,1
19956,5209,PHI FINANCES INVESTMENT LTD,Z CONSULTING LTD,"PO Box 4385, 12588573: COMPANIES HOUSE DEFAULT ADDRESS, Cardiff, CF14 8LH","PO Box 4385, 13029850: COMPANIES HOUSE DEFAULT ADDRESS, Cardiff, CF14 8LH",,,,,,,,,1
20003,18855,Grand Baoxin Auto Group Ltd,China Grand Automotive Services Group Co Ltd,"No. 3998 Hongxin Road, Minhang District, Shanghai","No. 3998 Hongxin Road, Minhang District, Shanghai, 201103",,,,,,,,,1
20181,8239,Reynolds Consumer Products Inc,Pactiv Evergreen Inc,"1900 W Field Ct, Lake Forest, Illinois, 60045-4828","1900 W. Field Court, Lake Forest, Illinois, 60045",,,,,,,,,1
20246,2875,M3 Inc,SKY Perfect JSAT Holdings Inc,"Akasaka Intercity 10th floor, 1-11-44, Akasaka, Minato-Ku, Tokyo, 107-0052","Akasaka Intercity Air, 1-8-1, Akasaka, Minato-Ku, Tokyo, 107-0052",,,Tokyo,,Japan,,Asia,,1
20362,3108,FOOD AND PACKAGING WHOLESALE LTD,FOOD COMPLIANT ENGINEERING LTD,"20-22 Wenlock Road, London, England, N1 7GU","20-22 Wenlock Road, London, N1 7GU",,,,,,,,,1
20362,18166,FOOD AND PACKAGING WHOLESALE LTD,GOOD AND BETTER LTD,"20-22 Wenlock Road, London, England, N1 7GU","20-22 Wenlock Road, London, N1 7GU",,,,,,,,,1
20378,14544,Q AND H PROPERTIES (BARRY) LIMITED,T. A. D. PROPERTIES INVESTMENTS LIMITED,"7-8 Raleigh Walk Waterfront 2000, Brigantine Place, Cardiff, United Kingdom, CF10 4LN","7-8 Raleigh Walk, Waterfront 2000, Brigantine Place, Cardiff, Cardiff, CF10 4LN",,,,,,,,,1
20423,7209,FUTURE FINANCES BROKER LIMITED,Z & Z BROTHERS IT SOLUTIONS LTD,"86-90 Paul Street, London, England, EC2A 4NE","86-90 Paul Street, London, England, United Kingdom, EC2A 4NE",,,,,,,,,1
20423,8900,FUTURE FINANCES BROKER LIMITED,Q AND QUAINT LIMITED,"86-90 Paul Street, London, England, EC2A 4NE","86-90 Paul Street, London, England, United Kingdom, EC2A 4NE",,,,,,,,,1
20423,10177,FUTURE FINANCES BROKER LIMITED,ALL ABOUT DRINKS CONSULTING SERVICES LTD,"86-90 Paul Street, London, England, EC2A 4NE","86-90 Paul Street, London, England, United Kingdom, EC2A 4NE",,,,,,,,,1
20423,12164,FUTURE FINANCES BROKER LIMITED,S A ELECTRICAL SOLUTIONS LTD,"86-90 Paul Street, London, England, EC2A 4NE","86-90 Paul Street, London, England, United Kingdom, EC2A 4NE",,,,,,,,,1
20423,19788,FUTURE FINANCES BROKER LIMITED,ALL ABOUT DAMP LTD,"86-90 Paul Street, London, England, EC2A 4NE","86-90 Paul Street, London, England, United Kingdom, EC2A 4NE",,,,,,,,,1
20624,6059,Voya Financial Inc,Warner Bros. Discovery Inc,"230 Park Ave, New York, 10169","230 Park Avenue South, New York, 10003",,,,Maryland,,USA,,Americas,1
21050,4381,Whiting Holdings LLC,SM Energy Co,"1700 Lincoln Street, 1700 Broadway, Suite 2300, Denver, Colorado, 80290","1700 Lincoln Street, Suite 3200, Denver, Colorado, 80203",,,,,,,,,1
21278,5112,Z CAPITAL ASSET LTD,Z CAPITAL HOLDINGS LTD,"Ealing House, 33 Hanger Lane, London, England, W5 3HJ","Ealing House, 33, Hanger Lane, London, United Kingdom, W5 3HJ",,,,,,,,,1
21287,4498,Federico De Nora Spa,Smeg Spa,"VIA LEONARDO BISTOLFI 35, MILANO, 20134, MILANO, ITALY","VIA LEONARDO DA VINCI 4, GUASTALLA, 42016, REGGIO EMILIA, ITALY",,,,,IT06623310965,IT01555030350,,,1
21363,263,BAD VEGAN LTD,ALL ABOUT KIDS LTD,"71-75 Shelton Street, Covent Garden, London, England, WC2H 9JQ","71-75 Shelton Street, Covent Garden, London, United Kingdom, WC2H 9JQ",,,,,,,,,1
21363,3444,BAD VEGAN LTD,U BROWN LTD,"71-75 Shelton Street, Covent Garden, London, England, WC2H 9JQ","71-75 Shelton Street, Covent Garden, London, United Kingdom, WC2H 9JQ",,,,,,,,,1
21363,3775,BAD VEGAN LTD,T & B ENGINEERING SOLUTIONS LTD,"71-75 Shelton Street, Covent Garden, London, England, WC2H 9JQ","71-75 Shelton Street, Covent Garden, London, United Kingdom, WC2H 9JQ",,,,,,,,,1
21363,4375,BAD VEGAN LTD,H & A ENGINEERING LTD,"71-75 Shelton Street, Covent Garden, London, England, WC2H 9JQ","71-75 Shelton Street, Covent Garden, London, United Kingdom, WC2H 9JQ",,,,,,,,,1
21363,4438,BAD VEGAN LTD,BEAUTY BOOSTERS LTD,"71-75 Shelton Street, Covent Garden, London, England, WC2H 9JQ","71-75 Shelton Street, Covent Garden, London, United Kingdom, WC2H 9JQ",,,,,,,,,1
21363,6594,BAD VEGAN LTD,U EVENTS LIMITED,"71-75 Shelton Street, Covent Garden, London, England, WC2H 9JQ","71-75 Shelton Street, Covent Garden, London, United Kingdom, WC2H 9JQ",,,,,,,,,1
21363,7607,BAD VEGAN LTD,GOOD ADVICE DEBT COMPANY LIMITED,"71-75 Shelton Street, Covent Garden, London, England, WC2H 9JQ","71-75 Shelton Street, Covent Garden, London, United Kingdom, WC2H 9JQ",,,,,,,,,1
21363,11053,BAD VEGAN LTD,ALL ABOUT THE SAAS LTD,"71-75 Shelton Street, Covent Garden, London, England, WC2H 9JQ","71-75 Shelton Street, Covent Garden, London, United Kingdom, WC2H 9JQ",,,,,,,,,1
21363,12838,BAD VEGAN LTD,Q CONSULTING GROUP LTD,"71-75 Shelton Street, Covent Garden, London, England, WC2H 9JQ","71-75 Shelton Street, Covent Garden, London, United Kingdom, WC2H 9JQ",,,,,,,,,1
21363,15089,BAD VEGAN LTD,Q UN LIMITED,"71-75 Shelton Street, Covent Garden, London, England, WC2H 9JQ","71-75 Shelton Street, Covent Garden, London, United Kingdom, WC2H 9JQ",,,,,,,,,1
21363,18039,BAD VEGAN LTD,Z & K DISTRIBUTORS LIMITED,"71-75 Shelton Street, Covent Garden, London, England, WC2H 9JQ","71-75 Shelton Street, Covent Garden, London, United Kingdom, WC2H 9JQ",,,,,,,,,1
21363,18878,BAD VEGAN LTD,FOOD & BEVERAGE INTERNATIONAL LTD,"71-75 Shelton Street, Covent Garden, London, England, WC2H 9JQ","71-75 Shelton Street, Covent Garden, London, United Kingdom, WC2H 9JQ",,,,,,,,,1
21363,19784,BAD VEGAN LTD,S A GUARANTEE SPECIALISTS UK LIMITED,"71-75 Shelton Street, Covent Garden, London, England, WC2H 9JQ","71-75 Shelton Street, Covent Garden, London, United Kingdom, WC2H 9JQ",,,,,,,,,1
21363,19928,BAD VEGAN LTD,ALL ABOUT ME ENTERPRISES LIMITED,"71-75 Shelton Street, Covent Garden, London, England, WC2H 9JQ","71-75 Shelton Street, Covent Garden, London, United Kingdom, WC2H 9JQ",,,,,,,,,1
21470,8977,Kazakhtelecom JSC,Kazatomprom,"Rayon Esil', Ul. Sauran, 12, Astana, 010000","Rayon Yesil', Ul. Ye-10, 17/12, Astana, 010000",,,,,,,,,1
21674,7406,Onex Corp,Element Fleet Management Corp,"161 Bay Street, P O Box 700, Toronto, Ontario, M5J2S1","161 Bay Street, Suite 3600, Toronto, Ontario, M5J2S1",,,,,,,,,1
21683,167,SOFTWARE CONTRACTORS LTD,SOFTWARE CONTRACTING LTD,"2 Aire Road, Wetherby, England, LS22 7UE","2 Aire Road, Wetherby, West Yorkshire, United Kingdom, LS22 7UE",,,,,,,,,1
22076,15110,Ferretti Spa,Agora' Network Soc Cons.rl,"VIA GIOVANNI ANSALDO 7, FORLI', 47122, FORLI'-CESENA, ITALY","VIA GIOVANNI BATTISTA PERGOLESI 25, MILANO, 20124, MILANO, ITALY",,,,,IT04485970968,IT13211090157,,,1
22476,6881,ID FREIGHT LTD,U G SALES LTD,"124 City Road, London, England, EC1V 2NX","124 City Road, London, United Kingdom, EC1V 2NX",,,,,,,,,1
23018,263,U & I UN LIMITED,ALL ABOUT KIDS LTD,"71-75 Shelton Street, Covent Garden, London, England, WC2H 9JQ","71-75 Shelton Street, Covent Garden, London, United Kingdom, WC2H 9JQ",,,,,,,,,1
23018,3444,U & I UN LIMITED,U BROWN LTD,"71-75 Shelton Street, Covent Garden, London, England, WC2H 9JQ","71-75 Shelton Street, Covent Garden, London, United Kingdom, WC2H 9JQ",,,,,,,,,1
23018,3775,U & I UN LIMITED,T & B ENGINEERING SOLUTIONS LTD,"71-75 Shelton Street, Covent Garden, London, England, WC2H 9JQ","71-75 Shelton Street, Covent Garden, London, United Kingdom, WC2H 9JQ",,,,,,,,,1
23018,4375,U & I UN LIMITED,H & A ENGINEERING LTD,"71-75 Shelton Street, Covent Garden, London, England, WC2H 9JQ","71-75 Shelton Street, Covent Garden, London, United Kingdom, WC2H 9JQ",,,,,,,,,1
23018,4438,U & I UN LIMITED,BEAUTY BOOSTERS LTD,"71-75 Shelton Street, Covent Garden, London, England, WC2H 9JQ","71-75 Shelton Street, Covent Garden, London, United Kingdom, WC2H 9JQ",,,,,,,,,1
23018,6594,U & I UN LIMITED,U EVENTS LIMITED,"71-75 Shelton Street, Covent Garden, London, England, WC2H 9JQ","71-75 Shelton Street, Covent Garden, London, United Kingdom, WC2H 9JQ",,,,,,,,,1
23018,7607,U & I UN LIMITED,GOOD ADVICE DEBT COMPANY LIMITED,"71-75 Shelton Street, Covent Garden, London, England, WC2H 9JQ","71-75 Shelton Street, Covent Garden, London, United Kingdom, WC2H 9JQ",,,,,,,,,1
23018,11053,U & I UN LIMITED,ALL ABOUT THE SAAS LTD,"71-75 Shelton Street, Covent Garden, London, England, WC2H 9JQ","71-75 Shelton Street, Covent Garden, London, United Kingdom, WC2H 9JQ",,,,,,,,,1
23018,12838,U & I UN LIMITED,Q CONSULTING GROUP LTD,"71-75 Shelton Street, Covent Garden, London, England, WC2H 9JQ","71-75 Shelton Street, Covent Garden, London, United Kingdom, WC2H 9JQ",,,,,,,,,1
23018,15089,U & I UN LIMITED,Q UN LIMITED,"71-75 Shelton Street, Covent Garden, London, England, WC2H 9JQ","71-75 Shelton Street, Covent Garden, London, United Kingdom, WC2H 9JQ",,,,,,,,,1
23018,18039,U & I UN LIMITED,Z & K DISTRIBUTORS LIMITED,"71-75 Shelton Street, Covent Garden, London, England, WC2H 9JQ","71-75 Shelton Street, Covent Garden, London, United Kingdom, WC2H 9JQ",,,,,,,,,1
23018,18878,U & I UN LIMITED,FOOD & BEVERAGE INTERNATIONAL LTD,"71-75 Shelton Street, Covent Garden, London, England, WC2H 9JQ","71-75 Shelton Street, Covent Garden, London, United Kingdom, WC2H 9JQ",,,,,,,,,1
23018,19784,U & I UN LIMITED,S A GUARANTEE SPECIALISTS UK LIMITED,"71-75 Shelton Street, Covent Garden, London, England, WC2H 9JQ","71-75 Shelton Street, Covent Garden, London, United Kingdom, WC2H 9JQ",,,,,,,,,1
23018,19928,U & I UN LIMITED,ALL ABOUT ME ENTERPRISES LIMITED,"71-75 Shelton Street, Covent Garden, London, England, WC2H 9JQ","71-75 Shelton Street, Covent Garden, London, United Kingdom, WC2H 9JQ",,,,,,,,,1
23018,21691,U & I UN LIMITED,NEW AGE AGENCY AND SERVICES LIMITED,"71-75 Shelton Street, Covent Garden, London, England, WC2H 9JQ","71-75 Shelton Street, Covent Garden, London, United Kingdom, WC2H 9JQ",,,,,,,,,1
23046,3108,HAWTHORN ROSE HOMES LIMITED,FOOD COMPLIANT ENGINEERING LTD,"20-22 Wenlock Road, London, England, N1 7GU","20-22 Wenlock Road, London, N1 7GU",,,,,,,,,1
23046,18166,HAWTHORN ROSE HOMES LIMITED,GOOD AND BETTER LTD,"20-22 Wenlock Road, London, England, N1 7GU","20-22 Wenlock Road, London, N1 7GU",,,,,,,,,1
23277,20692,V & A CO (UK) LIMITED,P & A EVENTS LIMITED,"46 Nova Road, Croydon, England, CR0 2TL","46 Nova Road, London, England, CR0 2TL",,,,,,,,,1
23347,2593,GOOD ASSOCIATES LIMITED,R A GOWER GEOLOGICAL SERVICES LIMITED,"Construction House, Runwell Road, Wickford, England, SS11 7HQ","Construction House, Runwell Road, Wickford, Essex, SS11 7HQ",,,,,,,,,1
23770,6874,SOFTWARE COMPLIANCE HOLDINGS LTD,SOFTWARE COMPLIANCE LIMITED,"West Walk House, 99 Princess Road East, Leicester, England, LE1 7LF","West Walk House, 99 Princess Road East, Leicester, Leicestershire, LE1 7LF",,,,,,,,,1
23806,1098,DCP Midstream LP,The Providence Service Corporation,"6900 East Layton Avenue, Suite 900, Denver, Colorado, 80237","6900 Layton Avenue, 12th Floor, Denver, Colorado, 80237",,,,,,,,,1
23876,3108,ALL ABOUT REEL LTD,FOOD COMPLIANT ENGINEERING LTD,"20-22 Wenlock Road, London, England, N1 7GU","20-22 Wenlock Road, London, N1 7GU",,,,,,,,,1
23876,18166,ALL ABOUT REEL LTD,GOOD AND BETTER LTD,"20-22 Wenlock Road, London, England, N1 7GU","20-22 Wenlock Road, London, N1 7GU",,,,,,,,,1
24003,9823,Annaly Capital Management Inc,Fox Corp,"1211 Avenue Of The Americas, New York, 10036","1211 Avenue Of The Americas, New York, 10036-8701",,,,,,,,,1
24046,14637,FOOD ASIA LTD,H AL-SALMAN CAR HIRE LIMITED,"1 Kings Avenue, London, N21 3NA","1 Kings Avenue, London, United Kingdom, N21 3NA",,,,,,,,,1
24146,4024,GOOD BUSINESS SOLUTIONS LTD,GOOD CALL LTD,"Office 1.03 Sky Gardens 153 Wandsworth Road, London, England, SW8 2GB","Office 1.03 Sky Gardens, 153 Wandsworth Road, London, United Kingdom, SW8 2GB",,,,,,,,,1
24541,16710,V & C (SW) COMMERCIALS LIMITED,V & C (SW) PROPERTIES LIMITED,"17 Saron Close, Gorseinon, Swansea, United Kingdom, SA4 4FB","17 Saron Close, Penyrheol, Swansea, SA4 4FB",,,,,,,,,1
24702,12765,U & T LIMITED,Q CLUB ST GEORGES RD LTD,"Begbies Traynor River Court, 5 West Victoria Dock Road, Dundee, DD1 3JT","Begbies Traynor, River Court, 5, West Victoria Dock Road, Dundee, DD1 3JT",,,,,,,,,1
24779,16524,Bic Camera Inc,Taisho Pharmaceutical Holdings Co Ltd,"3-23-23, Takada, Toshima-Ku, Tokyo, 171-0022","3-24-1, Takada, Toshima-Ku, Tokyo, 170-8655",,,,,,,,,1
24946,13741,Evolution Mining Ltd,Ampol Ltd,"L 24 175 Liverpool Street, Sydney, New South Wales, 2000","L 24 2 Market St, Sydney, New South Wales, 2000",,,,,,,,,1
25719,11314,Yara Italia Spa,Openjobmetis Spa Agenzia Per Il Lavoro,"VIA BENIGNO CRESPI 57, MILANO, 20159, MILANO, ITALY","VIA BERNARDINO TELESIO 18, MILANO, 20145, MILANO, ITALY",,,,,IT11843280154,IT13343690155,,,1
25761,3108,GOOD CURRIES LTD,FOOD COMPLIANT ENGINEERING LTD,"20-22 Wenlock Road, London, England, N1 7GU","20-22 Wenlock Road, London, N1 7GU",,,,,,,,,1
25761,18166,GOOD CURRIES LTD,GOOD AND BETTER LTD,"20-22 Wenlock Road, London, England, N1 7GU","20-22 Wenlock Road, London, N1 7GU",,,,,,,,,1
26021,17617,Essity AB,SSAB AB,"Klarabergsviadukten 63, Stockholm, 11164","Klarabergsviadukten 70, D6, Box 70, Stockholm, 10121",,,,,,Sweden,,,1
26682,3067,T A FISHER (MORTIMER) LTD,T A FISHER & SONS LIMITED,"Theale Court 11-13 High Street, Theale, Reading, Berkshire, United Kingdom, RG7 5AH","Theale Court 11-13 High Street, Theale, Reading, England, RG7 5AH",,,,,,,,,1
26723,7624,Signify NV,Koninklijke Philips NV,"High Tech Campus 48, Eindhoven, 5656AE","High Tech Campus 52, Eindhoven, 5656AG",,,,,,,,,1
26784,11397,Chocoladefabriken Lindt & Sprungli AG,Schindler Holding Ltd,"Seestrasse 204, Kilchberg, 8802","Seestrasse 55, Hergiswil, 6052",,,,,,,,,1
26989,7998,FOOD DELICIOUS GROUP LTD,R A K MANAGEMENT LIMITED,"Lawrence House, 5 St Andrews Hill, Norwich, Norfolk, NR2 1AD","Lawrence House, 5 St. Andrews Hill, Norwich, Norfolk, NR2 1AD",,,,,,,,,1
26989,13370,FOOD DELICIOUS GROUP LTD,T & A DOBINSON CONSULTANCY LIMITED,"Lawrence House, 5 St Andrews Hill, Norwich, Norfolk, NR2 1AD","Lawrence House, 5 St. Andrews Hill, Norwich, Norfolk, NR2 1AD",,,,,,,,,1
27042,14642,Centauro Srl,2i Rete Gas Spa,"VIA AGOSTINO BERTANI 2, MILANO, 20154, MILANO, ITALY","VIA ALBERICO ALBRICCI 10, MILANO, 20122, MILANO, ITALY",,,,,IT11258310157,IT06724610966,,,1
27689,3108,FOOD DISCOUNTS LTD,FOOD COMPLIANT ENGINEERING LTD,"20-22 Wenlock Road, London, England, N1 7GU","20-22 Wenlock Road, London, N1 7GU",,,,,,,,,1
27689,18166,FOOD DISCOUNTS LTD,GOOD AND BETTER LTD,"20-22 Wenlock Road, London, England, N1 7GU","20-22 Wenlock Road, London, N1 7GU",,,,,,,,,1
27804,16288,H & A PROPERTIES LTD,BAD APPLE PROJECTS LTD,"Vicarage Corner House, 219 Burton Road, Derby, Derbyshire, DE23 6AE","Vicarage Corner House, 219 Burton Road, Derby, England, DE23 6AE",,,,,,,,,1
28223,25525,HU Group Holdings Inc,Olympus Corp,"Shinjuku Mitsui Bldg., 2-1-1, Nishishinjuku, Shinjuku-Ku, Tokyo, 163-0408","Shinjuku Monolith, 2-3-1, Nishi-Shinjuku, Shinjuku-Ku, Tokyo, 163-0914",,,,,,,,,1
28653,15786,Ferragamo Finanziaria Spa,Trasporti Internazionali Agenzia Marittima Savino Del Bene Spa,"VIA DEI TORNABUONI 2, FIRENZE, 50123, FIRENZE, ITALY","VIA DEL BOTTEGHINO 24/26, SCANDICCI, 50018, FIRENZE, ITALY",,,,,IT04161460482,IT05300610481,,,1
28758,12387,ALL ABOUT FLOORING LIMITED,NEW A+M HIRE LIMITED,"Wey Court West, Union Road, Farnham, Surrey, GU9 7PT","Wey Court West, Union Road, Farnham, Surrey, United Kingdom, GU9 7PT",,,,,,,,,1
28853,3423,John Bean Technologies Corp,Archer Daniels Midland Co,"Suite 4400, 70 W Madison, Chicago, Illinois, 60602","Suite 4600, 77 West Wacker Drive, Chicago, Illinois, 60601",,,,,,,,,1
28973,3776,BEAUTY BARGAINS 2020 LIMITED,U & H GROUPS LTD,"Lytchett House 13 Freeland Park, Wareham Road, Poole Dorset, England, BH16 6FA","Lytchett House 13 Freeland Park, Wareham Road, Poole, Dorset, United Kingdom, BH16 6FA",,,,,,,,,1
29183,1522,BEAUTY ADVANTAGE LTD,SOFTWARE AND NETWORK SOLUTIONS LTD.,"483 Green Lanes, London, England, N13 4BS","483 Green Lanes, London, N13 4BS",,,,,,,,,1
29271,3108,SOFTWARE DEFENCES LTD,FOOD COMPLIANT ENGINEERING LTD,"20-22 Wenlock Road, London, England, N1 7GU","20-22 Wenlock Road, London, N1 7GU",,,,,,,,,1
29271,18166,SOFTWARE DEFENCES LTD,GOOD AND BETTER LTD,"20-22 Wenlock Road, London, England, N1 7GU","20-22 Wenlock Road, London, N1 7GU",,,,,,,,,1
29377,3108,KNOWING FINANCES LTD,FOOD COMPLIANT ENGINEERING LTD,"20-22 Wenlock Road, London, England, N1 7GU","20-22 Wenlock Road, London, N1 7GU",,,,,,,,,1
29377,18166,KNOWING FINANCES LTD,GOOD AND BETTER LTD,"20-22 Wenlock Road, London, England, N1 7GU","20-22 Wenlock Road, London, N1 7GU",,,,,,,,,1
29444,5814,Maruha Nichiro Corp,IHI Corp,"Toyosu Front, 3-2-20, Toyosu, Koto-Ku, Tokyo, 135-8608","Toyosu Ihi Bldg., 3-1-1, Toyosu, Koto-Ku, Tokyo, 135-8710",,,,,,,,,1
29577,3016,R A A PARTNERSHIP LIMITED,Bunzl plc,"York House, 1 Seagrave Road, London, SW6 1RP","York House, 45 Seymour Street, London, W1H 7JT",,,,,,,,,1
29942,9726,Xiwang Special Steel Co Ltd,Xiwang Foodstuffs Co Ltd,"Xiwang Industrial Area, Zouping, Binzhou, Shanghai","Xiwang Industrial Park, Zouping County, Binzhou, Shandong , 256209",,,,,,,,,1
29953,21285,B.A.D. SONGS LIMITED,"GOOD CATCH EUROPE, LTD","24 Old Bond Street, London, United Kingdom, W1S 4AP","24 Old Queen Street, London, United Kingdom, SW1H 9HP",,,,,,,,,1
29962,29289,FINANCES SERVICES NETWORK LIMITED,HALL BUSINESS FINANCES LIMITED,"Suite B 29 Harley Street, London, England, W1G 9QR","Suite B 29 Harley Street, London, United Kingdom, W1G 9QR",,,,,,,,,1
29991,8505,U GRASS LTD,BEAUTY ABOVE (SEDGLEY) LIMITED,"Heame House 23 Bilston Street, Sedgley, Dudley, West Midlands, England, DY3 1JA","Heame House, 23 Bilston Street, Dudley, England, DY3 1JA",,,,,,,,,1
30062,24944,Edge Network Services Limited,O.r.i. Martin Holding Srl,"VIA CORSICA 10/12, BRESCIA, 25125, BRESCIA, ITALY","VIA COSIMO CANOVETTI 13, BRESCIA, 25128, BRESCIA, ITALY",,,,,IT03629490982,IT04334430982,,,1
30243,3108,BEAUTY AND NATURE STORE LTD,FOOD COMPLIANT ENGINEERING LTD,"20-22 Wenlock Road, London, England, N1 7GU","20-22 Wenlock Road, London, N1 7GU",,,,,,,,,1
30243,18166,BEAUTY AND NATURE STORE LTD,GOOD AND BETTER LTD,"20-22 Wenlock Road, London, England, N1 7GU","20-22 Wenlock Road, London, N1 7GU",,,,,,,,,1
30358,6366,V & M PROPERTIES LEICESTER LIMITED,P A FUNERALS LIMITED,"21 High View Close, Hamilton Office Park, Hamilton, Leicester, United Kingdom, LE4 9LJ","21 High View Close, Hamilton, Leicester, Leicestershire, LE4 9LJ",,,,,,,,,1
30445,3108,Z AND J GROUP LTD,FOOD COMPLIANT ENGINEERING LTD,"20-22 Wenlock Road, London, England, N1 7GU","20-22 Wenlock Road, London, N1 7GU",,,,,,,,,1
30445,18166,Z AND J GROUP LTD,GOOD AND BETTER LTD,"20-22 Wenlock Road, London, England, N1 7GU","20-22 Wenlock Road, London, N1 7GU",,,,,,,,,1
30467,3108,Q BRIDGE MUSIC LTD,FOOD COMPLIANT ENGINEERING LTD,"20-22 Wenlock Road, London, England, N1 7GU","20-22 Wenlock Road, London, N1 7GU",,,,,,,,,1
30467,18166,Q BRIDGE MUSIC LTD,GOOD AND BETTER LTD,"20-22 Wenlock Road, London, England, N1 7GU","20-22 Wenlock Road, London, N1 7GU",,,,,,,,,1
30591,10148,Ferrexpo Plc,Julius Baer,"Bahnhofstrasse 13, Baar, 6340","Bahnhofstrasse 36, Zuerich, 8001",,,,,,,,,1
30845,20734,Shimizu Corp,Yamato Holdings Co Ltd,"2-16-1, Kyobashi, Chuo-Ku, Tokyo, 104-8370","2-16-10, Ginza, Chuo-Ku, Tokyo, 104-8125",,,,,,,,,1
30850,7347,SOFTWARE CONSULTING AND DEVELOPMENT LTD,SOFTWARE TECHNOLOGIES LTD,"C/O Intouch Accounting Everdene House, Deansleigh Road, Bournemouth, United Kingdom, BH7 7DU","C/O Intouch Accounting Suite 1, Second Floor, Everdene House, Deansleigh Road, Bournemouth, Dorset, England, BH7 7DU",,,,,,,,,1
30867,18263,Biesse Spa,Gruppo Illy Spa,"VIA DELLA MECCANICA 16, PESARO, 61122, PESARO E URBINO, ITALY","VIA DELLA MERCEDE 11, ROMA, 00187, ROMA, ITALY",,,,,IT00113220412,IT05305811001,,,1
31115,13874,Legacy Srl,Ngk Spark Plug Europe Gmbh,"VIA DELLA ZECCA 2, BOLOGNA, 40121, BOLOGNA, ITALY","VIA DELLE AZALEE 15, BUCCINASCO, 20090, MILANO, ITALY",,,,,IT03829291206,IT05218860962,,,1
31288,5535,Molino Casillo Spa,Casillo Partecipazioni Spa,"VIA ANTONIO SANT'ELIA ZONA INDUSTRIALE, CORATO, 70033, BARI, ITALY","VIA ANTONIO SANT'ELIA, CORATO, 70033, BARI, ITALY",,,,,IT00252860721,IT05287570724,,,1
31311,18929,GOOD COFFEE N7 LTD,Q & E KEY SOLUTIONS LTD,"190 Billet Road, London, England, E17 5DX","190 Billet Road, London, United Kingdom, E17 5DX",,,,,,,,,1
31311,29955,GOOD COFFEE N7 LTD,GOOD COFFEE N16 LTD,"190 Billet Road, London, England, E17 5DX","190 Billet Road, London, United Kingdom, E17 5DX",,,,,,,,,1
31481,7209,GOOD AS NEW EMERGENCY CLEANING LTD,Z & Z BROTHERS IT SOLUTIONS LTD,"86-90 Paul Street, London, England, EC2A 4NE","86-90 Paul Street, London, England, United Kingdom, EC2A 4NE",,,,,,,,,1
31481,8900,GOOD AS NEW EMERGENCY CLEANING LTD,Q AND QUAINT LIMITED,"86-90 Paul Street, London, England, EC2A 4NE","86-90 Paul Street, London, England, United Kingdom, EC2A 4NE",,,,,,,,,1
31481,10177,GOOD AS NEW EMERGENCY CLEANING LTD,ALL ABOUT DRINKS CONSULTING SERVICES LTD,"86-90 Paul Street, London, England, EC2A 4NE","86-90 Paul Street, London, England, United Kingdom, EC2A 4NE",,,,,,,,,1
31481,12164,GOOD AS NEW EMERGENCY CLEANING LTD,S A ELECTRICAL SOLUTIONS LTD,"86-90 Paul Street, London, England, EC2A 4NE","86-90 Paul Street, London, England, United Kingdom, EC2A 4NE",,,,,,,,,1
31481,19788,GOOD AS NEW EMERGENCY CLEANING LTD,ALL ABOUT DAMP LTD,"86-90 Paul Street, London, England, EC2A 4NE","86-90 Paul Street, London, England, United Kingdom, EC2A 4NE",,,,,,,,,1
31481,24457,GOOD AS NEW EMERGENCY CLEANING LTD,TAFFY T LTD,"86-90 Paul Street, London, England, EC2A 4NE","86-90 Paul Street, London, England, United Kingdom, EC2A 4NE",,,,,,,,,1
31617,29704,DIXI BUILD LTD,U CREATIVE LIMITED,"3rd Floor Westfield House 60 Charter Row, Sheffield, South Yorkshire, S1 3FZ","3rd Floor Westfield House, 60 Charter Row, Sheffield, S1 3FZ",,,,,,,,,1
31804,14544,Q AND H CONSTRUCTION (BARRY) LIMITED,T. A. D. PROPERTIES INVESTMENTS LIMITED,"7-8 Raleigh Walk Waterfront 2000, Brigantine Place, Cardiff, United Kingdom, CF10 4LN","7-8 Raleigh Walk, Waterfront 2000, Brigantine Place, Cardiff, Cardiff, CF10 4LN",,,,,,,,,1
31894,3108,ALL ABOUT CLAIMS LTD,FOOD COMPLIANT ENGINEERING LTD,"20-22 Wenlock Road, London, England, N1 7GU","20-22 Wenlock Road, London, N1 7GU",,,,,,,,,1
31894,18166,ALL ABOUT CLAIMS LTD,GOOD AND BETTER LTD,"20-22 Wenlock Road, London, England, N1 7GU","20-22 Wenlock Road, London, N1 7GU",,,,,,,,,1
31961,27508,S A A PROPERTIES LIMITED,S A A DISTRIBUTION LIMITED,"3 Fieldhurst, Slough, Berkshire, United Kingdom, SL3 8PQ","3 Fieldhurst, Slough, England, SL3 8PQ",,,,,,,,,1
32040,3108,BEAUTY BOUND LTD,FOOD COMPLIANT ENGINEERING LTD,"20-22 Wenlock Road, London, England, N1 7GU","20-22 Wenlock Road, London, N1 7GU",,,,,,,,,1
32040,18166,BEAUTY BOUND LTD,GOOD AND BETTER LTD,"20-22 Wenlock Road, London, England, N1 7GU","20-22 Wenlock Road, London, N1 7GU",,,,,,,,,1
32152,21793,Jindal Steel & Power Ltd,Jindal Stainless Ltd,"Jindal Centre, 12 Bhikaiji Cama Place, New Delhi, 110066","Jindal Centre, 12, Bhikaiji Cama Place, New Delhi, 110066",,,,,,,,,1
32153,3108,BAD BOYS MAKE NOISE LTD,FOOD COMPLIANT ENGINEERING LTD,"20-22 Wenlock Road, London, England, N1 7GU","20-22 Wenlock Road, London, N1 7GU",,,,,,,,,1
32153,18166,BAD BOYS MAKE NOISE LTD,GOOD AND BETTER LTD,"20-22 Wenlock Road, London, England, N1 7GU","20-22 Wenlock Road, London, N1 7GU",,,,,,,,,1
32272,18082,Atlas Copco AB,Epiroc AB,"Sickla Industrivag 19, Nacka, 10523","Sickla Industrivag 19, Nacka, 13154",,,,,,,,,1
32436,18023,Koito Manufacturing Co Ltd,Kandenko Co Ltd,"4-8-3, Takanawa, Minato-Ku, Tokyo, 108-8711","4-8-33, Shibaura, Minato-Ku, Tokyo, 108-8533",,,,,,,,,1
32465,1971,H A MAY SERVICES LTD,H A MAY SERVICES LIMITED,"Sas Friarswood (Sas), Chipperfield Road, Kings Langley, United Kingdom, WD4 9JB","Sas House Friarswood, Chipperfield Road, Kings Langley, Hertfordshire, United Kingdom, WD4 9JB",,,,,,,,,1
32544,4498,Industrie De Nora Spa,Smeg Spa,"VIA LEONARDO BISTOLFI 35, MILANO, 20134, MILANO, ITALY","VIA LEONARDO DA VINCI 4, GUASTALLA, 42016, REGGIO EMILIA, ITALY",,,,,IT03998870962,IT01555030350,,,1
32691,20344,Royal Bank of Canada,Yamana Gold Inc,"Royal Bank Plaza 200 Bay Street, Toronto, Ontario, M5J2J5","Royal Bank Plaza, North Tower, 200 Bay Street, Suite 2200, Toronto, Ontario, M5J2J3",,,,,,,,,1
32960,20703,Sky Italia Srl,Fideuram Intesa Sanpaolo Private Banking Asset Management Societa' Di Gestione Del Risparm,"VIA MONTE PENICE 7, MILANO, 20138, MILANO, ITALY","VIA MONTEBELLO 18, MILANO, 20121, MILANO, ITALY",,,,,IT04619241005,IT01830831002,,,1
33007,8360,ALL ABOUT CONTENT LIMITED,H A MURPHY ADMINISTRATIVE SERVICES LTD,"Union House, 111 New Union Street, Coventry, England, CV1 2NT","Union House, 111 New Union Street, Coventry, West Midlands, United Kingdom, CV1 2NT",,,,,,,,,1
33007,22491,ALL ABOUT CONTENT LIMITED,R A CONSTRUCTION LIMITED,"Union House, 111 New Union Street, Coventry, England, CV1 2NT","Union House, 111 New Union Street, Coventry, West Midlands, United Kingdom, CV1 2NT",,,,,,,,,1
33031,29512,Volvo Group Italia Spa,Alrescha Investimenti Srl,"CORSO EUROPA 2, BOLTIERE, 24040, BERGAMO, ITALY","CORSO EUROPA 2, MILANO, 20122, MILANO, ITALY",,,,,IT02665600165,IT06684430967,,,1
33067,26785,The Howard Hughes Corp,Western Midstream Partners LP,"9950 Woodloch Forest Dr., Suite 1100, The Woodlands, Texas, 77380","9950 Woodloch Forest Drive, Suite 2800, The Woodlands, Texas, 77380-7046",,,,,,,,,1
33080,4001,T A DRILLING (SALES) LIMITED,S A AND SONS CONSULTANCY LTD,"Unit 2.02 High Weald House, Glovers End, Bexhill, East Sussex, England, TN39 5ES","Unit 2.02 High Weald House, Glovers Lane, Bexhill- On- Sea, United Kingdom, TN39 5ES",,,,,,,,,1
33109,17279,Boliden AB,Assa Abloy AB,"Klarabergsviadukten 90, Box 44, Stockholm, 10120","Klarabergsviadukten 90, Stockholm, 11164",,,,,,,,,1
33155,16697,Orange Belgium SA,Compagnie d'Entreprises CFE SA,"Avenue Du Bourget 3, Bruxelles, 1140","Avenue Herrmann-Debroux 42, Bruxelles, 1160",,,,,,,,,1
33286,3108,GOOD BOY TRADING LIMITED,FOOD COMPLIANT ENGINEERING LTD,"20-22 Wenlock Road, London, England, N1 7GU","20-22 Wenlock Road, London, N1 7GU",,,,,,,,,1
33286,18166,GOOD BOY TRADING LIMITED,GOOD AND BETTER LTD,"20-22 Wenlock Road, London, England, N1 7GU","20-22 Wenlock Road, London, N1 7GU",,,,,,,,,1
33428,1481,Datadog Inc,The New York Times Co,"620 Eighth Avenue, 45th Floor, New York, 10018","620 Eighth Avenue, New York, 10018",,,,,,,,,1
33574,1543,BAD LADDIE LIMITED,NEW AGE PPE LIMITED,"7 Bell Yard, London, WC2A 2JR","7 Bell Yard, The Strand, London, England, WC2A 2JR",,,,,,,,,1
33600,372,Hyundai Engineering & Construction Co Ltd,HMM Co Ltd,"Hyundai Bldg., 75, Yulgok-Ro, Jongno-Gu, Seoul, 03058","Hyundai Group Bldg., 194, Yulgok-Ro, Jongno-Gu, Seoul, 03127",,,,,,,,,1
33719,33211,U DRIVE PERFORMANCE LTD,U DRIVE PERFORMANCE GROUP LTD,"Regency House, Greenacres Road, Oldham, England, OL4 1HB","Regency House, Greenacres Road, Oldham, United Kingdom, OL4 1HB",,,,,,,,,1
33760,3108,GOOD ADVICE FOR LIVING LTD,FOOD COMPLIANT ENGINEERING LTD,"20-22 Wenlock Road, London, England, N1 7GU","20-22 Wenlock Road, London, N1 7GU",,,,,,,,,1
33760,18166,GOOD ADVICE FOR LIVING LTD,GOOD AND BETTER LTD,"20-22 Wenlock Road, London, England, N1 7GU","20-22 Wenlock Road, London, N1 7GU",,,,,,,,,1
33913,33109,Veoneer Inc,Boliden AB,"Klarabergsviadukten 70, Section C6, Box 13089, Stockholm, 10302","Klarabergsviadukten 90, Box 44, Stockholm, 10120",,,,,,,,,1
34090,23033,Covestro Srl,Prenatal Retail Group Spa Ovvero In Abbreviato Pnt Retail Gr Oup Spa O Prg Spa,"VIA DELLE INDUSTRIE 9, FILAGO, 24040, BERGAMO, ITALY","VIA DELLE PRIMULE 5, COGLIATE, 20815, MONZA E BRIANZA, ITALY",,,,,IT03599730961,IT11943650157,,,1
34222,6881,U INTERNATIONAL LIMITED,U G SALES LTD,"124 City Road, London, England, EC1V 2NX","124 City Road, London, United Kingdom, EC1V 2NX",,,,,,,,,1
34222,23305,U INTERNATIONAL LIMITED,BAD BEHAVIOUR LTD,"124 City Road, London, England, EC1V 2NX","124 City Road, London, United Kingdom, EC1V 2NX",,,,,,,,,1
34255,8360,U AND YOUR SKIN LIMITED,H A MURPHY ADMINISTRATIVE SERVICES LTD,"Union House, 111 New Union Street, Coventry, England, CV1 2NT","Union House, 111 New Union Street, Coventry, West Midlands, United Kingdom, CV1 2NT",,,,,,,,,1
34255,22491,U AND YOUR SKIN LIMITED,R A CONSTRUCTION LIMITED,"Union House, 111 New Union Street, Coventry, England, CV1 2NT","Union House, 111 New Union Street, Coventry, West Midlands, United Kingdom, CV1 2NT",,,,,,,,,1
34412,5678,Grupo Aval Acciones y Valores SA,Banco de Occidente,"Carrera 13 No. 26a - 47, Bogota","Carrera 13 No. 27-47, Bogota",,,,,,,,,1
34703,20510,Plains GP Holdings LP,Plains All American Pipeline LP,"Suite 1600, 333 Clay St, Houston, Texas, 77002","Suite 1600, 333 Clay Street, Houston, Texas, 77002",,,,,,,,,1
34747,1307,Evercore Inc,BlackRock Inc,"55 E 52nd St Fl 38, New York, 10055-0002","55 E 52nd St, New York, 10055-0002",,,,,,,,,1
34827,8184,BEAUTY & THE BEAST PUBLISHING LTD,MASTER YOUR FINANCES LIMITED,"61 Bridge Street Bridge Street, Kington, United Kingdom, HR5 3DJ","61 Bridge Street, Kington, England, HR5 3DJ",,,,,,,,,1
34924,29068,T & A BUSINESS CONSULTANTS LIMITED,GOOD BOY LTD,"Amelia House, Crescent Road, Worthing, West Sussex, BN11 1QR","Amelia House, Crescent Road, Worthing, West Sussex, England, BN11 1QR",,,,,,,,,1
34956,20534,SOFTWARE AND BUSINESS INTELLIGENCE SOLUTIONS LTD,B.A.D CONSULTANCY LTD,"Demsa Accounts, 278 Langham Road, London, England, N15 3NP","Demsa Accounts, 278 Langham Road, London, United Kingdom, N15 3NP",,,,,,,,,1
35043,263,BEAUTY AND SERENITY LTD,ALL ABOUT KIDS LTD,"71-75 Shelton Street, Covent Garden, London, England, WC2H 9JQ","71-75 Shelton Street, Covent Garden, London, United Kingdom, WC2H 9JQ",,,,,,,,,1
35043,3444,BEAUTY AND SERENITY LTD,U BROWN LTD,"71-75 Shelton Street, Covent Garden, London, England, WC2H 9JQ","71-75 Shelton Street, Covent Garden, London, United Kingdom, WC2H 9JQ",,,,,,,,,1
35043,3775,BEAUTY AND SERENITY LTD,T & B ENGINEERING SOLUTIONS LTD,"71-75 Shelton Street, Covent Garden, London, England, WC2H 9JQ","71-75 Shelton Street, Covent Garden, London, United Kingdom, WC2H 9JQ",,,,,,,,,1
35043,4375,BEAUTY AND SERENITY LTD,H & A ENGINEERING LTD,"71-75 Shelton Street, Covent Garden, London, England, WC2H 9JQ","71-75 Shelton Street, Covent Garden, London, United Kingdom, WC2H 9JQ",,,,,,,,,1
35043,4438,BEAUTY AND SERENITY LTD,BEAUTY BOOSTERS LTD,"71-75 Shelton Street, Covent Garden, London, England, WC2H 9JQ","71-75 Shelton Street, Covent Garden, London, United Kingdom, WC2H 9JQ",,,,,,,,,1
35043,6594,BEAUTY AND SERENITY LTD,U EVENTS LIMITED,"71-75 Shelton Street, Covent Garden, London, England, WC2H 9JQ","71-75 Shelton Street, Covent Garden, London, United Kingdom, WC2H 9JQ",,,,,,,,,1
35043,7607,BEAUTY AND SERENITY LTD,GOOD ADVICE DEBT COMPANY LIMITED,"71-75 Shelton Street, Covent Garden, London, England, WC2H 9JQ","71-75 Shelton Street, Covent Garden, London, United Kingdom, WC2H 9JQ",,,,,,,,,1
35043,11053,BEAUTY AND SERENITY LTD,ALL ABOUT THE SAAS LTD,"71-75 Shelton Street, Covent Garden, London, England, WC2H 9JQ","71-75 Shelton Street, Covent Garden, London, United Kingdom, WC2H 9JQ",,,,,,,,,1
35043,12838,BEAUTY AND SERENITY LTD,Q CONSULTING GROUP LTD,"71-75 Shelton Street, Covent Garden, London, England, WC2H 9JQ","71-75 Shelton Street, Covent Garden, London, United Kingdom, WC2H 9JQ",,,,,,,,,1
35043,15089,BEAUTY AND SERENITY LTD,Q UN LIMITED,"71-75 Shelton Street, Covent Garden, London, England, WC2H 9JQ","71-75 Shelton Street, Covent Garden, London, United Kingdom, WC2H 9JQ",,,,,,,,,1
35043,18039,BEAUTY AND SERENITY LTD,Z & K DISTRIBUTORS LIMITED,"71-75 Shelton Street, Covent Garden, London, England, WC2H 9JQ","71-75 Shelton Street, Covent Garden, London, United Kingdom, WC2H 9JQ",,,,,,,,,1
35043,18878,BEAUTY AND SERENITY LTD,FOOD & BEVERAGE INTERNATIONAL LTD,"71-75 Shelton Street, Covent Garden, London, England, WC2H 9JQ","71-75 Shelton Street, Covent Garden, London, United Kingdom, WC2H 9JQ",,,,,,,,,1
35043,19784,BEAUTY AND SERENITY LTD,S A GUARANTEE SPECIALISTS UK LIMITED,"71-75 Shelton Street, Covent Garden, London, England, WC2H 9JQ","71-75 Shelton Street, Covent Garden, London, United Kingdom, WC2H 9JQ",,,,,,,,,1
35043,19928,BEAUTY AND SERENITY LTD,ALL ABOUT ME ENTERPRISES LIMITED,"71-75 Shelton Street, Covent Garden, London, England, WC2H 9JQ","71-75 Shelton Street, Covent Garden, London, United Kingdom, WC2H 9JQ",,,,,,,,,1
35043,21691,BEAUTY AND SERENITY LTD,NEW AGE AGENCY AND SERVICES LIMITED,"71-75 Shelton Street, Covent Garden, London, England, WC2H 9JQ","71-75 Shelton Street, Covent Garden, London, United Kingdom, WC2H 9JQ",,,,,,,,,1
35043,25329,BEAUTY AND SERENITY LTD,NEW AGE GAMES LIMITED,"71-75 Shelton Street, Covent Garden, London, England, WC2H 9JQ","71-75 Shelton Street, Covent Garden, London, United Kingdom, WC2H 9JQ",,,,,,,,,1
35043,28246,BEAUTY AND SERENITY LTD,BEAUTY BOLD PR LTD,"71-75 Shelton Street, Covent Garden, London, England, WC2H 9JQ","71-75 Shelton Street, Covent Garden, London, United Kingdom, WC2H 9JQ",,,,,,,,,1
35062,9202,NDARA FINANCES LIMITED,V & M EVENTS LTD,"PO Box 4385, 09367374: COMPANIES HOUSE DEFAULT ADDRESS, Cardiff, CF14 8LH","PO Box 4385, 09817358: COMPANIES HOUSE DEFAULT ADDRESS, Cardiff, CF14 8LH",,,,,,,,,1
35099,33711,Sdf Spa,Same Deutz Fahr Italia Spa,"VIALE FRANCESCO CASSANI 14, TREVIGLIO, 24047, BERGAMO, ITALY","VIALE FRANCESCO CASSANI 15, TREVIGLIO, 24047, BERGAMO, ITALY",,,,,IT00215890161,IT00778780163,,,1
35148,3108,U FINANCE LTD,FOOD COMPLIANT ENGINEERING LTD,"20-22 Wenlock Road, London, England, N1 7GU","20-22 Wenlock Road, London, N1 7GU",,,,,,,,,1
35148,18166,U FINANCE LTD,GOOD AND BETTER LTD,"20-22 Wenlock Road, London, England, N1 7GU","20-22 Wenlock Road, London, N1 7GU",,,,,,,,,1
35184,15151,Idemitsu Kosan Co Ltd,Mitsui & Co Ltd,"1-2-1, Otemachi, Chiyoda-Ku, Tokyo, 100-8321","1-2-1, Otemachi, Chiyoda-Ku, Tokyo, 100-8631",,,,,,,,,1
35525,27351,Bank of America Corp,Bank of America Wealth Management,"Bank Of America Corporate Center, 100 N Tryon St, Charlotte, North Carolina, 28255","Bank Of America Corporate Center, 100 North Tryon Street, Charlotte, North Carolina, 28255",,,,,,,,,1
35621,5949,Z ADMIN SERVICES LTD,BAD BOYS CORNER UK LTD,"International House, 38 Thistle Street, Edinburgh, Scotland, EH2 1EN","International House, 64 Nile Street, London, England, N1 7SR",,,,,,,,,1
35655,26682,T A FISHER DEVELOPMENTS LIMITED,T A FISHER (MORTIMER) LTD,"Theale Court 11 - 13 High Street, Theale, Reading, RG7 5AH","Theale Court 11-13 High Street, Theale, Reading, Berkshire, United Kingdom, RG7 5AH",,,,,,,,,1
35664,18246,BAD CLOTHING LTD,ALL ABOUT TIMING LTD,"Kemp House, 152-160 City Road, London, United Kingdom, EC1V 2NX","Kemp House, 160 City Road, London, England, EC1V 2NX",,,,,,,,,1
35778,18886,"S, A & S PROPERTIES LIMITED","S, A & S LEISURE GROUP LTD","8 Craigie Park, Aberdeen, AB25 2SE","8 Craigie Park, Aberdeen, United Kingdom, AB25 2SE",,,,,,,,,1
36109,35062,FOOD & CATERING SERVICES LTD,NDARA FINANCES LIMITED,"PO Box 4385, 08738365: COMPANIES HOUSE DEFAULT ADDRESS, Cardiff, CF14 8LH","PO Box 4385, 09367374: COMPANIES HOUSE DEFAULT ADDRESS, Cardiff, CF14 8LH",,,,,,,,,1
36182,28446,Swisscom Italia Srl,Amadori Spa,"PIAZZA ADRIANO OLIVETTI 1, MILANO, 20139, MILANO, ITALY","PIAZZA BORROMEO 14, MILANO, 20123, MILANO, ITALY",,,,,IT09412871007,IT10139280969,,,1
36222,29428,Nomura Real Estate Holdings Inc,Sumitomo Realty & Development Co Ltd,"Shinjuku Nomura Bldg., 1-26-2, Nishi-Shinjuku, Shinjuku-Ku, Tokyo, 163-0566","Shinjuku Ns Bldg., 2-4-1, Nishi-Shinjuku, Shinjuku-Ku, Tokyo, 163-0820",,,,,,,,,1
36427,36009,SOFTWARE KEYS-SK LTD,HERMES CORPORATE AND FINANCES (UK) LIMITED,"71-75 Shelton Street, Covent Garden, London, United Kingdom, WC2H 9JQ","71-75 Shelton Street, Covent Garden, London, WC2H 9JQ",,,,,,,,,1
36514,6104,NDP AUTOMOTIVE LTD,V & M CONSULTING LTD,"316 Blackpool Road Fulwood, Preston, Lancashire, England, PR2 3AE","316 Blackpool Road Fulwood, Preston, Lancs, England, PR2 3AE",,,,,,,,,1
36792,22100,NEW AGE FIRM LIMITED,SOFTWARE INTEGRATION MANAGEMENT LIMITED,"PO Box 4385, 13804079 - COMPANIES HOUSE DEFAULT ADDRESS, Cardiff, CF14 8LH","PO Box 4385, 14157565: COMPANIES HOUSE DEFAULT ADDRESS, Cardiff, CF14 8LH",,,,,,,,,1
36822,20053,Lukoil Italia Srl,Servizi In Rete 2001 Srl,"VIA LEONIDA BISSOLATI 20, ROMA, 00187, ROMA, ITALY","VIA LEOPOLDO SERRA 32, ROMA, 00153, ROMA, ITALY",,,,,IT10246551005,IT09251361003,,,1
36936,22032,Bank of Ningbo Co Ltd,Hangzhou Great Star Industrial Co Ltd,"No. 345, Ningdong Road, Yinzhou District, Ningbo, Zhejiang, 315042","No. 35, Jiuhuan Road, Jianggan District, Hangzhou, Zhejiang, 310019",,,,,,,,,1
36970,36009,NIKOLIC FINANCES LTD,HERMES CORPORATE AND FINANCES (UK) LIMITED,"71-75 Shelton Street, Covent Garden, London, United Kingdom, WC2H 9JQ","71-75 Shelton Street, Covent Garden, London, WC2H 9JQ",,,,,,,,,1
37082,25678,AZ TRADING FINANCES & ECO-TECHNOLOGIES LIMITED,SPENEO TECHNOLOGIES LTD,"Suite B, 29 Harley Street, London, England, W1G 9QR","Suite B, 29 Harley Street, London, United Kingdom, W1G 9QR",,,,,,,,,1
37188,27232,V & F ESTATES (NORTHAMPTON) LIMITED,V & F ESTATES LIMITED,"Vale House, Necton, Swaffham , Norfolk, PE37 8JB","Vale House, Necton, Swaffham, Norfolk, PE37 8JB",,,,,,,,,1
37218,36009,U CHOZE LIMITED,HERMES CORPORATE AND FINANCES (UK) LIMITED,"71-75 Shelton Street, Covent Garden, London, United Kingdom, WC2H 9JQ","71-75 Shelton Street, Covent Garden, London, WC2H 9JQ",,,,,,,,,1
37220,18433,National Bank of Kuwait,Kuwait Finance House,"Abdulla Al-Ahmad Street, Safat, P.O. Box 95, Kuwait City, 13001","Abdullah Al Mubarak Street Murqab, Safat, P.O. Box 24989, 13110",,,,,Kuwait,Kuwait,,Asia,1
37281,35664,FINANCE STATION LIMITED,BAD CLOTHING LTD,"Kemp House, 152 - 160 City Road, London, England, EC1V 2NX","Kemp House, 152-160 City Road, London, United Kingdom, EC1V 2NX",,,,,,,,,1
37287,3427,Rostelecom,Surgutneftegas,"Ul. Goncharnaya, D. 30, Moscow, 115172","Ul. Grigoriya Kukuyevitskogo, 1, Korpus 1, Surgut, 628415",,,,,Russia,Russia,Europe,Europe,1
37314,9332,Heineken Italia Spa,T.c.a. Trattamenti Ceneri Auroargentifere Spa,"LOCALITA' AUTOPORTO 11, POLLEIN, 11020, AOSTA, ITALY","LOCALITA' CASTELLUCCIO 11, CAPOLONA, 52010, AREZZO, ITALY",,,,,IT00610140071,IT00279290514,,,1
37479,8208,Asahi Group Holdings Ltd,The Nisshin OilliO Group Ltd,"1-23-1, Azumabashi, Sumida-Ku, Tokyo, 130-8602","1-23-1, Shinkawa, Chuo-Ku, Tokyo, 104-8285",,,,,,,,,1
37781,32653,PetroChina Co Ltd,Datang International Power Generation Co Ltd,"No. 9, Dongzhimen North Street, Dongcheng District, Beijing, 100007","No. 9, Guangningbo Street, Xicheng District, Beijing, 100033",,,,,,,,,1
37967,27835,Emak Spa,Polynt Spa,"VIA ENRICO FERMI 4, BAGNOLO IN PIANO, 42011, REGGIO EMILIA, ITALY","VIA ENRICO FERMI 51, SCANZOROSCIATE, 24020, BERGAMO, ITALY",,,,,IT00130010358,IT04902660960,,,1
38043,4001,V & E EUROPEAN AIRCRAFT SALES LIMITED,S A AND SONS CONSULTANCY LTD,"Unit 2.02 High Weald House, Glovers End, Bexhill, East Sussex, England, TN39 5ES","Unit 2.02 High Weald House, Glovers Lane, Bexhill- On- Sea, United Kingdom, TN39 5ES",,,,,,,,,1
38154,3108,Q ADMINISTRATION LIMITED,FOOD COMPLIANT ENGINEERING LTD,"20-22 Wenlock Road, London, England, N1 7GU","20-22 Wenlock Road, London, N1 7GU",,,,,,,,,1
38154,18166,Q ADMINISTRATION LIMITED,GOOD AND BETTER LTD,"20-22 Wenlock Road, London, England, N1 7GU","20-22 Wenlock Road, London, N1 7GU",,,,,,,,,1
38197,2352,H & B BUILDERS & DECORATORS LIMITED,BEAUTY BASE (BLACKPOOL) LIMITED,"15 Olympic Court Boardmans Way, Whitehills Business Park, Blackpool, United Kingdom, FY4 5GU","15 Olympic Court, Whitehills Business Park, Blackpool, England, FY4 5GU",,,,,,,,,1
38219,11047,NEW AGE GLAZING LIMITED,BAD HAT LTD,"34 Cranley Road, Ilford, England, IG2 6AD","34 Croydon Road, Caterham, England, CR3 6QB",,,,,,,,,1
38219,12106,NEW AGE GLAZING LIMITED,BAD HAT HOLDING LTD,"34 Cranley Road, Ilford, England, IG2 6AD","34 Croydon Road, Caterham, England, CR3 6QB",,,,,,,,,1
38219,26328,NEW AGE GLAZING LIMITED,BAD HAT MEDIA LTD,"34 Cranley Road, Ilford, England, IG2 6AD","34 Croydon Road, Caterham, England, CR3 6QB",,,,,,,,,1
38219,31029,NEW AGE GLAZING LIMITED,BAD HAT SOLUTIONS LTD,"34 Cranley Road, Ilford, England, IG2 6AD","34 Croydon Road, Caterham, England, CR3 6QB",,,,,,,,,1
38237,8142,Orkla ASA,Elkem ASA,"Drammensveien 149, Oslo City, 0277","Drammensveien 169, Oslo, 0277",,,,,,,,,1
38259,6738,Shandong Linglong Tire Co Ltd,Wingtech Technology Co Ltd,"No. 777 Jinlong Road, Zhaoyuan City, Yantai, Shandong , 265406","No. 777 Yazhong Road, Nanhu District, Jiaxing, Zhejiang, 314000",,,,,,,,,1
38269,35211,Sirius XM Holdings Inc,Equitable Holdings Inc,"1290 Avenue Of The Americas Fl 11, New York, 10104-0051","1290 Avenue Of The Americas, New York, 10104-0101",,,,,,,,,1
38429,10133,Munchener Ruckversicherungs-Gesellschaft Aktiengesellschaft (Munich Re),Allianz SE,"Koeniginstrasse 107, Muenchen, 80802","Koeniginstrasse 28, Muenchen, 80802",,,,,,,,,1
38905,3108,V AND J'S SOIREES LTD,FOOD COMPLIANT ENGINEERING LTD,"20-22 Wenlock Road, London, England, N1 7GU","20-22 Wenlock Road, London, N1 7GU",,,,,,,,,1
38905,18166,V AND J'S SOIREES LTD,GOOD AND BETTER LTD,"20-22 Wenlock Road, London, England, N1 7GU","20-22 Wenlock Road, London, N1 7GU",,,,,,,,,1
38911,3917,SOFTWARE COMPETITIVENESS INTERNATIONAL LTD,BAD BUNNY MANAGEMENT LTD,"27 Old Gloucester Street, London, England, WC1N 3AX","27 Old Gloucester Street, London, United Kingdom, WC1N 3AX",,,,,,,,,1
38911,13774,SOFTWARE COMPETITIVENESS INTERNATIONAL LTD,Q & K SERVICES LTD,"27 Old Gloucester Street, London, England, WC1N 3AX","27 Old Gloucester Street, London, United Kingdom, WC1N 3AX",,,,,,,,,1
38911,13794,SOFTWARE COMPETITIVENESS INTERNATIONAL LTD,BAD ANGELS LIMITED,"27 Old Gloucester Street, London, England, WC1N 3AX","27 Old Gloucester Street, London, United Kingdom, WC1N 3AX",,,,,,,,,1
38911,16267,SOFTWARE COMPETITIVENESS INTERNATIONAL LTD,MATRIX FINANCES LTD,"27 Old Gloucester Street, London, England, WC1N 3AX","27 Old Gloucester Street, London, United Kingdom, WC1N 3AX",,,,,,,,,1
38911,18893,SOFTWARE COMPETITIVENESS INTERNATIONAL LTD,NEW ALBION REAL ESTATE LTD,"27 Old Gloucester Street, London, England, WC1N 3AX","27 Old Gloucester Street, London, United Kingdom, WC1N 3AX",,,,,,,,,1
38911,20414,SOFTWARE COMPETITIVENESS INTERNATIONAL LTD,FOOD BOOTH LIMITED,"27 Old Gloucester Street, London, England, WC1N 3AX","27 Old Gloucester Street, London, United Kingdom, WC1N 3AX",,,,,,,,,1
38911,26427,SOFTWARE COMPETITIVENESS INTERNATIONAL LTD,BAD INTENTIONS BOXING LIMITED,"27 Old Gloucester Street, London, England, WC1N 3AX","27 Old Gloucester Street, London, United Kingdom, WC1N 3AX",,,,,,,,,1
38911,29058,SOFTWARE COMPETITIVENESS INTERNATIONAL LTD,NEW AGE COACH LTD,"27 Old Gloucester Street, London, England, WC1N 3AX","27 Old Gloucester Street, London, United Kingdom, WC1N 3AX",,,,,,,,,1
38911,30959,SOFTWARE COMPETITIVENESS INTERNATIONAL LTD,JC NEW AGE ENTERTAINMENT LTD,"27 Old Gloucester Street, London, England, WC1N 3AX","27 Old Gloucester Street, London, United Kingdom, WC1N 3AX",,,,,,,,,1
38911,32692,SOFTWARE COMPETITIVENESS INTERNATIONAL LTD,NEW ALBION ENERGY LTD,"27 Old Gloucester Street, London, England, WC1N 3AX","27 Old Gloucester Street, London, United Kingdom, WC1N 3AX",,,,,,,,,1
39106,963,Gi Group Spa,Alliancebernstein (luxembourg) S.a' Rl,"PIAZZA IV NOVEMBRE 5, MILANO, 20124, MILANO, ITALY","PIAZZA IV NOVEMBRE 7, MILANO, 20124, MILANO, ITALY",,,,,IT11629770154,IT11162050964,,,1
39110,24943,SOFTWARE PROJECTS LTD,GOOD CAUSE GROUP LTD,"272 Bath Street, Glasgow, Scotland, G2 4JR","272 Bath Street, Glasgow, United Kingdom, G2 4JR",,,,,,,,,1
39260,3108,NEW AGE STORE LTD,FOOD COMPLIANT ENGINEERING LTD,"20-22 Wenlock Road, London, England, N1 7GU","20-22 Wenlock Road, London, N1 7GU",,,,,,,,,1
39260,18166,NEW AGE STORE LTD,GOOD AND BETTER LTD,"20-22 Wenlock Road, London, England, N1 7GU","20-22 Wenlock Road, London, N1 7GU",,,,,,,,,1
39344,2823,Q & M LIMITED,Q & M TRUST LIMITED,"Brent House, 382 Gloucester Road, Cheltenham, Gloucestershire, GL51 7AY","Brent House, 382 Gloucester Road, Cheltenham, Gloucestershire, United Kingdom, GL51 7AY",,,,,,,,,1
39495,4261,SOFTWARE STACK LIMITED,AYDINGTON PARTNERS LTD LTD,"PO Box 4385, 11097678: COMPANIES HOUSE DEFAULT ADDRESS, Cardiff, CF14 8LH","PO Box 4385, 11187806: COMPANIES HOUSE DEFAULT ADDRESS, Cardiff, CF14 8LH",,,,,,,,,1
39572,33441,Audacy Inc,Aramark,"2400 Market Street, 4th Floor, Philadelphia, Pennsylvania, 19103","2400 Market Street, Philadelphia, Pennsylvania, 19103",,,,Pennsylvania,,USA,,Americas,1
39767,29643,F2i Er 1 Spa,Dompe' Holdings Srl,"VIA SAN PROTASO 5, MILANO, 20121, MILANO, ITALY","VIA SANTA LUCIA 6, MILANO, 20122, MILANO, ITALY",,,,,IT08731340967,IT08435560969,,,1
40254,39495,U I CONSULTANCY PRIVATE LIMITED,SOFTWARE STACK LIMITED,"PO Box 4385, 10660298: COMPANIES HOUSE DEFAULT ADDRESS, Cardiff, CF14 8LH","PO Box 4385, 11097678: COMPANIES HOUSE DEFAULT ADDRESS, Cardiff, CF14 8LH",,,,,,,,,1
40385,1745,Cura Gas & Power Spa,C.u.ra. Consorzio Utilities Ravenna Soc Cons Arl,"VIA GRANAROLO 175/2, FAENZA, 48018, RAVENNA, ITALY","VIA GRANAROLO 175/3, FAENZA, 48018, RAVENNA, ITALY",,,,,IT07670380968,IT02019950399,,,1
40395,239,SOFTWARE RIGHT LTD,SOFTWARE ANTELOPE LTD,"W8a Knoll Business Centre, 325-327 Old Shoreham Road, Hove, England, BN3 7GS","W8a Knoll Business Centre, 325-327 Old Shoreham Road, Hove, United Kingdom, BN3 7GS",,,,,,,,,1
40395,39095,SOFTWARE RIGHT LTD,FOOD CAREERS LIMITED,"W8a Knoll Business Centre, 325-327 Old Shoreham Road, Hove, England, BN3 7GS","W8a Knoll Business Centre, 325-327 Old Shoreham Road, Hove, United Kingdom, BN3 7GS",,,,,,,,,1
40440,23166,GOOD CARE BUSINESS SUPPORT LIMITED,GOOD CARE VETERINARY SERVICES LIMITED,"21 Orchard Avenue, Southgate, London, N14 4NB","21 Orchard Avenue, Southgate, London, United Kingdom, N14 4NB",,,,,,,,,1
40556,6874,SOFTWARE COMPLIANCE PROPERTIES LTD,SOFTWARE COMPLIANCE LIMITED,"West Walk House, 99 Princess Road East, Leicester, England, LE1 7LF","West Walk House, 99 Princess Road East, Leicester, Leicestershire, LE1 7LF",,,,,,,,,1
40925,39406,R. ADAMS & SONS HOLDINGS LTD,R. ADAMS & SONS LTD,"The Timber Yard Liveridge Hill, Stratford Road, Henley In Arden, Solihull, West Midlands, United Kingdom, B95 5QS","The Timber Yard, Liveridge Hill Stratford Road, Henley In Arden Solihull, West Midlands, B95 5QS",,,,,,,,,1
41035,1327,T & B CONSULTING LIMITED,P A FENCING LIMITED,"30-31 St James Place Mangotsfield, Bristol, United Kingdom, BS16 9JB","30-31 St James Place, Mangotsfield, Bristol, BS16 9JB",,,,,,,,,1
41076,3108,ALL ABOUT CLADDING LTD,FOOD COMPLIANT ENGINEERING LTD,"20-22 Wenlock Road, London, England, N1 7GU","20-22 Wenlock Road, London, N1 7GU",,,,,,,,,1
41076,18166,ALL ABOUT CLADDING LTD,GOOD AND BETTER LTD,"20-22 Wenlock Road, London, England, N1 7GU","20-22 Wenlock Road, London, N1 7GU",,,,,,,,,1
41442,32943,Radicifin Sapa,Elecnor Sa,"VIA GIUSEPPE VERDI 11, BERGAMO, 24121, BERGAMO, ITALY","VIA GIUSEPPE VERDI 6, SAN PIETRO MOSEZZO, 28060, NOVARA, ITALY",,,,,IT01612320166,IT07111850967,,,1
41467,40640,Arcelormittal Commercial Italy Srl,Fin.fer. Spa,"ZONA INDUSTRIALE SNC, LUOGOSANO, 83040, AVELLINO, ITALY","ZONA INDUSTRIALE SNC, OSOPPO, 33010, UDINE, ITALY",,,,,IT00947260154,IT00490250305,,,1
41491,3647,Bayer AG,Covestro AG,"Kaiser-Wilhelm-Allee 1, Leverkusen, Nordrhein-Westfalen, 51368","Kaiser-Wilhelm-Allee 60, Leverkusen, 51373",,,,,,,,,1
41500,34955,BAD HABITS LONDON LTD,V & K PROPERTIES LIMITED,"Leytonstone House, 3 Hanbury Drive, Leytonstone, London, England, E11 1GA","Leytonstone House, Leytonstone, London, E11 1GA",,,,,,,,,1
42124,12470,ALL ABOUT SHAREPOINT LTD,BAD PLANET LIMITED,"Optionis House 840 Ibis Court, Centre Park, Warrington, England, WA1 1RL","Optionis House, 840 Ibis Court, Centre Park, Warrington, Cheshire, England, WA1 1RL",,,,,,,,,1
42263,33273,Fratelli Arena Srl,Sg Spa,"CONTRADA MILOCCA SNC, ASSORO, 94010, ENNA, ITALY","CONTRADA PARASACCHIELLO SNC, MELFI, 85025, POTENZA, ITALY",,,,,IT00097560866,IT01674180763,,,1
42436,29171,G.ecol. Cables Srl,Gruppo Arena Spa,"VIA GIUSEPPE BOVINI 43, RAVENNA, 48123, RAVENNA, ITALY","VIA GIUSEPPE MAZZINI 36, VALGUARNERA CAROPEPE, 94019, ENNA, ITALY",,,,,IT01219170394,IT01213020868,,,1
42479,41396,Choice Properties Real Estate Investment Trust,George Weston Ltd,"22 St. Clair Avenue East, Suite 500, Toronto, Ontario, M4T2S5","22 St. Clair Avenue East, Toronto, Ontario, M4T2S7",,,,,Canada,,Americas,,1
42598,11915,Tabcorp Holdings Ltd,Transurban Group,"Twr 2, Collins Square, L 21 727 Collins St, Melbourne, Victoria, 3008","Twr One, L 23 727 Collins St, Melbourne, Victoria, 3008",,,,Melbourne,,Australia,,Oceania,1
42602,28878,Z & S (BRIGHTON) LTD,Z & S HOLDINGS LTD,"Demar House 14 Church Road, East Wittering, Chichester, West Sussex, England, PO20 8PS","Demar House 14 Church Road, East Wittering, Chichester, West Sussex, United Kingdom, PO20 8PS",,,,,,,,,1
42709,3108,Z AUDIO DIGITAL LTD,FOOD COMPLIANT ENGINEERING LTD,"20-22 Wenlock Road, London, England, N1 7GU","20-22 Wenlock Road, London, N1 7GU",,,,,,,,,1
42709,18166,Z AUDIO DIGITAL LTD,GOOD AND BETTER LTD,"20-22 Wenlock Road, London, England, N1 7GU","20-22 Wenlock Road, London, N1 7GU",,,,,,,,,1
42833,17522,Amazon.com Inc,Amazon Web Services Inc,"410 Terry Avenue North, Seattle, Washington, 98109","410 Terry Avenue North, Seattle, Washington, 98109-5210",,,,,,,,,1
42952,31635,Sika AG,Partners Group Holding AG,"Zugerstrasse 50, Baar, 6340","Zugerstrasse 57, Baar, 6341",,,,,,,,,1
42960,35514,Banco de Credito e Inversiones SA,Empresas Copec SA,"Av. El Golf 125, Las Condes","Av. El Golf 150 Piso 17, Las Condes",,,,,,,,,1
43242,3108,SOFTWARE SHIFT LTD,FOOD COMPLIANT ENGINEERING LTD,"20-22 Wenlock Road, London, England, N1 7GU","20-22 Wenlock Road, London, N1 7GU",,,,,,,,,1
43242,18166,SOFTWARE SHIFT LTD,GOOD AND BETTER LTD,"20-22 Wenlock Road, London, England, N1 7GU","20-22 Wenlock Road, London, N1 7GU",,,,,,,,,1
43269,3108,SOFTWARE HATCH LTD,FOOD COMPLIANT ENGINEERING LTD,"20-22 Wenlock Road, London, England, N1 7GU","20-22 Wenlock Road, London, N1 7GU",,,,,,,,,1
43269,18166,SOFTWARE HATCH LTD,GOOD AND BETTER LTD,"20-22 Wenlock Road, London, England, N1 7GU","20-22 Wenlock Road, London, N1 7GU",,,,,,,,,1
43275,15132,Rizzoli Corriere Della Sera Mediagroup Spa,Cnp Vita Assicura Spa,"VIA ANGELO RIZZOLI 8, MILANO, 20132, MILANO, ITALY","VIA ANGELO SCARSELLINI 14, MILANO, 20161, MILANO, ITALY",,,,,IT12086540155,IT09269930153,,,1
43275,28611,Rizzoli Corriere Della Sera Mediagroup Spa,Cnp Vita Assicurazione Spa,"VIA ANGELO RIZZOLI 8, MILANO, 20132, MILANO, ITALY","VIA ANGELO SCARSELLINI 14, MILANO, 20161, MILANO, ITALY",,,,,IT12086540155,IT10210040159,,,1
43442,32812,Mapei Spa,Terna Rete Elettrica Nazionale Spa,"VIALE EDOARDO JENNER 4, MILANO, 20159, MILANO, ITALY","VIALE EGIDIO GALBANI 70, ROMA, 00156, ROMA, ITALY",,,,,IT01649960158,IT05779661007,,,1
43577,39292,Enel Distribucion Chile SA,Enel Generacion Chile SA,"Santa Rosa 76 Piso 2, Santiago","Santa Rosa 76, Santiago, 833-0099",,,,,,,,,1
43678,3108,SOFTWARE SOLUTIONS MANAGEMENT LTD,FOOD COMPLIANT ENGINEERING LTD,"20-22 Wenlock Road, London, England, N1 7GU","20-22 Wenlock Road, London, N1 7GU",,,,,,,,,1
43678,18166,SOFTWARE SOLUTIONS MANAGEMENT LTD,GOOD AND BETTER LTD,"20-22 Wenlock Road, London, England, N1 7GU","20-22 Wenlock Road, London, N1 7GU",,,,,,,,,1
43827,28878,Z & S (HOVE) LIMITED,Z & S HOLDINGS LTD,"Demar House 14 Church Road, East Wittering, Chichester, West Sussex, England, PO20 8PS","Demar House 14 Church Road, East Wittering, Chichester, West Sussex, United Kingdom, PO20 8PS",,,,,,,,,1
43855,42274,NEW AGE CONSULTING VIGH LIMITED,T & A CONSTRUCTION AND MAINTENANCE LTD,"The Town Hall 83 Burnley Road, Padiham, Burnley, Lancashire, BB12 8BS","The Town Hall Burnley Road, Padiham, Burnley, Lancashire, BB12 8BS",,,,,,,,,1
43880,263,NEW ABILITIES PROPERTY MANAGEMENT LTD,ALL ABOUT KIDS LTD,"71-75 Shelton Street, Covent Garden, London, England, WC2H 9JQ","71-75 Shelton Street, Covent Garden, London, United Kingdom, WC2H 9JQ",,,,,,,,,1
43880,3444,NEW ABILITIES PROPERTY MANAGEMENT LTD,U BROWN LTD,"71-75 Shelton Street, Covent Garden, London, England, WC2H 9JQ","71-75 Shelton Street, Covent Garden, London, United Kingdom, WC2H 9JQ",,,,,,,,,1
43880,3775,NEW ABILITIES PROPERTY MANAGEMENT LTD,T & B ENGINEERING SOLUTIONS LTD,"71-75 Shelton Street, Covent Garden, London, England, WC2H 9JQ","71-75 Shelton Street, Covent Garden, London, United Kingdom, WC2H 9JQ",,,,,,,,,1
43880,4375,NEW ABILITIES PROPERTY MANAGEMENT LTD,H & A ENGINEERING LTD,"71-75 Shelton Street, Covent Garden, London, England, WC2H 9JQ","71-75 Shelton Street, Covent Garden, London, United Kingdom, WC2H 9JQ",,,,,,,,,1
43880,4438,NEW ABILITIES PROPERTY MANAGEMENT LTD,BEAUTY BOOSTERS LTD,"71-75 Shelton Street, Covent Garden, London, England, WC2H 9JQ","71-75 Shelton Street, Covent Garden, London, United Kingdom, WC2H 9JQ",,,,,,,,,1
43880,6594,NEW ABILITIES PROPERTY MANAGEMENT LTD,U EVENTS LIMITED,"71-75 Shelton Street, Covent Garden, London, England, WC2H 9JQ","71-75 Shelton Street, Covent Garden, London, United Kingdom, WC2H 9JQ",,,,,,,,,1
43880,7607,NEW ABILITIES PROPERTY MANAGEMENT LTD,GOOD ADVICE DEBT COMPANY LIMITED,"71-75 Shelton Street, Covent Garden, London, England, WC2H 9JQ","71-75 Shelton Street, Covent Garden, London, United Kingdom, WC2H 9JQ",,,,,,,,,1
43880,11053,NEW ABILITIES PROPERTY MANAGEMENT LTD,ALL ABOUT THE SAAS LTD,"71-75 Shelton Street, Covent Garden, London, England, WC2H 9JQ","71-75 Shelton Street, Covent Garden, London, United Kingdom, WC2H 9JQ",,,,,,,,,1
43880,12838,NEW ABILITIES PROPERTY MANAGEMENT LTD,Q CONSULTING GROUP LTD,"71-75 Shelton Street, Covent Garden, London, England, WC2H 9JQ","71-75 Shelton Street, Covent Garden, London, United Kingdom, WC2H 9JQ",,,,,,,,,1
43880,15089,NEW ABILITIES PROPERTY MANAGEMENT LTD,Q UN LIMITED,"71-75 Shelton Street, Covent Garden, London, England, WC2H 9JQ","71-75 Shelton Street, Covent Garden, London, United Kingdom, WC2H 9JQ",,,,,,,,,1
43880,18039,NEW ABILITIES PROPERTY MANAGEMENT LTD,Z & K DISTRIBUTORS LIMITED,"71-75 Shelton Street, Covent Garden, London, England, WC2H 9JQ","71-75 Shelton Street, Covent Garden, London, United Kingdom, WC2H 9JQ",,,,,,,,,1
43880,18878,NEW ABILITIES PROPERTY MANAGEMENT LTD,FOOD & BEVERAGE INTERNATIONAL LTD,"71-75 Shelton Street, Covent Garden, London, England, WC2H 9JQ","71-75 Shelton Street, Covent Garden, London, United Kingdom, WC2H 9JQ",,,,,,,,,1
43880,19784,NEW ABILITIES PROPERTY MANAGEMENT LTD,S A GUARANTEE SPECIALISTS UK LIMITED,"71-75 Shelton Street, Covent Garden, London, England, WC2H 9JQ","71-75 Shelton Street, Covent Garden, London, United Kingdom, WC2H 9JQ",,,,,,,,,1
43880,19928,NEW ABILITIES PROPERTY MANAGEMENT LTD,ALL ABOUT ME ENTERPRISES LIMITED,"71-75 Shelton Street, Covent Garden, London, England, WC2H 9JQ","71-75 Shelton Street, Covent Garden, London, United Kingdom, WC2H 9JQ",,,,,,,,,1
43880,21691,NEW ABILITIES PROPERTY MANAGEMENT LTD,NEW AGE AGENCY AND SERVICES LIMITED,"71-75 Shelton Street, Covent Garden, London, England, WC2H 9JQ","71-75 Shelton Street, Covent Garden, London, United Kingdom, WC2H 9JQ",,,,,,,,,1
43880,25329,NEW ABILITIES PROPERTY MANAGEMENT LTD,NEW AGE GAMES LIMITED,"71-75 Shelton Street, Covent Garden, London, England, WC2H 9JQ","71-75 Shelton Street, Covent Garden, London, United Kingdom, WC2H 9JQ",,,,,,,,,1
43880,28246,NEW ABILITIES PROPERTY MANAGEMENT LTD,BEAUTY BOLD PR LTD,"71-75 Shelton Street, Covent Garden, London, England, WC2H 9JQ","71-75 Shelton Street, Covent Garden, London, United Kingdom, WC2H 9JQ",,,,,,,,,1
43880,35542,NEW ABILITIES PROPERTY MANAGEMENT LTD,BEAUTY BLOCKS LTD,"71-75 Shelton Street, Covent Garden, London, England, WC2H 9JQ","71-75 Shelton Street, Covent Garden, London, United Kingdom, WC2H 9JQ",,,,,,,,,1
43880,36427,NEW ABILITIES PROPERTY MANAGEMENT LTD,SOFTWARE KEYS-SK LTD,"71-75 Shelton Street, Covent Garden, London, England, WC2H 9JQ","71-75 Shelton Street, Covent Garden, London, United Kingdom, WC2H 9JQ",,,,,,,,,1
43880,36970,NEW ABILITIES PROPERTY MANAGEMENT LTD,NIKOLIC FINANCES LTD,"71-75 Shelton Street, Covent Garden, London, England, WC2H 9JQ","71-75 Shelton Street, Covent Garden, London, United Kingdom, WC2H 9JQ",,,,,,,,,1
43880,37218,NEW ABILITIES PROPERTY MANAGEMENT LTD,U CHOZE LIMITED,"71-75 Shelton Street, Covent Garden, London, England, WC2H 9JQ","71-75 Shelton Street, Covent Garden, London, United Kingdom, WC2H 9JQ",,,,,,,,,1
43921,14544,Q AND H NAILS LIMITED,T. A. D. PROPERTIES INVESTMENTS LIMITED,"7-8 Raleigh Walk Waterfront 2000, Brigantine Place, Cardiff, United Kingdom, CF10 4LN","7-8 Raleigh Walk, Waterfront 2000, Brigantine Place, Cardiff, Cardiff, CF10 4LN",,,,,,,,,1
43937,859,Finmeg Srl,Pluto (italia) Spa,"PIAZZA DELLA REPUBBLICA 28, MILANO, 20124, MILANO, ITALY","PIAZZA DELLA REPUBBLICA 32, MILANO, 20124, MILANO, ITALY",,,,,IT05951430965,IT10286850960,,,1
43937,38495,Finmeg Srl,Snaitech Spa,"PIAZZA DELLA REPUBBLICA 28, MILANO, 20124, MILANO, ITALY","PIAZZA DELLA REPUBBLICA 32, MILANO, 20124, MILANO, ITALY",,,,,IT05951430965,IT01729640464,,,1
43995,39610,Mercado Libre Inc,Arcos Dorados Holdings Inc.,"Dr. Luis Bonavita 1294 Of. 1733 Tower Ii, Montevideo, 11300","Dr. Luis Bonavita 1294, Office 501, Wtc Free Zone, Montevideo, 11300",,,,,,,,,1
43998,39413,Phillips 66,Phillips 66 Partners LP,"2331 Citywest Blvd., Houston, Texas, 77042","2331 Citywest Boulevard, Houston, Texas, 77042",,,Texas,,USA,,Americas,,1
44031,24973,ALL ABOUT ME FULL STOP LONDON CIC,"""ALL ABOUT ME"" FULL STOP LIMITED","16 Broadway Avenue, Croydon, England, CR0 2LP","16 Broadway Avenue, Croydon, England, England, CR0 2LP",,,,,,,,,1
44139,26858,Morgan Stanley Wealth Management,Morgan Stanley,"1585 Broadway, New York City, 10036","1585 Broadway, New York, 10036-8200",,,,New York,,USA,,Americas,1
44232,22077,New Hope Corp Ltd,Bank of Queensland Ltd,"Level 16, 175 Eagle Street, Brisbane, Queensland, 4000","Level 17, 259 Queen Street, Brisbane, Queensland, 4000",,,,,,,,,1
44264,10084,Arca Vita Spa,Salini Costruttori Spa,"VIA DEL FANTE 21, VERONA, 37122, VERONA, ITALY","VIA DEL LAURO 3, MILANO, 20121, MILANO, ITALY",,,,,IT01947090237,IT00892101007,,,1
44310,36009,NEW AGES TECHNOLOGIES LTD,HERMES CORPORATE AND FINANCES (UK) LIMITED,"71-75 Shelton Street, Covent Garden, London, United Kingdom, WC2H 9JQ","71-75 Shelton Street, Covent Garden, London, WC2H 9JQ",,,,,,,,,1
44462,27982,Minera Valparaiso SA,Sonda SA,"Teatinos 220, Piso 7, Santiago","Teatinos 500, Santiago",,,,,,,,,1
44465,24961,Sumitomo Mitsui Financial Group Inc,ENEOS Holdings Inc,"1-1-2, Marunouchi, Chiyoda-Ku, Tokyo, 100-0005","1-1-2, Ote-Machi, Chiyoda-Ku, Tokyo, 100-8162",,,,,,,,,1
44568,4001,BEAUTY AT THE VINERY LIMITED,S A AND SONS CONSULTANCY LTD,"Unit 2.02 High Weald House, Glovers End, Bexhill, East Sussex, England, TN39 5ES","Unit 2.02 High Weald House, Glovers Lane, Bexhill- On- Sea, United Kingdom, TN39 5ES",,,,,,,,,1
44582,1278,Gruppo Unicomm Spa,Volvo Car Italia Spa,"VIA ENRICO MATTEI 50, DUEVILLE, 36031, VICENZA, ITALY","VIA ENRICO MATTEI 66, BOLOGNA, 40138, BOLOGNA, ITALY",,,,,IT00169710241,IT00326610375,,,1
44608,19856,Adani Ports and Special Economic Zone Ltd,Adani Transmission Ltd,"Adani Corporate House, , Shantigram, S G Highway, Ahmedabad, 382421","Adani Corporate House, Shantigram, S G Highway, Ahmedabad, 382421",,,,,,,,,1
44660,19106,Ibm Italia Spa,Bulgari Gioielli Spa,"CIRCONVALLAZIONE IDROSCALO SNC, SEGRATE, 20054, MILANO, ITALY","CIRCONVALLAZIONE OVEST 3 A ZONA CO.IN.OR., VALENZA, 15048, ALESSANDRIA, ITALY",,,,,IT10914660153,IT00483050068,,,1
45093,6485,FOOD & BEVERAGE TRADEMARKETING LIMITED,BEAUTY & CARE SERVICES LIMITED,"69 Great Hampton Street, Birmingham, B18 6EW","69 Great Hampton Street, Birmingham, West Midlands, B18 6EW",,,,,,,,,1
45113,32461,BAD MONKEY EXPRESS LTD,SOFTWARE FOCUS INTERNATIONAL LTD,"92 Friern Gardens, Wickford, Essex, SS12 0HD","92 Friern Gardens, Wickford, Essex, United Kingdom, SS12 0HD",,,,,,,,,1
45171,5950,Z BELTING LIMITED,R A HUNTER LIMITED,"320 Firecrest Court Centre Park, Warrington, Cheshire, United Kingdom, WA1 1RG","320 Firecrest Court Centre Park, Warrington, United Kingdom, WA1 1RG",,,,,,,,,1
45171,15657,Z BELTING LIMITED,R A BALDOCK LIMITED,"320 Firecrest Court Centre Park, Warrington, Cheshire, United Kingdom, WA1 1RG","320 Firecrest Court Centre Park, Warrington, United Kingdom, WA1 1RG",,,,,,,,,1
45171,19028,Z BELTING LIMITED,V & M ENGINEERING LIMITED,"320 Firecrest Court Centre Park, Warrington, Cheshire, United Kingdom, WA1 1RG","320 Firecrest Court Centre Park, Warrington, United Kingdom, WA1 1RG",,,,,,,,,1
45171,27755,Z BELTING LIMITED,S A HOMOLOGATION CONSULTANTS LIMITED,"320 Firecrest Court Centre Park, Warrington, Cheshire, United Kingdom, WA1 1RG","320 Firecrest Court Centre Park, Warrington, United Kingdom, WA1 1RG",,,,,,,,,1
45171,32985,Z BELTING LIMITED,R ALLAN AND SONS DOMESTIC AND COMMERCIAL SERVICES LTD,"320 Firecrest Court Centre Park, Warrington, Cheshire, United Kingdom, WA1 1RG","320 Firecrest Court Centre Park, Warrington, United Kingdom, WA1 1RG",,,,,,,,,1
45171,38836,Z BELTING LIMITED,Z CAD SOLUTIONS LIMITED,"320 Firecrest Court Centre Park, Warrington, Cheshire, United Kingdom, WA1 1RG","320 Firecrest Court Centre Park, Warrington, United Kingdom, WA1 1RG",,,,,,,,,1
45171,39092,Z BELTING LIMITED,P A B MANAGEMENT LIMITED,"320 Firecrest Court Centre Park, Warrington, Cheshire, United Kingdom, WA1 1RG","320 Firecrest Court Centre Park, Warrington, United Kingdom, WA1 1RG",,,,,,,,,1
45235,35277,SPX Flow Inc,Dentsply Sirona Inc,"13320 Ballantyne Corporate Pl, Charlotte, North Carolina, 28277-3607","13320 Ballantyne Corporate Place, Charlotte, North Carolina, 28277",,,,,,,,,1
45266,24943,SOFTWARE FOR HEALTHCARE LIMITED,GOOD CAUSE GROUP LTD,"272 Bath Street, Glasgow, Scotland, G2 4JR","272 Bath Street, Glasgow, United Kingdom, G2 4JR",,,,,,,,,1
45272,8147,NEW ADVERTISING SERVICES LTD,GOOD AND DESIGN LTD,"71-75 Shelton Street, London, England, WC2H 9JQ","71-75 Shelton Street, London, Greater London, United Kingdom, WC2H 9JQ",,,,,,,,,1
45272,10513,NEW ADVERTISING SERVICES LTD,Z EDUCATIONAL CONSULTANCY LTD,"71-75 Shelton Street, London, England, WC2H 9JQ","71-75 Shelton Street, London, Greater London, United Kingdom, WC2H 9JQ",,,,,,,,,1
45272,11229,NEW ADVERTISING SERVICES LTD,Z A SIGNATURE LTD,"71-75 Shelton Street, London, England, WC2H 9JQ","71-75 Shelton Street, London, Greater London, United Kingdom, WC2H 9JQ",,,,,,,,,1
45272,14429,NEW ADVERTISING SERVICES LTD,T A BUSINESS EUROPEAN LTD,"71-75 Shelton Street, London, England, WC2H 9JQ","71-75 Shelton Street, London, Greater London, United Kingdom, WC2H 9JQ",,,,,,,,,1
45272,16822,NEW ADVERTISING SERVICES LTD,GOOD CHOICE BUILDERS LTD,"71-75 Shelton Street, London, England, WC2H 9JQ","71-75 Shelton Street, London, Greater London, United Kingdom, WC2H 9JQ",,,,,,,,,1
45272,17344,NEW ADVERTISING SERVICES LTD,BEAUTY & GRACE LIMITED,"71-75 Shelton Street, London, England, WC2H 9JQ","71-75 Shelton Street, London, Greater London, United Kingdom, WC2H 9JQ",,,,,,,,,1
45272,18677,NEW ADVERTISING SERVICES LTD,GOOD CHOICE ZR LTD,"71-75 Shelton Street, London, England, WC2H 9JQ","71-75 Shelton Street, London, Greater London, United Kingdom, WC2H 9JQ",,,,,,,,,1
45272,24272,NEW ADVERTISING SERVICES LTD,SOFTWARE NEWS LTD,"71-75 Shelton Street, London, England, WC2H 9JQ","71-75 Shelton Street, London, Greater London, United Kingdom, WC2H 9JQ",,,,,,,,,1
45272,30170,NEW ADVERTISING SERVICES LTD,ALL ABOUT LTD,"71-75 Shelton Street, London, England, WC2H 9JQ","71-75 Shelton Street, London, Greater London, United Kingdom, WC2H 9JQ",,,,,,,,,1
45272,31395,NEW ADVERTISING SERVICES LTD,BEAUTY BLOOMER LIMITED,"71-75 Shelton Street, London, England, WC2H 9JQ","71-75 Shelton Street, London, Greater London, United Kingdom, WC2H 9JQ",,,,,,,,,1
45272,33912,NEW ADVERTISING SERVICES LTD,ALL ABOUT APPS LTD,"71-75 Shelton Street, London, England, WC2H 9JQ","71-75 Shelton Street, London, Greater London, United Kingdom, WC2H 9JQ",,,,,,,,,1
45272,40139,NEW ADVERTISING SERVICES LTD,U ARCHITECTS LIMITED,"71-75 Shelton Street, London, England, WC2H 9JQ","71-75 Shelton Street, London, Greater London, United Kingdom, WC2H 9JQ",,,,,,,,,1
45272,41607,NEW ADVERTISING SERVICES LTD,ALL ABOUT THE BENJAMINS LTD,"71-75 Shelton Street, London, England, WC2H 9JQ","71-75 Shelton Street, London, Greater London, United Kingdom, WC2H 9JQ",,,,,,,,,1
45589,12491,BAD VEGAN CAMDEN LIMITED,ALL ABOUT YOU COUNSELLING AND PSYCHOTHERAPY LTD,"Suite 18 Ealing House, 33 Hanger Lane, London, County (Optional), United Kingdom, W5 3HJ","Suite 18 Ealing House, 33 Hanger Lane, London, W5 3HJ",,,,,,,,,1
45714,40722,The Wharf (Holdings) Ltd,Wharf Real Estate Investment Company Ltd,"16th Floor, Ocean Centre, Harbour City, Kowloon, Hong Kong","16th Floor,Ocean Centre, Canton Road,Harbour City, Kowloon, Hong Kong",,,,,,,,,1
46049,44726,P A COLYER LIMITED,T A ELECTRICAL CONTRACTORS LTD,"24 Downsview, Chatham, Kent, ME5 0AP","24 Downsview, Chatham, Kent, United Kingdom, ME5 0AP",,,,,,,,,1
46054,13301,Z & S PROPERTY COMPANY LTD,Z & S (BROADWATER) LTD,"Demar House 14 Church Road, East Wittering, Chichester, England, PO20 8PS","Demar House 14 Church Road, East Wittering, Chichester, West Sussex, England, PO20 8PS",,,,,,,,,1
46054,25414,Z & S PROPERTY COMPANY LTD,Z & S (LEWES ROAD) LTD,"Demar House 14 Church Road, East Wittering, Chichester, England, PO20 8PS","Demar House 14 Church Road, East Wittering, Chichester, West Sussex, England, PO20 8PS",,,,,,,,,1
46054,25956,Z & S PROPERTY COMPANY LTD,Z & S (POETS) LTD,"Demar House 14 Church Road, East Wittering, Chichester, England, PO20 8PS","Demar House 14 Church Road, East Wittering, Chichester, West Sussex, England, PO20 8PS",,,,,,,,,1
46054,42602,Z & S PROPERTY COMPANY LTD,Z & S (BRIGHTON) LTD,"Demar House 14 Church Road, East Wittering, Chichester, England, PO20 8PS","Demar House 14 Church Road, East Wittering, Chichester, West Sussex, England, PO20 8PS",,,,,,,,,1
46054,43827,Z & S PROPERTY COMPANY LTD,Z & S (HOVE) LIMITED,"Demar House 14 Church Road, East Wittering, Chichester, England, PO20 8PS","Demar House 14 Church Road, East Wittering, Chichester, West Sussex, England, PO20 8PS",,,,,,,,,1
46074,17137,Z CHANDOS PLACE LTD,Z CHA HOLDCO LTD,"45 Monmouth Street, London, England, WC2H 9DG","45 Monmouth Street, London, London, England, WC2H 9DG",,,,,,,,,1
46081,3108,BAD BOY BOSSES LTD,FOOD COMPLIANT ENGINEERING LTD,"20-22 Wenlock Road, London, England, N1 7GU","20-22 Wenlock Road, London, N1 7GU",,,,,,,,,1
46081,18166,BAD BOY BOSSES LTD,GOOD AND BETTER LTD,"20-22 Wenlock Road, London, England, N1 7GU","20-22 Wenlock Road, London, N1 7GU",,,,,,,,,1
46096,36009,BEAUTY AND A BOND LIMITED,HERMES CORPORATE AND FINANCES (UK) LIMITED,"71-75 Shelton Street, Covent Garden, London, United Kingdom, WC2H 9JQ","71-75 Shelton Street, Covent Garden, London, WC2H 9JQ",,,,,,,,,1
46139,33574,KTDM LIMITED,BAD LADDIE LIMITED,"7 Bell Yard, London, United Kingdom, WC2A 2JR","7 Bell Yard, London, WC2A 2JR",,,,,,,,,1
46183,11631,Taiwan Semiconductor Manufacturing Co Ltd,Alpha Networks Inc,"No.8, Li-Hsin 6th Road, Hsinchu Science Park, 300","No.8, Li-Shing Road Vii, Hsinchu Science-Based Industrial Park, 300",,,,,,,,,1
46274,46139,SOFTWARE LEADERS LIMITED,KTDM LIMITED,"7 Bell Yard, London, England, WC2A 2JR","7 Bell Yard, London, United Kingdom, WC2A 2JR",,,,,,,,,1
46288,3412,T A FISHER DEVELOPMENTS (BRACKNELL) LIMITED,T. A. FISHER (REDFIELDS) LIMITED,"Theale Court 11 - 13 High Street, Theale, Reading, England, RG7 5AH","Theale Court 11 - 13 High Street, Theale, Reading, RG7 5AH",,,,,,,,,1
46288,35655,T A FISHER DEVELOPMENTS (BRACKNELL) LIMITED,T A FISHER DEVELOPMENTS LIMITED,"Theale Court 11 - 13 High Street, Theale, Reading, England, RG7 5AH","Theale Court 11 - 13 High Street, Theale, Reading, RG7 5AH",,,,,,,,,1
46347,3504,P AND A JOINERY LIMITED,T A GILL LTD,"Bankside 300 Peachman Way, Broadland Business Park, Norwich, Norfolk, NR7 0LB","Bankside 300 Peachman Way, Broadland Business Park, Norwich, Norfolk, United Kingdom, NR7 0LB",,,,,,,,,1
46558,13098,ALL ABOUT CHIMNEYS LIMITED,V & JJ LIMITED,"24 Cornwall Road, Dorchester, Dorset, DT1 1RX","24 Cornwall Road, Dorchester, Dorset, England, DT1 1RX",,,,,,,,,1
46584,10096,BAD EMPIRE LIMITED,T & A PROPERTY SERVICES LIMITED,"Langley House, Park Road, East Finchley, London, United Kingdom, N2 8EY","Langley House, Park Road, London, England, N2 8EY",,,,,,,,,1
46980,2033,Sinch AB,Securitas AB,"Lindhagensgatan 74, Stockholm, 11218","Lindhagensplan 70, Box 12307, Stockholm, 10228",,,,,,,,,1
47030,18383,BAD CAT LIMITED,CLOAK LANE EC4 LIMITED,"167-169 Great Portland Street, 5th Floor, London, England, W1W 5PF","167-169 Great Portland Street, 5th Floor, London, W1W 5PF",,,,,,,,,1
47052,19841,Z A GLASGOW LTD,Z A PIZZA LIMITED,"1007 Argyle Street, Glasgow, Scotland, G3 8LZ","1007 Argyle Street, Glasgow, United Kingdom, G3 8LZ",,,,,,,,,1
47179,17137,Z DES LTD,Z CHA HOLDCO LTD,"45 Monmouth Street, London, England, WC2H 9DG","45 Monmouth Street, London, London, England, WC2H 9DG",,,,,,,,,1
47278,22044,Grupo Aeromexico SAB de CV,Orbia Advance Corp SAB de CV,"Av. Paseo De La Reforma 243, 25th floor, Cuauhtemoc, 06500","Av. Paseo De La Reforma N. 483 Piso 47, Cuauhtemoc, 06500",,,,,,,,,1
47387,45125,Sarlux Srl,Autogrill Spa,"GALLERIA PASSARELLA 2, MILANO, 20122, MILANO, ITALY","GALLERIA SAN BABILA 4/A, MILANO, 20122, MILANO, ITALY",,,,,IT02093140925,IT01630730032,,,1
47429,36009,SOFTWARE SOLUTIONS ESD LIMITED,HERMES CORPORATE AND FINANCES (UK) LIMITED,"71-75 Shelton Street, Covent Garden, London, United Kingdom, WC2H 9JQ","71-75 Shelton Street, Covent Garden, London, WC2H 9JQ",,,,,,,,,1
47636,28070,DTE Energy Co,CMS Energy Corp,"One Energy Plaza, Detroit, Michigan, 48226","One Energy Plaza, Jackson, Michigan, 49201",,,,,,,,,1
47703,17055,Kos Spa,Sogefi Spa,"VIA CIOVASSINO 1, MILANO, 20121, MILANO, ITALY","VIA CIOVASSINO 1/A, MILANO, 20121, MILANO, ITALY",,,,,IT10674520159,IT00607460201,,,1
47759,24943,FOOD AUDIT COMPLIANCE LIMITED,GOOD CAUSE GROUP LTD,"272 Bath Street, Glasgow, Scotland, G2 4JR","272 Bath Street, Glasgow, United Kingdom, G2 4JR",,,,,,,,,1
48003,46139,SOFTWARE SYSTEMS LIMITED,KTDM LIMITED,"7 Bell Yard, London, England, WC2A 2JR","7 Bell Yard, London, United Kingdom, WC2A 2JR",,,,,,,,,1
48010,7209,BAD IDEA COMPANY LTD,Z & Z BROTHERS IT SOLUTIONS LTD,"86-90 Paul Street, London, England, EC2A 4NE","86-90 Paul Street, London, England, United Kingdom, EC2A 4NE",,,,,,,,,1
48010,8900,BAD IDEA COMPANY LTD,Q AND QUAINT LIMITED,"86-90 Paul Street, London, England, EC2A 4NE","86-90 Paul Street, London, England, United Kingdom, EC2A 4NE",,,,,,,,,1
48010,10177,BAD IDEA COMPANY LTD,ALL ABOUT DRINKS CONSULTING SERVICES LTD,"86-90 Paul Street, London, England, EC2A 4NE","86-90 Paul Street, London, England, United Kingdom, EC2A 4NE",,,,,,,,,1
48010,12164,BAD IDEA COMPANY LTD,S A ELECTRICAL SOLUTIONS LTD,"86-90 Paul Street, London, England, EC2A 4NE","86-90 Paul Street, London, England, United Kingdom, EC2A 4NE",,,,,,,,,1
48010,19788,BAD IDEA COMPANY LTD,ALL ABOUT DAMP LTD,"86-90 Paul Street, London, England, EC2A 4NE","86-90 Paul Street, London, England, United Kingdom, EC2A 4NE",,,,,,,,,1
48010,24457,BAD IDEA COMPANY LTD,TAFFY T LTD,"86-90 Paul Street, London, England, EC2A 4NE","86-90 Paul Street, London, England, United Kingdom, EC2A 4NE",,,,,,,,,1
48010,35857,BAD IDEA COMPANY LTD,BEAUTY AND THE BENEFIT LIMITED,"86-90 Paul Street, London, England, EC2A 4NE","86-90 Paul Street, London, England, United Kingdom, EC2A 4NE",,,,,,,,,1
48010,42165,BAD IDEA COMPANY LTD,Z AND PRECIOUS REMOVALS LTD,"86-90 Paul Street, London, England, EC2A 4NE","86-90 Paul Street, London, England, United Kingdom, EC2A 4NE",,,,,,,,,1
48010,47207,BAD IDEA COMPANY LTD,R. A. GRUNDY ARCHITECTURAL SERVICES LIMITED,"86-90 Paul Street, London, England, EC2A 4NE","86-90 Paul Street, London, England, United Kingdom, EC2A 4NE",,,,,,,,,1
48282,3111,Zurich Insurance Group Ltd,Swiss Re Ltd,"Mythenquai 2, Zuerich, 8002","Mythenquai 50/60, Zuerich, 8022",,,,,,,,,1
48345,37592,Fresh Del Monte Produce Inc,MasTec Inc,"12th Floor, 241 Sevilla Avenue, Coral Gables, Florida, 33134","12th Floor, 800 S. Douglas Road, Coral Gables, Florida, 33134",,,,,,,,,1
48348,27315,Metro Italia Cash And Carry Spa,F.i.l.a Fabbrica Italiana Lapis Ed Affini Spa,"VIA XXV APRILE 23, SAN DONATO MILANESE, 20097, MILANO, ITALY","VIA XXV APRILE 5, PERO, 20016, MILANO, ITALY",,,,,IT02827030962,IT08391050963,,,1
48417,34819,P & A MANAGEMENT SERVICES LTD,S A F ELECTRICAL CONTRACTORS LIMITED,"84 Shepherds Lane, Dartford, Kent, England, DA1 2NZ","84 Springhead Road, Northfleet, Gravesend, Kent, DA11 9QY",,,,,,,,,1
48435,1698,Z &H CONSULTANTS LTD,Q CHISHTI SOLICITORS LIMITED,"85 Great Portland Street, First Floor, London, United Kingdom, W1W 7LT","85 Great Portland Street, London, England, W1W 7LT",,,,,,,,,1
48435,20938,Z &H CONSULTANTS LTD,SOFTWARE CONSULTANCY LTD,"85 Great Portland Street, First Floor, London, United Kingdom, W1W 7LT","85 Great Portland Street, London, England, W1W 7LT",,,,,,,,,1
48435,41410,Z &H CONSULTANTS LTD,BUSINESS EVOLUTION & FINANCES LIMITED,"85 Great Portland Street, First Floor, London, United Kingdom, W1W 7LT","85 Great Portland Street, London, England, W1W 7LT",,,,,,,,,1
48582,6153,Tnt Global Express Srl,Michelin Italiana S.a.m.i. Spa,"CORSO GIULIO CESARE 268, TORINO, 10154, TORINO, ITALY","CORSO GIULIO CESARE 424/95/C, TORINO, 10156, TORINO, ITALY",,,,,IT09399880153,IT00570070011,,,1
48606,3108,BEAUTY AND BRAVADO LTD,FOOD COMPLIANT ENGINEERING LTD,"20-22 Wenlock Road, London, England, N1 7GU","20-22 Wenlock Road, London, N1 7GU",,,,,,,,,1
48606,18166,BEAUTY AND BRAVADO LTD,GOOD AND BETTER LTD,"20-22 Wenlock Road, London, England, N1 7GU","20-22 Wenlock Road, London, N1 7GU",,,,,,,,,1
48675,46139,Q & CO DISTRIBUTION LTD,KTDM LIMITED,"7 Bell Yard, London, England, WC2A 2JR","7 Bell Yard, London, United Kingdom, WC2A 2JR",,,,,,,,,1
48735,39767,Marco Polo International Italy Srl,F2i Er 1 Spa,"VIA SAN PRIMO 4, MILANO, 20121, MILANO, ITALY","VIA SAN PROTASO 5, MILANO, 20121, MILANO, ITALY",,,,,IT10449990968,IT08731340967,,,1
48739,13384,MGMT FINANCES LTD,QUANTUM TRADING FINANCES LTD,"Carlyle House Lower Ground Floor, 235-237 Vauxhall Bridge Road, London, United Kingdom, SW1V 1EJ","Carlyle House, Lower Ground Floor, 235 - 237 Vauxhall Bridge Road, London, England, SW1V 1EJ",,,,,,,,,1
48779,46139,FOOD ARTS & TECHNOLOGY LTD,KTDM LIMITED,"7 Bell Yard, London, England, WC2A 2JR","7 Bell Yard, London, United Kingdom, WC2A 2JR",,,,,,,,,1
48819,7998,H & A PRO-SERV LTD,R A K MANAGEMENT LIMITED,"Lawrence House, 5 St Andrews Hill, Norwich, Norfolk, NR2 1AD","Lawrence House, 5 St. Andrews Hill, Norwich, Norfolk, NR2 1AD",,,,,,,,,1
48819,13370,H & A PRO-SERV LTD,T & A DOBINSON CONSULTANCY LIMITED,"Lawrence House, 5 St Andrews Hill, Norwich, Norfolk, NR2 1AD","Lawrence House, 5 St. Andrews Hill, Norwich, Norfolk, NR2 1AD",,,,,,,,,1
48823,35276,PRO ARBORISTS LTD,Q DUMPLING BAR LIMITED,"13 Montpelier Avenue Bexley, Montpelier Avenue, Bexley, England, DA5 3AP","13 Montpelier Avenue, Bexley, England, DA5 3AP",,,,,,,,,1
48824,8802,Lg Electronics Italia Spa,Sorgenia Spa,"VIA ALDO ROSSI 4, MILANO, 20149, MILANO, ITALY","VIA ALESSANDRO ALGARDI 4, MILANO, 20148, MILANO, ITALY",,,,,IT11704130159,IT12874490159,,,1
48900,39443,Shiseido Co Ltd,Casio Computer Co Ltd,"1-6-2, Higashi-Shimbashi, Minato-Ku, Tokyo, 105-8310","1-6-2, Hon-Machi, Shibuya-Ku, Tokyo, 151-8543",,,,,,,,,1
49010,43275,Sony Europe B.v.,Rizzoli Corriere Della Sera Mediagroup Spa,"VIA ANGELO RIZZOLI 4, MILANO, 20132, MILANO, ITALY","VIA ANGELO RIZZOLI 8, MILANO, 20132, MILANO, ITALY",,,,,IT10496660969,IT12086540155,,,1
49058,39924,U GODSELL & SONS LIMITED,BAD BUUNDA LTD,"Cornerstone House, Midland Way, Thornbury, Bristol, BS35 2BS","Cornerstone House, Station Road, Selkirk, Scotland, TD7 5DJ",,,,,,,,,1
49192,2294,Iris Mobili Srl,Merck Serono Spa,"VIA CARLO POMA 11, POMEZIA, 00071, ROMA, ITALY","VIA CASILINA 125, ROMA, 00176, ROMA, ITALY",,,,,IT06888411003,IT00880701008,,,1
49198,44621,Edison Energia Spa,Ferrovial ConstrucciÃ³n S.a.,"FORO BUONAPARTE 31, MILANO, 20121, MILANO, ITALY","FORO BUONAPARTE 67, MILANO, 20121, MILANO, ITALY",,,,,IT08526440154,IT12400940156,,,1
49257,16287,ALL ABOUT FEET LTD,ALL ABOUT FEET FRANCHISING LTD,"27 Frys Lane, Yateley, Hampshire, England, GU46 7TJ","27 Frys Lane, Yateley, United Kingdom, GU46 7TJ",,,,,,,,,1
49423,36009,Q ENVIRONMENTAL LIMITED,HERMES CORPORATE AND FINANCES (UK) LIMITED,"71-75 Shelton Street, Covent Garden, London, United Kingdom, WC2H 9JQ","71-75 Shelton Street, Covent Garden, London, WC2H 9JQ",,,,,,,,,1
49441,7552,Q C SHOPFITTERS LIMITED,Q C ELECTRICAL LIMITED,"Unit 1 Gander Lane, Barlborough, Chesterfield, Derbyshire, England, S43 4PZ","Unit 1 Gander Lane, Barlborough, Chesterfield, Derbyshire, S43 4PZ",,,,,,,,,1
49674,24210,TUI AG,Hannover Ruck SE,"Karl-Wiechert-Allee 4, Hannover, 30625","Karl-Wiechert-Allee 50, Hannover, 30625",,,,,,,,,1
49750,8783,D'Ieteren SA/NV,Umicore NV/SA,"Rue Du Mail 50, Bruxelles, 1050","Rue Du Marais 31, Bruxelles, 1000",,,,,,,,,1
49829,41467,Betflag Spa,Arcelormittal Commercial Italy Srl,"ZONA INDUSTRIALE DI BARAGIANO SNC, BALVANO, 85050, POTENZA, ITALY","ZONA INDUSTRIALE SNC, LUOGOSANO, 83040, AVELLINO, ITALY",,,,,IT01779160769,IT00947260154,,,1
49875,3917,NEW AGE PROPERTY SOLUTION (NAPS) LIMITED,BAD BUNNY MANAGEMENT LTD,"27 Old Gloucester Street, London, England, WC1N 3AX","27 Old Gloucester Street, London, United Kingdom, WC1N 3AX",,,,,,,,,1
49875,13774,NEW AGE PROPERTY SOLUTION (NAPS) LIMITED,Q & K SERVICES LTD,"27 Old Gloucester Street, London, England, WC1N 3AX","27 Old Gloucester Street, London, United Kingdom, WC1N 3AX",,,,,,,,,1
49875,13794,NEW AGE PROPERTY SOLUTION (NAPS) LIMITED,BAD ANGELS LIMITED,"27 Old Gloucester Street, London, England, WC1N 3AX","27 Old Gloucester Street, London, United Kingdom, WC1N 3AX",,,,,,,,,1
49875,16267,NEW AGE PROPERTY SOLUTION (NAPS) LIMITED,MATRIX FINANCES LTD,"27 Old Gloucester Street, London, England, WC1N 3AX","27 Old Gloucester Street, London, United Kingdom, WC1N 3AX",,,,,,,,,1
49875,18893,NEW AGE PROPERTY SOLUTION (NAPS) LIMITED,NEW ALBION REAL ESTATE LTD,"27 Old Gloucester Street, London, England, WC1N 3AX","27 Old Gloucester Street, London, United Kingdom, WC1N 3AX",,,,,,,,,1
49875,20414,NEW AGE PROPERTY SOLUTION (NAPS) LIMITED,FOOD BOOTH LIMITED,"27 Old Gloucester Street, London, England, WC1N 3AX","27 Old Gloucester Street, London, United Kingdom, WC1N 3AX",,,,,,,,,1
49875,26427,NEW AGE PROPERTY SOLUTION (NAPS) LIMITED,BAD INTENTIONS BOXING LIMITED,"27 Old Gloucester Street, London, England, WC1N 3AX","27 Old Gloucester Street, London, United Kingdom, WC1N 3AX",,,,,,,,,1
49875,29058,NEW AGE PROPERTY SOLUTION (NAPS) LIMITED,NEW AGE COACH LTD,"27 Old Gloucester Street, London, England, WC1N 3AX","27 Old Gloucester Street, London, United Kingdom, WC1N 3AX",,,,,,,,,1
49875,30959,NEW AGE PROPERTY SOLUTION (NAPS) LIMITED,JC NEW AGE ENTERTAINMENT LTD,"27 Old Gloucester Street, London, England, WC1N 3AX","27 Old Gloucester Street, London, United Kingdom, WC1N 3AX",,,,,,,,,1
49875,32692,NEW AGE PROPERTY SOLUTION (NAPS) LIMITED,NEW ALBION ENERGY LTD,"27 Old Gloucester Street, London, England, WC1N 3AX","27 Old Gloucester Street, London, United Kingdom, WC1N 3AX",,,,,,,,,1
49875,39675,NEW AGE PROPERTY SOLUTION (NAPS) LIMITED,BLAUSTEIN GMBH LTD,"27 Old Gloucester Street, London, England, WC1N 3AX","27 Old Gloucester Street, London, United Kingdom, WC1N 3AX",,,,,,,,,1
49875,42754,NEW AGE PROPERTY SOLUTION (NAPS) LIMITED,SU-FI EDUCATION. CONSULTING. FINANCES. LTD,"27 Old Gloucester Street, London, England, WC1N 3AX","27 Old Gloucester Street, London, United Kingdom, WC1N 3AX",,,,,,,,,1
49875,46355,NEW AGE PROPERTY SOLUTION (NAPS) LIMITED,Q BIO SYSTEMS LIMITED,"27 Old Gloucester Street, London, England, WC1N 3AX","27 Old Gloucester Street, London, United Kingdom, WC1N 3AX",,,,,,,,,1
49875,49447,NEW AGE PROPERTY SOLUTION (NAPS) LIMITED,Q BIOTECH LIMITED,"27 Old Gloucester Street, London, England, WC1N 3AX","27 Old Gloucester Street, London, United Kingdom, WC1N 3AX",,,,,,,,,1
49897,578,BEAUTY AND THE BLOG LTD,S A B ENTERPRISES LIMITED,"320 City Road, London, EC1V 2NZ","320 City Road, London, England, EC1V 2NZ",,,,,,,,,1
49966,3108,BEAUTY AESTHETICS SALON LTD,FOOD COMPLIANT ENGINEERING LTD,"20-22 Wenlock Road, London, England, N1 7GU","20-22 Wenlock Road, London, N1 7GU",,,,,,,,,1
49966,18166,BEAUTY AESTHETICS SALON LTD,GOOD AND BETTER LTD,"20-22 Wenlock Road, London, England, N1 7GU","20-22 Wenlock Road, London, N1 7GU",,,,,,,,,1
49971,34377,Acciaierie D'italia Spa,Riva Acciaio Spa,"VIALE CERTOSA 239, MILANO, 20151, MILANO, ITALY","VIALE CERTOSA 249, MILANO, 20151, MILANO, ITALY",,,,,IT10354890963,IT08521290158,,,1
49971,37077,Acciaierie D'italia Spa,Riva Forni Elettrici Spa,"VIALE CERTOSA 239, MILANO, 20151, MILANO, ITALY","VIALE CERTOSA 249, MILANO, 20151, MILANO, ITALY",,,,,IT10354890963,IT07969220966,,,1
49981,124,Invitation Homes Inc,Comerica Inc,"1717 Main St Ste 2000, Dallas, Texas, 75201-4657","1717 Main Street Mc-6506, Dallas, Texas, 75201",,,,,,,,,1
50005,3917,BAD CUSTARD LTD,BAD BUNNY MANAGEMENT LTD,"27 Old Gloucester Street, London, England, WC1N 3AX","27 Old Gloucester Street, London, United Kingdom, WC1N 3AX",,,,,,,,,1
50005,13774,BAD CUSTARD LTD,Q & K SERVICES LTD,"27 Old Gloucester Street, London, England, WC1N 3AX","27 Old Gloucester Street, London, United Kingdom, WC1N 3AX",,,,,,,,,1
50005,13794,BAD CUSTARD LTD,BAD ANGELS LIMITED,"27 Old Gloucester Street, London, England, WC1N 3AX","27 Old Gloucester Street, London, United Kingdom, WC1N 3AX",,,,,,,,,1
50005,16267,BAD CUSTARD LTD,MATRIX FINANCES LTD,"27 Old Gloucester Street, London, England, WC1N 3AX","27 Old Gloucester Street, London, United Kingdom, WC1N 3AX",,,,,,,,,1
50005,18893,BAD CUSTARD LTD,NEW ALBION REAL ESTATE LTD,"27 Old Gloucester Street, London, England, WC1N 3AX","27 Old Gloucester Street, London, United Kingdom, WC1N 3AX",,,,,,,,,1
50005,20414,BAD CUSTARD LTD,FOOD BOOTH LIMITED,"27 Old Gloucester Street, London, England, WC1N 3AX","27 Old Gloucester Street, London, United Kingdom, WC1N 3AX",,,,,,,,,1
50005,26427,BAD CUSTARD LTD,BAD INTENTIONS BOXING LIMITED,"27 Old Gloucester Street, London, England, WC1N 3AX","27 Old Gloucester Street, London, United Kingdom, WC1N 3AX",,,,,,,,,1
50005,29058,BAD CUSTARD LTD,NEW AGE COACH LTD,"27 Old Gloucester Street, London, England, WC1N 3AX","27 Old Gloucester Street, London, United Kingdom, WC1N 3AX",,,,,,,,,1
50005,30959,BAD CUSTARD LTD,JC NEW AGE ENTERTAINMENT LTD,"27 Old Gloucester Street, London, England, WC1N 3AX","27 Old Gloucester Street, London, United Kingdom, WC1N 3AX",,,,,,,,,1
50005,32692,BAD CUSTARD LTD,NEW ALBION ENERGY LTD,"27 Old Gloucester Street, London, England, WC1N 3AX","27 Old Gloucester Street, London, United Kingdom, WC1N 3AX",,,,,,,,,1
50005,39675,BAD CUSTARD LTD,BLAUSTEIN GMBH LTD,"27 Old Gloucester Street, London, England, WC1N 3AX","27 Old Gloucester Street, London, United Kingdom, WC1N 3AX",,,,,,,,,1
50005,42754,BAD CUSTARD LTD,SU-FI EDUCATION. CONSULTING. FINANCES. LTD,"27 Old Gloucester Street, London, England, WC1N 3AX","27 Old Gloucester Street, London, United Kingdom, WC1N 3AX",,,,,,,,,1
50005,46355,BAD CUSTARD LTD,Q BIO SYSTEMS LIMITED,"27 Old Gloucester Street, London, England, WC1N 3AX","27 Old Gloucester Street, London, United Kingdom, WC1N 3AX",,,,,,,,,1
50005,49447,BAD CUSTARD LTD,Q BIOTECH LIMITED,"27 Old Gloucester Street, London, England, WC1N 3AX","27 Old Gloucester Street, London, United Kingdom, WC1N 3AX",,,,,,,,,1
50065,28138,BAD APPLE HAIR LICHFIELD LIMITED,BAD APPLE HAIR DERBY LIMITED,"16 Victoria Street, Wolverhampton, England, WV1 3NP","16 Victoria Street, Wolverhampton, United Kingdom, WV1 3NP",,,,,,,,,1
50106,28039,Fresenius Medical Care AG & Co KGaA,Fresenius Kabi AG,"Else-Kroener-Strasse 1, Bad Homburg Vor Der Hohe, 61352","Else-Kroner-Strasse 1, Bad Homburg, Hessen, 61352",,,,,,,,,1
50272,15006,Brenntag Spa,Leroy Merlin Italia Srl,"STRADA 6 PALAZZO A 13 MILANOFIORI 0SNC, ASSAGO, 20057, MILANO, ITALY","STRADA 8 PALAZZO N MILANOFIORI, ROZZANO, 20089, MILANO, ITALY",,,,,IT00835510157,IT05602710963,,,1
50532,44811,Banco Pan SA,Itausa SA,"Avenida Paulista, 1374 16 Andar, Bela Vista, Sao Paulo, 01.310-100","Avenida Paulista, 1938, 5th Floor, Bela Vista, Sao Paulo, 01.310-200",,,,,,,,,1
50778,12526,SOFTWARE SOLUTIONS FINANCIAL LTD,KEY WEST PROPERTY GROUP LTD,"124 City Road 124 City Road, London, England, EC1V 2NX","124 City Road, London, England, EC1V 2NX",,,,,,,,,1
50778,22476,SOFTWARE SOLUTIONS FINANCIAL LTD,ID FREIGHT LTD,"124 City Road 124 City Road, London, England, EC1V 2NX","124 City Road, London, England, EC1V 2NX",,,,,,,,,1
50778,34222,SOFTWARE SOLUTIONS FINANCIAL LTD,U INTERNATIONAL LIMITED,"124 City Road 124 City Road, London, England, EC1V 2NX","124 City Road, London, England, EC1V 2NX",,,,,,,,,1
50800,6881,DOUGHBOYS GROUP LIMITED,U G SALES LTD,"124 City Road, London, England, EC1V 2NX","124 City Road, London, United Kingdom, EC1V 2NX",,,,,,,,,1
50800,23305,DOUGHBOYS GROUP LIMITED,BAD BEHAVIOUR LTD,"124 City Road, London, England, EC1V 2NX","124 City Road, London, United Kingdom, EC1V 2NX",,,,,,,,,1
50800,38761,DOUGHBOYS GROUP LIMITED,GOOD CARS LTD,"124 City Road, London, England, EC1V 2NX","124 City Road, London, United Kingdom, EC1V 2NX",,,,,,,,,1
50920,30899,NEW AGE DEVELOPERS RENTALS LIMITED,NEW AGE DEVELOPERS LIMITED,"2nd Floor North Saltire Court, 20 Castle Terrace, Edinburgh, United Kingdom, EH1 2EN","2nd Floor North, Saltire Court 20 Castle Terrace, Edinburgh, EH1 2EN",,,,,,,,,1
50920,35029,NEW AGE DEVELOPERS RENTALS LIMITED,NEW AGE DEVELOPERS (LOTHIAN) LIMITED,"2nd Floor North Saltire Court, 20 Castle Terrace, Edinburgh, United Kingdom, EH1 2EN","2nd Floor North, Saltire Court 20 Castle Terrace, Edinburgh, EH1 2EN",,,,,,,,,1
50978,29809,NextEra Energy Inc,Florida Power & Light Co,"700 Universe Blvd, Juno Beach, Florida, 33408","700 Universe Boulevard, Juno Beach, Florida, 33408",,,,,,,,,1
51031,28878,Z & S (BASKET) LTD,Z & S HOLDINGS LTD,"Demar House 14 Church Road, East Wittering, Chichester, West Sussex, England, PO20 8PS","Demar House 14 Church Road, East Wittering, Chichester, West Sussex, United Kingdom, PO20 8PS",,,,,,,,,1
51071,49469,Adtalem Global Education Inc,Motorola Solutions Inc,"500 W Monroe St Fl 28, Chicago, Illinois, 60661-3773","500 West Monroe Street, Chicago, Illinois, 60661",,,,,,,,,1
51407,44582,Brt Spa,Gruppo Unicomm Spa,"VIA ENRICO MATTEI 42, BOLOGNA, 40138, BOLOGNA, ITALY","VIA ENRICO MATTEI 50, DUEVILLE, 36031, VICENZA, ITALY",,,,,IT04507990150,IT00169710241,,,1
51478,9353,Banca Monte Dei Paschi Di Siena Spa,Blackrock (netherlands) Bv,"PIAZZA SALIMBENI 3, SIENA, 53100, SIENA, ITALY","PIAZZA SAN FEDELE 2, MILANO, 20121, MILANO, ITALY",,,,,IT00884060526,IT10577660961,,,1
51490,1015,FOOD CABARET LTD,BAD CAVITY LTD,"Park House, Wilmington Street, Leeds, England, LS7 2BP","Park House, Wilmington Street, Leeds, United Kingdom, LS7 2BP",,,,,,,,,1
51542,28178,BAD GYAL PROMOTIONS LIMITED,SOFTWARE CENTER DISTRIBUTION LIMITED,"PO Box 4385, 13146642: COMPANIES HOUSE DEFAULT ADDRESS, Cardiff, CF14 8LH","PO Box 4385, 13348859: COMPANIES HOUSE DEFAULT ADDRESS, Cardiff, CF14 8LH",,,,,,,,,1
51543,21409,T ALLEN HOLDINGS LIMITED,T. ALLEN ENGINEERING SERVICES LIMITED,"Unit 11 Stonebroom Industrial Estate, Stonebroom, Alfreton, United Kingdom, DE55 6LQ","Unit 11, Stonebroom Industrial Estate, Stonebroom, Derby, DE55 6LQ",,,,,,,,,1
51571,16783,BAD MANNERS DRINKS LTD,V & M ARROL LIMITED,"Coleridge House 5-7 Park Street, Slough, England, SL1 1PE","Coleridge House, 5-7a Park Street, Slough, SL1 1PE",,,,,,,,,1
51621,4343,Westrock Co,Beazer Homes USA Inc,"1000 Abernathy Rd, Atlanta, Georgia, 30328-5606","1000 Abernathy Road, Suite 260, Atlanta, Georgia, 30328",,,,,,,,,1
51697,6948,SOFTWARE JOB LTD,NEW AGE FINANCE LTD,"International House, 12 Constance Street, London, United Kingdom, E16 2DQ","International House, 142 Cromwell Road, London, United Kingdom, SW7 4EF",,,,,,,,,1
51697,49949,SOFTWARE JOB LTD,AURORA FINANCES LTD,"International House, 12 Constance Street, London, United Kingdom, E16 2DQ","International House, 142 Cromwell Road, London, United Kingdom, SW7 4EF",,,,,,,,,1
51739,25719,Zurich Investments Life Spa,Yara Italia Spa,"VIA BENIGNO CRESPI 23, MILANO, 20159, MILANO, ITALY","VIA BENIGNO CRESPI 57, MILANO, 20159, MILANO, ITALY",,,,,IT08921640150,IT11843280154,,,1
51811,7209,Q AND S PHARMA SOLUTIONS LIMITED,Z & Z BROTHERS IT SOLUTIONS LTD,"86-90 Paul Street, London, England, EC2A 4NE","86-90 Paul Street, London, England, United Kingdom, EC2A 4NE",,,,,,,,,1
51811,8900,Q AND S PHARMA SOLUTIONS LIMITED,Q AND QUAINT LIMITED,"86-90 Paul Street, London, England, EC2A 4NE","86-90 Paul Street, London, England, United Kingdom, EC2A 4NE",,,,,,,,,1
51811,10177,Q AND S PHARMA SOLUTIONS LIMITED,ALL ABOUT DRINKS CONSULTING SERVICES LTD,"86-90 Paul Street, London, England, EC2A 4NE","86-90 Paul Street, London, England, United Kingdom, EC2A 4NE",,,,,,,,,1
51811,12164,Q AND S PHARMA SOLUTIONS LIMITED,S A ELECTRICAL SOLUTIONS LTD,"86-90 Paul Street, London, England, EC2A 4NE","86-90 Paul Street, London, England, United Kingdom, EC2A 4NE",,,,,,,,,1
51811,19788,Q AND S PHARMA SOLUTIONS LIMITED,ALL ABOUT DAMP LTD,"86-90 Paul Street, London, England, EC2A 4NE","86-90 Paul Street, London, England, United Kingdom, EC2A 4NE",,,,,,,,,1
51811,24457,Q AND S PHARMA SOLUTIONS LIMITED,TAFFY T LTD,"86-90 Paul Street, London, England, EC2A 4NE","86-90 Paul Street, London, England, United Kingdom, EC2A 4NE",,,,,,,,,1
51811,35857,Q AND S PHARMA SOLUTIONS LIMITED,BEAUTY AND THE BENEFIT LIMITED,"86-90 Paul Street, London, England, EC2A 4NE","86-90 Paul Street, London, England, United Kingdom, EC2A 4NE",,,,,,,,,1
51811,42165,Q AND S PHARMA SOLUTIONS LIMITED,Z AND PRECIOUS REMOVALS LTD,"86-90 Paul Street, London, England, EC2A 4NE","86-90 Paul Street, London, England, United Kingdom, EC2A 4NE",,,,,,,,,1
51811,47207,Q AND S PHARMA SOLUTIONS LIMITED,R. A. GRUNDY ARCHITECTURAL SERVICES LIMITED,"86-90 Paul Street, London, England, EC2A 4NE","86-90 Paul Street, London, England, United Kingdom, EC2A 4NE",,,,,,,,,1
51811,48802,Q AND S PHARMA SOLUTIONS LIMITED,ALL ABOUT THE HOUSE LTD,"86-90 Paul Street, London, England, EC2A 4NE","86-90 Paul Street, London, England, United Kingdom, EC2A 4NE",,,,,,,,,1
51818,43577,Enel Americas SA,Enel Distribucion Chile SA,"Santa Rosa 76 Piso 17, Metropolitana, Santiago, 8330099","Santa Rosa 76 Piso 2, Santiago",,,,,,,,,1
51854,34377,Adi Energia Srl,Riva Acciaio Spa,"VIALE CERTOSA 239, MILANO, 20151, MILANO, ITALY","VIALE CERTOSA 249, MILANO, 20151, MILANO, ITALY",,,,,IT10354910969,IT08521290158,,,1
51854,37077,Adi Energia Srl,Riva Forni Elettrici Spa,"VIALE CERTOSA 239, MILANO, 20151, MILANO, ITALY","VIALE CERTOSA 249, MILANO, 20151, MILANO, ITALY",,,,,IT10354910969,IT07969220966,,,1
52367,26280,Japan Post Holdings Co Ltd,Japan Post Bank Co Ltd,"2-3-1, Ote-Machi, Chiyoda-Ku, Tokyo, 100-8791","2-3-1, Ote-Machi, Chiyoda-Ku, Tokyo, 100-8793",,,,,,,,,1
52374,40087,R A K CONSTRUCTION (COTSWOLDS) LTD,R A K INVESTMENTS (SOUTH WEST) LTD,"Maxet House Unit 22 Lansdown Industrial Estate, Gloucester Road, Cheltenham, Gloucestershire, England, GL51 8PL","Maxet House Unit 22, Lansdown Industrual Estate, Cheltenham, Gloucestershire, England, GL51 8PL",,,,,,,,,1
52406,12559,Svenska Handelsbanken AB,Skandinaviska Enskilda Banken AB,"Kungstradgardsgatan 2, Stockholm, 10670","Kungstradgardsgatan 8, Stockholm, 11147",,,,,,,,,1
52415,9606,U GRADUATE LTD,S A CONSTRUCTION 247 LTD,"86-90 Paul Street, Islington, London, England, EC2A 4NE","86-90 Paul Street, London, England, EC2A 4NE",,,,,,,,,1
52415,16339,U GRADUATE LTD,NEW AGE REBEL LTD,"86-90 Paul Street, Islington, London, England, EC2A 4NE","86-90 Paul Street, London, England, EC2A 4NE",,,,,,,,,1
52415,20423,U GRADUATE LTD,FUTURE FINANCES BROKER LIMITED,"86-90 Paul Street, Islington, London, England, EC2A 4NE","86-90 Paul Street, London, England, EC2A 4NE",,,,,,,,,1
52415,31481,U GRADUATE LTD,GOOD AS NEW EMERGENCY CLEANING LTD,"86-90 Paul Street, Islington, London, England, EC2A 4NE","86-90 Paul Street, London, England, EC2A 4NE",,,,,,,,,1
52415,48010,U GRADUATE LTD,BAD IDEA COMPANY LTD,"86-90 Paul Street, Islington, London, England, EC2A 4NE","86-90 Paul Street, London, England, EC2A 4NE",,,,,,,,,1
52415,51811,U GRADUATE LTD,Q AND S PHARMA SOLUTIONS LIMITED,"86-90 Paul Street, Islington, London, England, EC2A 4NE","86-90 Paul Street, London, England, EC2A 4NE",,,,,,,,,1
52435,42263,Sonatrach Raffineria Italiana Srl,Fratelli Arena Srl,"CONTRADA MARCELLINO C.P. 88 SNC, AUGUSTA, 96011, SIRACUSA, ITALY","CONTRADA MILOCCA SNC, ASSORO, 94010, ENNA, ITALY",,,,,IT10410680960,IT00097560866,,,1
52489,29251,TE Connectivity Ltd,Garmin Ltd,"Muehlenstrasse 26, Schaffhausen, 8200","Muehlentalstrasse 2, Schaffhausen, 8200",,,,,,,,,1
52657,49183,Astaris Spa,Pavimental Spa,"VIA GIULIO VINCENZO BONA 65, ROMA, 00156, ROMA, ITALY","VIA GIULIO VINCENZO BONA 95/101, ROMA, 00156, ROMA, ITALY",,,,,IT00880281001,IT00904791001,,,1
52675,37745,ThyssenKrupp Industrial Solutions AG,ThyssenKrupp AG,"ThyssenKrupp Allee 1, Essen, Nordrhein-Westfalen, 45143","Thyssenkrupp Allee 1, Essen, 45143",,,,,,,,,1
52693,3108,ALL ABOUT ESTATES LTD,FOOD COMPLIANT ENGINEERING LTD,"20-22 Wenlock Road, London, England, N1 7GU","20-22 Wenlock Road, London, N1 7GU",,,,,,,,,1
52693,18166,ALL ABOUT ESTATES LTD,GOOD AND BETTER LTD,"20-22 Wenlock Road, London, England, N1 7GU","20-22 Wenlock Road, London, N1 7GU",,,,,,,,,1
52699,36009,R A J S EVANS INVESTMENT COMPANY LTD,HERMES CORPORATE AND FINANCES (UK) LIMITED,"71-75 Shelton Street, Covent Garden, London, United Kingdom, WC2H 9JQ","71-75 Shelton Street, Covent Garden, London, WC2H 9JQ",,,,,,,,,1
52796,24943,SOFTWARE IS US LTD,GOOD CAUSE GROUP LTD,"272 Bath Street, Glasgow, Scotland, G2 4JR","272 Bath Street, Glasgow, United Kingdom, G2 4JR",,,,,,,,,1
52969,48739,LUXURY FINANCES LTD,MGMT FINANCES LTD,"Carlyle House Lower Ground Floor, 235 237 Vauxhall Bridge Road, London, United Kingdom, United Kingdom, SW1V 1EJ","Carlyle House Lower Ground Floor, 235-237 Vauxhall Bridge Road, London, United Kingdom, SW1V 1EJ",,,,,,,,,1
53144,3108,FOOD DELIVERY SHROPSHIRE LTD,FOOD COMPLIANT ENGINEERING LTD,"20-22 Wenlock Road, London, England, N1 7GU","20-22 Wenlock Road, London, N1 7GU",,,,,,,,,1
53144,18166,FOOD DELIVERY SHROPSHIRE LTD,GOOD AND BETTER LTD,"20-22 Wenlock Road, London, England, N1 7GU","20-22 Wenlock Road, London, N1 7GU",,,,,,,,,1
53366,46855,FOOD & WINE (ISLINGTON) LTD,H A CHUNU & CO LIMITED,"98 Commercial Road, London, E1 1NU","98 Commercial Road, London, United Kingdom, E1 1NU",,,,,,,,,1
53375,5264,Companhia Siderurgica Nacional,Cosan SA,"Av. Brigadeiro Faria Lima, 3400,20 Andar, Itaim Bibi, Sao Paulo, 04.538-132","Av. Brigadeiro Faria Lima, 4.100 / 15 Andar, Itaim Bibi, Sao Paulo, 04.538-132",,,Sao Paulo,,Brazil,,Americas,,1
53395,19116,Poste Vita Spa,Brembo Spa,"VIALE EUROPA 190, ROMA, 00144, ROMA, ITALY","VIALE EUROPA 2, STEZZANO, 24040, BERGAMO, ITALY",,,,,IT05927271006,IT00222620163,,,1
53406,34403,V & M SHOPS LIMITED,V AND M PATEL LIMITED,"180 Melton Road, Leicester, Leicestershire, LE4 5EE","180 Melton Road, Leicester, United Kingdom, LE4 5EE",,,,,,,,,1
53584,45014,TIS Inc,Taikisha Ltd,"Sumitomo Fudosan Shinjuku Grand Tower, 8-17-1, Nishi-Shinjuku, Shinjuku-Ku, Tokyo, 160-0023","Sumitomo Fudosan Shinjuku Grand Tower, 8-17-1, Nishi-Shinjuku, Shinjuku-Ku, Tokyo, 160-6129",,,,,,,,,1
53661,1033,Z & N INVESTMENTS TRADING LIMITED,Z & N PROPERTIES LIMITED,"283 Green Lanes, London, England, N13 4XS","283 Green Lanes, London, United Kingdom, N13 4XS",,,,,,,,,1
53805,30925,Yancoal Australia Ltd,Insurance Australia Group Ltd,"Darling Park 2, L 18 201 Sussex Street, Sydney, New South Wales, 2000","Darling Park, Twr Two, L 13 201 Sussex Street, Sydney, New South Wales, 2000",,,,,Australia,,Oceania,,1
53829,25406,Z AZIZ PROPERTIES LIMITED,Z AZIZ LTD,"60 Rosedale Road, London, United Kingdom, E7 8AT","60 Rosedale Road, Newham, United Kingdom, E7 8AT",,,,,,,,,1
54043,4239,BEAUTY AT NO. 6 LTD,P A CREATIVE LTD,"Star House, Whitehill Road, Crowborough, East Sussex, England, TN6 1NR","Star House, Whitehill Road, Crowborough, England, TN6 1NR",,,,,,,,,1
54069,35478,CSR Ltd,Downer EDI Ltd,"Triniti 3, L 5 39 Delhi Rd, North Ryde, New South Wales, 2113","Triniti Business Campus, 39 Delhi Rd, North Ryde, New South Wales, 2113",,,,,,,,,1
54120,21049,Compagnie Financiere Richemont SA,Givaudan SA,"Chemin De La Chenaie 50, Bellevue, 1293","Chemin De La Parfumerie 5, Vernier, 1214",,,,,,,,,1
54225,9318,Renesas Electronics Corp,SCSK Corp,"Toyosu Foresia, 3-2-24, Toyosu, Koto-Ku, Tokyo, 135-0061","Toyosu Front, 3-2-20, Toyosu, Koto-Ku, Tokyo, 135-8110",,,,,,,,,1
54244,26784,Tecan Group Ltd,Chocoladefabriken Lindt & Sprungli AG,"Seestrasse 103, Maennedorf, 8708","Seestrasse 204, Kilchberg, 8802",,,,,,,,,1
54257,37121,Electrolux Italia Spa,Egea Commerciale,"CORSO LINO ZANUSSI 24, PORCIA, 33080, PORDENONE, ITALY","CORSO NINO BIXIO 8, ALBA, 12051, CUNEO, ITALY",,,,,IT00065130932,IT02439760162,,,1
54396,16443,Eni Spa,Fideuram Intesa Sanpaolo Private Banking Spa,"PIAZZALE ENRICO MATTEI 1, ROMA, 00144, ROMA, ITALY","PIAZZALE GIULIO DOUHET 31, ROMA, 00143, ROMA, ITALY",,,,,IT00905811006,IT00714540150,,,1
54407,36009,Q & F CARE SOLUTIONS LTD,HERMES CORPORATE AND FINANCES (UK) LIMITED,"71-75 Shelton Street, Covent Garden, London, United Kingdom, WC2H 9JQ","71-75 Shelton Street, Covent Garden, London, WC2H 9JQ",,,,,,,,,1
54448,51621,Veritiv Corp,Westrock Co,"1000 Abernathy Rd Bldg 400 Ste 1700, Atlanta, Georgia, 30328-5658","1000 Abernathy Rd, Atlanta, Georgia, 30328-5606",,,,,,,,,1
54610,1521,Tigros Spa,Coop Italia Soc Coop,"VIA DEL LAVORO 45, SOLBIATE ARNO, 21048, VARESE, ITALY","VIA DEL LAVORO 6/8, CASALECCHIO DI RENO, 40033, BOLOGNA, ITALY",,,,,IT12790620152,IT01515921201,,,1
54828,1802,Eg Holding Spa,Computer Gross Spa,"VIA DEL PERLAR 2, VERONA, 37135, VERONA, ITALY","VIA DEL PINO 1, EMPOLI, 50053, FIRENZE, ITALY",,,,,IT03099180238,IT04801490485,,,1
54861,36009,FOOD AND THOUGHTS TECH LTD,HERMES CORPORATE AND FINANCES (UK) LIMITED,"71-75 Shelton Street, Covent Garden, London, United Kingdom, WC2H 9JQ","71-75 Shelton Street, Covent Garden, London, WC2H 9JQ",,,,,,,,,1
54877,46980,Bonava AB,Sinch AB,"Lindhagensgatan 72, Stockholm, 11218","Lindhagensgatan 74, Stockholm, 11218",,,,,,,,,1
54948,48435,U GROW LTD,Z &H CONSULTANTS LTD,"85 Great Portland Street, First Floor, London, England, W1W 7LT","85 Great Portland Street, First Floor, London, United Kingdom, W1W 7LT",,,,,,,,,1
55047,3108,ALL ABOUT ACCOUNTS LIMITED,FOOD COMPLIANT ENGINEERING LTD,"20-22 Wenlock Road, London, England, N1 7GU","20-22 Wenlock Road, London, N1 7GU",,,,,,,,,1
55047,18166,ALL ABOUT ACCOUNTS LIMITED,GOOD AND BETTER LTD,"20-22 Wenlock Road, London, England, N1 7GU","20-22 Wenlock Road, London, N1 7GU",,,,,,,,,1
55226,3108,Z AND W LTD,FOOD COMPLIANT ENGINEERING LTD,"20-22 Wenlock Road, London, England, N1 7GU","20-22 Wenlock Road, London, N1 7GU",,,,,,,,,1
55226,18166,Z AND W LTD,GOOD AND BETTER LTD,"20-22 Wenlock Road, London, England, N1 7GU","20-22 Wenlock Road, London, N1 7GU",,,,,,,,,1
55266,24146,GOOD CONSULTANTS UK LTD,GOOD BUSINESS SOLUTIONS LTD,"Office 1.02 Vauxhall Sky Gardens, 153 Wandsworth Road, London, United Kingdom, SW8 2GB","Office 1.03 Sky Gardens 153 Wandsworth Road, London, England, SW8 2GB",,,,,,,,,1
55329,10326,U HOLDINGS LTD,U ACCOUNT LTD,"Building 1 The Phoenix Centre, Colliers Way, Nottingham, England, NG8 6AT","Building 1 The Phoenix Centre, Colliers Way, Nottingham, United Kingdom, NG8 6AT",,,,,,,,,1
55394,32952,Havi Logistics Srl,Arcese Holding Sapa Di Eleuterio Arcese E C.,"VIA ALDO MORO 31, BOMPORTO, 41030, MODENA, ITALY","VIA ALDO MORO 95, ARCO, 38062, TRENTO, ITALY",,,,,IT02292880362,IT01725840225,,,1
55430,5936,Saudi Telecom Co,The Saudi British Bank,"P.O.Box 87912, Riyadh, 11652","P.O.Box 9084, Riyadh, 11413",,,,,,,,,1
55494,278,FOOD AND DRINK FEDERATION(THE),FOOD AND DRINK SECTOR COUNCIL LIMITED,"10 Bloomsbury Way, London, England, WC1A 2SL","10 Bloomsbury Way, London, United Kingdom, WC1A 2SL",,,,,,,,,1
55716,52442,Nasdaq Inc,Macy's Inc,"151 W. 42nd Street, New York, 10036","151 West 34th Street, New York, 10001",,,,,,,,,1
55808,52483,NEW ALASKA LTD,GOOD AS GOLD GROUP LIMITED,"303 The Pill Box 115 Coventry Road, London, England, E2 6GH","303 The Pillbox 115 Coventry Road, London, United Kingdom, E2 6GH",,,,,,,,,1
55817,3108,V AESTHETICA LTD,FOOD COMPLIANT ENGINEERING LTD,"20-22 Wenlock Road, London, England, N1 7GU","20-22 Wenlock Road, London, N1 7GU",,,,,,,,,1
55817,18166,V AESTHETICA LTD,GOOD AND BETTER LTD,"20-22 Wenlock Road, London, England, N1 7GU","20-22 Wenlock Road, London, N1 7GU",,,,,,,,,1
55912,50974,SOFTWARE DESIGN SYSTEMS LTD,U AMAR LTD,"4th Floor Radius House, 51 Clarendon Road, Watford, Hertfordshire, England, WD17 1HP","4th Floor Radius House, 51 Clarendon Road, Watford, Hertfordshire, United Kingdom, WD17 1HP",,,,,,,,,1
55915,8686,T. A. DRIVING SERVICES LIMITED,Q' DOS (LIVERPOOL) LIMITED,"Penny Lane Business Centre, 374 Smithdown Road, Liverpool, England, L15 5AN","Penny Lane Business Centre, 374 Smithdown Road, Liverpool, Merseyside, L15 5AN",,,,,,,,,1
56011,36543,BAD COFFEE LIMITED,U B D EQUIPMENT LTD,"1386 London Road, Leigh On Sea, Essex, England, SS9 2UJ","1386 London Road, Leigh On Sea, Essex, SS9 2UJ",,,,,,,,,1
56064,23806,Newmont Corp,DCP Midstream LP,"6900 E Layton Ave, Suite 700, Denver, Colorado, 80237","6900 East Layton Avenue, Suite 900, Denver, Colorado, 80237",,,,,,,,,1
56270,25022,Procter & Gamble Holding Srl,Engie Servizi Spa,"VIALE GIORGIO RIBOTTA 11, ROMA, 00144, ROMA, ITALY","VIALE GIORGIO RIBOTTA 31, ROMA, 00144, ROMA, ITALY",,,,,IT05269321005,IT01698911003,,,1
56277,16343,Qube Holdings Ltd,GraIncorp Ltd,"L 27 45 Clarence St, Sydney, New South Wales, 2000","L 28 175 Liverpool St, Sydney, New South Wales, 2000",,,,,,,,,1
56280,263,SOFTWARE EXPERTS GROUP LTD,ALL ABOUT KIDS LTD,"71-75 Shelton Street, Covent Garden, London, England, WC2H 9JQ","71-75 Shelton Street, Covent Garden, London, United Kingdom, WC2H 9JQ",,,,,,,,,1
56280,3444,SOFTWARE EXPERTS GROUP LTD,U BROWN LTD,"71-75 Shelton Street, Covent Garden, London, England, WC2H 9JQ","71-75 Shelton Street, Covent Garden, London, United Kingdom, WC2H 9JQ",,,,,,,,,1
56280,3775,SOFTWARE EXPERTS GROUP LTD,T & B ENGINEERING SOLUTIONS LTD,"71-75 Shelton Street, Covent Garden, London, England, WC2H 9JQ","71-75 Shelton Street, Covent Garden, London, United Kingdom, WC2H 9JQ",,,,,,,,,1
56280,4375,SOFTWARE EXPERTS GROUP LTD,H & A ENGINEERING LTD,"71-75 Shelton Street, Covent Garden, London, England, WC2H 9JQ","71-75 Shelton Street, Covent Garden, London, United Kingdom, WC2H 9JQ",,,,,,,,,1
56280,4438,SOFTWARE EXPERTS GROUP LTD,BEAUTY BOOSTERS LTD,"71-75 Shelton Street, Covent Garden, London, England, WC2H 9JQ","71-75 Shelton Street, Covent Garden, London, United Kingdom, WC2H 9JQ",,,,,,,,,1
56280,6594,SOFTWARE EXPERTS GROUP LTD,U EVENTS LIMITED,"71-75 Shelton Street, Covent Garden, London, England, WC2H 9JQ","71-75 Shelton Street, Covent Garden, London, United Kingdom, WC2H 9JQ",,,,,,,,,1
56280,7607,SOFTWARE EXPERTS GROUP LTD,GOOD ADVICE DEBT COMPANY LIMITED,"71-75 Shelton Street, Covent Garden, London, England, WC2H 9JQ","71-75 Shelton Street, Covent Garden, London, United Kingdom, WC2H 9JQ",,,,,,,,,1
56280,11053,SOFTWARE EXPERTS GROUP LTD,ALL ABOUT THE SAAS LTD,"71-75 Shelton Street, Covent Garden, London, England, WC2H 9JQ","71-75 Shelton Street, Covent Garden, London, United Kingdom, WC2H 9JQ",,,,,,,,,1
56280,12838,SOFTWARE EXPERTS GROUP LTD,Q CONSULTING GROUP LTD,"71-75 Shelton Street, Covent Garden, London, England, WC2H 9JQ","71-75 Shelton Street, Covent Garden, London, United Kingdom, WC2H 9JQ",,,,,,,,,1
56280,15089,SOFTWARE EXPERTS GROUP LTD,Q UN LIMITED,"71-75 Shelton Street, Covent Garden, London, England, WC2H 9JQ","71-75 Shelton Street, Covent Garden, London, United Kingdom, WC2H 9JQ",,,,,,,,,1
56280,18039,SOFTWARE EXPERTS GROUP LTD,Z & K DISTRIBUTORS LIMITED,"71-75 Shelton Street, Covent Garden, London, England, WC2H 9JQ","71-75 Shelton Street, Covent Garden, London, United Kingdom, WC2H 9JQ",,,,,,,,,1
56280,18878,SOFTWARE EXPERTS GROUP LTD,FOOD & BEVERAGE INTERNATIONAL LTD,"71-75 Shelton Street, Covent Garden, London, England, WC2H 9JQ","71-75 Shelton Street, Covent Garden, London, United Kingdom, WC2H 9JQ",,,,,,,,,1
56280,19784,SOFTWARE EXPERTS GROUP LTD,S A GUARANTEE SPECIALISTS UK LIMITED,"71-75 Shelton Street, Covent Garden, London, England, WC2H 9JQ","71-75 Shelton Street, Covent Garden, London, United Kingdom, WC2H 9JQ",,,,,,,,,1
56280,19928,SOFTWARE EXPERTS GROUP LTD,ALL ABOUT ME ENTERPRISES LIMITED,"71-75 Shelton Street, Covent Garden, London, England, WC2H 9JQ","71-75 Shelton Street, Covent Garden, London, United Kingdom, WC2H 9JQ",,,,,,,,,1
56280,21691,SOFTWARE EXPERTS GROUP LTD,NEW AGE AGENCY AND SERVICES LIMITED,"71-75 Shelton Street, Covent Garden, London, England, WC2H 9JQ","71-75 Shelton Street, Covent Garden, London, United Kingdom, WC2H 9JQ",,,,,,,,,1
56280,25329,SOFTWARE EXPERTS GROUP LTD,NEW AGE GAMES LIMITED,"71-75 Shelton Street, Covent Garden, London, England, WC2H 9JQ","71-75 Shelton Street, Covent Garden, London, United Kingdom, WC2H 9JQ",,,,,,,,,1
56280,28246,SOFTWARE EXPERTS GROUP LTD,BEAUTY BOLD PR LTD,"71-75 Shelton Street, Covent Garden, London, England, WC2H 9JQ","71-75 Shelton Street, Covent Garden, London, United Kingdom, WC2H 9JQ",,,,,,,,,1
56280,35542,SOFTWARE EXPERTS GROUP LTD,BEAUTY BLOCKS LTD,"71-75 Shelton Street, Covent Garden, London, England, WC2H 9JQ","71-75 Shelton Street, Covent Garden, London, United Kingdom, WC2H 9JQ",,,,,,,,,1
56280,36427,SOFTWARE EXPERTS GROUP LTD,SOFTWARE KEYS-SK LTD,"71-75 Shelton Street, Covent Garden, London, England, WC2H 9JQ","71-75 Shelton Street, Covent Garden, London, United Kingdom, WC2H 9JQ",,,,,,,,,1
56280,36970,SOFTWARE EXPERTS GROUP LTD,NIKOLIC FINANCES LTD,"71-75 Shelton Street, Covent Garden, London, England, WC2H 9JQ","71-75 Shelton Street, Covent Garden, London, United Kingdom, WC2H 9JQ",,,,,,,,,1
56280,37218,SOFTWARE EXPERTS GROUP LTD,U CHOZE LIMITED,"71-75 Shelton Street, Covent Garden, London, England, WC2H 9JQ","71-75 Shelton Street, Covent Garden, London, United Kingdom, WC2H 9JQ",,,,,,,,,1
56280,44310,SOFTWARE EXPERTS GROUP LTD,NEW AGES TECHNOLOGIES LTD,"71-75 Shelton Street, Covent Garden, London, England, WC2H 9JQ","71-75 Shelton Street, Covent Garden, London, United Kingdom, WC2H 9JQ",,,,,,,,,1
56280,46096,SOFTWARE EXPERTS GROUP LTD,BEAUTY AND A BOND LIMITED,"71-75 Shelton Street, Covent Garden, London, England, WC2H 9JQ","71-75 Shelton Street, Covent Garden, London, United Kingdom, WC2H 9JQ",,,,,,,,,1
56280,47429,SOFTWARE EXPERTS GROUP LTD,SOFTWARE SOLUTIONS ESD LIMITED,"71-75 Shelton Street, Covent Garden, London, England, WC2H 9JQ","71-75 Shelton Street, Covent Garden, London, United Kingdom, WC2H 9JQ",,,,,,,,,1
56280,49423,SOFTWARE EXPERTS GROUP LTD,Q ENVIRONMENTAL LIMITED,"71-75 Shelton Street, Covent Garden, London, England, WC2H 9JQ","71-75 Shelton Street, Covent Garden, London, United Kingdom, WC2H 9JQ",,,,,,,,,1
56280,52699,SOFTWARE EXPERTS GROUP LTD,R A J S EVANS INVESTMENT COMPANY LTD,"71-75 Shelton Street, Covent Garden, London, England, WC2H 9JQ","71-75 Shelton Street, Covent Garden, London, United Kingdom, WC2H 9JQ",,,,,,,,,1
56280,54407,SOFTWARE EXPERTS GROUP LTD,Q & F CARE SOLUTIONS LTD,"71-75 Shelton Street, Covent Garden, London, England, WC2H 9JQ","71-75 Shelton Street, Covent Garden, London, United Kingdom, WC2H 9JQ",,,,,,,,,1
56280,54861,SOFTWARE EXPERTS GROUP LTD,FOOD AND THOUGHTS TECH LTD,"71-75 Shelton Street, Covent Garden, London, England, WC2H 9JQ","71-75 Shelton Street, Covent Garden, London, United Kingdom, WC2H 9JQ",,,,,,,,,1
56348,50449,Yue Yuen Industrial (Holdings) Ltd,Pou Sheng International (Holdings) Ltd,"22nd Floor,C-Bons International, Center,108 Wai Yip Street, Kwun Tong, Kowloon","22nd Floor,C-Bons International, Center,108 Wai Yip Street, Kwun Tong, Kowloon, Hong Kong",,,,,,,,,1
56355,31288,Casillo Commodities Italia Spa,Molino Casillo Spa,"VIA ANTONIO SANT'ELIA ZONA INDUSTRIALE SNC, CORATO, 70033, BARI, ITALY","VIA ANTONIO SANT'ELIA ZONA INDUSTRIALE, CORATO, 70033, BARI, ITALY",,,,,IT04454620727,IT00252860721,,,1
56454,26635,Telecom Italia Spa,Kia Italia Srl,"VIA GAETANO NEGRI 1, MILANO, 20123, MILANO, ITALY","VIA GALLARATE 184, MILANO, 20151, MILANO, ITALY",,,,,IT00488410010,IT07369940965,,,1
56541,49796,China CAMC Engineering Co Ltd,Postal Savings Bank of China Co Ltd,"No.3 Danleng Street, Haidian District, Beijing, 100080","No.3 Financial Avenue, Xicheng District, Beijing, 100808",,,,,,,,,1
56576,20579,Qatar Islamic Bank,The Commercial Bank PSQC,"Grand Hamad Ave, P.O. Box 559, Doha","Grand Hamad Avenue, P.O. Box 3232, Doha",,,,,Qatar,,,,1
56774,3108,BEAUTY AGENDA APP LTD,FOOD COMPLIANT ENGINEERING LTD,"20-22 Wenlock Road, London, England, N1 7GU","20-22 Wenlock Road, London, N1 7GU",,,,,,,,,1
56774,18166,BEAUTY AGENDA APP LTD,GOOD AND BETTER LTD,"20-22 Wenlock Road, London, England, N1 7GU","20-22 Wenlock Road, London, N1 7GU",,,,,,,,,1
56783,5420,Siegfried Holding AG,UNIQA Insurance Group AG,"Untere Bruehlstrasse 4, Zofingen, 4800","Untere Donaustrasse 21, Wien, 1029",,,,,,,,,1
56885,39213,Autotorino Spa,Wuerth Srl,"VIA STAZIONE 4, COSIO VALTELLINO, 23013, SONDRIO, ITALY","VIA STAZIONE 51, EGNA, 39044, BOLZANO, ITALY",,,,,IT10024610155,IT00125230219,,,1
56900,20819,Horizon Therapeutics Plc,Alkermes Plc,"Connaught House, 1st Floor, 1 Burlington Road, Dublin, D04C5Y6","Connaught Hse, 1 Burlington Road, Dublin, 00000",,,,,,,,,1
56924,35781,Z & A BEAUMONT LTD,H AND B GLOBAL LTD,"Dalton House, 60 Windsor Avenue, London, England, SW19 2RR","Dalton House, 60 Windsor Avenue, London, United Kingdom, SW19 2RR",,,,,,,,,1
56956,13192,R A LEADBEATTER ENGINEERING LTD,U & A AHMED LIMITED,"Beaumont Accountancy First Floor, Enterprise House, 202-206 Linthorpe Road, Middlesbrough, Cleveland, TS1 3QW","Beaumont Accountancy Services 1st Floor Enterprise House, 202-206 Linthorpe Road, Middlesbrough, England, TS1 3QW",,,,,,,,,1
56956,42802,R A LEADBEATTER ENGINEERING LTD,Q BUILD WAKEFIELD LTD,"Beaumont Accountancy First Floor, Enterprise House, 202-206 Linthorpe Road, Middlesbrough, Cleveland, TS1 3QW","Beaumont Accountancy Services 1st Floor Enterprise House, 202-206 Linthorpe Road, Middlesbrough, England, TS1 3QW",,,,,,,,,1
57041,27386,Denso Corp,Toyota Boshoku Corp,"1-1, Showa-Cho, Kariya-Shi, Aichi, 448-8661","1-1, Toyoda-Cho, Kariya-Shi, Aichi, 448-8651",,,,,,,,,1
57051,7347,SOFTWARE AND PROCESS APPLICATIONS LIMITED,SOFTWARE TECHNOLOGIES LTD,"C/O Intouch Accounting Everdene House, Deansleigh Road, Bournemouth, United Kingdom, BH7 7DU","C/O Intouch Accounting Suite 1, Second Floor, Everdene House, Deansleigh Road, Bournemouth, Dorset, England, BH7 7DU",,,,,,,,,1
57097,3108,BAD SADDLE STABLES LTD,FOOD COMPLIANT ENGINEERING LTD,"20-22 Wenlock Road, London, England, N1 7GU","20-22 Wenlock Road, London, N1 7GU",,,,,,,,,1
57097,18166,BAD SADDLE STABLES LTD,GOOD AND BETTER LTD,"20-22 Wenlock Road, London, England, N1 7GU","20-22 Wenlock Road, London, N1 7GU",,,,,,,,,1
57135,40126,Santander Bank Polska SA,PZU SA,"Al. Jana Pawla Ii 17, Warszawa, 00-854","Al. Jana Pawla Ii 24, Warszawa, 00-133",,,,,,,,,1
57424,40355,Coeclerici Spa,Verofin Srl,"PIAZZA GENERALE ARMANDO DIAZ 7, MILANO, 20123, MILANO, ITALY","PIAZZA GIOVINE ITALIA 3, MILANO, 20123, MILANO, ITALY",,,,,IT00269690103,IT06827090967,,,1
57516,48435,FOOD DELIVERY LTD,Z &H CONSULTANTS LTD,"85 Great Portland Street, First Floor, London, England, W1W 7LT","85 Great Portland Street, First Floor, London, United Kingdom, W1W 7LT",,,,,,,,,1
57517,38146,GOOD ALTERNATIVES LIMITED,K2A FINANCES LIMITED,"290 Moston Lane, Manchester, England, M40 9WB","290 Moston Lane, Manchester, United Kingdom, M40 9WB",,,,,,,,,1
57694,5455,Information Services International-Dentsu Ltd,Tsumura & Co,"2-17-1, Konan, Minato-Ku, Tokyo, 108-0075","2-17-11, Akasaka, Minato-Ku, Tokyo, 107-8521",,,,,,Japan,,Asia,1
57743,40740,SOFTWARE SOLUTIONS CONSULTANCY LIMITED,T & A PROPERTIES LIMITED,"21 Hyde Park Road, Leeds, England, LS6 1PY","21 Hyde Park Road, Leeds, Yorkshire, LS6 1PY",,,,,,,,,1
57792,55415,T. & B. CONTAINERS HOLDINGS LTD,T. & B. CONTAINERS LIMITED,"Brenton Villa, Wrangle Bank, Boston, Lincolnshire, England, PE22 9DL","Brenton Villa, Wrangle Bank, Boston, PE22 9DL",,,,,,,,,1
57835,31479,Orion Corp,Oriola Corp,"Orionintie 1a, Espoo, 02200","Orionintie 5, Espoo, 02200",,,,,,,,,1
57884,27654,Barclays Plc,Balfour Beatty Plc,"Canary Wharf, 1 Churchill Place, London, E145HP","Canary Wharf, 5 Churchill Place, London, E145HU",,,London,,UK,,Europe,,1
58007,29098,United Arrows Ltd.,EXEO Group Inc,"3-28-1, Jingumae, Shibuya-Ku, Tokyo, 150-0001","3-29-20, Shibuya, Shibuya-Ku, Tokyo, 150-0002",,,,,,,,,1
58030,12001,SOFTWARE IMAGING LIMITED,SOFTWARE IMAGING TECHNOLOGY LIMITED,"Urbanoid, 1 King's Meadow, Oxford, England, OX2 0DP","Urbanoid, 1 King's Meadow, Oxford, Oxfordshire, England, OX2 0DP",,,,,,,,,1
58037,34218,Bonfi Srl,Saras Spa,"GALLERIA GUGLIELMO MARCONI 1, BOLOGNA, 40122, BOLOGNA, ITALY","GALLERIA PASSARELLA 2, MILANO, 20122, MILANO, ITALY",,,,,IT03612091201,IT00136440922,,,1
58037,47387,Bonfi Srl,Sarlux Srl,"GALLERIA GUGLIELMO MARCONI 1, BOLOGNA, 40122, BOLOGNA, ITALY","GALLERIA PASSARELLA 2, MILANO, 20122, MILANO, ITALY",,,,,IT03612091201,IT02093140925,,,1
58107,28878,Z & S (PORTSLADE) LTD,Z & S HOLDINGS LTD,"Demar House 14 Church Road, East Wittering, Chichester, West Sussex, England, PO20 8PS","Demar House 14 Church Road, East Wittering, Chichester, West Sussex, United Kingdom, PO20 8PS",,,,,,,,,1
58265,11209,BAD BEES MANAGEMENT LTD,FINANCE SOLUTIONS JACEK LIMITED,"Lytchett House 13 Freeland Park, Wareham Road, Poole, Dorset, United Kingdom, BH16 6FA","Lytchett House Wareham Road, 13 Freeland Park, Poole, England, BH16 6FA",,,,,,,,,1
58294,42477,GOOD AUTOS LIMITED,GOOD AUTOS SERVICE CENTRE LTD,"21c Ballygowan Road, Saintfield, Ballynahinch, Northern Ireland, BT24 7ER","21d Ballygowan Road, Saintfield, Ballynahinch, Northern Ireland, BT24 7ER",,,,,,,,,1
58302,47143,SOFTWARE PRO COMPANY LIMITED,P AND A EYECARE LIMITED,"Kemp House, 160 City Road, London, United Kingdom, EC1V 2NX","Kemp House, City Road, London, England, EC1V 2NX",,,,,,,,,1
58423,52248,Mitsubishi Heavy Industries Ltd,Nippon Steel Corp,"Marunouchi Nijubashi Bldg., 3-2-3, Marunouchi, Chiyoda-Ku, Tokyo, 100-8332","Marunouchi Park Bldg., 2-6-1, Marunouchi, Chiyoda-Ku, Tokyo, 100-8071",,,,,,,,,1
58435,7336,Bajaj Finance Ltd,Bajaj Finserv Ltd,"6th Floor, Bajaj Finserv Corporate Offc, Off Pune-Ahmednagar Road, Viman Nagar, Maharashtra, 411014","6th Floor, Bajaj Finserv Corporate Offic, Pune, 411014",,,,,,,,,1
58487,51542,SOFTWARE TECHNO LIMITED,BAD GYAL PROMOTIONS LIMITED,"PO Box 4385, 13059392: COMPANIES HOUSE DEFAULT ADDRESS, Cardiff, CF14 8LH","PO Box 4385, 13146642: COMPANIES HOUSE DEFAULT ADDRESS, Cardiff, CF14 8LH",,,,,,,,,1
58502,10358,Magellan Midstream Partners LP,The Williams Companies Inc,"One Williams Center, Md 28-1, Tulsa, Oklahoma, 74172","One Williams Ctr, Tulsa, Oklahoma, 74172",,,,,,,,,1
58515,13832,BEAUTY & DETOX SPA ACADEMY LTD,BEAUTY & DETOX SPA LIMITED,"36 Broadway Parade, Crouch End, London, England, N8 9DB","36 Broadway Parade, Crouch End, London, N8 9DB",,,,,,,,,1
58576,17122,P & A PROPERTIES (CAMBRIDGE) LTD,TALKING T'S LIMITED,"Normans Corner 41 Church Lane, Fulbourn, Cambridge, Cambridgeshire, United Kingdom, CB21 5EP","Normans Corner 41 Church Lane, Fulbourn, Cambridge, England, CB21 5EP",,,,,,,,,1
58595,18369,Hilton Worldwide Holdings Inc,Gannett Co Inc,"7930 Jones Branch Dr Ste 1100, Mclean, Virginia, 22102","7950 Jones Branch Drive, Mclean, Virginia, 22107",,,,,,,,,1
58649,46139,Q AND ASA LIMITED,KTDM LIMITED,"7 Bell Yard, London, England, WC2A 2JR","7 Bell Yard, London, United Kingdom, WC2A 2JR",,,,,,,,,1
58713,35034,J.P. Morgan Private Bank,JPMorgan Chase & Co,"383 Madison Avenue, New York City, 10179-0001","383 Madison Avenue, New York, 10017",,,,,,,,,1
58714,28138,BAD APPLE HAIR STAFFORD LIMITED,BAD APPLE HAIR DERBY LIMITED,"16 Victoria Street, Wolverhampton, England, WV1 3NP","16 Victoria Street, Wolverhampton, United Kingdom, WV1 3NP",,,,,,,,,1
58738,10402,BEAUTY BLUSH LIMITED,P & A SECURITY AND FACILITIES MANAGEMENT LIMITED,"PO Box 4385, 13460160: COMPANIES HOUSE DEFAULT ADDRESS, Cardiff, CF14 8LH","PO Box 4385, 13465333 - COMPANIES HOUSE DEFAULT ADDRESS, Cardiff, CF14 8LH",,,,,,,,,1
58787,46867,S A ACCESS SOLUTIONS LTD,FINANCE SOS LIMITED,"Unit 4 Hurricane Drive, Hurricane Business Park, Liverpool, Merseyside, England, L24 8RL","Unit 4 Hurricane Drive, Hurricane Business Park, Liverpool, Merseyside, L24 8RL",,,,,,,,,1
58908,36009,AADITRI IT SOLUTIONS LTD,HERMES CORPORATE AND FINANCES (UK) LIMITED,"71-75 Shelton Street, Covent Garden, London, United Kingdom, WC2H 9JQ","71-75 Shelton Street, Covent Garden, London, WC2H 9JQ",,,,,,,,,1
58919,6948,SJP FINANCES LTD,NEW AGE FINANCE LTD,"International House, 12 Constance Street, London, United Kingdom, E16 2DQ","International House, 142 Cromwell Road, London, United Kingdom, SW7 4EF",,,,,,,,,1
58919,49949,SJP FINANCES LTD,AURORA FINANCES LTD,"International House, 12 Constance Street, London, United Kingdom, E16 2DQ","International House, 142 Cromwell Road, London, United Kingdom, SW7 4EF",,,,,,,,,1
58971,47143,SOFTWARE ADVICE SERVICE LIMITED,P AND A EYECARE LIMITED,"Kemp House, 160 City Road, London, United Kingdom, EC1V 2NX","Kemp House, City Road, London, England, EC1V 2NX",,,,,,,,,1
59062,263,FA FINANCES LTD,ALL ABOUT KIDS LTD,"71-75 Shelton Street, Covent Garden, London, England, WC2H 9JQ","71-75 Shelton Street, Covent Garden, London, United Kingdom, WC2H 9JQ",,,,,,,,,1
59062,3444,FA FINANCES LTD,U BROWN LTD,"71-75 Shelton Street, Covent Garden, London, England, WC2H 9JQ","71-75 Shelton Street, Covent Garden, London, United Kingdom, WC2H 9JQ",,,,,,,,,1
59062,3775,FA FINANCES LTD,T & B ENGINEERING SOLUTIONS LTD,"71-75 Shelton Street, Covent Garden, London, England, WC2H 9JQ","71-75 Shelton Street, Covent Garden, London, United Kingdom, WC2H 9JQ",,,,,,,,,1
59062,4375,FA FINANCES LTD,H & A ENGINEERING LTD,"71-75 Shelton Street, Covent Garden, London, England, WC2H 9JQ","71-75 Shelton Street, Covent Garden, London, United Kingdom, WC2H 9JQ",,,,,,,,,1
59062,4438,FA FINANCES LTD,BEAUTY BOOSTERS LTD,"71-75 Shelton Street, Covent Garden, London, England, WC2H 9JQ","71-75 Shelton Street, Covent Garden, London, United Kingdom, WC2H 9JQ",,,,,,,,,1
59062,6594,FA FINANCES LTD,U EVENTS LIMITED,"71-75 Shelton Street, Covent Garden, London, England, WC2H 9JQ","71-75 Shelton Street, Covent Garden, London, United Kingdom, WC2H 9JQ",,,,,,,,,1
59062,7607,FA FINANCES LTD,GOOD ADVICE DEBT COMPANY LIMITED,"71-75 Shelton Street, Covent Garden, London, England, WC2H 9JQ","71-75 Shelton Street, Covent Garden, London, United Kingdom, WC2H 9JQ",,,,,,,,,1
59062,11053,FA FINANCES LTD,ALL ABOUT THE SAAS LTD,"71-75 Shelton Street, Covent Garden, London, England, WC2H 9JQ","71-75 Shelton Street, Covent Garden, London, United Kingdom, WC2H 9JQ",,,,,,,,,1
59062,12838,FA FINANCES LTD,Q CONSULTING GROUP LTD,"71-75 Shelton Street, Covent Garden, London, England, WC2H 9JQ","71-75 Shelton Street, Covent Garden, London, United Kingdom, WC2H 9JQ",,,,,,,,,1
59062,15089,FA FINANCES LTD,Q UN LIMITED,"71-75 Shelton Street, Covent Garden, London, England, WC2H 9JQ","71-75 Shelton Street, Covent Garden, London, United Kingdom, WC2H 9JQ",,,,,,,,,1
59062,18039,FA FINANCES LTD,Z & K DISTRIBUTORS LIMITED,"71-75 Shelton Street, Covent Garden, London, England, WC2H 9JQ","71-75 Shelton Street, Covent Garden, London, United Kingdom, WC2H 9JQ",,,,,,,,,1
59062,18878,FA FINANCES LTD,FOOD & BEVERAGE INTERNATIONAL LTD,"71-75 Shelton Street, Covent Garden, London, England, WC2H 9JQ","71-75 Shelton Street, Covent Garden, London, United Kingdom, WC2H 9JQ",,,,,,,,,1
59062,19784,FA FINANCES LTD,S A GUARANTEE SPECIALISTS UK LIMITED,"71-75 Shelton Street, Covent Garden, London, England, WC2H 9JQ","71-75 Shelton Street, Covent Garden, London, United Kingdom, WC2H 9JQ",,,,,,,,,1
59062,19928,FA FINANCES LTD,ALL ABOUT ME ENTERPRISES LIMITED,"71-75 Shelton Street, Covent Garden, London, England, WC2H 9JQ","71-75 Shelton Street, Covent Garden, London, United Kingdom, WC2H 9JQ",,,,,,,,,1
59062,21691,FA FINANCES LTD,NEW AGE AGENCY AND SERVICES LIMITED,"71-75 Shelton Street, Covent Garden, London, England, WC2H 9JQ","71-75 Shelton Street, Covent Garden, London, United Kingdom, WC2H 9JQ",,,,,,,,,1
59062,25329,FA FINANCES LTD,NEW AGE GAMES LIMITED,"71-75 Shelton Street, Covent Garden, London, England, WC2H 9JQ","71-75 Shelton Street, Covent Garden, London, United Kingdom, WC2H 9JQ",,,,,,,,,1
59062,28246,FA FINANCES LTD,BEAUTY BOLD PR LTD,"71-75 Shelton Street, Covent Garden, London, England, WC2H 9JQ","71-75 Shelton Street, Covent Garden, London, United Kingdom, WC2H 9JQ",,,,,,,,,1
59062,35542,FA FINANCES LTD,BEAUTY BLOCKS LTD,"71-75 Shelton Street, Covent Garden, London, England, WC2H 9JQ","71-75 Shelton Street, Covent Garden, London, United Kingdom, WC2H 9JQ",,,,,,,,,1
59062,36427,FA FINANCES LTD,SOFTWARE KEYS-SK LTD,"71-75 Shelton Street, Covent Garden, London, England, WC2H 9JQ","71-75 Shelton Street, Covent Garden, London, United Kingdom, WC2H 9JQ",,,,,,,,,1
59062,36970,FA FINANCES LTD,NIKOLIC FINANCES LTD,"71-75 Shelton Street, Covent Garden, London, England, WC2H 9JQ","71-75 Shelton Street, Covent Garden, London, United Kingdom, WC2H 9JQ",,,,,,,,,1
59062,37218,FA FINANCES LTD,U CHOZE LIMITED,"71-75 Shelton Street, Covent Garden, London, England, WC2H 9JQ","71-75 Shelton Street, Covent Garden, London, United Kingdom, WC2H 9JQ",,,,,,,,,1
59062,44310,FA FINANCES LTD,NEW AGES TECHNOLOGIES LTD,"71-75 Shelton Street, Covent Garden, London, England, WC2H 9JQ","71-75 Shelton Street, Covent Garden, London, United Kingdom, WC2H 9JQ",,,,,,,,,1
59062,46096,FA FINANCES LTD,BEAUTY AND A BOND LIMITED,"71-75 Shelton Street, Covent Garden, London, England, WC2H 9JQ","71-75 Shelton Street, Covent Garden, London, United Kingdom, WC2H 9JQ",,,,,,,,,1
59062,47429,FA FINANCES LTD,SOFTWARE SOLUTIONS ESD LIMITED,"71-75 Shelton Street, Covent Garden, London, England, WC2H 9JQ","71-75 Shelton Street, Covent Garden, London, United Kingdom, WC2H 9JQ",,,,,,,,,1
59062,49423,FA FINANCES LTD,Q ENVIRONMENTAL LIMITED,"71-75 Shelton Street, Covent Garden, London, England, WC2H 9JQ","71-75 Shelton Street, Covent Garden, London, United Kingdom, WC2H 9JQ",,,,,,,,,1
59062,52699,FA FINANCES LTD,R A J S EVANS INVESTMENT COMPANY LTD,"71-75 Shelton Street, Covent Garden, London, England, WC2H 9JQ","71-75 Shelton Street, Covent Garden, London, United Kingdom, WC2H 9JQ",,,,,,,,,1
59062,54407,FA FINANCES LTD,Q & F CARE SOLUTIONS LTD,"71-75 Shelton Street, Covent Garden, London, England, WC2H 9JQ","71-75 Shelton Street, Covent Garden, London, United Kingdom, WC2H 9JQ",,,,,,,,,1
59062,54861,FA FINANCES LTD,FOOD AND THOUGHTS TECH LTD,"71-75 Shelton Street, Covent Garden, London, England, WC2H 9JQ","71-75 Shelton Street, Covent Garden, London, United Kingdom, WC2H 9JQ",,,,,,,,,1
59062,58908,FA FINANCES LTD,AADITRI IT SOLUTIONS LTD,"71-75 Shelton Street, Covent Garden, London, England, WC2H 9JQ","71-75 Shelton Street, Covent Garden, London, United Kingdom, WC2H 9JQ",,,,,,,,,1
59094,2962,ALL ABOUT WEDDINGS LTD,ALL ABOUT WEDDINGS GROUP LTD,"103a High Street, Lees, OL4 4LY","103a High Street, Lees, Oldham, United Kingdom, OL4 4LY",,,,,,,,,1
59150,8580,Q CRANE & PLANT HIRE LIMITED,Q CRANE HIRE LIMITED,"1 Stampstone Street, Oldham, Greater Manchester, OL1 3PW","1 Stampstone Street, Oldham, Lancashire, OL1 3PW",,,,,,,,,1
59229,26376,P A EDGAR PLUMBING & HEATING LTD,SOFTWARE DESIGNS (SOUTHERN) LIMITED,"Walker House, Market Place, Somerton, Somerset, England, TA11 7LZ","Walker House, Market Place, Somerton, Somerset, TA11 7LZ",,,,,,,,,1
59249,37836,Sony Group Corp,Oki Electric Industry Co Ltd,"1-7-1, Konan, Minato-Ku, Tokyo, 108-0075","1-7-12, Toranomon, Minato-Ku, Tokyo, 105-8460",,,,,,,,,1
59407,37895,NEW AD SPOT LTD,R A HOME TRADERS LTD,"Office 275b, 182-184 High Street North, London, United Kingdom, E6 2JA","Office 2797 182-184 High Street North, East Ham, London, United Kingdom, E6 2JA",,,,,,,,,1
59410,21320,V & R INVESTMENTS LTD,V & R BUSINESS LTD,"Unit 24 Highcroft Industrial Estate Enterprise Road, Horndean, Waterlooville, England, PO8 0BT","Unit 24 Highcroft Industrial Estate Enterprise Road, Horndean, Waterlooville, Hampshire, United Kingdom, PO8 0BT",,,,,,,,,1
59505,47703,Prysmian Spa,Kos Spa,"VIA CHIESE 6, MILANO, 20126, MILANO, ITALY","VIA CIOVASSINO 1, MILANO, 20121, MILANO, ITALY",,,,,IT04866320965,IT10674520159,,,1
59586,23700,Dedalus Healthcare Systems Group Spa,Umana Spa,"VIA COLLODI 6/C, FIRENZE, 50141, FIRENZE, ITALY","VIA COLOMBARA 113, VENEZIA, 30176, VENEZIA, ITALY",,,,,IT06405660488,IT03171510278,,,1
59586,39889,Dedalus Healthcare Systems Group Spa,Lb Holding Spa,"VIA COLLODI 6/C, FIRENZE, 50141, FIRENZE, ITALY","VIA COLOMBARA 113, VENEZIA, 30176, VENEZIA, ITALY",,,,,IT06405660488,IT04455700270,,,1
59658,47830,Huadian Power International Corporation Ltd,China National Chemical Engineering Co Ltd,"No. 2 Xuanwumennei Avenue, Xicheng District, Beijing, 100031","No. 2, Dongzhimennei Avenue, Dongcheng District, Beijing, 100007",,,,,,,,,1
59730,57781,ALL ABOARD TRANSPORT LIMITED,ALL ABOARD CARING HANDS LIMITED,"Barakah House 4 Appleton Road, Loughton, Essex, Essex, United Kingdom, IG10 2HH","Barakah House, 4 Appleton Road, Loughton, Essex, England, IG10 2HH",,,,,,,,,1
59772,2415,Otb Spa,Eq Cables Spa,"VIA DELL'INDUSTRIA 2, BREGANZE, 36042, VICENZA, ITALY","VIA DELL'INDUSTRIA 22, CONSELICE, 48017, RAVENNA, ITALY",,,,,IT01571110244,IT02522480371,,,1
59772,13586,Otb Spa,General Cavi Spa,"VIA DELL'INDUSTRIA 2, BREGANZE, 36042, VICENZA, ITALY","VIA DELL'INDUSTRIA 22, CONSELICE, 48017, RAVENNA, ITALY",,,,,IT01571110244,IT01208310399,,,1
59836,263,Z (CORPS) INTERNATIONAL LIMITED,ALL ABOUT KIDS LTD,"71-75 Shelton Street, Covent Garden, London, England, WC2H 9JQ","71-75 Shelton Street, Covent Garden, London, United Kingdom, WC2H 9JQ",,,,,,,,,1
59836,3444,Z (CORPS) INTERNATIONAL LIMITED,U BROWN LTD,"71-75 Shelton Street, Covent Garden, London, England, WC2H 9JQ","71-75 Shelton Street, Covent Garden, London, United Kingdom, WC2H 9JQ",,,,,,,,,1
59836,3775,Z (CORPS) INTERNATIONAL LIMITED,T & B ENGINEERING SOLUTIONS LTD,"71-75 Shelton Street, Covent Garden, London, England, WC2H 9JQ","71-75 Shelton Street, Covent Garden, London, United Kingdom, WC2H 9JQ",,,,,,,,,1
59836,4375,Z (CORPS) INTERNATIONAL LIMITED,H & A ENGINEERING LTD,"71-75 Shelton Street, Covent Garden, London, England, WC2H 9JQ","71-75 Shelton Street, Covent Garden, London, United Kingdom, WC2H 9JQ",,,,,,,,,1
59836,4438,Z (CORPS) INTERNATIONAL LIMITED,BEAUTY BOOSTERS LTD,"71-75 Shelton Street, Covent Garden, London, England, WC2H 9JQ","71-75 Shelton Street, Covent Garden, London, United Kingdom, WC2H 9JQ",,,,,,,,,1
59836,6594,Z (CORPS) INTERNATIONAL LIMITED,U EVENTS LIMITED,"71-75 Shelton Street, Covent Garden, London, England, WC2H 9JQ","71-75 Shelton Street, Covent Garden, London, United Kingdom, WC2H 9JQ",,,,,,,,,1
59836,7607,Z (CORPS) INTERNATIONAL LIMITED,GOOD ADVICE DEBT COMPANY LIMITED,"71-75 Shelton Street, Covent Garden, London, England, WC2H 9JQ","71-75 Shelton Street, Covent Garden, London, United Kingdom, WC2H 9JQ",,,,,,,,,1
59836,11053,Z (CORPS) INTERNATIONAL LIMITED,ALL ABOUT THE SAAS LTD,"71-75 Shelton Street, Covent Garden, London, England, WC2H 9JQ","71-75 Shelton Street, Covent Garden, London, United Kingdom, WC2H 9JQ",,,,,,,,,1
59836,12838,Z (CORPS) INTERNATIONAL LIMITED,Q CONSULTING GROUP LTD,"71-75 Shelton Street, Covent Garden, London, England, WC2H 9JQ","71-75 Shelton Street, Covent Garden, London, United Kingdom, WC2H 9JQ",,,,,,,,,1
59836,15089,Z (CORPS) INTERNATIONAL LIMITED,Q UN LIMITED,"71-75 Shelton Street, Covent Garden, London, England, WC2H 9JQ","71-75 Shelton Street, Covent Garden, London, United Kingdom, WC2H 9JQ",,,,,,,,,1
59836,18039,Z (CORPS) INTERNATIONAL LIMITED,Z & K DISTRIBUTORS LIMITED,"71-75 Shelton Street, Covent Garden, London, England, WC2H 9JQ","71-75 Shelton Street, Covent Garden, London, United Kingdom, WC2H 9JQ",,,,,,,,,1
59836,18878,Z (CORPS) INTERNATIONAL LIMITED,FOOD & BEVERAGE INTERNATIONAL LTD,"71-75 Shelton Street, Covent Garden, London, England, WC2H 9JQ","71-75 Shelton Street, Covent Garden, London, United Kingdom, WC2H 9JQ",,,,,,,,,1
59836,19784,Z (CORPS) INTERNATIONAL LIMITED,S A GUARANTEE SPECIALISTS UK LIMITED,"71-75 Shelton Street, Covent Garden, London, England, WC2H 9JQ","71-75 Shelton Street, Covent Garden, London, United Kingdom, WC2H 9JQ",,,,,,,,,1
59836,19928,Z (CORPS) INTERNATIONAL LIMITED,ALL ABOUT ME ENTERPRISES LIMITED,"71-75 Shelton Street, Covent Garden, London, England, WC2H 9JQ","71-75 Shelton Street, Covent Garden, London, United Kingdom, WC2H 9JQ",,,,,,,,,1
59836,21691,Z (CORPS) INTERNATIONAL LIMITED,NEW AGE AGENCY AND SERVICES LIMITED,"71-75 Shelton Street, Covent Garden, London, England, WC2H 9JQ","71-75 Shelton Street, Covent Garden, London, United Kingdom, WC2H 9JQ",,,,,,,,,1
59836,25329,Z (CORPS) INTERNATIONAL LIMITED,NEW AGE GAMES LIMITED,"71-75 Shelton Street, Covent Garden, London, England, WC2H 9JQ","71-75 Shelton Street, Covent Garden, London, United Kingdom, WC2H 9JQ",,,,,,,,,1
59836,28246,Z (CORPS) INTERNATIONAL LIMITED,BEAUTY BOLD PR LTD,"71-75 Shelton Street, Covent Garden, London, England, WC2H 9JQ","71-75 Shelton Street, Covent Garden, London, United Kingdom, WC2H 9JQ",,,,,,,,,1
59836,35542,Z (CORPS) INTERNATIONAL LIMITED,BEAUTY BLOCKS LTD,"71-75 Shelton Street, Covent Garden, London, England, WC2H 9JQ","71-75 Shelton Street, Covent Garden, London, United Kingdom, WC2H 9JQ",,,,,,,,,1
59836,36427,Z (CORPS) INTERNATIONAL LIMITED,SOFTWARE KEYS-SK LTD,"71-75 Shelton Street, Covent Garden, London, England, WC2H 9JQ","71-75 Shelton Street, Covent Garden, London, United Kingdom, WC2H 9JQ",,,,,,,,,1
59836,36970,Z (CORPS) INTERNATIONAL LIMITED,NIKOLIC FINANCES LTD,"71-75 Shelton Street, Covent Garden, London, England, WC2H 9JQ","71-75 Shelton Street, Covent Garden, London, United Kingdom, WC2H 9JQ",,,,,,,,,1
59836,37218,Z (CORPS) INTERNATIONAL LIMITED,U CHOZE LIMITED,"71-75 Shelton Street, Covent Garden, London, England, WC2H 9JQ","71-75 Shelton Street, Covent Garden, London, United Kingdom, WC2H 9JQ",,,,,,,,,1
59836,44310,Z (CORPS) INTERNATIONAL LIMITED,NEW AGES TECHNOLOGIES LTD,"71-75 Shelton Street, Covent Garden, London, England, WC2H 9JQ","71-75 Shelton Street, Covent Garden, London, United Kingdom, WC2H 9JQ",,,,,,,,,1
59836,46096,Z (CORPS) INTERNATIONAL LIMITED,BEAUTY AND A BOND LIMITED,"71-75 Shelton Street, Covent Garden, London, England, WC2H 9JQ","71-75 Shelton Street, Covent Garden, London, United Kingdom, WC2H 9JQ",,,,,,,,,1
59836,47429,Z (CORPS) INTERNATIONAL LIMITED,SOFTWARE SOLUTIONS ESD LIMITED,"71-75 Shelton Street, Covent Garden, London, England, WC2H 9JQ","71-75 Shelton Street, Covent Garden, London, United Kingdom, WC2H 9JQ",,,,,,,,,1
59836,49423,Z (CORPS) INTERNATIONAL LIMITED,Q ENVIRONMENTAL LIMITED,"71-75 Shelton Street, Covent Garden, London, England, WC2H 9JQ","71-75 Shelton Street, Covent Garden, London, United Kingdom, WC2H 9JQ",,,,,,,,,1
59836,52699,Z (CORPS) INTERNATIONAL LIMITED,R A J S EVANS INVESTMENT COMPANY LTD,"71-75 Shelton Street, Covent Garden, London, England, WC2H 9JQ","71-75 Shelton Street, Covent Garden, London, United Kingdom, WC2H 9JQ",,,,,,,,,1
59836,54407,Z (CORPS) INTERNATIONAL LIMITED,Q & F CARE SOLUTIONS LTD,"71-75 Shelton Street, Covent Garden, London, England, WC2H 9JQ","71-75 Shelton Street, Covent Garden, London, United Kingdom, WC2H 9JQ",,,,,,,,,1
59836,54861,Z (CORPS) INTERNATIONAL LIMITED,FOOD AND THOUGHTS TECH LTD,"71-75 Shelton Street, Covent Garden, London, England, WC2H 9JQ","71-75 Shelton Street, Covent Garden, London, United Kingdom, WC2H 9JQ",,,,,,,,,1
59836,58908,Z (CORPS) INTERNATIONAL LIMITED,AADITRI IT SOLUTIONS LTD,"71-75 Shelton Street, Covent Garden, London, England, WC2H 9JQ","71-75 Shelton Street, Covent Garden, London, United Kingdom, WC2H 9JQ",,,,,,,,,1
59861,6136,U CAN OCCUPATIONAL THERAPY SERVICES LTD,V & B PROPERTY LIMITED,"13-17 High Beech Road, Loughton, England, IG10 4BN","13-17 High Beech Road, Loughton, Essex, United Kingdom, IG10 4BN",,,,,,,,,1
59874,11933,H & B INSTALLATIONS LTD,U DIG LTD,"Alva House, Misselbrook & Preston, Valley Drive, Gravesend, United Kingdom, DA12 5UE","Alva House, Valley Drive, Gravesend, Kent, United Kingdom, DA12 5UE",,,,,,,,,1
59907,15962,P A K CONSULTANTS LIMITED,P A C T CONSTRUCTION CONSULTANCY LIMITED,"304 High Road, Benfleet, Essex, SS7 5HB","304 High Road, Benfleet, SS7 5HB",,,,,,,,,1
502,93,Z AND P INCORPORATED LTD,SOFTWARE DEVELOPMENT SERVICES LTD,"20-22 Wenlock Road, London, England, N1 7GU","20-22 Wenlock Road, London, England, N1 7GU",,,,,,,,,1
776,93,T & ASH LTD,SOFTWARE DEVELOPMENT SERVICES LTD,"20-22 Wenlock Road, London, England, N1 7GU","20-22 Wenlock Road, London, England, N1 7GU",,,,,,,,,1
776,502,T & ASH LTD,Z AND P INCORPORATED LTD,"20-22 Wenlock Road, London, England, N1 7GU","20-22 Wenlock Road, London, England, N1 7GU",,,,,,,,,1
3415,93,FOOD BOOKING LTD,SOFTWARE DEVELOPMENT SERVICES LTD,"20-22 Wenlock Road, London, England, N1 7GU","20-22 Wenlock Road, London, England, N1 7GU",,,,,,,,,1
3415,502,FOOD BOOKING LTD,Z AND P INCORPORATED LTD,"20-22 Wenlock Road, London, England, N1 7GU","20-22 Wenlock Road, London, England, N1 7GU",,,,,,,,,1
3415,776,FOOD BOOKING LTD,T & ASH LTD,"20-22 Wenlock Road, London, England, N1 7GU","20-22 Wenlock Road, London, England, N1 7GU",,,,,,,,,1
3444,263,U BROWN LTD,ALL ABOUT KIDS LTD,"71-75 Shelton Street, Covent Garden, London, United Kingdom, WC2H 9JQ","71-75 Shelton Street, Covent Garden, London, United Kingdom, WC2H 9JQ",,,,,,,,,1
3485,288,U AND I COMPANY SECRETARIES LIMITED,U AND I FINANCE PLC,"100 Victoria Street, London, England, SW1E 5JL","100 Victoria Street, London, England, SW1E 5JL",,,,,,,,,1
3775,263,T & B ENGINEERING SOLUTIONS LTD,ALL ABOUT KIDS LTD,"71-75 Shelton Street, Covent Garden, London, United Kingdom, WC2H 9JQ","71-75 Shelton Street, Covent Garden, London, United Kingdom, WC2H 9JQ",,,,,,,,,1
3775,3444,T & B ENGINEERING SOLUTIONS LTD,U BROWN LTD,"71-75 Shelton Street, Covent Garden, London, United Kingdom, WC2H 9JQ","71-75 Shelton Street, Covent Garden, London, United Kingdom, WC2H 9JQ",,,,,,,,,1
4039,93,ALL ABOUT BOILERS LTD,SOFTWARE DEVELOPMENT SERVICES LTD,"20-22 Wenlock Road, London, England, N1 7GU","20-22 Wenlock Road, London, England, N1 7GU",,,,,,,,,1
4039,502,ALL ABOUT BOILERS LTD,Z AND P INCORPORATED LTD,"20-22 Wenlock Road, London, England, N1 7GU","20-22 Wenlock Road, London, England, N1 7GU",,,,,,,,,1
4039,776,ALL ABOUT BOILERS LTD,T & ASH LTD,"20-22 Wenlock Road, London, England, N1 7GU","20-22 Wenlock Road, London, England, N1 7GU",,,,,,,,,1
4039,3415,ALL ABOUT BOILERS LTD,FOOD BOOKING LTD,"20-22 Wenlock Road, London, England, N1 7GU","20-22 Wenlock Road, London, England, N1 7GU",,,,,,,,,1
4059,288,U AND I INVESTMENT PORTFOLIO LIMITED,U AND I FINANCE PLC,"100 Victoria Street, London, England, SW1E 5JL","100 Victoria Street, London, England, SW1E 5JL",,,,,,,,,1
4059,3485,U AND I INVESTMENT PORTFOLIO LIMITED,U AND I COMPANY SECRETARIES LIMITED,"100 Victoria Street, London, England, SW1E 5JL","100 Victoria Street, London, England, SW1E 5JL",,,,,,,,,1
4375,263,H & A ENGINEERING LTD,ALL ABOUT KIDS LTD,"71-75 Shelton Street, Covent Garden, London, United Kingdom, WC2H 9JQ","71-75 Shelton Street, Covent Garden, London, United Kingdom, WC2H 9JQ",,,,,,,,,1
4375,3444,H & A ENGINEERING LTD,U BROWN LTD,"71-75 Shelton Street, Covent Garden, London, United Kingdom, WC2H 9JQ","71-75 Shelton Street, Covent Garden, London, United Kingdom, WC2H 9JQ",,,,,,,,,1
4375,3775,H & A ENGINEERING LTD,T & B ENGINEERING SOLUTIONS LTD,"71-75 Shelton Street, Covent Garden, London, United Kingdom, WC2H 9JQ","71-75 Shelton Street, Covent Garden, London, United Kingdom, WC2H 9JQ",,,,,,,,,1
4438,263,BEAUTY BOOSTERS LTD,ALL ABOUT KIDS LTD,"71-75 Shelton Street, Covent Garden, London, United Kingdom, WC2H 9JQ","71-75 Shelton Street, Covent Garden, London, United Kingdom, WC2H 9JQ",,,,,,,,,1
4438,3444,BEAUTY BOOSTERS LTD,U BROWN LTD,"71-75 Shelton Street, Covent Garden, London, United Kingdom, WC2H 9JQ","71-75 Shelton Street, Covent Garden, London, United Kingdom, WC2H 9JQ",,,,,,,,,1
4438,3775,BEAUTY BOOSTERS LTD,T & B ENGINEERING SOLUTIONS LTD,"71-75 Shelton Street, Covent Garden, London, United Kingdom, WC2H 9JQ","71-75 Shelton Street, Covent Garden, London, United Kingdom, WC2H 9JQ",,,,,,,,,1
4438,4375,BEAUTY BOOSTERS LTD,H & A ENGINEERING LTD,"71-75 Shelton Street, Covent Garden, London, United Kingdom, WC2H 9JQ","71-75 Shelton Street, Covent Garden, London, United Kingdom, WC2H 9JQ",,,,,,,,,1
4590,2705,SOFTWARE MICRO LTD,SOFTWARE 4 ALL LTD,"70 Scotlands Drive, Coalville, England, LE67 3SU","70 Scotlands Drive, Coalville, England, LE67 3SU",,,,,,,,,1
5180,1044,BEAUTY & MELODY HAIR AND SPA LIMITED,BEAUTY AND MELODY LONDON (MARBLE ARCH) LIMITED,"19 Great Cumberland Place, London, England, W1H 7AS","19 Great Cumberland Place, London, England, W1H 7AS",,,,,,,,,1
5606,93,GOOD CONNEXION LTD,SOFTWARE DEVELOPMENT SERVICES LTD,"20-22 Wenlock Road, London, England, N1 7GU","20-22 Wenlock Road, London, England, N1 7GU",,,,,,,,,1
5606,502,GOOD CONNEXION LTD,Z AND P INCORPORATED LTD,"20-22 Wenlock Road, London, England, N1 7GU","20-22 Wenlock Road, London, England, N1 7GU",,,,,,,,,1
5606,776,GOOD CONNEXION LTD,T & ASH LTD,"20-22 Wenlock Road, London, England, N1 7GU","20-22 Wenlock Road, London, England, N1 7GU",,,,,,,,,1
5606,3415,GOOD CONNEXION LTD,FOOD BOOKING LTD,"20-22 Wenlock Road, London, England, N1 7GU","20-22 Wenlock Road, London, England, N1 7GU",,,,,,,,,1
5606,4039,GOOD CONNEXION LTD,ALL ABOUT BOILERS LTD,"20-22 Wenlock Road, London, England, N1 7GU","20-22 Wenlock Road, London, England, N1 7GU",,,,,,,,,1
5616,5295,BEAUTY BAR (HINCKLEY) LTD,BEAUTY BAR (KETTERING) LTD,"41 Kingsbridge Road, Southall, Middlesex, UB2 5RT","41 Kingsbridge Road, Southall, Middlesex, UB2 5RT",,,,,,,,,1
6037,288,U AND I (HARWELL) LIMITED,U AND I FINANCE PLC,"100 Victoria Street, London, England, SW1E 5JL","100 Victoria Street, London, England, SW1E 5JL",,,,,,,,,1
6037,3485,U AND I (HARWELL) LIMITED,U AND I COMPANY SECRETARIES LIMITED,"100 Victoria Street, London, England, SW1E 5JL","100 Victoria Street, London, England, SW1E 5JL",,,,,,,,,1
6037,4059,U AND I (HARWELL) LIMITED,U AND I INVESTMENT PORTFOLIO LIMITED,"100 Victoria Street, London, England, SW1E 5JL","100 Victoria Street, London, England, SW1E 5JL",,,,,,,,,1
6594,263,U EVENTS LIMITED,ALL ABOUT KIDS LTD,"71-75 Shelton Street, Covent Garden, London, United Kingdom, WC2H 9JQ","71-75 Shelton Street, Covent Garden, London, United Kingdom, WC2H 9JQ",,,,,,,,,1
6594,3444,U EVENTS LIMITED,U BROWN LTD,"71-75 Shelton Street, Covent Garden, London, United Kingdom, WC2H 9JQ","71-75 Shelton Street, Covent Garden, London, United Kingdom, WC2H 9JQ",,,,,,,,,1
6594,3775,U EVENTS LIMITED,T & B ENGINEERING SOLUTIONS LTD,"71-75 Shelton Street, Covent Garden, London, United Kingdom, WC2H 9JQ","71-75 Shelton Street, Covent Garden, London, United Kingdom, WC2H 9JQ",,,,,,,,,1
6594,4375,U EVENTS LIMITED,H & A ENGINEERING LTD,"71-75 Shelton Street, Covent Garden, London, United Kingdom, WC2H 9JQ","71-75 Shelton Street, Covent Garden, London, United Kingdom, WC2H 9JQ",,,,,,,,,1
6594,4438,U EVENTS LIMITED,BEAUTY BOOSTERS LTD,"71-75 Shelton Street, Covent Garden, London, United Kingdom, WC2H 9JQ","71-75 Shelton Street, Covent Garden, London, United Kingdom, WC2H 9JQ",,,,,,,,,1
6679,93,Q BRANCH SOLUTIONS LTD,SOFTWARE DEVELOPMENT SERVICES LTD,"20-22 Wenlock Road, London, England, N1 7GU","20-22 Wenlock Road, London, England, N1 7GU",,,,,,,,,1
6679,502,Q BRANCH SOLUTIONS LTD,Z AND P INCORPORATED LTD,"20-22 Wenlock Road, London, England, N1 7GU","20-22 Wenlock Road, London, England, N1 7GU",,,,,,,,,1
6679,776,Q BRANCH SOLUTIONS LTD,T & ASH LTD,"20-22 Wenlock Road, London, England, N1 7GU","20-22 Wenlock Road, London, England, N1 7GU",,,,,,,,,1
6679,3415,Q BRANCH SOLUTIONS LTD,FOOD BOOKING LTD,"20-22 Wenlock Road, London, England, N1 7GU","20-22 Wenlock Road, London, England, N1 7GU",,,,,,,,,1
6679,4039,Q BRANCH SOLUTIONS LTD,ALL ABOUT BOILERS LTD,"20-22 Wenlock Road, London, England, N1 7GU","20-22 Wenlock Road, London, England, N1 7GU",,,,,,,,,1
6679,5606,Q BRANCH SOLUTIONS LTD,GOOD CONNEXION LTD,"20-22 Wenlock Road, London, England, N1 7GU","20-22 Wenlock Road, London, England, N1 7GU",,,,,,,,,1
6697,6055,NEW AGE LETTINGS LIMITED,BEAUTY ANCHOR AESTHETICS LIMITED,"27 Old Gloucester Street, London, England, WC1N 3AX","27 Old Gloucester Street, London, England, WC1N 3AX",,,,,,,,,1
6749,750,FINANCES AND LAW SOLUTIONS LTD,BAD PACKETS LTD,"71-75 Shelton Street, Covent Garden, London, England, WC2H 9JQ","71-75 Shelton Street, Covent Garden, London, England, WC2H 9JQ",,,,,,,,,1
6762,4231,FOOD AND STUFF LTD,NEW AFRICAN PROJECTS AND BUSINESS LTD,"Office 4 219 Kensington High Street, Kensington, London, England, W8 6BD","Office 4 219 Kensington High Street, Kensington, London, England, W8 6BD",,,,,,,,,1
7079,93,H A DIRECT LTD,SOFTWARE DEVELOPMENT SERVICES LTD,"20-22 Wenlock Road, London, England, N1 7GU","20-22 Wenlock Road, London, England, N1 7GU",,,,,,,,,1
7079,502,H A DIRECT LTD,Z AND P INCORPORATED LTD,"20-22 Wenlock Road, London, England, N1 7GU","20-22 Wenlock Road, London, England, N1 7GU",,,,,,,,,1
7079,776,H A DIRECT LTD,T & ASH LTD,"20-22 Wenlock Road, London, England, N1 7GU","20-22 Wenlock Road, London, England, N1 7GU",,,,,,,,,1
7079,3415,H A DIRECT LTD,FOOD BOOKING LTD,"20-22 Wenlock Road, London, England, N1 7GU","20-22 Wenlock Road, London, England, N1 7GU",,,,,,,,,1
7079,4039,H A DIRECT LTD,ALL ABOUT BOILERS LTD,"20-22 Wenlock Road, London, England, N1 7GU","20-22 Wenlock Road, London, England, N1 7GU",,,,,,,,,1
7079,5606,H A DIRECT LTD,GOOD CONNEXION LTD,"20-22 Wenlock Road, London, England, N1 7GU","20-22 Wenlock Road, London, England, N1 7GU",,,,,,,,,1
7079,6679,H A DIRECT LTD,Q BRANCH SOLUTIONS LTD,"20-22 Wenlock Road, London, England, N1 7GU","20-22 Wenlock Road, London, England, N1 7GU",,,,,,,,,1
7112,1804,H A & T PATEL LIMITED,SAI S & B LIMITED,"Bridge House, 9 - 13 Holbrook Lane, Coventry, United Kingdom, CV6 4AD","Bridge House, 9 - 13 Holbrook Lane, Coventry, United Kingdom, CV6 4AD",,,,,,,,,1
7117,288,U AND I GROUP LIMITED,U AND I FINANCE PLC,"100 Victoria Street, London, England, SW1E 5JL","100 Victoria Street, London, England, SW1E 5JL",,,,,,,,,1
7117,3485,U AND I GROUP LIMITED,U AND I COMPANY SECRETARIES LIMITED,"100 Victoria Street, London, England, SW1E 5JL","100 Victoria Street, London, England, SW1E 5JL",,,,,,,,,1
7117,4059,U AND I GROUP LIMITED,U AND I INVESTMENT PORTFOLIO LIMITED,"100 Victoria Street, London, England, SW1E 5JL","100 Victoria Street, London, England, SW1E 5JL",,,,,,,,,1
7117,6037,U AND I GROUP LIMITED,U AND I (HARWELL) LIMITED,"100 Victoria Street, London, England, SW1E 5JL","100 Victoria Street, London, England, SW1E 5JL",,,,,,,,,1
7462,3640,BAD BS CLOTHING LTD,V AESTHETICS LTD,"Suite G04 1 Quality Court, Chancery Lane, London, England, WC2A 1HR","Suite G04 1 Quality Court, Chancery Lane, London, England, WC2A 1HR",,,,,,,,,1
7607,263,GOOD ADVICE DEBT COMPANY LIMITED,ALL ABOUT KIDS LTD,"71-75 Shelton Street, Covent Garden, London, United Kingdom, WC2H 9JQ","71-75 Shelton Street, Covent Garden, London, United Kingdom, WC2H 9JQ",,,,,,,,,1
7607,3444,GOOD ADVICE DEBT COMPANY LIMITED,U BROWN LTD,"71-75 Shelton Street, Covent Garden, London, United Kingdom, WC2H 9JQ","71-75 Shelton Street, Covent Garden, London, United Kingdom, WC2H 9JQ",,,,,,,,,1
7607,3775,GOOD ADVICE DEBT COMPANY LIMITED,T & B ENGINEERING SOLUTIONS LTD,"71-75 Shelton Street, Covent Garden, London, United Kingdom, WC2H 9JQ","71-75 Shelton Street, Covent Garden, London, United Kingdom, WC2H 9JQ",,,,,,,,,1
7607,4375,GOOD ADVICE DEBT COMPANY LIMITED,H & A ENGINEERING LTD,"71-75 Shelton Street, Covent Garden, London, United Kingdom, WC2H 9JQ","71-75 Shelton Street, Covent Garden, London, United Kingdom, WC2H 9JQ",,,,,,,,,1
7607,4438,GOOD ADVICE DEBT COMPANY LIMITED,BEAUTY BOOSTERS LTD,"71-75 Shelton Street, Covent Garden, London, United Kingdom, WC2H 9JQ","71-75 Shelton Street, Covent Garden, London, United Kingdom, WC2H 9JQ",,,,,,,,,1
7607,6594,GOOD ADVICE DEBT COMPANY LIMITED,U EVENTS LIMITED,"71-75 Shelton Street, Covent Garden, London, United Kingdom, WC2H 9JQ","71-75 Shelton Street, Covent Garden, London, United Kingdom, WC2H 9JQ",,,,,,,,,1
7662,3419,RAJKOM R & D LIMITED,H & A MIDLANDS LIMITED,"Holt Court 2nd Floor, 16 Warwick Row, Coventry, England, CV1 1EJ","Holt Court 2nd Floor, 16 Warwick Row, Coventry, England, CV1 1EJ",,,,,,,,,1
7674,4252,R AHMED LOGISTICS LTD,Q CATERING LIMITED,"76 Market Street, Farnworth, Bolton, England, BL4 7NY","76 Market Street, Farnworth, Bolton, England, BL4 7NY",,,,,,,,,1
7991,4002,FTM FINANCES AND SALES LTD,FOOD CHECKER LTD,"338a Regents Park Road Office 3 And 4, London, England, N3 2LN","338a Regents Park Road Office 3 And 4, London, England, N3 2LN",,,,,,,,,1
8008,93,GOOD & YOUNG LTD,SOFTWARE DEVELOPMENT SERVICES LTD,"20-22 Wenlock Road, London, England, N1 7GU","20-22 Wenlock Road, London, England, N1 7GU",,,,,,,,,1
8008,502,GOOD & YOUNG LTD,Z AND P INCORPORATED LTD,"20-22 Wenlock Road, London, England, N1 7GU","20-22 Wenlock Road, London, England, N1 7GU",,,,,,,,,1
8008,776,GOOD & YOUNG LTD,T & ASH LTD,"20-22 Wenlock Road, London, England, N1 7GU","20-22 Wenlock Road, London, England, N1 7GU",,,,,,,,,1
8008,3415,GOOD & YOUNG LTD,FOOD BOOKING LTD,"20-22 Wenlock Road, London, England, N1 7GU","20-22 Wenlock Road, London, England, N1 7GU",,,,,,,,,1
8008,4039,GOOD & YOUNG LTD,ALL ABOUT BOILERS LTD,"20-22 Wenlock Road, London, England, N1 7GU","20-22 Wenlock Road, London, England, N1 7GU",,,,,,,,,1
8008,5606,GOOD & YOUNG LTD,GOOD CONNEXION LTD,"20-22 Wenlock Road, London, England, N1 7GU","20-22 Wenlock Road, London, England, N1 7GU",,,,,,,,,1
8008,6679,GOOD & YOUNG LTD,Q BRANCH SOLUTIONS LTD,"20-22 Wenlock Road, London, England, N1 7GU","20-22 Wenlock Road, London, England, N1 7GU",,,,,,,,,1
8008,7079,GOOD & YOUNG LTD,H A DIRECT LTD,"20-22 Wenlock Road, London, England, N1 7GU","20-22 Wenlock Road, London, England, N1 7GU",,,,,,,,,1
8320,2460,GOOD BEHAVIOUR LIMITED,NEW AGE HEMP LIMITED,"7 Bell Yard, London, England, WC2A 2JR","7 Bell Yard, London, England, WC2A 2JR",,,,,,,,,1
8900,7209,Q AND QUAINT LIMITED,Z & Z BROTHERS IT SOLUTIONS LTD,"86-90 Paul Street, London, England, United Kingdom, EC2A 4NE","86-90 Paul Street, London, England, United Kingdom, EC2A 4NE",,,,,,,,,1
9108,8225,Trenitalia Spa,Rete Ferroviaria Italiana Spa,"PIAZZA DELLA CROCE ROSSA 1, ROMA, 00161, ROMA, ITALY","PIAZZA DELLA CROCE ROSSA 1, ROMA, 00161, ROMA, ITALY",,,,,IT05403151003,IT01008081000,,,1
9244,2600,International Design Group Spa,Design Holding Spa,"VIA ALESSANDRO MANZONI 38, MILANO, 20121, MILANO, ITALY","VIA ALESSANDRO MANZONI 38, MILANO, 20121, MILANO, ITALY",,,,,IT10462810960,IT10446470964,,,1
9532,1216,Z & T HAIR TREATMENTS LTD,U & M SMILES LTD,"86c Water Street, Birmingham, West Midlands, United Kingdom, B3 1HL","86c Water Street, Birmingham, West Midlands, United Kingdom, B3 1HL",,,,,,,,,1
9683,7235,GOOD COMPANY ENTERTAINMENT LTD,GOOD COMPANY RECORDS LTD,"Studio 1 305a Goldhawk Road, London, United Kingdom, W12 8EU","Studio 1 305a Goldhawk Road, London, United Kingdom, W12 8EU",,,,,,,,,1
10177,7209,ALL ABOUT DRINKS CONSULTING SERVICES LTD,Z & Z BROTHERS IT SOLUTIONS LTD,"86-90 Paul Street, London, England, United Kingdom, EC2A 4NE","86-90 Paul Street, London, England, United Kingdom, EC2A 4NE",,,,,,,,,1
10177,8900,ALL ABOUT DRINKS CONSULTING SERVICES LTD,Q AND QUAINT LIMITED,"86-90 Paul Street, London, England, United Kingdom, EC2A 4NE","86-90 Paul Street, London, England, United Kingdom, EC2A 4NE",,,,,,,,,1
10361,2514,Alliance Healthcare Italia Distribuzione Spa,Alliance Healthcare Italia Spa,"VIA MOGGIA 75/A, LAVAGNA, 16033, GENOVA, ITALY","VIA MOGGIA 75/A, LAVAGNA, 16033, GENOVA, ITALY",,,,,IT00890881006,IT05249181008,,,1
10513,8147,Z EDUCATIONAL CONSULTANCY LTD,GOOD AND DESIGN LTD,"71-75 Shelton Street, London, Greater London, United Kingdom, WC2H 9JQ","71-75 Shelton Street, London, Greater London, United Kingdom, WC2H 9JQ",,,,,,,,,1
10919,750,TRUSTED FINANCES AND PROTECTION LTD,BAD PACKETS LTD,"71-75 Shelton Street, Covent Garden, London, England, WC2H 9JQ","71-75 Shelton Street, Covent Garden, London, England, WC2H 9JQ",,,,,,,,,1
10919,6749,TRUSTED FINANCES AND PROTECTION LTD,FINANCES AND LAW SOLUTIONS LTD,"71-75 Shelton Street, Covent Garden, London, England, WC2H 9JQ","71-75 Shelton Street, Covent Garden, London, England, WC2H 9JQ",,,,,,,,,1
11053,263,ALL ABOUT THE SAAS LTD,ALL ABOUT KIDS LTD,"71-75 Shelton Street, Covent Garden, London, United Kingdom, WC2H 9JQ","71-75 Shelton Street, Covent Garden, London, United Kingdom, WC2H 9JQ",,,,,,,,,1
11053,3444,ALL ABOUT THE SAAS LTD,U BROWN LTD,"71-75 Shelton Street, Covent Garden, London, United Kingdom, WC2H 9JQ","71-75 Shelton Street, Covent Garden, London, United Kingdom, WC2H 9JQ",,,,,,,,,1
11053,3775,ALL ABOUT THE SAAS LTD,T & B ENGINEERING SOLUTIONS LTD,"71-75 Shelton Street, Covent Garden, London, United Kingdom, WC2H 9JQ","71-75 Shelton Street, Covent Garden, London, United Kingdom, WC2H 9JQ",,,,,,,,,1
11053,4375,ALL ABOUT THE SAAS LTD,H & A ENGINEERING LTD,"71-75 Shelton Street, Covent Garden, London, United Kingdom, WC2H 9JQ","71-75 Shelton Street, Covent Garden, London, United Kingdom, WC2H 9JQ",,,,,,,,,1
11053,4438,ALL ABOUT THE SAAS LTD,BEAUTY BOOSTERS LTD,"71-75 Shelton Street, Covent Garden, London, United Kingdom, WC2H 9JQ","71-75 Shelton Street, Covent Garden, London, United Kingdom, WC2H 9JQ",,,,,,,,,1
11053,6594,ALL ABOUT THE SAAS LTD,U EVENTS LIMITED,"71-75 Shelton Street, Covent Garden, London, United Kingdom, WC2H 9JQ","71-75 Shelton Street, Covent Garden, London, United Kingdom, WC2H 9JQ",,,,,,,,,1
11053,7607,ALL ABOUT THE SAAS LTD,GOOD ADVICE DEBT COMPANY LIMITED,"71-75 Shelton Street, Covent Garden, London, United Kingdom, WC2H 9JQ","71-75 Shelton Street, Covent Garden, London, United Kingdom, WC2H 9JQ",,,,,,,,,1
11108,1880,Dolce & Gabbana Holding Srl,Dolce & Gabbana Srl,"VIA CARLO GOLDONI 10, MILANO, 20129, MILANO, ITALY","VIA CARLO GOLDONI 10, MILANO, 20129, MILANO, ITALY",,,,,IT05948660963,IT09297890155,,,1
11214,2340,BRIGHT VISION INVESTMENT LTD,PACKER P LTD,"128 City Road, London, United Kingdom, EC1V 2NX","128 City Road, London, United Kingdom, EC1V 2NX",,,,,,,,,1
11229,8147,Z A SIGNATURE LTD,GOOD AND DESIGN LTD,"71-75 Shelton Street, London, Greater London, United Kingdom, WC2H 9JQ","71-75 Shelton Street, London, Greater London, United Kingdom, WC2H 9JQ",,,,,,,,,1
11229,10513,Z A SIGNATURE LTD,Z EDUCATIONAL CONSULTANCY LTD,"71-75 Shelton Street, London, Greater London, United Kingdom, WC2H 9JQ","71-75 Shelton Street, London, Greater London, United Kingdom, WC2H 9JQ",,,,,,,,,1
11658,3640,Z & I UNIVERSAL LIMITED,V AESTHETICS LTD,"Suite G04 1 Quality Court, Chancery Lane, London, England, WC2A 1HR","Suite G04 1 Quality Court, Chancery Lane, London, England, WC2A 1HR",,,,,,,,,1
11658,7462,Z & I UNIVERSAL LIMITED,BAD BS CLOTHING LTD,"Suite G04 1 Quality Court, Chancery Lane, London, England, WC2A 1HR","Suite G04 1 Quality Court, Chancery Lane, London, England, WC2A 1HR",,,,,,,,,1
11809,5538,Agos-ducato Spa,Engie Italia Spa,"VIALE FULVIO TESTI 280, MILANO, 20126, MILANO, ITALY","VIALE FULVIO TESTI 280, MILANO, 20126, MILANO, ITALY",,,,,IT08570720154,IT06289781004,,,1
11864,3904,U FIT GROUP LIMITED,U FIT ONLINE LIMITED,"The Wullcomb, 89 Vaughan Way, Leicester, England, LE1 4SG","The Wullcomb, 89 Vaughan Way, Leicester, England, LE1 4SG",,,,,,,,,1
12106,11047,BAD HAT HOLDING LTD,BAD HAT LTD,"34 Croydon Road, Caterham, England, CR3 6QB","34 Croydon Road, Caterham, England, CR3 6QB",,,,,,,,,1
12164,7209,S A ELECTRICAL SOLUTIONS LTD,Z & Z BROTHERS IT SOLUTIONS LTD,"86-90 Paul Street, London, England, United Kingdom, EC2A 4NE","86-90 Paul Street, London, England, United Kingdom, EC2A 4NE",,,,,,,,,1
12164,8900,S A ELECTRICAL SOLUTIONS LTD,Q AND QUAINT LIMITED,"86-90 Paul Street, London, England, United Kingdom, EC2A 4NE","86-90 Paul Street, London, England, United Kingdom, EC2A 4NE",,,,,,,,,1
12164,10177,S A ELECTRICAL SOLUTIONS LTD,ALL ABOUT DRINKS CONSULTING SERVICES LTD,"86-90 Paul Street, London, England, United Kingdom, EC2A 4NE","86-90 Paul Street, London, England, United Kingdom, EC2A 4NE",,,,,,,,,1
12172,750,SADIO S LIMITED,BAD PACKETS LTD,"71-75 Shelton Street, Covent Garden, London, England, WC2H 9JQ","71-75 Shelton Street, Covent Garden, London, England, WC2H 9JQ",,,,,,,,,1
12172,6749,SADIO S LIMITED,FINANCES AND LAW SOLUTIONS LTD,"71-75 Shelton Street, Covent Garden, London, England, WC2H 9JQ","71-75 Shelton Street, Covent Garden, London, England, WC2H 9JQ",,,,,,,,,1
12172,10919,SADIO S LIMITED,TRUSTED FINANCES AND PROTECTION LTD,"71-75 Shelton Street, Covent Garden, London, England, WC2H 9JQ","71-75 Shelton Street, Covent Garden, London, England, WC2H 9JQ",,,,,,,,,1
12257,3303,MIDSIDE FINANCES LIMITED,NEW AGE PERSONAL TRAINING LTD.,"29 Brandon Street, Hamilton, South Lanarkshire, ML3 6DA","29 Brandon Street, Hamilton, South Lanarkshire, ML3 6DA",,,,,,,,,1
12339,225,Samsung Life Insurance Co Ltd,Samsung Securities Co Ltd,"11, Seocho-Daero 74-Gil, Seocho-Gu, Seoul, 06620","11, Seocho-Daero 74-Gil, Seocho-Gu, Seoul, 06620",,,,,,,,,1
12401,4230,Gecos - Generale Di Commercio E Servizi Spa,Gruppo Pam Spa,"VIA DELLE INDUSTRIE 8, SPINEA, 30038, VENEZIA, ITALY","VIA DELLE INDUSTRIE 8, SPINEA, 30038, VENEZIA, ITALY",,,,,IT01581890272,IT01534730278,,,1
12838,263,Q CONSULTING GROUP LTD,ALL ABOUT KIDS LTD,"71-75 Shelton Street, Covent Garden, London, United Kingdom, WC2H 9JQ","71-75 Shelton Street, Covent Garden, London, United Kingdom, WC2H 9JQ",,,,,,,,,1
12838,3444,Q CONSULTING GROUP LTD,U BROWN LTD,"71-75 Shelton Street, Covent Garden, London, United Kingdom, WC2H 9JQ","71-75 Shelton Street, Covent Garden, London, United Kingdom, WC2H 9JQ",,,,,,,,,1
12838,3775,Q CONSULTING GROUP LTD,T & B ENGINEERING SOLUTIONS LTD,"71-75 Shelton Street, Covent Garden, London, United Kingdom, WC2H 9JQ","71-75 Shelton Street, Covent Garden, London, United Kingdom, WC2H 9JQ",,,,,,,,,1
12838,4375,Q CONSULTING GROUP LTD,H & A ENGINEERING LTD,"71-75 Shelton Street, Covent Garden, London, United Kingdom, WC2H 9JQ","71-75 Shelton Street, Covent Garden, London, United Kingdom, WC2H 9JQ",,,,,,,,,1
12838,4438,Q CONSULTING GROUP LTD,BEAUTY BOOSTERS LTD,"71-75 Shelton Street, Covent Garden, London, United Kingdom, WC2H 9JQ","71-75 Shelton Street, Covent Garden, London, United Kingdom, WC2H 9JQ",,,,,,,,,1
12838,6594,Q CONSULTING GROUP LTD,U EVENTS LIMITED,"71-75 Shelton Street, Covent Garden, London, United Kingdom, WC2H 9JQ","71-75 Shelton Street, Covent Garden, London, United Kingdom, WC2H 9JQ",,,,,,,,,1
12838,7607,Q CONSULTING GROUP LTD,GOOD ADVICE DEBT COMPANY LIMITED,"71-75 Shelton Street, Covent Garden, London, United Kingdom, WC2H 9JQ","71-75 Shelton Street, Covent Garden, London, United Kingdom, WC2H 9JQ",,,,,,,,,1
12838,11053,Q CONSULTING GROUP LTD,ALL ABOUT THE SAAS LTD,"71-75 Shelton Street, Covent Garden, London, United Kingdom, WC2H 9JQ","71-75 Shelton Street, Covent Garden, London, United Kingdom, WC2H 9JQ",,,,,,,,,1
13025,93,NEW AGE PLUMBING AND HEATING SERVICES LTD,SOFTWARE DEVELOPMENT SERVICES LTD,"20-22 Wenlock Road, London, England, N1 7GU","20-22 Wenlock Road, London, England, N1 7GU",,,,,,,,,1
13025,502,NEW AGE PLUMBING AND HEATING SERVICES LTD,Z AND P INCORPORATED LTD,"20-22 Wenlock Road, London, England, N1 7GU","20-22 Wenlock Road, London, England, N1 7GU",,,,,,,,,1
13025,776,NEW AGE PLUMBING AND HEATING SERVICES LTD,T & ASH LTD,"20-22 Wenlock Road, London, England, N1 7GU","20-22 Wenlock Road, London, England, N1 7GU",,,,,,,,,1
13025,3415,NEW AGE PLUMBING AND HEATING SERVICES LTD,FOOD BOOKING LTD,"20-22 Wenlock Road, London, England, N1 7GU","20-22 Wenlock Road, London, England, N1 7GU",,,,,,,,,1
13025,4039,NEW AGE PLUMBING AND HEATING SERVICES LTD,ALL ABOUT BOILERS LTD,"20-22 Wenlock Road, London, England, N1 7GU","20-22 Wenlock Road, London, England, N1 7GU",,,,,,,,,1
13025,5606,NEW AGE PLUMBING AND HEATING SERVICES LTD,GOOD CONNEXION LTD,"20-22 Wenlock Road, London, England, N1 7GU","20-22 Wenlock Road, London, England, N1 7GU",,,,,,,,,1
13025,6679,NEW AGE PLUMBING AND HEATING SERVICES LTD,Q BRANCH SOLUTIONS LTD,"20-22 Wenlock Road, London, England, N1 7GU","20-22 Wenlock Road, London, England, N1 7GU",,,,,,,,,1
13025,7079,NEW AGE PLUMBING AND HEATING SERVICES LTD,H A DIRECT LTD,"20-22 Wenlock Road, London, England, N1 7GU","20-22 Wenlock Road, London, England, N1 7GU",,,,,,,,,1
13025,8008,NEW AGE PLUMBING AND HEATING SERVICES LTD,GOOD & YOUNG LTD,"20-22 Wenlock Road, London, England, N1 7GU","20-22 Wenlock Road, London, England, N1 7GU",,,,,,,,,1
13096,93,GOOD BEAGLE INTERNATIONAL LTD,SOFTWARE DEVELOPMENT SERVICES LTD,"20-22 Wenlock Road, London, England, N1 7GU","20-22 Wenlock Road, London, England, N1 7GU",,,,,,,,,1
13096,502,GOOD BEAGLE INTERNATIONAL LTD,Z AND P INCORPORATED LTD,"20-22 Wenlock Road, London, England, N1 7GU","20-22 Wenlock Road, London, England, N1 7GU",,,,,,,,,1
13096,776,GOOD BEAGLE INTERNATIONAL LTD,T & ASH LTD,"20-22 Wenlock Road, London, England, N1 7GU","20-22 Wenlock Road, London, England, N1 7GU",,,,,,,,,1
13096,3415,GOOD BEAGLE INTERNATIONAL LTD,FOOD BOOKING LTD,"20-22 Wenlock Road, London, England, N1 7GU","20-22 Wenlock Road, London, England, N1 7GU",,,,,,,,,1
13096,4039,GOOD BEAGLE INTERNATIONAL LTD,ALL ABOUT BOILERS LTD,"20-22 Wenlock Road, London, England, N1 7GU","20-22 Wenlock Road, London, England, N1 7GU",,,,,,,,,1
13096,5606,GOOD BEAGLE INTERNATIONAL LTD,GOOD CONNEXION LTD,"20-22 Wenlock Road, London, England, N1 7GU","20-22 Wenlock Road, London, England, N1 7GU",,,,,,,,,1
13096,6679,GOOD BEAGLE INTERNATIONAL LTD,Q BRANCH SOLUTIONS LTD,"20-22 Wenlock Road, London, England, N1 7GU","20-22 Wenlock Road, London, England, N1 7GU",,,,,,,,,1
13096,7079,GOOD BEAGLE INTERNATIONAL LTD,H A DIRECT LTD,"20-22 Wenlock Road, London, England, N1 7GU","20-22 Wenlock Road, London, England, N1 7GU",,,,,,,,,1
13096,8008,GOOD BEAGLE INTERNATIONAL LTD,GOOD & YOUNG LTD,"20-22 Wenlock Road, London, England, N1 7GU","20-22 Wenlock Road, London, England, N1 7GU",,,,,,,,,1
13096,13025,GOOD BEAGLE INTERNATIONAL LTD,NEW AGE PLUMBING AND HEATING SERVICES LTD,"20-22 Wenlock Road, London, England, N1 7GU","20-22 Wenlock Road, London, England, N1 7GU",,,,,,,,,1
13370,7998,T & A DOBINSON CONSULTANCY LIMITED,R A K MANAGEMENT LIMITED,"Lawrence House, 5 St. Andrews Hill, Norwich, Norfolk, NR2 1AD","Lawrence House, 5 St. Andrews Hill, Norwich, Norfolk, NR2 1AD",,,,,,,,,1
13465,5609,Q ANNE MIDCO 2 LIMITED,Q ANNE BIDCO LIMITED,"5 Portmill Lane, Hitchin, Hertfordshire, SG5 1DJ","5 Portmill Lane, Hitchin, Hertfordshire, SG5 1DJ",,,,,,,,,1
13496,4599,THE J & T CONSULTANCY (SOUTHERN) LTD,FOOD ALL LAB LTD,"2nd Floor College House, 17 King Edwards Road, Ruislip, London, United Kingdom, HA4 7AE","2nd Floor College House, 17 King Edwards Road, Ruislip, London, United Kingdom, HA4 7AE",,,,,,,,,1
13551,2340,NEW AGE FASHION LTD,PACKER P LTD,"128 City Road, London, United Kingdom, EC1V 2NX","128 City Road, London, United Kingdom, EC1V 2NX",,,,,,,,,1
13551,11214,NEW AGE FASHION LTD,BRIGHT VISION INVESTMENT LTD,"128 City Road, London, United Kingdom, EC1V 2NX","128 City Road, London, United Kingdom, EC1V 2NX",,,,,,,,,1
13586,2415,General Cavi Spa,Eq Cables Spa,"VIA DELL'INDUSTRIA 22, CONSELICE, 48017, RAVENNA, ITALY","VIA DELL'INDUSTRIA 22, CONSELICE, 48017, RAVENNA, ITALY",,,,,IT01208310399,IT02522480371,,,1
13774,3917,Q & K SERVICES LTD,BAD BUNNY MANAGEMENT LTD,"27 Old Gloucester Street, London, United Kingdom, WC1N 3AX","27 Old Gloucester Street, London, United Kingdom, WC1N 3AX",,,,,,,,,1
13794,3917,BAD ANGELS LIMITED,BAD BUNNY MANAGEMENT LTD,"27 Old Gloucester Street, London, United Kingdom, WC1N 3AX","27 Old Gloucester Street, London, United Kingdom, WC1N 3AX",,,,,,,,,1
13794,13774,BAD ANGELS LIMITED,Q & K SERVICES LTD,"27 Old Gloucester Street, London, United Kingdom, WC1N 3AX","27 Old Gloucester Street, London, United Kingdom, WC1N 3AX",,,,,,,,,1
14082,93,SOFTWARE BRAIN LTD,SOFTWARE DEVELOPMENT SERVICES LTD,"20-22 Wenlock Road, London, England, N1 7GU","20-22 Wenlock Road, London, England, N1 7GU",,,,,,,,,1
14082,502,SOFTWARE BRAIN LTD,Z AND P INCORPORATED LTD,"20-22 Wenlock Road, London, England, N1 7GU","20-22 Wenlock Road, London, England, N1 7GU",,,,,,,,,1
14082,776,SOFTWARE BRAIN LTD,T & ASH LTD,"20-22 Wenlock Road, London, England, N1 7GU","20-22 Wenlock Road, London, England, N1 7GU",,,,,,,,,1
14082,3415,SOFTWARE BRAIN LTD,FOOD BOOKING LTD,"20-22 Wenlock Road, London, England, N1 7GU","20-22 Wenlock Road, London, England, N1 7GU",,,,,,,,,1
14082,4039,SOFTWARE BRAIN LTD,ALL ABOUT BOILERS LTD,"20-22 Wenlock Road, London, England, N1 7GU","20-22 Wenlock Road, London, England, N1 7GU",,,,,,,,,1
14082,5606,SOFTWARE BRAIN LTD,GOOD CONNEXION LTD,"20-22 Wenlock Road, London, England, N1 7GU","20-22 Wenlock Road, London, England, N1 7GU",,,,,,,,,1
14082,6679,SOFTWARE BRAIN LTD,Q BRANCH SOLUTIONS LTD,"20-22 Wenlock Road, London, England, N1 7GU","20-22 Wenlock Road, London, England, N1 7GU",,,,,,,,,1
14082,7079,SOFTWARE BRAIN LTD,H A DIRECT LTD,"20-22 Wenlock Road, London, England, N1 7GU","20-22 Wenlock Road, London, England, N1 7GU",,,,,,,,,1
14082,8008,SOFTWARE BRAIN LTD,GOOD & YOUNG LTD,"20-22 Wenlock Road, London, England, N1 7GU","20-22 Wenlock Road, London, England, N1 7GU",,,,,,,,,1
14082,13025,SOFTWARE BRAIN LTD,NEW AGE PLUMBING AND HEATING SERVICES LTD,"20-22 Wenlock Road, London, England, N1 7GU","20-22 Wenlock Road, London, England, N1 7GU",,,,,,,,,1
14082,13096,SOFTWARE BRAIN LTD,GOOD BEAGLE INTERNATIONAL LTD,"20-22 Wenlock Road, London, England, N1 7GU","20-22 Wenlock Road, London, England, N1 7GU",,,,,,,,,1
14429,8147,T A BUSINESS EUROPEAN LTD,GOOD AND DESIGN LTD,"71-75 Shelton Street, London, Greater London, United Kingdom, WC2H 9JQ","71-75 Shelton Street, London, Greater London, United Kingdom, WC2H 9JQ",,,,,,,,,1
14429,10513,T A BUSINESS EUROPEAN LTD,Z EDUCATIONAL CONSULTANCY LTD,"71-75 Shelton Street, London, Greater London, United Kingdom, WC2H 9JQ","71-75 Shelton Street, London, Greater London, United Kingdom, WC2H 9JQ",,,,,,,,,1
14429,11229,T A BUSINESS EUROPEAN LTD,Z A SIGNATURE LTD,"71-75 Shelton Street, London, Greater London, United Kingdom, WC2H 9JQ","71-75 Shelton Street, London, Greater London, United Kingdom, WC2H 9JQ",,,,,,,,,1
14809,2460,SOFTWARE RETAIL LTD,NEW AGE HEMP LIMITED,"7 Bell Yard, London, England, WC2A 2JR","7 Bell Yard, London, England, WC2A 2JR",,,,,,,,,1
14809,8320,SOFTWARE RETAIL LTD,GOOD BEHAVIOUR LIMITED,"7 Bell Yard, London, England, WC2A 2JR","7 Bell Yard, London, England, WC2A 2JR",,,,,,,,,1
14856,2811,GIVE PAY LIMITED,GIVE FINANCE LIMITED,"Brook House Brook Farm Close, Twyford, Buckingham, Buckinghamshire, United Kingdom, MK18 4FE","Brook House Brook Farm Close, Twyford, Buckingham, Buckinghamshire, United Kingdom, MK18 4FE",,,,,,,,,1
15089,263,Q UN LIMITED,ALL ABOUT KIDS LTD,"71-75 Shelton Street, Covent Garden, London, United Kingdom, WC2H 9JQ","71-75 Shelton Street, Covent Garden, London, United Kingdom, WC2H 9JQ",,,,,,,,,1
15089,3444,Q UN LIMITED,U BROWN LTD,"71-75 Shelton Street, Covent Garden, London, United Kingdom, WC2H 9JQ","71-75 Shelton Street, Covent Garden, London, United Kingdom, WC2H 9JQ",,,,,,,,,1
15089,3775,Q UN LIMITED,T & B ENGINEERING SOLUTIONS LTD,"71-75 Shelton Street, Covent Garden, London, United Kingdom, WC2H 9JQ","71-75 Shelton Street, Covent Garden, London, United Kingdom, WC2H 9JQ",,,,,,,,,1
15089,4375,Q UN LIMITED,H & A ENGINEERING LTD,"71-75 Shelton Street, Covent Garden, London, United Kingdom, WC2H 9JQ","71-75 Shelton Street, Covent Garden, London, United Kingdom, WC2H 9JQ",,,,,,,,,1
15089,4438,Q UN LIMITED,BEAUTY BOOSTERS LTD,"71-75 Shelton Street, Covent Garden, London, United Kingdom, WC2H 9JQ","71-75 Shelton Street, Covent Garden, London, United Kingdom, WC2H 9JQ",,,,,,,,,1
15089,6594,Q UN LIMITED,U EVENTS LIMITED,"71-75 Shelton Street, Covent Garden, London, United Kingdom, WC2H 9JQ","71-75 Shelton Street, Covent Garden, London, United Kingdom, WC2H 9JQ",,,,,,,,,1
15089,7607,Q UN LIMITED,GOOD ADVICE DEBT COMPANY LIMITED,"71-75 Shelton Street, Covent Garden, London, United Kingdom, WC2H 9JQ","71-75 Shelton Street, Covent Garden, London, United Kingdom, WC2H 9JQ",,,,,,,,,1
15089,11053,Q UN LIMITED,ALL ABOUT THE SAAS LTD,"71-75 Shelton Street, Covent Garden, London, United Kingdom, WC2H 9JQ","71-75 Shelton Street, Covent Garden, London, United Kingdom, WC2H 9JQ",,,,,,,,,1
15089,12838,Q UN LIMITED,Q CONSULTING GROUP LTD,"71-75 Shelton Street, Covent Garden, London, United Kingdom, WC2H 9JQ","71-75 Shelton Street, Covent Garden, London, United Kingdom, WC2H 9JQ",,,,,,,,,1
15300,288,U AND I (WIE) LIMITED,U AND I FINANCE PLC,"100 Victoria Street, London, England, SW1E 5JL","100 Victoria Street, London, England, SW1E 5JL",,,,,,,,,1
15300,3485,U AND I (WIE) LIMITED,U AND I COMPANY SECRETARIES LIMITED,"100 Victoria Street, London, England, SW1E 5JL","100 Victoria Street, London, England, SW1E 5JL",,,,,,,,,1
15300,4059,U AND I (WIE) LIMITED,U AND I INVESTMENT PORTFOLIO LIMITED,"100 Victoria Street, London, England, SW1E 5JL","100 Victoria Street, London, England, SW1E 5JL",,,,,,,,,1
15300,6037,U AND I (WIE) LIMITED,U AND I (HARWELL) LIMITED,"100 Victoria Street, London, England, SW1E 5JL","100 Victoria Street, London, England, SW1E 5JL",,,,,,,,,1
15300,7117,U AND I (WIE) LIMITED,U AND I GROUP LIMITED,"100 Victoria Street, London, England, SW1E 5JL","100 Victoria Street, London, England, SW1E 5JL",,,,,,,,,1
15642,288,U AND I (8AE) LIMITED,U AND I FINANCE PLC,"100 Victoria Street, London, England, SW1E 5JL","100 Victoria Street, London, England, SW1E 5JL",,,,,,,,,1
15642,3485,U AND I (8AE) LIMITED,U AND I COMPANY SECRETARIES LIMITED,"100 Victoria Street, London, England, SW1E 5JL","100 Victoria Street, London, England, SW1E 5JL",,,,,,,,,1
15642,4059,U AND I (8AE) LIMITED,U AND I INVESTMENT PORTFOLIO LIMITED,"100 Victoria Street, London, England, SW1E 5JL","100 Victoria Street, London, England, SW1E 5JL",,,,,,,,,1
15642,6037,U AND I (8AE) LIMITED,U AND I (HARWELL) LIMITED,"100 Victoria Street, London, England, SW1E 5JL","100 Victoria Street, London, England, SW1E 5JL",,,,,,,,,1
15642,7117,U AND I (8AE) LIMITED,U AND I GROUP LIMITED,"100 Victoria Street, London, England, SW1E 5JL","100 Victoria Street, London, England, SW1E 5JL",,,,,,,,,1
15642,15300,U AND I (8AE) LIMITED,U AND I (WIE) LIMITED,"100 Victoria Street, London, England, SW1E 5JL","100 Victoria Street, London, England, SW1E 5JL",,,,,,,,,1
15657,5950,R A BALDOCK LIMITED,R A HUNTER LIMITED,"320 Firecrest Court Centre Park, Warrington, United Kingdom, WA1 1RG","320 Firecrest Court Centre Park, Warrington, United Kingdom, WA1 1RG",,,,,,,,,1
15796,3640,BEAUTY AND THE BOOK LTD,V AESTHETICS LTD,"Suite G04 1 Quality Court, Chancery Lane, London, England, WC2A 1HR","Suite G04 1 Quality Court, Chancery Lane, London, England, WC2A 1HR",,,,,,,,,1
15796,7462,BEAUTY AND THE BOOK LTD,BAD BS CLOTHING LTD,"Suite G04 1 Quality Court, Chancery Lane, London, England, WC2A 1HR","Suite G04 1 Quality Court, Chancery Lane, London, England, WC2A 1HR",,,,,,,,,1
15796,11658,BEAUTY AND THE BOOK LTD,Z & I UNIVERSAL LIMITED,"Suite G04 1 Quality Court, Chancery Lane, London, England, WC2A 1HR","Suite G04 1 Quality Court, Chancery Lane, London, England, WC2A 1HR",,,,,,,,,1
16267,3917,MATRIX FINANCES LTD,BAD BUNNY MANAGEMENT LTD,"27 Old Gloucester Street, London, United Kingdom, WC1N 3AX","27 Old Gloucester Street, London, United Kingdom, WC1N 3AX",,,,,,,,,1
16267,13774,MATRIX FINANCES LTD,Q & K SERVICES LTD,"27 Old Gloucester Street, London, United Kingdom, WC1N 3AX","27 Old Gloucester Street, London, United Kingdom, WC1N 3AX",,,,,,,,,1
16267,13794,MATRIX FINANCES LTD,BAD ANGELS LIMITED,"27 Old Gloucester Street, London, United Kingdom, WC1N 3AX","27 Old Gloucester Street, London, United Kingdom, WC1N 3AX",,,,,,,,,1
16339,9606,NEW AGE REBEL LTD,S A CONSTRUCTION 247 LTD,"86-90 Paul Street, London, England, EC2A 4NE","86-90 Paul Street, London, England, EC2A 4NE",,,,,,,,,1
16453,10666,Pirelli Tyre Spa,Pirelli & C. Spa,"VIALE PIERO E ALBERTO PIRELLI 25, MILANO, 20126, MILANO, ITALY","VIALE PIERO E ALBERTO PIRELLI 25, MILANO, 20126, MILANO, ITALY",,,,,IT07211330159,IT00860340157,,,1
16676,4599,BEAUTY ARENA LTD,FOOD ALL LAB LTD,"2nd Floor College House, 17 King Edwards Road, Ruislip, London, United Kingdom, HA4 7AE","2nd Floor College House, 17 King Edwards Road, Ruislip, London, United Kingdom, HA4 7AE",,,,,,,,,1
16676,13496,BEAUTY ARENA LTD,THE J & T CONSULTANCY (SOUTHERN) LTD,"2nd Floor College House, 17 King Edwards Road, Ruislip, London, United Kingdom, HA4 7AE","2nd Floor College House, 17 King Edwards Road, Ruislip, London, United Kingdom, HA4 7AE",,,,,,,,,1
16743,93,Q BRIDGE ENTERTAINMENT LTD,SOFTWARE DEVELOPMENT SERVICES LTD,"20-22 Wenlock Road, London, England, N1 7GU","20-22 Wenlock Road, London, England, N1 7GU",,,,,,,,,1
16743,502,Q BRIDGE ENTERTAINMENT LTD,Z AND P INCORPORATED LTD,"20-22 Wenlock Road, London, England, N1 7GU","20-22 Wenlock Road, London, England, N1 7GU",,,,,,,,,1
16743,776,Q BRIDGE ENTERTAINMENT LTD,T & ASH LTD,"20-22 Wenlock Road, London, England, N1 7GU","20-22 Wenlock Road, London, England, N1 7GU",,,,,,,,,1
16743,3415,Q BRIDGE ENTERTAINMENT LTD,FOOD BOOKING LTD,"20-22 Wenlock Road, London, England, N1 7GU","20-22 Wenlock Road, London, England, N1 7GU",,,,,,,,,1
16743,4039,Q BRIDGE ENTERTAINMENT LTD,ALL ABOUT BOILERS LTD,"20-22 Wenlock Road, London, England, N1 7GU","20-22 Wenlock Road, London, England, N1 7GU",,,,,,,,,1
16743,5606,Q BRIDGE ENTERTAINMENT LTD,GOOD CONNEXION LTD,"20-22 Wenlock Road, London, England, N1 7GU","20-22 Wenlock Road, London, England, N1 7GU",,,,,,,,,1
16743,6679,Q BRIDGE ENTERTAINMENT LTD,Q BRANCH SOLUTIONS LTD,"20-22 Wenlock Road, London, England, N1 7GU","20-22 Wenlock Road, London, England, N1 7GU",,,,,,,,,1
16743,7079,Q BRIDGE ENTERTAINMENT LTD,H A DIRECT LTD,"20-22 Wenlock Road, London, England, N1 7GU","20-22 Wenlock Road, London, England, N1 7GU",,,,,,,,,1
16743,8008,Q BRIDGE ENTERTAINMENT LTD,GOOD & YOUNG LTD,"20-22 Wenlock Road, London, England, N1 7GU","20-22 Wenlock Road, London, England, N1 7GU",,,,,,,,,1
16743,13025,Q BRIDGE ENTERTAINMENT LTD,NEW AGE PLUMBING AND HEATING SERVICES LTD,"20-22 Wenlock Road, London, England, N1 7GU","20-22 Wenlock Road, London, England, N1 7GU",,,,,,,,,1
16743,13096,Q BRIDGE ENTERTAINMENT LTD,GOOD BEAGLE INTERNATIONAL LTD,"20-22 Wenlock Road, London, England, N1 7GU","20-22 Wenlock Road, London, England, N1 7GU",,,,,,,,,1
16743,14082,Q BRIDGE ENTERTAINMENT LTD,SOFTWARE BRAIN LTD,"20-22 Wenlock Road, London, England, N1 7GU","20-22 Wenlock Road, London, England, N1 7GU",,,,,,,,,1
16822,8147,GOOD CHOICE BUILDERS LTD,GOOD AND DESIGN LTD,"71-75 Shelton Street, London, Greater London, United Kingdom, WC2H 9JQ","71-75 Shelton Street, London, Greater London, United Kingdom, WC2H 9JQ",,,,,,,,,1
16822,10513,GOOD CHOICE BUILDERS LTD,Z EDUCATIONAL CONSULTANCY LTD,"71-75 Shelton Street, London, Greater London, United Kingdom, WC2H 9JQ","71-75 Shelton Street, London, Greater London, United Kingdom, WC2H 9JQ",,,,,,,,,1
16822,11229,GOOD CHOICE BUILDERS LTD,Z A SIGNATURE LTD,"71-75 Shelton Street, London, Greater London, United Kingdom, WC2H 9JQ","71-75 Shelton Street, London, Greater London, United Kingdom, WC2H 9JQ",,,,,,,,,1
16822,14429,GOOD CHOICE BUILDERS LTD,T A BUSINESS EUROPEAN LTD,"71-75 Shelton Street, London, Greater London, United Kingdom, WC2H 9JQ","71-75 Shelton Street, London, Greater London, United Kingdom, WC2H 9JQ",,,,,,,,,1
16854,13279,Z & K SOUTHWEST LTD,Z & K KASPAS LTD,"4 Diamond Jubilee Close, Gloucester, United Kingdom, GL1 4LR","4 Diamond Jubilee Close, Gloucester, United Kingdom, GL1 4LR",,,,,,,,,1
17098,2139,General Logistics Systems Enterprise Srl,General Logistics Systems Italy Spa,"VIA BASENTO 19, SAN GIULIANO MILANESE, 20098, MILANO, ITALY","VIA BASENTO 19, SAN GIULIANO MILANESE, 20098, MILANO, ITALY",,,,,IT04102770965,IT12144660151,,,1
17163,15725,P A COOK & CO (HIGH WYCOMBE) LTD,ALL ABOUT RESTO LTD,"Office 9, Dalton House, 60 Windsor Avenue, London, United Kingdom, SW19 2RR","Office 9, Dalton House, 60 Windsor Avenue, London, United Kingdom, SW19 2RR",,,,,,,,,1
17212,15959,Comet Holding Spa,Comet Spa,"VIA MICHELINO 105, BOLOGNA, 40127, BOLOGNA, ITALY","VIA MICHELINO 105, BOLOGNA, 40127, BOLOGNA, ITALY",,,,,IT02406221206,IT02108091204,,,1
17304,93,PERGORA FINANCES INVESTMENTS LTD,SOFTWARE DEVELOPMENT SERVICES LTD,"20-22 Wenlock Road, London, England, N1 7GU","20-22 Wenlock Road, London, England, N1 7GU",,,,,,,,,1
17304,502,PERGORA FINANCES INVESTMENTS LTD,Z AND P INCORPORATED LTD,"20-22 Wenlock Road, London, England, N1 7GU","20-22 Wenlock Road, London, England, N1 7GU",,,,,,,,,1
17304,776,PERGORA FINANCES INVESTMENTS LTD,T & ASH LTD,"20-22 Wenlock Road, London, England, N1 7GU","20-22 Wenlock Road, London, England, N1 7GU",,,,,,,,,1
17304,3415,PERGORA FINANCES INVESTMENTS LTD,FOOD BOOKING LTD,"20-22 Wenlock Road, London, England, N1 7GU","20-22 Wenlock Road, London, England, N1 7GU",,,,,,,,,1
17304,4039,PERGORA FINANCES INVESTMENTS LTD,ALL ABOUT BOILERS LTD,"20-22 Wenlock Road, London, England, N1 7GU","20-22 Wenlock Road, London, England, N1 7GU",,,,,,,,,1
17304,5606,PERGORA FINANCES INVESTMENTS LTD,GOOD CONNEXION LTD,"20-22 Wenlock Road, London, England, N1 7GU","20-22 Wenlock Road, London, England, N1 7GU",,,,,,,,,1
17304,6679,PERGORA FINANCES INVESTMENTS LTD,Q BRANCH SOLUTIONS LTD,"20-22 Wenlock Road, London, England, N1 7GU","20-22 Wenlock Road, London, England, N1 7GU",,,,,,,,,1
17304,7079,PERGORA FINANCES INVESTMENTS LTD,H A DIRECT LTD,"20-22 Wenlock Road, London, England, N1 7GU","20-22 Wenlock Road, London, England, N1 7GU",,,,,,,,,1
17304,8008,PERGORA FINANCES INVESTMENTS LTD,GOOD & YOUNG LTD,"20-22 Wenlock Road, London, England, N1 7GU","20-22 Wenlock Road, London, England, N1 7GU",,,,,,,,,1
17304,13025,PERGORA FINANCES INVESTMENTS LTD,NEW AGE PLUMBING AND HEATING SERVICES LTD,"20-22 Wenlock Road, London, England, N1 7GU","20-22 Wenlock Road, London, England, N1 7GU",,,,,,,,,1
17304,13096,PERGORA FINANCES INVESTMENTS LTD,GOOD BEAGLE INTERNATIONAL LTD,"20-22 Wenlock Road, London, England, N1 7GU","20-22 Wenlock Road, London, England, N1 7GU",,,,,,,,,1
17304,14082,PERGORA FINANCES INVESTMENTS LTD,SOFTWARE BRAIN LTD,"20-22 Wenlock Road, London, England, N1 7GU","20-22 Wenlock Road, London, England, N1 7GU",,,,,,,,,1
17304,16743,PERGORA FINANCES INVESTMENTS LTD,Q BRIDGE ENTERTAINMENT LTD,"20-22 Wenlock Road, London, England, N1 7GU","20-22 Wenlock Road, London, England, N1 7GU",,,,,,,,,1
17344,8147,BEAUTY & GRACE LIMITED,GOOD AND DESIGN LTD,"71-75 Shelton Street, London, Greater London, United Kingdom, WC2H 9JQ","71-75 Shelton Street, London, Greater London, United Kingdom, WC2H 9JQ",,,,,,,,,1
17344,10513,BEAUTY & GRACE LIMITED,Z EDUCATIONAL CONSULTANCY LTD,"71-75 Shelton Street, London, Greater London, United Kingdom, WC2H 9JQ","71-75 Shelton Street, London, Greater London, United Kingdom, WC2H 9JQ",,,,,,,,,1
17344,11229,BEAUTY & GRACE LIMITED,Z A SIGNATURE LTD,"71-75 Shelton Street, London, Greater London, United Kingdom, WC2H 9JQ","71-75 Shelton Street, London, Greater London, United Kingdom, WC2H 9JQ",,,,,,,,,1
17344,14429,BEAUTY & GRACE LIMITED,T A BUSINESS EUROPEAN LTD,"71-75 Shelton Street, London, Greater London, United Kingdom, WC2H 9JQ","71-75 Shelton Street, London, Greater London, United Kingdom, WC2H 9JQ",,,,,,,,,1
17344,16822,BEAUTY & GRACE LIMITED,GOOD CHOICE BUILDERS LTD,"71-75 Shelton Street, London, Greater London, United Kingdom, WC2H 9JQ","71-75 Shelton Street, London, Greater London, United Kingdom, WC2H 9JQ",,,,,,,,,1
17497,288,U AND I IPA LIMITED,U AND I FINANCE PLC,"100 Victoria Street, London, England, SW1E 5JL","100 Victoria Street, London, England, SW1E 5JL",,,,,,,,,1
17497,3485,U AND I IPA LIMITED,U AND I COMPANY SECRETARIES LIMITED,"100 Victoria Street, London, England, SW1E 5JL","100 Victoria Street, London, England, SW1E 5JL",,,,,,,,,1
17497,4059,U AND I IPA LIMITED,U AND I INVESTMENT PORTFOLIO LIMITED,"100 Victoria Street, London, England, SW1E 5JL","100 Victoria Street, London, England, SW1E 5JL",,,,,,,,,1
17497,6037,U AND I IPA LIMITED,U AND I (HARWELL) LIMITED,"100 Victoria Street, London, England, SW1E 5JL","100 Victoria Street, London, England, SW1E 5JL",,,,,,,,,1
17497,7117,U AND I IPA LIMITED,U AND I GROUP LIMITED,"100 Victoria Street, London, England, SW1E 5JL","100 Victoria Street, London, England, SW1E 5JL",,,,,,,,,1
17497,15300,U AND I IPA LIMITED,U AND I (WIE) LIMITED,"100 Victoria Street, London, England, SW1E 5JL","100 Victoria Street, London, England, SW1E 5JL",,,,,,,,,1
17497,15642,U AND I IPA LIMITED,U AND I (8AE) LIMITED,"100 Victoria Street, London, England, SW1E 5JL","100 Victoria Street, London, England, SW1E 5JL",,,,,,,,,1
17549,93,ALL ABOUT PROPERTIES LTD,SOFTWARE DEVELOPMENT SERVICES LTD,"20-22 Wenlock Road, London, England, N1 7GU","20-22 Wenlock Road, London, England, N1 7GU",,,,,,,,,1
17549,502,ALL ABOUT PROPERTIES LTD,Z AND P INCORPORATED LTD,"20-22 Wenlock Road, London, England, N1 7GU","20-22 Wenlock Road, London, England, N1 7GU",,,,,,,,,1
17549,776,ALL ABOUT PROPERTIES LTD,T & ASH LTD,"20-22 Wenlock Road, London, England, N1 7GU","20-22 Wenlock Road, London, England, N1 7GU",,,,,,,,,1
17549,3415,ALL ABOUT PROPERTIES LTD,FOOD BOOKING LTD,"20-22 Wenlock Road, London, England, N1 7GU","20-22 Wenlock Road, London, England, N1 7GU",,,,,,,,,1
17549,4039,ALL ABOUT PROPERTIES LTD,ALL ABOUT BOILERS LTD,"20-22 Wenlock Road, London, England, N1 7GU","20-22 Wenlock Road, London, England, N1 7GU",,,,,,,,,1
17549,5606,ALL ABOUT PROPERTIES LTD,GOOD CONNEXION LTD,"20-22 Wenlock Road, London, England, N1 7GU","20-22 Wenlock Road, London, England, N1 7GU",,,,,,,,,1
17549,6679,ALL ABOUT PROPERTIES LTD,Q BRANCH SOLUTIONS LTD,"20-22 Wenlock Road, London, England, N1 7GU","20-22 Wenlock Road, London, England, N1 7GU",,,,,,,,,1
17549,7079,ALL ABOUT PROPERTIES LTD,H A DIRECT LTD,"20-22 Wenlock Road, London, England, N1 7GU","20-22 Wenlock Road, London, England, N1 7GU",,,,,,,,,1
17549,8008,ALL ABOUT PROPERTIES LTD,GOOD & YOUNG LTD,"20-22 Wenlock Road, London, England, N1 7GU","20-22 Wenlock Road, London, England, N1 7GU",,,,,,,,,1
17549,13025,ALL ABOUT PROPERTIES LTD,NEW AGE PLUMBING AND HEATING SERVICES LTD,"20-22 Wenlock Road, London, England, N1 7GU","20-22 Wenlock Road, London, England, N1 7GU",,,,,,,,,1
17549,13096,ALL ABOUT PROPERTIES LTD,GOOD BEAGLE INTERNATIONAL LTD,"20-22 Wenlock Road, London, England, N1 7GU","20-22 Wenlock Road, London, England, N1 7GU",,,,,,,,,1
17549,14082,ALL ABOUT PROPERTIES LTD,SOFTWARE BRAIN LTD,"20-22 Wenlock Road, London, England, N1 7GU","20-22 Wenlock Road, London, England, N1 7GU",,,,,,,,,1
17549,16743,ALL ABOUT PROPERTIES LTD,Q BRIDGE ENTERTAINMENT LTD,"20-22 Wenlock Road, London, England, N1 7GU","20-22 Wenlock Road, London, England, N1 7GU",,,,,,,,,1
17549,17304,ALL ABOUT PROPERTIES LTD,PERGORA FINANCES INVESTMENTS LTD,"20-22 Wenlock Road, London, England, N1 7GU","20-22 Wenlock Road, London, England, N1 7GU",,,,,,,,,1
17663,3640,NEW AGE MOTORS LIMITED,V AESTHETICS LTD,"Suite G04 1 Quality Court, Chancery Lane, London, England, WC2A 1HR","Suite G04 1 Quality Court, Chancery Lane, London, England, WC2A 1HR",,,,,,,,,1
17663,7462,NEW AGE MOTORS LIMITED,BAD BS CLOTHING LTD,"Suite G04 1 Quality Court, Chancery Lane, London, England, WC2A 1HR","Suite G04 1 Quality Court, Chancery Lane, London, England, WC2A 1HR",,,,,,,,,1
17663,11658,NEW AGE MOTORS LIMITED,Z & I UNIVERSAL LIMITED,"Suite G04 1 Quality Court, Chancery Lane, London, England, WC2A 1HR","Suite G04 1 Quality Court, Chancery Lane, London, England, WC2A 1HR",,,,,,,,,1
17663,15796,NEW AGE MOTORS LIMITED,BEAUTY AND THE BOOK LTD,"Suite G04 1 Quality Court, Chancery Lane, London, England, WC2A 1HR","Suite G04 1 Quality Court, Chancery Lane, London, England, WC2A 1HR",,,,,,,,,1
17757,2340,GOOD DAY AESTHETICS & BEAUTY LTD,PACKER P LTD,"128 City Road, London, United Kingdom, EC1V 2NX","128 City Road, London, United Kingdom, EC1V 2NX",,,,,,,,,1
17757,11214,GOOD DAY AESTHETICS & BEAUTY LTD,BRIGHT VISION INVESTMENT LTD,"128 City Road, London, United Kingdom, EC1V 2NX","128 City Road, London, United Kingdom, EC1V 2NX",,,,,,,,,1
17757,13551,GOOD DAY AESTHETICS & BEAUTY LTD,NEW AGE FASHION LTD,"128 City Road, London, United Kingdom, EC1V 2NX","128 City Road, London, United Kingdom, EC1V 2NX",,,,,,,,,1
17847,4863,LEANNE MORTON FINANCES LTD,MORTON FINANCES LTD,"3 Levern Bridge Grove, Glasgow, Scotland, G53 7BJ","3 Levern Bridge Grove, Glasgow, Scotland, G53 7BJ",,,,,,,,,1
18007,7684,P & A AUDIO VISUAL LTD,P & A PROPERTIES (MERSEYSIDE) LIMITED,"Trident House, 105 Derby Road, Liverpool, L20 8LZ","Trident House, 105 Derby Road, Liverpool, L20 8LZ",,,,,,,,,1
18039,263,Z & K DISTRIBUTORS LIMITED,ALL ABOUT KIDS LTD,"71-75 Shelton Street, Covent Garden, London, United Kingdom, WC2H 9JQ","71-75 Shelton Street, Covent Garden, London, United Kingdom, WC2H 9JQ",,,,,,,,,1
18039,3444,Z & K DISTRIBUTORS LIMITED,U BROWN LTD,"71-75 Shelton Street, Covent Garden, London, United Kingdom, WC2H 9JQ","71-75 Shelton Street, Covent Garden, London, United Kingdom, WC2H 9JQ",,,,,,,,,1
18039,3775,Z & K DISTRIBUTORS LIMITED,T & B ENGINEERING SOLUTIONS LTD,"71-75 Shelton Street, Covent Garden, London, United Kingdom, WC2H 9JQ","71-75 Shelton Street, Covent Garden, London, United Kingdom, WC2H 9JQ",,,,,,,,,1
18039,4375,Z & K DISTRIBUTORS LIMITED,H & A ENGINEERING LTD,"71-75 Shelton Street, Covent Garden, London, United Kingdom, WC2H 9JQ","71-75 Shelton Street, Covent Garden, London, United Kingdom, WC2H 9JQ",,,,,,,,,1
18039,4438,Z & K DISTRIBUTORS LIMITED,BEAUTY BOOSTERS LTD,"71-75 Shelton Street, Covent Garden, London, United Kingdom, WC2H 9JQ","71-75 Shelton Street, Covent Garden, London, United Kingdom, WC2H 9JQ",,,,,,,,,1
18039,6594,Z & K DISTRIBUTORS LIMITED,U EVENTS LIMITED,"71-75 Shelton Street, Covent Garden, London, United Kingdom, WC2H 9JQ","71-75 Shelton Street, Covent Garden, London, United Kingdom, WC2H 9JQ",,,,,,,,,1
18039,7607,Z & K DISTRIBUTORS LIMITED,GOOD ADVICE DEBT COMPANY LIMITED,"71-75 Shelton Street, Covent Garden, London, United Kingdom, WC2H 9JQ","71-75 Shelton Street, Covent Garden, London, United Kingdom, WC2H 9JQ",,,,,,,,,1
18039,11053,Z & K DISTRIBUTORS LIMITED,ALL ABOUT THE SAAS LTD,"71-75 Shelton Street, Covent Garden, London, United Kingdom, WC2H 9JQ","71-75 Shelton Street, Covent Garden, London, United Kingdom, WC2H 9JQ",,,,,,,,,1
18039,12838,Z & K DISTRIBUTORS LIMITED,Q CONSULTING GROUP LTD,"71-75 Shelton Street, Covent Garden, London, United Kingdom, WC2H 9JQ","71-75 Shelton Street, Covent Garden, London, United Kingdom, WC2H 9JQ",,,,,,,,,1
18039,15089,Z & K DISTRIBUTORS LIMITED,Q UN LIMITED,"71-75 Shelton Street, Covent Garden, London, United Kingdom, WC2H 9JQ","71-75 Shelton Street, Covent Garden, London, United Kingdom, WC2H 9JQ",,,,,,,,,1
18166,3108,GOOD AND BETTER LTD,FOOD COMPLIANT ENGINEERING LTD,"20-22 Wenlock Road, London, N1 7GU","20-22 Wenlock Road, London, N1 7GU",,,,,,,,,1
18205,4499,GOOD AND LUCKY LTD,H & A HOT FOOD LTD,"9 Royal Crescent, Glasgow, Scotland, G3 7SP","9 Royal Crescent, Glasgow, Scotland, G3 7SP",,,,,,,,,1
18448,17374,Lazard Ltd,Signet Jewelers Ltd,"Clarendon House, 2 Church Street, Hamilton, HM11","Clarendon House, 2 Church Street, Hamilton, HM11",,,,,Bermuda,,Americas,,1
18671,3303,NEW AGE FITNESS LTD,NEW AGE PERSONAL TRAINING LTD.,"29 Brandon Street, Hamilton, South Lanarkshire, ML3 6DA","29 Brandon Street, Hamilton, South Lanarkshire, ML3 6DA",,,,,,,,,1
18671,12257,NEW AGE FITNESS LTD,MIDSIDE FINANCES LIMITED,"29 Brandon Street, Hamilton, South Lanarkshire, ML3 6DA","29 Brandon Street, Hamilton, South Lanarkshire, ML3 6DA",,,,,,,,,1
18677,8147,GOOD CHOICE ZR LTD,GOOD AND DESIGN LTD,"71-75 Shelton Street, London, Greater London, United Kingdom, WC2H 9JQ","71-75 Shelton Street, London, Greater London, United Kingdom, WC2H 9JQ",,,,,,,,,1
18677,10513,GOOD CHOICE ZR LTD,Z EDUCATIONAL CONSULTANCY LTD,"71-75 Shelton Street, London, Greater London, United Kingdom, WC2H 9JQ","71-75 Shelton Street, London, Greater London, United Kingdom, WC2H 9JQ",,,,,,,,,1
18677,11229,GOOD CHOICE ZR LTD,Z A SIGNATURE LTD,"71-75 Shelton Street, London, Greater London, United Kingdom, WC2H 9JQ","71-75 Shelton Street, London, Greater London, United Kingdom, WC2H 9JQ",,,,,,,,,1
18677,14429,GOOD CHOICE ZR LTD,T A BUSINESS EUROPEAN LTD,"71-75 Shelton Street, London, Greater London, United Kingdom, WC2H 9JQ","71-75 Shelton Street, London, Greater London, United Kingdom, WC2H 9JQ",,,,,,,,,1
18677,16822,GOOD CHOICE ZR LTD,GOOD CHOICE BUILDERS LTD,"71-75 Shelton Street, London, Greater London, United Kingdom, WC2H 9JQ","71-75 Shelton Street, London, Greater London, United Kingdom, WC2H 9JQ",,,,,,,,,1
18677,17344,GOOD CHOICE ZR LTD,BEAUTY & GRACE LIMITED,"71-75 Shelton Street, London, Greater London, United Kingdom, WC2H 9JQ","71-75 Shelton Street, London, Greater London, United Kingdom, WC2H 9JQ",,,,,,,,,1
18860,13499,Elfin Srl,Unoenergy Spa,"CORSO FELICE CAVALLOTTI 30, SANREMO, 18038, IMPERIA, ITALY","CORSO FELICE CAVALLOTTI 30, SANREMO, 18038, IMPERIA, ITALY",,,,,IT01702610088,IT01368720080,,,1
18878,263,FOOD & BEVERAGE INTERNATIONAL LTD,ALL ABOUT KIDS LTD,"71-75 Shelton Street, Covent Garden, London, United Kingdom, WC2H 9JQ","71-75 Shelton Street, Covent Garden, London, United Kingdom, WC2H 9JQ",,,,,,,,,1
18878,3444,FOOD & BEVERAGE INTERNATIONAL LTD,U BROWN LTD,"71-75 Shelton Street, Covent Garden, London, United Kingdom, WC2H 9JQ","71-75 Shelton Street, Covent Garden, London, United Kingdom, WC2H 9JQ",,,,,,,,,1
18878,3775,FOOD & BEVERAGE INTERNATIONAL LTD,T & B ENGINEERING SOLUTIONS LTD,"71-75 Shelton Street, Covent Garden, London, United Kingdom, WC2H 9JQ","71-75 Shelton Street, Covent Garden, London, United Kingdom, WC2H 9JQ",,,,,,,,,1
18878,4375,FOOD & BEVERAGE INTERNATIONAL LTD,H & A ENGINEERING LTD,"71-75 Shelton Street, Covent Garden, London, United Kingdom, WC2H 9JQ","71-75 Shelton Street, Covent Garden, London, United Kingdom, WC2H 9JQ",,,,,,,,,1
18878,4438,FOOD & BEVERAGE INTERNATIONAL LTD,BEAUTY BOOSTERS LTD,"71-75 Shelton Street, Covent Garden, London, United Kingdom, WC2H 9JQ","71-75 Shelton Street, Covent Garden, London, United Kingdom, WC2H 9JQ",,,,,,,,,1
18878,6594,FOOD & BEVERAGE INTERNATIONAL LTD,U EVENTS LIMITED,"71-75 Shelton Street, Covent Garden, London, United Kingdom, WC2H 9JQ","71-75 Shelton Street, Covent Garden, London, United Kingdom, WC2H 9JQ",,,,,,,,,1
18878,7607,FOOD & BEVERAGE INTERNATIONAL LTD,GOOD ADVICE DEBT COMPANY LIMITED,"71-75 Shelton Street, Covent Garden, London, United Kingdom, WC2H 9JQ","71-75 Shelton Street, Covent Garden, London, United Kingdom, WC2H 9JQ",,,,,,,,,1
18878,11053,FOOD & BEVERAGE INTERNATIONAL LTD,ALL ABOUT THE SAAS LTD,"71-75 Shelton Street, Covent Garden, London, United Kingdom, WC2H 9JQ","71-75 Shelton Street, Covent Garden, London, United Kingdom, WC2H 9JQ",,,,,,,,,1
18878,12838,FOOD & BEVERAGE INTERNATIONAL LTD,Q CONSULTING GROUP LTD,"71-75 Shelton Street, Covent Garden, London, United Kingdom, WC2H 9JQ","71-75 Shelton Street, Covent Garden, London, United Kingdom, WC2H 9JQ",,,,,,,,,1
18878,15089,FOOD & BEVERAGE INTERNATIONAL LTD,Q UN LIMITED,"71-75 Shelton Street, Covent Garden, London, United Kingdom, WC2H 9JQ","71-75 Shelton Street, Covent Garden, London, United Kingdom, WC2H 9JQ",,,,,,,,,1
18878,18039,FOOD & BEVERAGE INTERNATIONAL LTD,Z & K DISTRIBUTORS LIMITED,"71-75 Shelton Street, Covent Garden, London, United Kingdom, WC2H 9JQ","71-75 Shelton Street, Covent Garden, London, United Kingdom, WC2H 9JQ",,,,,,,,,1
18882,93,NEW AGE TOURING PRODUCTIONS LIMITED,SOFTWARE DEVELOPMENT SERVICES LTD,"20-22 Wenlock Road, London, England, N1 7GU","20-22 Wenlock Road, London, England, N1 7GU",,,,,,,,,1
18882,502,NEW AGE TOURING PRODUCTIONS LIMITED,Z AND P INCORPORATED LTD,"20-22 Wenlock Road, London, England, N1 7GU","20-22 Wenlock Road, London, England, N1 7GU",,,,,,,,,1
18882,776,NEW AGE TOURING PRODUCTIONS LIMITED,T & ASH LTD,"20-22 Wenlock Road, London, England, N1 7GU","20-22 Wenlock Road, London, England, N1 7GU",,,,,,,,,1
18882,3415,NEW AGE TOURING PRODUCTIONS LIMITED,FOOD BOOKING LTD,"20-22 Wenlock Road, London, England, N1 7GU","20-22 Wenlock Road, London, England, N1 7GU",,,,,,,,,1
18882,4039,NEW AGE TOURING PRODUCTIONS LIMITED,ALL ABOUT BOILERS LTD,"20-22 Wenlock Road, London, England, N1 7GU","20-22 Wenlock Road, London, England, N1 7GU",,,,,,,,,1
18882,5606,NEW AGE TOURING PRODUCTIONS LIMITED,GOOD CONNEXION LTD,"20-22 Wenlock Road, London, England, N1 7GU","20-22 Wenlock Road, London, England, N1 7GU",,,,,,,,,1
18882,6679,NEW AGE TOURING PRODUCTIONS LIMITED,Q BRANCH SOLUTIONS LTD,"20-22 Wenlock Road, London, England, N1 7GU","20-22 Wenlock Road, London, England, N1 7GU",,,,,,,,,1
18882,7079,NEW AGE TOURING PRODUCTIONS LIMITED,H A DIRECT LTD,"20-22 Wenlock Road, London, England, N1 7GU","20-22 Wenlock Road, London, England, N1 7GU",,,,,,,,,1
18882,8008,NEW AGE TOURING PRODUCTIONS LIMITED,GOOD & YOUNG LTD,"20-22 Wenlock Road, London, England, N1 7GU","20-22 Wenlock Road, London, England, N1 7GU",,,,,,,,,1
18882,13025,NEW AGE TOURING PRODUCTIONS LIMITED,NEW AGE PLUMBING AND HEATING SERVICES LTD,"20-22 Wenlock Road, London, England, N1 7GU","20-22 Wenlock Road, London, England, N1 7GU",,,,,,,,,1
18882,13096,NEW AGE TOURING PRODUCTIONS LIMITED,GOOD BEAGLE INTERNATIONAL LTD,"20-22 Wenlock Road, London, England, N1 7GU","20-22 Wenlock Road, London, England, N1 7GU",,,,,,,,,1
18882,14082,NEW AGE TOURING PRODUCTIONS LIMITED,SOFTWARE BRAIN LTD,"20-22 Wenlock Road, London, England, N1 7GU","20-22 Wenlock Road, London, England, N1 7GU",,,,,,,,,1
18882,16743,NEW AGE TOURING PRODUCTIONS LIMITED,Q BRIDGE ENTERTAINMENT LTD,"20-22 Wenlock Road, London, England, N1 7GU","20-22 Wenlock Road, London, England, N1 7GU",,,,,,,,,1
18882,17304,NEW AGE TOURING PRODUCTIONS LIMITED,PERGORA FINANCES INVESTMENTS LTD,"20-22 Wenlock Road, London, England, N1 7GU","20-22 Wenlock Road, London, England, N1 7GU",,,,,,,,,1
18882,17549,NEW AGE TOURING PRODUCTIONS LIMITED,ALL ABOUT PROPERTIES LTD,"20-22 Wenlock Road, London, England, N1 7GU","20-22 Wenlock Road, London, England, N1 7GU",,,,,,,,,1
18893,3917,NEW ALBION REAL ESTATE LTD,BAD BUNNY MANAGEMENT LTD,"27 Old Gloucester Street, London, United Kingdom, WC1N 3AX","27 Old Gloucester Street, London, United Kingdom, WC1N 3AX",,,,,,,,,1
18893,13774,NEW ALBION REAL ESTATE LTD,Q & K SERVICES LTD,"27 Old Gloucester Street, London, United Kingdom, WC1N 3AX","27 Old Gloucester Street, London, United Kingdom, WC1N 3AX",,,,,,,,,1
18893,13794,NEW ALBION REAL ESTATE LTD,BAD ANGELS LIMITED,"27 Old Gloucester Street, London, United Kingdom, WC1N 3AX","27 Old Gloucester Street, London, United Kingdom, WC1N 3AX",,,,,,,,,1
18893,16267,NEW ALBION REAL ESTATE LTD,MATRIX FINANCES LTD,"27 Old Gloucester Street, London, United Kingdom, WC1N 3AX","27 Old Gloucester Street, London, United Kingdom, WC1N 3AX",,,,,,,,,1
18935,5727,Poste Italiane Spa,Postepay Spa,"VIALE EUROPA 190, ROMA, 00144, ROMA, ITALY","VIALE EUROPA 190, ROMA, 00144, ROMA, ITALY",,,,,IT01114601006,IT06874351007,Europe,,1
18983,9148,HORNBACH-Baumarkt AG,Hornbach Holding AG & Co KGaA,"Hornbachstrasse 11, Bornheim, 76879","Hornbachstrasse 11, Bornheim, 76879",,,,,,,,,1
19028,5950,V & M ENGINEERING LIMITED,R A HUNTER LIMITED,"320 Firecrest Court Centre Park, Warrington, United Kingdom, WA1 1RG","320 Firecrest Court Centre Park, Warrington, United Kingdom, WA1 1RG",,,,,,,,,1
19028,15657,V & M ENGINEERING LIMITED,R A BALDOCK LIMITED,"320 Firecrest Court Centre Park, Warrington, United Kingdom, WA1 1RG","320 Firecrest Court Centre Park, Warrington, United Kingdom, WA1 1RG",,,,,,,,,1
19156,10559,MSSR RETAIL LTD,MSSR FOODS LTD,"Depo 1 Waterloo Avenue, Birmingham, England, B37 6RE","Depo 1 Waterloo Avenue, Birmingham, England, B37 6RE",,,,,,,,,1
19342,4789,Aker ASA,Aker BP ASA,"Oksenoyveien 10, Lysaker, 1366","Oksenoyveien 10, Lysaker, 1366",,,,,,,,,1
19608,9423,Cargill Srl,Cargill Eurit Srl,"VIA GIUSEPPE RIPAMONTI 89, MILANO, 20141, MILANO, ITALY","VIA GIUSEPPE RIPAMONTI 89, MILANO, 20141, MILANO, ITALY",,,,,IT12096330159,IT05942560961,,,1
19613,2340,SOFTWARE SOLUTIONS GROUP LTD.,PACKER P LTD,"128 City Road, London, United Kingdom, EC1V 2NX","128 City Road, London, United Kingdom, EC1V 2NX",,,,,,,,,1
19613,11214,SOFTWARE SOLUTIONS GROUP LTD.,BRIGHT VISION INVESTMENT LTD,"128 City Road, London, United Kingdom, EC1V 2NX","128 City Road, London, United Kingdom, EC1V 2NX",,,,,,,,,1
19613,13551,SOFTWARE SOLUTIONS GROUP LTD.,NEW AGE FASHION LTD,"128 City Road, London, United Kingdom, EC1V 2NX","128 City Road, London, United Kingdom, EC1V 2NX",,,,,,,,,1
19613,17757,SOFTWARE SOLUTIONS GROUP LTD.,GOOD DAY AESTHETICS & BEAUTY LTD,"128 City Road, London, United Kingdom, EC1V 2NX","128 City Road, London, United Kingdom, EC1V 2NX",,,,,,,,,1
19620,14788,V & E TRANSPORT LTD,T. A. K CONTRACTORS LTD,"Hale House Unit 5, 296a Green Lanes, Palmers Green, London, United Kingdom, N13 5TP","Hale House Unit 5, 296a Green Lanes, Palmers Green, London, United Kingdom, N13 5TP",,,,,,,,,1
19784,263,S A GUARANTEE SPECIALISTS UK LIMITED,ALL ABOUT KIDS LTD,"71-75 Shelton Street, Covent Garden, London, United Kingdom, WC2H 9JQ","71-75 Shelton Street, Covent Garden, London, United Kingdom, WC2H 9JQ",,,,,,,,,1
19784,3444,S A GUARANTEE SPECIALISTS UK LIMITED,U BROWN LTD,"71-75 Shelton Street, Covent Garden, London, United Kingdom, WC2H 9JQ","71-75 Shelton Street, Covent Garden, London, United Kingdom, WC2H 9JQ",,,,,,,,,1
19784,3775,S A GUARANTEE SPECIALISTS UK LIMITED,T & B ENGINEERING SOLUTIONS LTD,"71-75 Shelton Street, Covent Garden, London, United Kingdom, WC2H 9JQ","71-75 Shelton Street, Covent Garden, London, United Kingdom, WC2H 9JQ",,,,,,,,,1
19784,4375,S A GUARANTEE SPECIALISTS UK LIMITED,H & A ENGINEERING LTD,"71-75 Shelton Street, Covent Garden, London, United Kingdom, WC2H 9JQ","71-75 Shelton Street, Covent Garden, London, United Kingdom, WC2H 9JQ",,,,,,,,,1
19784,4438,S A GUARANTEE SPECIALISTS UK LIMITED,BEAUTY BOOSTERS LTD,"71-75 Shelton Street, Covent Garden, London, United Kingdom, WC2H 9JQ","71-75 Shelton Street, Covent Garden, London, United Kingdom, WC2H 9JQ",,,,,,,,,1
19784,6594,S A GUARANTEE SPECIALISTS UK LIMITED,U EVENTS LIMITED,"71-75 Shelton Street, Covent Garden, London, United Kingdom, WC2H 9JQ","71-75 Shelton Street, Covent Garden, London, United Kingdom, WC2H 9JQ",,,,,,,,,1
19784,7607,S A GUARANTEE SPECIALISTS UK LIMITED,GOOD ADVICE DEBT COMPANY LIMITED,"71-75 Shelton Street, Covent Garden, London, United Kingdom, WC2H 9JQ","71-75 Shelton Street, Covent Garden, London, United Kingdom, WC2H 9JQ",,,,,,,,,1
19784,11053,S A GUARANTEE SPECIALISTS UK LIMITED,ALL ABOUT THE SAAS LTD,"71-75 Shelton Street, Covent Garden, London, United Kingdom, WC2H 9JQ","71-75 Shelton Street, Covent Garden, London, United Kingdom, WC2H 9JQ",,,,,,,,,1
19784,12838,S A GUARANTEE SPECIALISTS UK LIMITED,Q CONSULTING GROUP LTD,"71-75 Shelton Street, Covent Garden, London, United Kingdom, WC2H 9JQ","71-75 Shelton Street, Covent Garden, London, United Kingdom, WC2H 9JQ",,,,,,,,,1
19784,15089,S A GUARANTEE SPECIALISTS UK LIMITED,Q UN LIMITED,"71-75 Shelton Street, Covent Garden, London, United Kingdom, WC2H 9JQ","71-75 Shelton Street, Covent Garden, London, United Kingdom, WC2H 9JQ",,,,,,,,,1
19784,18039,S A GUARANTEE SPECIALISTS UK LIMITED,Z & K DISTRIBUTORS LIMITED,"71-75 Shelton Street, Covent Garden, London, United Kingdom, WC2H 9JQ","71-75 Shelton Street, Covent Garden, London, United Kingdom, WC2H 9JQ",,,,,,,,,1
19784,18878,S A GUARANTEE SPECIALISTS UK LIMITED,FOOD & BEVERAGE INTERNATIONAL LTD,"71-75 Shelton Street, Covent Garden, London, United Kingdom, WC2H 9JQ","71-75 Shelton Street, Covent Garden, London, United Kingdom, WC2H 9JQ",,,,,,,,,1
19788,7209,ALL ABOUT DAMP LTD,Z & Z BROTHERS IT SOLUTIONS LTD,"86-90 Paul Street, London, England, United Kingdom, EC2A 4NE","86-90 Paul Street, London, England, United Kingdom, EC2A 4NE",,,,,,,,,1
19788,8900,ALL ABOUT DAMP LTD,Q AND QUAINT LIMITED,"86-90 Paul Street, London, England, United Kingdom, EC2A 4NE","86-90 Paul Street, London, England, United Kingdom, EC2A 4NE",,,,,,,,,1
19788,10177,ALL ABOUT DAMP LTD,ALL ABOUT DRINKS CONSULTING SERVICES LTD,"86-90 Paul Street, London, England, United Kingdom, EC2A 4NE","86-90 Paul Street, London, England, United Kingdom, EC2A 4NE",,,,,,,,,1
19788,12164,ALL ABOUT DAMP LTD,S A ELECTRICAL SOLUTIONS LTD,"86-90 Paul Street, London, England, United Kingdom, EC2A 4NE","86-90 Paul Street, London, England, United Kingdom, EC2A 4NE",,,,,,,,,1
19928,263,ALL ABOUT ME ENTERPRISES LIMITED,ALL ABOUT KIDS LTD,"71-75 Shelton Street, Covent Garden, London, United Kingdom, WC2H 9JQ","71-75 Shelton Street, Covent Garden, London, United Kingdom, WC2H 9JQ",,,,,,,,,1
19928,3444,ALL ABOUT ME ENTERPRISES LIMITED,U BROWN LTD,"71-75 Shelton Street, Covent Garden, London, United Kingdom, WC2H 9JQ","71-75 Shelton Street, Covent Garden, London, United Kingdom, WC2H 9JQ",,,,,,,,,1
19928,3775,ALL ABOUT ME ENTERPRISES LIMITED,T & B ENGINEERING SOLUTIONS LTD,"71-75 Shelton Street, Covent Garden, London, United Kingdom, WC2H 9JQ","71-75 Shelton Street, Covent Garden, London, United Kingdom, WC2H 9JQ",,,,,,,,,1
19928,4375,ALL ABOUT ME ENTERPRISES LIMITED,H & A ENGINEERING LTD,"71-75 Shelton Street, Covent Garden, London, United Kingdom, WC2H 9JQ","71-75 Shelton Street, Covent Garden, London, United Kingdom, WC2H 9JQ",,,,,,,,,1
19928,4438,ALL ABOUT ME ENTERPRISES LIMITED,BEAUTY BOOSTERS LTD,"71-75 Shelton Street, Covent Garden, London, United Kingdom, WC2H 9JQ","71-75 Shelton Street, Covent Garden, London, United Kingdom, WC2H 9JQ",,,,,,,,,1
19928,6594,ALL ABOUT ME ENTERPRISES LIMITED,U EVENTS LIMITED,"71-75 Shelton Street, Covent Garden, London, United Kingdom, WC2H 9JQ","71-75 Shelton Street, Covent Garden, London, United Kingdom, WC2H 9JQ",,,,,,,,,1
19928,7607,ALL ABOUT ME ENTERPRISES LIMITED,GOOD ADVICE DEBT COMPANY LIMITED,"71-75 Shelton Street, Covent Garden, London, United Kingdom, WC2H 9JQ","71-75 Shelton Street, Covent Garden, London, United Kingdom, WC2H 9JQ",,,,,,,,,1
19928,11053,ALL ABOUT ME ENTERPRISES LIMITED,ALL ABOUT THE SAAS LTD,"71-75 Shelton Street, Covent Garden, London, United Kingdom, WC2H 9JQ","71-75 Shelton Street, Covent Garden, London, United Kingdom, WC2H 9JQ",,,,,,,,,1
19928,12838,ALL ABOUT ME ENTERPRISES LIMITED,Q CONSULTING GROUP LTD,"71-75 Shelton Street, Covent Garden, London, United Kingdom, WC2H 9JQ","71-75 Shelton Street, Covent Garden, London, United Kingdom, WC2H 9JQ",,,,,,,,,1
19928,15089,ALL ABOUT ME ENTERPRISES LIMITED,Q UN LIMITED,"71-75 Shelton Street, Covent Garden, London, United Kingdom, WC2H 9JQ","71-75 Shelton Street, Covent Garden, London, United Kingdom, WC2H 9JQ",,,,,,,,,1
19928,18039,ALL ABOUT ME ENTERPRISES LIMITED,Z & K DISTRIBUTORS LIMITED,"71-75 Shelton Street, Covent Garden, London, United Kingdom, WC2H 9JQ","71-75 Shelton Street, Covent Garden, London, United Kingdom, WC2H 9JQ",,,,,,,,,1
19928,18878,ALL ABOUT ME ENTERPRISES LIMITED,FOOD & BEVERAGE INTERNATIONAL LTD,"71-75 Shelton Street, Covent Garden, London, United Kingdom, WC2H 9JQ","71-75 Shelton Street, Covent Garden, London, United Kingdom, WC2H 9JQ",,,,,,,,,1
19928,19784,ALL ABOUT ME ENTERPRISES LIMITED,S A GUARANTEE SPECIALISTS UK LIMITED,"71-75 Shelton Street, Covent Garden, London, United Kingdom, WC2H 9JQ","71-75 Shelton Street, Covent Garden, London, United Kingdom, WC2H 9JQ",,,,,,,,,1
20362,93,FOOD AND PACKAGING WHOLESALE LTD,SOFTWARE DEVELOPMENT SERVICES LTD,"20-22 Wenlock Road, London, England, N1 7GU","20-22 Wenlock Road, London, England, N1 7GU",,,,,,,,,1
20362,502,FOOD AND PACKAGING WHOLESALE LTD,Z AND P INCORPORATED LTD,"20-22 Wenlock Road, London, England, N1 7GU","20-22 Wenlock Road, London, England, N1 7GU",,,,,,,,,1
20362,776,FOOD AND PACKAGING WHOLESALE LTD,T & ASH LTD,"20-22 Wenlock Road, London, England, N1 7GU","20-22 Wenlock Road, London, England, N1 7GU",,,,,,,,,1
20362,3415,FOOD AND PACKAGING WHOLESALE LTD,FOOD BOOKING LTD,"20-22 Wenlock Road, London, England, N1 7GU","20-22 Wenlock Road, London, England, N1 7GU",,,,,,,,,1
20362,4039,FOOD AND PACKAGING WHOLESALE LTD,ALL ABOUT BOILERS LTD,"20-22 Wenlock Road, London, England, N1 7GU","20-22 Wenlock Road, London, England, N1 7GU",,,,,,,,,1
20362,5606,FOOD AND PACKAGING WHOLESALE LTD,GOOD CONNEXION LTD,"20-22 Wenlock Road, London, England, N1 7GU","20-22 Wenlock Road, London, England, N1 7GU",,,,,,,,,1
20362,6679,FOOD AND PACKAGING WHOLESALE LTD,Q BRANCH SOLUTIONS LTD,"20-22 Wenlock Road, London, England, N1 7GU","20-22 Wenlock Road, London, England, N1 7GU",,,,,,,,,1
20362,7079,FOOD AND PACKAGING WHOLESALE LTD,H A DIRECT LTD,"20-22 Wenlock Road, London, England, N1 7GU","20-22 Wenlock Road, London, England, N1 7GU",,,,,,,,,1
20362,8008,FOOD AND PACKAGING WHOLESALE LTD,GOOD & YOUNG LTD,"20-22 Wenlock Road, London, England, N1 7GU","20-22 Wenlock Road, London, England, N1 7GU",,,,,,,,,1
20362,13025,FOOD AND PACKAGING WHOLESALE LTD,NEW AGE PLUMBING AND HEATING SERVICES LTD,"20-22 Wenlock Road, London, England, N1 7GU","20-22 Wenlock Road, London, England, N1 7GU",,,,,,,,,1
20362,13096,FOOD AND PACKAGING WHOLESALE LTD,GOOD BEAGLE INTERNATIONAL LTD,"20-22 Wenlock Road, London, England, N1 7GU","20-22 Wenlock Road, London, England, N1 7GU",,,,,,,,,1
20362,14082,FOOD AND PACKAGING WHOLESALE LTD,SOFTWARE BRAIN LTD,"20-22 Wenlock Road, London, England, N1 7GU","20-22 Wenlock Road, London, England, N1 7GU",,,,,,,,,1
20362,16743,FOOD AND PACKAGING WHOLESALE LTD,Q BRIDGE ENTERTAINMENT LTD,"20-22 Wenlock Road, London, England, N1 7GU","20-22 Wenlock Road, London, England, N1 7GU",,,,,,,,,1
20362,17304,FOOD AND PACKAGING WHOLESALE LTD,PERGORA FINANCES INVESTMENTS LTD,"20-22 Wenlock Road, London, England, N1 7GU","20-22 Wenlock Road, London, England, N1 7GU",,,,,,,,,1
20362,17549,FOOD AND PACKAGING WHOLESALE LTD,ALL ABOUT PROPERTIES LTD,"20-22 Wenlock Road, London, England, N1 7GU","20-22 Wenlock Road, London, England, N1 7GU",,,,,,,,,1
20362,18882,FOOD AND PACKAGING WHOLESALE LTD,NEW AGE TOURING PRODUCTIONS LIMITED,"20-22 Wenlock Road, London, England, N1 7GU","20-22 Wenlock Road, London, England, N1 7GU",,,,,,,,,1
20390,15671,R A CONTRACT SERVICES LIMITED,PREP COACH UK LTD,"42 Dudhope Crescent Road, Dundee, Scotland, DD1 5RR","42 Dudhope Crescent Road, Dundee, Scotland, DD1 5RR",,,,,,,,,1
20414,3917,FOOD BOOTH LIMITED,BAD BUNNY MANAGEMENT LTD,"27 Old Gloucester Street, London, United Kingdom, WC1N 3AX","27 Old Gloucester Street, London, United Kingdom, WC1N 3AX",,,,,,,,,1
20414,13774,FOOD BOOTH LIMITED,Q & K SERVICES LTD,"27 Old Gloucester Street, London, United Kingdom, WC1N 3AX","27 Old Gloucester Street, London, United Kingdom, WC1N 3AX",,,,,,,,,1
20414,13794,FOOD BOOTH LIMITED,BAD ANGELS LIMITED,"27 Old Gloucester Street, London, United Kingdom, WC1N 3AX","27 Old Gloucester Street, London, United Kingdom, WC1N 3AX",,,,,,,,,1
20414,16267,FOOD BOOTH LIMITED,MATRIX FINANCES LTD,"27 Old Gloucester Street, London, United Kingdom, WC1N 3AX","27 Old Gloucester Street, London, United Kingdom, WC1N 3AX",,,,,,,,,1
20414,18893,FOOD BOOTH LIMITED,NEW ALBION REAL ESTATE LTD,"27 Old Gloucester Street, London, United Kingdom, WC1N 3AX","27 Old Gloucester Street, London, United Kingdom, WC1N 3AX",,,,,,,,,1
20423,9606,FUTURE FINANCES BROKER LIMITED,S A CONSTRUCTION 247 LTD,"86-90 Paul Street, London, England, EC2A 4NE","86-90 Paul Street, London, England, EC2A 4NE",,,,,,,,,1
20423,16339,FUTURE FINANCES BROKER LIMITED,NEW AGE REBEL LTD,"86-90 Paul Street, London, England, EC2A 4NE","86-90 Paul Street, London, England, EC2A 4NE",,,,,,,,,1
20501,288,U AND I DIRECTOR 2 LIMITED,U AND I FINANCE PLC,"100 Victoria Street, London, England, SW1E 5JL","100 Victoria Street, London, England, SW1E 5JL",,,,,,,,,1
20501,3485,U AND I DIRECTOR 2 LIMITED,U AND I COMPANY SECRETARIES LIMITED,"100 Victoria Street, London, England, SW1E 5JL","100 Victoria Street, London, England, SW1E 5JL",,,,,,,,,1
20501,4059,U AND I DIRECTOR 2 LIMITED,U AND I INVESTMENT PORTFOLIO LIMITED,"100 Victoria Street, London, England, SW1E 5JL","100 Victoria Street, London, England, SW1E 5JL",,,,,,,,,1
20501,6037,U AND I DIRECTOR 2 LIMITED,U AND I (HARWELL) LIMITED,"100 Victoria Street, London, England, SW1E 5JL","100 Victoria Street, London, England, SW1E 5JL",,,,,,,,,1
20501,7117,U AND I DIRECTOR 2 LIMITED,U AND I GROUP LIMITED,"100 Victoria Street, London, England, SW1E 5JL","100 Victoria Street, London, England, SW1E 5JL",,,,,,,,,1
20501,15300,U AND I DIRECTOR 2 LIMITED,U AND I (WIE) LIMITED,"100 Victoria Street, London, England, SW1E 5JL","100 Victoria Street, London, England, SW1E 5JL",,,,,,,,,1
20501,15642,U AND I DIRECTOR 2 LIMITED,U AND I (8AE) LIMITED,"100 Victoria Street, London, England, SW1E 5JL","100 Victoria Street, London, England, SW1E 5JL",,,,,,,,,1
20501,17497,U AND I DIRECTOR 2 LIMITED,U AND I IPA LIMITED,"100 Victoria Street, London, England, SW1E 5JL","100 Victoria Street, London, England, SW1E 5JL",,,,,,,,,1
20771,10959,Kongsberg Gruppen ASA,Kongsberg Maritime AS,"Kirkegardsveien 45, Kongsberg, 3616","Kirkegardsveien 45, Kongsberg, 3616",,,,,,,,,1
20789,288,U AND I (PB) COMMERCIAL LIMITED,U AND I FINANCE PLC,"100 Victoria Street, London, England, SW1E 5JL","100 Victoria Street, London, England, SW1E 5JL",,,,,,,,,1
20789,3485,U AND I (PB) COMMERCIAL LIMITED,U AND I COMPANY SECRETARIES LIMITED,"100 Victoria Street, London, England, SW1E 5JL","100 Victoria Street, London, England, SW1E 5JL",,,,,,,,,1
20789,4059,U AND I (PB) COMMERCIAL LIMITED,U AND I INVESTMENT PORTFOLIO LIMITED,"100 Victoria Street, London, England, SW1E 5JL","100 Victoria Street, London, England, SW1E 5JL",,,,,,,,,1
20789,6037,U AND I (PB) COMMERCIAL LIMITED,U AND I (HARWELL) LIMITED,"100 Victoria Street, London, England, SW1E 5JL","100 Victoria Street, London, England, SW1E 5JL",,,,,,,,,1
20789,7117,U AND I (PB) COMMERCIAL LIMITED,U AND I GROUP LIMITED,"100 Victoria Street, London, England, SW1E 5JL","100 Victoria Street, London, England, SW1E 5JL",,,,,,,,,1
20789,15300,U AND I (PB) COMMERCIAL LIMITED,U AND I (WIE) LIMITED,"100 Victoria Street, London, England, SW1E 5JL","100 Victoria Street, London, England, SW1E 5JL",,,,,,,,,1
20789,15642,U AND I (PB) COMMERCIAL LIMITED,U AND I (8AE) LIMITED,"100 Victoria Street, London, England, SW1E 5JL","100 Victoria Street, London, England, SW1E 5JL",,,,,,,,,1
20789,17497,U AND I (PB) COMMERCIAL LIMITED,U AND I IPA LIMITED,"100 Victoria Street, London, England, SW1E 5JL","100 Victoria Street, London, England, SW1E 5JL",,,,,,,,,1
20789,20501,U AND I (PB) COMMERCIAL LIMITED,U AND I DIRECTOR 2 LIMITED,"100 Victoria Street, London, England, SW1E 5JL","100 Victoria Street, London, England, SW1E 5JL",,,,,,,,,1
20938,1698,SOFTWARE CONSULTANCY LTD,Q CHISHTI SOLICITORS LIMITED,"85 Great Portland Street, London, England, W1W 7LT","85 Great Portland Street, London, England, W1W 7LT",,,,,,,,,1
20998,4599,NEW AGE GLOBAL LTD,FOOD ALL LAB LTD,"2nd Floor College House, 17 King Edwards Road, Ruislip, London, United Kingdom, HA4 7AE","2nd Floor College House, 17 King Edwards Road, Ruislip, London, United Kingdom, HA4 7AE",,,,,,,,,1
20998,13496,NEW AGE GLOBAL LTD,THE J & T CONSULTANCY (SOUTHERN) LTD,"2nd Floor College House, 17 King Edwards Road, Ruislip, London, United Kingdom, HA4 7AE","2nd Floor College House, 17 King Edwards Road, Ruislip, London, United Kingdom, HA4 7AE",,,,,,,,,1
20998,16676,NEW AGE GLOBAL LTD,BEAUTY ARENA LTD,"2nd Floor College House, 17 King Edwards Road, Ruislip, London, United Kingdom, HA4 7AE","2nd Floor College House, 17 King Edwards Road, Ruislip, London, United Kingdom, HA4 7AE",,,,,,,,,1
21020,20023,Z BARBER CLUB LTD,Z BARBER SHOP LTD,"11 Deakins Road, Birmingham, England, B25 8DX","11 Deakins Road, Birmingham, England, B25 8DX",,,,,,,,,1
21166,288,U AND I (DEVELOPMENT AND TRADING) LIMITED,U AND I FINANCE PLC,"100 Victoria Street, London, England, SW1E 5JL","100 Victoria Street, London, England, SW1E 5JL",,,,,,,,,1
21166,3485,U AND I (DEVELOPMENT AND TRADING) LIMITED,U AND I COMPANY SECRETARIES LIMITED,"100 Victoria Street, London, England, SW1E 5JL","100 Victoria Street, London, England, SW1E 5JL",,,,,,,,,1
21166,4059,U AND I (DEVELOPMENT AND TRADING) LIMITED,U AND I INVESTMENT PORTFOLIO LIMITED,"100 Victoria Street, London, England, SW1E 5JL","100 Victoria Street, London, England, SW1E 5JL",,,,,,,,,1
21166,6037,U AND I (DEVELOPMENT AND TRADING) LIMITED,U AND I (HARWELL) LIMITED,"100 Victoria Street, London, England, SW1E 5JL","100 Victoria Street, London, England, SW1E 5JL",,,,,,,,,1
21166,7117,U AND I (DEVELOPMENT AND TRADING) LIMITED,U AND I GROUP LIMITED,"100 Victoria Street, London, England, SW1E 5JL","100 Victoria Street, London, England, SW1E 5JL",,,,,,,,,1
21166,15300,U AND I (DEVELOPMENT AND TRADING) LIMITED,U AND I (WIE) LIMITED,"100 Victoria Street, London, England, SW1E 5JL","100 Victoria Street, London, England, SW1E 5JL",,,,,,,,,1
21166,15642,U AND I (DEVELOPMENT AND TRADING) LIMITED,U AND I (8AE) LIMITED,"100 Victoria Street, London, England, SW1E 5JL","100 Victoria Street, London, England, SW1E 5JL",,,,,,,,,1
21166,17497,U AND I (DEVELOPMENT AND TRADING) LIMITED,U AND I IPA LIMITED,"100 Victoria Street, London, England, SW1E 5JL","100 Victoria Street, London, England, SW1E 5JL",,,,,,,,,1
21166,20501,U AND I (DEVELOPMENT AND TRADING) LIMITED,U AND I DIRECTOR 2 LIMITED,"100 Victoria Street, London, England, SW1E 5JL","100 Victoria Street, London, England, SW1E 5JL",,,,,,,,,1
21166,20789,U AND I (DEVELOPMENT AND TRADING) LIMITED,U AND I (PB) COMMERCIAL LIMITED,"100 Victoria Street, London, England, SW1E 5JL","100 Victoria Street, London, England, SW1E 5JL",,,,,,,,,1
21209,1288,T A M INSULATION LTD,PALLET ALARM LIMITED,"Swift House Ground Floor, 18 Hoffmanns Way, Chelmsford, Essex, England, CM1 1GU","Swift House Ground Floor, 18 Hoffmanns Way, Chelmsford, Essex, England, CM1 1GU",,,,,,,,,1
21245,5261,P & A PLASTERING AND FLOOR SCREEDING CONTRACTORS LIMITED,P & A CONSTRUCTION SOLUTIONS LTD,"24 Oswald Road, Chorlton Cum Hardy, Manchester, M21 9LP","24 Oswald Road, Chorlton Cum Hardy, Manchester, M21 9LP",,,,,,,,,1
21363,750,BAD VEGAN LTD,BAD PACKETS LTD,"71-75 Shelton Street, Covent Garden, London, England, WC2H 9JQ","71-75 Shelton Street, Covent Garden, London, England, WC2H 9JQ",,,,,,,,,1
21363,6749,BAD VEGAN LTD,FINANCES AND LAW SOLUTIONS LTD,"71-75 Shelton Street, Covent Garden, London, England, WC2H 9JQ","71-75 Shelton Street, Covent Garden, London, England, WC2H 9JQ",,,,,,,,,1
21363,10919,BAD VEGAN LTD,TRUSTED FINANCES AND PROTECTION LTD,"71-75 Shelton Street, Covent Garden, London, England, WC2H 9JQ","71-75 Shelton Street, Covent Garden, London, England, WC2H 9JQ",,,,,,,,,1
21363,12172,BAD VEGAN LTD,SADIO S LIMITED,"71-75 Shelton Street, Covent Garden, London, England, WC2H 9JQ","71-75 Shelton Street, Covent Garden, London, England, WC2H 9JQ",,,,,,,,,1
21579,4599,BAD AUNT CLOTHING LTD,FOOD ALL LAB LTD,"2nd Floor College House, 17 King Edwards Road, Ruislip, London, United Kingdom, HA4 7AE","2nd Floor College House, 17 King Edwards Road, Ruislip, London, United Kingdom, HA4 7AE",,,,,,,,,1
21579,13496,BAD AUNT CLOTHING LTD,THE J & T CONSULTANCY (SOUTHERN) LTD,"2nd Floor College House, 17 King Edwards Road, Ruislip, London, United Kingdom, HA4 7AE","2nd Floor College House, 17 King Edwards Road, Ruislip, London, United Kingdom, HA4 7AE",,,,,,,,,1
21579,16676,BAD AUNT CLOTHING LTD,BEAUTY ARENA LTD,"2nd Floor College House, 17 King Edwards Road, Ruislip, London, United Kingdom, HA4 7AE","2nd Floor College House, 17 King Edwards Road, Ruislip, London, United Kingdom, HA4 7AE",,,,,,,,,1
21579,20998,BAD AUNT CLOTHING LTD,NEW AGE GLOBAL LTD,"2nd Floor College House, 17 King Edwards Road, Ruislip, London, United Kingdom, HA4 7AE","2nd Floor College House, 17 King Edwards Road, Ruislip, London, United Kingdom, HA4 7AE",,,,,,,,,1
21635,21203,MILLBOURN FINANCES LIMITED,REKSAL INTELLECTUAL FINANCES LIMITED,"Studio G3 Grove Park Studios, 188-192 Sutton Court Road, London, W4 3HR","Studio G3 Grove Park Studios, 188-192 Sutton Court Road, London, W4 3HR",,,,,,,,,1
21691,263,NEW AGE AGENCY AND SERVICES LIMITED,ALL ABOUT KIDS LTD,"71-75 Shelton Street, Covent Garden, London, United Kingdom, WC2H 9JQ","71-75 Shelton Street, Covent Garden, London, United Kingdom, WC2H 9JQ",,,,,,,,,1
21691,3444,NEW AGE AGENCY AND SERVICES LIMITED,U BROWN LTD,"71-75 Shelton Street, Covent Garden, London, United Kingdom, WC2H 9JQ","71-75 Shelton Street, Covent Garden, London, United Kingdom, WC2H 9JQ",,,,,,,,,1
21691,3775,NEW AGE AGENCY AND SERVICES LIMITED,T & B ENGINEERING SOLUTIONS LTD,"71-75 Shelton Street, Covent Garden, London, United Kingdom, WC2H 9JQ","71-75 Shelton Street, Covent Garden, London, United Kingdom, WC2H 9JQ",,,,,,,,,1
21691,4375,NEW AGE AGENCY AND SERVICES LIMITED,H & A ENGINEERING LTD,"71-75 Shelton Street, Covent Garden, London, United Kingdom, WC2H 9JQ","71-75 Shelton Street, Covent Garden, London, United Kingdom, WC2H 9JQ",,,,,,,,,1
21691,4438,NEW AGE AGENCY AND SERVICES LIMITED,BEAUTY BOOSTERS LTD,"71-75 Shelton Street, Covent Garden, London, United Kingdom, WC2H 9JQ","71-75 Shelton Street, Covent Garden, London, United Kingdom, WC2H 9JQ",,,,,,,,,1
21691,6594,NEW AGE AGENCY AND SERVICES LIMITED,U EVENTS LIMITED,"71-75 Shelton Street, Covent Garden, London, United Kingdom, WC2H 9JQ","71-75 Shelton Street, Covent Garden, London, United Kingdom, WC2H 9JQ",,,,,,,,,1
21691,7607,NEW AGE AGENCY AND SERVICES LIMITED,GOOD ADVICE DEBT COMPANY LIMITED,"71-75 Shelton Street, Covent Garden, London, United Kingdom, WC2H 9JQ","71-75 Shelton Street, Covent Garden, London, United Kingdom, WC2H 9JQ",,,,,,,,,1
21691,11053,NEW AGE AGENCY AND SERVICES LIMITED,ALL ABOUT THE SAAS LTD,"71-75 Shelton Street, Covent Garden, London, United Kingdom, WC2H 9JQ","71-75 Shelton Street, Covent Garden, London, United Kingdom, WC2H 9JQ",,,,,,,,,1
21691,12838,NEW AGE AGENCY AND SERVICES LIMITED,Q CONSULTING GROUP LTD,"71-75 Shelton Street, Covent Garden, London, United Kingdom, WC2H 9JQ","71-75 Shelton Street, Covent Garden, London, United Kingdom, WC2H 9JQ",,,,,,,,,1
21691,15089,NEW AGE AGENCY AND SERVICES LIMITED,Q UN LIMITED,"71-75 Shelton Street, Covent Garden, London, United Kingdom, WC2H 9JQ","71-75 Shelton Street, Covent Garden, London, United Kingdom, WC2H 9JQ",,,,,,,,,1
21691,18039,NEW AGE AGENCY AND SERVICES LIMITED,Z & K DISTRIBUTORS LIMITED,"71-75 Shelton Street, Covent Garden, London, United Kingdom, WC2H 9JQ","71-75 Shelton Street, Covent Garden, London, United Kingdom, WC2H 9JQ",,,,,,,,,1
21691,18878,NEW AGE AGENCY AND SERVICES LIMITED,FOOD & BEVERAGE INTERNATIONAL LTD,"71-75 Shelton Street, Covent Garden, London, United Kingdom, WC2H 9JQ","71-75 Shelton Street, Covent Garden, London, United Kingdom, WC2H 9JQ",,,,,,,,,1
21691,19784,NEW AGE AGENCY AND SERVICES LIMITED,S A GUARANTEE SPECIALISTS UK LIMITED,"71-75 Shelton Street, Covent Garden, London, United Kingdom, WC2H 9JQ","71-75 Shelton Street, Covent Garden, London, United Kingdom, WC2H 9JQ",,,,,,,,,1
21691,19928,NEW AGE AGENCY AND SERVICES LIMITED,ALL ABOUT ME ENTERPRISES LIMITED,"71-75 Shelton Street, Covent Garden, London, United Kingdom, WC2H 9JQ","71-75 Shelton Street, Covent Garden, London, United Kingdom, WC2H 9JQ",,,,,,,,,1
22145,14365,Shell Energy Italia Srl,Shell Italia Holding Spa,"VIALE THOMAS ALVA EDISON 110, SESTO SAN GIOVANNI, 20099, MILANO, ITALY","VIALE THOMAS ALVA EDISON 110, SESTO SAN GIOVANNI, 20099, MILANO, ITALY",,,,,IT04522681008,IT03525340968,,,1
22180,11423,Credit Agricole Italia Spa,Credit Agricole Vita Spa,"STRADA DELL'UNIVERSITA' 1, PARMA, 43121, PARMA, ITALY","STRADA DELL'UNIVERSITA' 1, PARMA, 43121, PARMA, ITALY",,,,,IT02113530345,IT01966110346,,,1
22273,6716,ALL ABOUT FOOD LIMITED,ALL ABOUT GORONGOSA LIMITED,"Fourways House, 57 Hilton Street, Manchester, England, M1 2EJ","Fourways House, 57 Hilton Street, Manchester, England, M1 2EJ",,,,,,,,,1
22476,12526,ID FREIGHT LTD,KEY WEST PROPERTY GROUP LTD,"124 City Road, London, England, EC1V 2NX","124 City Road, London, England, EC1V 2NX",,,,,,,,,1
22482,288,U AND I POWERHOUSE LIMITED,U AND I FINANCE PLC,"100 Victoria Street, London, England, SW1E 5JL","100 Victoria Street, London, England, SW1E 5JL",,,,,,,,,1
22482,3485,U AND I POWERHOUSE LIMITED,U AND I COMPANY SECRETARIES LIMITED,"100 Victoria Street, London, England, SW1E 5JL","100 Victoria Street, London, England, SW1E 5JL",,,,,,,,,1
22482,4059,U AND I POWERHOUSE LIMITED,U AND I INVESTMENT PORTFOLIO LIMITED,"100 Victoria Street, London, England, SW1E 5JL","100 Victoria Street, London, England, SW1E 5JL",,,,,,,,,1
22482,6037,U AND I POWERHOUSE LIMITED,U AND I (HARWELL) LIMITED,"100 Victoria Street, London, England, SW1E 5JL","100 Victoria Street, London, England, SW1E 5JL",,,,,,,,,1
22482,7117,U AND I POWERHOUSE LIMITED,U AND I GROUP LIMITED,"100 Victoria Street, London, England, SW1E 5JL","100 Victoria Street, London, England, SW1E 5JL",,,,,,,,,1
22482,15300,U AND I POWERHOUSE LIMITED,U AND I (WIE) LIMITED,"100 Victoria Street, London, England, SW1E 5JL","100 Victoria Street, London, England, SW1E 5JL",,,,,,,,,1
22482,15642,U AND I POWERHOUSE LIMITED,U AND I (8AE) LIMITED,"100 Victoria Street, London, England, SW1E 5JL","100 Victoria Street, London, England, SW1E 5JL",,,,,,,,,1
22482,17497,U AND I POWERHOUSE LIMITED,U AND I IPA LIMITED,"100 Victoria Street, London, England, SW1E 5JL","100 Victoria Street, London, England, SW1E 5JL",,,,,,,,,1
22482,20501,U AND I POWERHOUSE LIMITED,U AND I DIRECTOR 2 LIMITED,"100 Victoria Street, London, England, SW1E 5JL","100 Victoria Street, London, England, SW1E 5JL",,,,,,,,,1
22482,20789,U AND I POWERHOUSE LIMITED,U AND I (PB) COMMERCIAL LIMITED,"100 Victoria Street, London, England, SW1E 5JL","100 Victoria Street, London, England, SW1E 5JL",,,,,,,,,1
22482,21166,U AND I POWERHOUSE LIMITED,U AND I (DEVELOPMENT AND TRADING) LIMITED,"100 Victoria Street, London, England, SW1E 5JL","100 Victoria Street, London, England, SW1E 5JL",,,,,,,,,1
22489,19753,NEW ADVENTURES MIDNIGHT BELL LIMITED,NEW ADVENTURES NUTCRACKER LIMITED,"124 Finchley Road, London, United Kingdom, NW3 5JS","124 Finchley Road, London, United Kingdom, NW3 5JS",,,,,,,,,1
22491,8360,R A CONSTRUCTION LIMITED,H A MURPHY ADMINISTRATIVE SERVICES LTD,"Union House, 111 New Union Street, Coventry, West Midlands, United Kingdom, CV1 2NT","Union House, 111 New Union Street, Coventry, West Midlands, United Kingdom, CV1 2NT",,,,,,,,,1
22527,1934,BAD CHICKS LTD,FOOD CATERING LTD,"Studio 210 134-146 Curtain Road, London, England, EC2A 3AR","Studio 210 134-146 Curtain Road, London, England, EC2A 3AR",,,,,,,,,1
22699,5609,Q ANNE TOPCO LIMITED,Q ANNE BIDCO LIMITED,"5 Portmill Lane, Hitchin, Hertfordshire, SG5 1DJ","5 Portmill Lane, Hitchin, Hertfordshire, SG5 1DJ",,,,,,,,,1
22699,13465,Q ANNE TOPCO LIMITED,Q ANNE MIDCO 2 LIMITED,"5 Portmill Lane, Hitchin, Hertfordshire, SG5 1DJ","5 Portmill Lane, Hitchin, Hertfordshire, SG5 1DJ",,,,,,,,,1
22841,288,U AND I (PINCENTS LANE) LTD,U AND I FINANCE PLC,"100 Victoria Street, London, England, SW1E 5JL","100 Victoria Street, London, England, SW1E 5JL",,,,,,,,,1
22841,3485,U AND I (PINCENTS LANE) LTD,U AND I COMPANY SECRETARIES LIMITED,"100 Victoria Street, London, England, SW1E 5JL","100 Victoria Street, London, England, SW1E 5JL",,,,,,,,,1
22841,4059,U AND I (PINCENTS LANE) LTD,U AND I INVESTMENT PORTFOLIO LIMITED,"100 Victoria Street, London, England, SW1E 5JL","100 Victoria Street, London, England, SW1E 5JL",,,,,,,,,1
22841,6037,U AND I (PINCENTS LANE) LTD,U AND I (HARWELL) LIMITED,"100 Victoria Street, London, England, SW1E 5JL","100 Victoria Street, London, England, SW1E 5JL",,,,,,,,,1
22841,7117,U AND I (PINCENTS LANE) LTD,U AND I GROUP LIMITED,"100 Victoria Street, London, England, SW1E 5JL","100 Victoria Street, London, England, SW1E 5JL",,,,,,,,,1
22841,15300,U AND I (PINCENTS LANE) LTD,U AND I (WIE) LIMITED,"100 Victoria Street, London, England, SW1E 5JL","100 Victoria Street, London, England, SW1E 5JL",,,,,,,,,1
22841,15642,U AND I (PINCENTS LANE) LTD,U AND I (8AE) LIMITED,"100 Victoria Street, London, England, SW1E 5JL","100 Victoria Street, London, England, SW1E 5JL",,,,,,,,,1
22841,17497,U AND I (PINCENTS LANE) LTD,U AND I IPA LIMITED,"100 Victoria Street, London, England, SW1E 5JL","100 Victoria Street, London, England, SW1E 5JL",,,,,,,,,1
22841,20501,U AND I (PINCENTS LANE) LTD,U AND I DIRECTOR 2 LIMITED,"100 Victoria Street, London, England, SW1E 5JL","100 Victoria Street, London, England, SW1E 5JL",,,,,,,,,1
22841,20789,U AND I (PINCENTS LANE) LTD,U AND I (PB) COMMERCIAL LIMITED,"100 Victoria Street, London, England, SW1E 5JL","100 Victoria Street, London, England, SW1E 5JL",,,,,,,,,1
22841,21166,U AND I (PINCENTS LANE) LTD,U AND I (DEVELOPMENT AND TRADING) LIMITED,"100 Victoria Street, London, England, SW1E 5JL","100 Victoria Street, London, England, SW1E 5JL",,,,,,,,,1
22841,22482,U AND I (PINCENTS LANE) LTD,U AND I POWERHOUSE LIMITED,"100 Victoria Street, London, England, SW1E 5JL","100 Victoria Street, London, England, SW1E 5JL",,,,,,,,,1
22917,4633,Cremonini Spa,Cremofin Srl,"VIA MODENA 53, CASTELVETRO DI MODENA, 41014, MODENA, ITALY","VIA MODENA 53, CASTELVETRO DI MODENA, 41014, MODENA, ITALY",,,,,IT00162810360,IT01598040366,,,1
23018,750,U & I UN LIMITED,BAD PACKETS LTD,"71-75 Shelton Street, Covent Garden, London, England, WC2H 9JQ","71-75 Shelton Street, Covent Garden, London, England, WC2H 9JQ",,,,,,,,,1
23018,6749,U & I UN LIMITED,FINANCES AND LAW SOLUTIONS LTD,"71-75 Shelton Street, Covent Garden, London, England, WC2H 9JQ","71-75 Shelton Street, Covent Garden, London, England, WC2H 9JQ",,,,,,,,,1
23018,10919,U & I UN LIMITED,TRUSTED FINANCES AND PROTECTION LTD,"71-75 Shelton Street, Covent Garden, London, England, WC2H 9JQ","71-75 Shelton Street, Covent Garden, London, England, WC2H 9JQ",,,,,,,,,1
23018,12172,U & I UN LIMITED,SADIO S LIMITED,"71-75 Shelton Street, Covent Garden, London, England, WC2H 9JQ","71-75 Shelton Street, Covent Garden, London, England, WC2H 9JQ",,,,,,,,,1
23018,21363,U & I UN LIMITED,BAD VEGAN LTD,"71-75 Shelton Street, Covent Garden, London, England, WC2H 9JQ","71-75 Shelton Street, Covent Garden, London, England, WC2H 9JQ",,,,,,,,,1
23046,93,HAWTHORN ROSE HOMES LIMITED,SOFTWARE DEVELOPMENT SERVICES LTD,"20-22 Wenlock Road, London, England, N1 7GU","20-22 Wenlock Road, London, England, N1 7GU",,,,,,,,,1
23046,502,HAWTHORN ROSE HOMES LIMITED,Z AND P INCORPORATED LTD,"20-22 Wenlock Road, London, England, N1 7GU","20-22 Wenlock Road, London, England, N1 7GU",,,,,,,,,1
23046,776,HAWTHORN ROSE HOMES LIMITED,T & ASH LTD,"20-22 Wenlock Road, London, England, N1 7GU","20-22 Wenlock Road, London, England, N1 7GU",,,,,,,,,1
23046,3415,HAWTHORN ROSE HOMES LIMITED,FOOD BOOKING LTD,"20-22 Wenlock Road, London, England, N1 7GU","20-22 Wenlock Road, London, England, N1 7GU",,,,,,,,,1
23046,4039,HAWTHORN ROSE HOMES LIMITED,ALL ABOUT BOILERS LTD,"20-22 Wenlock Road, London, England, N1 7GU","20-22 Wenlock Road, London, England, N1 7GU",,,,,,,,,1
23046,5606,HAWTHORN ROSE HOMES LIMITED,GOOD CONNEXION LTD,"20-22 Wenlock Road, London, England, N1 7GU","20-22 Wenlock Road, London, England, N1 7GU",,,,,,,,,1
23046,6679,HAWTHORN ROSE HOMES LIMITED,Q BRANCH SOLUTIONS LTD,"20-22 Wenlock Road, London, England, N1 7GU","20-22 Wenlock Road, London, England, N1 7GU",,,,,,,,,1
23046,7079,HAWTHORN ROSE HOMES LIMITED,H A DIRECT LTD,"20-22 Wenlock Road, London, England, N1 7GU","20-22 Wenlock Road, London, England, N1 7GU",,,,,,,,,1
23046,8008,HAWTHORN ROSE HOMES LIMITED,GOOD & YOUNG LTD,"20-22 Wenlock Road, London, England, N1 7GU","20-22 Wenlock Road, London, England, N1 7GU",,,,,,,,,1
23046,13025,HAWTHORN ROSE HOMES LIMITED,NEW AGE PLUMBING AND HEATING SERVICES LTD,"20-22 Wenlock Road, London, England, N1 7GU","20-22 Wenlock Road, London, England, N1 7GU",,,,,,,,,1
23046,13096,HAWTHORN ROSE HOMES LIMITED,GOOD BEAGLE INTERNATIONAL LTD,"20-22 Wenlock Road, London, England, N1 7GU","20-22 Wenlock Road, London, England, N1 7GU",,,,,,,,,1
23046,14082,HAWTHORN ROSE HOMES LIMITED,SOFTWARE BRAIN LTD,"20-22 Wenlock Road, London, England, N1 7GU","20-22 Wenlock Road, London, England, N1 7GU",,,,,,,,,1
23046,16743,HAWTHORN ROSE HOMES LIMITED,Q BRIDGE ENTERTAINMENT LTD,"20-22 Wenlock Road, London, England, N1 7GU","20-22 Wenlock Road, London, England, N1 7GU",,,,,,,,,1
23046,17304,HAWTHORN ROSE HOMES LIMITED,PERGORA FINANCES INVESTMENTS LTD,"20-22 Wenlock Road, London, England, N1 7GU","20-22 Wenlock Road, London, England, N1 7GU",,,,,,,,,1
23046,17549,HAWTHORN ROSE HOMES LIMITED,ALL ABOUT PROPERTIES LTD,"20-22 Wenlock Road, London, England, N1 7GU","20-22 Wenlock Road, London, England, N1 7GU",,,,,,,,,1
23046,18882,HAWTHORN ROSE HOMES LIMITED,NEW AGE TOURING PRODUCTIONS LIMITED,"20-22 Wenlock Road, London, England, N1 7GU","20-22 Wenlock Road, London, England, N1 7GU",,,,,,,,,1
23046,20362,HAWTHORN ROSE HOMES LIMITED,FOOD AND PACKAGING WHOLESALE LTD,"20-22 Wenlock Road, London, England, N1 7GU","20-22 Wenlock Road, London, England, N1 7GU",,,,,,,,,1
23170,20686,ALL ABOUT THE LOVE BRIDAL LTD,ALL ABOUT THE LOVE LTD,"9 All Saints Close, Arksey, Doncaster, England, DN5 0RW","9 All Saints Close, Arksey, Doncaster, England, DN5 0RW",,,,,,,,,1
23305,6881,BAD BEHAVIOUR LTD,U G SALES LTD,"124 City Road, London, United Kingdom, EC1V 2NX","124 City Road, London, United Kingdom, EC1V 2NX",,,,,,,,,1
23396,3904,U FIT WELLNESS LIMITED,U FIT ONLINE LIMITED,"The Wullcomb, 89 Vaughan Way, Leicester, England, LE1 4SG","The Wullcomb, 89 Vaughan Way, Leicester, England, LE1 4SG",,,,,,,,,1
23396,11864,U FIT WELLNESS LIMITED,U FIT GROUP LIMITED,"The Wullcomb, 89 Vaughan Way, Leicester, England, LE1 4SG","The Wullcomb, 89 Vaughan Way, Leicester, England, LE1 4SG",,,,,,,,,1
23467,4353,S A CLOTHING LTD,S A CLOTHING (MCR) LTD,"47 Walter Street, Brierfield, Nelson, England, BB9 5JB","47 Walter Street, Brierfield, Nelson, England, BB9 5JB",,,,,,,,,1
23701,6613,ALL ABOARD CONSULTING LTD,ALL ABOARD! (UK) LTD,"7 Heathlands 26 Queens Road, Weybridge, England, KT13 9UY","7 Heathlands 26 Queens Road, Weybridge, England, KT13 9UY",,,,,,,,,1
23862,3634,ALL ABOUT VENUES LTD,ALL ABOUT AV LIMITED,"Granary Gawsworth Business Court, Shellow Lane, North Rode, Congleton, Cheshire, United Kingdom, CW12 2FQ","Granary Gawsworth Business Court, Shellow Lane, North Rode, Congleton, Cheshire, United Kingdom, CW12 2FQ",,,,,,,,,1
23876,93,ALL ABOUT REEL LTD,SOFTWARE DEVELOPMENT SERVICES LTD,"20-22 Wenlock Road, London, England, N1 7GU","20-22 Wenlock Road, London, England, N1 7GU",,,,,,,,,1
23876,502,ALL ABOUT REEL LTD,Z AND P INCORPORATED LTD,"20-22 Wenlock Road, London, England, N1 7GU","20-22 Wenlock Road, London, England, N1 7GU",,,,,,,,,1
23876,776,ALL ABOUT REEL LTD,T & ASH LTD,"20-22 Wenlock Road, London, England, N1 7GU","20-22 Wenlock Road, London, England, N1 7GU",,,,,,,,,1
23876,3415,ALL ABOUT REEL LTD,FOOD BOOKING LTD,"20-22 Wenlock Road, London, England, N1 7GU","20-22 Wenlock Road, London, England, N1 7GU",,,,,,,,,1
23876,4039,ALL ABOUT REEL LTD,ALL ABOUT BOILERS LTD,"20-22 Wenlock Road, London, England, N1 7GU","20-22 Wenlock Road, London, England, N1 7GU",,,,,,,,,1
23876,5606,ALL ABOUT REEL LTD,GOOD CONNEXION LTD,"20-22 Wenlock Road, London, England, N1 7GU","20-22 Wenlock Road, London, England, N1 7GU",,,,,,,,,1
23876,6679,ALL ABOUT REEL LTD,Q BRANCH SOLUTIONS LTD,"20-22 Wenlock Road, London, England, N1 7GU","20-22 Wenlock Road, London, England, N1 7GU",,,,,,,,,1
23876,7079,ALL ABOUT REEL LTD,H A DIRECT LTD,"20-22 Wenlock Road, London, England, N1 7GU","20-22 Wenlock Road, London, England, N1 7GU",,,,,,,,,1
23876,8008,ALL ABOUT REEL LTD,GOOD & YOUNG LTD,"20-22 Wenlock Road, London, England, N1 7GU","20-22 Wenlock Road, London, England, N1 7GU",,,,,,,,,1
23876,13025,ALL ABOUT REEL LTD,NEW AGE PLUMBING AND HEATING SERVICES LTD,"20-22 Wenlock Road, London, England, N1 7GU","20-22 Wenlock Road, London, England, N1 7GU",,,,,,,,,1
23876,13096,ALL ABOUT REEL LTD,GOOD BEAGLE INTERNATIONAL LTD,"20-22 Wenlock Road, London, England, N1 7GU","20-22 Wenlock Road, London, England, N1 7GU",,,,,,,,,1
23876,14082,ALL ABOUT REEL LTD,SOFTWARE BRAIN LTD,"20-22 Wenlock Road, London, England, N1 7GU","20-22 Wenlock Road, London, England, N1 7GU",,,,,,,,,1
23876,16743,ALL ABOUT REEL LTD,Q BRIDGE ENTERTAINMENT LTD,"20-22 Wenlock Road, London, England, N1 7GU","20-22 Wenlock Road, London, England, N1 7GU",,,,,,,,,1
23876,17304,ALL ABOUT REEL LTD,PERGORA FINANCES INVESTMENTS LTD,"20-22 Wenlock Road, London, England, N1 7GU","20-22 Wenlock Road, London, England, N1 7GU",,,,,,,,,1
23876,17549,ALL ABOUT REEL LTD,ALL ABOUT PROPERTIES LTD,"20-22 Wenlock Road, London, England, N1 7GU","20-22 Wenlock Road, London, England, N1 7GU",,,,,,,,,1
23876,18882,ALL ABOUT REEL LTD,NEW AGE TOURING PRODUCTIONS LIMITED,"20-22 Wenlock Road, London, England, N1 7GU","20-22 Wenlock Road, London, England, N1 7GU",,,,,,,,,1
23876,20362,ALL ABOUT REEL LTD,FOOD AND PACKAGING WHOLESALE LTD,"20-22 Wenlock Road, London, England, N1 7GU","20-22 Wenlock Road, London, England, N1 7GU",,,,,,,,,1
23876,23046,ALL ABOUT REEL LTD,HAWTHORN ROSE HOMES LIMITED,"20-22 Wenlock Road, London, England, N1 7GU","20-22 Wenlock Road, London, England, N1 7GU",,,,,,,,,1
24091,6588,T & A MEDIA PROPERTIES LTD,T & A MEDIA CONSULTANTS LTD,"57a Broadway, Leigh-On-Sea, Essex, United Kingdom, SS9 1PE","57a Broadway, Leigh-On-Sea, Essex, United Kingdom, SS9 1PE",,,,,,,,,1
24178,18926,FOOD ALLERGY IMMUNOTHERAPY EDUCATION LTD,FOOD ALLERGY IMMUNOTHERAPY LIMITED,"10 London Mews, Paddington, London, United Kingdom, W2 1HY","10 London Mews, Paddington, London, United Kingdom, W2 1HY",,,,,,,,,1
24179,18083,H ALISSA LTD,T AND B ASSETS LTD,"Unit 82a James Carter Road, Mildenhall, Bury St. Edmunds, England, IP28 7DE","Unit 82a James Carter Road, Mildenhall, Bury St. Edmunds, England, IP28 7DE",,,,,,,,,1
24192,6588,V & M MAINTENANCE LIMITED,T & A MEDIA CONSULTANTS LTD,"57a Broadway, Leigh-On-Sea, Essex, United Kingdom, SS9 1PE","57a Broadway, Leigh-On-Sea, Essex, United Kingdom, SS9 1PE",,,,,,,,,1
24192,24091,V & M MAINTENANCE LIMITED,T & A MEDIA PROPERTIES LTD,"57a Broadway, Leigh-On-Sea, Essex, United Kingdom, SS9 1PE","57a Broadway, Leigh-On-Sea, Essex, United Kingdom, SS9 1PE",,,,,,,,,1
24272,8147,SOFTWARE NEWS LTD,GOOD AND DESIGN LTD,"71-75 Shelton Street, London, Greater London, United Kingdom, WC2H 9JQ","71-75 Shelton Street, London, Greater London, United Kingdom, WC2H 9JQ",,,,,,,,,1
24272,10513,SOFTWARE NEWS LTD,Z EDUCATIONAL CONSULTANCY LTD,"71-75 Shelton Street, London, Greater London, United Kingdom, WC2H 9JQ","71-75 Shelton Street, London, Greater London, United Kingdom, WC2H 9JQ",,,,,,,,,1
24272,11229,SOFTWARE NEWS LTD,Z A SIGNATURE LTD,"71-75 Shelton Street, London, Greater London, United Kingdom, WC2H 9JQ","71-75 Shelton Street, London, Greater London, United Kingdom, WC2H 9JQ",,,,,,,,,1
24272,14429,SOFTWARE NEWS LTD,T A BUSINESS EUROPEAN LTD,"71-75 Shelton Street, London, Greater London, United Kingdom, WC2H 9JQ","71-75 Shelton Street, London, Greater London, United Kingdom, WC2H 9JQ",,,,,,,,,1
24272,16822,SOFTWARE NEWS LTD,GOOD CHOICE BUILDERS LTD,"71-75 Shelton Street, London, Greater London, United Kingdom, WC2H 9JQ","71-75 Shelton Street, London, Greater London, United Kingdom, WC2H 9JQ",,,,,,,,,1
24272,17344,SOFTWARE NEWS LTD,BEAUTY & GRACE LIMITED,"71-75 Shelton Street, London, Greater London, United Kingdom, WC2H 9JQ","71-75 Shelton Street, London, Greater London, United Kingdom, WC2H 9JQ",,,,,,,,,1
24272,18677,SOFTWARE NEWS LTD,GOOD CHOICE ZR LTD,"71-75 Shelton Street, London, Greater London, United Kingdom, WC2H 9JQ","71-75 Shelton Street, London, Greater London, United Kingdom, WC2H 9JQ",,,,,,,,,1
24400,13279,Z & K QUALITY FOODS LTD,Z & K KASPAS LTD,"4 Diamond Jubilee Close, Gloucester, United Kingdom, GL1 4LR","4 Diamond Jubilee Close, Gloucester, United Kingdom, GL1 4LR",,,,,,,,,1
24400,16854,Z & K QUALITY FOODS LTD,Z & K SOUTHWEST LTD,"4 Diamond Jubilee Close, Gloucester, United Kingdom, GL1 4LR","4 Diamond Jubilee Close, Gloucester, United Kingdom, GL1 4LR",,,,,,,,,1
24457,7209,TAFFY T LTD,Z & Z BROTHERS IT SOLUTIONS LTD,"86-90 Paul Street, London, England, United Kingdom, EC2A 4NE","86-90 Paul Street, London, England, United Kingdom, EC2A 4NE",,,,,,,,,1
24457,8900,TAFFY T LTD,Q AND QUAINT LIMITED,"86-90 Paul Street, London, England, United Kingdom, EC2A 4NE","86-90 Paul Street, London, England, United Kingdom, EC2A 4NE",,,,,,,,,1
24457,10177,TAFFY T LTD,ALL ABOUT DRINKS CONSULTING SERVICES LTD,"86-90 Paul Street, London, England, United Kingdom, EC2A 4NE","86-90 Paul Street, London, England, United Kingdom, EC2A 4NE",,,,,,,,,1
24457,12164,TAFFY T LTD,S A ELECTRICAL SOLUTIONS LTD,"86-90 Paul Street, London, England, United Kingdom, EC2A 4NE","86-90 Paul Street, London, England, United Kingdom, EC2A 4NE",,,,,,,,,1
24457,19788,TAFFY T LTD,ALL ABOUT DAMP LTD,"86-90 Paul Street, London, England, United Kingdom, EC2A 4NE","86-90 Paul Street, London, England, United Kingdom, EC2A 4NE",,,,,,,,,1
24518,23778,Barilla G. E R. Fratelli Spa,Barilla Holding Srl,"VIA MANTOVA 166, PARMA, 43122, PARMA, ITALY","VIA MANTOVA 166, PARMA, 43122, PARMA, ITALY",,,,,IT01654010345,IT00489540344,,,1
24850,2340,H ACCOUNTING SOLUTION LIMITED,PACKER P LTD,"128 City Road, London, United Kingdom, EC1V 2NX","128 City Road, London, United Kingdom, EC1V 2NX",,,,,,,,,1
24850,11214,H ACCOUNTING SOLUTION LIMITED,BRIGHT VISION INVESTMENT LTD,"128 City Road, London, United Kingdom, EC1V 2NX","128 City Road, London, United Kingdom, EC1V 2NX",,,,,,,,,1
24850,13551,H ACCOUNTING SOLUTION LIMITED,NEW AGE FASHION LTD,"128 City Road, London, United Kingdom, EC1V 2NX","128 City Road, London, United Kingdom, EC1V 2NX",,,,,,,,,1
24850,17757,H ACCOUNTING SOLUTION LIMITED,GOOD DAY AESTHETICS & BEAUTY LTD,"128 City Road, London, United Kingdom, EC1V 2NX","128 City Road, London, United Kingdom, EC1V 2NX",,,,,,,,,1
24850,19613,H ACCOUNTING SOLUTION LIMITED,SOFTWARE SOLUTIONS GROUP LTD.,"128 City Road, London, United Kingdom, EC1V 2NX","128 City Road, London, United Kingdom, EC1V 2NX",,,,,,,,,1
25084,3449,V & J BAR AND RESTAURANT LIMITED,Q & Q MANAGEMENT LIMITED,"6th Floor, Amp House, Dingwall Road, Croydon, United Kingdom, CR0 2LX","6th Floor, Amp House, Dingwall Road, Croydon, United Kingdom, CR0 2LX",,,,,,,,,1
25234,3704,NEW AGE PRODUCTIONS LIMITED,NEW AGE ACCOUNTANTS LTD,"35 Grafton Way, London, W1T 5DB","35 Grafton Way, London, W1T 5DB",,,,,,,,,1
25329,263,NEW AGE GAMES LIMITED,ALL ABOUT KIDS LTD,"71-75 Shelton Street, Covent Garden, London, United Kingdom, WC2H 9JQ","71-75 Shelton Street, Covent Garden, London, United Kingdom, WC2H 9JQ",,,,,,,,,1
25329,3444,NEW AGE GAMES LIMITED,U BROWN LTD,"71-75 Shelton Street, Covent Garden, London, United Kingdom, WC2H 9JQ","71-75 Shelton Street, Covent Garden, London, United Kingdom, WC2H 9JQ",,,,,,,,,1
25329,3775,NEW AGE GAMES LIMITED,T & B ENGINEERING SOLUTIONS LTD,"71-75 Shelton Street, Covent Garden, London, United Kingdom, WC2H 9JQ","71-75 Shelton Street, Covent Garden, London, United Kingdom, WC2H 9JQ",,,,,,,,,1
25329,4375,NEW AGE GAMES LIMITED,H & A ENGINEERING LTD,"71-75 Shelton Street, Covent Garden, London, United Kingdom, WC2H 9JQ","71-75 Shelton Street, Covent Garden, London, United Kingdom, WC2H 9JQ",,,,,,,,,1
25329,4438,NEW AGE GAMES LIMITED,BEAUTY BOOSTERS LTD,"71-75 Shelton Street, Covent Garden, London, United Kingdom, WC2H 9JQ","71-75 Shelton Street, Covent Garden, London, United Kingdom, WC2H 9JQ",,,,,,,,,1
25329,6594,NEW AGE GAMES LIMITED,U EVENTS LIMITED,"71-75 Shelton Street, Covent Garden, London, United Kingdom, WC2H 9JQ","71-75 Shelton Street, Covent Garden, London, United Kingdom, WC2H 9JQ",,,,,,,,,1
25329,7607,NEW AGE GAMES LIMITED,GOOD ADVICE DEBT COMPANY LIMITED,"71-75 Shelton Street, Covent Garden, London, United Kingdom, WC2H 9JQ","71-75 Shelton Street, Covent Garden, London, United Kingdom, WC2H 9JQ",,,,,,,,,1
25329,11053,NEW AGE GAMES LIMITED,ALL ABOUT THE SAAS LTD,"71-75 Shelton Street, Covent Garden, London, United Kingdom, WC2H 9JQ","71-75 Shelton Street, Covent Garden, London, United Kingdom, WC2H 9JQ",,,,,,,,,1
25329,12838,NEW AGE GAMES LIMITED,Q CONSULTING GROUP LTD,"71-75 Shelton Street, Covent Garden, London, United Kingdom, WC2H 9JQ","71-75 Shelton Street, Covent Garden, London, United Kingdom, WC2H 9JQ",,,,,,,,,1
25329,15089,NEW AGE GAMES LIMITED,Q UN LIMITED,"71-75 Shelton Street, Covent Garden, London, United Kingdom, WC2H 9JQ","71-75 Shelton Street, Covent Garden, London, United Kingdom, WC2H 9JQ",,,,,,,,,1
25329,18039,NEW AGE GAMES LIMITED,Z & K DISTRIBUTORS LIMITED,"71-75 Shelton Street, Covent Garden, London, United Kingdom, WC2H 9JQ","71-75 Shelton Street, Covent Garden, London, United Kingdom, WC2H 9JQ",,,,,,,,,1
25329,18878,NEW AGE GAMES LIMITED,FOOD & BEVERAGE INTERNATIONAL LTD,"71-75 Shelton Street, Covent Garden, London, United Kingdom, WC2H 9JQ","71-75 Shelton Street, Covent Garden, London, United Kingdom, WC2H 9JQ",,,,,,,,,1
25329,19784,NEW AGE GAMES LIMITED,S A GUARANTEE SPECIALISTS UK LIMITED,"71-75 Shelton Street, Covent Garden, London, United Kingdom, WC2H 9JQ","71-75 Shelton Street, Covent Garden, London, United Kingdom, WC2H 9JQ",,,,,,,,,1
25329,19928,NEW AGE GAMES LIMITED,ALL ABOUT ME ENTERPRISES LIMITED,"71-75 Shelton Street, Covent Garden, London, United Kingdom, WC2H 9JQ","71-75 Shelton Street, Covent Garden, London, United Kingdom, WC2H 9JQ",,,,,,,,,1
25329,21691,NEW AGE GAMES LIMITED,NEW AGE AGENCY AND SERVICES LIMITED,"71-75 Shelton Street, Covent Garden, London, United Kingdom, WC2H 9JQ","71-75 Shelton Street, Covent Garden, London, United Kingdom, WC2H 9JQ",,,,,,,,,1
25387,18531,NEW AGE CONFECTIONERY LIMITED,NEW AGE MEDICAL LIMITED,"44 Grattons Drive, Crawley, England, RH10 3AA","44 Grattons Drive, Crawley, England, RH10 3AA",,,,,,,,,1
25414,13301,Z & S (LEWES ROAD) LTD,Z & S (BROADWATER) LTD,"Demar House 14 Church Road, East Wittering, Chichester, West Sussex, England, PO20 8PS","Demar House 14 Church Road, East Wittering, Chichester, West Sussex, England, PO20 8PS",,,,,,,,,1
25451,1934,BEAUTY AND THE BULLZ LIMITED,FOOD CATERING LTD,"Studio 210 134-146 Curtain Road, London, England, EC2A 3AR","Studio 210 134-146 Curtain Road, London, England, EC2A 3AR",,,,,,,,,1
25451,22527,BEAUTY AND THE BULLZ LIMITED,BAD CHICKS LTD,"Studio 210 134-146 Curtain Road, London, England, EC2A 3AR","Studio 210 134-146 Curtain Road, London, England, EC2A 3AR",,,,,,,,,1
25536,12624,Z CORP EXPORT LIMITED,NEW ADVANCE LIMITED,"85 Great Portland Street, First Floor, London, England, W1W 7LT","85 Great Portland Street, First Floor, London, England, W1W 7LT",,,,,,,,,1
25761,93,GOOD CURRIES LTD,SOFTWARE DEVELOPMENT SERVICES LTD,"20-22 Wenlock Road, London, England, N1 7GU","20-22 Wenlock Road, London, England, N1 7GU",,,,,,,,,1
25761,502,GOOD CURRIES LTD,Z AND P INCORPORATED LTD,"20-22 Wenlock Road, London, England, N1 7GU","20-22 Wenlock Road, London, England, N1 7GU",,,,,,,,,1
25761,776,GOOD CURRIES LTD,T & ASH LTD,"20-22 Wenlock Road, London, England, N1 7GU","20-22 Wenlock Road, London, England, N1 7GU",,,,,,,,,1
25761,3415,GOOD CURRIES LTD,FOOD BOOKING LTD,"20-22 Wenlock Road, London, England, N1 7GU","20-22 Wenlock Road, London, England, N1 7GU",,,,,,,,,1
25761,4039,GOOD CURRIES LTD,ALL ABOUT BOILERS LTD,"20-22 Wenlock Road, London, England, N1 7GU","20-22 Wenlock Road, London, England, N1 7GU",,,,,,,,,1
25761,5606,GOOD CURRIES LTD,GOOD CONNEXION LTD,"20-22 Wenlock Road, London, England, N1 7GU","20-22 Wenlock Road, London, England, N1 7GU",,,,,,,,,1
25761,6679,GOOD CURRIES LTD,Q BRANCH SOLUTIONS LTD,"20-22 Wenlock Road, London, England, N1 7GU","20-22 Wenlock Road, London, England, N1 7GU",,,,,,,,,1
25761,7079,GOOD CURRIES LTD,H A DIRECT LTD,"20-22 Wenlock Road, London, England, N1 7GU","20-22 Wenlock Road, London, England, N1 7GU",,,,,,,,,1
25761,8008,GOOD CURRIES LTD,GOOD & YOUNG LTD,"20-22 Wenlock Road, London, England, N1 7GU","20-22 Wenlock Road, London, England, N1 7GU",,,,,,,,,1
25761,13025,GOOD CURRIES LTD,NEW AGE PLUMBING AND HEATING SERVICES LTD,"20-22 Wenlock Road, London, England, N1 7GU","20-22 Wenlock Road, London, England, N1 7GU",,,,,,,,,1
25761,13096,GOOD CURRIES LTD,GOOD BEAGLE INTERNATIONAL LTD,"20-22 Wenlock Road, London, England, N1 7GU","20-22 Wenlock Road, London, England, N1 7GU",,,,,,,,,1
25761,14082,GOOD CURRIES LTD,SOFTWARE BRAIN LTD,"20-22 Wenlock Road, London, England, N1 7GU","20-22 Wenlock Road, London, England, N1 7GU",,,,,,,,,1
25761,16743,GOOD CURRIES LTD,Q BRIDGE ENTERTAINMENT LTD,"20-22 Wenlock Road, London, England, N1 7GU","20-22 Wenlock Road, London, England, N1 7GU",,,,,,,,,1
25761,17304,GOOD CURRIES LTD,PERGORA FINANCES INVESTMENTS LTD,"20-22 Wenlock Road, London, England, N1 7GU","20-22 Wenlock Road, London, England, N1 7GU",,,,,,,,,1
25761,17549,GOOD CURRIES LTD,ALL ABOUT PROPERTIES LTD,"20-22 Wenlock Road, London, England, N1 7GU","20-22 Wenlock Road, London, England, N1 7GU",,,,,,,,,1
25761,18882,GOOD CURRIES LTD,NEW AGE TOURING PRODUCTIONS LIMITED,"20-22 Wenlock Road, London, England, N1 7GU","20-22 Wenlock Road, London, England, N1 7GU",,,,,,,,,1
25761,20362,GOOD CURRIES LTD,FOOD AND PACKAGING WHOLESALE LTD,"20-22 Wenlock Road, London, England, N1 7GU","20-22 Wenlock Road, London, England, N1 7GU",,,,,,,,,1
25761,23046,GOOD CURRIES LTD,HAWTHORN ROSE HOMES LIMITED,"20-22 Wenlock Road, London, England, N1 7GU","20-22 Wenlock Road, London, England, N1 7GU",,,,,,,,,1
25761,23876,GOOD CURRIES LTD,ALL ABOUT REEL LTD,"20-22 Wenlock Road, London, England, N1 7GU","20-22 Wenlock Road, London, England, N1 7GU",,,,,,,,,1
25798,2687,BAD MANNERS PROPERTY LIMITED,BEAUTY BEAUTIQUE LTD,"25 Hursley Road, Chandler's Ford, Eastleigh, Hampshire, England, SO53 2FS","25 Hursley Road, Chandler's Ford, Eastleigh, Hampshire, England, SO53 2FS",,,,,,,,,1
25829,15713,Faac Spa,Faac Partecipazioni Industriali Srl,"VIA MONALDO CALARI 10, ZOLA PREDOSA, 40069, BOLOGNA, ITALY","VIA MONALDO CALARI 10, ZOLA PREDOSA, 40069, BOLOGNA, ITALY",,,,,IT03820731200,IT00555751205,,,1
25878,4599,BAD RAVEN LTD.,FOOD ALL LAB LTD,"2nd Floor College House, 17 King Edwards Road, Ruislip, London, United Kingdom, HA4 7AE","2nd Floor College House, 17 King Edwards Road, Ruislip, London, United Kingdom, HA4 7AE",,,,,,,,,1
25878,13496,BAD RAVEN LTD.,THE J & T CONSULTANCY (SOUTHERN) LTD,"2nd Floor College House, 17 King Edwards Road, Ruislip, London, United Kingdom, HA4 7AE","2nd Floor College House, 17 King Edwards Road, Ruislip, London, United Kingdom, HA4 7AE",,,,,,,,,1
25878,16676,BAD RAVEN LTD.,BEAUTY ARENA LTD,"2nd Floor College House, 17 King Edwards Road, Ruislip, London, United Kingdom, HA4 7AE","2nd Floor College House, 17 King Edwards Road, Ruislip, London, United Kingdom, HA4 7AE",,,,,,,,,1
25878,20998,BAD RAVEN LTD.,NEW AGE GLOBAL LTD,"2nd Floor College House, 17 King Edwards Road, Ruislip, London, United Kingdom, HA4 7AE","2nd Floor College House, 17 King Edwards Road, Ruislip, London, United Kingdom, HA4 7AE",,,,,,,,,1
25878,21579,BAD RAVEN LTD.,BAD AUNT CLOTHING LTD,"2nd Floor College House, 17 King Edwards Road, Ruislip, London, United Kingdom, HA4 7AE","2nd Floor College House, 17 King Edwards Road, Ruislip, London, United Kingdom, HA4 7AE",,,,,,,,,1
25956,13301,Z & S (POETS) LTD,Z & S (BROADWATER) LTD,"Demar House 14 Church Road, East Wittering, Chichester, West Sussex, England, PO20 8PS","Demar House 14 Church Road, East Wittering, Chichester, West Sussex, England, PO20 8PS",,,,,,,,,1
25956,25414,Z & S (POETS) LTD,Z & S (LEWES ROAD) LTD,"Demar House 14 Church Road, East Wittering, Chichester, West Sussex, England, PO20 8PS","Demar House 14 Church Road, East Wittering, Chichester, West Sussex, England, PO20 8PS",,,,,,,,,1
25961,23733,Saipem Spa,Servizi Energia Italia Spa,"VIA MARTIRI DI CEFALONIA 67, SAN DONATO MILANESE, 20097, MILANO, ITALY","VIA MARTIRI DI CEFALONIA 67, SAN DONATO MILANESE, 20097, MILANO, ITALY",,,,,IT00825790157,IT03843480272,,,1
26328,11047,BAD HAT MEDIA LTD,BAD HAT LTD,"34 Croydon Road, Caterham, England, CR3 6QB","34 Croydon Road, Caterham, England, CR3 6QB",,,,,,,,,1
26328,12106,BAD HAT MEDIA LTD,BAD HAT HOLDING LTD,"34 Croydon Road, Caterham, England, CR3 6QB","34 Croydon Road, Caterham, England, CR3 6QB",,,,,,,,,1
26427,3917,BAD INTENTIONS BOXING LIMITED,BAD BUNNY MANAGEMENT LTD,"27 Old Gloucester Street, London, United Kingdom, WC1N 3AX","27 Old Gloucester Street, London, United Kingdom, WC1N 3AX",,,,,,,,,1
26427,13774,BAD INTENTIONS BOXING LIMITED,Q & K SERVICES LTD,"27 Old Gloucester Street, London, United Kingdom, WC1N 3AX","27 Old Gloucester Street, London, United Kingdom, WC1N 3AX",,,,,,,,,1
26427,13794,BAD INTENTIONS BOXING LIMITED,BAD ANGELS LIMITED,"27 Old Gloucester Street, London, United Kingdom, WC1N 3AX","27 Old Gloucester Street, London, United Kingdom, WC1N 3AX",,,,,,,,,1
26427,16267,BAD INTENTIONS BOXING LIMITED,MATRIX FINANCES LTD,"27 Old Gloucester Street, London, United Kingdom, WC1N 3AX","27 Old Gloucester Street, London, United Kingdom, WC1N 3AX",,,,,,,,,1
26427,18893,BAD INTENTIONS BOXING LIMITED,NEW ALBION REAL ESTATE LTD,"27 Old Gloucester Street, London, United Kingdom, WC1N 3AX","27 Old Gloucester Street, London, United Kingdom, WC1N 3AX",,,,,,,,,1
26427,20414,BAD INTENTIONS BOXING LIMITED,FOOD BOOTH LIMITED,"27 Old Gloucester Street, London, United Kingdom, WC1N 3AX","27 Old Gloucester Street, London, United Kingdom, WC1N 3AX",,,,,,,,,1
26481,12732,Zambon Company Spa,Zambon Spa,"VIA LILLO DEL DUCA 10, BRESSO, 20091, MILANO, ITALY","VIA LILLO DEL DUCA 10, BRESSO, 20091, MILANO, ITALY",,,,,IT00714930245,IT05341830965,,,1
26499,21183,De' Longhi Appliances Srl,De' Longhi Spa,"VIA LODOVICO SEITZ 47, TREVISO, 31100, TREVISO, ITALY","VIA LODOVICO SEITZ 47, TREVISO, 31100, TREVISO, ITALY",,,,,IT00698370962,IT03162730265,,,1
26515,5779,BLACKBANK AIRSOFT TACTICAL LTD,BEAUTY & HOLISTIC LOUNGE LTD,"C/O Hq Accountancy Ltd, 3rd Floor, Granite Building, 6 Stanley Street, Liverpool, England, L1 6AF","C/O Hq Accountancy Ltd, 3rd Floor, Granite Building, 6 Stanley Street, Liverpool, England, L1 6AF",,,,,,,,,1
26693,9385,FOOD BY SEAN NO600 LIMITED,FOOD BY SEAN DELI & KITCHEN LTD,"Unit F9 Rainbow Business Centre, Swansea Enterprise Park, Swansea, Wales, SA7 9FP","Unit F9 Rainbow Business Centre, Swansea Enterprise Park, Swansea, Wales, SA7 9FP",,,,,,,,,1
26989,11775,FOOD DELICIOUS GROUP LTD,H & A ENTERTAINMENTS LTD,"Lawrence House, 5 St Andrews Hill, Norwich, Norfolk, NR2 1AD","Lawrence House, 5 St Andrews Hill, Norwich, Norfolk, NR2 1AD",,,,,,,,,1
27169,6039,Z & M CONSULTING LTD,Z & M K1 LTD,"Flat 43 Free Trade Wharf, 340 The Highway, London, England, E1W 3ES","Flat 43 Free Trade Wharf, 340 The Highway, London, England, E1W 3ES",,,,,,,,,1
27193,19753,NEW ADVENTURES VERONA LIMITED,NEW ADVENTURES NUTCRACKER LIMITED,"124 Finchley Road, London, United Kingdom, NW3 5JS","124 Finchley Road, London, United Kingdom, NW3 5JS",,,,,,,,,1
27193,22489,NEW ADVENTURES VERONA LIMITED,NEW ADVENTURES MIDNIGHT BELL LIMITED,"124 Finchley Road, London, United Kingdom, NW3 5JS","124 Finchley Road, London, United Kingdom, NW3 5JS",,,,,,,,,1
27212,4598,BEAUTY BEEHIVE LTD,Q CLUB (GLASGOW) LIMITED,"101 St. Georges Road, Glasgow, G3 6JA","101 St. Georges Road, Glasgow, G3 6JA",,,,,,,,,1
27273,12624,BAD SALAD DAY LTD,NEW ADVANCE LIMITED,"85 Great Portland Street, First Floor, London, England, W1W 7LT","85 Great Portland Street, First Floor, London, England, W1W 7LT",,,,,,,,,1
27273,25536,BAD SALAD DAY LTD,Z CORP EXPORT LIMITED,"85 Great Portland Street, First Floor, London, England, W1W 7LT","85 Great Portland Street, First Floor, London, England, W1W 7LT",,,,,,,,,1
27301,21454,ALL ABOUT SNEAKERS LTD,ALL ABOUT COSTUMES LTD,"9 York Road, Croydon, England, CR0 3QT","9 York Road, Croydon, England, CR0 3QT",,,,,,,,,1
27304,2843,Q BISHOPBRIGGS LIMITED,Q CENTRAL LIMITED,"Finlay House, 10-14 West Nile Street, Glasgow, G1 2PP","Finlay House, 10-14 West Nile Street, Glasgow, G1 2PP",,,,,,,,,1
27326,2460,NOVEA FINANCES LIMITED,NEW AGE HEMP LIMITED,"7 Bell Yard, London, England, WC2A 2JR","7 Bell Yard, London, England, WC2A 2JR",,,,,,,,,1
27326,8320,NOVEA FINANCES LIMITED,GOOD BEHAVIOUR LIMITED,"7 Bell Yard, London, England, WC2A 2JR","7 Bell Yard, London, England, WC2A 2JR",,,,,,,,,1
27326,14809,NOVEA FINANCES LIMITED,SOFTWARE RETAIL LTD,"7 Bell Yard, London, England, WC2A 2JR","7 Bell Yard, London, England, WC2A 2JR",,,,,,,,,1
27342,8877,P A BROCK LTD,R A BROCK LTD,"Woodhams Farm Cutlers Green, Thaxted, Dunmow, Essex, CM6 2RH","Woodhams Farm Cutlers Green, Thaxted, Dunmow, Essex, CM6 2RH",,,,,,,,,1
27689,93,FOOD DISCOUNTS LTD,SOFTWARE DEVELOPMENT SERVICES LTD,"20-22 Wenlock Road, London, England, N1 7GU","20-22 Wenlock Road, London, England, N1 7GU",,,,,,,,,1
27689,502,FOOD DISCOUNTS LTD,Z AND P INCORPORATED LTD,"20-22 Wenlock Road, London, England, N1 7GU","20-22 Wenlock Road, London, England, N1 7GU",,,,,,,,,1
27689,776,FOOD DISCOUNTS LTD,T & ASH LTD,"20-22 Wenlock Road, London, England, N1 7GU","20-22 Wenlock Road, London, England, N1 7GU",,,,,,,,,1
27689,3415,FOOD DISCOUNTS LTD,FOOD BOOKING LTD,"20-22 Wenlock Road, London, England, N1 7GU","20-22 Wenlock Road, London, England, N1 7GU",,,,,,,,,1
27689,4039,FOOD DISCOUNTS LTD,ALL ABOUT BOILERS LTD,"20-22 Wenlock Road, London, England, N1 7GU","20-22 Wenlock Road, London, England, N1 7GU",,,,,,,,,1
27689,5606,FOOD DISCOUNTS LTD,GOOD CONNEXION LTD,"20-22 Wenlock Road, London, England, N1 7GU","20-22 Wenlock Road, London, England, N1 7GU",,,,,,,,,1
27689,6679,FOOD DISCOUNTS LTD,Q BRANCH SOLUTIONS LTD,"20-22 Wenlock Road, London, England, N1 7GU","20-22 Wenlock Road, London, England, N1 7GU",,,,,,,,,1
27689,7079,FOOD DISCOUNTS LTD,H A DIRECT LTD,"20-22 Wenlock Road, London, England, N1 7GU","20-22 Wenlock Road, London, England, N1 7GU",,,,,,,,,1
27689,8008,FOOD DISCOUNTS LTD,GOOD & YOUNG LTD,"20-22 Wenlock Road, London, England, N1 7GU","20-22 Wenlock Road, London, England, N1 7GU",,,,,,,,,1
27689,13025,FOOD DISCOUNTS LTD,NEW AGE PLUMBING AND HEATING SERVICES LTD,"20-22 Wenlock Road, London, England, N1 7GU","20-22 Wenlock Road, London, England, N1 7GU",,,,,,,,,1
27689,13096,FOOD DISCOUNTS LTD,GOOD BEAGLE INTERNATIONAL LTD,"20-22 Wenlock Road, London, England, N1 7GU","20-22 Wenlock Road, London, England, N1 7GU",,,,,,,,,1
27689,14082,FOOD DISCOUNTS LTD,SOFTWARE BRAIN LTD,"20-22 Wenlock Road, London, England, N1 7GU","20-22 Wenlock Road, London, England, N1 7GU",,,,,,,,,1
27689,16743,FOOD DISCOUNTS LTD,Q BRIDGE ENTERTAINMENT LTD,"20-22 Wenlock Road, London, England, N1 7GU","20-22 Wenlock Road, London, England, N1 7GU",,,,,,,,,1
27689,17304,FOOD DISCOUNTS LTD,PERGORA FINANCES INVESTMENTS LTD,"20-22 Wenlock Road, London, England, N1 7GU","20-22 Wenlock Road, London, England, N1 7GU",,,,,,,,,1
27689,17549,FOOD DISCOUNTS LTD,ALL ABOUT PROPERTIES LTD,"20-22 Wenlock Road, London, England, N1 7GU","20-22 Wenlock Road, London, England, N1 7GU",,,,,,,,,1
27689,18882,FOOD DISCOUNTS LTD,NEW AGE TOURING PRODUCTIONS LIMITED,"20-22 Wenlock Road, London, England, N1 7GU","20-22 Wenlock Road, London, England, N1 7GU",,,,,,,,,1
27689,20362,FOOD DISCOUNTS LTD,FOOD AND PACKAGING WHOLESALE LTD,"20-22 Wenlock Road, London, England, N1 7GU","20-22 Wenlock Road, London, England, N1 7GU",,,,,,,,,1
27689,23046,FOOD DISCOUNTS LTD,HAWTHORN ROSE HOMES LIMITED,"20-22 Wenlock Road, London, England, N1 7GU","20-22 Wenlock Road, London, England, N1 7GU",,,,,,,,,1
27689,23876,FOOD DISCOUNTS LTD,ALL ABOUT REEL LTD,"20-22 Wenlock Road, London, England, N1 7GU","20-22 Wenlock Road, London, England, N1 7GU",,,,,,,,,1
27689,25761,FOOD DISCOUNTS LTD,GOOD CURRIES LTD,"20-22 Wenlock Road, London, England, N1 7GU","20-22 Wenlock Road, London, England, N1 7GU",,,,,,,,,1
27698,23226,FOOD & CHI LIMITED,GOOD BOY FILMS LIMITED,"The Old Workshop, 1 Ecclesall Road South, Sheffield, S11 9PA","The Old Workshop, 1 Ecclesall Road South, Sheffield, S11 9PA",,,,,,,,,1
27739,8751,Nova Coop Soc Coop,Nova Aeg Spa,"VIA NELSON MANDELA 4, VERCELLI, 13100, VERCELLI, ITALY","VIA NELSON MANDELA 4, VERCELLI, 13100, VERCELLI, ITALY",,,,,IT01314250034,IT02616630022,,,1
27755,5950,S A HOMOLOGATION CONSULTANTS LIMITED,R A HUNTER LIMITED,"320 Firecrest Court Centre Park, Warrington, United Kingdom, WA1 1RG","320 Firecrest Court Centre Park, Warrington, United Kingdom, WA1 1RG",,,,,,,,,1
27755,15657,S A HOMOLOGATION CONSULTANTS LIMITED,R A BALDOCK LIMITED,"320 Firecrest Court Centre Park, Warrington, United Kingdom, WA1 1RG","320 Firecrest Court Centre Park, Warrington, United Kingdom, WA1 1RG",,,,,,,,,1
27755,19028,S A HOMOLOGATION CONSULTANTS LIMITED,V & M ENGINEERING LIMITED,"320 Firecrest Court Centre Park, Warrington, United Kingdom, WA1 1RG","320 Firecrest Court Centre Park, Warrington, United Kingdom, WA1 1RG",,,,,,,,,1
27798,26309,S A AESTHETICA LTD,S A AESTHETICA INVESTMENTS LTD,"C/O Apr Accountancy Services Shan House, 80-86 North Street, Keighley, West Yorkshire, United Kingdom, BD21 3AF","C/O Apr Accountancy Services Shan House, 80-86 North Street, Keighley, West Yorkshire, United Kingdom, BD21 3AF",,,,,,,,,1
28005,17954,BEAUTY BENEATH WEDDINGS LIMITED,BEAUTY BENEATH HAIRDRESSING LTD,"620 Attercliffe Road, Sheffield, United Kingdom, S9 3QS","620 Attercliffe Road, Sheffield, United Kingdom, S9 3QS",,,,,,,,,1
28245,3640,GOOD CLINICAL PEOPLE LTD.,V AESTHETICS LTD,"Suite G04 1 Quality Court, Chancery Lane, London, England, WC2A 1HR","Suite G04 1 Quality Court, Chancery Lane, London, England, WC2A 1HR",,,,,,,,,1
28245,7462,GOOD CLINICAL PEOPLE LTD.,BAD BS CLOTHING LTD,"Suite G04 1 Quality Court, Chancery Lane, London, England, WC2A 1HR","Suite G04 1 Quality Court, Chancery Lane, London, England, WC2A 1HR",,,,,,,,,1
28245,11658,GOOD CLINICAL PEOPLE LTD.,Z & I UNIVERSAL LIMITED,"Suite G04 1 Quality Court, Chancery Lane, London, England, WC2A 1HR","Suite G04 1 Quality Court, Chancery Lane, London, England, WC2A 1HR",,,,,,,,,1
28245,15796,GOOD CLINICAL PEOPLE LTD.,BEAUTY AND THE BOOK LTD,"Suite G04 1 Quality Court, Chancery Lane, London, England, WC2A 1HR","Suite G04 1 Quality Court, Chancery Lane, London, England, WC2A 1HR",,,,,,,,,1
28245,17663,GOOD CLINICAL PEOPLE LTD.,NEW AGE MOTORS LIMITED,"Suite G04 1 Quality Court, Chancery Lane, London, England, WC2A 1HR","Suite G04 1 Quality Court, Chancery Lane, London, England, WC2A 1HR",,,,,,,,,1
28246,263,BEAUTY BOLD PR LTD,ALL ABOUT KIDS LTD,"71-75 Shelton Street, Covent Garden, London, United Kingdom, WC2H 9JQ","71-75 Shelton Street, Covent Garden, London, United Kingdom, WC2H 9JQ",,,,,,,,,1
28246,3444,BEAUTY BOLD PR LTD,U BROWN LTD,"71-75 Shelton Street, Covent Garden, London, United Kingdom, WC2H 9JQ","71-75 Shelton Street, Covent Garden, London, United Kingdom, WC2H 9JQ",,,,,,,,,1
28246,3775,BEAUTY BOLD PR LTD,T & B ENGINEERING SOLUTIONS LTD,"71-75 Shelton Street, Covent Garden, London, United Kingdom, WC2H 9JQ","71-75 Shelton Street, Covent Garden, London, United Kingdom, WC2H 9JQ",,,,,,,,,1
28246,4375,BEAUTY BOLD PR LTD,H & A ENGINEERING LTD,"71-75 Shelton Street, Covent Garden, London, United Kingdom, WC2H 9JQ","71-75 Shelton Street, Covent Garden, London, United Kingdom, WC2H 9JQ",,,,,,,,,1
28246,4438,BEAUTY BOLD PR LTD,BEAUTY BOOSTERS LTD,"71-75 Shelton Street, Covent Garden, London, United Kingdom, WC2H 9JQ","71-75 Shelton Street, Covent Garden, London, United Kingdom, WC2H 9JQ",,,,,,,,,1
28246,6594,BEAUTY BOLD PR LTD,U EVENTS LIMITED,"71-75 Shelton Street, Covent Garden, London, United Kingdom, WC2H 9JQ","71-75 Shelton Street, Covent Garden, London, United Kingdom, WC2H 9JQ",,,,,,,,,1
28246,7607,BEAUTY BOLD PR LTD,GOOD ADVICE DEBT COMPANY LIMITED,"71-75 Shelton Street, Covent Garden, London, United Kingdom, WC2H 9JQ","71-75 Shelton Street, Covent Garden, London, United Kingdom, WC2H 9JQ",,,,,,,,,1
28246,11053,BEAUTY BOLD PR LTD,ALL ABOUT THE SAAS LTD,"71-75 Shelton Street, Covent Garden, London, United Kingdom, WC2H 9JQ","71-75 Shelton Street, Covent Garden, London, United Kingdom, WC2H 9JQ",,,,,,,,,1
28246,12838,BEAUTY BOLD PR LTD,Q CONSULTING GROUP LTD,"71-75 Shelton Street, Covent Garden, London, United Kingdom, WC2H 9JQ","71-75 Shelton Street, Covent Garden, London, United Kingdom, WC2H 9JQ",,,,,,,,,1
28246,15089,BEAUTY BOLD PR LTD,Q UN LIMITED,"71-75 Shelton Street, Covent Garden, London, United Kingdom, WC2H 9JQ","71-75 Shelton Street, Covent Garden, London, United Kingdom, WC2H 9JQ",,,,,,,,,1
28246,18039,BEAUTY BOLD PR LTD,Z & K DISTRIBUTORS LIMITED,"71-75 Shelton Street, Covent Garden, London, United Kingdom, WC2H 9JQ","71-75 Shelton Street, Covent Garden, London, United Kingdom, WC2H 9JQ",,,,,,,,,1
28246,18878,BEAUTY BOLD PR LTD,FOOD & BEVERAGE INTERNATIONAL LTD,"71-75 Shelton Street, Covent Garden, London, United Kingdom, WC2H 9JQ","71-75 Shelton Street, Covent Garden, London, United Kingdom, WC2H 9JQ",,,,,,,,,1
28246,19784,BEAUTY BOLD PR LTD,S A GUARANTEE SPECIALISTS UK LIMITED,"71-75 Shelton Street, Covent Garden, London, United Kingdom, WC2H 9JQ","71-75 Shelton Street, Covent Garden, London, United Kingdom, WC2H 9JQ",,,,,,,,,1
28246,19928,BEAUTY BOLD PR LTD,ALL ABOUT ME ENTERPRISES LIMITED,"71-75 Shelton Street, Covent Garden, London, United Kingdom, WC2H 9JQ","71-75 Shelton Street, Covent Garden, London, United Kingdom, WC2H 9JQ",,,,,,,,,1
28246,21691,BEAUTY BOLD PR LTD,NEW AGE AGENCY AND SERVICES LIMITED,"71-75 Shelton Street, Covent Garden, London, United Kingdom, WC2H 9JQ","71-75 Shelton Street, Covent Garden, London, United Kingdom, WC2H 9JQ",,,,,,,,,1
28246,25329,BEAUTY BOLD PR LTD,NEW AGE GAMES LIMITED,"71-75 Shelton Street, Covent Garden, London, United Kingdom, WC2H 9JQ","71-75 Shelton Street, Covent Garden, London, United Kingdom, WC2H 9JQ",,,,,,,,,1
28269,4499,GOOD & CHEAP LIMITED,H & A HOT FOOD LTD,"9 Royal Crescent, Glasgow, Scotland, G3 7SP","9 Royal Crescent, Glasgow, Scotland, G3 7SP",,,,,,,,,1
28269,18205,GOOD & CHEAP LIMITED,GOOD AND LUCKY LTD,"9 Royal Crescent, Glasgow, Scotland, G3 7SP","9 Royal Crescent, Glasgow, Scotland, G3 7SP",,,,,,,,,1
28611,15132,Cnp Vita Assicurazione Spa,Cnp Vita Assicura Spa,"VIA ANGELO SCARSELLINI 14, MILANO, 20161, MILANO, ITALY","VIA ANGELO SCARSELLINI 14, MILANO, 20161, MILANO, ITALY",,,,,IT10210040159,IT09269930153,,,1
28653,5388,Ferragamo Finanziaria Spa,Salvatore Ferragamo Spa,"VIA DEI TORNABUONI 2, FIRENZE, 50123, FIRENZE, ITALY","VIA DEI TORNABUONI 2, FIRENZE, 50123, FIRENZE, ITALY",,,,,IT04161460482,IT02175200480,,,1
28660,19753,NEW ADVENTURES PARTNERSHIPS LIMITED,NEW ADVENTURES NUTCRACKER LIMITED,"124 Finchley Road, London, United Kingdom, NW3 5JS","124 Finchley Road, London, United Kingdom, NW3 5JS",,,,,,,,,1
28660,22489,NEW ADVENTURES PARTNERSHIPS LIMITED,NEW ADVENTURES MIDNIGHT BELL LIMITED,"124 Finchley Road, London, United Kingdom, NW3 5JS","124 Finchley Road, London, United Kingdom, NW3 5JS",,,,,,,,,1
28660,27193,NEW ADVENTURES PARTNERSHIPS LIMITED,NEW ADVENTURES VERONA LIMITED,"124 Finchley Road, London, United Kingdom, NW3 5JS","124 Finchley Road, London, United Kingdom, NW3 5JS",,,,,,,,,1
28754,5523,SOFTWARE DYNAMICS (UK) LTD,SOFTWARE DYNAMICS LIMITED,"6 Bradwell Croft, Sutton Coldfield, West Midlands, England, B75 5TQ","6 Bradwell Croft, Sutton Coldfield, West Midlands, England, B75 5TQ",,,,,,,,,1
28847,5402,BEAUTY & LIFESTYLE LTD,GLOBAL FINANCES LTD,"Suite B 29 Harley Street, London, England, W1G 9QR","Suite B 29 Harley Street, London, England, W1G 9QR",,,,,,,,,1
28911,8152,Ghella Group Srl,Ghella Spa,"VIA PIETRO BORSIERI 2/A, ROMA, 00195, ROMA, ITALY","VIA PIETRO BORSIERI 2/A, ROMA, 00195, ROMA, ITALY",,,,,IT01297651000,IT00898971007,,,1
28915,22158,GOOD CHIPS LTD,SOFTWARE BY SMITH LTD,"5th Floor Castlemead, Lower Castle Street, Bristol, United Kingdom, BS1 3AG","5th Floor Castlemead, Lower Castle Street, Bristol, United Kingdom, BS1 3AG",,,,,,,,,1
28937,2340,TANA T TRADING LTD,PACKER P LTD,"128 City Road, London, United Kingdom, EC1V 2NX","128 City Road, London, United Kingdom, EC1V 2NX",,,,,,,,,1
28937,11214,TANA T TRADING LTD,BRIGHT VISION INVESTMENT LTD,"128 City Road, London, United Kingdom, EC1V 2NX","128 City Road, London, United Kingdom, EC1V 2NX",,,,,,,,,1
28937,13551,TANA T TRADING LTD,NEW AGE FASHION LTD,"128 City Road, London, United Kingdom, EC1V 2NX","128 City Road, London, United Kingdom, EC1V 2NX",,,,,,,,,1
28937,17757,TANA T TRADING LTD,GOOD DAY AESTHETICS & BEAUTY LTD,"128 City Road, London, United Kingdom, EC1V 2NX","128 City Road, London, United Kingdom, EC1V 2NX",,,,,,,,,1
28937,19613,TANA T TRADING LTD,SOFTWARE SOLUTIONS GROUP LTD.,"128 City Road, London, United Kingdom, EC1V 2NX","128 City Road, London, United Kingdom, EC1V 2NX",,,,,,,,,1
28937,24850,TANA T TRADING LTD,H ACCOUNTING SOLUTION LIMITED,"128 City Road, London, United Kingdom, EC1V 2NX","128 City Road, London, United Kingdom, EC1V 2NX",,,,,,,,,1
29058,3917,NEW AGE COACH LTD,BAD BUNNY MANAGEMENT LTD,"27 Old Gloucester Street, London, United Kingdom, WC1N 3AX","27 Old Gloucester Street, London, United Kingdom, WC1N 3AX",,,,,,,,,1
29058,13774,NEW AGE COACH LTD,Q & K SERVICES LTD,"27 Old Gloucester Street, London, United Kingdom, WC1N 3AX","27 Old Gloucester Street, London, United Kingdom, WC1N 3AX",,,,,,,,,1
29058,13794,NEW AGE COACH LTD,BAD ANGELS LIMITED,"27 Old Gloucester Street, London, United Kingdom, WC1N 3AX","27 Old Gloucester Street, London, United Kingdom, WC1N 3AX",,,,,,,,,1
29058,16267,NEW AGE COACH LTD,MATRIX FINANCES LTD,"27 Old Gloucester Street, London, United Kingdom, WC1N 3AX","27 Old Gloucester Street, London, United Kingdom, WC1N 3AX",,,,,,,,,1
29058,18893,NEW AGE COACH LTD,NEW ALBION REAL ESTATE LTD,"27 Old Gloucester Street, London, United Kingdom, WC1N 3AX","27 Old Gloucester Street, London, United Kingdom, WC1N 3AX",,,,,,,,,1
29058,20414,NEW AGE COACH LTD,FOOD BOOTH LIMITED,"27 Old Gloucester Street, London, United Kingdom, WC1N 3AX","27 Old Gloucester Street, London, United Kingdom, WC1N 3AX",,,,,,,,,1
29058,26427,NEW AGE COACH LTD,BAD INTENTIONS BOXING LIMITED,"27 Old Gloucester Street, London, United Kingdom, WC1N 3AX","27 Old Gloucester Street, London, United Kingdom, WC1N 3AX",,,,,,,,,1
29095,2632,FOOD AND BEVERAGE MARKETING LTD,Z CARS EVOLUTIONS LIMITED,"Wallis House, 27 Broad Street, Wokingham, Berkshire, England, RG40 1AU","Wallis House, 27 Broad Street, Wokingham, Berkshire, England, RG40 1AU",,,,,,,,,1
29176,846,SOFTWARE ASSOCIATES INTERNATIONAL LTD,FOOD AND LIFE SCIENCES CONSULTING LTD,"Carlton House, High Street, Higham Ferrers, Northamptonshire, United Kingdom, NN10 8BW","Carlton House, High Street, Higham Ferrers, Northamptonshire, United Kingdom, NN10 8BW",,,,,,,,,1
29185,24523,Grimaldi Euromed Spa,Grimaldi Group Spa,"VIA MARCHESE CAMPODISOLA 13, NAPOLI, 80133, NAPOLI, ITALY","VIA MARCHESE CAMPODISOLA 13, NAPOLI, 80133, NAPOLI, ITALY",,,,,IT00278730825,IT00117240820,,,1
29216,6086,BAD SEED FILM LIMITED,BAD SEED LIMITED,"C/O Ymu Business Management Limited, 180 Great Portland Street, London, England, W1W 5QZ","C/O Ymu Business Management Limited, 180 Great Portland Street, London, England, W1W 5QZ",,,,,,,,,1
29271,93,SOFTWARE DEFENCES LTD,SOFTWARE DEVELOPMENT SERVICES LTD,"20-22 Wenlock Road, London, England, N1 7GU","20-22 Wenlock Road, London, England, N1 7GU",,,,,,,,,1
29271,502,SOFTWARE DEFENCES LTD,Z AND P INCORPORATED LTD,"20-22 Wenlock Road, London, England, N1 7GU","20-22 Wenlock Road, London, England, N1 7GU",,,,,,,,,1
29271,776,SOFTWARE DEFENCES LTD,T & ASH LTD,"20-22 Wenlock Road, London, England, N1 7GU","20-22 Wenlock Road, London, England, N1 7GU",,,,,,,,,1
29271,3415,SOFTWARE DEFENCES LTD,FOOD BOOKING LTD,"20-22 Wenlock Road, London, England, N1 7GU","20-22 Wenlock Road, London, England, N1 7GU",,,,,,,,,1
29271,4039,SOFTWARE DEFENCES LTD,ALL ABOUT BOILERS LTD,"20-22 Wenlock Road, London, England, N1 7GU","20-22 Wenlock Road, London, England, N1 7GU",,,,,,,,,1
29271,5606,SOFTWARE DEFENCES LTD,GOOD CONNEXION LTD,"20-22 Wenlock Road, London, England, N1 7GU","20-22 Wenlock Road, London, England, N1 7GU",,,,,,,,,1
29271,6679,SOFTWARE DEFENCES LTD,Q BRANCH SOLUTIONS LTD,"20-22 Wenlock Road, London, England, N1 7GU","20-22 Wenlock Road, London, England, N1 7GU",,,,,,,,,1
29271,7079,SOFTWARE DEFENCES LTD,H A DIRECT LTD,"20-22 Wenlock Road, London, England, N1 7GU","20-22 Wenlock Road, London, England, N1 7GU",,,,,,,,,1
29271,8008,SOFTWARE DEFENCES LTD,GOOD & YOUNG LTD,"20-22 Wenlock Road, London, England, N1 7GU","20-22 Wenlock Road, London, England, N1 7GU",,,,,,,,,1
29271,13025,SOFTWARE DEFENCES LTD,NEW AGE PLUMBING AND HEATING SERVICES LTD,"20-22 Wenlock Road, London, England, N1 7GU","20-22 Wenlock Road, London, England, N1 7GU",,,,,,,,,1
29271,13096,SOFTWARE DEFENCES LTD,GOOD BEAGLE INTERNATIONAL LTD,"20-22 Wenlock Road, London, England, N1 7GU","20-22 Wenlock Road, London, England, N1 7GU",,,,,,,,,1
29271,14082,SOFTWARE DEFENCES LTD,SOFTWARE BRAIN LTD,"20-22 Wenlock Road, London, England, N1 7GU","20-22 Wenlock Road, London, England, N1 7GU",,,,,,,,,1
29271,16743,SOFTWARE DEFENCES LTD,Q BRIDGE ENTERTAINMENT LTD,"20-22 Wenlock Road, London, England, N1 7GU","20-22 Wenlock Road, London, England, N1 7GU",,,,,,,,,1
29271,17304,SOFTWARE DEFENCES LTD,PERGORA FINANCES INVESTMENTS LTD,"20-22 Wenlock Road, London, England, N1 7GU","20-22 Wenlock Road, London, England, N1 7GU",,,,,,,,,1
29271,17549,SOFTWARE DEFENCES LTD,ALL ABOUT PROPERTIES LTD,"20-22 Wenlock Road, London, England, N1 7GU","20-22 Wenlock Road, London, England, N1 7GU",,,,,,,,,1
29271,18882,SOFTWARE DEFENCES LTD,NEW AGE TOURING PRODUCTIONS LIMITED,"20-22 Wenlock Road, London, England, N1 7GU","20-22 Wenlock Road, London, England, N1 7GU",,,,,,,,,1
29271,20362,SOFTWARE DEFENCES LTD,FOOD AND PACKAGING WHOLESALE LTD,"20-22 Wenlock Road, London, England, N1 7GU","20-22 Wenlock Road, London, England, N1 7GU",,,,,,,,,1
29271,23046,SOFTWARE DEFENCES LTD,HAWTHORN ROSE HOMES LIMITED,"20-22 Wenlock Road, London, England, N1 7GU","20-22 Wenlock Road, London, England, N1 7GU",,,,,,,,,1
29271,23876,SOFTWARE DEFENCES LTD,ALL ABOUT REEL LTD,"20-22 Wenlock Road, London, England, N1 7GU","20-22 Wenlock Road, London, England, N1 7GU",,,,,,,,,1
29271,25761,SOFTWARE DEFENCES LTD,GOOD CURRIES LTD,"20-22 Wenlock Road, London, England, N1 7GU","20-22 Wenlock Road, London, England, N1 7GU",,,,,,,,,1
29271,27689,SOFTWARE DEFENCES LTD,FOOD DISCOUNTS LTD,"20-22 Wenlock Road, London, England, N1 7GU","20-22 Wenlock Road, London, England, N1 7GU",,,,,,,,,1
29285,19011,COMPLETE COVER RECRUITMENT LTD,NEW AGE CARE LIMITED,"Units 2 & 3 Pure Offices Plato Close, Tachbrook Park, Warwick, England, CV34 6WE","Units 2 & 3 Pure Offices Plato Close, Tachbrook Park, Warwick, England, CV34 6WE",,,,,,,,,1
29377,93,KNOWING FINANCES LTD,SOFTWARE DEVELOPMENT SERVICES LTD,"20-22 Wenlock Road, London, England, N1 7GU","20-22 Wenlock Road, London, England, N1 7GU",,,,,,,,,1
29377,502,KNOWING FINANCES LTD,Z AND P INCORPORATED LTD,"20-22 Wenlock Road, London, England, N1 7GU","20-22 Wenlock Road, London, England, N1 7GU",,,,,,,,,1
29377,776,KNOWING FINANCES LTD,T & ASH LTD,"20-22 Wenlock Road, London, England, N1 7GU","20-22 Wenlock Road, London, England, N1 7GU",,,,,,,,,1
29377,3415,KNOWING FINANCES LTD,FOOD BOOKING LTD,"20-22 Wenlock Road, London, England, N1 7GU","20-22 Wenlock Road, London, England, N1 7GU",,,,,,,,,1
29377,4039,KNOWING FINANCES LTD,ALL ABOUT BOILERS LTD,"20-22 Wenlock Road, London, England, N1 7GU","20-22 Wenlock Road, London, England, N1 7GU",,,,,,,,,1
29377,5606,KNOWING FINANCES LTD,GOOD CONNEXION LTD,"20-22 Wenlock Road, London, England, N1 7GU","20-22 Wenlock Road, London, England, N1 7GU",,,,,,,,,1
29377,6679,KNOWING FINANCES LTD,Q BRANCH SOLUTIONS LTD,"20-22 Wenlock Road, London, England, N1 7GU","20-22 Wenlock Road, London, England, N1 7GU",,,,,,,,,1
29377,7079,KNOWING FINANCES LTD,H A DIRECT LTD,"20-22 Wenlock Road, London, England, N1 7GU","20-22 Wenlock Road, London, England, N1 7GU",,,,,,,,,1
29377,8008,KNOWING FINANCES LTD,GOOD & YOUNG LTD,"20-22 Wenlock Road, London, England, N1 7GU","20-22 Wenlock Road, London, England, N1 7GU",,,,,,,,,1
29377,13025,KNOWING FINANCES LTD,NEW AGE PLUMBING AND HEATING SERVICES LTD,"20-22 Wenlock Road, London, England, N1 7GU","20-22 Wenlock Road, London, England, N1 7GU",,,,,,,,,1
29377,13096,KNOWING FINANCES LTD,GOOD BEAGLE INTERNATIONAL LTD,"20-22 Wenlock Road, London, England, N1 7GU","20-22 Wenlock Road, London, England, N1 7GU",,,,,,,,,1
29377,14082,KNOWING FINANCES LTD,SOFTWARE BRAIN LTD,"20-22 Wenlock Road, London, England, N1 7GU","20-22 Wenlock Road, London, England, N1 7GU",,,,,,,,,1
29377,16743,KNOWING FINANCES LTD,Q BRIDGE ENTERTAINMENT LTD,"20-22 Wenlock Road, London, England, N1 7GU","20-22 Wenlock Road, London, England, N1 7GU",,,,,,,,,1
29377,17304,KNOWING FINANCES LTD,PERGORA FINANCES INVESTMENTS LTD,"20-22 Wenlock Road, London, England, N1 7GU","20-22 Wenlock Road, London, England, N1 7GU",,,,,,,,,1
29377,17549,KNOWING FINANCES LTD,ALL ABOUT PROPERTIES LTD,"20-22 Wenlock Road, London, England, N1 7GU","20-22 Wenlock Road, London, England, N1 7GU",,,,,,,,,1
29377,18882,KNOWING FINANCES LTD,NEW AGE TOURING PRODUCTIONS LIMITED,"20-22 Wenlock Road, London, England, N1 7GU","20-22 Wenlock Road, London, England, N1 7GU",,,,,,,,,1
29377,20362,KNOWING FINANCES LTD,FOOD AND PACKAGING WHOLESALE LTD,"20-22 Wenlock Road, London, England, N1 7GU","20-22 Wenlock Road, London, England, N1 7GU",,,,,,,,,1
29377,23046,KNOWING FINANCES LTD,HAWTHORN ROSE HOMES LIMITED,"20-22 Wenlock Road, London, England, N1 7GU","20-22 Wenlock Road, London, England, N1 7GU",,,,,,,,,1
29377,23876,KNOWING FINANCES LTD,ALL ABOUT REEL LTD,"20-22 Wenlock Road, London, England, N1 7GU","20-22 Wenlock Road, London, England, N1 7GU",,,,,,,,,1
29377,25761,KNOWING FINANCES LTD,GOOD CURRIES LTD,"20-22 Wenlock Road, London, England, N1 7GU","20-22 Wenlock Road, London, England, N1 7GU",,,,,,,,,1
29377,27689,KNOWING FINANCES LTD,FOOD DISCOUNTS LTD,"20-22 Wenlock Road, London, England, N1 7GU","20-22 Wenlock Road, London, England, N1 7GU",,,,,,,,,1
29377,29271,KNOWING FINANCES LTD,SOFTWARE DEFENCES LTD,"20-22 Wenlock Road, London, England, N1 7GU","20-22 Wenlock Road, London, England, N1 7GU",,,,,,,,,1
29510,2340,V & MARK COMPANY LTD,PACKER P LTD,"128 City Road, London, United Kingdom, EC1V 2NX","128 City Road, London, United Kingdom, EC1V 2NX",,,,,,,,,1
29510,11214,V & MARK COMPANY LTD,BRIGHT VISION INVESTMENT LTD,"128 City Road, London, United Kingdom, EC1V 2NX","128 City Road, London, United Kingdom, EC1V 2NX",,,,,,,,,1
29510,13551,V & MARK COMPANY LTD,NEW AGE FASHION LTD,"128 City Road, London, United Kingdom, EC1V 2NX","128 City Road, London, United Kingdom, EC1V 2NX",,,,,,,,,1
29510,17757,V & MARK COMPANY LTD,GOOD DAY AESTHETICS & BEAUTY LTD,"128 City Road, London, United Kingdom, EC1V 2NX","128 City Road, London, United Kingdom, EC1V 2NX",,,,,,,,,1
29510,19613,V & MARK COMPANY LTD,SOFTWARE SOLUTIONS GROUP LTD.,"128 City Road, London, United Kingdom, EC1V 2NX","128 City Road, London, United Kingdom, EC1V 2NX",,,,,,,,,1
29510,24850,V & MARK COMPANY LTD,H ACCOUNTING SOLUTION LIMITED,"128 City Road, London, United Kingdom, EC1V 2NX","128 City Road, London, United Kingdom, EC1V 2NX",,,,,,,,,1
29510,28937,V & MARK COMPANY LTD,TANA T TRADING LTD,"128 City Road, London, United Kingdom, EC1V 2NX","128 City Road, London, United Kingdom, EC1V 2NX",,,,,,,,,1
29689,21678,Nuovo Pignone International Srl,Nuovo Pignone Holding Spa,"VIA FELICE MATTEUCCI 2, FIRENZE, 50127, FIRENZE, ITALY","VIA FELICE MATTEUCCI 2, FIRENZE, 50127, FIRENZE, ITALY",,,,,IT04880930484,IT00395360480,,,1
29912,13112,STANDARD WEST FINANCES LTD,SOFTWARE HOUSE LIMITED,"Kemp House, 160 City Road, London, United Kingdom, EC1V 2NX","Kemp House, 160 City Road, London, United Kingdom, EC1V 2NX",,,,,,,,,1
29955,18929,GOOD COFFEE N16 LTD,Q & E KEY SOLUTIONS LTD,"190 Billet Road, London, United Kingdom, E17 5DX","190 Billet Road, London, United Kingdom, E17 5DX",,,,,,,,,1
29962,5402,FINANCES SERVICES NETWORK LIMITED,GLOBAL FINANCES LTD,"Suite B 29 Harley Street, London, England, W1G 9QR","Suite B 29 Harley Street, London, England, W1G 9QR",,,,,,,,,1
29962,28847,FINANCES SERVICES NETWORK LIMITED,BEAUTY & LIFESTYLE LTD,"Suite B 29 Harley Street, London, England, W1G 9QR","Suite B 29 Harley Street, London, England, W1G 9QR",,,,,,,,,1
30100,24105,SOFTWARE OF EXCELLENCE UK HOLDINGS LIMITED,SOFTWARE OF EXCELLENCE UNITED KINGDOM LIMITED,"Medcare South Bailey Drive, Gillingham Business Park, Gillingham, Kent, ME8 0PZ","Medcare South Bailey Drive, Gillingham Business Park, Gillingham, Kent, ME8 0PZ",,,,,,,,,1
30170,8147,ALL ABOUT LTD,GOOD AND DESIGN LTD,"71-75 Shelton Street, London, Greater London, United Kingdom, WC2H 9JQ","71-75 Shelton Street, London, Greater London, United Kingdom, WC2H 9JQ",,,,,,,,,1
30170,10513,ALL ABOUT LTD,Z EDUCATIONAL CONSULTANCY LTD,"71-75 Shelton Street, London, Greater London, United Kingdom, WC2H 9JQ","71-75 Shelton Street, London, Greater London, United Kingdom, WC2H 9JQ",,,,,,,,,1
30170,11229,ALL ABOUT LTD,Z A SIGNATURE LTD,"71-75 Shelton Street, London, Greater London, United Kingdom, WC2H 9JQ","71-75 Shelton Street, London, Greater London, United Kingdom, WC2H 9JQ",,,,,,,,,1
30170,14429,ALL ABOUT LTD,T A BUSINESS EUROPEAN LTD,"71-75 Shelton Street, London, Greater London, United Kingdom, WC2H 9JQ","71-75 Shelton Street, London, Greater London, United Kingdom, WC2H 9JQ",,,,,,,,,1
30170,16822,ALL ABOUT LTD,GOOD CHOICE BUILDERS LTD,"71-75 Shelton Street, London, Greater London, United Kingdom, WC2H 9JQ","71-75 Shelton Street, London, Greater London, United Kingdom, WC2H 9JQ",,,,,,,,,1
30170,17344,ALL ABOUT LTD,BEAUTY & GRACE LIMITED,"71-75 Shelton Street, London, Greater London, United Kingdom, WC2H 9JQ","71-75 Shelton Street, London, Greater London, United Kingdom, WC2H 9JQ",,,,,,,,,1
30170,18677,ALL ABOUT LTD,GOOD CHOICE ZR LTD,"71-75 Shelton Street, London, Greater London, United Kingdom, WC2H 9JQ","71-75 Shelton Street, London, Greater London, United Kingdom, WC2H 9JQ",,,,,,,,,1
30170,24272,ALL ABOUT LTD,SOFTWARE NEWS LTD,"71-75 Shelton Street, London, Greater London, United Kingdom, WC2H 9JQ","71-75 Shelton Street, London, Greater London, United Kingdom, WC2H 9JQ",,,,,,,,,1
30243,93,BEAUTY AND NATURE STORE LTD,SOFTWARE DEVELOPMENT SERVICES LTD,"20-22 Wenlock Road, London, England, N1 7GU","20-22 Wenlock Road, London, England, N1 7GU",,,,,,,,,1
30243,502,BEAUTY AND NATURE STORE LTD,Z AND P INCORPORATED LTD,"20-22 Wenlock Road, London, England, N1 7GU","20-22 Wenlock Road, London, England, N1 7GU",,,,,,,,,1
30243,776,BEAUTY AND NATURE STORE LTD,T & ASH LTD,"20-22 Wenlock Road, London, England, N1 7GU","20-22 Wenlock Road, London, England, N1 7GU",,,,,,,,,1
30243,3415,BEAUTY AND NATURE STORE LTD,FOOD BOOKING LTD,"20-22 Wenlock Road, London, England, N1 7GU","20-22 Wenlock Road, London, England, N1 7GU",,,,,,,,,1
30243,4039,BEAUTY AND NATURE STORE LTD,ALL ABOUT BOILERS LTD,"20-22 Wenlock Road, London, England, N1 7GU","20-22 Wenlock Road, London, England, N1 7GU",,,,,,,,,1
30243,5606,BEAUTY AND NATURE STORE LTD,GOOD CONNEXION LTD,"20-22 Wenlock Road, London, England, N1 7GU","20-22 Wenlock Road, London, England, N1 7GU",,,,,,,,,1
30243,6679,BEAUTY AND NATURE STORE LTD,Q BRANCH SOLUTIONS LTD,"20-22 Wenlock Road, London, England, N1 7GU","20-22 Wenlock Road, London, England, N1 7GU",,,,,,,,,1
30243,7079,BEAUTY AND NATURE STORE LTD,H A DIRECT LTD,"20-22 Wenlock Road, London, England, N1 7GU","20-22 Wenlock Road, London, England, N1 7GU",,,,,,,,,1
30243,8008,BEAUTY AND NATURE STORE LTD,GOOD & YOUNG LTD,"20-22 Wenlock Road, London, England, N1 7GU","20-22 Wenlock Road, London, England, N1 7GU",,,,,,,,,1
30243,13025,BEAUTY AND NATURE STORE LTD,NEW AGE PLUMBING AND HEATING SERVICES LTD,"20-22 Wenlock Road, London, England, N1 7GU","20-22 Wenlock Road, London, England, N1 7GU",,,,,,,,,1
30243,13096,BEAUTY AND NATURE STORE LTD,GOOD BEAGLE INTERNATIONAL LTD,"20-22 Wenlock Road, London, England, N1 7GU","20-22 Wenlock Road, London, England, N1 7GU",,,,,,,,,1
30243,14082,BEAUTY AND NATURE STORE LTD,SOFTWARE BRAIN LTD,"20-22 Wenlock Road, London, England, N1 7GU","20-22 Wenlock Road, London, England, N1 7GU",,,,,,,,,1
30243,16743,BEAUTY AND NATURE STORE LTD,Q BRIDGE ENTERTAINMENT LTD,"20-22 Wenlock Road, London, England, N1 7GU","20-22 Wenlock Road, London, England, N1 7GU",,,,,,,,,1
30243,17304,BEAUTY AND NATURE STORE LTD,PERGORA FINANCES INVESTMENTS LTD,"20-22 Wenlock Road, London, England, N1 7GU","20-22 Wenlock Road, London, England, N1 7GU",,,,,,,,,1
30243,17549,BEAUTY AND NATURE STORE LTD,ALL ABOUT PROPERTIES LTD,"20-22 Wenlock Road, London, England, N1 7GU","20-22 Wenlock Road, London, England, N1 7GU",,,,,,,,,1
30243,18882,BEAUTY AND NATURE STORE LTD,NEW AGE TOURING PRODUCTIONS LIMITED,"20-22 Wenlock Road, London, England, N1 7GU","20-22 Wenlock Road, London, England, N1 7GU",,,,,,,,,1
30243,20362,BEAUTY AND NATURE STORE LTD,FOOD AND PACKAGING WHOLESALE LTD,"20-22 Wenlock Road, London, England, N1 7GU","20-22 Wenlock Road, London, England, N1 7GU",,,,,,,,,1
30243,23046,BEAUTY AND NATURE STORE LTD,HAWTHORN ROSE HOMES LIMITED,"20-22 Wenlock Road, London, England, N1 7GU","20-22 Wenlock Road, London, England, N1 7GU",,,,,,,,,1
30243,23876,BEAUTY AND NATURE STORE LTD,ALL ABOUT REEL LTD,"20-22 Wenlock Road, London, England, N1 7GU","20-22 Wenlock Road, London, England, N1 7GU",,,,,,,,,1
30243,25761,BEAUTY AND NATURE STORE LTD,GOOD CURRIES LTD,"20-22 Wenlock Road, London, England, N1 7GU","20-22 Wenlock Road, London, England, N1 7GU",,,,,,,,,1
30243,27689,BEAUTY AND NATURE STORE LTD,FOOD DISCOUNTS LTD,"20-22 Wenlock Road, London, England, N1 7GU","20-22 Wenlock Road, London, England, N1 7GU",,,,,,,,,1
30243,29271,BEAUTY AND NATURE STORE LTD,SOFTWARE DEFENCES LTD,"20-22 Wenlock Road, London, England, N1 7GU","20-22 Wenlock Road, London, England, N1 7GU",,,,,,,,,1
30243,29377,BEAUTY AND NATURE STORE LTD,KNOWING FINANCES LTD,"20-22 Wenlock Road, London, England, N1 7GU","20-22 Wenlock Road, London, England, N1 7GU",,,,,,,,,1
30252,3303,Z & Z ASLAM (PERTH) LTD,NEW AGE PERSONAL TRAINING LTD.,"29 Brandon Street, Hamilton, South Lanarkshire, ML3 6DA","29 Brandon Street, Hamilton, South Lanarkshire, ML3 6DA",,,,,,,,,1
30252,12257,Z & Z ASLAM (PERTH) LTD,MIDSIDE FINANCES LIMITED,"29 Brandon Street, Hamilton, South Lanarkshire, ML3 6DA","29 Brandon Street, Hamilton, South Lanarkshire, ML3 6DA",,,,,,,,,1
30252,18671,Z & Z ASLAM (PERTH) LTD,NEW AGE FITNESS LTD,"29 Brandon Street, Hamilton, South Lanarkshire, ML3 6DA","29 Brandon Street, Hamilton, South Lanarkshire, ML3 6DA",,,,,,,,,1
30445,93,Z AND J GROUP LTD,SOFTWARE DEVELOPMENT SERVICES LTD,"20-22 Wenlock Road, London, England, N1 7GU","20-22 Wenlock Road, London, England, N1 7GU",,,,,,,,,1
30445,502,Z AND J GROUP LTD,Z AND P INCORPORATED LTD,"20-22 Wenlock Road, London, England, N1 7GU","20-22 Wenlock Road, London, England, N1 7GU",,,,,,,,,1
30445,776,Z AND J GROUP LTD,T & ASH LTD,"20-22 Wenlock Road, London, England, N1 7GU","20-22 Wenlock Road, London, England, N1 7GU",,,,,,,,,1
30445,3415,Z AND J GROUP LTD,FOOD BOOKING LTD,"20-22 Wenlock Road, London, England, N1 7GU","20-22 Wenlock Road, London, England, N1 7GU",,,,,,,,,1
30445,4039,Z AND J GROUP LTD,ALL ABOUT BOILERS LTD,"20-22 Wenlock Road, London, England, N1 7GU","20-22 Wenlock Road, London, England, N1 7GU",,,,,,,,,1
30445,5606,Z AND J GROUP LTD,GOOD CONNEXION LTD,"20-22 Wenlock Road, London, England, N1 7GU","20-22 Wenlock Road, London, England, N1 7GU",,,,,,,,,1
30445,6679,Z AND J GROUP LTD,Q BRANCH SOLUTIONS LTD,"20-22 Wenlock Road, London, England, N1 7GU","20-22 Wenlock Road, London, England, N1 7GU",,,,,,,,,1
30445,7079,Z AND J GROUP LTD,H A DIRECT LTD,"20-22 Wenlock Road, London, England, N1 7GU","20-22 Wenlock Road, London, England, N1 7GU",,,,,,,,,1
30445,8008,Z AND J GROUP LTD,GOOD & YOUNG LTD,"20-22 Wenlock Road, London, England, N1 7GU","20-22 Wenlock Road, London, England, N1 7GU",,,,,,,,,1
30445,13025,Z AND J GROUP LTD,NEW AGE PLUMBING AND HEATING SERVICES LTD,"20-22 Wenlock Road, London, England, N1 7GU","20-22 Wenlock Road, London, England, N1 7GU",,,,,,,,,1
30445,13096,Z AND J GROUP LTD,GOOD BEAGLE INTERNATIONAL LTD,"20-22 Wenlock Road, London, England, N1 7GU","20-22 Wenlock Road, London, England, N1 7GU",,,,,,,,,1
30445,14082,Z AND J GROUP LTD,SOFTWARE BRAIN LTD,"20-22 Wenlock Road, London, England, N1 7GU","20-22 Wenlock Road, London, England, N1 7GU",,,,,,,,,1
30445,16743,Z AND J GROUP LTD,Q BRIDGE ENTERTAINMENT LTD,"20-22 Wenlock Road, London, England, N1 7GU","20-22 Wenlock Road, London, England, N1 7GU",,,,,,,,,1
30445,17304,Z AND J GROUP LTD,PERGORA FINANCES INVESTMENTS LTD,"20-22 Wenlock Road, London, England, N1 7GU","20-22 Wenlock Road, London, England, N1 7GU",,,,,,,,,1
30445,17549,Z AND J GROUP LTD,ALL ABOUT PROPERTIES LTD,"20-22 Wenlock Road, London, England, N1 7GU","20-22 Wenlock Road, London, England, N1 7GU",,,,,,,,,1
30445,18882,Z AND J GROUP LTD,NEW AGE TOURING PRODUCTIONS LIMITED,"20-22 Wenlock Road, London, England, N1 7GU","20-22 Wenlock Road, London, England, N1 7GU",,,,,,,,,1
30445,20362,Z AND J GROUP LTD,FOOD AND PACKAGING WHOLESALE LTD,"20-22 Wenlock Road, London, England, N1 7GU","20-22 Wenlock Road, London, England, N1 7GU",,,,,,,,,1
30445,23046,Z AND J GROUP LTD,HAWTHORN ROSE HOMES LIMITED,"20-22 Wenlock Road, London, England, N1 7GU","20-22 Wenlock Road, London, England, N1 7GU",,,,,,,,,1
30445,23876,Z AND J GROUP LTD,ALL ABOUT REEL LTD,"20-22 Wenlock Road, London, England, N1 7GU","20-22 Wenlock Road, London, England, N1 7GU",,,,,,,,,1
30445,25761,Z AND J GROUP LTD,GOOD CURRIES LTD,"20-22 Wenlock Road, London, England, N1 7GU","20-22 Wenlock Road, London, England, N1 7GU",,,,,,,,,1
30445,27689,Z AND J GROUP LTD,FOOD DISCOUNTS LTD,"20-22 Wenlock Road, London, England, N1 7GU","20-22 Wenlock Road, London, England, N1 7GU",,,,,,,,,1
30445,29271,Z AND J GROUP LTD,SOFTWARE DEFENCES LTD,"20-22 Wenlock Road, London, England, N1 7GU","20-22 Wenlock Road, London, England, N1 7GU",,,,,,,,,1
30445,29377,Z AND J GROUP LTD,KNOWING FINANCES LTD,"20-22 Wenlock Road, London, England, N1 7GU","20-22 Wenlock Road, London, England, N1 7GU",,,,,,,,,1
30445,30243,Z AND J GROUP LTD,BEAUTY AND NATURE STORE LTD,"20-22 Wenlock Road, London, England, N1 7GU","20-22 Wenlock Road, London, England, N1 7GU",,,,,,,,,1
30467,93,Q BRIDGE MUSIC LTD,SOFTWARE DEVELOPMENT SERVICES LTD,"20-22 Wenlock Road, London, England, N1 7GU","20-22 Wenlock Road, London, England, N1 7GU",,,,,,,,,1
30467,502,Q BRIDGE MUSIC LTD,Z AND P INCORPORATED LTD,"20-22 Wenlock Road, London, England, N1 7GU","20-22 Wenlock Road, London, England, N1 7GU",,,,,,,,,1
30467,776,Q BRIDGE MUSIC LTD,T & ASH LTD,"20-22 Wenlock Road, London, England, N1 7GU","20-22 Wenlock Road, London, England, N1 7GU",,,,,,,,,1
30467,3415,Q BRIDGE MUSIC LTD,FOOD BOOKING LTD,"20-22 Wenlock Road, London, England, N1 7GU","20-22 Wenlock Road, London, England, N1 7GU",,,,,,,,,1
30467,4039,Q BRIDGE MUSIC LTD,ALL ABOUT BOILERS LTD,"20-22 Wenlock Road, London, England, N1 7GU","20-22 Wenlock Road, London, England, N1 7GU",,,,,,,,,1
30467,5606,Q BRIDGE MUSIC LTD,GOOD CONNEXION LTD,"20-22 Wenlock Road, London, England, N1 7GU","20-22 Wenlock Road, London, England, N1 7GU",,,,,,,,,1
30467,6679,Q BRIDGE MUSIC LTD,Q BRANCH SOLUTIONS LTD,"20-22 Wenlock Road, London, England, N1 7GU","20-22 Wenlock Road, London, England, N1 7GU",,,,,,,,,1
30467,7079,Q BRIDGE MUSIC LTD,H A DIRECT LTD,"20-22 Wenlock Road, London, England, N1 7GU","20-22 Wenlock Road, London, England, N1 7GU",,,,,,,,,1
30467,8008,Q BRIDGE MUSIC LTD,GOOD & YOUNG LTD,"20-22 Wenlock Road, London, England, N1 7GU","20-22 Wenlock Road, London, England, N1 7GU",,,,,,,,,1
30467,13025,Q BRIDGE MUSIC LTD,NEW AGE PLUMBING AND HEATING SERVICES LTD,"20-22 Wenlock Road, London, England, N1 7GU","20-22 Wenlock Road, London, England, N1 7GU",,,,,,,,,1
30467,13096,Q BRIDGE MUSIC LTD,GOOD BEAGLE INTERNATIONAL LTD,"20-22 Wenlock Road, London, England, N1 7GU","20-22 Wenlock Road, London, England, N1 7GU",,,,,,,,,1
30467,14082,Q BRIDGE MUSIC LTD,SOFTWARE BRAIN LTD,"20-22 Wenlock Road, London, England, N1 7GU","20-22 Wenlock Road, London, England, N1 7GU",,,,,,,,,1
30467,16743,Q BRIDGE MUSIC LTD,Q BRIDGE ENTERTAINMENT LTD,"20-22 Wenlock Road, London, England, N1 7GU","20-22 Wenlock Road, London, England, N1 7GU",,,,,,,,,1
30467,17304,Q BRIDGE MUSIC LTD,PERGORA FINANCES INVESTMENTS LTD,"20-22 Wenlock Road, London, England, N1 7GU","20-22 Wenlock Road, London, England, N1 7GU",,,,,,,,,1
30467,17549,Q BRIDGE MUSIC LTD,ALL ABOUT PROPERTIES LTD,"20-22 Wenlock Road, London, England, N1 7GU","20-22 Wenlock Road, London, England, N1 7GU",,,,,,,,,1
30467,18882,Q BRIDGE MUSIC LTD,NEW AGE TOURING PRODUCTIONS LIMITED,"20-22 Wenlock Road, London, England, N1 7GU","20-22 Wenlock Road, London, England, N1 7GU",,,,,,,,,1
30467,20362,Q BRIDGE MUSIC LTD,FOOD AND PACKAGING WHOLESALE LTD,"20-22 Wenlock Road, London, England, N1 7GU","20-22 Wenlock Road, London, England, N1 7GU",,,,,,,,,1
30467,23046,Q BRIDGE MUSIC LTD,HAWTHORN ROSE HOMES LIMITED,"20-22 Wenlock Road, London, England, N1 7GU","20-22 Wenlock Road, London, England, N1 7GU",,,,,,,,,1
30467,23876,Q BRIDGE MUSIC LTD,ALL ABOUT REEL LTD,"20-22 Wenlock Road, London, England, N1 7GU","20-22 Wenlock Road, London, England, N1 7GU",,,,,,,,,1
30467,25761,Q BRIDGE MUSIC LTD,GOOD CURRIES LTD,"20-22 Wenlock Road, London, England, N1 7GU","20-22 Wenlock Road, London, England, N1 7GU",,,,,,,,,1
30467,27689,Q BRIDGE MUSIC LTD,FOOD DISCOUNTS LTD,"20-22 Wenlock Road, London, England, N1 7GU","20-22 Wenlock Road, London, England, N1 7GU",,,,,,,,,1
30467,29271,Q BRIDGE MUSIC LTD,SOFTWARE DEFENCES LTD,"20-22 Wenlock Road, London, England, N1 7GU","20-22 Wenlock Road, London, England, N1 7GU",,,,,,,,,1
30467,29377,Q BRIDGE MUSIC LTD,KNOWING FINANCES LTD,"20-22 Wenlock Road, London, England, N1 7GU","20-22 Wenlock Road, London, England, N1 7GU",,,,,,,,,1
30467,30243,Q BRIDGE MUSIC LTD,BEAUTY AND NATURE STORE LTD,"20-22 Wenlock Road, London, England, N1 7GU","20-22 Wenlock Road, London, England, N1 7GU",,,,,,,,,1
30467,30445,Q BRIDGE MUSIC LTD,Z AND J GROUP LTD,"20-22 Wenlock Road, London, England, N1 7GU","20-22 Wenlock Road, London, England, N1 7GU",,,,,,,,,1
30647,14163,FOOD & ZO HOLDING IBC LIMITED,FOOD & ZO LIMITED,"15 Alexandra Corniche, Hythe, United Kingdom, CT21 5RW","15 Alexandra Corniche, Hythe, United Kingdom, CT21 5RW",,,,,,,,,1
30850,13868,SOFTWARE CONSULTING AND DEVELOPMENT LTD,GOOD & NOVEL LIMITED,"C/O Intouch Accounting Everdene House, Deansleigh Road, Bournemouth, United Kingdom, BH7 7DU","C/O Intouch Accounting Everdene House, Deansleigh Road, Bournemouth, United Kingdom, BH7 7DU",,,,,,,,,1
30959,3917,JC NEW AGE ENTERTAINMENT LTD,BAD BUNNY MANAGEMENT LTD,"27 Old Gloucester Street, London, United Kingdom, WC1N 3AX","27 Old Gloucester Street, London, United Kingdom, WC1N 3AX",,,,,,,,,1
30959,13774,JC NEW AGE ENTERTAINMENT LTD,Q & K SERVICES LTD,"27 Old Gloucester Street, London, United Kingdom, WC1N 3AX","27 Old Gloucester Street, London, United Kingdom, WC1N 3AX",,,,,,,,,1
30959,13794,JC NEW AGE ENTERTAINMENT LTD,BAD ANGELS LIMITED,"27 Old Gloucester Street, London, United Kingdom, WC1N 3AX","27 Old Gloucester Street, London, United Kingdom, WC1N 3AX",,,,,,,,,1
30959,16267,JC NEW AGE ENTERTAINMENT LTD,MATRIX FINANCES LTD,"27 Old Gloucester Street, London, United Kingdom, WC1N 3AX","27 Old Gloucester Street, London, United Kingdom, WC1N 3AX",,,,,,,,,1
30959,18893,JC NEW AGE ENTERTAINMENT LTD,NEW ALBION REAL ESTATE LTD,"27 Old Gloucester Street, London, United Kingdom, WC1N 3AX","27 Old Gloucester Street, London, United Kingdom, WC1N 3AX",,,,,,,,,1
30959,20414,JC NEW AGE ENTERTAINMENT LTD,FOOD BOOTH LIMITED,"27 Old Gloucester Street, London, United Kingdom, WC1N 3AX","27 Old Gloucester Street, London, United Kingdom, WC1N 3AX",,,,,,,,,1
30959,26427,JC NEW AGE ENTERTAINMENT LTD,BAD INTENTIONS BOXING LIMITED,"27 Old Gloucester Street, London, United Kingdom, WC1N 3AX","27 Old Gloucester Street, London, United Kingdom, WC1N 3AX",,,,,,,,,1
30959,29058,JC NEW AGE ENTERTAINMENT LTD,NEW AGE COACH LTD,"27 Old Gloucester Street, London, United Kingdom, WC1N 3AX","27 Old Gloucester Street, London, United Kingdom, WC1N 3AX",,,,,,,,,1
31029,11047,BAD HAT SOLUTIONS LTD,BAD HAT LTD,"34 Croydon Road, Caterham, England, CR3 6QB","34 Croydon Road, Caterham, England, CR3 6QB",,,,,,,,,1
31029,12106,BAD HAT SOLUTIONS LTD,BAD HAT HOLDING LTD,"34 Croydon Road, Caterham, England, CR3 6QB","34 Croydon Road, Caterham, England, CR3 6QB",,,,,,,,,1
31029,26328,BAD HAT SOLUTIONS LTD,BAD HAT MEDIA LTD,"34 Croydon Road, Caterham, England, CR3 6QB","34 Croydon Road, Caterham, England, CR3 6QB",,,,,,,,,1
31115,6358,Legacy Srl,Cribis Holding Srl,"VIA DELLA ZECCA 2, BOLOGNA, 40121, BOLOGNA, ITALY","VIA DELLA ZECCA 2, BOLOGNA, 40121, BOLOGNA, ITALY",,,,,IT03829291206,IT03164291209,,,1
31132,2340,P A MARTIN CONSTRUCTION LTD,PACKER P LTD,"128 City Road, London, United Kingdom, EC1V 2NX","128 City Road, London, United Kingdom, EC1V 2NX",,,,,,,,,1
31132,11214,P A MARTIN CONSTRUCTION LTD,BRIGHT VISION INVESTMENT LTD,"128 City Road, London, United Kingdom, EC1V 2NX","128 City Road, London, United Kingdom, EC1V 2NX",,,,,,,,,1
31132,13551,P A MARTIN CONSTRUCTION LTD,NEW AGE FASHION LTD,"128 City Road, London, United Kingdom, EC1V 2NX","128 City Road, London, United Kingdom, EC1V 2NX",,,,,,,,,1
31132,17757,P A MARTIN CONSTRUCTION LTD,GOOD DAY AESTHETICS & BEAUTY LTD,"128 City Road, London, United Kingdom, EC1V 2NX","128 City Road, London, United Kingdom, EC1V 2NX",,,,,,,,,1
31132,19613,P A MARTIN CONSTRUCTION LTD,SOFTWARE SOLUTIONS GROUP LTD.,"128 City Road, London, United Kingdom, EC1V 2NX","128 City Road, London, United Kingdom, EC1V 2NX",,,,,,,,,1
31132,24850,P A MARTIN CONSTRUCTION LTD,H ACCOUNTING SOLUTION LIMITED,"128 City Road, London, United Kingdom, EC1V 2NX","128 City Road, London, United Kingdom, EC1V 2NX",,,,,,,,,1
31132,28937,P A MARTIN CONSTRUCTION LTD,TANA T TRADING LTD,"128 City Road, London, United Kingdom, EC1V 2NX","128 City Road, London, United Kingdom, EC1V 2NX",,,,,,,,,1
31132,29510,P A MARTIN CONSTRUCTION LTD,V & MARK COMPANY LTD,"128 City Road, London, United Kingdom, EC1V 2NX","128 City Road, London, United Kingdom, EC1V 2NX",,,,,,,,,1
31152,288,U AND I PPP LIMITED,U AND I FINANCE PLC,"100 Victoria Street, London, England, SW1E 5JL","100 Victoria Street, London, England, SW1E 5JL",,,,,,,,,1
31152,3485,U AND I PPP LIMITED,U AND I COMPANY SECRETARIES LIMITED,"100 Victoria Street, London, England, SW1E 5JL","100 Victoria Street, London, England, SW1E 5JL",,,,,,,,,1
31152,4059,U AND I PPP LIMITED,U AND I INVESTMENT PORTFOLIO LIMITED,"100 Victoria Street, London, England, SW1E 5JL","100 Victoria Street, London, England, SW1E 5JL",,,,,,,,,1
31152,6037,U AND I PPP LIMITED,U AND I (HARWELL) LIMITED,"100 Victoria Street, London, England, SW1E 5JL","100 Victoria Street, London, England, SW1E 5JL",,,,,,,,,1
31152,7117,U AND I PPP LIMITED,U AND I GROUP LIMITED,"100 Victoria Street, London, England, SW1E 5JL","100 Victoria Street, London, England, SW1E 5JL",,,,,,,,,1
31152,15300,U AND I PPP LIMITED,U AND I (WIE) LIMITED,"100 Victoria Street, London, England, SW1E 5JL","100 Victoria Street, London, England, SW1E 5JL",,,,,,,,,1
31152,15642,U AND I PPP LIMITED,U AND I (8AE) LIMITED,"100 Victoria Street, London, England, SW1E 5JL","100 Victoria Street, London, England, SW1E 5JL",,,,,,,,,1
31152,17497,U AND I PPP LIMITED,U AND I IPA LIMITED,"100 Victoria Street, London, England, SW1E 5JL","100 Victoria Street, London, England, SW1E 5JL",,,,,,,,,1
31152,20501,U AND I PPP LIMITED,U AND I DIRECTOR 2 LIMITED,"100 Victoria Street, London, England, SW1E 5JL","100 Victoria Street, London, England, SW1E 5JL",,,,,,,,,1
31152,20789,U AND I PPP LIMITED,U AND I (PB) COMMERCIAL LIMITED,"100 Victoria Street, London, England, SW1E 5JL","100 Victoria Street, London, England, SW1E 5JL",,,,,,,,,1
31152,21166,U AND I PPP LIMITED,U AND I (DEVELOPMENT AND TRADING) LIMITED,"100 Victoria Street, London, England, SW1E 5JL","100 Victoria Street, London, England, SW1E 5JL",,,,,,,,,1
31152,22482,U AND I PPP LIMITED,U AND I POWERHOUSE LIMITED,"100 Victoria Street, London, England, SW1E 5JL","100 Victoria Street, London, England, SW1E 5JL",,,,,,,,,1
31152,22841,U AND I PPP LIMITED,U AND I (PINCENTS LANE) LTD,"100 Victoria Street, London, England, SW1E 5JL","100 Victoria Street, London, England, SW1E 5JL",,,,,,,,,1
31306,135,T A & CO DEVELOPMENTS LTD,S A CONSTRUCTION CO LIMITED,"First Floor Ridgeland House, 15 Carfax, Horsham, West Sussex, United Kingdom, RH12 1DY","First Floor Ridgeland House, 15 Carfax, Horsham, West Sussex, United Kingdom, RH12 1DY",,,,,,,,,1
31395,8147,BEAUTY BLOOMER LIMITED,GOOD AND DESIGN LTD,"71-75 Shelton Street, London, Greater London, United Kingdom, WC2H 9JQ","71-75 Shelton Street, London, Greater London, United Kingdom, WC2H 9JQ",,,,,,,,,1
31395,10513,BEAUTY BLOOMER LIMITED,Z EDUCATIONAL CONSULTANCY LTD,"71-75 Shelton Street, London, Greater London, United Kingdom, WC2H 9JQ","71-75 Shelton Street, London, Greater London, United Kingdom, WC2H 9JQ",,,,,,,,,1
31395,11229,BEAUTY BLOOMER LIMITED,Z A SIGNATURE LTD,"71-75 Shelton Street, London, Greater London, United Kingdom, WC2H 9JQ","71-75 Shelton Street, London, Greater London, United Kingdom, WC2H 9JQ",,,,,,,,,1
31395,14429,BEAUTY BLOOMER LIMITED,T A BUSINESS EUROPEAN LTD,"71-75 Shelton Street, London, Greater London, United Kingdom, WC2H 9JQ","71-75 Shelton Street, London, Greater London, United Kingdom, WC2H 9JQ",,,,,,,,,1
31395,16822,BEAUTY BLOOMER LIMITED,GOOD CHOICE BUILDERS LTD,"71-75 Shelton Street, London, Greater London, United Kingdom, WC2H 9JQ","71-75 Shelton Street, London, Greater London, United Kingdom, WC2H 9JQ",,,,,,,,,1
31395,17344,BEAUTY BLOOMER LIMITED,BEAUTY & GRACE LIMITED,"71-75 Shelton Street, London, Greater London, United Kingdom, WC2H 9JQ","71-75 Shelton Street, London, Greater London, United Kingdom, WC2H 9JQ",,,,,,,,,1
31395,18677,BEAUTY BLOOMER LIMITED,GOOD CHOICE ZR LTD,"71-75 Shelton Street, London, Greater London, United Kingdom, WC2H 9JQ","71-75 Shelton Street, London, Greater London, United Kingdom, WC2H 9JQ",,,,,,,,,1
31395,24272,BEAUTY BLOOMER LIMITED,SOFTWARE NEWS LTD,"71-75 Shelton Street, London, Greater London, United Kingdom, WC2H 9JQ","71-75 Shelton Street, London, Greater London, United Kingdom, WC2H 9JQ",,,,,,,,,1
31395,30170,BEAUTY BLOOMER LIMITED,ALL ABOUT LTD,"71-75 Shelton Street, London, Greater London, United Kingdom, WC2H 9JQ","71-75 Shelton Street, London, Greater London, United Kingdom, WC2H 9JQ",,,,,,,,,1
31454,7522,GOOD BUSINESS LIMITED,Q A S INTERNATIONAL LIMITED,"5 Technology Park, Colindeep Lane, Colindale, London, United Kingdom, NW9 6BX","5 Technology Park, Colindeep Lane, Colindale, London, United Kingdom, NW9 6BX",,,,,,,,,1
31481,9606,GOOD AS NEW EMERGENCY CLEANING LTD,S A CONSTRUCTION 247 LTD,"86-90 Paul Street, London, England, EC2A 4NE","86-90 Paul Street, London, England, EC2A 4NE",,,,,,,,,1
31481,16339,GOOD AS NEW EMERGENCY CLEANING LTD,NEW AGE REBEL LTD,"86-90 Paul Street, London, England, EC2A 4NE","86-90 Paul Street, London, England, EC2A 4NE",,,,,,,,,1
31481,20423,GOOD AS NEW EMERGENCY CLEANING LTD,FUTURE FINANCES BROKER LIMITED,"86-90 Paul Street, London, England, EC2A 4NE","86-90 Paul Street, London, England, EC2A 4NE",,,,,,,,,1
31648,8225,Ferrovie Dello Stato Italiane Spa,Rete Ferroviaria Italiana Spa,"PIAZZA DELLA CROCE ROSSA 1, ROMA, 00161, ROMA, ITALY","PIAZZA DELLA CROCE ROSSA 1, ROMA, 00161, ROMA, ITALY",,,,,IT06359501001,IT01008081000,,,1
31648,9108,Ferrovie Dello Stato Italiane Spa,Trenitalia Spa,"PIAZZA DELLA CROCE ROSSA 1, ROMA, 00161, ROMA, ITALY","PIAZZA DELLA CROCE ROSSA 1, ROMA, 00161, ROMA, ITALY",,,,,IT06359501001,IT05403151003,,,1
31748,13279,Z & K HOT FOOD LTD,Z & K KASPAS LTD,"4 Diamond Jubilee Close, Gloucester, United Kingdom, GL1 4LR","4 Diamond Jubilee Close, Gloucester, United Kingdom, GL1 4LR",,,,,,,,,1
31748,16854,Z & K HOT FOOD LTD,Z & K SOUTHWEST LTD,"4 Diamond Jubilee Close, Gloucester, United Kingdom, GL1 4LR","4 Diamond Jubilee Close, Gloucester, United Kingdom, GL1 4LR",,,,,,,,,1
31748,24400,Z & K HOT FOOD LTD,Z & K QUALITY FOODS LTD,"4 Diamond Jubilee Close, Gloucester, United Kingdom, GL1 4LR","4 Diamond Jubilee Close, Gloucester, United Kingdom, GL1 4LR",,,,,,,,,1
31770,23105,BAD APPLE HAIR BIRMINGHAM LIMITED,BAD APPLE HAIR WOLVERHAMPTON LTD,"Bad Apple Hair, 16 Victoria Street, Wolverhampton, England, WV1 3NP","Bad Apple Hair, 16 Victoria Street, Wolverhampton, England, WV1 3NP",,,,,,,,,1
31804,20378,Q AND H CONSTRUCTION (BARRY) LIMITED,Q AND H PROPERTIES (BARRY) LIMITED,"7-8 Raleigh Walk Waterfront 2000, Brigantine Place, Cardiff, United Kingdom, CF10 4LN","7-8 Raleigh Walk Waterfront 2000, Brigantine Place, Cardiff, United Kingdom, CF10 4LN",,,,,,,,,1
31894,93,ALL ABOUT CLAIMS LTD,SOFTWARE DEVELOPMENT SERVICES LTD,"20-22 Wenlock Road, London, England, N1 7GU","20-22 Wenlock Road, London, England, N1 7GU",,,,,,,,,1
31894,502,ALL ABOUT CLAIMS LTD,Z AND P INCORPORATED LTD,"20-22 Wenlock Road, London, England, N1 7GU","20-22 Wenlock Road, London, England, N1 7GU",,,,,,,,,1
31894,776,ALL ABOUT CLAIMS LTD,T & ASH LTD,"20-22 Wenlock Road, London, England, N1 7GU","20-22 Wenlock Road, London, England, N1 7GU",,,,,,,,,1
31894,3415,ALL ABOUT CLAIMS LTD,FOOD BOOKING LTD,"20-22 Wenlock Road, London, England, N1 7GU","20-22 Wenlock Road, London, England, N1 7GU",,,,,,,,,1
31894,4039,ALL ABOUT CLAIMS LTD,ALL ABOUT BOILERS LTD,"20-22 Wenlock Road, London, England, N1 7GU","20-22 Wenlock Road, London, England, N1 7GU",,,,,,,,,1
31894,5606,ALL ABOUT CLAIMS LTD,GOOD CONNEXION LTD,"20-22 Wenlock Road, London, England, N1 7GU","20-22 Wenlock Road, London, England, N1 7GU",,,,,,,,,1
31894,6679,ALL ABOUT CLAIMS LTD,Q BRANCH SOLUTIONS LTD,"20-22 Wenlock Road, London, England, N1 7GU","20-22 Wenlock Road, London, England, N1 7GU",,,,,,,,,1
31894,7079,ALL ABOUT CLAIMS LTD,H A DIRECT LTD,"20-22 Wenlock Road, London, England, N1 7GU","20-22 Wenlock Road, London, England, N1 7GU",,,,,,,,,1
31894,8008,ALL ABOUT CLAIMS LTD,GOOD & YOUNG LTD,"20-22 Wenlock Road, London, England, N1 7GU","20-22 Wenlock Road, London, England, N1 7GU",,,,,,,,,1
31894,13025,ALL ABOUT CLAIMS LTD,NEW AGE PLUMBING AND HEATING SERVICES LTD,"20-22 Wenlock Road, London, England, N1 7GU","20-22 Wenlock Road, London, England, N1 7GU",,,,,,,,,1
31894,13096,ALL ABOUT CLAIMS LTD,GOOD BEAGLE INTERNATIONAL LTD,"20-22 Wenlock Road, London, England, N1 7GU","20-22 Wenlock Road, London, England, N1 7GU",,,,,,,,,1
31894,14082,ALL ABOUT CLAIMS LTD,SOFTWARE BRAIN LTD,"20-22 Wenlock Road, London, England, N1 7GU","20-22 Wenlock Road, London, England, N1 7GU",,,,,,,,,1
31894,16743,ALL ABOUT CLAIMS LTD,Q BRIDGE ENTERTAINMENT LTD,"20-22 Wenlock Road, London, England, N1 7GU","20-22 Wenlock Road, London, England, N1 7GU",,,,,,,,,1
31894,17304,ALL ABOUT CLAIMS LTD,PERGORA FINANCES INVESTMENTS LTD,"20-22 Wenlock Road, London, England, N1 7GU","20-22 Wenlock Road, London, England, N1 7GU",,,,,,,,,1
31894,17549,ALL ABOUT CLAIMS LTD,ALL ABOUT PROPERTIES LTD,"20-22 Wenlock Road, London, England, N1 7GU","20-22 Wenlock Road, London, England, N1 7GU",,,,,,,,,1
31894,18882,ALL ABOUT CLAIMS LTD,NEW AGE TOURING PRODUCTIONS LIMITED,"20-22 Wenlock Road, London, England, N1 7GU","20-22 Wenlock Road, London, England, N1 7GU",,,,,,,,,1
31894,20362,ALL ABOUT CLAIMS LTD,FOOD AND PACKAGING WHOLESALE LTD,"20-22 Wenlock Road, London, England, N1 7GU","20-22 Wenlock Road, London, England, N1 7GU",,,,,,,,,1
31894,23046,ALL ABOUT CLAIMS LTD,HAWTHORN ROSE HOMES LIMITED,"20-22 Wenlock Road, London, England, N1 7GU","20-22 Wenlock Road, London, England, N1 7GU",,,,,,,,,1
31894,23876,ALL ABOUT CLAIMS LTD,ALL ABOUT REEL LTD,"20-22 Wenlock Road, London, England, N1 7GU","20-22 Wenlock Road, London, England, N1 7GU",,,,,,,,,1
31894,25761,ALL ABOUT CLAIMS LTD,GOOD CURRIES LTD,"20-22 Wenlock Road, London, England, N1 7GU","20-22 Wenlock Road, London, England, N1 7GU",,,,,,,,,1
31894,27689,ALL ABOUT CLAIMS LTD,FOOD DISCOUNTS LTD,"20-22 Wenlock Road, London, England, N1 7GU","20-22 Wenlock Road, London, England, N1 7GU",,,,,,,,,1
31894,29271,ALL ABOUT CLAIMS LTD,SOFTWARE DEFENCES LTD,"20-22 Wenlock Road, London, England, N1 7GU","20-22 Wenlock Road, London, England, N1 7GU",,,,,,,,,1
31894,29377,ALL ABOUT CLAIMS LTD,KNOWING FINANCES LTD,"20-22 Wenlock Road, London, England, N1 7GU","20-22 Wenlock Road, London, England, N1 7GU",,,,,,,,,1
31894,30243,ALL ABOUT CLAIMS LTD,BEAUTY AND NATURE STORE LTD,"20-22 Wenlock Road, London, England, N1 7GU","20-22 Wenlock Road, London, England, N1 7GU",,,,,,,,,1
31894,30445,ALL ABOUT CLAIMS LTD,Z AND J GROUP LTD,"20-22 Wenlock Road, London, England, N1 7GU","20-22 Wenlock Road, London, England, N1 7GU",,,,,,,,,1
31894,30467,ALL ABOUT CLAIMS LTD,Q BRIDGE MUSIC LTD,"20-22 Wenlock Road, London, England, N1 7GU","20-22 Wenlock Road, London, England, N1 7GU",,,,,,,,,1
31915,2340,U AND M CONSULTANTS LTD,PACKER P LTD,"128 City Road, London, United Kingdom, EC1V 2NX","128 City Road, London, United Kingdom, EC1V 2NX",,,,,,,,,1
31915,11214,U AND M CONSULTANTS LTD,BRIGHT VISION INVESTMENT LTD,"128 City Road, London, United Kingdom, EC1V 2NX","128 City Road, London, United Kingdom, EC1V 2NX",,,,,,,,,1
31915,13551,U AND M CONSULTANTS LTD,NEW AGE FASHION LTD,"128 City Road, London, United Kingdom, EC1V 2NX","128 City Road, London, United Kingdom, EC1V 2NX",,,,,,,,,1
31915,17757,U AND M CONSULTANTS LTD,GOOD DAY AESTHETICS & BEAUTY LTD,"128 City Road, London, United Kingdom, EC1V 2NX","128 City Road, London, United Kingdom, EC1V 2NX",,,,,,,,,1
31915,19613,U AND M CONSULTANTS LTD,SOFTWARE SOLUTIONS GROUP LTD.,"128 City Road, London, United Kingdom, EC1V 2NX","128 City Road, London, United Kingdom, EC1V 2NX",,,,,,,,,1
31915,24850,U AND M CONSULTANTS LTD,H ACCOUNTING SOLUTION LIMITED,"128 City Road, London, United Kingdom, EC1V 2NX","128 City Road, London, United Kingdom, EC1V 2NX",,,,,,,,,1
31915,28937,U AND M CONSULTANTS LTD,TANA T TRADING LTD,"128 City Road, London, United Kingdom, EC1V 2NX","128 City Road, London, United Kingdom, EC1V 2NX",,,,,,,,,1
31915,29510,U AND M CONSULTANTS LTD,V & MARK COMPANY LTD,"128 City Road, London, United Kingdom, EC1V 2NX","128 City Road, London, United Kingdom, EC1V 2NX",,,,,,,,,1
31915,31132,U AND M CONSULTANTS LTD,P A MARTIN CONSTRUCTION LTD,"128 City Road, London, United Kingdom, EC1V 2NX","128 City Road, London, United Kingdom, EC1V 2NX",,,,,,,,,1
31987,12454,T & A INSTALLATIONS LTD.,T A INNS LIMITED,"11 Roman Way Business Centre, Berry Hill, Droitwich, Worcestershire, WR9 9AJ","11 Roman Way Business Centre, Berry Hill, Droitwich, Worcestershire, WR9 9AJ",,,,,,,,,1
32040,93,BEAUTY BOUND LTD,SOFTWARE DEVELOPMENT SERVICES LTD,"20-22 Wenlock Road, London, England, N1 7GU","20-22 Wenlock Road, London, England, N1 7GU",,,,,,,,,1
32040,502,BEAUTY BOUND LTD,Z AND P INCORPORATED LTD,"20-22 Wenlock Road, London, England, N1 7GU","20-22 Wenlock Road, London, England, N1 7GU",,,,,,,,,1
32040,776,BEAUTY BOUND LTD,T & ASH LTD,"20-22 Wenlock Road, London, England, N1 7GU","20-22 Wenlock Road, London, England, N1 7GU",,,,,,,,,1
32040,3415,BEAUTY BOUND LTD,FOOD BOOKING LTD,"20-22 Wenlock Road, London, England, N1 7GU","20-22 Wenlock Road, London, England, N1 7GU",,,,,,,,,1
32040,4039,BEAUTY BOUND LTD,ALL ABOUT BOILERS LTD,"20-22 Wenlock Road, London, England, N1 7GU","20-22 Wenlock Road, London, England, N1 7GU",,,,,,,,,1
32040,5606,BEAUTY BOUND LTD,GOOD CONNEXION LTD,"20-22 Wenlock Road, London, England, N1 7GU","20-22 Wenlock Road, London, England, N1 7GU",,,,,,,,,1
32040,6679,BEAUTY BOUND LTD,Q BRANCH SOLUTIONS LTD,"20-22 Wenlock Road, London, England, N1 7GU","20-22 Wenlock Road, London, England, N1 7GU",,,,,,,,,1
32040,7079,BEAUTY BOUND LTD,H A DIRECT LTD,"20-22 Wenlock Road, London, England, N1 7GU","20-22 Wenlock Road, London, England, N1 7GU",,,,,,,,,1
32040,8008,BEAUTY BOUND LTD,GOOD & YOUNG LTD,"20-22 Wenlock Road, London, England, N1 7GU","20-22 Wenlock Road, London, England, N1 7GU",,,,,,,,,1
32040,13025,BEAUTY BOUND LTD,NEW AGE PLUMBING AND HEATING SERVICES LTD,"20-22 Wenlock Road, London, England, N1 7GU","20-22 Wenlock Road, London, England, N1 7GU",,,,,,,,,1
32040,13096,BEAUTY BOUND LTD,GOOD BEAGLE INTERNATIONAL LTD,"20-22 Wenlock Road, London, England, N1 7GU","20-22 Wenlock Road, London, England, N1 7GU",,,,,,,,,1
32040,14082,BEAUTY BOUND LTD,SOFTWARE BRAIN LTD,"20-22 Wenlock Road, London, England, N1 7GU","20-22 Wenlock Road, London, England, N1 7GU",,,,,,,,,1
32040,16743,BEAUTY BOUND LTD,Q BRIDGE ENTERTAINMENT LTD,"20-22 Wenlock Road, London, England, N1 7GU","20-22 Wenlock Road, London, England, N1 7GU",,,,,,,,,1
32040,17304,BEAUTY BOUND LTD,PERGORA FINANCES INVESTMENTS LTD,"20-22 Wenlock Road, London, England, N1 7GU","20-22 Wenlock Road, London, England, N1 7GU",,,,,,,,,1
32040,17549,BEAUTY BOUND LTD,ALL ABOUT PROPERTIES LTD,"20-22 Wenlock Road, London, England, N1 7GU","20-22 Wenlock Road, London, England, N1 7GU",,,,,,,,,1
32040,18882,BEAUTY BOUND LTD,NEW AGE TOURING PRODUCTIONS LIMITED,"20-22 Wenlock Road, London, England, N1 7GU","20-22 Wenlock Road, London, England, N1 7GU",,,,,,,,,1
32040,20362,BEAUTY BOUND LTD,FOOD AND PACKAGING WHOLESALE LTD,"20-22 Wenlock Road, London, England, N1 7GU","20-22 Wenlock Road, London, England, N1 7GU",,,,,,,,,1
32040,23046,BEAUTY BOUND LTD,HAWTHORN ROSE HOMES LIMITED,"20-22 Wenlock Road, London, England, N1 7GU","20-22 Wenlock Road, London, England, N1 7GU",,,,,,,,,1
32040,23876,BEAUTY BOUND LTD,ALL ABOUT REEL LTD,"20-22 Wenlock Road, London, England, N1 7GU","20-22 Wenlock Road, London, England, N1 7GU",,,,,,,,,1
32040,25761,BEAUTY BOUND LTD,GOOD CURRIES LTD,"20-22 Wenlock Road, London, England, N1 7GU","20-22 Wenlock Road, London, England, N1 7GU",,,,,,,,,1
32040,27689,BEAUTY BOUND LTD,FOOD DISCOUNTS LTD,"20-22 Wenlock Road, London, England, N1 7GU","20-22 Wenlock Road, London, England, N1 7GU",,,,,,,,,1
32040,29271,BEAUTY BOUND LTD,SOFTWARE DEFENCES LTD,"20-22 Wenlock Road, London, England, N1 7GU","20-22 Wenlock Road, London, England, N1 7GU",,,,,,,,,1
32040,29377,BEAUTY BOUND LTD,KNOWING FINANCES LTD,"20-22 Wenlock Road, London, England, N1 7GU","20-22 Wenlock Road, London, England, N1 7GU",,,,,,,,,1
32040,30243,BEAUTY BOUND LTD,BEAUTY AND NATURE STORE LTD,"20-22 Wenlock Road, London, England, N1 7GU","20-22 Wenlock Road, London, England, N1 7GU",,,,,,,,,1
32040,30445,BEAUTY BOUND LTD,Z AND J GROUP LTD,"20-22 Wenlock Road, London, England, N1 7GU","20-22 Wenlock Road, London, England, N1 7GU",,,,,,,,,1
32040,30467,BEAUTY BOUND LTD,Q BRIDGE MUSIC LTD,"20-22 Wenlock Road, London, England, N1 7GU","20-22 Wenlock Road, London, England, N1 7GU",,,,,,,,,1
32040,31894,BEAUTY BOUND LTD,ALL ABOUT CLAIMS LTD,"20-22 Wenlock Road, London, England, N1 7GU","20-22 Wenlock Road, London, England, N1 7GU",,,,,,,,,1
32066,13112,SOFTWARE DISTRIBUTORS LTD,SOFTWARE HOUSE LIMITED,"Kemp House, 160 City Road, London, United Kingdom, EC1V 2NX","Kemp House, 160 City Road, London, United Kingdom, EC1V 2NX",,,,,,,,,1
32066,29912,SOFTWARE DISTRIBUTORS LTD,STANDARD WEST FINANCES LTD,"Kemp House, 160 City Road, London, United Kingdom, EC1V 2NX","Kemp House, 160 City Road, London, United Kingdom, EC1V 2NX",,,,,,,,,1
32153,93,BAD BOYS MAKE NOISE LTD,SOFTWARE DEVELOPMENT SERVICES LTD,"20-22 Wenlock Road, London, England, N1 7GU","20-22 Wenlock Road, London, England, N1 7GU",,,,,,,,,1
32153,502,BAD BOYS MAKE NOISE LTD,Z AND P INCORPORATED LTD,"20-22 Wenlock Road, London, England, N1 7GU","20-22 Wenlock Road, London, England, N1 7GU",,,,,,,,,1
32153,776,BAD BOYS MAKE NOISE LTD,T & ASH LTD,"20-22 Wenlock Road, London, England, N1 7GU","20-22 Wenlock Road, London, England, N1 7GU",,,,,,,,,1
32153,3415,BAD BOYS MAKE NOISE LTD,FOOD BOOKING LTD,"20-22 Wenlock Road, London, England, N1 7GU","20-22 Wenlock Road, London, England, N1 7GU",,,,,,,,,1
32153,4039,BAD BOYS MAKE NOISE LTD,ALL ABOUT BOILERS LTD,"20-22 Wenlock Road, London, England, N1 7GU","20-22 Wenlock Road, London, England, N1 7GU",,,,,,,,,1
32153,5606,BAD BOYS MAKE NOISE LTD,GOOD CONNEXION LTD,"20-22 Wenlock Road, London, England, N1 7GU","20-22 Wenlock Road, London, England, N1 7GU",,,,,,,,,1
32153,6679,BAD BOYS MAKE NOISE LTD,Q BRANCH SOLUTIONS LTD,"20-22 Wenlock Road, London, England, N1 7GU","20-22 Wenlock Road, London, England, N1 7GU",,,,,,,,,1
32153,7079,BAD BOYS MAKE NOISE LTD,H A DIRECT LTD,"20-22 Wenlock Road, London, England, N1 7GU","20-22 Wenlock Road, London, England, N1 7GU",,,,,,,,,1
32153,8008,BAD BOYS MAKE NOISE LTD,GOOD & YOUNG LTD,"20-22 Wenlock Road, London, England, N1 7GU","20-22 Wenlock Road, London, England, N1 7GU",,,,,,,,,1
32153,13025,BAD BOYS MAKE NOISE LTD,NEW AGE PLUMBING AND HEATING SERVICES LTD,"20-22 Wenlock Road, London, England, N1 7GU","20-22 Wenlock Road, London, England, N1 7GU",,,,,,,,,1
32153,13096,BAD BOYS MAKE NOISE LTD,GOOD BEAGLE INTERNATIONAL LTD,"20-22 Wenlock Road, London, England, N1 7GU","20-22 Wenlock Road, London, England, N1 7GU",,,,,,,,,1
32153,14082,BAD BOYS MAKE NOISE LTD,SOFTWARE BRAIN LTD,"20-22 Wenlock Road, London, England, N1 7GU","20-22 Wenlock Road, London, England, N1 7GU",,,,,,,,,1
32153,16743,BAD BOYS MAKE NOISE LTD,Q BRIDGE ENTERTAINMENT LTD,"20-22 Wenlock Road, London, England, N1 7GU","20-22 Wenlock Road, London, England, N1 7GU",,,,,,,,,1
32153,17304,BAD BOYS MAKE NOISE LTD,PERGORA FINANCES INVESTMENTS LTD,"20-22 Wenlock Road, London, England, N1 7GU","20-22 Wenlock Road, London, England, N1 7GU",,,,,,,,,1
32153,17549,BAD BOYS MAKE NOISE LTD,ALL ABOUT PROPERTIES LTD,"20-22 Wenlock Road, London, England, N1 7GU","20-22 Wenlock Road, London, England, N1 7GU",,,,,,,,,1
32153,18882,BAD BOYS MAKE NOISE LTD,NEW AGE TOURING PRODUCTIONS LIMITED,"20-22 Wenlock Road, London, England, N1 7GU","20-22 Wenlock Road, London, England, N1 7GU",,,,,,,,,1
32153,20362,BAD BOYS MAKE NOISE LTD,FOOD AND PACKAGING WHOLESALE LTD,"20-22 Wenlock Road, London, England, N1 7GU","20-22 Wenlock Road, London, England, N1 7GU",,,,,,,,,1
32153,23046,BAD BOYS MAKE NOISE LTD,HAWTHORN ROSE HOMES LIMITED,"20-22 Wenlock Road, London, England, N1 7GU","20-22 Wenlock Road, London, England, N1 7GU",,,,,,,,,1
32153,23876,BAD BOYS MAKE NOISE LTD,ALL ABOUT REEL LTD,"20-22 Wenlock Road, London, England, N1 7GU","20-22 Wenlock Road, London, England, N1 7GU",,,,,,,,,1
32153,25761,BAD BOYS MAKE NOISE LTD,GOOD CURRIES LTD,"20-22 Wenlock Road, London, England, N1 7GU","20-22 Wenlock Road, London, England, N1 7GU",,,,,,,,,1
32153,27689,BAD BOYS MAKE NOISE LTD,FOOD DISCOUNTS LTD,"20-22 Wenlock Road, London, England, N1 7GU","20-22 Wenlock Road, London, England, N1 7GU",,,,,,,,,1
32153,29271,BAD BOYS MAKE NOISE LTD,SOFTWARE DEFENCES LTD,"20-22 Wenlock Road, London, England, N1 7GU","20-22 Wenlock Road, London, England, N1 7GU",,,,,,,,,1
32153,29377,BAD BOYS MAKE NOISE LTD,KNOWING FINANCES LTD,"20-22 Wenlock Road, London, England, N1 7GU","20-22 Wenlock Road, London, England, N1 7GU",,,,,,,,,1
32153,30243,BAD BOYS MAKE NOISE LTD,BEAUTY AND NATURE STORE LTD,"20-22 Wenlock Road, London, England, N1 7GU","20-22 Wenlock Road, London, England, N1 7GU",,,,,,,,,1
32153,30445,BAD BOYS MAKE NOISE LTD,Z AND J GROUP LTD,"20-22 Wenlock Road, London, England, N1 7GU","20-22 Wenlock Road, London, England, N1 7GU",,,,,,,,,1
32153,30467,BAD BOYS MAKE NOISE LTD,Q BRIDGE MUSIC LTD,"20-22 Wenlock Road, London, England, N1 7GU","20-22 Wenlock Road, London, England, N1 7GU",,,,,,,,,1
32153,31894,BAD BOYS MAKE NOISE LTD,ALL ABOUT CLAIMS LTD,"20-22 Wenlock Road, London, England, N1 7GU","20-22 Wenlock Road, London, England, N1 7GU",,,,,,,,,1
32153,32040,BAD BOYS MAKE NOISE LTD,BEAUTY BOUND LTD,"20-22 Wenlock Road, London, England, N1 7GU","20-22 Wenlock Road, London, England, N1 7GU",,,,,,,,,1
32236,32083,T A FISHER LIMITED,T A FISHER (HOLDINGS) LIMITED,"Theale Court 11-13 High Street, Theale, Reading, RG7 5AH","Theale Court 11-13 High Street, Theale, Reading, RG7 5AH",,,,,,,,,1
32385,2340,ECO MARINE FOODS LTD,PACKER P LTD,"128 City Road, London, United Kingdom, EC1V 2NX","128 City Road, London, United Kingdom, EC1V 2NX",,,,,,,,,1
32385,11214,ECO MARINE FOODS LTD,BRIGHT VISION INVESTMENT LTD,"128 City Road, London, United Kingdom, EC1V 2NX","128 City Road, London, United Kingdom, EC1V 2NX",,,,,,,,,1
32385,13551,ECO MARINE FOODS LTD,NEW AGE FASHION LTD,"128 City Road, London, United Kingdom, EC1V 2NX","128 City Road, London, United Kingdom, EC1V 2NX",,,,,,,,,1
32385,17757,ECO MARINE FOODS LTD,GOOD DAY AESTHETICS & BEAUTY LTD,"128 City Road, London, United Kingdom, EC1V 2NX","128 City Road, London, United Kingdom, EC1V 2NX",,,,,,,,,1
32385,19613,ECO MARINE FOODS LTD,SOFTWARE SOLUTIONS GROUP LTD.,"128 City Road, London, United Kingdom, EC1V 2NX","128 City Road, London, United Kingdom, EC1V 2NX",,,,,,,,,1
32385,24850,ECO MARINE FOODS LTD,H ACCOUNTING SOLUTION LIMITED,"128 City Road, London, United Kingdom, EC1V 2NX","128 City Road, London, United Kingdom, EC1V 2NX",,,,,,,,,1
32385,28937,ECO MARINE FOODS LTD,TANA T TRADING LTD,"128 City Road, London, United Kingdom, EC1V 2NX","128 City Road, London, United Kingdom, EC1V 2NX",,,,,,,,,1
32385,29510,ECO MARINE FOODS LTD,V & MARK COMPANY LTD,"128 City Road, London, United Kingdom, EC1V 2NX","128 City Road, London, United Kingdom, EC1V 2NX",,,,,,,,,1
32385,31132,ECO MARINE FOODS LTD,P A MARTIN CONSTRUCTION LTD,"128 City Road, London, United Kingdom, EC1V 2NX","128 City Road, London, United Kingdom, EC1V 2NX",,,,,,,,,1
32385,31915,ECO MARINE FOODS LTD,U AND M CONSULTANTS LTD,"128 City Road, London, United Kingdom, EC1V 2NX","128 City Road, London, United Kingdom, EC1V 2NX",,,,,,,,,1
32544,21287,Industrie De Nora Spa,Federico De Nora Spa,"VIA LEONARDO BISTOLFI 35, MILANO, 20134, MILANO, ITALY","VIA LEONARDO BISTOLFI 35, MILANO, 20134, MILANO, ITALY",,,,,IT03998870962,IT06623310965,,,1
32619,19753,NEW ADVENTURES SWAN LAKE LIMITED,NEW ADVENTURES NUTCRACKER LIMITED,"124 Finchley Road, London, United Kingdom, NW3 5JS","124 Finchley Road, London, United Kingdom, NW3 5JS",,,,,,,,,1
32619,22489,NEW ADVENTURES SWAN LAKE LIMITED,NEW ADVENTURES MIDNIGHT BELL LIMITED,"124 Finchley Road, London, United Kingdom, NW3 5JS","124 Finchley Road, London, United Kingdom, NW3 5JS",,,,,,,,,1
32619,27193,NEW ADVENTURES SWAN LAKE LIMITED,NEW ADVENTURES VERONA LIMITED,"124 Finchley Road, London, United Kingdom, NW3 5JS","124 Finchley Road, London, United Kingdom, NW3 5JS",,,,,,,,,1
32619,28660,NEW ADVENTURES SWAN LAKE LIMITED,NEW ADVENTURES PARTNERSHIPS LIMITED,"124 Finchley Road, London, United Kingdom, NW3 5JS","124 Finchley Road, London, United Kingdom, NW3 5JS",,,,,,,,,1
32692,3917,NEW ALBION ENERGY LTD,BAD BUNNY MANAGEMENT LTD,"27 Old Gloucester Street, London, United Kingdom, WC1N 3AX","27 Old Gloucester Street, London, United Kingdom, WC1N 3AX",,,,,,,,,1
32692,13774,NEW ALBION ENERGY LTD,Q & K SERVICES LTD,"27 Old Gloucester Street, London, United Kingdom, WC1N 3AX","27 Old Gloucester Street, London, United Kingdom, WC1N 3AX",,,,,,,,,1
32692,13794,NEW ALBION ENERGY LTD,BAD ANGELS LIMITED,"27 Old Gloucester Street, London, United Kingdom, WC1N 3AX","27 Old Gloucester Street, London, United Kingdom, WC1N 3AX",,,,,,,,,1
32692,16267,NEW ALBION ENERGY LTD,MATRIX FINANCES LTD,"27 Old Gloucester Street, London, United Kingdom, WC1N 3AX","27 Old Gloucester Street, London, United Kingdom, WC1N 3AX",,,,,,,,,1
32692,18893,NEW ALBION ENERGY LTD,NEW ALBION REAL ESTATE LTD,"27 Old Gloucester Street, London, United Kingdom, WC1N 3AX","27 Old Gloucester Street, London, United Kingdom, WC1N 3AX",,,,,,,,,1
32692,20414,NEW ALBION ENERGY LTD,FOOD BOOTH LIMITED,"27 Old Gloucester Street, London, United Kingdom, WC1N 3AX","27 Old Gloucester Street, London, United Kingdom, WC1N 3AX",,,,,,,,,1
32692,26427,NEW ALBION ENERGY LTD,BAD INTENTIONS BOXING LIMITED,"27 Old Gloucester Street, London, United Kingdom, WC1N 3AX","27 Old Gloucester Street, London, United Kingdom, WC1N 3AX",,,,,,,,,1
32692,29058,NEW ALBION ENERGY LTD,NEW AGE COACH LTD,"27 Old Gloucester Street, London, United Kingdom, WC1N 3AX","27 Old Gloucester Street, London, United Kingdom, WC1N 3AX",,,,,,,,,1
32692,30959,NEW ALBION ENERGY LTD,JC NEW AGE ENTERTAINMENT LTD,"27 Old Gloucester Street, London, United Kingdom, WC1N 3AX","27 Old Gloucester Street, London, United Kingdom, WC1N 3AX",,,,,,,,,1
32768,5295,BEAUTY BAR (CALCOT) LTD,BEAUTY BAR (KETTERING) LTD,"41 Kingsbridge Road, Southall, Middlesex, UB2 5RT","41 Kingsbridge Road, Southall, Middlesex, UB2 5RT",,,,,,,,,1
32768,5616,BEAUTY BAR (CALCOT) LTD,BEAUTY BAR (HINCKLEY) LTD,"41 Kingsbridge Road, Southall, Middlesex, UB2 5RT","41 Kingsbridge Road, Southall, Middlesex, UB2 5RT",,,,,,,,,1
32985,5950,R ALLAN AND SONS DOMESTIC AND COMMERCIAL SERVICES LTD,R A HUNTER LIMITED,"320 Firecrest Court Centre Park, Warrington, United Kingdom, WA1 1RG","320 Firecrest Court Centre Park, Warrington, United Kingdom, WA1 1RG",,,,,,,,,1
32985,15657,R ALLAN AND SONS DOMESTIC AND COMMERCIAL SERVICES LTD,R A BALDOCK LIMITED,"320 Firecrest Court Centre Park, Warrington, United Kingdom, WA1 1RG","320 Firecrest Court Centre Park, Warrington, United Kingdom, WA1 1RG",,,,,,,,,1
32985,19028,R ALLAN AND SONS DOMESTIC AND COMMERCIAL SERVICES LTD,V & M ENGINEERING LIMITED,"320 Firecrest Court Centre Park, Warrington, United Kingdom, WA1 1RG","320 Firecrest Court Centre Park, Warrington, United Kingdom, WA1 1RG",,,,,,,,,1
32985,27755,R ALLAN AND SONS DOMESTIC AND COMMERCIAL SERVICES LTD,S A HOMOLOGATION CONSULTANTS LIMITED,"320 Firecrest Court Centre Park, Warrington, United Kingdom, WA1 1RG","320 Firecrest Court Centre Park, Warrington, United Kingdom, WA1 1RG",,,,,,,,,1
33007,14844,ALL ABOUT CONTENT LIMITED,SOFTWARE CRAFT AND TESTING UK CIC,"Union House, 111 New Union Street, Coventry, England, CV1 2NT","Union House, 111 New Union Street, Coventry, England, CV1 2NT",,,,,,,,,1
33080,18894,T A DRILLING (SALES) LIMITED,SOFTWARE DEVELOPMENTS LIMITED,"Unit 2.02 High Weald House, Glovers End, Bexhill, East Sussex, England, TN39 5ES","Unit 2.02 High Weald House, Glovers End, Bexhill, East Sussex, England, TN39 5ES",,,,,,,,,1
33264,22911,ALL ABOUT PLUMBING AND HEATING LTD,H & A LIMITED,"25 Station Road, Hinckley, Leicestershire, England, LE10 1AP","25 Station Road, Hinckley, Leicestershire, England, LE10 1AP",,,,,,,,,1
33277,25038,GOOD CHEMISTRY BREWING LIMITED,GOOD CHEMISTRY APPARATUS LIMITED,"6 Beaconsfield Road, Clifton, Bristol, United Kingdom, BS8 2TS","6 Beaconsfield Road, Clifton, Bristol, United Kingdom, BS8 2TS",,,,,,,,,1
33286,93,GOOD BOY TRADING LIMITED,SOFTWARE DEVELOPMENT SERVICES LTD,"20-22 Wenlock Road, London, England, N1 7GU","20-22 Wenlock Road, London, England, N1 7GU",,,,,,,,,1
33286,502,GOOD BOY TRADING LIMITED,Z AND P INCORPORATED LTD,"20-22 Wenlock Road, London, England, N1 7GU","20-22 Wenlock Road, London, England, N1 7GU",,,,,,,,,1
33286,776,GOOD BOY TRADING LIMITED,T & ASH LTD,"20-22 Wenlock Road, London, England, N1 7GU","20-22 Wenlock Road, London, England, N1 7GU",,,,,,,,,1
33286,3415,GOOD BOY TRADING LIMITED,FOOD BOOKING LTD,"20-22 Wenlock Road, London, England, N1 7GU","20-22 Wenlock Road, London, England, N1 7GU",,,,,,,,,1
33286,4039,GOOD BOY TRADING LIMITED,ALL ABOUT BOILERS LTD,"20-22 Wenlock Road, London, England, N1 7GU","20-22 Wenlock Road, London, England, N1 7GU",,,,,,,,,1
33286,5606,GOOD BOY TRADING LIMITED,GOOD CONNEXION LTD,"20-22 Wenlock Road, London, England, N1 7GU","20-22 Wenlock Road, London, England, N1 7GU",,,,,,,,,1
33286,6679,GOOD BOY TRADING LIMITED,Q BRANCH SOLUTIONS LTD,"20-22 Wenlock Road, London, England, N1 7GU","20-22 Wenlock Road, London, England, N1 7GU",,,,,,,,,1
33286,7079,GOOD BOY TRADING LIMITED,H A DIRECT LTD,"20-22 Wenlock Road, London, England, N1 7GU","20-22 Wenlock Road, London, England, N1 7GU",,,,,,,,,1
33286,8008,GOOD BOY TRADING LIMITED,GOOD & YOUNG LTD,"20-22 Wenlock Road, London, England, N1 7GU","20-22 Wenlock Road, London, England, N1 7GU",,,,,,,,,1
33286,13025,GOOD BOY TRADING LIMITED,NEW AGE PLUMBING AND HEATING SERVICES LTD,"20-22 Wenlock Road, London, England, N1 7GU","20-22 Wenlock Road, London, England, N1 7GU",,,,,,,,,1
33286,13096,GOOD BOY TRADING LIMITED,GOOD BEAGLE INTERNATIONAL LTD,"20-22 Wenlock Road, London, England, N1 7GU","20-22 Wenlock Road, London, England, N1 7GU",,,,,,,,,1
33286,14082,GOOD BOY TRADING LIMITED,SOFTWARE BRAIN LTD,"20-22 Wenlock Road, London, England, N1 7GU","20-22 Wenlock Road, London, England, N1 7GU",,,,,,,,,1
33286,16743,GOOD BOY TRADING LIMITED,Q BRIDGE ENTERTAINMENT LTD,"20-22 Wenlock Road, London, England, N1 7GU","20-22 Wenlock Road, London, England, N1 7GU",,,,,,,,,1
33286,17304,GOOD BOY TRADING LIMITED,PERGORA FINANCES INVESTMENTS LTD,"20-22 Wenlock Road, London, England, N1 7GU","20-22 Wenlock Road, London, England, N1 7GU",,,,,,,,,1
33286,17549,GOOD BOY TRADING LIMITED,ALL ABOUT PROPERTIES LTD,"20-22 Wenlock Road, London, England, N1 7GU","20-22 Wenlock Road, London, England, N1 7GU",,,,,,,,,1
33286,18882,GOOD BOY TRADING LIMITED,NEW AGE TOURING PRODUCTIONS LIMITED,"20-22 Wenlock Road, London, England, N1 7GU","20-22 Wenlock Road, London, England, N1 7GU",,,,,,,,,1
33286,20362,GOOD BOY TRADING LIMITED,FOOD AND PACKAGING WHOLESALE LTD,"20-22 Wenlock Road, London, England, N1 7GU","20-22 Wenlock Road, London, England, N1 7GU",,,,,,,,,1
33286,23046,GOOD BOY TRADING LIMITED,HAWTHORN ROSE HOMES LIMITED,"20-22 Wenlock Road, London, England, N1 7GU","20-22 Wenlock Road, London, England, N1 7GU",,,,,,,,,1
33286,23876,GOOD BOY TRADING LIMITED,ALL ABOUT REEL LTD,"20-22 Wenlock Road, London, England, N1 7GU","20-22 Wenlock Road, London, England, N1 7GU",,,,,,,,,1
33286,25761,GOOD BOY TRADING LIMITED,GOOD CURRIES LTD,"20-22 Wenlock Road, London, England, N1 7GU","20-22 Wenlock Road, London, England, N1 7GU",,,,,,,,,1
33286,27689,GOOD BOY TRADING LIMITED,FOOD DISCOUNTS LTD,"20-22 Wenlock Road, London, England, N1 7GU","20-22 Wenlock Road, London, England, N1 7GU",,,,,,,,,1
33286,29271,GOOD BOY TRADING LIMITED,SOFTWARE DEFENCES LTD,"20-22 Wenlock Road, London, England, N1 7GU","20-22 Wenlock Road, London, England, N1 7GU",,,,,,,,,1
33286,29377,GOOD BOY TRADING LIMITED,KNOWING FINANCES LTD,"20-22 Wenlock Road, London, England, N1 7GU","20-22 Wenlock Road, London, England, N1 7GU",,,,,,,,,1
33286,30243,GOOD BOY TRADING LIMITED,BEAUTY AND NATURE STORE LTD,"20-22 Wenlock Road, London, England, N1 7GU","20-22 Wenlock Road, London, England, N1 7GU",,,,,,,,,1
33286,30445,GOOD BOY TRADING LIMITED,Z AND J GROUP LTD,"20-22 Wenlock Road, London, England, N1 7GU","20-22 Wenlock Road, London, England, N1 7GU",,,,,,,,,1
33286,30467,GOOD BOY TRADING LIMITED,Q BRIDGE MUSIC LTD,"20-22 Wenlock Road, London, England, N1 7GU","20-22 Wenlock Road, London, England, N1 7GU",,,,,,,,,1
33286,31894,GOOD BOY TRADING LIMITED,ALL ABOUT CLAIMS LTD,"20-22 Wenlock Road, London, England, N1 7GU","20-22 Wenlock Road, London, England, N1 7GU",,,,,,,,,1
33286,32040,GOOD BOY TRADING LIMITED,BEAUTY BOUND LTD,"20-22 Wenlock Road, London, England, N1 7GU","20-22 Wenlock Road, London, England, N1 7GU",,,,,,,,,1
33286,32153,GOOD BOY TRADING LIMITED,BAD BOYS MAKE NOISE LTD,"20-22 Wenlock Road, London, England, N1 7GU","20-22 Wenlock Road, London, England, N1 7GU",,,,,,,,,1
33323,17374,Helen of Troy Ltd,Signet Jewelers Ltd,"Clarendon House, 2 Church Street, Hamilton, HM11","Clarendon House, 2 Church Street, Hamilton, HM11",,,,,,,,,1
33323,18448,Helen of Troy Ltd,Lazard Ltd,"Clarendon House, 2 Church Street, Hamilton, HM11","Clarendon House, 2 Church Street, Hamilton, HM11",,,,,,Bermuda,,Americas,1
33405,5779,GOOD CAMPAIGNS COMPANY LIMITED,BEAUTY & HOLISTIC LOUNGE LTD,"C/O Hq Accountancy Ltd, 3rd Floor, Granite Building, 6 Stanley Street, Liverpool, England, L1 6AF","C/O Hq Accountancy Ltd, 3rd Floor, Granite Building, 6 Stanley Street, Liverpool, England, L1 6AF",,,,,,,,,1
33405,26515,GOOD CAMPAIGNS COMPANY LIMITED,BLACKBANK AIRSOFT TACTICAL LTD,"C/O Hq Accountancy Ltd, 3rd Floor, Granite Building, 6 Stanley Street, Liverpool, England, L1 6AF","C/O Hq Accountancy Ltd, 3rd Floor, Granite Building, 6 Stanley Street, Liverpool, England, L1 6AF",,,,,,,,,1
33407,6022,Ge Italia Holding Srl,Ge Avio Srl,"VIA I MAGGIO 99, RIVALTA DI TORINO, 10040, TORINO, ITALY","VIA I MAGGIO 99, RIVALTA DI TORINO, 10040, TORINO, ITALY",,,,,IT12061090010,IT10898340012,,,1
33446,3640,"BEAUTY AND YOU, TREATMENTS BY HANNAH LIMITED",V AESTHETICS LTD,"Suite G04 1 Quality Court, Chancery Lane, London, England, WC2A 1HR","Suite G04 1 Quality Court, Chancery Lane, London, England, WC2A 1HR",,,,,,,,,1
33446,7462,"BEAUTY AND YOU, TREATMENTS BY HANNAH LIMITED",BAD BS CLOTHING LTD,"Suite G04 1 Quality Court, Chancery Lane, London, England, WC2A 1HR","Suite G04 1 Quality Court, Chancery Lane, London, England, WC2A 1HR",,,,,,,,,1
33446,11658,"BEAUTY AND YOU, TREATMENTS BY HANNAH LIMITED",Z & I UNIVERSAL LIMITED,"Suite G04 1 Quality Court, Chancery Lane, London, England, WC2A 1HR","Suite G04 1 Quality Court, Chancery Lane, London, England, WC2A 1HR",,,,,,,,,1
33446,15796,"BEAUTY AND YOU, TREATMENTS BY HANNAH LIMITED",BEAUTY AND THE BOOK LTD,"Suite G04 1 Quality Court, Chancery Lane, London, England, WC2A 1HR","Suite G04 1 Quality Court, Chancery Lane, London, England, WC2A 1HR",,,,,,,,,1
33446,17663,"BEAUTY AND YOU, TREATMENTS BY HANNAH LIMITED",NEW AGE MOTORS LIMITED,"Suite G04 1 Quality Court, Chancery Lane, London, England, WC2A 1HR","Suite G04 1 Quality Court, Chancery Lane, London, England, WC2A 1HR",,,,,,,,,1
33446,28245,"BEAUTY AND YOU, TREATMENTS BY HANNAH LIMITED",GOOD CLINICAL PEOPLE LTD.,"Suite G04 1 Quality Court, Chancery Lane, London, England, WC2A 1HR","Suite G04 1 Quality Court, Chancery Lane, London, England, WC2A 1HR",,,,,,,,,1
33683,2474,V LTD,F LTD,"12 Wheatsheaf Way, Cambridge, United Kingdom, CB25 9GG","12 Wheatsheaf Way, Cambridge, United Kingdom, CB25 9GG",,,,,,,,,1
33686,9560,NEW ACRE PROJECTS LTD,NEW ACRE SERVICES LIMITED,"2 Tower House, Tower Centre, Hoddesdon, Herts, England, EN11 8UR","2 Tower House, Tower Centre, Hoddesdon, Herts, England, EN11 8UR",,,,,,,,,1
33724,19753,NEW ADVENTURES RED SHOES LIMITED,NEW ADVENTURES NUTCRACKER LIMITED,"124 Finchley Road, London, United Kingdom, NW3 5JS","124 Finchley Road, London, United Kingdom, NW3 5JS",,,,,,,,,1
33724,22489,NEW ADVENTURES RED SHOES LIMITED,NEW ADVENTURES MIDNIGHT BELL LIMITED,"124 Finchley Road, London, United Kingdom, NW3 5JS","124 Finchley Road, London, United Kingdom, NW3 5JS",,,,,,,,,1
33724,27193,NEW ADVENTURES RED SHOES LIMITED,NEW ADVENTURES VERONA LIMITED,"124 Finchley Road, London, United Kingdom, NW3 5JS","124 Finchley Road, London, United Kingdom, NW3 5JS",,,,,,,,,1
33724,28660,NEW ADVENTURES RED SHOES LIMITED,NEW ADVENTURES PARTNERSHIPS LIMITED,"124 Finchley Road, London, United Kingdom, NW3 5JS","124 Finchley Road, London, United Kingdom, NW3 5JS",,,,,,,,,1
33724,32619,NEW ADVENTURES RED SHOES LIMITED,NEW ADVENTURES SWAN LAKE LIMITED,"124 Finchley Road, London, United Kingdom, NW3 5JS","124 Finchley Road, London, United Kingdom, NW3 5JS",,,,,,,,,1
33760,93,GOOD ADVICE FOR LIVING LTD,SOFTWARE DEVELOPMENT SERVICES LTD,"20-22 Wenlock Road, London, England, N1 7GU","20-22 Wenlock Road, London, England, N1 7GU",,,,,,,,,1
33760,502,GOOD ADVICE FOR LIVING LTD,Z AND P INCORPORATED LTD,"20-22 Wenlock Road, London, England, N1 7GU","20-22 Wenlock Road, London, England, N1 7GU",,,,,,,,,1
33760,776,GOOD ADVICE FOR LIVING LTD,T & ASH LTD,"20-22 Wenlock Road, London, England, N1 7GU","20-22 Wenlock Road, London, England, N1 7GU",,,,,,,,,1
33760,3415,GOOD ADVICE FOR LIVING LTD,FOOD BOOKING LTD,"20-22 Wenlock Road, London, England, N1 7GU","20-22 Wenlock Road, London, England, N1 7GU",,,,,,,,,1
33760,4039,GOOD ADVICE FOR LIVING LTD,ALL ABOUT BOILERS LTD,"20-22 Wenlock Road, London, England, N1 7GU","20-22 Wenlock Road, London, England, N1 7GU",,,,,,,,,1
33760,5606,GOOD ADVICE FOR LIVING LTD,GOOD CONNEXION LTD,"20-22 Wenlock Road, London, England, N1 7GU","20-22 Wenlock Road, London, England, N1 7GU",,,,,,,,,1
33760,6679,GOOD ADVICE FOR LIVING LTD,Q BRANCH SOLUTIONS LTD,"20-22 Wenlock Road, London, England, N1 7GU","20-22 Wenlock Road, London, England, N1 7GU",,,,,,,,,1
33760,7079,GOOD ADVICE FOR LIVING LTD,H A DIRECT LTD,"20-22 Wenlock Road, London, England, N1 7GU","20-22 Wenlock Road, London, England, N1 7GU",,,,,,,,,1
33760,8008,GOOD ADVICE FOR LIVING LTD,GOOD & YOUNG LTD,"20-22 Wenlock Road, London, England, N1 7GU","20-22 Wenlock Road, London, England, N1 7GU",,,,,,,,,1
33760,13025,GOOD ADVICE FOR LIVING LTD,NEW AGE PLUMBING AND HEATING SERVICES LTD,"20-22 Wenlock Road, London, England, N1 7GU","20-22 Wenlock Road, London, England, N1 7GU",,,,,,,,,1
33760,13096,GOOD ADVICE FOR LIVING LTD,GOOD BEAGLE INTERNATIONAL LTD,"20-22 Wenlock Road, London, England, N1 7GU","20-22 Wenlock Road, London, England, N1 7GU",,,,,,,,,1
33760,14082,GOOD ADVICE FOR LIVING LTD,SOFTWARE BRAIN LTD,"20-22 Wenlock Road, London, England, N1 7GU","20-22 Wenlock Road, London, England, N1 7GU",,,,,,,,,1
33760,16743,GOOD ADVICE FOR LIVING LTD,Q BRIDGE ENTERTAINMENT LTD,"20-22 Wenlock Road, London, England, N1 7GU","20-22 Wenlock Road, London, England, N1 7GU",,,,,,,,,1
33760,17304,GOOD ADVICE FOR LIVING LTD,PERGORA FINANCES INVESTMENTS LTD,"20-22 Wenlock Road, London, England, N1 7GU","20-22 Wenlock Road, London, England, N1 7GU",,,,,,,,,1
33760,17549,GOOD ADVICE FOR LIVING LTD,ALL ABOUT PROPERTIES LTD,"20-22 Wenlock Road, London, England, N1 7GU","20-22 Wenlock Road, London, England, N1 7GU",,,,,,,,,1
33760,18882,GOOD ADVICE FOR LIVING LTD,NEW AGE TOURING PRODUCTIONS LIMITED,"20-22 Wenlock Road, London, England, N1 7GU","20-22 Wenlock Road, London, England, N1 7GU",,,,,,,,,1
33760,20362,GOOD ADVICE FOR LIVING LTD,FOOD AND PACKAGING WHOLESALE LTD,"20-22 Wenlock Road, London, England, N1 7GU","20-22 Wenlock Road, London, England, N1 7GU",,,,,,,,,1
33760,23046,GOOD ADVICE FOR LIVING LTD,HAWTHORN ROSE HOMES LIMITED,"20-22 Wenlock Road, London, England, N1 7GU","20-22 Wenlock Road, London, England, N1 7GU",,,,,,,,,1
33760,23876,GOOD ADVICE FOR LIVING LTD,ALL ABOUT REEL LTD,"20-22 Wenlock Road, London, England, N1 7GU","20-22 Wenlock Road, London, England, N1 7GU",,,,,,,,,1
33760,25761,GOOD ADVICE FOR LIVING LTD,GOOD CURRIES LTD,"20-22 Wenlock Road, London, England, N1 7GU","20-22 Wenlock Road, London, England, N1 7GU",,,,,,,,,1
33760,27689,GOOD ADVICE FOR LIVING LTD,FOOD DISCOUNTS LTD,"20-22 Wenlock Road, London, England, N1 7GU","20-22 Wenlock Road, London, England, N1 7GU",,,,,,,,,1
33760,29271,GOOD ADVICE FOR LIVING LTD,SOFTWARE DEFENCES LTD,"20-22 Wenlock Road, London, England, N1 7GU","20-22 Wenlock Road, London, England, N1 7GU",,,,,,,,,1
33760,29377,GOOD ADVICE FOR LIVING LTD,KNOWING FINANCES LTD,"20-22 Wenlock Road, London, England, N1 7GU","20-22 Wenlock Road, London, England, N1 7GU",,,,,,,,,1
33760,30243,GOOD ADVICE FOR LIVING LTD,BEAUTY AND NATURE STORE LTD,"20-22 Wenlock Road, London, England, N1 7GU","20-22 Wenlock Road, London, England, N1 7GU",,,,,,,,,1
33760,30445,GOOD ADVICE FOR LIVING LTD,Z AND J GROUP LTD,"20-22 Wenlock Road, London, England, N1 7GU","20-22 Wenlock Road, London, England, N1 7GU",,,,,,,,,1
33760,30467,GOOD ADVICE FOR LIVING LTD,Q BRIDGE MUSIC LTD,"20-22 Wenlock Road, London, England, N1 7GU","20-22 Wenlock Road, London, England, N1 7GU",,,,,,,,,1
33760,31894,GOOD ADVICE FOR LIVING LTD,ALL ABOUT CLAIMS LTD,"20-22 Wenlock Road, London, England, N1 7GU","20-22 Wenlock Road, London, England, N1 7GU",,,,,,,,,1
33760,32040,GOOD ADVICE FOR LIVING LTD,BEAUTY BOUND LTD,"20-22 Wenlock Road, London, England, N1 7GU","20-22 Wenlock Road, London, England, N1 7GU",,,,,,,,,1
33760,32153,GOOD ADVICE FOR LIVING LTD,BAD BOYS MAKE NOISE LTD,"20-22 Wenlock Road, London, England, N1 7GU","20-22 Wenlock Road, London, England, N1 7GU",,,,,,,,,1
33760,33286,GOOD ADVICE FOR LIVING LTD,GOOD BOY TRADING LIMITED,"20-22 Wenlock Road, London, England, N1 7GU","20-22 Wenlock Road, London, England, N1 7GU",,,,,,,,,1
33772,1934,BEAUTY BATH JUNKIE LIMITED,FOOD CATERING LTD,"Studio 210 134-146 Curtain Road, London, England, EC2A 3AR","Studio 210 134-146 Curtain Road, London, England, EC2A 3AR",,,,,,,,,1
33772,22527,BEAUTY BATH JUNKIE LIMITED,BAD CHICKS LTD,"Studio 210 134-146 Curtain Road, London, England, EC2A 3AR","Studio 210 134-146 Curtain Road, London, England, EC2A 3AR",,,,,,,,,1
33772,25451,BEAUTY BATH JUNKIE LIMITED,BEAUTY AND THE BULLZ LIMITED,"Studio 210 134-146 Curtain Road, London, England, EC2A 3AR","Studio 210 134-146 Curtain Road, London, England, EC2A 3AR",,,,,,,,,1
33815,20836,GOOD COST PROPERTIES LTD,GOOD COST APARTMENTS LTD,"52 High Street, Pinner, England, HA5 5PW","52 High Street, Pinner, England, HA5 5PW",,,,,,,,,1
33823,895,Euro Group Spa,E.m.s. Euro Management Services Spa,"VIA STELLA ROSA 48/50, BARANZATE, 20021, MILANO, ITALY","VIA STELLA ROSA 48/50, BARANZATE, 20021, MILANO, ITALY",,,,,IT05235740965,IT07397440152,,,1
33862,28572,Ali' Group Srl,Ali' Spa,"VIA OLANDA 2, PADOVA, 35127, PADOVA, ITALY","VIA OLANDA 2, PADOVA, 35127, PADOVA, ITALY",,,,,IT04117820284,IT00348980285,,,1
33912,8147,ALL ABOUT APPS LTD,GOOD AND DESIGN LTD,"71-75 Shelton Street, London, Greater London, United Kingdom, WC2H 9JQ","71-75 Shelton Street, London, Greater London, United Kingdom, WC2H 9JQ",,,,,,,,,1
33912,10513,ALL ABOUT APPS LTD,Z EDUCATIONAL CONSULTANCY LTD,"71-75 Shelton Street, London, Greater London, United Kingdom, WC2H 9JQ","71-75 Shelton Street, London, Greater London, United Kingdom, WC2H 9JQ",,,,,,,,,1
33912,11229,ALL ABOUT APPS LTD,Z A SIGNATURE LTD,"71-75 Shelton Street, London, Greater London, United Kingdom, WC2H 9JQ","71-75 Shelton Street, London, Greater London, United Kingdom, WC2H 9JQ",,,,,,,,,1
33912,14429,ALL ABOUT APPS LTD,T A BUSINESS EUROPEAN LTD,"71-75 Shelton Street, London, Greater London, United Kingdom, WC2H 9JQ","71-75 Shelton Street, London, Greater London, United Kingdom, WC2H 9JQ",,,,,,,,,1
33912,16822,ALL ABOUT APPS LTD,GOOD CHOICE BUILDERS LTD,"71-75 Shelton Street, London, Greater London, United Kingdom, WC2H 9JQ","71-75 Shelton Street, London, Greater London, United Kingdom, WC2H 9JQ",,,,,,,,,1
33912,17344,ALL ABOUT APPS LTD,BEAUTY & GRACE LIMITED,"71-75 Shelton Street, London, Greater London, United Kingdom, WC2H 9JQ","71-75 Shelton Street, London, Greater London, United Kingdom, WC2H 9JQ",,,,,,,,,1
33912,18677,ALL ABOUT APPS LTD,GOOD CHOICE ZR LTD,"71-75 Shelton Street, London, Greater London, United Kingdom, WC2H 9JQ","71-75 Shelton Street, London, Greater London, United Kingdom, WC2H 9JQ",,,,,,,,,1
33912,24272,ALL ABOUT APPS LTD,SOFTWARE NEWS LTD,"71-75 Shelton Street, London, Greater London, United Kingdom, WC2H 9JQ","71-75 Shelton Street, London, Greater London, United Kingdom, WC2H 9JQ",,,,,,,,,1
33912,30170,ALL ABOUT APPS LTD,ALL ABOUT LTD,"71-75 Shelton Street, London, Greater London, United Kingdom, WC2H 9JQ","71-75 Shelton Street, London, Greater London, United Kingdom, WC2H 9JQ",,,,,,,,,1
33912,31395,ALL ABOUT APPS LTD,BEAUTY BLOOMER LIMITED,"71-75 Shelton Street, London, Greater London, United Kingdom, WC2H 9JQ","71-75 Shelton Street, London, Greater London, United Kingdom, WC2H 9JQ",,,,,,,,,1
33941,3432,Duferco Italia Holding Spa,Duferco Travi E Profilati Spa,"VIA ARMANDO DIAZ 248, SAN ZENO NAVIGLIO, 25010, BRESCIA, ITALY","VIA ARMANDO DIAZ 248, SAN ZENO NAVIGLIO, 25010, BRESCIA, ITALY",,,,,IT00948900329,IT03386150175,,,1
34222,12526,U INTERNATIONAL LIMITED,KEY WEST PROPERTY GROUP LTD,"124 City Road, London, England, EC1V 2NX","124 City Road, London, England, EC1V 2NX",,,,,,,,,1
34222,22476,U INTERNATIONAL LIMITED,ID FREIGHT LTD,"124 City Road, London, England, EC1V 2NX","124 City Road, London, England, EC1V 2NX",,,,,,,,,1
34255,14844,U AND YOUR SKIN LIMITED,SOFTWARE CRAFT AND TESTING UK CIC,"Union House, 111 New Union Street, Coventry, England, CV1 2NT","Union House, 111 New Union Street, Coventry, England, CV1 2NT",,,,,,,,,1
34255,33007,U AND YOUR SKIN LIMITED,ALL ABOUT CONTENT LIMITED,"Union House, 111 New Union Street, Coventry, England, CV1 2NT","Union House, 111 New Union Street, Coventry, England, CV1 2NT",,,,,,,,,1
34272,33972,Q & H PROPERTY LTD,BAD DINOSAUR LIMITED,"International House, 12 Constance Street, London, England, E16 2DQ","International House, 12 Constance Street, London, England, E16 2DQ",,,,,,,,,1
34434,3303,Z & Z ASLAM LIMITED,NEW AGE PERSONAL TRAINING LTD.,"29 Brandon Street, Hamilton, South Lanarkshire, ML3 6DA","29 Brandon Street, Hamilton, South Lanarkshire, ML3 6DA",,,,,,,,,1
34434,12257,Z & Z ASLAM LIMITED,MIDSIDE FINANCES LIMITED,"29 Brandon Street, Hamilton, South Lanarkshire, ML3 6DA","29 Brandon Street, Hamilton, South Lanarkshire, ML3 6DA",,,,,,,,,1
34434,18671,Z & Z ASLAM LIMITED,NEW AGE FITNESS LTD,"29 Brandon Street, Hamilton, South Lanarkshire, ML3 6DA","29 Brandon Street, Hamilton, South Lanarkshire, ML3 6DA",,,,,,,,,1
34434,30252,Z & Z ASLAM LIMITED,Z & Z ASLAM (PERTH) LTD,"29 Brandon Street, Hamilton, South Lanarkshire, ML3 6DA","29 Brandon Street, Hamilton, South Lanarkshire, ML3 6DA",,,,,,,,,1
34651,2655,Jiangxi Ganfeng Lithium Co Ltd,Ganfeng Lithium Group Co Ltd,"Longteng Road, Economic Development Zone, Xinyu, Jiangxi, 338000","Longteng Road, Economic Development Zone, Xinyu, Jiangxi, 338000",,,,,,,,,1
34663,3417,KOHI FINANCES LIMITED,Z BABAKORDI LIMITED,"Mansion House, Manchester Road, Altrincham, Cheshire, England, WA14 4RW","Mansion House, Manchester Road, Altrincham, Cheshire, England, WA14 4RW",,,,,,,,,1
35029,30899,NEW AGE DEVELOPERS (LOTHIAN) LIMITED,NEW AGE DEVELOPERS LIMITED,"2nd Floor North, Saltire Court 20 Castle Terrace, Edinburgh, EH1 2EN","2nd Floor North, Saltire Court 20 Castle Terrace, Edinburgh, EH1 2EN",,,,,,,,,1
35043,750,BEAUTY AND SERENITY LTD,BAD PACKETS LTD,"71-75 Shelton Street, Covent Garden, London, England, WC2H 9JQ","71-75 Shelton Street, Covent Garden, London, England, WC2H 9JQ",,,,,,,,,1
35043,6749,BEAUTY AND SERENITY LTD,FINANCES AND LAW SOLUTIONS LTD,"71-75 Shelton Street, Covent Garden, London, England, WC2H 9JQ","71-75 Shelton Street, Covent Garden, London, England, WC2H 9JQ",,,,,,,,,1
35043,10919,BEAUTY AND SERENITY LTD,TRUSTED FINANCES AND PROTECTION LTD,"71-75 Shelton Street, Covent Garden, London, England, WC2H 9JQ","71-75 Shelton Street, Covent Garden, London, England, WC2H 9JQ",,,,,,,,,1
35043,12172,BEAUTY AND SERENITY LTD,SADIO S LIMITED,"71-75 Shelton Street, Covent Garden, London, England, WC2H 9JQ","71-75 Shelton Street, Covent Garden, London, England, WC2H 9JQ",,,,,,,,,1
35043,21363,BEAUTY AND SERENITY LTD,BAD VEGAN LTD,"71-75 Shelton Street, Covent Garden, London, England, WC2H 9JQ","71-75 Shelton Street, Covent Garden, London, England, WC2H 9JQ",,,,,,,,,1
35043,23018,BEAUTY AND SERENITY LTD,U & I UN LIMITED,"71-75 Shelton Street, Covent Garden, London, England, WC2H 9JQ","71-75 Shelton Street, Covent Garden, London, England, WC2H 9JQ",,,,,,,,,1
35148,93,U FINANCE LTD,SOFTWARE DEVELOPMENT SERVICES LTD,"20-22 Wenlock Road, London, England, N1 7GU","20-22 Wenlock Road, London, England, N1 7GU",,,,,,,,,1
35148,502,U FINANCE LTD,Z AND P INCORPORATED LTD,"20-22 Wenlock Road, London, England, N1 7GU","20-22 Wenlock Road, London, England, N1 7GU",,,,,,,,,1
35148,776,U FINANCE LTD,T & ASH LTD,"20-22 Wenlock Road, London, England, N1 7GU","20-22 Wenlock Road, London, England, N1 7GU",,,,,,,,,1
35148,3415,U FINANCE LTD,FOOD BOOKING LTD,"20-22 Wenlock Road, London, England, N1 7GU","20-22 Wenlock Road, London, England, N1 7GU",,,,,,,,,1
35148,4039,U FINANCE LTD,ALL ABOUT BOILERS LTD,"20-22 Wenlock Road, London, England, N1 7GU","20-22 Wenlock Road, London, England, N1 7GU",,,,,,,,,1
35148,5606,U FINANCE LTD,GOOD CONNEXION LTD,"20-22 Wenlock Road, London, England, N1 7GU","20-22 Wenlock Road, London, England, N1 7GU",,,,,,,,,1
35148,6679,U FINANCE LTD,Q BRANCH SOLUTIONS LTD,"20-22 Wenlock Road, London, England, N1 7GU","20-22 Wenlock Road, London, England, N1 7GU",,,,,,,,,1
35148,7079,U FINANCE LTD,H A DIRECT LTD,"20-22 Wenlock Road, London, England, N1 7GU","20-22 Wenlock Road, London, England, N1 7GU",,,,,,,,,1
35148,8008,U FINANCE LTD,GOOD & YOUNG LTD,"20-22 Wenlock Road, London, England, N1 7GU","20-22 Wenlock Road, London, England, N1 7GU",,,,,,,,,1
35148,13025,U FINANCE LTD,NEW AGE PLUMBING AND HEATING SERVICES LTD,"20-22 Wenlock Road, London, England, N1 7GU","20-22 Wenlock Road, London, England, N1 7GU",,,,,,,,,1
35148,13096,U FINANCE LTD,GOOD BEAGLE INTERNATIONAL LTD,"20-22 Wenlock Road, London, England, N1 7GU","20-22 Wenlock Road, London, England, N1 7GU",,,,,,,,,1
35148,14082,U FINANCE LTD,SOFTWARE BRAIN LTD,"20-22 Wenlock Road, London, England, N1 7GU","20-22 Wenlock Road, London, England, N1 7GU",,,,,,,,,1
35148,16743,U FINANCE LTD,Q BRIDGE ENTERTAINMENT LTD,"20-22 Wenlock Road, London, England, N1 7GU","20-22 Wenlock Road, London, England, N1 7GU",,,,,,,,,1
35148,17304,U FINANCE LTD,PERGORA FINANCES INVESTMENTS LTD,"20-22 Wenlock Road, London, England, N1 7GU","20-22 Wenlock Road, London, England, N1 7GU",,,,,,,,,1
35148,17549,U FINANCE LTD,ALL ABOUT PROPERTIES LTD,"20-22 Wenlock Road, London, England, N1 7GU","20-22 Wenlock Road, London, England, N1 7GU",,,,,,,,,1
35148,18882,U FINANCE LTD,NEW AGE TOURING PRODUCTIONS LIMITED,"20-22 Wenlock Road, London, England, N1 7GU","20-22 Wenlock Road, London, England, N1 7GU",,,,,,,,,1
35148,20362,U FINANCE LTD,FOOD AND PACKAGING WHOLESALE LTD,"20-22 Wenlock Road, London, England, N1 7GU","20-22 Wenlock Road, London, England, N1 7GU",,,,,,,,,1
35148,23046,U FINANCE LTD,HAWTHORN ROSE HOMES LIMITED,"20-22 Wenlock Road, London, England, N1 7GU","20-22 Wenlock Road, London, England, N1 7GU",,,,,,,,,1
35148,23876,U FINANCE LTD,ALL ABOUT REEL LTD,"20-22 Wenlock Road, London, England, N1 7GU","20-22 Wenlock Road, London, England, N1 7GU",,,,,,,,,1
35148,25761,U FINANCE LTD,GOOD CURRIES LTD,"20-22 Wenlock Road, London, England, N1 7GU","20-22 Wenlock Road, London, England, N1 7GU",,,,,,,,,1
35148,27689,U FINANCE LTD,FOOD DISCOUNTS LTD,"20-22 Wenlock Road, London, England, N1 7GU","20-22 Wenlock Road, London, England, N1 7GU",,,,,,,,,1
35148,29271,U FINANCE LTD,SOFTWARE DEFENCES LTD,"20-22 Wenlock Road, London, England, N1 7GU","20-22 Wenlock Road, London, England, N1 7GU",,,,,,,,,1
35148,29377,U FINANCE LTD,KNOWING FINANCES LTD,"20-22 Wenlock Road, London, England, N1 7GU","20-22 Wenlock Road, London, England, N1 7GU",,,,,,,,,1
35148,30243,U FINANCE LTD,BEAUTY AND NATURE STORE LTD,"20-22 Wenlock Road, London, England, N1 7GU","20-22 Wenlock Road, London, England, N1 7GU",,,,,,,,,1
35148,30445,U FINANCE LTD,Z AND J GROUP LTD,"20-22 Wenlock Road, London, England, N1 7GU","20-22 Wenlock Road, London, England, N1 7GU",,,,,,,,,1
35148,30467,U FINANCE LTD,Q BRIDGE MUSIC LTD,"20-22 Wenlock Road, London, England, N1 7GU","20-22 Wenlock Road, London, England, N1 7GU",,,,,,,,,1
35148,31894,U FINANCE LTD,ALL ABOUT CLAIMS LTD,"20-22 Wenlock Road, London, England, N1 7GU","20-22 Wenlock Road, London, England, N1 7GU",,,,,,,,,1
35148,32040,U FINANCE LTD,BEAUTY BOUND LTD,"20-22 Wenlock Road, London, England, N1 7GU","20-22 Wenlock Road, London, England, N1 7GU",,,,,,,,,1
35148,32153,U FINANCE LTD,BAD BOYS MAKE NOISE LTD,"20-22 Wenlock Road, London, England, N1 7GU","20-22 Wenlock Road, London, England, N1 7GU",,,,,,,,,1
35148,33286,U FINANCE LTD,GOOD BOY TRADING LIMITED,"20-22 Wenlock Road, London, England, N1 7GU","20-22 Wenlock Road, London, England, N1 7GU",,,,,,,,,1
35148,33760,U FINANCE LTD,GOOD ADVICE FOR LIVING LTD,"20-22 Wenlock Road, London, England, N1 7GU","20-22 Wenlock Road, London, England, N1 7GU",,,,,,,,,1
35150,14377,Enel Italia Spa,Enel Global Services Srl,"VIALE REGINA MARGHERITA 125, ROMA, 00198, ROMA, ITALY","VIALE REGINA MARGHERITA 125, ROMA, 00198, ROMA, ITALY",,,,,IT06377691008,IT15416261004,,,1
35377,28805,BAD PROPERTY LTD,BAD MUSIC LTD,"128 Hoxton Street, London, England, N1 6SH","128 Hoxton Street, London, England, N1 6SH",,,,,,,,,1
35497,288,U AND I IPC LIMITED,U AND I FINANCE PLC,"100 Victoria Street, London, England, SW1E 5JL","100 Victoria Street, London, England, SW1E 5JL",,,,,,,,,1
35497,3485,U AND I IPC LIMITED,U AND I COMPANY SECRETARIES LIMITED,"100 Victoria Street, London, England, SW1E 5JL","100 Victoria Street, London, England, SW1E 5JL",,,,,,,,,1
35497,4059,U AND I IPC LIMITED,U AND I INVESTMENT PORTFOLIO LIMITED,"100 Victoria Street, London, England, SW1E 5JL","100 Victoria Street, London, England, SW1E 5JL",,,,,,,,,1
35497,6037,U AND I IPC LIMITED,U AND I (HARWELL) LIMITED,"100 Victoria Street, London, England, SW1E 5JL","100 Victoria Street, London, England, SW1E 5JL",,,,,,,,,1
35497,7117,U AND I IPC LIMITED,U AND I GROUP LIMITED,"100 Victoria Street, London, England, SW1E 5JL","100 Victoria Street, London, England, SW1E 5JL",,,,,,,,,1
35497,15300,U AND I IPC LIMITED,U AND I (WIE) LIMITED,"100 Victoria Street, London, England, SW1E 5JL","100 Victoria Street, London, England, SW1E 5JL",,,,,,,,,1
35497,15642,U AND I IPC LIMITED,U AND I (8AE) LIMITED,"100 Victoria Street, London, England, SW1E 5JL","100 Victoria Street, London, England, SW1E 5JL",,,,,,,,,1
35497,17497,U AND I IPC LIMITED,U AND I IPA LIMITED,"100 Victoria Street, London, England, SW1E 5JL","100 Victoria Street, London, England, SW1E 5JL",,,,,,,,,1
35497,20501,U AND I IPC LIMITED,U AND I DIRECTOR 2 LIMITED,"100 Victoria Street, London, England, SW1E 5JL","100 Victoria Street, London, England, SW1E 5JL",,,,,,,,,1
35497,20789,U AND I IPC LIMITED,U AND I (PB) COMMERCIAL LIMITED,"100 Victoria Street, London, England, SW1E 5JL","100 Victoria Street, London, England, SW1E 5JL",,,,,,,,,1
35497,21166,U AND I IPC LIMITED,U AND I (DEVELOPMENT AND TRADING) LIMITED,"100 Victoria Street, London, England, SW1E 5JL","100 Victoria Street, London, England, SW1E 5JL",,,,,,,,,1
35497,22482,U AND I IPC LIMITED,U AND I POWERHOUSE LIMITED,"100 Victoria Street, London, England, SW1E 5JL","100 Victoria Street, London, England, SW1E 5JL",,,,,,,,,1
35497,22841,U AND I IPC LIMITED,U AND I (PINCENTS LANE) LTD,"100 Victoria Street, London, England, SW1E 5JL","100 Victoria Street, London, England, SW1E 5JL",,,,,,,,,1
35497,31152,U AND I IPC LIMITED,U AND I PPP LIMITED,"100 Victoria Street, London, England, SW1E 5JL","100 Victoria Street, London, England, SW1E 5JL",,,,,,,,,1
35542,263,BEAUTY BLOCKS LTD,ALL ABOUT KIDS LTD,"71-75 Shelton Street, Covent Garden, London, United Kingdom, WC2H 9JQ","71-75 Shelton Street, Covent Garden, London, United Kingdom, WC2H 9JQ",,,,,,,,,1
35542,3444,BEAUTY BLOCKS LTD,U BROWN LTD,"71-75 Shelton Street, Covent Garden, London, United Kingdom, WC2H 9JQ","71-75 Shelton Street, Covent Garden, London, United Kingdom, WC2H 9JQ",,,,,,,,,1
35542,3775,BEAUTY BLOCKS LTD,T & B ENGINEERING SOLUTIONS LTD,"71-75 Shelton Street, Covent Garden, London, United Kingdom, WC2H 9JQ","71-75 Shelton Street, Covent Garden, London, United Kingdom, WC2H 9JQ",,,,,,,,,1
35542,4375,BEAUTY BLOCKS LTD,H & A ENGINEERING LTD,"71-75 Shelton Street, Covent Garden, London, United Kingdom, WC2H 9JQ","71-75 Shelton Street, Covent Garden, London, United Kingdom, WC2H 9JQ",,,,,,,,,1
35542,4438,BEAUTY BLOCKS LTD,BEAUTY BOOSTERS LTD,"71-75 Shelton Street, Covent Garden, London, United Kingdom, WC2H 9JQ","71-75 Shelton Street, Covent Garden, London, United Kingdom, WC2H 9JQ",,,,,,,,,1
35542,6594,BEAUTY BLOCKS LTD,U EVENTS LIMITED,"71-75 Shelton Street, Covent Garden, London, United Kingdom, WC2H 9JQ","71-75 Shelton Street, Covent Garden, London, United Kingdom, WC2H 9JQ",,,,,,,,,1
35542,7607,BEAUTY BLOCKS LTD,GOOD ADVICE DEBT COMPANY LIMITED,"71-75 Shelton Street, Covent Garden, London, United Kingdom, WC2H 9JQ","71-75 Shelton Street, Covent Garden, London, United Kingdom, WC2H 9JQ",,,,,,,,,1
35542,11053,BEAUTY BLOCKS LTD,ALL ABOUT THE SAAS LTD,"71-75 Shelton Street, Covent Garden, London, United Kingdom, WC2H 9JQ","71-75 Shelton Street, Covent Garden, London, United Kingdom, WC2H 9JQ",,,,,,,,,1
35542,12838,BEAUTY BLOCKS LTD,Q CONSULTING GROUP LTD,"71-75 Shelton Street, Covent Garden, London, United Kingdom, WC2H 9JQ","71-75 Shelton Street, Covent Garden, London, United Kingdom, WC2H 9JQ",,,,,,,,,1
35542,15089,BEAUTY BLOCKS LTD,Q UN LIMITED,"71-75 Shelton Street, Covent Garden, London, United Kingdom, WC2H 9JQ","71-75 Shelton Street, Covent Garden, London, United Kingdom, WC2H 9JQ",,,,,,,,,1
35542,18039,BEAUTY BLOCKS LTD,Z & K DISTRIBUTORS LIMITED,"71-75 Shelton Street, Covent Garden, London, United Kingdom, WC2H 9JQ","71-75 Shelton Street, Covent Garden, London, United Kingdom, WC2H 9JQ",,,,,,,,,1
35542,18878,BEAUTY BLOCKS LTD,FOOD & BEVERAGE INTERNATIONAL LTD,"71-75 Shelton Street, Covent Garden, London, United Kingdom, WC2H 9JQ","71-75 Shelton Street, Covent Garden, London, United Kingdom, WC2H 9JQ",,,,,,,,,1
35542,19784,BEAUTY BLOCKS LTD,S A GUARANTEE SPECIALISTS UK LIMITED,"71-75 Shelton Street, Covent Garden, London, United Kingdom, WC2H 9JQ","71-75 Shelton Street, Covent Garden, London, United Kingdom, WC2H 9JQ",,,,,,,,,1
35542,19928,BEAUTY BLOCKS LTD,ALL ABOUT ME ENTERPRISES LIMITED,"71-75 Shelton Street, Covent Garden, London, United Kingdom, WC2H 9JQ","71-75 Shelton Street, Covent Garden, London, United Kingdom, WC2H 9JQ",,,,,,,,,1
35542,21691,BEAUTY BLOCKS LTD,NEW AGE AGENCY AND SERVICES LIMITED,"71-75 Shelton Street, Covent Garden, London, United Kingdom, WC2H 9JQ","71-75 Shelton Street, Covent Garden, London, United Kingdom, WC2H 9JQ",,,,,,,,,1
35542,25329,BEAUTY BLOCKS LTD,NEW AGE GAMES LIMITED,"71-75 Shelton Street, Covent Garden, London, United Kingdom, WC2H 9JQ","71-75 Shelton Street, Covent Garden, London, United Kingdom, WC2H 9JQ",,,,,,,,,1
35542,28246,BEAUTY BLOCKS LTD,BEAUTY BOLD PR LTD,"71-75 Shelton Street, Covent Garden, London, United Kingdom, WC2H 9JQ","71-75 Shelton Street, Covent Garden, London, United Kingdom, WC2H 9JQ",,,,,,,,,1
35604,3904,U FIT STUDIO (LEICESTER) LIMITED,U FIT ONLINE LIMITED,"The Wullcomb, 89 Vaughan Way, Leicester, England, LE1 4SG","The Wullcomb, 89 Vaughan Way, Leicester, England, LE1 4SG",,,,,,,,,1
35604,11864,U FIT STUDIO (LEICESTER) LIMITED,U FIT GROUP LIMITED,"The Wullcomb, 89 Vaughan Way, Leicester, England, LE1 4SG","The Wullcomb, 89 Vaughan Way, Leicester, England, LE1 4SG",,,,,,,,,1
35604,23396,U FIT STUDIO (LEICESTER) LIMITED,U FIT WELLNESS LIMITED,"The Wullcomb, 89 Vaughan Way, Leicester, England, LE1 4SG","The Wullcomb, 89 Vaughan Way, Leicester, England, LE1 4SG",,,,,,,,,1
35655,3412,T A FISHER DEVELOPMENTS LIMITED,T. A. FISHER (REDFIELDS) LIMITED,"Theale Court 11 - 13 High Street, Theale, Reading, RG7 5AH","Theale Court 11 - 13 High Street, Theale, Reading, RG7 5AH",,,,,,,,,1
35722,25131,SOFTWARE IN PARTNERSHIP LIMITED,SOFTWARE IN PARTNERSHIP TRUSTEE LIMITED,"53 Eastwood Road, Leigh On Sea, Essex, SS9 3AH","53 Eastwood Road, Leigh On Sea, Essex, SS9 3AH",,,,,,,,,1
35748,5084,GOOD & GOOD LIMITED,GOOD & GOOD INVESTMENTS LIMITED,"66 North Quay, Great Yarmouth, England, NR30 1HE","66 North Quay, Great Yarmouth, England, NR30 1HE",,,,,,,,,1
35778,5705,"S, A & S PROPERTIES LIMITED","S, A & S INVESTMENTS LIMITED","8 Craigie Park, Aberdeen, AB25 2SE","8 Craigie Park, Aberdeen, AB25 2SE",,,,,,,,,1
35857,7209,BEAUTY AND THE BENEFIT LIMITED,Z & Z BROTHERS IT SOLUTIONS LTD,"86-90 Paul Street, London, England, United Kingdom, EC2A 4NE","86-90 Paul Street, London, England, United Kingdom, EC2A 4NE",,,,,,,,,1
35857,8900,BEAUTY AND THE BENEFIT LIMITED,Q AND QUAINT LIMITED,"86-90 Paul Street, London, England, United Kingdom, EC2A 4NE","86-90 Paul Street, London, England, United Kingdom, EC2A 4NE",,,,,,,,,1
35857,10177,BEAUTY AND THE BENEFIT LIMITED,ALL ABOUT DRINKS CONSULTING SERVICES LTD,"86-90 Paul Street, London, England, United Kingdom, EC2A 4NE","86-90 Paul Street, London, England, United Kingdom, EC2A 4NE",,,,,,,,,1
35857,12164,BEAUTY AND THE BENEFIT LIMITED,S A ELECTRICAL SOLUTIONS LTD,"86-90 Paul Street, London, England, United Kingdom, EC2A 4NE","86-90 Paul Street, London, England, United Kingdom, EC2A 4NE",,,,,,,,,1
35857,19788,BEAUTY AND THE BENEFIT LIMITED,ALL ABOUT DAMP LTD,"86-90 Paul Street, London, England, United Kingdom, EC2A 4NE","86-90 Paul Street, London, England, United Kingdom, EC2A 4NE",,,,,,,,,1
35857,24457,BEAUTY AND THE BENEFIT LIMITED,TAFFY T LTD,"86-90 Paul Street, London, England, United Kingdom, EC2A 4NE","86-90 Paul Street, London, England, United Kingdom, EC2A 4NE",,,,,,,,,1
36138,23293,KWIKOFFICE LTD,KWIKCHARGE LTD,"7 Brockley Avenue, Fallowfield, Manchester, United Kingdom, M14 7BP","7 Brockley Avenue, Fallowfield, Manchester, United Kingdom, M14 7BP",,,,,,,,,1
36305,20534,SOFTWARE ISLAND LIMITED,B.A.D CONSULTANCY LTD,"Demsa Accounts, 278 Langham Road, London, United Kingdom, N15 3NP","Demsa Accounts, 278 Langham Road, London, United Kingdom, N15 3NP",,,,,,,,,1
36427,263,SOFTWARE KEYS-SK LTD,ALL ABOUT KIDS LTD,"71-75 Shelton Street, Covent Garden, London, United Kingdom, WC2H 9JQ","71-75 Shelton Street, Covent Garden, London, United Kingdom, WC2H 9JQ",,,,,,,,,1
36427,3444,SOFTWARE KEYS-SK LTD,U BROWN LTD,"71-75 Shelton Street, Covent Garden, London, United Kingdom, WC2H 9JQ","71-75 Shelton Street, Covent Garden, London, United Kingdom, WC2H 9JQ",,,,,,,,,1
36427,3775,SOFTWARE KEYS-SK LTD,T & B ENGINEERING SOLUTIONS LTD,"71-75 Shelton Street, Covent Garden, London, United Kingdom, WC2H 9JQ","71-75 Shelton Street, Covent Garden, London, United Kingdom, WC2H 9JQ",,,,,,,,,1
36427,4375,SOFTWARE KEYS-SK LTD,H & A ENGINEERING LTD,"71-75 Shelton Street, Covent Garden, London, United Kingdom, WC2H 9JQ","71-75 Shelton Street, Covent Garden, London, United Kingdom, WC2H 9JQ",,,,,,,,,1
36427,4438,SOFTWARE KEYS-SK LTD,BEAUTY BOOSTERS LTD,"71-75 Shelton Street, Covent Garden, London, United Kingdom, WC2H 9JQ","71-75 Shelton Street, Covent Garden, London, United Kingdom, WC2H 9JQ",,,,,,,,,1
36427,6594,SOFTWARE KEYS-SK LTD,U EVENTS LIMITED,"71-75 Shelton Street, Covent Garden, London, United Kingdom, WC2H 9JQ","71-75 Shelton Street, Covent Garden, London, United Kingdom, WC2H 9JQ",,,,,,,,,1
36427,7607,SOFTWARE KEYS-SK LTD,GOOD ADVICE DEBT COMPANY LIMITED,"71-75 Shelton Street, Covent Garden, London, United Kingdom, WC2H 9JQ","71-75 Shelton Street, Covent Garden, London, United Kingdom, WC2H 9JQ",,,,,,,,,1
36427,11053,SOFTWARE KEYS-SK LTD,ALL ABOUT THE SAAS LTD,"71-75 Shelton Street, Covent Garden, London, United Kingdom, WC2H 9JQ","71-75 Shelton Street, Covent Garden, London, United Kingdom, WC2H 9JQ",,,,,,,,,1
36427,12838,SOFTWARE KEYS-SK LTD,Q CONSULTING GROUP LTD,"71-75 Shelton Street, Covent Garden, London, United Kingdom, WC2H 9JQ","71-75 Shelton Street, Covent Garden, London, United Kingdom, WC2H 9JQ",,,,,,,,,1
36427,15089,SOFTWARE KEYS-SK LTD,Q UN LIMITED,"71-75 Shelton Street, Covent Garden, London, United Kingdom, WC2H 9JQ","71-75 Shelton Street, Covent Garden, London, United Kingdom, WC2H 9JQ",,,,,,,,,1
36427,18039,SOFTWARE KEYS-SK LTD,Z & K DISTRIBUTORS LIMITED,"71-75 Shelton Street, Covent Garden, London, United Kingdom, WC2H 9JQ","71-75 Shelton Street, Covent Garden, London, United Kingdom, WC2H 9JQ",,,,,,,,,1
36427,18878,SOFTWARE KEYS-SK LTD,FOOD & BEVERAGE INTERNATIONAL LTD,"71-75 Shelton Street, Covent Garden, London, United Kingdom, WC2H 9JQ","71-75 Shelton Street, Covent Garden, London, United Kingdom, WC2H 9JQ",,,,,,,,,1
36427,19784,SOFTWARE KEYS-SK LTD,S A GUARANTEE SPECIALISTS UK LIMITED,"71-75 Shelton Street, Covent Garden, London, United Kingdom, WC2H 9JQ","71-75 Shelton Street, Covent Garden, London, United Kingdom, WC2H 9JQ",,,,,,,,,1
36427,19928,SOFTWARE KEYS-SK LTD,ALL ABOUT ME ENTERPRISES LIMITED,"71-75 Shelton Street, Covent Garden, London, United Kingdom, WC2H 9JQ","71-75 Shelton Street, Covent Garden, London, United Kingdom, WC2H 9JQ",,,,,,,,,1
36427,21691,SOFTWARE KEYS-SK LTD,NEW AGE AGENCY AND SERVICES LIMITED,"71-75 Shelton Street, Covent Garden, London, United Kingdom, WC2H 9JQ","71-75 Shelton Street, Covent Garden, London, United Kingdom, WC2H 9JQ",,,,,,,,,1
36427,25329,SOFTWARE KEYS-SK LTD,NEW AGE GAMES LIMITED,"71-75 Shelton Street, Covent Garden, London, United Kingdom, WC2H 9JQ","71-75 Shelton Street, Covent Garden, London, United Kingdom, WC2H 9JQ",,,,,,,,,1
36427,28246,SOFTWARE KEYS-SK LTD,BEAUTY BOLD PR LTD,"71-75 Shelton Street, Covent Garden, London, United Kingdom, WC2H 9JQ","71-75 Shelton Street, Covent Garden, London, United Kingdom, WC2H 9JQ",,,,,,,,,1
36427,35542,SOFTWARE KEYS-SK LTD,BEAUTY BLOCKS LTD,"71-75 Shelton Street, Covent Garden, London, United Kingdom, WC2H 9JQ","71-75 Shelton Street, Covent Garden, London, United Kingdom, WC2H 9JQ",,,,,,,,,1
36528,1934,FOOD A.I.D.E CONSULTING LTD,FOOD CATERING LTD,"Studio 210 134-146 Curtain Road, London, England, EC2A 3AR","Studio 210 134-146 Curtain Road, London, England, EC2A 3AR",,,,,,,,,1
36528,22527,FOOD A.I.D.E CONSULTING LTD,BAD CHICKS LTD,"Studio 210 134-146 Curtain Road, London, England, EC2A 3AR","Studio 210 134-146 Curtain Road, London, England, EC2A 3AR",,,,,,,,,1
36528,25451,FOOD A.I.D.E CONSULTING LTD,BEAUTY AND THE BULLZ LIMITED,"Studio 210 134-146 Curtain Road, London, England, EC2A 3AR","Studio 210 134-146 Curtain Road, London, England, EC2A 3AR",,,,,,,,,1
36528,33772,FOOD A.I.D.E CONSULTING LTD,BEAUTY BATH JUNKIE LIMITED,"Studio 210 134-146 Curtain Road, London, England, EC2A 3AR","Studio 210 134-146 Curtain Road, London, England, EC2A 3AR",,,,,,,,,1
36970,263,NIKOLIC FINANCES LTD,ALL ABOUT KIDS LTD,"71-75 Shelton Street, Covent Garden, London, United Kingdom, WC2H 9JQ","71-75 Shelton Street, Covent Garden, London, United Kingdom, WC2H 9JQ",,,,,,,,,1
36970,3444,NIKOLIC FINANCES LTD,U BROWN LTD,"71-75 Shelton Street, Covent Garden, London, United Kingdom, WC2H 9JQ","71-75 Shelton Street, Covent Garden, London, United Kingdom, WC2H 9JQ",,,,,,,,,1
36970,3775,NIKOLIC FINANCES LTD,T & B ENGINEERING SOLUTIONS LTD,"71-75 Shelton Street, Covent Garden, London, United Kingdom, WC2H 9JQ","71-75 Shelton Street, Covent Garden, London, United Kingdom, WC2H 9JQ",,,,,,,,,1
36970,4375,NIKOLIC FINANCES LTD,H & A ENGINEERING LTD,"71-75 Shelton Street, Covent Garden, London, United Kingdom, WC2H 9JQ","71-75 Shelton Street, Covent Garden, London, United Kingdom, WC2H 9JQ",,,,,,,,,1
36970,4438,NIKOLIC FINANCES LTD,BEAUTY BOOSTERS LTD,"71-75 Shelton Street, Covent Garden, London, United Kingdom, WC2H 9JQ","71-75 Shelton Street, Covent Garden, London, United Kingdom, WC2H 9JQ",,,,,,,,,1
36970,6594,NIKOLIC FINANCES LTD,U EVENTS LIMITED,"71-75 Shelton Street, Covent Garden, London, United Kingdom, WC2H 9JQ","71-75 Shelton Street, Covent Garden, London, United Kingdom, WC2H 9JQ",,,,,,,,,1
36970,7607,NIKOLIC FINANCES LTD,GOOD ADVICE DEBT COMPANY LIMITED,"71-75 Shelton Street, Covent Garden, London, United Kingdom, WC2H 9JQ","71-75 Shelton Street, Covent Garden, London, United Kingdom, WC2H 9JQ",,,,,,,,,1
36970,11053,NIKOLIC FINANCES LTD,ALL ABOUT THE SAAS LTD,"71-75 Shelton Street, Covent Garden, London, United Kingdom, WC2H 9JQ","71-75 Shelton Street, Covent Garden, London, United Kingdom, WC2H 9JQ",,,,,,,,,1
36970,12838,NIKOLIC FINANCES LTD,Q CONSULTING GROUP LTD,"71-75 Shelton Street, Covent Garden, London, United Kingdom, WC2H 9JQ","71-75 Shelton Street, Covent Garden, London, United Kingdom, WC2H 9JQ",,,,,,,,,1
36970,15089,NIKOLIC FINANCES LTD,Q UN LIMITED,"71-75 Shelton Street, Covent Garden, London, United Kingdom, WC2H 9JQ","71-75 Shelton Street, Covent Garden, London, United Kingdom, WC2H 9JQ",,,,,,,,,1
36970,18039,NIKOLIC FINANCES LTD,Z & K DISTRIBUTORS LIMITED,"71-75 Shelton Street, Covent Garden, London, United Kingdom, WC2H 9JQ","71-75 Shelton Street, Covent Garden, London, United Kingdom, WC2H 9JQ",,,,,,,,,1
36970,18878,NIKOLIC FINANCES LTD,FOOD & BEVERAGE INTERNATIONAL LTD,"71-75 Shelton Street, Covent Garden, London, United Kingdom, WC2H 9JQ","71-75 Shelton Street, Covent Garden, London, United Kingdom, WC2H 9JQ",,,,,,,,,1
36970,19784,NIKOLIC FINANCES LTD,S A GUARANTEE SPECIALISTS UK LIMITED,"71-75 Shelton Street, Covent Garden, London, United Kingdom, WC2H 9JQ","71-75 Shelton Street, Covent Garden, London, United Kingdom, WC2H 9JQ",,,,,,,,,1
36970,19928,NIKOLIC FINANCES LTD,ALL ABOUT ME ENTERPRISES LIMITED,"71-75 Shelton Street, Covent Garden, London, United Kingdom, WC2H 9JQ","71-75 Shelton Street, Covent Garden, London, United Kingdom, WC2H 9JQ",,,,,,,,,1
36970,21691,NIKOLIC FINANCES LTD,NEW AGE AGENCY AND SERVICES LIMITED,"71-75 Shelton Street, Covent Garden, London, United Kingdom, WC2H 9JQ","71-75 Shelton Street, Covent Garden, London, United Kingdom, WC2H 9JQ",,,,,,,,,1
36970,25329,NIKOLIC FINANCES LTD,NEW AGE GAMES LIMITED,"71-75 Shelton Street, Covent Garden, London, United Kingdom, WC2H 9JQ","71-75 Shelton Street, Covent Garden, London, United Kingdom, WC2H 9JQ",,,,,,,,,1
36970,28246,NIKOLIC FINANCES LTD,BEAUTY BOLD PR LTD,"71-75 Shelton Street, Covent Garden, London, United Kingdom, WC2H 9JQ","71-75 Shelton Street, Covent Garden, London, United Kingdom, WC2H 9JQ",,,,,,,,,1
36970,35542,NIKOLIC FINANCES LTD,BEAUTY BLOCKS LTD,"71-75 Shelton Street, Covent Garden, London, United Kingdom, WC2H 9JQ","71-75 Shelton Street, Covent Garden, London, United Kingdom, WC2H 9JQ",,,,,,,,,1
36970,36427,NIKOLIC FINANCES LTD,SOFTWARE KEYS-SK LTD,"71-75 Shelton Street, Covent Garden, London, United Kingdom, WC2H 9JQ","71-75 Shelton Street, Covent Garden, London, United Kingdom, WC2H 9JQ",,,,,,,,,1
36986,26796,Veronesi Holding Spa,Societa' Agricola La Pellegrina Spa,"VIA VALPANTENA 18/G, VERONA, 37142, VERONA, ITALY","VIA VALPANTENA 18/G, VERONA, 37142, VERONA, ITALY",,,,,IT02429770239,IT00642520233,,,1
37056,11588,Q BAR CRO LTD,Q BAR BR3 LTD,"214 Lower Addiscombe Road, Croydon, England, CR0 7AB","214 Lower Addiscombe Road, Croydon, England, CR0 7AB",,,,,,,,,1
37077,34377,Riva Forni Elettrici Spa,Riva Acciaio Spa,"VIALE CERTOSA 249, MILANO, 20151, MILANO, ITALY","VIALE CERTOSA 249, MILANO, 20151, MILANO, ITALY",,,,,IT07969220966,IT08521290158,,,1
37081,3303,U & I EMPLOYMENT CONSULTANTS LTD,NEW AGE PERSONAL TRAINING LTD.,"29 Brandon Street, Hamilton, South Lanarkshire, ML3 6DA","29 Brandon Street, Hamilton, South Lanarkshire, ML3 6DA",,,,,,,,,1
37081,12257,U & I EMPLOYMENT CONSULTANTS LTD,MIDSIDE FINANCES LIMITED,"29 Brandon Street, Hamilton, South Lanarkshire, ML3 6DA","29 Brandon Street, Hamilton, South Lanarkshire, ML3 6DA",,,,,,,,,1
37081,18671,U & I EMPLOYMENT CONSULTANTS LTD,NEW AGE FITNESS LTD,"29 Brandon Street, Hamilton, South Lanarkshire, ML3 6DA","29 Brandon Street, Hamilton, South Lanarkshire, ML3 6DA",,,,,,,,,1
37081,30252,U & I EMPLOYMENT CONSULTANTS LTD,Z & Z ASLAM (PERTH) LTD,"29 Brandon Street, Hamilton, South Lanarkshire, ML3 6DA","29 Brandon Street, Hamilton, South Lanarkshire, ML3 6DA",,,,,,,,,1
37081,34434,U & I EMPLOYMENT CONSULTANTS LTD,Z & Z ASLAM LIMITED,"29 Brandon Street, Hamilton, South Lanarkshire, ML3 6DA","29 Brandon Street, Hamilton, South Lanarkshire, ML3 6DA",,,,,,,,,1
37084,30839,Q DENTAL CARE LIMITED,Q DENTAL SURGERIES LIMITED,"Europa House Europa Trading Estate, Stoneclough Road, Kearsley, Manchester, M26 1GG","Europa House Europa Trading Estate, Stoneclough Road, Kearsley, Manchester, M26 1GG",,,,,,,,,1
37120,22760,BAD WOLF (DG) LTD,BAD WOLF (HDM) LTD,"Wolf Studios Wales Trident Industrial Park, Glass Avenue, Cardiff, United Kingdom, CF24 5EN","Wolf Studios Wales Trident Industrial Park, Glass Avenue, Cardiff, United Kingdom, CF24 5EN",,,,,,,,,1
37131,26796,Agricola Tre Valli Societa' Cooperativa,Societa' Agricola La Pellegrina Spa,"VIA VALPANTENA 18/G, VERONA, 37142, VERONA, ITALY","VIA VALPANTENA 18/G, VERONA, 37142, VERONA, ITALY",,,,,IT02447620234,IT00642520233,,,1
37131,36986,Agricola Tre Valli Societa' Cooperativa,Veronesi Holding Spa,"VIA VALPANTENA 18/G, VERONA, 37142, VERONA, ITALY","VIA VALPANTENA 18/G, VERONA, 37142, VERONA, ITALY",,,,,IT02447620234,IT02429770239,,,1
37159,17500,5D UK OPERATIONS LTD,5D UK REAL ESTATE LTD,"65 Delamere Road, Hayes, England, UB4 0NN","65 Delamere Road, Hayes, England, UB4 0NN",,,,,,,,,1
37218,263,U CHOZE LIMITED,ALL ABOUT KIDS LTD,"71-75 Shelton Street, Covent Garden, London, United Kingdom, WC2H 9JQ","71-75 Shelton Street, Covent Garden, London, United Kingdom, WC2H 9JQ",,,,,,,,,1
37218,3444,U CHOZE LIMITED,U BROWN LTD,"71-75 Shelton Street, Covent Garden, London, United Kingdom, WC2H 9JQ","71-75 Shelton Street, Covent Garden, London, United Kingdom, WC2H 9JQ",,,,,,,,,1
37218,3775,U CHOZE LIMITED,T & B ENGINEERING SOLUTIONS LTD,"71-75 Shelton Street, Covent Garden, London, United Kingdom, WC2H 9JQ","71-75 Shelton Street, Covent Garden, London, United Kingdom, WC2H 9JQ",,,,,,,,,1
37218,4375,U CHOZE LIMITED,H & A ENGINEERING LTD,"71-75 Shelton Street, Covent Garden, London, United Kingdom, WC2H 9JQ","71-75 Shelton Street, Covent Garden, London, United Kingdom, WC2H 9JQ",,,,,,,,,1
37218,4438,U CHOZE LIMITED,BEAUTY BOOSTERS LTD,"71-75 Shelton Street, Covent Garden, London, United Kingdom, WC2H 9JQ","71-75 Shelton Street, Covent Garden, London, United Kingdom, WC2H 9JQ",,,,,,,,,1
37218,6594,U CHOZE LIMITED,U EVENTS LIMITED,"71-75 Shelton Street, Covent Garden, London, United Kingdom, WC2H 9JQ","71-75 Shelton Street, Covent Garden, London, United Kingdom, WC2H 9JQ",,,,,,,,,1
37218,7607,U CHOZE LIMITED,GOOD ADVICE DEBT COMPANY LIMITED,"71-75 Shelton Street, Covent Garden, London, United Kingdom, WC2H 9JQ","71-75 Shelton Street, Covent Garden, London, United Kingdom, WC2H 9JQ",,,,,,,,,1
37218,11053,U CHOZE LIMITED,ALL ABOUT THE SAAS LTD,"71-75 Shelton Street, Covent Garden, London, United Kingdom, WC2H 9JQ","71-75 Shelton Street, Covent Garden, London, United Kingdom, WC2H 9JQ",,,,,,,,,1
37218,12838,U CHOZE LIMITED,Q CONSULTING GROUP LTD,"71-75 Shelton Street, Covent Garden, London, United Kingdom, WC2H 9JQ","71-75 Shelton Street, Covent Garden, London, United Kingdom, WC2H 9JQ",,,,,,,,,1
37218,15089,U CHOZE LIMITED,Q UN LIMITED,"71-75 Shelton Street, Covent Garden, London, United Kingdom, WC2H 9JQ","71-75 Shelton Street, Covent Garden, London, United Kingdom, WC2H 9JQ",,,,,,,,,1
37218,18039,U CHOZE LIMITED,Z & K DISTRIBUTORS LIMITED,"71-75 Shelton Street, Covent Garden, London, United Kingdom, WC2H 9JQ","71-75 Shelton Street, Covent Garden, London, United Kingdom, WC2H 9JQ",,,,,,,,,1
37218,18878,U CHOZE LIMITED,FOOD & BEVERAGE INTERNATIONAL LTD,"71-75 Shelton Street, Covent Garden, London, United Kingdom, WC2H 9JQ","71-75 Shelton Street, Covent Garden, London, United Kingdom, WC2H 9JQ",,,,,,,,,1
37218,19784,U CHOZE LIMITED,S A GUARANTEE SPECIALISTS UK LIMITED,"71-75 Shelton Street, Covent Garden, London, United Kingdom, WC2H 9JQ","71-75 Shelton Street, Covent Garden, London, United Kingdom, WC2H 9JQ",,,,,,,,,1
37218,19928,U CHOZE LIMITED,ALL ABOUT ME ENTERPRISES LIMITED,"71-75 Shelton Street, Covent Garden, London, United Kingdom, WC2H 9JQ","71-75 Shelton Street, Covent Garden, London, United Kingdom, WC2H 9JQ",,,,,,,,,1
37218,21691,U CHOZE LIMITED,NEW AGE AGENCY AND SERVICES LIMITED,"71-75 Shelton Street, Covent Garden, London, United Kingdom, WC2H 9JQ","71-75 Shelton Street, Covent Garden, London, United Kingdom, WC2H 9JQ",,,,,,,,,1
37218,25329,U CHOZE LIMITED,NEW AGE GAMES LIMITED,"71-75 Shelton Street, Covent Garden, London, United Kingdom, WC2H 9JQ","71-75 Shelton Street, Covent Garden, London, United Kingdom, WC2H 9JQ",,,,,,,,,1
37218,28246,U CHOZE LIMITED,BEAUTY BOLD PR LTD,"71-75 Shelton Street, Covent Garden, London, United Kingdom, WC2H 9JQ","71-75 Shelton Street, Covent Garden, London, United Kingdom, WC2H 9JQ",,,,,,,,,1
37218,35542,U CHOZE LIMITED,BEAUTY BLOCKS LTD,"71-75 Shelton Street, Covent Garden, London, United Kingdom, WC2H 9JQ","71-75 Shelton Street, Covent Garden, London, United Kingdom, WC2H 9JQ",,,,,,,,,1
37218,36427,U CHOZE LIMITED,SOFTWARE KEYS-SK LTD,"71-75 Shelton Street, Covent Garden, London, United Kingdom, WC2H 9JQ","71-75 Shelton Street, Covent Garden, London, United Kingdom, WC2H 9JQ",,,,,,,,,1
37218,36970,U CHOZE LIMITED,NIKOLIC FINANCES LTD,"71-75 Shelton Street, Covent Garden, London, United Kingdom, WC2H 9JQ","71-75 Shelton Street, Covent Garden, London, United Kingdom, WC2H 9JQ",,,,,,,,,1
37301,10712,Parsid Spa,Acciaierie Venete Spa,"RIVIERA FRANCIA 9/11, PADOVA, 35127, PADOVA, ITALY","RIVIERA FRANCIA 9/11, PADOVA, 35127, PADOVA, ITALY",,,,,IT04125140287,IT00224180281,,,1
37340,17107,GC Biopharma Corp,GC Corp,"107, Ihyeon-Ro 30beon-Gil, Giheung-Gu, Yongin, 16924","107, Ihyeon-Ro 30beon-Gil, Giheung-Gu, Yongin, 16924",,,,,,,,,1
37411,22760,BAD WOLF LTD,BAD WOLF (HDM) LTD,"Wolf Studios Wales Trident Industrial Park, Glass Avenue, Cardiff, United Kingdom, CF24 5EN","Wolf Studios Wales Trident Industrial Park, Glass Avenue, Cardiff, United Kingdom, CF24 5EN",,,,,,,,,1
37411,37120,BAD WOLF LTD,BAD WOLF (DG) LTD,"Wolf Studios Wales Trident Industrial Park, Glass Avenue, Cardiff, United Kingdom, CF24 5EN","Wolf Studios Wales Trident Industrial Park, Glass Avenue, Cardiff, United Kingdom, CF24 5EN",,,,,,,,,1
37416,31231,Bonfiglioli Riduttori Spa,Bonfiglioli Spa,"VIA CLEMENTINO BONFIGLIOLI 1, CALDERARA DI RENO, 40012, BOLOGNA, ITALY","VIA CLEMENTINO BONFIGLIOLI 1, CALDERARA DI RENO, 40012, BOLOGNA, ITALY",,,,,IT04984850968,IT00500551205,,,1
37488,34907,Axpo Italia Spa,Metinvest Trametal Spa,"VIA XII OTTOBRE 1, GENOVA, 16121, GENOVA, ITALY","VIA XII OTTOBRE 1, GENOVA, 16121, GENOVA, ITALY",,,,,IT01141160992,IT05956630965,,,1
37537,17500,PLATINUM ENTERPRISE (LONDON) LTD,5D UK REAL ESTATE LTD,"65 Delamere Road, Hayes, England, UB4 0NN","65 Delamere Road, Hayes, England, UB4 0NN",,,,,,,,,1
37537,37159,PLATINUM ENTERPRISE (LONDON) LTD,5D UK OPERATIONS LTD,"65 Delamere Road, Hayes, England, UB4 0NN","65 Delamere Road, Hayes, England, UB4 0NN",,,,,,,,,1
37702,436,NEW ADVENTURES SERVICES LIMITED,NEW ADVENTURES LIMITED,"1 Parkshot, Richmond, Surrey, England, TW9 2RD","1 Parkshot, Richmond, Surrey, England, TW9 2RD",,,,,,,,,1
37742,14530,NEW ACADEMIC SCIENCE LIMITED,NEW AGE INTERNATIONAL (UK) LTD,"Fifth Floor Watson House, 54-60 Baker Street, London, United Kingdom, W1U 7BU","Fifth Floor Watson House, 54-60 Baker Street, London, United Kingdom, W1U 7BU",,,,,,,,,1
37768,4231,NEW AGE CRYPTO GOLD LTD,NEW AFRICAN PROJECTS AND BUSINESS LTD,"Office 4 219 Kensington High Street, Kensington, London, England, W8 6BD","Office 4 219 Kensington High Street, Kensington, London, England, W8 6BD",,,,,,,,,1
37768,6762,NEW AGE CRYPTO GOLD LTD,FOOD AND STUFF LTD,"Office 4 219 Kensington High Street, Kensington, London, England, W8 6BD","Office 4 219 Kensington High Street, Kensington, London, England, W8 6BD",,,,,,,,,1
37891,442,GOOD COMPUTERS UK LTD,GOOD ADVICE LTD,"Office 1.03 Vauxhall Sky Gardens, 153 Wandsworth Road, London, United Kingdom, SW8 2GB","Office 1.03 Vauxhall Sky Gardens, 153 Wandsworth Road, London, United Kingdom, SW8 2GB",,,,,,,,,1
37905,11861,Z A TRAINING LIMITED,Z & SON LIMITED,"Ground Floor, 48 White Horse Road, London, England, E1 0ND","Ground Floor, 48 White Horse Road, London, England, E1 0ND",,,,,,,,,1
38027,11787,ALL ABOUT FLIGHTS LIMITED,BAD BOYS RECORDS LIMITED,"43-45 Dorset Street, London, W1U 7NA","43-45 Dorset Street, London, W1U 7NA",,,,,,,,,1
38038,13112,GOOD COPY LTD,SOFTWARE HOUSE LIMITED,"Kemp House, 160 City Road, London, United Kingdom, EC1V 2NX","Kemp House, 160 City Road, London, United Kingdom, EC1V 2NX",,,,,,,,,1
38038,29912,GOOD COPY LTD,STANDARD WEST FINANCES LTD,"Kemp House, 160 City Road, London, United Kingdom, EC1V 2NX","Kemp House, 160 City Road, London, United Kingdom, EC1V 2NX",,,,,,,,,1
38038,32066,GOOD COPY LTD,SOFTWARE DISTRIBUTORS LTD,"Kemp House, 160 City Road, London, United Kingdom, EC1V 2NX","Kemp House, 160 City Road, London, United Kingdom, EC1V 2NX",,,,,,,,,1
38043,18894,V & E EUROPEAN AIRCRAFT SALES LIMITED,SOFTWARE DEVELOPMENTS LIMITED,"Unit 2.02 High Weald House, Glovers End, Bexhill, East Sussex, England, TN39 5ES","Unit 2.02 High Weald House, Glovers End, Bexhill, East Sussex, England, TN39 5ES",,,,,,,,,1
38043,33080,V & E EUROPEAN AIRCRAFT SALES LIMITED,T A DRILLING (SALES) LIMITED,"Unit 2.02 High Weald House, Glovers End, Bexhill, East Sussex, England, TN39 5ES","Unit 2.02 High Weald House, Glovers End, Bexhill, East Sussex, England, TN39 5ES",,,,,,,,,1
38154,93,Q ADMINISTRATION LIMITED,SOFTWARE DEVELOPMENT SERVICES LTD,"20-22 Wenlock Road, London, England, N1 7GU","20-22 Wenlock Road, London, England, N1 7GU",,,,,,,,,1
38154,502,Q ADMINISTRATION LIMITED,Z AND P INCORPORATED LTD,"20-22 Wenlock Road, London, England, N1 7GU","20-22 Wenlock Road, London, England, N1 7GU",,,,,,,,,1
38154,776,Q ADMINISTRATION LIMITED,T & ASH LTD,"20-22 Wenlock Road, London, England, N1 7GU","20-22 Wenlock Road, London, England, N1 7GU",,,,,,,,,1
38154,3415,Q ADMINISTRATION LIMITED,FOOD BOOKING LTD,"20-22 Wenlock Road, London, England, N1 7GU","20-22 Wenlock Road, London, England, N1 7GU",,,,,,,,,1
38154,4039,Q ADMINISTRATION LIMITED,ALL ABOUT BOILERS LTD,"20-22 Wenlock Road, London, England, N1 7GU","20-22 Wenlock Road, London, England, N1 7GU",,,,,,,,,1
38154,5606,Q ADMINISTRATION LIMITED,GOOD CONNEXION LTD,"20-22 Wenlock Road, London, England, N1 7GU","20-22 Wenlock Road, London, England, N1 7GU",,,,,,,,,1
38154,6679,Q ADMINISTRATION LIMITED,Q BRANCH SOLUTIONS LTD,"20-22 Wenlock Road, London, England, N1 7GU","20-22 Wenlock Road, London, England, N1 7GU",,,,,,,,,1
38154,7079,Q ADMINISTRATION LIMITED,H A DIRECT LTD,"20-22 Wenlock Road, London, England, N1 7GU","20-22 Wenlock Road, London, England, N1 7GU",,,,,,,,,1
38154,8008,Q ADMINISTRATION LIMITED,GOOD & YOUNG LTD,"20-22 Wenlock Road, London, England, N1 7GU","20-22 Wenlock Road, London, England, N1 7GU",,,,,,,,,1
38154,13025,Q ADMINISTRATION LIMITED,NEW AGE PLUMBING AND HEATING SERVICES LTD,"20-22 Wenlock Road, London, England, N1 7GU","20-22 Wenlock Road, London, England, N1 7GU",,,,,,,,,1
38154,13096,Q ADMINISTRATION LIMITED,GOOD BEAGLE INTERNATIONAL LTD,"20-22 Wenlock Road, London, England, N1 7GU","20-22 Wenlock Road, London, England, N1 7GU",,,,,,,,,1
38154,14082,Q ADMINISTRATION LIMITED,SOFTWARE BRAIN LTD,"20-22 Wenlock Road, London, England, N1 7GU","20-22 Wenlock Road, London, England, N1 7GU",,,,,,,,,1
38154,16743,Q ADMINISTRATION LIMITED,Q BRIDGE ENTERTAINMENT LTD,"20-22 Wenlock Road, London, England, N1 7GU","20-22 Wenlock Road, London, England, N1 7GU",,,,,,,,,1
38154,17304,Q ADMINISTRATION LIMITED,PERGORA FINANCES INVESTMENTS LTD,"20-22 Wenlock Road, London, England, N1 7GU","20-22 Wenlock Road, London, England, N1 7GU",,,,,,,,,1
38154,17549,Q ADMINISTRATION LIMITED,ALL ABOUT PROPERTIES LTD,"20-22 Wenlock Road, London, England, N1 7GU","20-22 Wenlock Road, London, England, N1 7GU",,,,,,,,,1
38154,18882,Q ADMINISTRATION LIMITED,NEW AGE TOURING PRODUCTIONS LIMITED,"20-22 Wenlock Road, London, England, N1 7GU","20-22 Wenlock Road, London, England, N1 7GU",,,,,,,,,1
38154,20362,Q ADMINISTRATION LIMITED,FOOD AND PACKAGING WHOLESALE LTD,"20-22 Wenlock Road, London, England, N1 7GU","20-22 Wenlock Road, London, England, N1 7GU",,,,,,,,,1
38154,23046,Q ADMINISTRATION LIMITED,HAWTHORN ROSE HOMES LIMITED,"20-22 Wenlock Road, London, England, N1 7GU","20-22 Wenlock Road, London, England, N1 7GU",,,,,,,,,1
38154,23876,Q ADMINISTRATION LIMITED,ALL ABOUT REEL LTD,"20-22 Wenlock Road, London, England, N1 7GU","20-22 Wenlock Road, London, England, N1 7GU",,,,,,,,,1
38154,25761,Q ADMINISTRATION LIMITED,GOOD CURRIES LTD,"20-22 Wenlock Road, London, England, N1 7GU","20-22 Wenlock Road, London, England, N1 7GU",,,,,,,,,1
38154,27689,Q ADMINISTRATION LIMITED,FOOD DISCOUNTS LTD,"20-22 Wenlock Road, London, England, N1 7GU","20-22 Wenlock Road, London, England, N1 7GU",,,,,,,,,1
38154,29271,Q ADMINISTRATION LIMITED,SOFTWARE DEFENCES LTD,"20-22 Wenlock Road, London, England, N1 7GU","20-22 Wenlock Road, London, England, N1 7GU",,,,,,,,,1
38154,29377,Q ADMINISTRATION LIMITED,KNOWING FINANCES LTD,"20-22 Wenlock Road, London, England, N1 7GU","20-22 Wenlock Road, London, England, N1 7GU",,,,,,,,,1
38154,30243,Q ADMINISTRATION LIMITED,BEAUTY AND NATURE STORE LTD,"20-22 Wenlock Road, London, England, N1 7GU","20-22 Wenlock Road, London, England, N1 7GU",,,,,,,,,1
38154,30445,Q ADMINISTRATION LIMITED,Z AND J GROUP LTD,"20-22 Wenlock Road, London, England, N1 7GU","20-22 Wenlock Road, London, England, N1 7GU",,,,,,,,,1
38154,30467,Q ADMINISTRATION LIMITED,Q BRIDGE MUSIC LTD,"20-22 Wenlock Road, London, England, N1 7GU","20-22 Wenlock Road, London, England, N1 7GU",,,,,,,,,1
38154,31894,Q ADMINISTRATION LIMITED,ALL ABOUT CLAIMS LTD,"20-22 Wenlock Road, London, England, N1 7GU","20-22 Wenlock Road, London, England, N1 7GU",,,,,,,,,1
38154,32040,Q ADMINISTRATION LIMITED,BEAUTY BOUND LTD,"20-22 Wenlock Road, London, England, N1 7GU","20-22 Wenlock Road, London, England, N1 7GU",,,,,,,,,1
38154,32153,Q ADMINISTRATION LIMITED,BAD BOYS MAKE NOISE LTD,"20-22 Wenlock Road, London, England, N1 7GU","20-22 Wenlock Road, London, England, N1 7GU",,,,,,,,,1
38154,33286,Q ADMINISTRATION LIMITED,GOOD BOY TRADING LIMITED,"20-22 Wenlock Road, London, England, N1 7GU","20-22 Wenlock Road, London, England, N1 7GU",,,,,,,,,1
38154,33760,Q ADMINISTRATION LIMITED,GOOD ADVICE FOR LIVING LTD,"20-22 Wenlock Road, London, England, N1 7GU","20-22 Wenlock Road, London, England, N1 7GU",,,,,,,,,1
38154,35148,Q ADMINISTRATION LIMITED,U FINANCE LTD,"20-22 Wenlock Road, London, England, N1 7GU","20-22 Wenlock Road, London, England, N1 7GU",,,,,,,,,1
38158,37540,GOOD AS MEDICAL LTD,GOOD AS PROPERTY LIMITED,"2 Holly Royde Close, Manchester, United Kingdom, M20 3HR","2 Holly Royde Close, Manchester, United Kingdom, M20 3HR",,,,,,,,,1
38315,31271,Z & D TRADING LTD,U & M LOGISTICS LTD,"10 Netherhall Road, Leicester, England, LE5 1DJ","10 Netherhall Road, Leicester, England, LE5 1DJ",,,,,,,,,1
38402,25754,T A HAZELTON TRANSPORT LIMITED,LONDON CONSULTING & FINANCES (UK) LIMITED,"3rd Floor, 207 Regent Street, London, W1B 3HH","3rd Floor, 207 Regent Street, London, W1B 3HH",,,,,,,,,1
38470,2340,H A FOR TRAINING AND CONSULTANT LTD,PACKER P LTD,"128 City Road, London, United Kingdom, EC1V 2NX","128 City Road, London, United Kingdom, EC1V 2NX",,,,,,,,,1
38470,11214,H A FOR TRAINING AND CONSULTANT LTD,BRIGHT VISION INVESTMENT LTD,"128 City Road, London, United Kingdom, EC1V 2NX","128 City Road, London, United Kingdom, EC1V 2NX",,,,,,,,,1
38470,13551,H A FOR TRAINING AND CONSULTANT LTD,NEW AGE FASHION LTD,"128 City Road, London, United Kingdom, EC1V 2NX","128 City Road, London, United Kingdom, EC1V 2NX",,,,,,,,,1
38470,17757,H A FOR TRAINING AND CONSULTANT LTD,GOOD DAY AESTHETICS & BEAUTY LTD,"128 City Road, London, United Kingdom, EC1V 2NX","128 City Road, London, United Kingdom, EC1V 2NX",,,,,,,,,1
38470,19613,H A FOR TRAINING AND CONSULTANT LTD,SOFTWARE SOLUTIONS GROUP LTD.,"128 City Road, London, United Kingdom, EC1V 2NX","128 City Road, London, United Kingdom, EC1V 2NX",,,,,,,,,1
38470,24850,H A FOR TRAINING AND CONSULTANT LTD,H ACCOUNTING SOLUTION LIMITED,"128 City Road, London, United Kingdom, EC1V 2NX","128 City Road, London, United Kingdom, EC1V 2NX",,,,,,,,,1
38470,28937,H A FOR TRAINING AND CONSULTANT LTD,TANA T TRADING LTD,"128 City Road, London, United Kingdom, EC1V 2NX","128 City Road, London, United Kingdom, EC1V 2NX",,,,,,,,,1
38470,29510,H A FOR TRAINING AND CONSULTANT LTD,V & MARK COMPANY LTD,"128 City Road, London, United Kingdom, EC1V 2NX","128 City Road, London, United Kingdom, EC1V 2NX",,,,,,,,,1
38470,31132,H A FOR TRAINING AND CONSULTANT LTD,P A MARTIN CONSTRUCTION LTD,"128 City Road, London, United Kingdom, EC1V 2NX","128 City Road, London, United Kingdom, EC1V 2NX",,,,,,,,,1
38470,31915,H A FOR TRAINING AND CONSULTANT LTD,U AND M CONSULTANTS LTD,"128 City Road, London, United Kingdom, EC1V 2NX","128 City Road, London, United Kingdom, EC1V 2NX",,,,,,,,,1
38470,32385,H A FOR TRAINING AND CONSULTANT LTD,ECO MARINE FOODS LTD,"128 City Road, London, United Kingdom, EC1V 2NX","128 City Road, London, United Kingdom, EC1V 2NX",,,,,,,,,1
38495,859,Snaitech Spa,Pluto (italia) Spa,"PIAZZA DELLA REPUBBLICA 32, MILANO, 20124, MILANO, ITALY","PIAZZA DELLA REPUBBLICA 32, MILANO, 20124, MILANO, ITALY",,,,,IT01729640464,IT10286850960,,,1
38637,1934,BAD CONVERSATION CLOTHING LTD.,FOOD CATERING LTD,"Studio 210 134-146 Curtain Road, London, England, EC2A 3AR","Studio 210 134-146 Curtain Road, London, England, EC2A 3AR",,,,,,,,,1
38637,22527,BAD CONVERSATION CLOTHING LTD.,BAD CHICKS LTD,"Studio 210 134-146 Curtain Road, London, England, EC2A 3AR","Studio 210 134-146 Curtain Road, London, England, EC2A 3AR",,,,,,,,,1
38637,25451,BAD CONVERSATION CLOTHING LTD.,BEAUTY AND THE BULLZ LIMITED,"Studio 210 134-146 Curtain Road, London, England, EC2A 3AR","Studio 210 134-146 Curtain Road, London, England, EC2A 3AR",,,,,,,,,1
38637,33772,BAD CONVERSATION CLOTHING LTD.,BEAUTY BATH JUNKIE LIMITED,"Studio 210 134-146 Curtain Road, London, England, EC2A 3AR","Studio 210 134-146 Curtain Road, London, England, EC2A 3AR",,,,,,,,,1
38637,36528,BAD CONVERSATION CLOTHING LTD.,FOOD A.I.D.E CONSULTING LTD,"Studio 210 134-146 Curtain Road, London, England, EC2A 3AR","Studio 210 134-146 Curtain Road, London, England, EC2A 3AR",,,,,,,,,1
38692,31760,ZWIBAU FINANCES LIMITED,NEW AGE TRADING LTD,"63 - 66 Hatton Garden, Fifth Floor, Suite 23, London, England, EC1N 8LE","63 - 66 Hatton Garden, Fifth Floor, Suite 23, London, England, EC1N 8LE",,,,,,,,,1
38754,2340,Z CONTROLS & AUTOMATION LTD,PACKER P LTD,"128 City Road, London, United Kingdom, EC1V 2NX","128 City Road, London, United Kingdom, EC1V 2NX",,,,,,,,,1
38754,11214,Z CONTROLS & AUTOMATION LTD,BRIGHT VISION INVESTMENT LTD,"128 City Road, London, United Kingdom, EC1V 2NX","128 City Road, London, United Kingdom, EC1V 2NX",,,,,,,,,1
38754,13551,Z CONTROLS & AUTOMATION LTD,NEW AGE FASHION LTD,"128 City Road, London, United Kingdom, EC1V 2NX","128 City Road, London, United Kingdom, EC1V 2NX",,,,,,,,,1
38754,17757,Z CONTROLS & AUTOMATION LTD,GOOD DAY AESTHETICS & BEAUTY LTD,"128 City Road, London, United Kingdom, EC1V 2NX","128 City Road, London, United Kingdom, EC1V 2NX",,,,,,,,,1
38754,19613,Z CONTROLS & AUTOMATION LTD,SOFTWARE SOLUTIONS GROUP LTD.,"128 City Road, London, United Kingdom, EC1V 2NX","128 City Road, London, United Kingdom, EC1V 2NX",,,,,,,,,1
38754,24850,Z CONTROLS & AUTOMATION LTD,H ACCOUNTING SOLUTION LIMITED,"128 City Road, London, United Kingdom, EC1V 2NX","128 City Road, London, United Kingdom, EC1V 2NX",,,,,,,,,1
38754,28937,Z CONTROLS & AUTOMATION LTD,TANA T TRADING LTD,"128 City Road, London, United Kingdom, EC1V 2NX","128 City Road, London, United Kingdom, EC1V 2NX",,,,,,,,,1
38754,29510,Z CONTROLS & AUTOMATION LTD,V & MARK COMPANY LTD,"128 City Road, London, United Kingdom, EC1V 2NX","128 City Road, London, United Kingdom, EC1V 2NX",,,,,,,,,1
38754,31132,Z CONTROLS & AUTOMATION LTD,P A MARTIN CONSTRUCTION LTD,"128 City Road, London, United Kingdom, EC1V 2NX","128 City Road, London, United Kingdom, EC1V 2NX",,,,,,,,,1
38754,31915,Z CONTROLS & AUTOMATION LTD,U AND M CONSULTANTS LTD,"128 City Road, London, United Kingdom, EC1V 2NX","128 City Road, London, United Kingdom, EC1V 2NX",,,,,,,,,1
38754,32385,Z CONTROLS & AUTOMATION LTD,ECO MARINE FOODS LTD,"128 City Road, London, United Kingdom, EC1V 2NX","128 City Road, London, United Kingdom, EC1V 2NX",,,,,,,,,1
38754,38470,Z CONTROLS & AUTOMATION LTD,H A FOR TRAINING AND CONSULTANT LTD,"128 City Road, London, United Kingdom, EC1V 2NX","128 City Road, London, United Kingdom, EC1V 2NX",,,,,,,,,1
38761,6881,GOOD CARS LTD,U G SALES LTD,"124 City Road, London, United Kingdom, EC1V 2NX","124 City Road, London, United Kingdom, EC1V 2NX",,,,,,,,,1
38761,23305,GOOD CARS LTD,BAD BEHAVIOUR LTD,"124 City Road, London, United Kingdom, EC1V 2NX","124 City Road, London, United Kingdom, EC1V 2NX",,,,,,,,,1
38836,5950,Z CAD SOLUTIONS LIMITED,R A HUNTER LIMITED,"320 Firecrest Court Centre Park, Warrington, United Kingdom, WA1 1RG","320 Firecrest Court Centre Park, Warrington, United Kingdom, WA1 1RG",,,,,,,,,1
38836,15657,Z CAD SOLUTIONS LIMITED,R A BALDOCK LIMITED,"320 Firecrest Court Centre Park, Warrington, United Kingdom, WA1 1RG","320 Firecrest Court Centre Park, Warrington, United Kingdom, WA1 1RG",,,,,,,,,1
38836,19028,Z CAD SOLUTIONS LIMITED,V & M ENGINEERING LIMITED,"320 Firecrest Court Centre Park, Warrington, United Kingdom, WA1 1RG","320 Firecrest Court Centre Park, Warrington, United Kingdom, WA1 1RG",,,,,,,,,1
38836,27755,Z CAD SOLUTIONS LIMITED,S A HOMOLOGATION CONSULTANTS LIMITED,"320 Firecrest Court Centre Park, Warrington, United Kingdom, WA1 1RG","320 Firecrest Court Centre Park, Warrington, United Kingdom, WA1 1RG",,,,,,,,,1
38836,32985,Z CAD SOLUTIONS LIMITED,R ALLAN AND SONS DOMESTIC AND COMMERCIAL SERVICES LTD,"320 Firecrest Court Centre Park, Warrington, United Kingdom, WA1 1RG","320 Firecrest Court Centre Park, Warrington, United Kingdom, WA1 1RG",,,,,,,,,1
38851,3904,U FIT MINI LIMITED,U FIT ONLINE LIMITED,"The Wullcomb, 89 Vaughan Way, Leicester, England, LE1 4SG","The Wullcomb, 89 Vaughan Way, Leicester, England, LE1 4SG",,,,,,,,,1
38851,11864,U FIT MINI LIMITED,U FIT GROUP LIMITED,"The Wullcomb, 89 Vaughan Way, Leicester, England, LE1 4SG","The Wullcomb, 89 Vaughan Way, Leicester, England, LE1 4SG",,,,,,,,,1
38851,23396,U FIT MINI LIMITED,U FIT WELLNESS LIMITED,"The Wullcomb, 89 Vaughan Way, Leicester, England, LE1 4SG","The Wullcomb, 89 Vaughan Way, Leicester, England, LE1 4SG",,,,,,,,,1
38851,35604,U FIT MINI LIMITED,U FIT STUDIO (LEICESTER) LIMITED,"The Wullcomb, 89 Vaughan Way, Leicester, England, LE1 4SG","The Wullcomb, 89 Vaughan Way, Leicester, England, LE1 4SG",,,,,,,,,1
38905,93,V AND J'S SOIREES LTD,SOFTWARE DEVELOPMENT SERVICES LTD,"20-22 Wenlock Road, London, England, N1 7GU","20-22 Wenlock Road, London, England, N1 7GU",,,,,,,,,1
38905,502,V AND J'S SOIREES LTD,Z AND P INCORPORATED LTD,"20-22 Wenlock Road, London, England, N1 7GU","20-22 Wenlock Road, London, England, N1 7GU",,,,,,,,,1
38905,776,V AND J'S SOIREES LTD,T & ASH LTD,"20-22 Wenlock Road, London, England, N1 7GU","20-22 Wenlock Road, London, England, N1 7GU",,,,,,,,,1
38905,3415,V AND J'S SOIREES LTD,FOOD BOOKING LTD,"20-22 Wenlock Road, London, England, N1 7GU","20-22 Wenlock Road, London, England, N1 7GU",,,,,,,,,1
38905,4039,V AND J'S SOIREES LTD,ALL ABOUT BOILERS LTD,"20-22 Wenlock Road, London, England, N1 7GU","20-22 Wenlock Road, London, England, N1 7GU",,,,,,,,,1
38905,5606,V AND J'S SOIREES LTD,GOOD CONNEXION LTD,"20-22 Wenlock Road, London, England, N1 7GU","20-22 Wenlock Road, London, England, N1 7GU",,,,,,,,,1
38905,6679,V AND J'S SOIREES LTD,Q BRANCH SOLUTIONS LTD,"20-22 Wenlock Road, London, England, N1 7GU","20-22 Wenlock Road, London, England, N1 7GU",,,,,,,,,1
38905,7079,V AND J'S SOIREES LTD,H A DIRECT LTD,"20-22 Wenlock Road, London, England, N1 7GU","20-22 Wenlock Road, London, England, N1 7GU",,,,,,,,,1
38905,8008,V AND J'S SOIREES LTD,GOOD & YOUNG LTD,"20-22 Wenlock Road, London, England, N1 7GU","20-22 Wenlock Road, London, England, N1 7GU",,,,,,,,,1
38905,13025,V AND J'S SOIREES LTD,NEW AGE PLUMBING AND HEATING SERVICES LTD,"20-22 Wenlock Road, London, England, N1 7GU","20-22 Wenlock Road, London, England, N1 7GU",,,,,,,,,1
38905,13096,V AND J'S SOIREES LTD,GOOD BEAGLE INTERNATIONAL LTD,"20-22 Wenlock Road, London, England, N1 7GU","20-22 Wenlock Road, London, England, N1 7GU",,,,,,,,,1
38905,14082,V AND J'S SOIREES LTD,SOFTWARE BRAIN LTD,"20-22 Wenlock Road, London, England, N1 7GU","20-22 Wenlock Road, London, England, N1 7GU",,,,,,,,,1
38905,16743,V AND J'S SOIREES LTD,Q BRIDGE ENTERTAINMENT LTD,"20-22 Wenlock Road, London, England, N1 7GU","20-22 Wenlock Road, London, England, N1 7GU",,,,,,,,,1
38905,17304,V AND J'S SOIREES LTD,PERGORA FINANCES INVESTMENTS LTD,"20-22 Wenlock Road, London, England, N1 7GU","20-22 Wenlock Road, London, England, N1 7GU",,,,,,,,,1
38905,17549,V AND J'S SOIREES LTD,ALL ABOUT PROPERTIES LTD,"20-22 Wenlock Road, London, England, N1 7GU","20-22 Wenlock Road, London, England, N1 7GU",,,,,,,,,1
38905,18882,V AND J'S SOIREES LTD,NEW AGE TOURING PRODUCTIONS LIMITED,"20-22 Wenlock Road, London, England, N1 7GU","20-22 Wenlock Road, London, England, N1 7GU",,,,,,,,,1
38905,20362,V AND J'S SOIREES LTD,FOOD AND PACKAGING WHOLESALE LTD,"20-22 Wenlock Road, London, England, N1 7GU","20-22 Wenlock Road, London, England, N1 7GU",,,,,,,,,1
38905,23046,V AND J'S SOIREES LTD,HAWTHORN ROSE HOMES LIMITED,"20-22 Wenlock Road, London, England, N1 7GU","20-22 Wenlock Road, London, England, N1 7GU",,,,,,,,,1
38905,23876,V AND J'S SOIREES LTD,ALL ABOUT REEL LTD,"20-22 Wenlock Road, London, England, N1 7GU","20-22 Wenlock Road, London, England, N1 7GU",,,,,,,,,1
38905,25761,V AND J'S SOIREES LTD,GOOD CURRIES LTD,"20-22 Wenlock Road, London, England, N1 7GU","20-22 Wenlock Road, London, England, N1 7GU",,,,,,,,,1
38905,27689,V AND J'S SOIREES LTD,FOOD DISCOUNTS LTD,"20-22 Wenlock Road, London, England, N1 7GU","20-22 Wenlock Road, London, England, N1 7GU",,,,,,,,,1
38905,29271,V AND J'S SOIREES LTD,SOFTWARE DEFENCES LTD,"20-22 Wenlock Road, London, England, N1 7GU","20-22 Wenlock Road, London, England, N1 7GU",,,,,,,,,1
38905,29377,V AND J'S SOIREES LTD,KNOWING FINANCES LTD,"20-22 Wenlock Road, London, England, N1 7GU","20-22 Wenlock Road, London, England, N1 7GU",,,,,,,,,1
38905,30243,V AND J'S SOIREES LTD,BEAUTY AND NATURE STORE LTD,"20-22 Wenlock Road, London, England, N1 7GU","20-22 Wenlock Road, London, England, N1 7GU",,,,,,,,,1
38905,30445,V AND J'S SOIREES LTD,Z AND J GROUP LTD,"20-22 Wenlock Road, London, England, N1 7GU","20-22 Wenlock Road, London, England, N1 7GU",,,,,,,,,1
38905,30467,V AND J'S SOIREES LTD,Q BRIDGE MUSIC LTD,"20-22 Wenlock Road, London, England, N1 7GU","20-22 Wenlock Road, London, England, N1 7GU",,,,,,,,,1
38905,31894,V AND J'S SOIREES LTD,ALL ABOUT CLAIMS LTD,"20-22 Wenlock Road, London, England, N1 7GU","20-22 Wenlock Road, London, England, N1 7GU",,,,,,,,,1
38905,32040,V AND J'S SOIREES LTD,BEAUTY BOUND LTD,"20-22 Wenlock Road, London, England, N1 7GU","20-22 Wenlock Road, London, England, N1 7GU",,,,,,,,,1
38905,32153,V AND J'S SOIREES LTD,BAD BOYS MAKE NOISE LTD,"20-22 Wenlock Road, London, England, N1 7GU","20-22 Wenlock Road, London, England, N1 7GU",,,,,,,,,1
38905,33286,V AND J'S SOIREES LTD,GOOD BOY TRADING LIMITED,"20-22 Wenlock Road, London, England, N1 7GU","20-22 Wenlock Road, London, England, N1 7GU",,,,,,,,,1
38905,33760,V AND J'S SOIREES LTD,GOOD ADVICE FOR LIVING LTD,"20-22 Wenlock Road, London, England, N1 7GU","20-22 Wenlock Road, London, England, N1 7GU",,,,,,,,,1
38905,35148,V AND J'S SOIREES LTD,U FINANCE LTD,"20-22 Wenlock Road, London, England, N1 7GU","20-22 Wenlock Road, London, England, N1 7GU",,,,,,,,,1
38905,38154,V AND J'S SOIREES LTD,Q ADMINISTRATION LIMITED,"20-22 Wenlock Road, London, England, N1 7GU","20-22 Wenlock Road, London, England, N1 7GU",,,,,,,,,1
38911,6055,SOFTWARE COMPETITIVENESS INTERNATIONAL LTD,BEAUTY ANCHOR AESTHETICS LIMITED,"27 Old Gloucester Street, London, England, WC1N 3AX","27 Old Gloucester Street, London, England, WC1N 3AX",,,,,,,,,1
38911,6697,SOFTWARE COMPETITIVENESS INTERNATIONAL LTD,NEW AGE LETTINGS LIMITED,"27 Old Gloucester Street, London, England, WC1N 3AX","27 Old Gloucester Street, London, England, WC1N 3AX",,,,,,,,,1
38964,12920,Areti Spa,Acea Spa,"PIAZZALE OSTIENSE 2, ROMA, 00154, ROMA, ITALY","PIAZZALE OSTIENSE 2, ROMA, 00154, ROMA, ITALY",,,,,IT05816611007,IT05394801004,,Europe,1
38983,787,BEAUTY BOMB KILMARNOCK LIMITED,BEAUTY BOMB LTD,"126 King Street, Kilmarnock, Scotland, KA1 1PG","126 King Street, Kilmarnock, Scotland, KA1 1PG",,,,,,,,,1
39024,1934,Q EMPIRE LTD,FOOD CATERING LTD,"Studio 210 134-146 Curtain Road, London, England, EC2A 3AR","Studio 210 134-146 Curtain Road, London, England, EC2A 3AR",,,,,,,,,1
39024,22527,Q EMPIRE LTD,BAD CHICKS LTD,"Studio 210 134-146 Curtain Road, London, England, EC2A 3AR","Studio 210 134-146 Curtain Road, London, England, EC2A 3AR",,,,,,,,,1
39024,25451,Q EMPIRE LTD,BEAUTY AND THE BULLZ LIMITED,"Studio 210 134-146 Curtain Road, London, England, EC2A 3AR","Studio 210 134-146 Curtain Road, London, England, EC2A 3AR",,,,,,,,,1
39024,33772,Q EMPIRE LTD,BEAUTY BATH JUNKIE LIMITED,"Studio 210 134-146 Curtain Road, London, England, EC2A 3AR","Studio 210 134-146 Curtain Road, London, England, EC2A 3AR",,,,,,,,,1
39024,36528,Q EMPIRE LTD,FOOD A.I.D.E CONSULTING LTD,"Studio 210 134-146 Curtain Road, London, England, EC2A 3AR","Studio 210 134-146 Curtain Road, London, England, EC2A 3AR",,,,,,,,,1
39024,38637,Q EMPIRE LTD,BAD CONVERSATION CLOTHING LTD.,"Studio 210 134-146 Curtain Road, London, England, EC2A 3AR","Studio 210 134-146 Curtain Road, London, England, EC2A 3AR",,,,,,,,,1
39075,593,BAD GORILLA CONSULTING LIMITED,BAD VIOLET CONSULTING LIMITED,"724 Oldham Road, Failsworth, Manchester, England, M35 9FD","724 Oldham Road, Failsworth, Manchester, England, M35 9FD",,,,,,,,,1
39092,5950,P A B MANAGEMENT LIMITED,R A HUNTER LIMITED,"320 Firecrest Court Centre Park, Warrington, United Kingdom, WA1 1RG","320 Firecrest Court Centre Park, Warrington, United Kingdom, WA1 1RG",,,,,,,,,1
39092,15657,P A B MANAGEMENT LIMITED,R A BALDOCK LIMITED,"320 Firecrest Court Centre Park, Warrington, United Kingdom, WA1 1RG","320 Firecrest Court Centre Park, Warrington, United Kingdom, WA1 1RG",,,,,,,,,1
39092,19028,P A B MANAGEMENT LIMITED,V & M ENGINEERING LIMITED,"320 Firecrest Court Centre Park, Warrington, United Kingdom, WA1 1RG","320 Firecrest Court Centre Park, Warrington, United Kingdom, WA1 1RG",,,,,,,,,1
39092,27755,P A B MANAGEMENT LIMITED,S A HOMOLOGATION CONSULTANTS LIMITED,"320 Firecrest Court Centre Park, Warrington, United Kingdom, WA1 1RG","320 Firecrest Court Centre Park, Warrington, United Kingdom, WA1 1RG",,,,,,,,,1
39092,32985,P A B MANAGEMENT LIMITED,R ALLAN AND SONS DOMESTIC AND COMMERCIAL SERVICES LTD,"320 Firecrest Court Centre Park, Warrington, United Kingdom, WA1 1RG","320 Firecrest Court Centre Park, Warrington, United Kingdom, WA1 1RG",,,,,,,,,1
39092,38836,P A B MANAGEMENT LIMITED,Z CAD SOLUTIONS LIMITED,"320 Firecrest Court Centre Park, Warrington, United Kingdom, WA1 1RG","320 Firecrest Court Centre Park, Warrington, United Kingdom, WA1 1RG",,,,,,,,,1
39095,239,FOOD CAREERS LIMITED,SOFTWARE ANTELOPE LTD,"W8a Knoll Business Centre, 325-327 Old Shoreham Road, Hove, United Kingdom, BN3 7GS","W8a Knoll Business Centre, 325-327 Old Shoreham Road, Hove, United Kingdom, BN3 7GS",,,,,,,,,1
39212,26796,A.i.a. Agricola Italiana Alimentare Spa,Societa' Agricola La Pellegrina Spa,"VIA VALPANTENA 18/G, VERONA, 37142, VERONA, ITALY","VIA VALPANTENA 18/G, VERONA, 37142, VERONA, ITALY",,,,,IT00233470236,IT00642520233,,,1
39212,36986,A.i.a. Agricola Italiana Alimentare Spa,Veronesi Holding Spa,"VIA VALPANTENA 18/G, VERONA, 37142, VERONA, ITALY","VIA VALPANTENA 18/G, VERONA, 37142, VERONA, ITALY",,,,,IT00233470236,IT02429770239,,,1
39212,37131,A.i.a. Agricola Italiana Alimentare Spa,Agricola Tre Valli Societa' Cooperativa,"VIA VALPANTENA 18/G, VERONA, 37142, VERONA, ITALY","VIA VALPANTENA 18/G, VERONA, 37142, VERONA, ITALY",,,,,IT00233470236,IT02447620234,,,1
39260,93,NEW AGE STORE LTD,SOFTWARE DEVELOPMENT SERVICES LTD,"20-22 Wenlock Road, London, England, N1 7GU","20-22 Wenlock Road, London, England, N1 7GU",,,,,,,,,1
39260,502,NEW AGE STORE LTD,Z AND P INCORPORATED LTD,"20-22 Wenlock Road, London, England, N1 7GU","20-22 Wenlock Road, London, England, N1 7GU",,,,,,,,,1
39260,776,NEW AGE STORE LTD,T & ASH LTD,"20-22 Wenlock Road, London, England, N1 7GU","20-22 Wenlock Road, London, England, N1 7GU",,,,,,,,,1
39260,3415,NEW AGE STORE LTD,FOOD BOOKING LTD,"20-22 Wenlock Road, London, England, N1 7GU","20-22 Wenlock Road, London, England, N1 7GU",,,,,,,,,1
39260,4039,NEW AGE STORE LTD,ALL ABOUT BOILERS LTD,"20-22 Wenlock Road, London, England, N1 7GU","20-22 Wenlock Road, London, England, N1 7GU",,,,,,,,,1
39260,5606,NEW AGE STORE LTD,GOOD CONNEXION LTD,"20-22 Wenlock Road, London, England, N1 7GU","20-22 Wenlock Road, London, England, N1 7GU",,,,,,,,,1
39260,6679,NEW AGE STORE LTD,Q BRANCH SOLUTIONS LTD,"20-22 Wenlock Road, London, England, N1 7GU","20-22 Wenlock Road, London, England, N1 7GU",,,,,,,,,1
39260,7079,NEW AGE STORE LTD,H A DIRECT LTD,"20-22 Wenlock Road, London, England, N1 7GU","20-22 Wenlock Road, London, England, N1 7GU",,,,,,,,,1
39260,8008,NEW AGE STORE LTD,GOOD & YOUNG LTD,"20-22 Wenlock Road, London, England, N1 7GU","20-22 Wenlock Road, London, England, N1 7GU",,,,,,,,,1
39260,13025,NEW AGE STORE LTD,NEW AGE PLUMBING AND HEATING SERVICES LTD,"20-22 Wenlock Road, London, England, N1 7GU","20-22 Wenlock Road, London, England, N1 7GU",,,,,,,,,1
39260,13096,NEW AGE STORE LTD,GOOD BEAGLE INTERNATIONAL LTD,"20-22 Wenlock Road, London, England, N1 7GU","20-22 Wenlock Road, London, England, N1 7GU",,,,,,,,,1
39260,14082,NEW AGE STORE LTD,SOFTWARE BRAIN LTD,"20-22 Wenlock Road, London, England, N1 7GU","20-22 Wenlock Road, London, England, N1 7GU",,,,,,,,,1
39260,16743,NEW AGE STORE LTD,Q BRIDGE ENTERTAINMENT LTD,"20-22 Wenlock Road, London, England, N1 7GU","20-22 Wenlock Road, London, England, N1 7GU",,,,,,,,,1
39260,17304,NEW AGE STORE LTD,PERGORA FINANCES INVESTMENTS LTD,"20-22 Wenlock Road, London, England, N1 7GU","20-22 Wenlock Road, London, England, N1 7GU",,,,,,,,,1
39260,17549,NEW AGE STORE LTD,ALL ABOUT PROPERTIES LTD,"20-22 Wenlock Road, London, England, N1 7GU","20-22 Wenlock Road, London, England, N1 7GU",,,,,,,,,1
39260,18882,NEW AGE STORE LTD,NEW AGE TOURING PRODUCTIONS LIMITED,"20-22 Wenlock Road, London, England, N1 7GU","20-22 Wenlock Road, London, England, N1 7GU",,,,,,,,,1
39260,20362,NEW AGE STORE LTD,FOOD AND PACKAGING WHOLESALE LTD,"20-22 Wenlock Road, London, England, N1 7GU","20-22 Wenlock Road, London, England, N1 7GU",,,,,,,,,1
39260,23046,NEW AGE STORE LTD,HAWTHORN ROSE HOMES LIMITED,"20-22 Wenlock Road, London, England, N1 7GU","20-22 Wenlock Road, London, England, N1 7GU",,,,,,,,,1
39260,23876,NEW AGE STORE LTD,ALL ABOUT REEL LTD,"20-22 Wenlock Road, London, England, N1 7GU","20-22 Wenlock Road, London, England, N1 7GU",,,,,,,,,1
39260,25761,NEW AGE STORE LTD,GOOD CURRIES LTD,"20-22 Wenlock Road, London, England, N1 7GU","20-22 Wenlock Road, London, England, N1 7GU",,,,,,,,,1
39260,27689,NEW AGE STORE LTD,FOOD DISCOUNTS LTD,"20-22 Wenlock Road, London, England, N1 7GU","20-22 Wenlock Road, London, England, N1 7GU",,,,,,,,,1
39260,29271,NEW AGE STORE LTD,SOFTWARE DEFENCES LTD,"20-22 Wenlock Road, London, England, N1 7GU","20-22 Wenlock Road, London, England, N1 7GU",,,,,,,,,1
39260,29377,NEW AGE STORE LTD,KNOWING FINANCES LTD,"20-22 Wenlock Road, London, England, N1 7GU","20-22 Wenlock Road, London, England, N1 7GU",,,,,,,,,1
39260,30243,NEW AGE STORE LTD,BEAUTY AND NATURE STORE LTD,"20-22 Wenlock Road, London, England, N1 7GU","20-22 Wenlock Road, London, England, N1 7GU",,,,,,,,,1
39260,30445,NEW AGE STORE LTD,Z AND J GROUP LTD,"20-22 Wenlock Road, London, England, N1 7GU","20-22 Wenlock Road, London, England, N1 7GU",,,,,,,,,1
39260,30467,NEW AGE STORE LTD,Q BRIDGE MUSIC LTD,"20-22 Wenlock Road, London, England, N1 7GU","20-22 Wenlock Road, London, England, N1 7GU",,,,,,,,,1
39260,31894,NEW AGE STORE LTD,ALL ABOUT CLAIMS LTD,"20-22 Wenlock Road, London, England, N1 7GU","20-22 Wenlock Road, London, England, N1 7GU",,,,,,,,,1
39260,32040,NEW AGE STORE LTD,BEAUTY BOUND LTD,"20-22 Wenlock Road, London, England, N1 7GU","20-22 Wenlock Road, London, England, N1 7GU",,,,,,,,,1
39260,32153,NEW AGE STORE LTD,BAD BOYS MAKE NOISE LTD,"20-22 Wenlock Road, London, England, N1 7GU","20-22 Wenlock Road, London, England, N1 7GU",,,,,,,,,1
39260,33286,NEW AGE STORE LTD,GOOD BOY TRADING LIMITED,"20-22 Wenlock Road, London, England, N1 7GU","20-22 Wenlock Road, London, England, N1 7GU",,,,,,,,,1
39260,33760,NEW AGE STORE LTD,GOOD ADVICE FOR LIVING LTD,"20-22 Wenlock Road, London, England, N1 7GU","20-22 Wenlock Road, London, England, N1 7GU",,,,,,,,,1
39260,35148,NEW AGE STORE LTD,U FINANCE LTD,"20-22 Wenlock Road, London, England, N1 7GU","20-22 Wenlock Road, London, England, N1 7GU",,,,,,,,,1
39260,38154,NEW AGE STORE LTD,Q ADMINISTRATION LIMITED,"20-22 Wenlock Road, London, England, N1 7GU","20-22 Wenlock Road, London, England, N1 7GU",,,,,,,,,1
39260,38905,NEW AGE STORE LTD,V AND J'S SOIREES LTD,"20-22 Wenlock Road, London, England, N1 7GU","20-22 Wenlock Road, London, England, N1 7GU",,,,,,,,,1
39372,22760,BAD WOLF (IHS2) LTD,BAD WOLF (HDM) LTD,"Wolf Studios Wales Trident Industrial Park, Glass Avenue, Cardiff, United Kingdom, CF24 5EN","Wolf Studios Wales Trident Industrial Park, Glass Avenue, Cardiff, United Kingdom, CF24 5EN",,,,,,,,,1
39372,37120,BAD WOLF (IHS2) LTD,BAD WOLF (DG) LTD,"Wolf Studios Wales Trident Industrial Park, Glass Avenue, Cardiff, United Kingdom, CF24 5EN","Wolf Studios Wales Trident Industrial Park, Glass Avenue, Cardiff, United Kingdom, CF24 5EN",,,,,,,,,1
39372,37411,BAD WOLF (IHS2) LTD,BAD WOLF LTD,"Wolf Studios Wales Trident Industrial Park, Glass Avenue, Cardiff, United Kingdom, CF24 5EN","Wolf Studios Wales Trident Industrial Park, Glass Avenue, Cardiff, United Kingdom, CF24 5EN",,,,,,,,,1
39376,34260,Sanpellegrino Spa,Nestle' Italiana Spa,"VIA DEL MULINO 6, ASSAGO, 20057, MILANO, ITALY","VIA DEL MULINO 6, ASSAGO, 20057, MILANO, ITALY",,,,,IT00753740158,IT00777280157,,,1
39434,21740,T A LANCASTER CONTRACTING LIMITED,DF FINANCES LIMITED,"840 Ibis Court Centre Park, Warrington, England, WA1 1RL","840 Ibis Court Centre Park, Warrington, England, WA1 1RL",,,,,,,,,1
39567,288,U AND I (GVP) LIMITED,U AND I FINANCE PLC,"100 Victoria Street, London, England, SW1E 5JL","100 Victoria Street, London, England, SW1E 5JL",,,,,,,,,1
39567,3485,U AND I (GVP) LIMITED,U AND I COMPANY SECRETARIES LIMITED,"100 Victoria Street, London, England, SW1E 5JL","100 Victoria Street, London, England, SW1E 5JL",,,,,,,,,1
39567,4059,U AND I (GVP) LIMITED,U AND I INVESTMENT PORTFOLIO LIMITED,"100 Victoria Street, London, England, SW1E 5JL","100 Victoria Street, London, England, SW1E 5JL",,,,,,,,,1
39567,6037,U AND I (GVP) LIMITED,U AND I (HARWELL) LIMITED,"100 Victoria Street, London, England, SW1E 5JL","100 Victoria Street, London, England, SW1E 5JL",,,,,,,,,1
39567,7117,U AND I (GVP) LIMITED,U AND I GROUP LIMITED,"100 Victoria Street, London, England, SW1E 5JL","100 Victoria Street, London, England, SW1E 5JL",,,,,,,,,1
39567,15300,U AND I (GVP) LIMITED,U AND I (WIE) LIMITED,"100 Victoria Street, London, England, SW1E 5JL","100 Victoria Street, London, England, SW1E 5JL",,,,,,,,,1
39567,15642,U AND I (GVP) LIMITED,U AND I (8AE) LIMITED,"100 Victoria Street, London, England, SW1E 5JL","100 Victoria Street, London, England, SW1E 5JL",,,,,,,,,1
39567,17497,U AND I (GVP) LIMITED,U AND I IPA LIMITED,"100 Victoria Street, London, England, SW1E 5JL","100 Victoria Street, London, England, SW1E 5JL",,,,,,,,,1
39567,20501,U AND I (GVP) LIMITED,U AND I DIRECTOR 2 LIMITED,"100 Victoria Street, London, England, SW1E 5JL","100 Victoria Street, London, England, SW1E 5JL",,,,,,,,,1
39567,20789,U AND I (GVP) LIMITED,U AND I (PB) COMMERCIAL LIMITED,"100 Victoria Street, London, England, SW1E 5JL","100 Victoria Street, London, England, SW1E 5JL",,,,,,,,,1
39567,21166,U AND I (GVP) LIMITED,U AND I (DEVELOPMENT AND TRADING) LIMITED,"100 Victoria Street, London, England, SW1E 5JL","100 Victoria Street, London, England, SW1E 5JL",,,,,,,,,1
39567,22482,U AND I (GVP) LIMITED,U AND I POWERHOUSE LIMITED,"100 Victoria Street, London, England, SW1E 5JL","100 Victoria Street, London, England, SW1E 5JL",,,,,,,,,1
39567,22841,U AND I (GVP) LIMITED,U AND I (PINCENTS LANE) LTD,"100 Victoria Street, London, England, SW1E 5JL","100 Victoria Street, London, England, SW1E 5JL",,,,,,,,,1
39567,31152,U AND I (GVP) LIMITED,U AND I PPP LIMITED,"100 Victoria Street, London, England, SW1E 5JL","100 Victoria Street, London, England, SW1E 5JL",,,,,,,,,1
39567,35497,U AND I (GVP) LIMITED,U AND I IPC LIMITED,"100 Victoria Street, London, England, SW1E 5JL","100 Victoria Street, London, England, SW1E 5JL",,,,,,,,,1
39666,25038,GOOD CHEMISTRY PUBS LIMITED,GOOD CHEMISTRY APPARATUS LIMITED,"6 Beaconsfield Road, Clifton, Bristol, United Kingdom, BS8 2TS","6 Beaconsfield Road, Clifton, Bristol, United Kingdom, BS8 2TS",,,,,,,,,1
39666,33277,GOOD CHEMISTRY PUBS LIMITED,GOOD CHEMISTRY BREWING LIMITED,"6 Beaconsfield Road, Clifton, Bristol, United Kingdom, BS8 2TS","6 Beaconsfield Road, Clifton, Bristol, United Kingdom, BS8 2TS",,,,,,,,,1
39675,3917,BLAUSTEIN GMBH LTD,BAD BUNNY MANAGEMENT LTD,"27 Old Gloucester Street, London, United Kingdom, WC1N 3AX","27 Old Gloucester Street, London, United Kingdom, WC1N 3AX",,,,,,,,,1
39675,13774,BLAUSTEIN GMBH LTD,Q & K SERVICES LTD,"27 Old Gloucester Street, London, United Kingdom, WC1N 3AX","27 Old Gloucester Street, London, United Kingdom, WC1N 3AX",,,,,,,,,1
39675,13794,BLAUSTEIN GMBH LTD,BAD ANGELS LIMITED,"27 Old Gloucester Street, London, United Kingdom, WC1N 3AX","27 Old Gloucester Street, London, United Kingdom, WC1N 3AX",,,,,,,,,1
39675,16267,BLAUSTEIN GMBH LTD,MATRIX FINANCES LTD,"27 Old Gloucester Street, London, United Kingdom, WC1N 3AX","27 Old Gloucester Street, London, United Kingdom, WC1N 3AX",,,,,,,,,1
39675,18893,BLAUSTEIN GMBH LTD,NEW ALBION REAL ESTATE LTD,"27 Old Gloucester Street, London, United Kingdom, WC1N 3AX","27 Old Gloucester Street, London, United Kingdom, WC1N 3AX",,,,,,,,,1
39675,20414,BLAUSTEIN GMBH LTD,FOOD BOOTH LIMITED,"27 Old Gloucester Street, London, United Kingdom, WC1N 3AX","27 Old Gloucester Street, London, United Kingdom, WC1N 3AX",,,,,,,,,1
39675,26427,BLAUSTEIN GMBH LTD,BAD INTENTIONS BOXING LIMITED,"27 Old Gloucester Street, London, United Kingdom, WC1N 3AX","27 Old Gloucester Street, London, United Kingdom, WC1N 3AX",,,,,,,,,1
39675,29058,BLAUSTEIN GMBH LTD,NEW AGE COACH LTD,"27 Old Gloucester Street, London, United Kingdom, WC1N 3AX","27 Old Gloucester Street, London, United Kingdom, WC1N 3AX",,,,,,,,,1
39675,30959,BLAUSTEIN GMBH LTD,JC NEW AGE ENTERTAINMENT LTD,"27 Old Gloucester Street, London, United Kingdom, WC1N 3AX","27 Old Gloucester Street, London, United Kingdom, WC1N 3AX",,,,,,,,,1
39675,32692,BLAUSTEIN GMBH LTD,NEW ALBION ENERGY LTD,"27 Old Gloucester Street, London, United Kingdom, WC1N 3AX","27 Old Gloucester Street, London, United Kingdom, WC1N 3AX",,,,,,,,,1
39790,32225,BEAUTY & THE BLEND LTD,V ACCOUNTING LTD,"Suite 2a Blackthorn House, St Pauls Square, Birmingham, United Kingdom, B3 1RL","Suite 2a Blackthorn House, St Pauls Square, Birmingham, United Kingdom, B3 1RL",,,,,,,,,1
39889,23700,Lb Holding Spa,Umana Spa,"VIA COLOMBARA 113, VENEZIA, 30176, VENEZIA, ITALY","VIA COLOMBARA 113, VENEZIA, 30176, VENEZIA, ITALY",,,,,IT04455700270,IT03171510278,,,1
39897,24260,Metalurgica Gerdau SA,Gerdau SA,"Avenida Doutora Ruth Cardoso, 8.501,8 Andar, Pinheiros, Sao Paulo, 05.425-070","Avenida Doutora Ruth Cardoso, 8.501,8 Andar, Pinheiros, Sao Paulo, 05.425-070",,,,,,,,,1
40139,8147,U ARCHITECTS LIMITED,GOOD AND DESIGN LTD,"71-75 Shelton Street, London, Greater London, United Kingdom, WC2H 9JQ","71-75 Shelton Street, London, Greater London, United Kingdom, WC2H 9JQ",,,,,,,,,1
40139,10513,U ARCHITECTS LIMITED,Z EDUCATIONAL CONSULTANCY LTD,"71-75 Shelton Street, London, Greater London, United Kingdom, WC2H 9JQ","71-75 Shelton Street, London, Greater London, United Kingdom, WC2H 9JQ",,,,,,,,,1
40139,11229,U ARCHITECTS LIMITED,Z A SIGNATURE LTD,"71-75 Shelton Street, London, Greater London, United Kingdom, WC2H 9JQ","71-75 Shelton Street, London, Greater London, United Kingdom, WC2H 9JQ",,,,,,,,,1
40139,14429,U ARCHITECTS LIMITED,T A BUSINESS EUROPEAN LTD,"71-75 Shelton Street, London, Greater London, United Kingdom, WC2H 9JQ","71-75 Shelton Street, London, Greater London, United Kingdom, WC2H 9JQ",,,,,,,,,1
40139,16822,U ARCHITECTS LIMITED,GOOD CHOICE BUILDERS LTD,"71-75 Shelton Street, London, Greater London, United Kingdom, WC2H 9JQ","71-75 Shelton Street, London, Greater London, United Kingdom, WC2H 9JQ",,,,,,,,,1
40139,17344,U ARCHITECTS LIMITED,BEAUTY & GRACE LIMITED,"71-75 Shelton Street, London, Greater London, United Kingdom, WC2H 9JQ","71-75 Shelton Street, London, Greater London, United Kingdom, WC2H 9JQ",,,,,,,,,1
40139,18677,U ARCHITECTS LIMITED,GOOD CHOICE ZR LTD,"71-75 Shelton Street, London, Greater London, United Kingdom, WC2H 9JQ","71-75 Shelton Street, London, Greater London, United Kingdom, WC2H 9JQ",,,,,,,,,1
40139,24272,U ARCHITECTS LIMITED,SOFTWARE NEWS LTD,"71-75 Shelton Street, London, Greater London, United Kingdom, WC2H 9JQ","71-75 Shelton Street, London, Greater London, United Kingdom, WC2H 9JQ",,,,,,,,,1
40139,30170,U ARCHITECTS LIMITED,ALL ABOUT LTD,"71-75 Shelton Street, London, Greater London, United Kingdom, WC2H 9JQ","71-75 Shelton Street, London, Greater London, United Kingdom, WC2H 9JQ",,,,,,,,,1
40139,31395,U ARCHITECTS LIMITED,BEAUTY BLOOMER LIMITED,"71-75 Shelton Street, London, Greater London, United Kingdom, WC2H 9JQ","71-75 Shelton Street, London, Greater London, United Kingdom, WC2H 9JQ",,,,,,,,,1
40139,33912,U ARCHITECTS LIMITED,ALL ABOUT APPS LTD,"71-75 Shelton Street, London, Greater London, United Kingdom, WC2H 9JQ","71-75 Shelton Street, London, Greater London, United Kingdom, WC2H 9JQ",,,,,,,,,1
40344,2173,Epta Spa,Epta Hdp Spa,"VIA MECENATE 86, MILANO, 20138, MILANO, ITALY","VIA MECENATE 86, MILANO, 20138, MILANO, ITALY",,,,,IT04160730968,IT10119950961,,,1
40540,12633,S A CARTER LIMITED,S. A. CLAFFEY LIMITED,"Portsmouth Technopole, Kingston Crescent, Portsmouth, England, PO2 8FA","Portsmouth Technopole, Kingston Crescent, Portsmouth, England, PO2 8FA",,,,,,,,,1
40556,23770,SOFTWARE COMPLIANCE PROPERTIES LTD,SOFTWARE COMPLIANCE HOLDINGS LTD,"West Walk House, 99 Princess Road East, Leicester, England, LE1 7LF","West Walk House, 99 Princess Road East, Leicester, England, LE1 7LF",,,,,,,,,1
40628,288,U AND I IPA SC LIMITED,U AND I FINANCE PLC,"100 Victoria Street, London, England, SW1E 5JL","100 Victoria Street, London, England, SW1E 5JL",,,,,,,,,1
40628,3485,U AND I IPA SC LIMITED,U AND I COMPANY SECRETARIES LIMITED,"100 Victoria Street, London, England, SW1E 5JL","100 Victoria Street, London, England, SW1E 5JL",,,,,,,,,1
40628,4059,U AND I IPA SC LIMITED,U AND I INVESTMENT PORTFOLIO LIMITED,"100 Victoria Street, London, England, SW1E 5JL","100 Victoria Street, London, England, SW1E 5JL",,,,,,,,,1
40628,6037,U AND I IPA SC LIMITED,U AND I (HARWELL) LIMITED,"100 Victoria Street, London, England, SW1E 5JL","100 Victoria Street, London, England, SW1E 5JL",,,,,,,,,1
40628,7117,U AND I IPA SC LIMITED,U AND I GROUP LIMITED,"100 Victoria Street, London, England, SW1E 5JL","100 Victoria Street, London, England, SW1E 5JL",,,,,,,,,1
40628,15300,U AND I IPA SC LIMITED,U AND I (WIE) LIMITED,"100 Victoria Street, London, England, SW1E 5JL","100 Victoria Street, London, England, SW1E 5JL",,,,,,,,,1
40628,15642,U AND I IPA SC LIMITED,U AND I (8AE) LIMITED,"100 Victoria Street, London, England, SW1E 5JL","100 Victoria Street, London, England, SW1E 5JL",,,,,,,,,1
40628,17497,U AND I IPA SC LIMITED,U AND I IPA LIMITED,"100 Victoria Street, London, England, SW1E 5JL","100 Victoria Street, London, England, SW1E 5JL",,,,,,,,,1
40628,20501,U AND I IPA SC LIMITED,U AND I DIRECTOR 2 LIMITED,"100 Victoria Street, London, England, SW1E 5JL","100 Victoria Street, London, England, SW1E 5JL",,,,,,,,,1
40628,20789,U AND I IPA SC LIMITED,U AND I (PB) COMMERCIAL LIMITED,"100 Victoria Street, London, England, SW1E 5JL","100 Victoria Street, London, England, SW1E 5JL",,,,,,,,,1
40628,21166,U AND I IPA SC LIMITED,U AND I (DEVELOPMENT AND TRADING) LIMITED,"100 Victoria Street, London, England, SW1E 5JL","100 Victoria Street, London, England, SW1E 5JL",,,,,,,,,1
40628,22482,U AND I IPA SC LIMITED,U AND I POWERHOUSE LIMITED,"100 Victoria Street, London, England, SW1E 5JL","100 Victoria Street, London, England, SW1E 5JL",,,,,,,,,1
40628,22841,U AND I IPA SC LIMITED,U AND I (PINCENTS LANE) LTD,"100 Victoria Street, London, England, SW1E 5JL","100 Victoria Street, London, England, SW1E 5JL",,,,,,,,,1
40628,31152,U AND I IPA SC LIMITED,U AND I PPP LIMITED,"100 Victoria Street, London, England, SW1E 5JL","100 Victoria Street, London, England, SW1E 5JL",,,,,,,,,1
40628,35497,U AND I IPA SC LIMITED,U AND I IPC LIMITED,"100 Victoria Street, London, England, SW1E 5JL","100 Victoria Street, London, England, SW1E 5JL",,,,,,,,,1
40628,39567,U AND I IPA SC LIMITED,U AND I (GVP) LIMITED,"100 Victoria Street, London, England, SW1E 5JL","100 Victoria Street, London, England, SW1E 5JL",,,,,,,,,1
40759,3634,ALL ABOUT EVENTS LIMITED,ALL ABOUT AV LIMITED,"Granary Gawsworth Business Court, Shellow Lane, North Rode, Congleton, Cheshire, United Kingdom, CW12 2FQ","Granary Gawsworth Business Court, Shellow Lane, North Rode, Congleton, Cheshire, United Kingdom, CW12 2FQ",,,,,,,,,1
40759,23862,ALL ABOUT EVENTS LIMITED,ALL ABOUT VENUES LTD,"Granary Gawsworth Business Court, Shellow Lane, North Rode, Congleton, Cheshire, United Kingdom, CW12 2FQ","Granary Gawsworth Business Court, Shellow Lane, North Rode, Congleton, Cheshire, United Kingdom, CW12 2FQ",,,,,,,,,1
41011,2876,NEW AGE SPORTS LIMITED,Z & PARTNERS LIMITED,"Camburgh House, 27 New Dover Road, Canterbury, Kent, United Kingdom, CT1 3DN","Camburgh House, 27 New Dover Road, Canterbury, Kent, United Kingdom, CT1 3DN",,,,,,,,,1
41076,93,ALL ABOUT CLADDING LTD,SOFTWARE DEVELOPMENT SERVICES LTD,"20-22 Wenlock Road, London, England, N1 7GU","20-22 Wenlock Road, London, England, N1 7GU",,,,,,,,,1
41076,502,ALL ABOUT CLADDING LTD,Z AND P INCORPORATED LTD,"20-22 Wenlock Road, London, England, N1 7GU","20-22 Wenlock Road, London, England, N1 7GU",,,,,,,,,1
41076,776,ALL ABOUT CLADDING LTD,T & ASH LTD,"20-22 Wenlock Road, London, England, N1 7GU","20-22 Wenlock Road, London, England, N1 7GU",,,,,,,,,1
41076,3415,ALL ABOUT CLADDING LTD,FOOD BOOKING LTD,"20-22 Wenlock Road, London, England, N1 7GU","20-22 Wenlock Road, London, England, N1 7GU",,,,,,,,,1
41076,4039,ALL ABOUT CLADDING LTD,ALL ABOUT BOILERS LTD,"20-22 Wenlock Road, London, England, N1 7GU","20-22 Wenlock Road, London, England, N1 7GU",,,,,,,,,1
41076,5606,ALL ABOUT CLADDING LTD,GOOD CONNEXION LTD,"20-22 Wenlock Road, London, England, N1 7GU","20-22 Wenlock Road, London, England, N1 7GU",,,,,,,,,1
41076,6679,ALL ABOUT CLADDING LTD,Q BRANCH SOLUTIONS LTD,"20-22 Wenlock Road, London, England, N1 7GU","20-22 Wenlock Road, London, England, N1 7GU",,,,,,,,,1
41076,7079,ALL ABOUT CLADDING LTD,H A DIRECT LTD,"20-22 Wenlock Road, London, England, N1 7GU","20-22 Wenlock Road, London, England, N1 7GU",,,,,,,,,1
41076,8008,ALL ABOUT CLADDING LTD,GOOD & YOUNG LTD,"20-22 Wenlock Road, London, England, N1 7GU","20-22 Wenlock Road, London, England, N1 7GU",,,,,,,,,1
41076,13025,ALL ABOUT CLADDING LTD,NEW AGE PLUMBING AND HEATING SERVICES LTD,"20-22 Wenlock Road, London, England, N1 7GU","20-22 Wenlock Road, London, England, N1 7GU",,,,,,,,,1
41076,13096,ALL ABOUT CLADDING LTD,GOOD BEAGLE INTERNATIONAL LTD,"20-22 Wenlock Road, London, England, N1 7GU","20-22 Wenlock Road, London, England, N1 7GU",,,,,,,,,1
41076,14082,ALL ABOUT CLADDING LTD,SOFTWARE BRAIN LTD,"20-22 Wenlock Road, London, England, N1 7GU","20-22 Wenlock Road, London, England, N1 7GU",,,,,,,,,1
41076,16743,ALL ABOUT CLADDING LTD,Q BRIDGE ENTERTAINMENT LTD,"20-22 Wenlock Road, London, England, N1 7GU","20-22 Wenlock Road, London, England, N1 7GU",,,,,,,,,1
41076,17304,ALL ABOUT CLADDING LTD,PERGORA FINANCES INVESTMENTS LTD,"20-22 Wenlock Road, London, England, N1 7GU","20-22 Wenlock Road, London, England, N1 7GU",,,,,,,,,1
41076,17549,ALL ABOUT CLADDING LTD,ALL ABOUT PROPERTIES LTD,"20-22 Wenlock Road, London, England, N1 7GU","20-22 Wenlock Road, London, England, N1 7GU",,,,,,,,,1
41076,18882,ALL ABOUT CLADDING LTD,NEW AGE TOURING PRODUCTIONS LIMITED,"20-22 Wenlock Road, London, England, N1 7GU","20-22 Wenlock Road, London, England, N1 7GU",,,,,,,,,1
41076,20362,ALL ABOUT CLADDING LTD,FOOD AND PACKAGING WHOLESALE LTD,"20-22 Wenlock Road, London, England, N1 7GU","20-22 Wenlock Road, London, England, N1 7GU",,,,,,,,,1
41076,23046,ALL ABOUT CLADDING LTD,HAWTHORN ROSE HOMES LIMITED,"20-22 Wenlock Road, London, England, N1 7GU","20-22 Wenlock Road, London, England, N1 7GU",,,,,,,,,1
41076,23876,ALL ABOUT CLADDING LTD,ALL ABOUT REEL LTD,"20-22 Wenlock Road, London, England, N1 7GU","20-22 Wenlock Road, London, England, N1 7GU",,,,,,,,,1
41076,25761,ALL ABOUT CLADDING LTD,GOOD CURRIES LTD,"20-22 Wenlock Road, London, England, N1 7GU","20-22 Wenlock Road, London, England, N1 7GU",,,,,,,,,1
41076,27689,ALL ABOUT CLADDING LTD,FOOD DISCOUNTS LTD,"20-22 Wenlock Road, London, England, N1 7GU","20-22 Wenlock Road, London, England, N1 7GU",,,,,,,,,1
41076,29271,ALL ABOUT CLADDING LTD,SOFTWARE DEFENCES LTD,"20-22 Wenlock Road, London, England, N1 7GU","20-22 Wenlock Road, London, England, N1 7GU",,,,,,,,,1
41076,29377,ALL ABOUT CLADDING LTD,KNOWING FINANCES LTD,"20-22 Wenlock Road, London, England, N1 7GU","20-22 Wenlock Road, London, England, N1 7GU",,,,,,,,,1
41076,30243,ALL ABOUT CLADDING LTD,BEAUTY AND NATURE STORE LTD,"20-22 Wenlock Road, London, England, N1 7GU","20-22 Wenlock Road, London, England, N1 7GU",,,,,,,,,1
41076,30445,ALL ABOUT CLADDING LTD,Z AND J GROUP LTD,"20-22 Wenlock Road, London, England, N1 7GU","20-22 Wenlock Road, London, England, N1 7GU",,,,,,,,,1
41076,30467,ALL ABOUT CLADDING LTD,Q BRIDGE MUSIC LTD,"20-22 Wenlock Road, London, England, N1 7GU","20-22 Wenlock Road, London, England, N1 7GU",,,,,,,,,1
41076,31894,ALL ABOUT CLADDING LTD,ALL ABOUT CLAIMS LTD,"20-22 Wenlock Road, London, England, N1 7GU","20-22 Wenlock Road, London, England, N1 7GU",,,,,,,,,1
41076,32040,ALL ABOUT CLADDING LTD,BEAUTY BOUND LTD,"20-22 Wenlock Road, London, England, N1 7GU","20-22 Wenlock Road, London, England, N1 7GU",,,,,,,,,1
41076,32153,ALL ABOUT CLADDING LTD,BAD BOYS MAKE NOISE LTD,"20-22 Wenlock Road, London, England, N1 7GU","20-22 Wenlock Road, London, England, N1 7GU",,,,,,,,,1
41076,33286,ALL ABOUT CLADDING LTD,GOOD BOY TRADING LIMITED,"20-22 Wenlock Road, London, England, N1 7GU","20-22 Wenlock Road, London, England, N1 7GU",,,,,,,,,1
41076,33760,ALL ABOUT CLADDING LTD,GOOD ADVICE FOR LIVING LTD,"20-22 Wenlock Road, London, England, N1 7GU","20-22 Wenlock Road, London, England, N1 7GU",,,,,,,,,1
41076,35148,ALL ABOUT CLADDING LTD,U FINANCE LTD,"20-22 Wenlock Road, London, England, N1 7GU","20-22 Wenlock Road, London, England, N1 7GU",,,,,,,,,1
41076,38154,ALL ABOUT CLADDING LTD,Q ADMINISTRATION LIMITED,"20-22 Wenlock Road, London, England, N1 7GU","20-22 Wenlock Road, London, England, N1 7GU",,,,,,,,,1
41076,38905,ALL ABOUT CLADDING LTD,V AND J'S SOIREES LTD,"20-22 Wenlock Road, London, England, N1 7GU","20-22 Wenlock Road, London, England, N1 7GU",,,,,,,,,1
41076,39260,ALL ABOUT CLADDING LTD,NEW AGE STORE LTD,"20-22 Wenlock Road, London, England, N1 7GU","20-22 Wenlock Road, London, England, N1 7GU",,,,,,,,,1
41155,14377,Enel Produzione Spa,Enel Global Services Srl,"VIALE REGINA MARGHERITA 125, ROMA, 00198, ROMA, ITALY","VIALE REGINA MARGHERITA 125, ROMA, 00198, ROMA, ITALY",,,,,IT05617841001,IT15416261004,,,1
41155,35150,Enel Produzione Spa,Enel Italia Spa,"VIALE REGINA MARGHERITA 125, ROMA, 00198, ROMA, ITALY","VIALE REGINA MARGHERITA 125, ROMA, 00198, ROMA, ITALY",,,,,IT05617841001,IT06377691008,,,1
41183,31419,ALL ABOUT MAINTENANCE LIMITED,T & A ROOFING & PROPERTY MAINTENANCE LIMITED,"Pembroke Lodge, 3 Pembroke Road, Ruislip, United Kingdom, HA4 8NQ","Pembroke Lodge, 3 Pembroke Road, Ruislip, United Kingdom, HA4 8NQ",,,,,,,,,1
41410,1698,BUSINESS EVOLUTION & FINANCES LIMITED,Q CHISHTI SOLICITORS LIMITED,"85 Great Portland Street, London, England, W1W 7LT","85 Great Portland Street, London, England, W1W 7LT",,,,,,,,,1
41410,20938,BUSINESS EVOLUTION & FINANCES LIMITED,SOFTWARE CONSULTANCY LTD,"85 Great Portland Street, London, England, W1W 7LT","85 Great Portland Street, London, England, W1W 7LT",,,,,,,,,1
41607,8147,ALL ABOUT THE BENJAMINS LTD,GOOD AND DESIGN LTD,"71-75 Shelton Street, London, Greater London, United Kingdom, WC2H 9JQ","71-75 Shelton Street, London, Greater London, United Kingdom, WC2H 9JQ",,,,,,,,,1
41607,10513,ALL ABOUT THE BENJAMINS LTD,Z EDUCATIONAL CONSULTANCY LTD,"71-75 Shelton Street, London, Greater London, United Kingdom, WC2H 9JQ","71-75 Shelton Street, London, Greater London, United Kingdom, WC2H 9JQ",,,,,,,,,1
41607,11229,ALL ABOUT THE BENJAMINS LTD,Z A SIGNATURE LTD,"71-75 Shelton Street, London, Greater London, United Kingdom, WC2H 9JQ","71-75 Shelton Street, London, Greater London, United Kingdom, WC2H 9JQ",,,,,,,,,1
41607,14429,ALL ABOUT THE BENJAMINS LTD,T A BUSINESS EUROPEAN LTD,"71-75 Shelton Street, London, Greater London, United Kingdom, WC2H 9JQ","71-75 Shelton Street, London, Greater London, United Kingdom, WC2H 9JQ",,,,,,,,,1
41607,16822,ALL ABOUT THE BENJAMINS LTD,GOOD CHOICE BUILDERS LTD,"71-75 Shelton Street, London, Greater London, United Kingdom, WC2H 9JQ","71-75 Shelton Street, London, Greater London, United Kingdom, WC2H 9JQ",,,,,,,,,1
41607,17344,ALL ABOUT THE BENJAMINS LTD,BEAUTY & GRACE LIMITED,"71-75 Shelton Street, London, Greater London, United Kingdom, WC2H 9JQ","71-75 Shelton Street, London, Greater London, United Kingdom, WC2H 9JQ",,,,,,,,,1
41607,18677,ALL ABOUT THE BENJAMINS LTD,GOOD CHOICE ZR LTD,"71-75 Shelton Street, London, Greater London, United Kingdom, WC2H 9JQ","71-75 Shelton Street, London, Greater London, United Kingdom, WC2H 9JQ",,,,,,,,,1
41607,24272,ALL ABOUT THE BENJAMINS LTD,SOFTWARE NEWS LTD,"71-75 Shelton Street, London, Greater London, United Kingdom, WC2H 9JQ","71-75 Shelton Street, London, Greater London, United Kingdom, WC2H 9JQ",,,,,,,,,1
41607,30170,ALL ABOUT THE BENJAMINS LTD,ALL ABOUT LTD,"71-75 Shelton Street, London, Greater London, United Kingdom, WC2H 9JQ","71-75 Shelton Street, London, Greater London, United Kingdom, WC2H 9JQ",,,,,,,,,1
41607,31395,ALL ABOUT THE BENJAMINS LTD,BEAUTY BLOOMER LIMITED,"71-75 Shelton Street, London, Greater London, United Kingdom, WC2H 9JQ","71-75 Shelton Street, London, Greater London, United Kingdom, WC2H 9JQ",,,,,,,,,1
41607,33912,ALL ABOUT THE BENJAMINS LTD,ALL ABOUT APPS LTD,"71-75 Shelton Street, London, Greater London, United Kingdom, WC2H 9JQ","71-75 Shelton Street, London, Greater London, United Kingdom, WC2H 9JQ",,,,,,,,,1
41607,40139,ALL ABOUT THE BENJAMINS LTD,U ARCHITECTS LIMITED,"71-75 Shelton Street, London, Greater London, United Kingdom, WC2H 9JQ","71-75 Shelton Street, London, Greater London, United Kingdom, WC2H 9JQ",,,,,,,,,1
42007,28074,R A BAILLIE CQS COST CONSULTANTS LIMITED,R A BAILLIE PARTNERSHIPS LIMITED,"1 Millar Street, Carnoustie, Angus, Scotland, DD7 7AS","1 Millar Street, Carnoustie, Angus, Scotland, DD7 7AS",,,,,,,,,1
42029,7235,GOOD COMPANY EVENTS LTD,GOOD COMPANY RECORDS LTD,"Studio 1 305a Goldhawk Road, London, United Kingdom, W12 8EU","Studio 1 305a Goldhawk Road, London, United Kingdom, W12 8EU",,,,,,,,,1
42029,9683,GOOD COMPANY EVENTS LTD,GOOD COMPANY ENTERTAINMENT LTD,"Studio 1 305a Goldhawk Road, London, United Kingdom, W12 8EU","Studio 1 305a Goldhawk Road, London, United Kingdom, W12 8EU",,,,,,,,,1
42066,11415,Cheniere Energy Inc,Cheniere Energy Partners LP,"Suite 800, 700 Milam St., Houston, Texas, 77002","Suite 800, 700 Milam St., Houston, Texas, 77002",,,,,,,,,1
42069,38382,BEAUTY & SPA LUXURY LTD,Q & N NAIL SPA LTD,"8b Ellingfort Road, London, United Kingdom, E8 3PA","8b Ellingfort Road, London, United Kingdom, E8 3PA",,,,,,,,,1
42081,12624,SOFTWARE KINGDOM LIMITED,NEW ADVANCE LIMITED,"85 Great Portland Street, First Floor, London, England, W1W 7LT","85 Great Portland Street, First Floor, London, England, W1W 7LT",,,,,,,,,1
42081,25536,SOFTWARE KINGDOM LIMITED,Z CORP EXPORT LIMITED,"85 Great Portland Street, First Floor, London, England, W1W 7LT","85 Great Portland Street, First Floor, London, England, W1W 7LT",,,,,,,,,1
42081,27273,SOFTWARE KINGDOM LIMITED,BAD SALAD DAY LTD,"85 Great Portland Street, First Floor, London, England, W1W 7LT","85 Great Portland Street, First Floor, London, England, W1W 7LT",,,,,,,,,1
42131,32547,T ABRAMS LIMITED,R ABRAMS LIMITED,"207 Rockingham Road, Kettering, Northamptonshire, England, NN16 9JA","207 Rockingham Road, Kettering, Northamptonshire, England, NN16 9JA",,,,,,,,,1
42141,2843,Q DARNLEY LTD,Q CENTRAL LIMITED,"Finlay House, 10-14 West Nile Street, Glasgow, G1 2PP","Finlay House, 10-14 West Nile Street, Glasgow, G1 2PP",,,,,,,,,1
42141,27304,Q DARNLEY LTD,Q BISHOPBRIGGS LIMITED,"Finlay House, 10-14 West Nile Street, Glasgow, G1 2PP","Finlay House, 10-14 West Nile Street, Glasgow, G1 2PP",,,,,,,,,1
42165,7209,Z AND PRECIOUS REMOVALS LTD,Z & Z BROTHERS IT SOLUTIONS LTD,"86-90 Paul Street, London, England, United Kingdom, EC2A 4NE","86-90 Paul Street, London, England, United Kingdom, EC2A 4NE",,,,,,,,,1
42165,8900,Z AND PRECIOUS REMOVALS LTD,Q AND QUAINT LIMITED,"86-90 Paul Street, London, England, United Kingdom, EC2A 4NE","86-90 Paul Street, London, England, United Kingdom, EC2A 4NE",,,,,,,,,1
42165,10177,Z AND PRECIOUS REMOVALS LTD,ALL ABOUT DRINKS CONSULTING SERVICES LTD,"86-90 Paul Street, London, England, United Kingdom, EC2A 4NE","86-90 Paul Street, London, England, United Kingdom, EC2A 4NE",,,,,,,,,1
42165,12164,Z AND PRECIOUS REMOVALS LTD,S A ELECTRICAL SOLUTIONS LTD,"86-90 Paul Street, London, England, United Kingdom, EC2A 4NE","86-90 Paul Street, London, England, United Kingdom, EC2A 4NE",,,,,,,,,1
42165,19788,Z AND PRECIOUS REMOVALS LTD,ALL ABOUT DAMP LTD,"86-90 Paul Street, London, England, United Kingdom, EC2A 4NE","86-90 Paul Street, London, England, United Kingdom, EC2A 4NE",,,,,,,,,1
42165,24457,Z AND PRECIOUS REMOVALS LTD,TAFFY T LTD,"86-90 Paul Street, London, England, United Kingdom, EC2A 4NE","86-90 Paul Street, London, England, United Kingdom, EC2A 4NE",,,,,,,,,1
42165,35857,Z AND PRECIOUS REMOVALS LTD,BEAUTY AND THE BENEFIT LIMITED,"86-90 Paul Street, London, England, United Kingdom, EC2A 4NE","86-90 Paul Street, London, England, United Kingdom, EC2A 4NE",,,,,,,,,1
42528,2340,U COLLABORATION LTD,PACKER P LTD,"128 City Road, London, United Kingdom, EC1V 2NX","128 City Road, London, United Kingdom, EC1V 2NX",,,,,,,,,1
42528,11214,U COLLABORATION LTD,BRIGHT VISION INVESTMENT LTD,"128 City Road, London, United Kingdom, EC1V 2NX","128 City Road, London, United Kingdom, EC1V 2NX",,,,,,,,,1
42528,13551,U COLLABORATION LTD,NEW AGE FASHION LTD,"128 City Road, London, United Kingdom, EC1V 2NX","128 City Road, London, United Kingdom, EC1V 2NX",,,,,,,,,1
42528,17757,U COLLABORATION LTD,GOOD DAY AESTHETICS & BEAUTY LTD,"128 City Road, London, United Kingdom, EC1V 2NX","128 City Road, London, United Kingdom, EC1V 2NX",,,,,,,,,1
42528,19613,U COLLABORATION LTD,SOFTWARE SOLUTIONS GROUP LTD.,"128 City Road, London, United Kingdom, EC1V 2NX","128 City Road, London, United Kingdom, EC1V 2NX",,,,,,,,,1
42528,24850,U COLLABORATION LTD,H ACCOUNTING SOLUTION LIMITED,"128 City Road, London, United Kingdom, EC1V 2NX","128 City Road, London, United Kingdom, EC1V 2NX",,,,,,,,,1
42528,28937,U COLLABORATION LTD,TANA T TRADING LTD,"128 City Road, London, United Kingdom, EC1V 2NX","128 City Road, London, United Kingdom, EC1V 2NX",,,,,,,,,1
42528,29510,U COLLABORATION LTD,V & MARK COMPANY LTD,"128 City Road, London, United Kingdom, EC1V 2NX","128 City Road, London, United Kingdom, EC1V 2NX",,,,,,,,,1
42528,31132,U COLLABORATION LTD,P A MARTIN CONSTRUCTION LTD,"128 City Road, London, United Kingdom, EC1V 2NX","128 City Road, London, United Kingdom, EC1V 2NX",,,,,,,,,1
42528,31915,U COLLABORATION LTD,U AND M CONSULTANTS LTD,"128 City Road, London, United Kingdom, EC1V 2NX","128 City Road, London, United Kingdom, EC1V 2NX",,,,,,,,,1
42528,32385,U COLLABORATION LTD,ECO MARINE FOODS LTD,"128 City Road, London, United Kingdom, EC1V 2NX","128 City Road, London, United Kingdom, EC1V 2NX",,,,,,,,,1
42528,38470,U COLLABORATION LTD,H A FOR TRAINING AND CONSULTANT LTD,"128 City Road, London, United Kingdom, EC1V 2NX","128 City Road, London, United Kingdom, EC1V 2NX",,,,,,,,,1
42528,38754,U COLLABORATION LTD,Z CONTROLS & AUTOMATION LTD,"128 City Road, London, United Kingdom, EC1V 2NX","128 City Road, London, United Kingdom, EC1V 2NX",,,,,,,,,1
42554,3640,GOOD COMPANIONS SPALDING LTD,V AESTHETICS LTD,"Suite G04 1 Quality Court, Chancery Lane, London, England, WC2A 1HR","Suite G04 1 Quality Court, Chancery Lane, London, England, WC2A 1HR",,,,,,,,,1
42554,7462,GOOD COMPANIONS SPALDING LTD,BAD BS CLOTHING LTD,"Suite G04 1 Quality Court, Chancery Lane, London, England, WC2A 1HR","Suite G04 1 Quality Court, Chancery Lane, London, England, WC2A 1HR",,,,,,,,,1
42554,11658,GOOD COMPANIONS SPALDING LTD,Z & I UNIVERSAL LIMITED,"Suite G04 1 Quality Court, Chancery Lane, London, England, WC2A 1HR","Suite G04 1 Quality Court, Chancery Lane, London, England, WC2A 1HR",,,,,,,,,1
42554,15796,GOOD COMPANIONS SPALDING LTD,BEAUTY AND THE BOOK LTD,"Suite G04 1 Quality Court, Chancery Lane, London, England, WC2A 1HR","Suite G04 1 Quality Court, Chancery Lane, London, England, WC2A 1HR",,,,,,,,,1
42554,17663,GOOD COMPANIONS SPALDING LTD,NEW AGE MOTORS LIMITED,"Suite G04 1 Quality Court, Chancery Lane, London, England, WC2A 1HR","Suite G04 1 Quality Court, Chancery Lane, London, England, WC2A 1HR",,,,,,,,,1
42554,28245,GOOD COMPANIONS SPALDING LTD,GOOD CLINICAL PEOPLE LTD.,"Suite G04 1 Quality Court, Chancery Lane, London, England, WC2A 1HR","Suite G04 1 Quality Court, Chancery Lane, London, England, WC2A 1HR",,,,,,,,,1
42554,33446,GOOD COMPANIONS SPALDING LTD,"BEAUTY AND YOU, TREATMENTS BY HANNAH LIMITED","Suite G04 1 Quality Court, Chancery Lane, London, England, WC2A 1HR","Suite G04 1 Quality Court, Chancery Lane, London, England, WC2A 1HR",,,,,,,,,1
42602,13301,Z & S (BRIGHTON) LTD,Z & S (BROADWATER) LTD,"Demar House 14 Church Road, East Wittering, Chichester, West Sussex, England, PO20 8PS","Demar House 14 Church Road, East Wittering, Chichester, West Sussex, England, PO20 8PS",,,,,,,,,1
42602,25414,Z & S (BRIGHTON) LTD,Z & S (LEWES ROAD) LTD,"Demar House 14 Church Road, East Wittering, Chichester, West Sussex, England, PO20 8PS","Demar House 14 Church Road, East Wittering, Chichester, West Sussex, England, PO20 8PS",,,,,,,,,1
42602,25956,Z & S (BRIGHTON) LTD,Z & S (POETS) LTD,"Demar House 14 Church Road, East Wittering, Chichester, West Sussex, England, PO20 8PS","Demar House 14 Church Road, East Wittering, Chichester, West Sussex, England, PO20 8PS",,,,,,,,,1
42709,93,Z AUDIO DIGITAL LTD,SOFTWARE DEVELOPMENT SERVICES LTD,"20-22 Wenlock Road, London, England, N1 7GU","20-22 Wenlock Road, London, England, N1 7GU",,,,,,,,,1
42709,502,Z AUDIO DIGITAL LTD,Z AND P INCORPORATED LTD,"20-22 Wenlock Road, London, England, N1 7GU","20-22 Wenlock Road, London, England, N1 7GU",,,,,,,,,1
42709,776,Z AUDIO DIGITAL LTD,T & ASH LTD,"20-22 Wenlock Road, London, England, N1 7GU","20-22 Wenlock Road, London, England, N1 7GU",,,,,,,,,1
42709,3415,Z AUDIO DIGITAL LTD,FOOD BOOKING LTD,"20-22 Wenlock Road, London, England, N1 7GU","20-22 Wenlock Road, London, England, N1 7GU",,,,,,,,,1
42709,4039,Z AUDIO DIGITAL LTD,ALL ABOUT BOILERS LTD,"20-22 Wenlock Road, London, England, N1 7GU","20-22 Wenlock Road, London, England, N1 7GU",,,,,,,,,1
42709,5606,Z AUDIO DIGITAL LTD,GOOD CONNEXION LTD,"20-22 Wenlock Road, London, England, N1 7GU","20-22 Wenlock Road, London, England, N1 7GU",,,,,,,,,1
42709,6679,Z AUDIO DIGITAL LTD,Q BRANCH SOLUTIONS LTD,"20-22 Wenlock Road, London, England, N1 7GU","20-22 Wenlock Road, London, England, N1 7GU",,,,,,,,,1
42709,7079,Z AUDIO DIGITAL LTD,H A DIRECT LTD,"20-22 Wenlock Road, London, England, N1 7GU","20-22 Wenlock Road, London, England, N1 7GU",,,,,,,,,1
42709,8008,Z AUDIO DIGITAL LTD,GOOD & YOUNG LTD,"20-22 Wenlock Road, London, England, N1 7GU","20-22 Wenlock Road, London, England, N1 7GU",,,,,,,,,1
42709,13025,Z AUDIO DIGITAL LTD,NEW AGE PLUMBING AND HEATING SERVICES LTD,"20-22 Wenlock Road, London, England, N1 7GU","20-22 Wenlock Road, London, England, N1 7GU",,,,,,,,,1
42709,13096,Z AUDIO DIGITAL LTD,GOOD BEAGLE INTERNATIONAL LTD,"20-22 Wenlock Road, London, England, N1 7GU","20-22 Wenlock Road, London, England, N1 7GU",,,,,,,,,1
42709,14082,Z AUDIO DIGITAL LTD,SOFTWARE BRAIN LTD,"20-22 Wenlock Road, London, England, N1 7GU","20-22 Wenlock Road, London, England, N1 7GU",,,,,,,,,1
42709,16743,Z AUDIO DIGITAL LTD,Q BRIDGE ENTERTAINMENT LTD,"20-22 Wenlock Road, London, England, N1 7GU","20-22 Wenlock Road, London, England, N1 7GU",,,,,,,,,1
42709,17304,Z AUDIO DIGITAL LTD,PERGORA FINANCES INVESTMENTS LTD,"20-22 Wenlock Road, London, England, N1 7GU","20-22 Wenlock Road, London, England, N1 7GU",,,,,,,,,1
42709,17549,Z AUDIO DIGITAL LTD,ALL ABOUT PROPERTIES LTD,"20-22 Wenlock Road, London, England, N1 7GU","20-22 Wenlock Road, London, England, N1 7GU",,,,,,,,,1
42709,18882,Z AUDIO DIGITAL LTD,NEW AGE TOURING PRODUCTIONS LIMITED,"20-22 Wenlock Road, London, England, N1 7GU","20-22 Wenlock Road, London, England, N1 7GU",,,,,,,,,1
42709,20362,Z AUDIO DIGITAL LTD,FOOD AND PACKAGING WHOLESALE LTD,"20-22 Wenlock Road, London, England, N1 7GU","20-22 Wenlock Road, London, England, N1 7GU",,,,,,,,,1
42709,23046,Z AUDIO DIGITAL LTD,HAWTHORN ROSE HOMES LIMITED,"20-22 Wenlock Road, London, England, N1 7GU","20-22 Wenlock Road, London, England, N1 7GU",,,,,,,,,1
42709,23876,Z AUDIO DIGITAL LTD,ALL ABOUT REEL LTD,"20-22 Wenlock Road, London, England, N1 7GU","20-22 Wenlock Road, London, England, N1 7GU",,,,,,,,,1
42709,25761,Z AUDIO DIGITAL LTD,GOOD CURRIES LTD,"20-22 Wenlock Road, London, England, N1 7GU","20-22 Wenlock Road, London, England, N1 7GU",,,,,,,,,1
42709,27689,Z AUDIO DIGITAL LTD,FOOD DISCOUNTS LTD,"20-22 Wenlock Road, London, England, N1 7GU","20-22 Wenlock Road, London, England, N1 7GU",,,,,,,,,1
42709,29271,Z AUDIO DIGITAL LTD,SOFTWARE DEFENCES LTD,"20-22 Wenlock Road, London, England, N1 7GU","20-22 Wenlock Road, London, England, N1 7GU",,,,,,,,,1
42709,29377,Z AUDIO DIGITAL LTD,KNOWING FINANCES LTD,"20-22 Wenlock Road, London, England, N1 7GU","20-22 Wenlock Road, London, England, N1 7GU",,,,,,,,,1
42709,30243,Z AUDIO DIGITAL LTD,BEAUTY AND NATURE STORE LTD,"20-22 Wenlock Road, London, England, N1 7GU","20-22 Wenlock Road, London, England, N1 7GU",,,,,,,,,1
42709,30445,Z AUDIO DIGITAL LTD,Z AND J GROUP LTD,"20-22 Wenlock Road, London, England, N1 7GU","20-22 Wenlock Road, London, England, N1 7GU",,,,,,,,,1
42709,30467,Z AUDIO DIGITAL LTD,Q BRIDGE MUSIC LTD,"20-22 Wenlock Road, London, England, N1 7GU","20-22 Wenlock Road, London, England, N1 7GU",,,,,,,,,1
42709,31894,Z AUDIO DIGITAL LTD,ALL ABOUT CLAIMS LTD,"20-22 Wenlock Road, London, England, N1 7GU","20-22 Wenlock Road, London, England, N1 7GU",,,,,,,,,1
42709,32040,Z AUDIO DIGITAL LTD,BEAUTY BOUND LTD,"20-22 Wenlock Road, London, England, N1 7GU","20-22 Wenlock Road, London, England, N1 7GU",,,,,,,,,1
42709,32153,Z AUDIO DIGITAL LTD,BAD BOYS MAKE NOISE LTD,"20-22 Wenlock Road, London, England, N1 7GU","20-22 Wenlock Road, London, England, N1 7GU",,,,,,,,,1
42709,33286,Z AUDIO DIGITAL LTD,GOOD BOY TRADING LIMITED,"20-22 Wenlock Road, London, England, N1 7GU","20-22 Wenlock Road, London, England, N1 7GU",,,,,,,,,1
42709,33760,Z AUDIO DIGITAL LTD,GOOD ADVICE FOR LIVING LTD,"20-22 Wenlock Road, London, England, N1 7GU","20-22 Wenlock Road, London, England, N1 7GU",,,,,,,,,1
42709,35148,Z AUDIO DIGITAL LTD,U FINANCE LTD,"20-22 Wenlock Road, London, England, N1 7GU","20-22 Wenlock Road, London, England, N1 7GU",,,,,,,,,1
42709,38154,Z AUDIO DIGITAL LTD,Q ADMINISTRATION LIMITED,"20-22 Wenlock Road, London, England, N1 7GU","20-22 Wenlock Road, London, England, N1 7GU",,,,,,,,,1
42709,38905,Z AUDIO DIGITAL LTD,V AND J'S SOIREES LTD,"20-22 Wenlock Road, London, England, N1 7GU","20-22 Wenlock Road, London, England, N1 7GU",,,,,,,,,1
42709,39260,Z AUDIO DIGITAL LTD,NEW AGE STORE LTD,"20-22 Wenlock Road, London, England, N1 7GU","20-22 Wenlock Road, London, England, N1 7GU",,,,,,,,,1
42709,41076,Z AUDIO DIGITAL LTD,ALL ABOUT CLADDING LTD,"20-22 Wenlock Road, London, England, N1 7GU","20-22 Wenlock Road, London, England, N1 7GU",,,,,,,,,1
42754,3917,SU-FI EDUCATION. CONSULTING. FINANCES. LTD,BAD BUNNY MANAGEMENT LTD,"27 Old Gloucester Street, London, United Kingdom, WC1N 3AX","27 Old Gloucester Street, London, United Kingdom, WC1N 3AX",,,,,,,,,1
42754,13774,SU-FI EDUCATION. CONSULTING. FINANCES. LTD,Q & K SERVICES LTD,"27 Old Gloucester Street, London, United Kingdom, WC1N 3AX","27 Old Gloucester Street, London, United Kingdom, WC1N 3AX",,,,,,,,,1
42754,13794,SU-FI EDUCATION. CONSULTING. FINANCES. LTD,BAD ANGELS LIMITED,"27 Old Gloucester Street, London, United Kingdom, WC1N 3AX","27 Old Gloucester Street, London, United Kingdom, WC1N 3AX",,,,,,,,,1
42754,16267,SU-FI EDUCATION. CONSULTING. FINANCES. LTD,MATRIX FINANCES LTD,"27 Old Gloucester Street, London, United Kingdom, WC1N 3AX","27 Old Gloucester Street, London, United Kingdom, WC1N 3AX",,,,,,,,,1
42754,18893,SU-FI EDUCATION. CONSULTING. FINANCES. LTD,NEW ALBION REAL ESTATE LTD,"27 Old Gloucester Street, London, United Kingdom, WC1N 3AX","27 Old Gloucester Street, London, United Kingdom, WC1N 3AX",,,,,,,,,1
42754,20414,SU-FI EDUCATION. CONSULTING. FINANCES. LTD,FOOD BOOTH LIMITED,"27 Old Gloucester Street, London, United Kingdom, WC1N 3AX","27 Old Gloucester Street, London, United Kingdom, WC1N 3AX",,,,,,,,,1
42754,26427,SU-FI EDUCATION. CONSULTING. FINANCES. LTD,BAD INTENTIONS BOXING LIMITED,"27 Old Gloucester Street, London, United Kingdom, WC1N 3AX","27 Old Gloucester Street, London, United Kingdom, WC1N 3AX",,,,,,,,,1
42754,29058,SU-FI EDUCATION. CONSULTING. FINANCES. LTD,NEW AGE COACH LTD,"27 Old Gloucester Street, London, United Kingdom, WC1N 3AX","27 Old Gloucester Street, London, United Kingdom, WC1N 3AX",,,,,,,,,1
42754,30959,SU-FI EDUCATION. CONSULTING. FINANCES. LTD,JC NEW AGE ENTERTAINMENT LTD,"27 Old Gloucester Street, London, United Kingdom, WC1N 3AX","27 Old Gloucester Street, London, United Kingdom, WC1N 3AX",,,,,,,,,1
42754,32692,SU-FI EDUCATION. CONSULTING. FINANCES. LTD,NEW ALBION ENERGY LTD,"27 Old Gloucester Street, London, United Kingdom, WC1N 3AX","27 Old Gloucester Street, London, United Kingdom, WC1N 3AX",,,,,,,,,1
42754,39675,SU-FI EDUCATION. CONSULTING. FINANCES. LTD,BLAUSTEIN GMBH LTD,"27 Old Gloucester Street, London, United Kingdom, WC1N 3AX","27 Old Gloucester Street, London, United Kingdom, WC1N 3AX",,,,,,,,,1
42802,13192,Q BUILD WAKEFIELD LTD,U & A AHMED LIMITED,"Beaumont Accountancy Services 1st Floor Enterprise House, 202-206 Linthorpe Road, Middlesbrough, England, TS1 3QW","Beaumont Accountancy Services 1st Floor Enterprise House, 202-206 Linthorpe Road, Middlesbrough, England, TS1 3QW",,,,,,,,,1
42880,31360,NEW ACCESS GROUP LTD,"BEAUTY & SOUL INC CO., LTD","41 Devonshire Street Ground Floor Office 1, London, United Kingdom, W1G 7AJ","41 Devonshire Street Ground Floor Office 1, London, United Kingdom, W1G 7AJ",,,,,,,,,1
43167,21740,S A BUCKLE LTD,DF FINANCES LIMITED,"840 Ibis Court Centre Park, Warrington, England, WA1 1RL","840 Ibis Court Centre Park, Warrington, England, WA1 1RL",,,,,,,,,1
43167,39434,S A BUCKLE LTD,T A LANCASTER CONTRACTING LIMITED,"840 Ibis Court Centre Park, Warrington, England, WA1 1RL","840 Ibis Court Centre Park, Warrington, England, WA1 1RL",,,,,,,,,1
43242,93,SOFTWARE SHIFT LTD,SOFTWARE DEVELOPMENT SERVICES LTD,"20-22 Wenlock Road, London, England, N1 7GU","20-22 Wenlock Road, London, England, N1 7GU",,,,,,,,,1
43242,502,SOFTWARE SHIFT LTD,Z AND P INCORPORATED LTD,"20-22 Wenlock Road, London, England, N1 7GU","20-22 Wenlock Road, London, England, N1 7GU",,,,,,,,,1
43242,776,SOFTWARE SHIFT LTD,T & ASH LTD,"20-22 Wenlock Road, London, England, N1 7GU","20-22 Wenlock Road, London, England, N1 7GU",,,,,,,,,1
43242,3415,SOFTWARE SHIFT LTD,FOOD BOOKING LTD,"20-22 Wenlock Road, London, England, N1 7GU","20-22 Wenlock Road, London, England, N1 7GU",,,,,,,,,1
43242,4039,SOFTWARE SHIFT LTD,ALL ABOUT BOILERS LTD,"20-22 Wenlock Road, London, England, N1 7GU","20-22 Wenlock Road, London, England, N1 7GU",,,,,,,,,1
43242,5606,SOFTWARE SHIFT LTD,GOOD CONNEXION LTD,"20-22 Wenlock Road, London, England, N1 7GU","20-22 Wenlock Road, London, England, N1 7GU",,,,,,,,,1
43242,6679,SOFTWARE SHIFT LTD,Q BRANCH SOLUTIONS LTD,"20-22 Wenlock Road, London, England, N1 7GU","20-22 Wenlock Road, London, England, N1 7GU",,,,,,,,,1
43242,7079,SOFTWARE SHIFT LTD,H A DIRECT LTD,"20-22 Wenlock Road, London, England, N1 7GU","20-22 Wenlock Road, London, England, N1 7GU",,,,,,,,,1
43242,8008,SOFTWARE SHIFT LTD,GOOD & YOUNG LTD,"20-22 Wenlock Road, London, England, N1 7GU","20-22 Wenlock Road, London, England, N1 7GU",,,,,,,,,1
43242,13025,SOFTWARE SHIFT LTD,NEW AGE PLUMBING AND HEATING SERVICES LTD,"20-22 Wenlock Road, London, England, N1 7GU","20-22 Wenlock Road, London, England, N1 7GU",,,,,,,,,1
43242,13096,SOFTWARE SHIFT LTD,GOOD BEAGLE INTERNATIONAL LTD,"20-22 Wenlock Road, London, England, N1 7GU","20-22 Wenlock Road, London, England, N1 7GU",,,,,,,,,1
43242,14082,SOFTWARE SHIFT LTD,SOFTWARE BRAIN LTD,"20-22 Wenlock Road, London, England, N1 7GU","20-22 Wenlock Road, London, England, N1 7GU",,,,,,,,,1
43242,16743,SOFTWARE SHIFT LTD,Q BRIDGE ENTERTAINMENT LTD,"20-22 Wenlock Road, London, England, N1 7GU","20-22 Wenlock Road, London, England, N1 7GU",,,,,,,,,1
43242,17304,SOFTWARE SHIFT LTD,PERGORA FINANCES INVESTMENTS LTD,"20-22 Wenlock Road, London, England, N1 7GU","20-22 Wenlock Road, London, England, N1 7GU",,,,,,,,,1
43242,17549,SOFTWARE SHIFT LTD,ALL ABOUT PROPERTIES LTD,"20-22 Wenlock Road, London, England, N1 7GU","20-22 Wenlock Road, London, England, N1 7GU",,,,,,,,,1
43242,18882,SOFTWARE SHIFT LTD,NEW AGE TOURING PRODUCTIONS LIMITED,"20-22 Wenlock Road, London, England, N1 7GU","20-22 Wenlock Road, London, England, N1 7GU",,,,,,,,,1
43242,20362,SOFTWARE SHIFT LTD,FOOD AND PACKAGING WHOLESALE LTD,"20-22 Wenlock Road, London, England, N1 7GU","20-22 Wenlock Road, London, England, N1 7GU",,,,,,,,,1
43242,23046,SOFTWARE SHIFT LTD,HAWTHORN ROSE HOMES LIMITED,"20-22 Wenlock Road, London, England, N1 7GU","20-22 Wenlock Road, London, England, N1 7GU",,,,,,,,,1
43242,23876,SOFTWARE SHIFT LTD,ALL ABOUT REEL LTD,"20-22 Wenlock Road, London, England, N1 7GU","20-22 Wenlock Road, London, England, N1 7GU",,,,,,,,,1
43242,25761,SOFTWARE SHIFT LTD,GOOD CURRIES LTD,"20-22 Wenlock Road, London, England, N1 7GU","20-22 Wenlock Road, London, England, N1 7GU",,,,,,,,,1
43242,27689,SOFTWARE SHIFT LTD,FOOD DISCOUNTS LTD,"20-22 Wenlock Road, London, England, N1 7GU","20-22 Wenlock Road, London, England, N1 7GU",,,,,,,,,1
43242,29271,SOFTWARE SHIFT LTD,SOFTWARE DEFENCES LTD,"20-22 Wenlock Road, London, England, N1 7GU","20-22 Wenlock Road, London, England, N1 7GU",,,,,,,,,1
43242,29377,SOFTWARE SHIFT LTD,KNOWING FINANCES LTD,"20-22 Wenlock Road, London, England, N1 7GU","20-22 Wenlock Road, London, England, N1 7GU",,,,,,,,,1
43242,30243,SOFTWARE SHIFT LTD,BEAUTY AND NATURE STORE LTD,"20-22 Wenlock Road, London, England, N1 7GU","20-22 Wenlock Road, London, England, N1 7GU",,,,,,,,,1
43242,30445,SOFTWARE SHIFT LTD,Z AND J GROUP LTD,"20-22 Wenlock Road, London, England, N1 7GU","20-22 Wenlock Road, London, England, N1 7GU",,,,,,,,,1
43242,30467,SOFTWARE SHIFT LTD,Q BRIDGE MUSIC LTD,"20-22 Wenlock Road, London, England, N1 7GU","20-22 Wenlock Road, London, England, N1 7GU",,,,,,,,,1
43242,31894,SOFTWARE SHIFT LTD,ALL ABOUT CLAIMS LTD,"20-22 Wenlock Road, London, England, N1 7GU","20-22 Wenlock Road, London, England, N1 7GU",,,,,,,,,1
43242,32040,SOFTWARE SHIFT LTD,BEAUTY BOUND LTD,"20-22 Wenlock Road, London, England, N1 7GU","20-22 Wenlock Road, London, England, N1 7GU",,,,,,,,,1
43242,32153,SOFTWARE SHIFT LTD,BAD BOYS MAKE NOISE LTD,"20-22 Wenlock Road, London, England, N1 7GU","20-22 Wenlock Road, London, England, N1 7GU",,,,,,,,,1
43242,33286,SOFTWARE SHIFT LTD,GOOD BOY TRADING LIMITED,"20-22 Wenlock Road, London, England, N1 7GU","20-22 Wenlock Road, London, England, N1 7GU",,,,,,,,,1
43242,33760,SOFTWARE SHIFT LTD,GOOD ADVICE FOR LIVING LTD,"20-22 Wenlock Road, London, England, N1 7GU","20-22 Wenlock Road, London, England, N1 7GU",,,,,,,,,1
43242,35148,SOFTWARE SHIFT LTD,U FINANCE LTD,"20-22 Wenlock Road, London, England, N1 7GU","20-22 Wenlock Road, London, England, N1 7GU",,,,,,,,,1
43242,38154,SOFTWARE SHIFT LTD,Q ADMINISTRATION LIMITED,"20-22 Wenlock Road, London, England, N1 7GU","20-22 Wenlock Road, London, England, N1 7GU",,,,,,,,,1
43242,38905,SOFTWARE SHIFT LTD,V AND J'S SOIREES LTD,"20-22 Wenlock Road, London, England, N1 7GU","20-22 Wenlock Road, London, England, N1 7GU",,,,,,,,,1
43242,39260,SOFTWARE SHIFT LTD,NEW AGE STORE LTD,"20-22 Wenlock Road, London, England, N1 7GU","20-22 Wenlock Road, London, England, N1 7GU",,,,,,,,,1
43242,41076,SOFTWARE SHIFT LTD,ALL ABOUT CLADDING LTD,"20-22 Wenlock Road, London, England, N1 7GU","20-22 Wenlock Road, London, England, N1 7GU",,,,,,,,,1
43242,42709,SOFTWARE SHIFT LTD,Z AUDIO DIGITAL LTD,"20-22 Wenlock Road, London, England, N1 7GU","20-22 Wenlock Road, London, England, N1 7GU",,,,,,,,,1
43269,93,SOFTWARE HATCH LTD,SOFTWARE DEVELOPMENT SERVICES LTD,"20-22 Wenlock Road, London, England, N1 7GU","20-22 Wenlock Road, London, England, N1 7GU",,,,,,,,,1
43269,502,SOFTWARE HATCH LTD,Z AND P INCORPORATED LTD,"20-22 Wenlock Road, London, England, N1 7GU","20-22 Wenlock Road, London, England, N1 7GU",,,,,,,,,1
43269,776,SOFTWARE HATCH LTD,T & ASH LTD,"20-22 Wenlock Road, London, England, N1 7GU","20-22 Wenlock Road, London, England, N1 7GU",,,,,,,,,1
43269,3415,SOFTWARE HATCH LTD,FOOD BOOKING LTD,"20-22 Wenlock Road, London, England, N1 7GU","20-22 Wenlock Road, London, England, N1 7GU",,,,,,,,,1
43269,4039,SOFTWARE HATCH LTD,ALL ABOUT BOILERS LTD,"20-22 Wenlock Road, London, England, N1 7GU","20-22 Wenlock Road, London, England, N1 7GU",,,,,,,,,1
43269,5606,SOFTWARE HATCH LTD,GOOD CONNEXION LTD,"20-22 Wenlock Road, London, England, N1 7GU","20-22 Wenlock Road, London, England, N1 7GU",,,,,,,,,1
43269,6679,SOFTWARE HATCH LTD,Q BRANCH SOLUTIONS LTD,"20-22 Wenlock Road, London, England, N1 7GU","20-22 Wenlock Road, London, England, N1 7GU",,,,,,,,,1
43269,7079,SOFTWARE HATCH LTD,H A DIRECT LTD,"20-22 Wenlock Road, London, England, N1 7GU","20-22 Wenlock Road, London, England, N1 7GU",,,,,,,,,1
43269,8008,SOFTWARE HATCH LTD,GOOD & YOUNG LTD,"20-22 Wenlock Road, London, England, N1 7GU","20-22 Wenlock Road, London, England, N1 7GU",,,,,,,,,1
43269,13025,SOFTWARE HATCH LTD,NEW AGE PLUMBING AND HEATING SERVICES LTD,"20-22 Wenlock Road, London, England, N1 7GU","20-22 Wenlock Road, London, England, N1 7GU",,,,,,,,,1
43269,13096,SOFTWARE HATCH LTD,GOOD BEAGLE INTERNATIONAL LTD,"20-22 Wenlock Road, London, England, N1 7GU","20-22 Wenlock Road, London, England, N1 7GU",,,,,,,,,1
43269,14082,SOFTWARE HATCH LTD,SOFTWARE BRAIN LTD,"20-22 Wenlock Road, London, England, N1 7GU","20-22 Wenlock Road, London, England, N1 7GU",,,,,,,,,1
43269,16743,SOFTWARE HATCH LTD,Q BRIDGE ENTERTAINMENT LTD,"20-22 Wenlock Road, London, England, N1 7GU","20-22 Wenlock Road, London, England, N1 7GU",,,,,,,,,1
43269,17304,SOFTWARE HATCH LTD,PERGORA FINANCES INVESTMENTS LTD,"20-22 Wenlock Road, London, England, N1 7GU","20-22 Wenlock Road, London, England, N1 7GU",,,,,,,,,1
43269,17549,SOFTWARE HATCH LTD,ALL ABOUT PROPERTIES LTD,"20-22 Wenlock Road, London, England, N1 7GU","20-22 Wenlock Road, London, England, N1 7GU",,,,,,,,,1
43269,18882,SOFTWARE HATCH LTD,NEW AGE TOURING PRODUCTIONS LIMITED,"20-22 Wenlock Road, London, England, N1 7GU","20-22 Wenlock Road, London, England, N1 7GU",,,,,,,,,1
43269,20362,SOFTWARE HATCH LTD,FOOD AND PACKAGING WHOLESALE LTD,"20-22 Wenlock Road, London, England, N1 7GU","20-22 Wenlock Road, London, England, N1 7GU",,,,,,,,,1
43269,23046,SOFTWARE HATCH LTD,HAWTHORN ROSE HOMES LIMITED,"20-22 Wenlock Road, London, England, N1 7GU","20-22 Wenlock Road, London, England, N1 7GU",,,,,,,,,1
43269,23876,SOFTWARE HATCH LTD,ALL ABOUT REEL LTD,"20-22 Wenlock Road, London, England, N1 7GU","20-22 Wenlock Road, London, England, N1 7GU",,,,,,,,,1
43269,25761,SOFTWARE HATCH LTD,GOOD CURRIES LTD,"20-22 Wenlock Road, London, England, N1 7GU","20-22 Wenlock Road, London, England, N1 7GU",,,,,,,,,1
43269,27689,SOFTWARE HATCH LTD,FOOD DISCOUNTS LTD,"20-22 Wenlock Road, London, England, N1 7GU","20-22 Wenlock Road, London, England, N1 7GU",,,,,,,,,1
43269,29271,SOFTWARE HATCH LTD,SOFTWARE DEFENCES LTD,"20-22 Wenlock Road, London, England, N1 7GU","20-22 Wenlock Road, London, England, N1 7GU",,,,,,,,,1
43269,29377,SOFTWARE HATCH LTD,KNOWING FINANCES LTD,"20-22 Wenlock Road, London, England, N1 7GU","20-22 Wenlock Road, London, England, N1 7GU",,,,,,,,,1
43269,30243,SOFTWARE HATCH LTD,BEAUTY AND NATURE STORE LTD,"20-22 Wenlock Road, London, England, N1 7GU","20-22 Wenlock Road, London, England, N1 7GU",,,,,,,,,1
43269,30445,SOFTWARE HATCH LTD,Z AND J GROUP LTD,"20-22 Wenlock Road, London, England, N1 7GU","20-22 Wenlock Road, London, England, N1 7GU",,,,,,,,,1
43269,30467,SOFTWARE HATCH LTD,Q BRIDGE MUSIC LTD,"20-22 Wenlock Road, London, England, N1 7GU","20-22 Wenlock Road, London, England, N1 7GU",,,,,,,,,1
43269,31894,SOFTWARE HATCH LTD,ALL ABOUT CLAIMS LTD,"20-22 Wenlock Road, London, England, N1 7GU","20-22 Wenlock Road, London, England, N1 7GU",,,,,,,,,1
43269,32040,SOFTWARE HATCH LTD,BEAUTY BOUND LTD,"20-22 Wenlock Road, London, England, N1 7GU","20-22 Wenlock Road, London, England, N1 7GU",,,,,,,,,1
43269,32153,SOFTWARE HATCH LTD,BAD BOYS MAKE NOISE LTD,"20-22 Wenlock Road, London, England, N1 7GU","20-22 Wenlock Road, London, England, N1 7GU",,,,,,,,,1
43269,33286,SOFTWARE HATCH LTD,GOOD BOY TRADING LIMITED,"20-22 Wenlock Road, London, England, N1 7GU","20-22 Wenlock Road, London, England, N1 7GU",,,,,,,,,1
43269,33760,SOFTWARE HATCH LTD,GOOD ADVICE FOR LIVING LTD,"20-22 Wenlock Road, London, England, N1 7GU","20-22 Wenlock Road, London, England, N1 7GU",,,,,,,,,1
43269,35148,SOFTWARE HATCH LTD,U FINANCE LTD,"20-22 Wenlock Road, London, England, N1 7GU","20-22 Wenlock Road, London, England, N1 7GU",,,,,,,,,1
43269,38154,SOFTWARE HATCH LTD,Q ADMINISTRATION LIMITED,"20-22 Wenlock Road, London, England, N1 7GU","20-22 Wenlock Road, London, England, N1 7GU",,,,,,,,,1
43269,38905,SOFTWARE HATCH LTD,V AND J'S SOIREES LTD,"20-22 Wenlock Road, London, England, N1 7GU","20-22 Wenlock Road, London, England, N1 7GU",,,,,,,,,1
43269,39260,SOFTWARE HATCH LTD,NEW AGE STORE LTD,"20-22 Wenlock Road, London, England, N1 7GU","20-22 Wenlock Road, London, England, N1 7GU",,,,,,,,,1
43269,41076,SOFTWARE HATCH LTD,ALL ABOUT CLADDING LTD,"20-22 Wenlock Road, London, England, N1 7GU","20-22 Wenlock Road, London, England, N1 7GU",,,,,,,,,1
43269,42709,SOFTWARE HATCH LTD,Z AUDIO DIGITAL LTD,"20-22 Wenlock Road, London, England, N1 7GU","20-22 Wenlock Road, London, England, N1 7GU",,,,,,,,,1
43269,43242,SOFTWARE HATCH LTD,SOFTWARE SHIFT LTD,"20-22 Wenlock Road, London, England, N1 7GU","20-22 Wenlock Road, London, England, N1 7GU",,,,,,,,,1
43553,12136,Z & Z HOTEL INVESTMENT MANAGEMENT LIMITED,"U INTERNATIONAL GROUP CO., LTD","291 Brighton Road, South Croydon, United Kingdom, CR2 6EQ","291 Brighton Road, South Croydon, United Kingdom, CR2 6EQ",,,,,,,,,1
43615,31586,R. ALISSA SERVICES LTD,T A MEDICAL LTD,"First Floor, 49 Peter Street, Manchester, England, M2 3NG","First Floor, 49 Peter Street, Manchester, England, M2 3NG",,,,,,,,,1
43625,23105,BAD APPLE HAIR SALONS UK LIMITED,BAD APPLE HAIR WOLVERHAMPTON LTD,"Bad Apple Hair, 16 Victoria Street, Wolverhampton, England, WV1 3NP","Bad Apple Hair, 16 Victoria Street, Wolverhampton, England, WV1 3NP",,,,,,,,,1
43625,31770,BAD APPLE HAIR SALONS UK LIMITED,BAD APPLE HAIR BIRMINGHAM LIMITED,"Bad Apple Hair, 16 Victoria Street, Wolverhampton, England, WV1 3NP","Bad Apple Hair, 16 Victoria Street, Wolverhampton, England, WV1 3NP",,,,,,,,,1
43632,23843,U DONUTZ LTD,P A BURKE ADMINISTRATION SERVICES LTD,"Sherwood House, 41 Queens Road, Farnborough, England, GU14 6JP","Sherwood House, 41 Queens Road, Farnborough, England, GU14 6JP",,,,,,,,,1
43678,93,SOFTWARE SOLUTIONS MANAGEMENT LTD,SOFTWARE DEVELOPMENT SERVICES LTD,"20-22 Wenlock Road, London, England, N1 7GU","20-22 Wenlock Road, London, England, N1 7GU",,,,,,,,,1
43678,502,SOFTWARE SOLUTIONS MANAGEMENT LTD,Z AND P INCORPORATED LTD,"20-22 Wenlock Road, London, England, N1 7GU","20-22 Wenlock Road, London, England, N1 7GU",,,,,,,,,1
43678,776,SOFTWARE SOLUTIONS MANAGEMENT LTD,T & ASH LTD,"20-22 Wenlock Road, London, England, N1 7GU","20-22 Wenlock Road, London, England, N1 7GU",,,,,,,,,1
43678,3415,SOFTWARE SOLUTIONS MANAGEMENT LTD,FOOD BOOKING LTD,"20-22 Wenlock Road, London, England, N1 7GU","20-22 Wenlock Road, London, England, N1 7GU",,,,,,,,,1
43678,4039,SOFTWARE SOLUTIONS MANAGEMENT LTD,ALL ABOUT BOILERS LTD,"20-22 Wenlock Road, London, England, N1 7GU","20-22 Wenlock Road, London, England, N1 7GU",,,,,,,,,1
43678,5606,SOFTWARE SOLUTIONS MANAGEMENT LTD,GOOD CONNEXION LTD,"20-22 Wenlock Road, London, England, N1 7GU","20-22 Wenlock Road, London, England, N1 7GU",,,,,,,,,1
43678,6679,SOFTWARE SOLUTIONS MANAGEMENT LTD,Q BRANCH SOLUTIONS LTD,"20-22 Wenlock Road, London, England, N1 7GU","20-22 Wenlock Road, London, England, N1 7GU",,,,,,,,,1
43678,7079,SOFTWARE SOLUTIONS MANAGEMENT LTD,H A DIRECT LTD,"20-22 Wenlock Road, London, England, N1 7GU","20-22 Wenlock Road, London, England, N1 7GU",,,,,,,,,1
43678,8008,SOFTWARE SOLUTIONS MANAGEMENT LTD,GOOD & YOUNG LTD,"20-22 Wenlock Road, London, England, N1 7GU","20-22 Wenlock Road, London, England, N1 7GU",,,,,,,,,1
43678,13025,SOFTWARE SOLUTIONS MANAGEMENT LTD,NEW AGE PLUMBING AND HEATING SERVICES LTD,"20-22 Wenlock Road, London, England, N1 7GU","20-22 Wenlock Road, London, England, N1 7GU",,,,,,,,,1
43678,13096,SOFTWARE SOLUTIONS MANAGEMENT LTD,GOOD BEAGLE INTERNATIONAL LTD,"20-22 Wenlock Road, London, England, N1 7GU","20-22 Wenlock Road, London, England, N1 7GU",,,,,,,,,1
43678,14082,SOFTWARE SOLUTIONS MANAGEMENT LTD,SOFTWARE BRAIN LTD,"20-22 Wenlock Road, London, England, N1 7GU","20-22 Wenlock Road, London, England, N1 7GU",,,,,,,,,1
43678,16743,SOFTWARE SOLUTIONS MANAGEMENT LTD,Q BRIDGE ENTERTAINMENT LTD,"20-22 Wenlock Road, London, England, N1 7GU","20-22 Wenlock Road, London, England, N1 7GU",,,,,,,,,1
43678,17304,SOFTWARE SOLUTIONS MANAGEMENT LTD,PERGORA FINANCES INVESTMENTS LTD,"20-22 Wenlock Road, London, England, N1 7GU","20-22 Wenlock Road, London, England, N1 7GU",,,,,,,,,1
43678,17549,SOFTWARE SOLUTIONS MANAGEMENT LTD,ALL ABOUT PROPERTIES LTD,"20-22 Wenlock Road, London, England, N1 7GU","20-22 Wenlock Road, London, England, N1 7GU",,,,,,,,,1
43678,18882,SOFTWARE SOLUTIONS MANAGEMENT LTD,NEW AGE TOURING PRODUCTIONS LIMITED,"20-22 Wenlock Road, London, England, N1 7GU","20-22 Wenlock Road, London, England, N1 7GU",,,,,,,,,1
43678,20362,SOFTWARE SOLUTIONS MANAGEMENT LTD,FOOD AND PACKAGING WHOLESALE LTD,"20-22 Wenlock Road, London, England, N1 7GU","20-22 Wenlock Road, London, England, N1 7GU",,,,,,,,,1
43678,23046,SOFTWARE SOLUTIONS MANAGEMENT LTD,HAWTHORN ROSE HOMES LIMITED,"20-22 Wenlock Road, London, England, N1 7GU","20-22 Wenlock Road, London, England, N1 7GU",,,,,,,,,1
43678,23876,SOFTWARE SOLUTIONS MANAGEMENT LTD,ALL ABOUT REEL LTD,"20-22 Wenlock Road, London, England, N1 7GU","20-22 Wenlock Road, London, England, N1 7GU",,,,,,,,,1
43678,25761,SOFTWARE SOLUTIONS MANAGEMENT LTD,GOOD CURRIES LTD,"20-22 Wenlock Road, London, England, N1 7GU","20-22 Wenlock Road, London, England, N1 7GU",,,,,,,,,1
43678,27689,SOFTWARE SOLUTIONS MANAGEMENT LTD,FOOD DISCOUNTS LTD,"20-22 Wenlock Road, London, England, N1 7GU","20-22 Wenlock Road, London, England, N1 7GU",,,,,,,,,1
43678,29271,SOFTWARE SOLUTIONS MANAGEMENT LTD,SOFTWARE DEFENCES LTD,"20-22 Wenlock Road, London, England, N1 7GU","20-22 Wenlock Road, London, England, N1 7GU",,,,,,,,,1
43678,29377,SOFTWARE SOLUTIONS MANAGEMENT LTD,KNOWING FINANCES LTD,"20-22 Wenlock Road, London, England, N1 7GU","20-22 Wenlock Road, London, England, N1 7GU",,,,,,,,,1
43678,30243,SOFTWARE SOLUTIONS MANAGEMENT LTD,BEAUTY AND NATURE STORE LTD,"20-22 Wenlock Road, London, England, N1 7GU","20-22 Wenlock Road, London, England, N1 7GU",,,,,,,,,1
43678,30445,SOFTWARE SOLUTIONS MANAGEMENT LTD,Z AND J GROUP LTD,"20-22 Wenlock Road, London, England, N1 7GU","20-22 Wenlock Road, London, England, N1 7GU",,,,,,,,,1
43678,30467,SOFTWARE SOLUTIONS MANAGEMENT LTD,Q BRIDGE MUSIC LTD,"20-22 Wenlock Road, London, England, N1 7GU","20-22 Wenlock Road, London, England, N1 7GU",,,,,,,,,1
43678,31894,SOFTWARE SOLUTIONS MANAGEMENT LTD,ALL ABOUT CLAIMS LTD,"20-22 Wenlock Road, London, England, N1 7GU","20-22 Wenlock Road, London, England, N1 7GU",,,,,,,,,1
43678,32040,SOFTWARE SOLUTIONS MANAGEMENT LTD,BEAUTY BOUND LTD,"20-22 Wenlock Road, London, England, N1 7GU","20-22 Wenlock Road, London, England, N1 7GU",,,,,,,,,1
43678,32153,SOFTWARE SOLUTIONS MANAGEMENT LTD,BAD BOYS MAKE NOISE LTD,"20-22 Wenlock Road, London, England, N1 7GU","20-22 Wenlock Road, London, England, N1 7GU",,,,,,,,,1
43678,33286,SOFTWARE SOLUTIONS MANAGEMENT LTD,GOOD BOY TRADING LIMITED,"20-22 Wenlock Road, London, England, N1 7GU","20-22 Wenlock Road, London, England, N1 7GU",,,,,,,,,1
43678,33760,SOFTWARE SOLUTIONS MANAGEMENT LTD,GOOD ADVICE FOR LIVING LTD,"20-22 Wenlock Road, London, England, N1 7GU","20-22 Wenlock Road, London, England, N1 7GU",,,,,,,,,1
43678,35148,SOFTWARE SOLUTIONS MANAGEMENT LTD,U FINANCE LTD,"20-22 Wenlock Road, London, England, N1 7GU","20-22 Wenlock Road, London, England, N1 7GU",,,,,,,,,1
43678,38154,SOFTWARE SOLUTIONS MANAGEMENT LTD,Q ADMINISTRATION LIMITED,"20-22 Wenlock Road, London, England, N1 7GU","20-22 Wenlock Road, London, England, N1 7GU",,,,,,,,,1
43678,38905,SOFTWARE SOLUTIONS MANAGEMENT LTD,V AND J'S SOIREES LTD,"20-22 Wenlock Road, London, England, N1 7GU","20-22 Wenlock Road, London, England, N1 7GU",,,,,,,,,1
43678,39260,SOFTWARE SOLUTIONS MANAGEMENT LTD,NEW AGE STORE LTD,"20-22 Wenlock Road, London, England, N1 7GU","20-22 Wenlock Road, London, England, N1 7GU",,,,,,,,,1
43678,41076,SOFTWARE SOLUTIONS MANAGEMENT LTD,ALL ABOUT CLADDING LTD,"20-22 Wenlock Road, London, England, N1 7GU","20-22 Wenlock Road, London, England, N1 7GU",,,,,,,,,1
43678,42709,SOFTWARE SOLUTIONS MANAGEMENT LTD,Z AUDIO DIGITAL LTD,"20-22 Wenlock Road, London, England, N1 7GU","20-22 Wenlock Road, London, England, N1 7GU",,,,,,,,,1
43678,43242,SOFTWARE SOLUTIONS MANAGEMENT LTD,SOFTWARE SHIFT LTD,"20-22 Wenlock Road, London, England, N1 7GU","20-22 Wenlock Road, London, England, N1 7GU",,,,,,,,,1
43678,43269,SOFTWARE SOLUTIONS MANAGEMENT LTD,SOFTWARE HATCH LTD,"20-22 Wenlock Road, London, England, N1 7GU","20-22 Wenlock Road, London, England, N1 7GU",,,,,,,,,1
43690,2484,ALL ABOUT FIREWORKS LTD,T A CARPENTRY & CONSTRUCTION (MIDLANDS) LIMITED,"15a Anchor Road, Walsall, England, WS9 8PT","15a Anchor Road, Walsall, England, WS9 8PT",,,,,,,,,1
43817,24019,Stoccaggi Gas Italia Spa,Snam Spa,"PIAZZA SANTA BARBARA 7, SAN DONATO MILANESE, 20097, MILANO, ITALY","PIAZZA SANTA BARBARA 7, SAN DONATO MILANESE, 20097, MILANO, ITALY",,,,,IT13271380159,IT13271390158,,,1
43827,13301,Z & S (HOVE) LIMITED,Z & S (BROADWATER) LTD,"Demar House 14 Church Road, East Wittering, Chichester, West Sussex, England, PO20 8PS","Demar House 14 Church Road, East Wittering, Chichester, West Sussex, England, PO20 8PS",,,,,,,,,1
43827,25414,Z & S (HOVE) LIMITED,Z & S (LEWES ROAD) LTD,"Demar House 14 Church Road, East Wittering, Chichester, West Sussex, England, PO20 8PS","Demar House 14 Church Road, East Wittering, Chichester, West Sussex, England, PO20 8PS",,,,,,,,,1
43827,25956,Z & S (HOVE) LIMITED,Z & S (POETS) LTD,"Demar House 14 Church Road, East Wittering, Chichester, West Sussex, England, PO20 8PS","Demar House 14 Church Road, East Wittering, Chichester, West Sussex, England, PO20 8PS",,,,,,,,,1
43827,42602,Z & S (HOVE) LIMITED,Z & S (BRIGHTON) LTD,"Demar House 14 Church Road, East Wittering, Chichester, West Sussex, England, PO20 8PS","Demar House 14 Church Road, East Wittering, Chichester, West Sussex, England, PO20 8PS",,,,,,,,,1
43832,1456,Ferrero Commerciale Italia Srl,Ferrero Industriale Italia Srl,"PIAZZALE PIETRO FERRERO 1, ALBA, 12051, CUNEO, ITALY","PIAZZALE PIETRO FERRERO 1, ALBA, 12051, CUNEO, ITALY",,,,,IT03629090048,IT03629080049,,,1
43877,12567,T ALLEN HOMES LTD,T ALLEN PROPERTIES LTD,"20 Queensbury Road, Wembley, England, HA0 1LR","20 Queensbury Road, Wembley, England, HA0 1LR",,,,,,,,,1
43880,750,NEW ABILITIES PROPERTY MANAGEMENT LTD,BAD PACKETS LTD,"71-75 Shelton Street, Covent Garden, London, England, WC2H 9JQ","71-75 Shelton Street, Covent Garden, London, England, WC2H 9JQ",,,,,,,,,1
43880,6749,NEW ABILITIES PROPERTY MANAGEMENT LTD,FINANCES AND LAW SOLUTIONS LTD,"71-75 Shelton Street, Covent Garden, London, England, WC2H 9JQ","71-75 Shelton Street, Covent Garden, London, England, WC2H 9JQ",,,,,,,,,1
43880,10919,NEW ABILITIES PROPERTY MANAGEMENT LTD,TRUSTED FINANCES AND PROTECTION LTD,"71-75 Shelton Street, Covent Garden, London, England, WC2H 9JQ","71-75 Shelton Street, Covent Garden, London, England, WC2H 9JQ",,,,,,,,,1
43880,12172,NEW ABILITIES PROPERTY MANAGEMENT LTD,SADIO S LIMITED,"71-75 Shelton Street, Covent Garden, London, England, WC2H 9JQ","71-75 Shelton Street, Covent Garden, London, England, WC2H 9JQ",,,,,,,,,1
43880,21363,NEW ABILITIES PROPERTY MANAGEMENT LTD,BAD VEGAN LTD,"71-75 Shelton Street, Covent Garden, London, England, WC2H 9JQ","71-75 Shelton Street, Covent Garden, London, England, WC2H 9JQ",,,,,,,,,1
43880,23018,NEW ABILITIES PROPERTY MANAGEMENT LTD,U & I UN LIMITED,"71-75 Shelton Street, Covent Garden, London, England, WC2H 9JQ","71-75 Shelton Street, Covent Garden, London, England, WC2H 9JQ",,,,,,,,,1
43880,35043,NEW ABILITIES PROPERTY MANAGEMENT LTD,BEAUTY AND SERENITY LTD,"71-75 Shelton Street, Covent Garden, London, England, WC2H 9JQ","71-75 Shelton Street, Covent Garden, London, England, WC2H 9JQ",,,,,,,,,1
43921,20378,Q AND H NAILS LIMITED,Q AND H PROPERTIES (BARRY) LIMITED,"7-8 Raleigh Walk Waterfront 2000, Brigantine Place, Cardiff, United Kingdom, CF10 4LN","7-8 Raleigh Walk Waterfront 2000, Brigantine Place, Cardiff, United Kingdom, CF10 4LN",,,,,,,,,1
43921,31804,Q AND H NAILS LIMITED,Q AND H CONSTRUCTION (BARRY) LIMITED,"7-8 Raleigh Walk Waterfront 2000, Brigantine Place, Cardiff, United Kingdom, CF10 4LN","7-8 Raleigh Walk Waterfront 2000, Brigantine Place, Cardiff, United Kingdom, CF10 4LN",,,,,,,,,1
43937,3717,Finmeg Srl,Bennet Holding Spa,"PIAZZA DELLA REPUBBLICA 28, MILANO, 20124, MILANO, ITALY","PIAZZA DELLA REPUBBLICA 28, MILANO, 20124, MILANO, ITALY",,,,,IT05951430965,IT07069120967,,,1
44042,23576,V & G GROUP LIMITED,P & A BAKERY LIMITED,"Solar House, 282 Chase Road, Southgate, United Kingdom, N14 6NZ","Solar House, 282 Chase Road, Southgate, United Kingdom, N14 6NZ",,,,,,,,,1
44144,16710,V & C (SW) LIMITED,V & C (SW) PROPERTIES LIMITED,"17 Saron Close, Penyrheol, Swansea, SA4 4FB","17 Saron Close, Penyrheol, Swansea, SA4 4FB",,,,,,,,,1
44310,263,NEW AGES TECHNOLOGIES LTD,ALL ABOUT KIDS LTD,"71-75 Shelton Street, Covent Garden, London, United Kingdom, WC2H 9JQ","71-75 Shelton Street, Covent Garden, London, United Kingdom, WC2H 9JQ",,,,,,,,,1
44310,3444,NEW AGES TECHNOLOGIES LTD,U BROWN LTD,"71-75 Shelton Street, Covent Garden, London, United Kingdom, WC2H 9JQ","71-75 Shelton Street, Covent Garden, London, United Kingdom, WC2H 9JQ",,,,,,,,,1
44310,3775,NEW AGES TECHNOLOGIES LTD,T & B ENGINEERING SOLUTIONS LTD,"71-75 Shelton Street, Covent Garden, London, United Kingdom, WC2H 9JQ","71-75 Shelton Street, Covent Garden, London, United Kingdom, WC2H 9JQ",,,,,,,,,1
44310,4375,NEW AGES TECHNOLOGIES LTD,H & A ENGINEERING LTD,"71-75 Shelton Street, Covent Garden, London, United Kingdom, WC2H 9JQ","71-75 Shelton Street, Covent Garden, London, United Kingdom, WC2H 9JQ",,,,,,,,,1
44310,4438,NEW AGES TECHNOLOGIES LTD,BEAUTY BOOSTERS LTD,"71-75 Shelton Street, Covent Garden, London, United Kingdom, WC2H 9JQ","71-75 Shelton Street, Covent Garden, London, United Kingdom, WC2H 9JQ",,,,,,,,,1
44310,6594,NEW AGES TECHNOLOGIES LTD,U EVENTS LIMITED,"71-75 Shelton Street, Covent Garden, London, United Kingdom, WC2H 9JQ","71-75 Shelton Street, Covent Garden, London, United Kingdom, WC2H 9JQ",,,,,,,,,1
44310,7607,NEW AGES TECHNOLOGIES LTD,GOOD ADVICE DEBT COMPANY LIMITED,"71-75 Shelton Street, Covent Garden, London, United Kingdom, WC2H 9JQ","71-75 Shelton Street, Covent Garden, London, United Kingdom, WC2H 9JQ",,,,,,,,,1
44310,11053,NEW AGES TECHNOLOGIES LTD,ALL ABOUT THE SAAS LTD,"71-75 Shelton Street, Covent Garden, London, United Kingdom, WC2H 9JQ","71-75 Shelton Street, Covent Garden, London, United Kingdom, WC2H 9JQ",,,,,,,,,1
44310,12838,NEW AGES TECHNOLOGIES LTD,Q CONSULTING GROUP LTD,"71-75 Shelton Street, Covent Garden, London, United Kingdom, WC2H 9JQ","71-75 Shelton Street, Covent Garden, London, United Kingdom, WC2H 9JQ",,,,,,,,,1
44310,15089,NEW AGES TECHNOLOGIES LTD,Q UN LIMITED,"71-75 Shelton Street, Covent Garden, London, United Kingdom, WC2H 9JQ","71-75 Shelton Street, Covent Garden, London, United Kingdom, WC2H 9JQ",,,,,,,,,1
44310,18039,NEW AGES TECHNOLOGIES LTD,Z & K DISTRIBUTORS LIMITED,"71-75 Shelton Street, Covent Garden, London, United Kingdom, WC2H 9JQ","71-75 Shelton Street, Covent Garden, London, United Kingdom, WC2H 9JQ",,,,,,,,,1
44310,18878,NEW AGES TECHNOLOGIES LTD,FOOD & BEVERAGE INTERNATIONAL LTD,"71-75 Shelton Street, Covent Garden, London, United Kingdom, WC2H 9JQ","71-75 Shelton Street, Covent Garden, London, United Kingdom, WC2H 9JQ",,,,,,,,,1
44310,19784,NEW AGES TECHNOLOGIES LTD,S A GUARANTEE SPECIALISTS UK LIMITED,"71-75 Shelton Street, Covent Garden, London, United Kingdom, WC2H 9JQ","71-75 Shelton Street, Covent Garden, London, United Kingdom, WC2H 9JQ",,,,,,,,,1
44310,19928,NEW AGES TECHNOLOGIES LTD,ALL ABOUT ME ENTERPRISES LIMITED,"71-75 Shelton Street, Covent Garden, London, United Kingdom, WC2H 9JQ","71-75 Shelton Street, Covent Garden, London, United Kingdom, WC2H 9JQ",,,,,,,,,1
44310,21691,NEW AGES TECHNOLOGIES LTD,NEW AGE AGENCY AND SERVICES LIMITED,"71-75 Shelton Street, Covent Garden, London, United Kingdom, WC2H 9JQ","71-75 Shelton Street, Covent Garden, London, United Kingdom, WC2H 9JQ",,,,,,,,,1
44310,25329,NEW AGES TECHNOLOGIES LTD,NEW AGE GAMES LIMITED,"71-75 Shelton Street, Covent Garden, London, United Kingdom, WC2H 9JQ","71-75 Shelton Street, Covent Garden, London, United Kingdom, WC2H 9JQ",,,,,,,,,1
44310,28246,NEW AGES TECHNOLOGIES LTD,BEAUTY BOLD PR LTD,"71-75 Shelton Street, Covent Garden, London, United Kingdom, WC2H 9JQ","71-75 Shelton Street, Covent Garden, London, United Kingdom, WC2H 9JQ",,,,,,,,,1
44310,35542,NEW AGES TECHNOLOGIES LTD,BEAUTY BLOCKS LTD,"71-75 Shelton Street, Covent Garden, London, United Kingdom, WC2H 9JQ","71-75 Shelton Street, Covent Garden, London, United Kingdom, WC2H 9JQ",,,,,,,,,1
44310,36427,NEW AGES TECHNOLOGIES LTD,SOFTWARE KEYS-SK LTD,"71-75 Shelton Street, Covent Garden, London, United Kingdom, WC2H 9JQ","71-75 Shelton Street, Covent Garden, London, United Kingdom, WC2H 9JQ",,,,,,,,,1
44310,36970,NEW AGES TECHNOLOGIES LTD,NIKOLIC FINANCES LTD,"71-75 Shelton Street, Covent Garden, London, United Kingdom, WC2H 9JQ","71-75 Shelton Street, Covent Garden, London, United Kingdom, WC2H 9JQ",,,,,,,,,1
44310,37218,NEW AGES TECHNOLOGIES LTD,U CHOZE LIMITED,"71-75 Shelton Street, Covent Garden, London, United Kingdom, WC2H 9JQ","71-75 Shelton Street, Covent Garden, London, United Kingdom, WC2H 9JQ",,,,,,,,,1
44452,288,U AND I (INNOVATION HUBS) LIMITED,U AND I FINANCE PLC,"100 Victoria Street, London, England, SW1E 5JL","100 Victoria Street, London, England, SW1E 5JL",,,,,,,,,1
44452,3485,U AND I (INNOVATION HUBS) LIMITED,U AND I COMPANY SECRETARIES LIMITED,"100 Victoria Street, London, England, SW1E 5JL","100 Victoria Street, London, England, SW1E 5JL",,,,,,,,,1
44452,4059,U AND I (INNOVATION HUBS) LIMITED,U AND I INVESTMENT PORTFOLIO LIMITED,"100 Victoria Street, London, England, SW1E 5JL","100 Victoria Street, London, England, SW1E 5JL",,,,,,,,,1
44452,6037,U AND I (INNOVATION HUBS) LIMITED,U AND I (HARWELL) LIMITED,"100 Victoria Street, London, England, SW1E 5JL","100 Victoria Street, London, England, SW1E 5JL",,,,,,,,,1
44452,7117,U AND I (INNOVATION HUBS) LIMITED,U AND I GROUP LIMITED,"100 Victoria Street, London, England, SW1E 5JL","100 Victoria Street, London, England, SW1E 5JL",,,,,,,,,1
44452,15300,U AND I (INNOVATION HUBS) LIMITED,U AND I (WIE) LIMITED,"100 Victoria Street, London, England, SW1E 5JL","100 Victoria Street, London, England, SW1E 5JL",,,,,,,,,1
44452,15642,U AND I (INNOVATION HUBS) LIMITED,U AND I (8AE) LIMITED,"100 Victoria Street, London, England, SW1E 5JL","100 Victoria Street, London, England, SW1E 5JL",,,,,,,,,1
44452,17497,U AND I (INNOVATION HUBS) LIMITED,U AND I IPA LIMITED,"100 Victoria Street, London, England, SW1E 5JL","100 Victoria Street, London, England, SW1E 5JL",,,,,,,,,1
44452,20501,U AND I (INNOVATION HUBS) LIMITED,U AND I DIRECTOR 2 LIMITED,"100 Victoria Street, London, England, SW1E 5JL","100 Victoria Street, London, England, SW1E 5JL",,,,,,,,,1
44452,20789,U AND I (INNOVATION HUBS) LIMITED,U AND I (PB) COMMERCIAL LIMITED,"100 Victoria Street, London, England, SW1E 5JL","100 Victoria Street, London, England, SW1E 5JL",,,,,,,,,1
44452,21166,U AND I (INNOVATION HUBS) LIMITED,U AND I (DEVELOPMENT AND TRADING) LIMITED,"100 Victoria Street, London, England, SW1E 5JL","100 Victoria Street, London, England, SW1E 5JL",,,,,,,,,1
44452,22482,U AND I (INNOVATION HUBS) LIMITED,U AND I POWERHOUSE LIMITED,"100 Victoria Street, London, England, SW1E 5JL","100 Victoria Street, London, England, SW1E 5JL",,,,,,,,,1
44452,22841,U AND I (INNOVATION HUBS) LIMITED,U AND I (PINCENTS LANE) LTD,"100 Victoria Street, London, England, SW1E 5JL","100 Victoria Street, London, England, SW1E 5JL",,,,,,,,,1
44452,31152,U AND I (INNOVATION HUBS) LIMITED,U AND I PPP LIMITED,"100 Victoria Street, London, England, SW1E 5JL","100 Victoria Street, London, England, SW1E 5JL",,,,,,,,,1
44452,35497,U AND I (INNOVATION HUBS) LIMITED,U AND I IPC LIMITED,"100 Victoria Street, London, England, SW1E 5JL","100 Victoria Street, London, England, SW1E 5JL",,,,,,,,,1
44452,39567,U AND I (INNOVATION HUBS) LIMITED,U AND I (GVP) LIMITED,"100 Victoria Street, London, England, SW1E 5JL","100 Victoria Street, London, England, SW1E 5JL",,,,,,,,,1
44452,40628,U AND I (INNOVATION HUBS) LIMITED,U AND I IPA SC LIMITED,"100 Victoria Street, London, England, SW1E 5JL","100 Victoria Street, London, England, SW1E 5JL",,,,,,,,,1
44568,18894,BEAUTY AT THE VINERY LIMITED,SOFTWARE DEVELOPMENTS LIMITED,"Unit 2.02 High Weald House, Glovers End, Bexhill, East Sussex, England, TN39 5ES","Unit 2.02 High Weald House, Glovers End, Bexhill, East Sussex, England, TN39 5ES",,,,,,,,,1
44568,33080,BEAUTY AT THE VINERY LIMITED,T A DRILLING (SALES) LIMITED,"Unit 2.02 High Weald House, Glovers End, Bexhill, East Sussex, England, TN39 5ES","Unit 2.02 High Weald House, Glovers End, Bexhill, East Sussex, England, TN39 5ES",,,,,,,,,1
44568,38043,BEAUTY AT THE VINERY LIMITED,V & E EUROPEAN AIRCRAFT SALES LIMITED,"Unit 2.02 High Weald House, Glovers End, Bexhill, East Sussex, England, TN39 5ES","Unit 2.02 High Weald House, Glovers End, Bexhill, East Sussex, England, TN39 5ES",,,,,,,,,1
44572,36567,CLEVELAND MEAT LIMITED,FINANCE SECURE LTD,"12 Rosebery Avenue, London, England, N17 9RY","12 Rosebery Avenue, London, England, N17 9RY",,,,,,,,,1
44622,35958,ALL ABOUT THE DOOR LIMITED,FOOD & THINGS LTD,"22-26 King Street, King's Lynn, Norfolk, United Kingdom, PE30 1HJ","22-26 King Street, King's Lynn, Norfolk, United Kingdom, PE30 1HJ",,,,,,,,,1
44711,37923,Societa' Italiana Per Condotte D'acqua Spa,Ferfina Spa,"VIA SALARIA 1039, ROMA, 00138, ROMA, ITALY","VIA SALARIA 1039, ROMA, 00138, ROMA, ITALY",,,,,IT00904561008,IT00889761003,,,1
44840,16610,V & P INTERIORS LTD,V & P PERFECTCLEANING LTD,"Unit 3 Dulcia Works, Herbert Street, London, England, E13 8BE","Unit 3 Dulcia Works, Herbert Street, London, England, E13 8BE",,,,,,,,,1
44893,2340,GOOD ACCOUNTANT LTD,PACKER P LTD,"128 City Road, London, United Kingdom, EC1V 2NX","128 City Road, London, United Kingdom, EC1V 2NX",,,,,,,,,1
44893,11214,GOOD ACCOUNTANT LTD,BRIGHT VISION INVESTMENT LTD,"128 City Road, London, United Kingdom, EC1V 2NX","128 City Road, London, United Kingdom, EC1V 2NX",,,,,,,,,1
44893,13551,GOOD ACCOUNTANT LTD,NEW AGE FASHION LTD,"128 City Road, London, United Kingdom, EC1V 2NX","128 City Road, London, United Kingdom, EC1V 2NX",,,,,,,,,1
44893,17757,GOOD ACCOUNTANT LTD,GOOD DAY AESTHETICS & BEAUTY LTD,"128 City Road, London, United Kingdom, EC1V 2NX","128 City Road, London, United Kingdom, EC1V 2NX",,,,,,,,,1
44893,19613,GOOD ACCOUNTANT LTD,SOFTWARE SOLUTIONS GROUP LTD.,"128 City Road, London, United Kingdom, EC1V 2NX","128 City Road, London, United Kingdom, EC1V 2NX",,,,,,,,,1
44893,24850,GOOD ACCOUNTANT LTD,H ACCOUNTING SOLUTION LIMITED,"128 City Road, London, United Kingdom, EC1V 2NX","128 City Road, London, United Kingdom, EC1V 2NX",,,,,,,,,1
44893,28937,GOOD ACCOUNTANT LTD,TANA T TRADING LTD,"128 City Road, London, United Kingdom, EC1V 2NX","128 City Road, London, United Kingdom, EC1V 2NX",,,,,,,,,1
44893,29510,GOOD ACCOUNTANT LTD,V & MARK COMPANY LTD,"128 City Road, London, United Kingdom, EC1V 2NX","128 City Road, London, United Kingdom, EC1V 2NX",,,,,,,,,1
44893,31132,GOOD ACCOUNTANT LTD,P A MARTIN CONSTRUCTION LTD,"128 City Road, London, United Kingdom, EC1V 2NX","128 City Road, London, United Kingdom, EC1V 2NX",,,,,,,,,1
44893,31915,GOOD ACCOUNTANT LTD,U AND M CONSULTANTS LTD,"128 City Road, London, United Kingdom, EC1V 2NX","128 City Road, London, United Kingdom, EC1V 2NX",,,,,,,,,1
44893,32385,GOOD ACCOUNTANT LTD,ECO MARINE FOODS LTD,"128 City Road, London, United Kingdom, EC1V 2NX","128 City Road, London, United Kingdom, EC1V 2NX",,,,,,,,,1
44893,38470,GOOD ACCOUNTANT LTD,H A FOR TRAINING AND CONSULTANT LTD,"128 City Road, London, United Kingdom, EC1V 2NX","128 City Road, London, United Kingdom, EC1V 2NX",,,,,,,,,1
44893,38754,GOOD ACCOUNTANT LTD,Z CONTROLS & AUTOMATION LTD,"128 City Road, London, United Kingdom, EC1V 2NX","128 City Road, London, United Kingdom, EC1V 2NX",,,,,,,,,1
44893,42528,GOOD ACCOUNTANT LTD,U COLLABORATION LTD,"128 City Road, London, United Kingdom, EC1V 2NX","128 City Road, London, United Kingdom, EC1V 2NX",,,,,,,,,1
44994,1880,D & G Srl,Dolce & Gabbana Srl,"VIA CARLO GOLDONI 10, MILANO, 20129, MILANO, ITALY","VIA CARLO GOLDONI 10, MILANO, 20129, MILANO, ITALY",,,,,IT09297840150,IT09297890155,,,1
44994,11108,D & G Srl,Dolce & Gabbana Holding Srl,"VIA CARLO GOLDONI 10, MILANO, 20129, MILANO, ITALY","VIA CARLO GOLDONI 10, MILANO, 20129, MILANO, ITALY",,,,,IT09297840150,IT05948660963,,,1
45093,13786,FOOD & BEVERAGE TRADEMARKETING LIMITED,SOFTWARE SERVICE EUROPE LIMITED,"69 Great Hampton Street, Birmingham, B18 6EW","69 Great Hampton Street, Birmingham, B18 6EW",,,,,,,,,1
45261,6077,NEW AGE LANDSCAPING LTD,BAD GUY RECORDS LTD,"Suite 3 91 Mayflower Street, Plymouth, England, PL1 1SB","Suite 3 91 Mayflower Street, Plymouth, England, PL1 1SB",,,,,,,,,1
45266,39110,SOFTWARE FOR HEALTHCARE LIMITED,SOFTWARE PROJECTS LTD,"272 Bath Street, Glasgow, Scotland, G2 4JR","272 Bath Street, Glasgow, Scotland, G2 4JR",,,,,,,,,1
45735,2340,T A ELECTRONICS LTD,PACKER P LTD,"128 City Road, London, United Kingdom, EC1V 2NX","128 City Road, London, United Kingdom, EC1V 2NX",,,,,,,,,1
45735,11214,T A ELECTRONICS LTD,BRIGHT VISION INVESTMENT LTD,"128 City Road, London, United Kingdom, EC1V 2NX","128 City Road, London, United Kingdom, EC1V 2NX",,,,,,,,,1
45735,13551,T A ELECTRONICS LTD,NEW AGE FASHION LTD,"128 City Road, London, United Kingdom, EC1V 2NX","128 City Road, London, United Kingdom, EC1V 2NX",,,,,,,,,1
45735,17757,T A ELECTRONICS LTD,GOOD DAY AESTHETICS & BEAUTY LTD,"128 City Road, London, United Kingdom, EC1V 2NX","128 City Road, London, United Kingdom, EC1V 2NX",,,,,,,,,1
45735,19613,T A ELECTRONICS LTD,SOFTWARE SOLUTIONS GROUP LTD.,"128 City Road, London, United Kingdom, EC1V 2NX","128 City Road, London, United Kingdom, EC1V 2NX",,,,,,,,,1
45735,24850,T A ELECTRONICS LTD,H ACCOUNTING SOLUTION LIMITED,"128 City Road, London, United Kingdom, EC1V 2NX","128 City Road, London, United Kingdom, EC1V 2NX",,,,,,,,,1
45735,28937,T A ELECTRONICS LTD,TANA T TRADING LTD,"128 City Road, London, United Kingdom, EC1V 2NX","128 City Road, London, United Kingdom, EC1V 2NX",,,,,,,,,1
45735,29510,T A ELECTRONICS LTD,V & MARK COMPANY LTD,"128 City Road, London, United Kingdom, EC1V 2NX","128 City Road, London, United Kingdom, EC1V 2NX",,,,,,,,,1
45735,31132,T A ELECTRONICS LTD,P A MARTIN CONSTRUCTION LTD,"128 City Road, London, United Kingdom, EC1V 2NX","128 City Road, London, United Kingdom, EC1V 2NX",,,,,,,,,1
45735,31915,T A ELECTRONICS LTD,U AND M CONSULTANTS LTD,"128 City Road, London, United Kingdom, EC1V 2NX","128 City Road, London, United Kingdom, EC1V 2NX",,,,,,,,,1
45735,32385,T A ELECTRONICS LTD,ECO MARINE FOODS LTD,"128 City Road, London, United Kingdom, EC1V 2NX","128 City Road, London, United Kingdom, EC1V 2NX",,,,,,,,,1
45735,38470,T A ELECTRONICS LTD,H A FOR TRAINING AND CONSULTANT LTD,"128 City Road, London, United Kingdom, EC1V 2NX","128 City Road, London, United Kingdom, EC1V 2NX",,,,,,,,,1
45735,38754,T A ELECTRONICS LTD,Z CONTROLS & AUTOMATION LTD,"128 City Road, London, United Kingdom, EC1V 2NX","128 City Road, London, United Kingdom, EC1V 2NX",,,,,,,,,1
45735,42528,T A ELECTRONICS LTD,U COLLABORATION LTD,"128 City Road, London, United Kingdom, EC1V 2NX","128 City Road, London, United Kingdom, EC1V 2NX",,,,,,,,,1
45735,44893,T A ELECTRONICS LTD,GOOD ACCOUNTANT LTD,"128 City Road, London, United Kingdom, EC1V 2NX","128 City Road, London, United Kingdom, EC1V 2NX",,,,,,,,,1
45779,8192,V & P COMMERCIAL SERVICES LTD,H A MORGAN LTD,"17 St. Peters Place, Fleetwood, Lancashire, FY7 6EB","17 St. Peters Place, Fleetwood, Lancashire, FY7 6EB",,,,,,,,,1
45882,2340,NEW ALL DIGITAL MARKETING LTD,PACKER P LTD,"128 City Road, London, United Kingdom, EC1V 2NX","128 City Road, London, United Kingdom, EC1V 2NX",,,,,,,,,1
45882,11214,NEW ALL DIGITAL MARKETING LTD,BRIGHT VISION INVESTMENT LTD,"128 City Road, London, United Kingdom, EC1V 2NX","128 City Road, London, United Kingdom, EC1V 2NX",,,,,,,,,1
45882,13551,NEW ALL DIGITAL MARKETING LTD,NEW AGE FASHION LTD,"128 City Road, London, United Kingdom, EC1V 2NX","128 City Road, London, United Kingdom, EC1V 2NX",,,,,,,,,1
45882,17757,NEW ALL DIGITAL MARKETING LTD,GOOD DAY AESTHETICS & BEAUTY LTD,"128 City Road, London, United Kingdom, EC1V 2NX","128 City Road, London, United Kingdom, EC1V 2NX",,,,,,,,,1
45882,19613,NEW ALL DIGITAL MARKETING LTD,SOFTWARE SOLUTIONS GROUP LTD.,"128 City Road, London, United Kingdom, EC1V 2NX","128 City Road, London, United Kingdom, EC1V 2NX",,,,,,,,,1
45882,24850,NEW ALL DIGITAL MARKETING LTD,H ACCOUNTING SOLUTION LIMITED,"128 City Road, London, United Kingdom, EC1V 2NX","128 City Road, London, United Kingdom, EC1V 2NX",,,,,,,,,1
45882,28937,NEW ALL DIGITAL MARKETING LTD,TANA T TRADING LTD,"128 City Road, London, United Kingdom, EC1V 2NX","128 City Road, London, United Kingdom, EC1V 2NX",,,,,,,,,1
45882,29510,NEW ALL DIGITAL MARKETING LTD,V & MARK COMPANY LTD,"128 City Road, London, United Kingdom, EC1V 2NX","128 City Road, London, United Kingdom, EC1V 2NX",,,,,,,,,1
45882,31132,NEW ALL DIGITAL MARKETING LTD,P A MARTIN CONSTRUCTION LTD,"128 City Road, London, United Kingdom, EC1V 2NX","128 City Road, London, United Kingdom, EC1V 2NX",,,,,,,,,1
45882,31915,NEW ALL DIGITAL MARKETING LTD,U AND M CONSULTANTS LTD,"128 City Road, London, United Kingdom, EC1V 2NX","128 City Road, London, United Kingdom, EC1V 2NX",,,,,,,,,1
45882,32385,NEW ALL DIGITAL MARKETING LTD,ECO MARINE FOODS LTD,"128 City Road, London, United Kingdom, EC1V 2NX","128 City Road, London, United Kingdom, EC1V 2NX",,,,,,,,,1
45882,38470,NEW ALL DIGITAL MARKETING LTD,H A FOR TRAINING AND CONSULTANT LTD,"128 City Road, London, United Kingdom, EC1V 2NX","128 City Road, London, United Kingdom, EC1V 2NX",,,,,,,,,1
45882,38754,NEW ALL DIGITAL MARKETING LTD,Z CONTROLS & AUTOMATION LTD,"128 City Road, London, United Kingdom, EC1V 2NX","128 City Road, London, United Kingdom, EC1V 2NX",,,,,,,,,1
45882,42528,NEW ALL DIGITAL MARKETING LTD,U COLLABORATION LTD,"128 City Road, London, United Kingdom, EC1V 2NX","128 City Road, London, United Kingdom, EC1V 2NX",,,,,,,,,1
45882,44893,NEW ALL DIGITAL MARKETING LTD,GOOD ACCOUNTANT LTD,"128 City Road, London, United Kingdom, EC1V 2NX","128 City Road, London, United Kingdom, EC1V 2NX",,,,,,,,,1
45882,45735,NEW ALL DIGITAL MARKETING LTD,T A ELECTRONICS LTD,"128 City Road, London, United Kingdom, EC1V 2NX","128 City Road, London, United Kingdom, EC1V 2NX",,,,,,,,,1
45908,22760,BAD WOLF (IHS) LTD,BAD WOLF (HDM) LTD,"Wolf Studios Wales Trident Industrial Park, Glass Avenue, Cardiff, United Kingdom, CF24 5EN","Wolf Studios Wales Trident Industrial Park, Glass Avenue, Cardiff, United Kingdom, CF24 5EN",,,,,,,,,1
45908,37120,BAD WOLF (IHS) LTD,BAD WOLF (DG) LTD,"Wolf Studios Wales Trident Industrial Park, Glass Avenue, Cardiff, United Kingdom, CF24 5EN","Wolf Studios Wales Trident Industrial Park, Glass Avenue, Cardiff, United Kingdom, CF24 5EN",,,,,,,,,1
45908,37411,BAD WOLF (IHS) LTD,BAD WOLF LTD,"Wolf Studios Wales Trident Industrial Park, Glass Avenue, Cardiff, United Kingdom, CF24 5EN","Wolf Studios Wales Trident Industrial Park, Glass Avenue, Cardiff, United Kingdom, CF24 5EN",,,,,,,,,1
45908,39372,BAD WOLF (IHS) LTD,BAD WOLF (IHS2) LTD,"Wolf Studios Wales Trident Industrial Park, Glass Avenue, Cardiff, United Kingdom, CF24 5EN","Wolf Studios Wales Trident Industrial Park, Glass Avenue, Cardiff, United Kingdom, CF24 5EN",,,,,,,,,1
46049,37545,P A COLYER LIMITED,S. A. KELLY LIMITED,"24 Downsview, Chatham, Kent, ME5 0AP","24 Downsview, Chatham, Kent, ME5 0AP",,,,,,,,,1
46057,6271,Q BALL LTD,GOOD CATCH CASTING LTD,"Ground Floor Southway House, 29 Southway, Colchester, Essex, England, CO2 7BA","Ground Floor Southway House, 29 Southway, Colchester, Essex, England, CO2 7BA",,,,,,,,,1
46081,93,BAD BOY BOSSES LTD,SOFTWARE DEVELOPMENT SERVICES LTD,"20-22 Wenlock Road, London, England, N1 7GU","20-22 Wenlock Road, London, England, N1 7GU",,,,,,,,,1
46081,502,BAD BOY BOSSES LTD,Z AND P INCORPORATED LTD,"20-22 Wenlock Road, London, England, N1 7GU","20-22 Wenlock Road, London, England, N1 7GU",,,,,,,,,1
46081,776,BAD BOY BOSSES LTD,T & ASH LTD,"20-22 Wenlock Road, London, England, N1 7GU","20-22 Wenlock Road, London, England, N1 7GU",,,,,,,,,1
46081,3415,BAD BOY BOSSES LTD,FOOD BOOKING LTD,"20-22 Wenlock Road, London, England, N1 7GU","20-22 Wenlock Road, London, England, N1 7GU",,,,,,,,,1
46081,4039,BAD BOY BOSSES LTD,ALL ABOUT BOILERS LTD,"20-22 Wenlock Road, London, England, N1 7GU","20-22 Wenlock Road, London, England, N1 7GU",,,,,,,,,1
46081,5606,BAD BOY BOSSES LTD,GOOD CONNEXION LTD,"20-22 Wenlock Road, London, England, N1 7GU","20-22 Wenlock Road, London, England, N1 7GU",,,,,,,,,1
46081,6679,BAD BOY BOSSES LTD,Q BRANCH SOLUTIONS LTD,"20-22 Wenlock Road, London, England, N1 7GU","20-22 Wenlock Road, London, England, N1 7GU",,,,,,,,,1
46081,7079,BAD BOY BOSSES LTD,H A DIRECT LTD,"20-22 Wenlock Road, London, England, N1 7GU","20-22 Wenlock Road, London, England, N1 7GU",,,,,,,,,1
46081,8008,BAD BOY BOSSES LTD,GOOD & YOUNG LTD,"20-22 Wenlock Road, London, England, N1 7GU","20-22 Wenlock Road, London, England, N1 7GU",,,,,,,,,1
46081,13025,BAD BOY BOSSES LTD,NEW AGE PLUMBING AND HEATING SERVICES LTD,"20-22 Wenlock Road, London, England, N1 7GU","20-22 Wenlock Road, London, England, N1 7GU",,,,,,,,,1
46081,13096,BAD BOY BOSSES LTD,GOOD BEAGLE INTERNATIONAL LTD,"20-22 Wenlock Road, London, England, N1 7GU","20-22 Wenlock Road, London, England, N1 7GU",,,,,,,,,1
46081,14082,BAD BOY BOSSES LTD,SOFTWARE BRAIN LTD,"20-22 Wenlock Road, London, England, N1 7GU","20-22 Wenlock Road, London, England, N1 7GU",,,,,,,,,1
46081,16743,BAD BOY BOSSES LTD,Q BRIDGE ENTERTAINMENT LTD,"20-22 Wenlock Road, London, England, N1 7GU","20-22 Wenlock Road, London, England, N1 7GU",,,,,,,,,1
46081,17304,BAD BOY BOSSES LTD,PERGORA FINANCES INVESTMENTS LTD,"20-22 Wenlock Road, London, England, N1 7GU","20-22 Wenlock Road, London, England, N1 7GU",,,,,,,,,1
46081,17549,BAD BOY BOSSES LTD,ALL ABOUT PROPERTIES LTD,"20-22 Wenlock Road, London, England, N1 7GU","20-22 Wenlock Road, London, England, N1 7GU",,,,,,,,,1
46081,18882,BAD BOY BOSSES LTD,NEW AGE TOURING PRODUCTIONS LIMITED,"20-22 Wenlock Road, London, England, N1 7GU","20-22 Wenlock Road, London, England, N1 7GU",,,,,,,,,1
46081,20362,BAD BOY BOSSES LTD,FOOD AND PACKAGING WHOLESALE LTD,"20-22 Wenlock Road, London, England, N1 7GU","20-22 Wenlock Road, London, England, N1 7GU",,,,,,,,,1
46081,23046,BAD BOY BOSSES LTD,HAWTHORN ROSE HOMES LIMITED,"20-22 Wenlock Road, London, England, N1 7GU","20-22 Wenlock Road, London, England, N1 7GU",,,,,,,,,1
46081,23876,BAD BOY BOSSES LTD,ALL ABOUT REEL LTD,"20-22 Wenlock Road, London, England, N1 7GU","20-22 Wenlock Road, London, England, N1 7GU",,,,,,,,,1
46081,25761,BAD BOY BOSSES LTD,GOOD CURRIES LTD,"20-22 Wenlock Road, London, England, N1 7GU","20-22 Wenlock Road, London, England, N1 7GU",,,,,,,,,1
46081,27689,BAD BOY BOSSES LTD,FOOD DISCOUNTS LTD,"20-22 Wenlock Road, London, England, N1 7GU","20-22 Wenlock Road, London, England, N1 7GU",,,,,,,,,1
46081,29271,BAD BOY BOSSES LTD,SOFTWARE DEFENCES LTD,"20-22 Wenlock Road, London, England, N1 7GU","20-22 Wenlock Road, London, England, N1 7GU",,,,,,,,,1
46081,29377,BAD BOY BOSSES LTD,KNOWING FINANCES LTD,"20-22 Wenlock Road, London, England, N1 7GU","20-22 Wenlock Road, London, England, N1 7GU",,,,,,,,,1
46081,30243,BAD BOY BOSSES LTD,BEAUTY AND NATURE STORE LTD,"20-22 Wenlock Road, London, England, N1 7GU","20-22 Wenlock Road, London, England, N1 7GU",,,,,,,,,1
46081,30445,BAD BOY BOSSES LTD,Z AND J GROUP LTD,"20-22 Wenlock Road, London, England, N1 7GU","20-22 Wenlock Road, London, England, N1 7GU",,,,,,,,,1
46081,30467,BAD BOY BOSSES LTD,Q BRIDGE MUSIC LTD,"20-22 Wenlock Road, London, England, N1 7GU","20-22 Wenlock Road, London, England, N1 7GU",,,,,,,,,1
46081,31894,BAD BOY BOSSES LTD,ALL ABOUT CLAIMS LTD,"20-22 Wenlock Road, London, England, N1 7GU","20-22 Wenlock Road, London, England, N1 7GU",,,,,,,,,1
46081,32040,BAD BOY BOSSES LTD,BEAUTY BOUND LTD,"20-22 Wenlock Road, London, England, N1 7GU","20-22 Wenlock Road, London, England, N1 7GU",,,,,,,,,1
46081,32153,BAD BOY BOSSES LTD,BAD BOYS MAKE NOISE LTD,"20-22 Wenlock Road, London, England, N1 7GU","20-22 Wenlock Road, London, England, N1 7GU",,,,,,,,,1
46081,33286,BAD BOY BOSSES LTD,GOOD BOY TRADING LIMITED,"20-22 Wenlock Road, London, England, N1 7GU","20-22 Wenlock Road, London, England, N1 7GU",,,,,,,,,1
46081,33760,BAD BOY BOSSES LTD,GOOD ADVICE FOR LIVING LTD,"20-22 Wenlock Road, London, England, N1 7GU","20-22 Wenlock Road, London, England, N1 7GU",,,,,,,,,1
46081,35148,BAD BOY BOSSES LTD,U FINANCE LTD,"20-22 Wenlock Road, London, England, N1 7GU","20-22 Wenlock Road, London, England, N1 7GU",,,,,,,,,1
46081,38154,BAD BOY BOSSES LTD,Q ADMINISTRATION LIMITED,"20-22 Wenlock Road, London, England, N1 7GU","20-22 Wenlock Road, London, England, N1 7GU",,,,,,,,,1
46081,38905,BAD BOY BOSSES LTD,V AND J'S SOIREES LTD,"20-22 Wenlock Road, London, England, N1 7GU","20-22 Wenlock Road, London, England, N1 7GU",,,,,,,,,1
46081,39260,BAD BOY BOSSES LTD,NEW AGE STORE LTD,"20-22 Wenlock Road, London, England, N1 7GU","20-22 Wenlock Road, London, England, N1 7GU",,,,,,,,,1
46081,41076,BAD BOY BOSSES LTD,ALL ABOUT CLADDING LTD,"20-22 Wenlock Road, London, England, N1 7GU","20-22 Wenlock Road, London, England, N1 7GU",,,,,,,,,1
46081,42709,BAD BOY BOSSES LTD,Z AUDIO DIGITAL LTD,"20-22 Wenlock Road, London, England, N1 7GU","20-22 Wenlock Road, London, England, N1 7GU",,,,,,,,,1
46081,43242,BAD BOY BOSSES LTD,SOFTWARE SHIFT LTD,"20-22 Wenlock Road, London, England, N1 7GU","20-22 Wenlock Road, London, England, N1 7GU",,,,,,,,,1
46081,43269,BAD BOY BOSSES LTD,SOFTWARE HATCH LTD,"20-22 Wenlock Road, London, England, N1 7GU","20-22 Wenlock Road, London, England, N1 7GU",,,,,,,,,1
46081,43678,BAD BOY BOSSES LTD,SOFTWARE SOLUTIONS MANAGEMENT LTD,"20-22 Wenlock Road, London, England, N1 7GU","20-22 Wenlock Road, London, England, N1 7GU",,,,,,,,,1
46096,263,BEAUTY AND A BOND LIMITED,ALL ABOUT KIDS LTD,"71-75 Shelton Street, Covent Garden, London, United Kingdom, WC2H 9JQ","71-75 Shelton Street, Covent Garden, London, United Kingdom, WC2H 9JQ",,,,,,,,,1
46096,3444,BEAUTY AND A BOND LIMITED,U BROWN LTD,"71-75 Shelton Street, Covent Garden, London, United Kingdom, WC2H 9JQ","71-75 Shelton Street, Covent Garden, London, United Kingdom, WC2H 9JQ",,,,,,,,,1
46096,3775,BEAUTY AND A BOND LIMITED,T & B ENGINEERING SOLUTIONS LTD,"71-75 Shelton Street, Covent Garden, London, United Kingdom, WC2H 9JQ","71-75 Shelton Street, Covent Garden, London, United Kingdom, WC2H 9JQ",,,,,,,,,1
46096,4375,BEAUTY AND A BOND LIMITED,H & A ENGINEERING LTD,"71-75 Shelton Street, Covent Garden, London, United Kingdom, WC2H 9JQ","71-75 Shelton Street, Covent Garden, London, United Kingdom, WC2H 9JQ",,,,,,,,,1
46096,4438,BEAUTY AND A BOND LIMITED,BEAUTY BOOSTERS LTD,"71-75 Shelton Street, Covent Garden, London, United Kingdom, WC2H 9JQ","71-75 Shelton Street, Covent Garden, London, United Kingdom, WC2H 9JQ",,,,,,,,,1
46096,6594,BEAUTY AND A BOND LIMITED,U EVENTS LIMITED,"71-75 Shelton Street, Covent Garden, London, United Kingdom, WC2H 9JQ","71-75 Shelton Street, Covent Garden, London, United Kingdom, WC2H 9JQ",,,,,,,,,1
46096,7607,BEAUTY AND A BOND LIMITED,GOOD ADVICE DEBT COMPANY LIMITED,"71-75 Shelton Street, Covent Garden, London, United Kingdom, WC2H 9JQ","71-75 Shelton Street, Covent Garden, London, United Kingdom, WC2H 9JQ",,,,,,,,,1
46096,11053,BEAUTY AND A BOND LIMITED,ALL ABOUT THE SAAS LTD,"71-75 Shelton Street, Covent Garden, London, United Kingdom, WC2H 9JQ","71-75 Shelton Street, Covent Garden, London, United Kingdom, WC2H 9JQ",,,,,,,,,1
46096,12838,BEAUTY AND A BOND LIMITED,Q CONSULTING GROUP LTD,"71-75 Shelton Street, Covent Garden, London, United Kingdom, WC2H 9JQ","71-75 Shelton Street, Covent Garden, London, United Kingdom, WC2H 9JQ",,,,,,,,,1
46096,15089,BEAUTY AND A BOND LIMITED,Q UN LIMITED,"71-75 Shelton Street, Covent Garden, London, United Kingdom, WC2H 9JQ","71-75 Shelton Street, Covent Garden, London, United Kingdom, WC2H 9JQ",,,,,,,,,1
46096,18039,BEAUTY AND A BOND LIMITED,Z & K DISTRIBUTORS LIMITED,"71-75 Shelton Street, Covent Garden, London, United Kingdom, WC2H 9JQ","71-75 Shelton Street, Covent Garden, London, United Kingdom, WC2H 9JQ",,,,,,,,,1
46096,18878,BEAUTY AND A BOND LIMITED,FOOD & BEVERAGE INTERNATIONAL LTD,"71-75 Shelton Street, Covent Garden, London, United Kingdom, WC2H 9JQ","71-75 Shelton Street, Covent Garden, London, United Kingdom, WC2H 9JQ",,,,,,,,,1
46096,19784,BEAUTY AND A BOND LIMITED,S A GUARANTEE SPECIALISTS UK LIMITED,"71-75 Shelton Street, Covent Garden, London, United Kingdom, WC2H 9JQ","71-75 Shelton Street, Covent Garden, London, United Kingdom, WC2H 9JQ",,,,,,,,,1
46096,19928,BEAUTY AND A BOND LIMITED,ALL ABOUT ME ENTERPRISES LIMITED,"71-75 Shelton Street, Covent Garden, London, United Kingdom, WC2H 9JQ","71-75 Shelton Street, Covent Garden, London, United Kingdom, WC2H 9JQ",,,,,,,,,1
46096,21691,BEAUTY AND A BOND LIMITED,NEW AGE AGENCY AND SERVICES LIMITED,"71-75 Shelton Street, Covent Garden, London, United Kingdom, WC2H 9JQ","71-75 Shelton Street, Covent Garden, London, United Kingdom, WC2H 9JQ",,,,,,,,,1
46096,25329,BEAUTY AND A BOND LIMITED,NEW AGE GAMES LIMITED,"71-75 Shelton Street, Covent Garden, London, United Kingdom, WC2H 9JQ","71-75 Shelton Street, Covent Garden, London, United Kingdom, WC2H 9JQ",,,,,,,,,1
46096,28246,BEAUTY AND A BOND LIMITED,BEAUTY BOLD PR LTD,"71-75 Shelton Street, Covent Garden, London, United Kingdom, WC2H 9JQ","71-75 Shelton Street, Covent Garden, London, United Kingdom, WC2H 9JQ",,,,,,,,,1
46096,35542,BEAUTY AND A BOND LIMITED,BEAUTY BLOCKS LTD,"71-75 Shelton Street, Covent Garden, London, United Kingdom, WC2H 9JQ","71-75 Shelton Street, Covent Garden, London, United Kingdom, WC2H 9JQ",,,,,,,,,1
46096,36427,BEAUTY AND A BOND LIMITED,SOFTWARE KEYS-SK LTD,"71-75 Shelton Street, Covent Garden, London, United Kingdom, WC2H 9JQ","71-75 Shelton Street, Covent Garden, London, United Kingdom, WC2H 9JQ",,,,,,,,,1
46096,36970,BEAUTY AND A BOND LIMITED,NIKOLIC FINANCES LTD,"71-75 Shelton Street, Covent Garden, London, United Kingdom, WC2H 9JQ","71-75 Shelton Street, Covent Garden, London, United Kingdom, WC2H 9JQ",,,,,,,,,1
46096,37218,BEAUTY AND A BOND LIMITED,U CHOZE LIMITED,"71-75 Shelton Street, Covent Garden, London, United Kingdom, WC2H 9JQ","71-75 Shelton Street, Covent Garden, London, United Kingdom, WC2H 9JQ",,,,,,,,,1
46096,44310,BEAUTY AND A BOND LIMITED,NEW AGES TECHNOLOGIES LTD,"71-75 Shelton Street, Covent Garden, London, United Kingdom, WC2H 9JQ","71-75 Shelton Street, Covent Garden, London, United Kingdom, WC2H 9JQ",,,,,,,,,1
46177,29193,BERKELEY PSYCHIATRISTS LTD,GOOD BEEF INDEX LIMITED,"C/O Francis Clark Llp North Quay House, Sutton Harbour, Plymouth, United Kingdom, PL4 0RA","C/O Francis Clark Llp North Quay House, Sutton Harbour, Plymouth, United Kingdom, PL4 0RA",,,,,,,,,1
46250,13279,Z & K GLOUCESTER LTD,Z & K KASPAS LTD,"4 Diamond Jubilee Close, Gloucester, United Kingdom, GL1 4LR","4 Diamond Jubilee Close, Gloucester, United Kingdom, GL1 4LR",,,,,,,,,1
46250,16854,Z & K GLOUCESTER LTD,Z & K SOUTHWEST LTD,"4 Diamond Jubilee Close, Gloucester, United Kingdom, GL1 4LR","4 Diamond Jubilee Close, Gloucester, United Kingdom, GL1 4LR",,,,,,,,,1
46250,24400,Z & K GLOUCESTER LTD,Z & K QUALITY FOODS LTD,"4 Diamond Jubilee Close, Gloucester, United Kingdom, GL1 4LR","4 Diamond Jubilee Close, Gloucester, United Kingdom, GL1 4LR",,,,,,,,,1
46250,31748,Z & K GLOUCESTER LTD,Z & K HOT FOOD LTD,"4 Diamond Jubilee Close, Gloucester, United Kingdom, GL1 4LR","4 Diamond Jubilee Close, Gloucester, United Kingdom, GL1 4LR",,,,,,,,,1
46274,2460,SOFTWARE LEADERS LIMITED,NEW AGE HEMP LIMITED,"7 Bell Yard, London, England, WC2A 2JR","7 Bell Yard, London, England, WC2A 2JR",,,,,,,,,1
46274,8320,SOFTWARE LEADERS LIMITED,GOOD BEHAVIOUR LIMITED,"7 Bell Yard, London, England, WC2A 2JR","7 Bell Yard, London, England, WC2A 2JR",,,,,,,,,1
46274,14809,SOFTWARE LEADERS LIMITED,SOFTWARE RETAIL LTD,"7 Bell Yard, London, England, WC2A 2JR","7 Bell Yard, London, England, WC2A 2JR",,,,,,,,,1
46274,27326,SOFTWARE LEADERS LIMITED,NOVEA FINANCES LIMITED,"7 Bell Yard, London, England, WC2A 2JR","7 Bell Yard, London, England, WC2A 2JR",,,,,,,,,1
46288,17378,T A FISHER DEVELOPMENTS (BRACKNELL) LIMITED,T A FISHER COMMERCIAL LIMITED,"Theale Court 11 - 13 High Street, Theale, Reading, England, RG7 5AH","Theale Court 11 - 13 High Street, Theale, Reading, England, RG7 5AH",,,,,,,,,1
46355,3917,Q BIO SYSTEMS LIMITED,BAD BUNNY MANAGEMENT LTD,"27 Old Gloucester Street, London, United Kingdom, WC1N 3AX","27 Old Gloucester Street, London, United Kingdom, WC1N 3AX",,,,,,,,,1
46355,13774,Q BIO SYSTEMS LIMITED,Q & K SERVICES LTD,"27 Old Gloucester Street, London, United Kingdom, WC1N 3AX","27 Old Gloucester Street, London, United Kingdom, WC1N 3AX",,,,,,,,,1
46355,13794,Q BIO SYSTEMS LIMITED,BAD ANGELS LIMITED,"27 Old Gloucester Street, London, United Kingdom, WC1N 3AX","27 Old Gloucester Street, London, United Kingdom, WC1N 3AX",,,,,,,,,1
46355,16267,Q BIO SYSTEMS LIMITED,MATRIX FINANCES LTD,"27 Old Gloucester Street, London, United Kingdom, WC1N 3AX","27 Old Gloucester Street, London, United Kingdom, WC1N 3AX",,,,,,,,,1
46355,18893,Q BIO SYSTEMS LIMITED,NEW ALBION REAL ESTATE LTD,"27 Old Gloucester Street, London, United Kingdom, WC1N 3AX","27 Old Gloucester Street, London, United Kingdom, WC1N 3AX",,,,,,,,,1
46355,20414,Q BIO SYSTEMS LIMITED,FOOD BOOTH LIMITED,"27 Old Gloucester Street, London, United Kingdom, WC1N 3AX","27 Old Gloucester Street, London, United Kingdom, WC1N 3AX",,,,,,,,,1
46355,26427,Q BIO SYSTEMS LIMITED,BAD INTENTIONS BOXING LIMITED,"27 Old Gloucester Street, London, United Kingdom, WC1N 3AX","27 Old Gloucester Street, London, United Kingdom, WC1N 3AX",,,,,,,,,1
46355,29058,Q BIO SYSTEMS LIMITED,NEW AGE COACH LTD,"27 Old Gloucester Street, London, United Kingdom, WC1N 3AX","27 Old Gloucester Street, London, United Kingdom, WC1N 3AX",,,,,,,,,1
46355,30959,Q BIO SYSTEMS LIMITED,JC NEW AGE ENTERTAINMENT LTD,"27 Old Gloucester Street, London, United Kingdom, WC1N 3AX","27 Old Gloucester Street, London, United Kingdom, WC1N 3AX",,,,,,,,,1
46355,32692,Q BIO SYSTEMS LIMITED,NEW ALBION ENERGY LTD,"27 Old Gloucester Street, London, United Kingdom, WC1N 3AX","27 Old Gloucester Street, London, United Kingdom, WC1N 3AX",,,,,,,,,1
46355,39675,Q BIO SYSTEMS LIMITED,BLAUSTEIN GMBH LTD,"27 Old Gloucester Street, London, United Kingdom, WC1N 3AX","27 Old Gloucester Street, London, United Kingdom, WC1N 3AX",,,,,,,,,1
46355,42754,Q BIO SYSTEMS LIMITED,SU-FI EDUCATION. CONSULTING. FINANCES. LTD,"27 Old Gloucester Street, London, United Kingdom, WC1N 3AX","27 Old Gloucester Street, London, United Kingdom, WC1N 3AX",,,,,,,,,1
46514,288,U AND I DIRECTOR 1 LIMITED,U AND I FINANCE PLC,"100 Victoria Street, London, England, SW1E 5JL","100 Victoria Street, London, England, SW1E 5JL",,,,,,,,,1
46514,3485,U AND I DIRECTOR 1 LIMITED,U AND I COMPANY SECRETARIES LIMITED,"100 Victoria Street, London, England, SW1E 5JL","100 Victoria Street, London, England, SW1E 5JL",,,,,,,,,1
46514,4059,U AND I DIRECTOR 1 LIMITED,U AND I INVESTMENT PORTFOLIO LIMITED,"100 Victoria Street, London, England, SW1E 5JL","100 Victoria Street, London, England, SW1E 5JL",,,,,,,,,1
46514,6037,U AND I DIRECTOR 1 LIMITED,U AND I (HARWELL) LIMITED,"100 Victoria Street, London, England, SW1E 5JL","100 Victoria Street, London, England, SW1E 5JL",,,,,,,,,1
46514,7117,U AND I DIRECTOR 1 LIMITED,U AND I GROUP LIMITED,"100 Victoria Street, London, England, SW1E 5JL","100 Victoria Street, London, England, SW1E 5JL",,,,,,,,,1
46514,15300,U AND I DIRECTOR 1 LIMITED,U AND I (WIE) LIMITED,"100 Victoria Street, London, England, SW1E 5JL","100 Victoria Street, London, England, SW1E 5JL",,,,,,,,,1
46514,15642,U AND I DIRECTOR 1 LIMITED,U AND I (8AE) LIMITED,"100 Victoria Street, London, England, SW1E 5JL","100 Victoria Street, London, England, SW1E 5JL",,,,,,,,,1
46514,17497,U AND I DIRECTOR 1 LIMITED,U AND I IPA LIMITED,"100 Victoria Street, London, England, SW1E 5JL","100 Victoria Street, London, England, SW1E 5JL",,,,,,,,,1
46514,20501,U AND I DIRECTOR 1 LIMITED,U AND I DIRECTOR 2 LIMITED,"100 Victoria Street, London, England, SW1E 5JL","100 Victoria Street, London, England, SW1E 5JL",,,,,,,,,1
46514,20789,U AND I DIRECTOR 1 LIMITED,U AND I (PB) COMMERCIAL LIMITED,"100 Victoria Street, London, England, SW1E 5JL","100 Victoria Street, London, England, SW1E 5JL",,,,,,,,,1
46514,21166,U AND I DIRECTOR 1 LIMITED,U AND I (DEVELOPMENT AND TRADING) LIMITED,"100 Victoria Street, London, England, SW1E 5JL","100 Victoria Street, London, England, SW1E 5JL",,,,,,,,,1
46514,22482,U AND I DIRECTOR 1 LIMITED,U AND I POWERHOUSE LIMITED,"100 Victoria Street, London, England, SW1E 5JL","100 Victoria Street, London, England, SW1E 5JL",,,,,,,,,1
46514,22841,U AND I DIRECTOR 1 LIMITED,U AND I (PINCENTS LANE) LTD,"100 Victoria Street, London, England, SW1E 5JL","100 Victoria Street, London, England, SW1E 5JL",,,,,,,,,1
46514,31152,U AND I DIRECTOR 1 LIMITED,U AND I PPP LIMITED,"100 Victoria Street, London, England, SW1E 5JL","100 Victoria Street, London, England, SW1E 5JL",,,,,,,,,1
46514,35497,U AND I DIRECTOR 1 LIMITED,U AND I IPC LIMITED,"100 Victoria Street, London, England, SW1E 5JL","100 Victoria Street, London, England, SW1E 5JL",,,,,,,,,1
46514,39567,U AND I DIRECTOR 1 LIMITED,U AND I (GVP) LIMITED,"100 Victoria Street, London, England, SW1E 5JL","100 Victoria Street, London, England, SW1E 5JL",,,,,,,,,1
46514,40628,U AND I DIRECTOR 1 LIMITED,U AND I IPA SC LIMITED,"100 Victoria Street, London, England, SW1E 5JL","100 Victoria Street, London, England, SW1E 5JL",,,,,,,,,1
46514,44452,U AND I DIRECTOR 1 LIMITED,U AND I (INNOVATION HUBS) LIMITED,"100 Victoria Street, London, England, SW1E 5JL","100 Victoria Street, London, England, SW1E 5JL",,,,,,,,,1
46558,17034,ALL ABOUT CHIMNEYS LIMITED,ALL ABOUT CARE SOUTH WEST LIMITED,"24 Cornwall Road, Dorchester, Dorset, DT1 1RX","24 Cornwall Road, Dorchester, Dorset, DT1 1RX",,,,,,,,,1
46640,10869,Z & Z PROPERTIES INVESTMENT LTD,Z & Z MEDICAL LTD,"3 Gainsborough Terrace Manor Road, Cheam, Sutton, England, SM2 7AE","3 Gainsborough Terrace Manor Road, Cheam, Sutton, England, SM2 7AE",,,,,,,,,1
46662,12392,T & B CONCRETE LIMITED,BEAUTY BENEATH LIMITED,"6 Roding Lane South, Ilford, Essex, IG4 5NX","6 Roding Lane South, Ilford, Essex, IG4 5NX",,,,,,,,,1
46756,44939,Cogeco Inc,Cogeco Communications Inc,"1, Place Ville-Marie, Office 3301, Montreal, Quebec, H3B3N2","1, Place Ville-Marie, Office 3301, Montreal, Quebec, H3B3N2",,,,,,,,,1
46793,43794,V & K IMMOBILIEN LTD,"NEW ALLIANCE PRINCIPIUM, PRYNCYPIUM NOWEGO PRZYMIERZA FIDUCIA LTD","132-134 Great Ancoats Street, Unit 620, Manchester, England, M4 6DE","132-134 Great Ancoats Street, Unit 620, Manchester, England, M4 6DE",,,,,,,,,1
46815,20279,Intesa Sanpaolo Vita Spa,Intesa Sanpaolo Assicura Spa,"CORSO INGHILTERRA 3, TORINO, 10138, TORINO, ITALY","CORSO INGHILTERRA 3, TORINO, 10138, TORINO, ITALY",,,,,IT02505650370,IT06995220016,,,1
47052,2413,Z A GLASGOW LTD,Q AND K'S CONSULTANCY LTD,"1007 Argyle Street, Glasgow, Scotland, G3 8LZ","1007 Argyle Street, Glasgow, Scotland, G3 8LZ",,,,,,,,,1
47056,35569,V & R ENTERPRISES LTD,V & S CLEANING LIMITED,"91 Alexander Street, Airdrie, Scotland, ML6 0BD","91 Alexander Street, Airdrie, Scotland, ML6 0BD",,,,,,,,,1
47179,46074,Z DES LTD,Z CHANDOS PLACE LTD,"45 Monmouth Street, London, England, WC2H 9DG","45 Monmouth Street, London, England, WC2H 9DG",,,,,,,,,1
47207,7209,R. A. GRUNDY ARCHITECTURAL SERVICES LIMITED,Z & Z BROTHERS IT SOLUTIONS LTD,"86-90 Paul Street, London, England, United Kingdom, EC2A 4NE","86-90 Paul Street, London, England, United Kingdom, EC2A 4NE",,,,,,,,,1
47207,8900,R. A. GRUNDY ARCHITECTURAL SERVICES LIMITED,Q AND QUAINT LIMITED,"86-90 Paul Street, London, England, United Kingdom, EC2A 4NE","86-90 Paul Street, London, England, United Kingdom, EC2A 4NE",,,,,,,,,1
47207,10177,R. A. GRUNDY ARCHITECTURAL SERVICES LIMITED,ALL ABOUT DRINKS CONSULTING SERVICES LTD,"86-90 Paul Street, London, England, United Kingdom, EC2A 4NE","86-90 Paul Street, London, England, United Kingdom, EC2A 4NE",,,,,,,,,1
47207,12164,R. A. GRUNDY ARCHITECTURAL SERVICES LIMITED,S A ELECTRICAL SOLUTIONS LTD,"86-90 Paul Street, London, England, United Kingdom, EC2A 4NE","86-90 Paul Street, London, England, United Kingdom, EC2A 4NE",,,,,,,,,1
47207,19788,R. A. GRUNDY ARCHITECTURAL SERVICES LIMITED,ALL ABOUT DAMP LTD,"86-90 Paul Street, London, England, United Kingdom, EC2A 4NE","86-90 Paul Street, London, England, United Kingdom, EC2A 4NE",,,,,,,,,1
47207,24457,R. A. GRUNDY ARCHITECTURAL SERVICES LIMITED,TAFFY T LTD,"86-90 Paul Street, London, England, United Kingdom, EC2A 4NE","86-90 Paul Street, London, England, United Kingdom, EC2A 4NE",,,,,,,,,1
47207,35857,R. A. GRUNDY ARCHITECTURAL SERVICES LIMITED,BEAUTY AND THE BENEFIT LIMITED,"86-90 Paul Street, London, England, United Kingdom, EC2A 4NE","86-90 Paul Street, London, England, United Kingdom, EC2A 4NE",,,,,,,,,1
47207,42165,R. A. GRUNDY ARCHITECTURAL SERVICES LIMITED,Z AND PRECIOUS REMOVALS LTD,"86-90 Paul Street, London, England, United Kingdom, EC2A 4NE","86-90 Paul Street, London, England, United Kingdom, EC2A 4NE",,,,,,,,,1
47282,40390,FINANCE SYNERGY CONSULTING LTD,GOOD CALIBRATIONS LTD,"C/O Clever Accounts Ltd Brookfield Court, Selby Road, Leeds, England, LS25 1NB","C/O Clever Accounts Ltd Brookfield Court, Selby Road, Leeds, England, LS25 1NB",,,,,,,,,1
47300,9560,NEW ACRE TREE SERVICES LTD,NEW ACRE SERVICES LIMITED,"2 Tower House, Tower Centre, Hoddesdon, Herts, England, EN11 8UR","2 Tower House, Tower Centre, Hoddesdon, Herts, England, EN11 8UR",,,,,,,,,1
47300,33686,NEW ACRE TREE SERVICES LTD,NEW ACRE PROJECTS LTD,"2 Tower House, Tower Centre, Hoddesdon, Herts, England, EN11 8UR","2 Tower House, Tower Centre, Hoddesdon, Herts, England, EN11 8UR",,,,,,,,,1
47387,34218,Sarlux Srl,Saras Spa,"GALLERIA PASSARELLA 2, MILANO, 20122, MILANO, ITALY","GALLERIA PASSARELLA 2, MILANO, 20122, MILANO, ITALY",,,,,IT02093140925,IT00136440922,,,1
47429,263,SOFTWARE SOLUTIONS ESD LIMITED,ALL ABOUT KIDS LTD,"71-75 Shelton Street, Covent Garden, London, United Kingdom, WC2H 9JQ","71-75 Shelton Street, Covent Garden, London, United Kingdom, WC2H 9JQ",,,,,,,,,1
47429,3444,SOFTWARE SOLUTIONS ESD LIMITED,U BROWN LTD,"71-75 Shelton Street, Covent Garden, London, United Kingdom, WC2H 9JQ","71-75 Shelton Street, Covent Garden, London, United Kingdom, WC2H 9JQ",,,,,,,,,1
47429,3775,SOFTWARE SOLUTIONS ESD LIMITED,T & B ENGINEERING SOLUTIONS LTD,"71-75 Shelton Street, Covent Garden, London, United Kingdom, WC2H 9JQ","71-75 Shelton Street, Covent Garden, London, United Kingdom, WC2H 9JQ",,,,,,,,,1
47429,4375,SOFTWARE SOLUTIONS ESD LIMITED,H & A ENGINEERING LTD,"71-75 Shelton Street, Covent Garden, London, United Kingdom, WC2H 9JQ","71-75 Shelton Street, Covent Garden, London, United Kingdom, WC2H 9JQ",,,,,,,,,1
47429,4438,SOFTWARE SOLUTIONS ESD LIMITED,BEAUTY BOOSTERS LTD,"71-75 Shelton Street, Covent Garden, London, United Kingdom, WC2H 9JQ","71-75 Shelton Street, Covent Garden, London, United Kingdom, WC2H 9JQ",,,,,,,,,1
47429,6594,SOFTWARE SOLUTIONS ESD LIMITED,U EVENTS LIMITED,"71-75 Shelton Street, Covent Garden, London, United Kingdom, WC2H 9JQ","71-75 Shelton Street, Covent Garden, London, United Kingdom, WC2H 9JQ",,,,,,,,,1
47429,7607,SOFTWARE SOLUTIONS ESD LIMITED,GOOD ADVICE DEBT COMPANY LIMITED,"71-75 Shelton Street, Covent Garden, London, United Kingdom, WC2H 9JQ","71-75 Shelton Street, Covent Garden, London, United Kingdom, WC2H 9JQ",,,,,,,,,1
47429,11053,SOFTWARE SOLUTIONS ESD LIMITED,ALL ABOUT THE SAAS LTD,"71-75 Shelton Street, Covent Garden, London, United Kingdom, WC2H 9JQ","71-75 Shelton Street, Covent Garden, London, United Kingdom, WC2H 9JQ",,,,,,,,,1
47429,12838,SOFTWARE SOLUTIONS ESD LIMITED,Q CONSULTING GROUP LTD,"71-75 Shelton Street, Covent Garden, London, United Kingdom, WC2H 9JQ","71-75 Shelton Street, Covent Garden, London, United Kingdom, WC2H 9JQ",,,,,,,,,1
47429,15089,SOFTWARE SOLUTIONS ESD LIMITED,Q UN LIMITED,"71-75 Shelton Street, Covent Garden, London, United Kingdom, WC2H 9JQ","71-75 Shelton Street, Covent Garden, London, United Kingdom, WC2H 9JQ",,,,,,,,,1
47429,18039,SOFTWARE SOLUTIONS ESD LIMITED,Z & K DISTRIBUTORS LIMITED,"71-75 Shelton Street, Covent Garden, London, United Kingdom, WC2H 9JQ","71-75 Shelton Street, Covent Garden, London, United Kingdom, WC2H 9JQ",,,,,,,,,1
47429,18878,SOFTWARE SOLUTIONS ESD LIMITED,FOOD & BEVERAGE INTERNATIONAL LTD,"71-75 Shelton Street, Covent Garden, London, United Kingdom, WC2H 9JQ","71-75 Shelton Street, Covent Garden, London, United Kingdom, WC2H 9JQ",,,,,,,,,1
47429,19784,SOFTWARE SOLUTIONS ESD LIMITED,S A GUARANTEE SPECIALISTS UK LIMITED,"71-75 Shelton Street, Covent Garden, London, United Kingdom, WC2H 9JQ","71-75 Shelton Street, Covent Garden, London, United Kingdom, WC2H 9JQ",,,,,,,,,1
47429,19928,SOFTWARE SOLUTIONS ESD LIMITED,ALL ABOUT ME ENTERPRISES LIMITED,"71-75 Shelton Street, Covent Garden, London, United Kingdom, WC2H 9JQ","71-75 Shelton Street, Covent Garden, London, United Kingdom, WC2H 9JQ",,,,,,,,,1
47429,21691,SOFTWARE SOLUTIONS ESD LIMITED,NEW AGE AGENCY AND SERVICES LIMITED,"71-75 Shelton Street, Covent Garden, London, United Kingdom, WC2H 9JQ","71-75 Shelton Street, Covent Garden, London, United Kingdom, WC2H 9JQ",,,,,,,,,1
47429,25329,SOFTWARE SOLUTIONS ESD LIMITED,NEW AGE GAMES LIMITED,"71-75 Shelton Street, Covent Garden, London, United Kingdom, WC2H 9JQ","71-75 Shelton Street, Covent Garden, London, United Kingdom, WC2H 9JQ",,,,,,,,,1
47429,28246,SOFTWARE SOLUTIONS ESD LIMITED,BEAUTY BOLD PR LTD,"71-75 Shelton Street, Covent Garden, London, United Kingdom, WC2H 9JQ","71-75 Shelton Street, Covent Garden, London, United Kingdom, WC2H 9JQ",,,,,,,,,1
47429,35542,SOFTWARE SOLUTIONS ESD LIMITED,BEAUTY BLOCKS LTD,"71-75 Shelton Street, Covent Garden, London, United Kingdom, WC2H 9JQ","71-75 Shelton Street, Covent Garden, London, United Kingdom, WC2H 9JQ",,,,,,,,,1
47429,36427,SOFTWARE SOLUTIONS ESD LIMITED,SOFTWARE KEYS-SK LTD,"71-75 Shelton Street, Covent Garden, London, United Kingdom, WC2H 9JQ","71-75 Shelton Street, Covent Garden, London, United Kingdom, WC2H 9JQ",,,,,,,,,1
47429,36970,SOFTWARE SOLUTIONS ESD LIMITED,NIKOLIC FINANCES LTD,"71-75 Shelton Street, Covent Garden, London, United Kingdom, WC2H 9JQ","71-75 Shelton Street, Covent Garden, London, United Kingdom, WC2H 9JQ",,,,,,,,,1
47429,37218,SOFTWARE SOLUTIONS ESD LIMITED,U CHOZE LIMITED,"71-75 Shelton Street, Covent Garden, London, United Kingdom, WC2H 9JQ","71-75 Shelton Street, Covent Garden, London, United Kingdom, WC2H 9JQ",,,,,,,,,1
47429,44310,SOFTWARE SOLUTIONS ESD LIMITED,NEW AGES TECHNOLOGIES LTD,"71-75 Shelton Street, Covent Garden, London, United Kingdom, WC2H 9JQ","71-75 Shelton Street, Covent Garden, London, United Kingdom, WC2H 9JQ",,,,,,,,,1
47429,46096,SOFTWARE SOLUTIONS ESD LIMITED,BEAUTY AND A BOND LIMITED,"71-75 Shelton Street, Covent Garden, London, United Kingdom, WC2H 9JQ","71-75 Shelton Street, Covent Garden, London, United Kingdom, WC2H 9JQ",,,,,,,,,1
47484,16451,Z COMMUNICATIONS LTD,SOFTWARE 64 LTD,"Bizspace Steel House Plot 4300 Solent Business Park, Whiteley, Fareham, Hampshire, PO15 7FP","Bizspace Steel House Plot 4300 Solent Business Park, Whiteley, Fareham, Hampshire, PO15 7FP",,,,,,,,,1
47513,28788,Spesa Intelligente Spa,Eurospin Italia Spa,"VIA CAMPALTO 3/D, SAN MARTINO BUON ALBERGO, 37036, VERONA, ITALY","VIA CAMPALTO 3/D, SAN MARTINO BUON ALBERGO, 37036, VERONA, ITALY",,,,,IT02416840235,IT02536510239,,,1
47718,1036,Amazon Web Services Emea Sarl,Amazon Italia Transport Srl,"VIALE MONTE GRAPPA 3/5, MILANO, 20124, MILANO, ITALY","VIALE MONTE GRAPPA 3/5, MILANO, 20124, MILANO, ITALY",,,,,IT10119840964,IT09598330968,,,1
47759,39110,FOOD AUDIT COMPLIANCE LIMITED,SOFTWARE PROJECTS LTD,"272 Bath Street, Glasgow, Scotland, G2 4JR","272 Bath Street, Glasgow, Scotland, G2 4JR",,,,,,,,,1
47759,45266,FOOD AUDIT COMPLIANCE LIMITED,SOFTWARE FOR HEALTHCARE LIMITED,"272 Bath Street, Glasgow, Scotland, G2 4JR","272 Bath Street, Glasgow, Scotland, G2 4JR",,,,,,,,,1
47838,8147,GOOD ANCESTOR LIMITED,GOOD AND DESIGN LTD,"71-75 Shelton Street, London, Greater London, United Kingdom, WC2H 9JQ","71-75 Shelton Street, London, Greater London, United Kingdom, WC2H 9JQ",,,,,,,,,1
47838,10513,GOOD ANCESTOR LIMITED,Z EDUCATIONAL CONSULTANCY LTD,"71-75 Shelton Street, London, Greater London, United Kingdom, WC2H 9JQ","71-75 Shelton Street, London, Greater London, United Kingdom, WC2H 9JQ",,,,,,,,,1
47838,11229,GOOD ANCESTOR LIMITED,Z A SIGNATURE LTD,"71-75 Shelton Street, London, Greater London, United Kingdom, WC2H 9JQ","71-75 Shelton Street, London, Greater London, United Kingdom, WC2H 9JQ",,,,,,,,,1
47838,14429,GOOD ANCESTOR LIMITED,T A BUSINESS EUROPEAN LTD,"71-75 Shelton Street, London, Greater London, United Kingdom, WC2H 9JQ","71-75 Shelton Street, London, Greater London, United Kingdom, WC2H 9JQ",,,,,,,,,1
47838,16822,GOOD ANCESTOR LIMITED,GOOD CHOICE BUILDERS LTD,"71-75 Shelton Street, London, Greater London, United Kingdom, WC2H 9JQ","71-75 Shelton Street, London, Greater London, United Kingdom, WC2H 9JQ",,,,,,,,,1
47838,17344,GOOD ANCESTOR LIMITED,BEAUTY & GRACE LIMITED,"71-75 Shelton Street, London, Greater London, United Kingdom, WC2H 9JQ","71-75 Shelton Street, London, Greater London, United Kingdom, WC2H 9JQ",,,,,,,,,1
47838,18677,GOOD ANCESTOR LIMITED,GOOD CHOICE ZR LTD,"71-75 Shelton Street, London, Greater London, United Kingdom, WC2H 9JQ","71-75 Shelton Street, London, Greater London, United Kingdom, WC2H 9JQ",,,,,,,,,1
47838,24272,GOOD ANCESTOR LIMITED,SOFTWARE NEWS LTD,"71-75 Shelton Street, London, Greater London, United Kingdom, WC2H 9JQ","71-75 Shelton Street, London, Greater London, United Kingdom, WC2H 9JQ",,,,,,,,,1
47838,30170,GOOD ANCESTOR LIMITED,ALL ABOUT LTD,"71-75 Shelton Street, London, Greater London, United Kingdom, WC2H 9JQ","71-75 Shelton Street, London, Greater London, United Kingdom, WC2H 9JQ",,,,,,,,,1
47838,31395,GOOD ANCESTOR LIMITED,BEAUTY BLOOMER LIMITED,"71-75 Shelton Street, London, Greater London, United Kingdom, WC2H 9JQ","71-75 Shelton Street, London, Greater London, United Kingdom, WC2H 9JQ",,,,,,,,,1
47838,33912,GOOD ANCESTOR LIMITED,ALL ABOUT APPS LTD,"71-75 Shelton Street, London, Greater London, United Kingdom, WC2H 9JQ","71-75 Shelton Street, London, Greater London, United Kingdom, WC2H 9JQ",,,,,,,,,1
47838,40139,GOOD ANCESTOR LIMITED,U ARCHITECTS LIMITED,"71-75 Shelton Street, London, Greater London, United Kingdom, WC2H 9JQ","71-75 Shelton Street, London, Greater London, United Kingdom, WC2H 9JQ",,,,,,,,,1
47838,41607,GOOD ANCESTOR LIMITED,ALL ABOUT THE BENJAMINS LTD,"71-75 Shelton Street, London, Greater London, United Kingdom, WC2H 9JQ","71-75 Shelton Street, London, Greater London, United Kingdom, WC2H 9JQ",,,,,,,,,1
47947,288,U AND I (ASHFORD) LTD,U AND I FINANCE PLC,"100 Victoria Street, London, England, SW1E 5JL","100 Victoria Street, London, England, SW1E 5JL",,,,,,,,,1
47947,3485,U AND I (ASHFORD) LTD,U AND I COMPANY SECRETARIES LIMITED,"100 Victoria Street, London, England, SW1E 5JL","100 Victoria Street, London, England, SW1E 5JL",,,,,,,,,1
47947,4059,U AND I (ASHFORD) LTD,U AND I INVESTMENT PORTFOLIO LIMITED,"100 Victoria Street, London, England, SW1E 5JL","100 Victoria Street, London, England, SW1E 5JL",,,,,,,,,1
47947,6037,U AND I (ASHFORD) LTD,U AND I (HARWELL) LIMITED,"100 Victoria Street, London, England, SW1E 5JL","100 Victoria Street, London, England, SW1E 5JL",,,,,,,,,1
47947,7117,U AND I (ASHFORD) LTD,U AND I GROUP LIMITED,"100 Victoria Street, London, England, SW1E 5JL","100 Victoria Street, London, England, SW1E 5JL",,,,,,,,,1
47947,15300,U AND I (ASHFORD) LTD,U AND I (WIE) LIMITED,"100 Victoria Street, London, England, SW1E 5JL","100 Victoria Street, London, England, SW1E 5JL",,,,,,,,,1
47947,15642,U AND I (ASHFORD) LTD,U AND I (8AE) LIMITED,"100 Victoria Street, London, England, SW1E 5JL","100 Victoria Street, London, England, SW1E 5JL",,,,,,,,,1
47947,17497,U AND I (ASHFORD) LTD,U AND I IPA LIMITED,"100 Victoria Street, London, England, SW1E 5JL","100 Victoria Street, London, England, SW1E 5JL",,,,,,,,,1
47947,20501,U AND I (ASHFORD) LTD,U AND I DIRECTOR 2 LIMITED,"100 Victoria Street, London, England, SW1E 5JL","100 Victoria Street, London, England, SW1E 5JL",,,,,,,,,1
47947,20789,U AND I (ASHFORD) LTD,U AND I (PB) COMMERCIAL LIMITED,"100 Victoria Street, London, England, SW1E 5JL","100 Victoria Street, London, England, SW1E 5JL",,,,,,,,,1
47947,21166,U AND I (ASHFORD) LTD,U AND I (DEVELOPMENT AND TRADING) LIMITED,"100 Victoria Street, London, England, SW1E 5JL","100 Victoria Street, London, England, SW1E 5JL",,,,,,,,,1
47947,22482,U AND I (ASHFORD) LTD,U AND I POWERHOUSE LIMITED,"100 Victoria Street, London, England, SW1E 5JL","100 Victoria Street, London, England, SW1E 5JL",,,,,,,,,1
47947,22841,U AND I (ASHFORD) LTD,U AND I (PINCENTS LANE) LTD,"100 Victoria Street, London, England, SW1E 5JL","100 Victoria Street, London, England, SW1E 5JL",,,,,,,,,1
47947,31152,U AND I (ASHFORD) LTD,U AND I PPP LIMITED,"100 Victoria Street, London, England, SW1E 5JL","100 Victoria Street, London, England, SW1E 5JL",,,,,,,,,1
47947,35497,U AND I (ASHFORD) LTD,U AND I IPC LIMITED,"100 Victoria Street, London, England, SW1E 5JL","100 Victoria Street, London, England, SW1E 5JL",,,,,,,,,1
47947,39567,U AND I (ASHFORD) LTD,U AND I (GVP) LIMITED,"100 Victoria Street, London, England, SW1E 5JL","100 Victoria Street, London, England, SW1E 5JL",,,,,,,,,1
47947,40628,U AND I (ASHFORD) LTD,U AND I IPA SC LIMITED,"100 Victoria Street, London, England, SW1E 5JL","100 Victoria Street, London, England, SW1E 5JL",,,,,,,,,1
47947,44452,U AND I (ASHFORD) LTD,U AND I (INNOVATION HUBS) LIMITED,"100 Victoria Street, London, England, SW1E 5JL","100 Victoria Street, London, England, SW1E 5JL",,,,,,,,,1
47947,46514,U AND I (ASHFORD) LTD,U AND I DIRECTOR 1 LIMITED,"100 Victoria Street, London, England, SW1E 5JL","100 Victoria Street, London, England, SW1E 5JL",,,,,,,,,1
47961,23509,P. & A. PROPERTIES (1989) LIMITED,ALL ABOUT PROPERTY INVESTMENTS LTD,"Calder & Co, 30 Orange Street, London, United Kingdom, WC2H 7HF","Calder & Co, 30 Orange Street, London, United Kingdom, WC2H 7HF",,,,,,,,,1
48003,2460,SOFTWARE SYSTEMS LIMITED,NEW AGE HEMP LIMITED,"7 Bell Yard, London, England, WC2A 2JR","7 Bell Yard, London, England, WC2A 2JR",,,,,,,,,1
48003,8320,SOFTWARE SYSTEMS LIMITED,GOOD BEHAVIOUR LIMITED,"7 Bell Yard, London, England, WC2A 2JR","7 Bell Yard, London, England, WC2A 2JR",,,,,,,,,1
48003,14809,SOFTWARE SYSTEMS LIMITED,SOFTWARE RETAIL LTD,"7 Bell Yard, London, England, WC2A 2JR","7 Bell Yard, London, England, WC2A 2JR",,,,,,,,,1
48003,27326,SOFTWARE SYSTEMS LIMITED,NOVEA FINANCES LIMITED,"7 Bell Yard, London, England, WC2A 2JR","7 Bell Yard, London, England, WC2A 2JR",,,,,,,,,1
48003,46274,SOFTWARE SYSTEMS LIMITED,SOFTWARE LEADERS LIMITED,"7 Bell Yard, London, England, WC2A 2JR","7 Bell Yard, London, England, WC2A 2JR",,,,,,,,,1
48010,9606,BAD IDEA COMPANY LTD,S A CONSTRUCTION 247 LTD,"86-90 Paul Street, London, England, EC2A 4NE","86-90 Paul Street, London, England, EC2A 4NE",,,,,,,,,1
48010,16339,BAD IDEA COMPANY LTD,NEW AGE REBEL LTD,"86-90 Paul Street, London, England, EC2A 4NE","86-90 Paul Street, London, England, EC2A 4NE",,,,,,,,,1
48010,20423,BAD IDEA COMPANY LTD,FUTURE FINANCES BROKER LIMITED,"86-90 Paul Street, London, England, EC2A 4NE","86-90 Paul Street, London, England, EC2A 4NE",,,,,,,,,1
48010,31481,BAD IDEA COMPANY LTD,GOOD AS NEW EMERGENCY CLEANING LTD,"86-90 Paul Street, London, England, EC2A 4NE","86-90 Paul Street, London, England, EC2A 4NE",,,,,,,,,1
48016,4599,Q ENTERTAINMENT LTD,FOOD ALL LAB LTD,"2nd Floor College House, 17 King Edwards Road, Ruislip, London, United Kingdom, HA4 7AE","2nd Floor College House, 17 King Edwards Road, Ruislip, London, United Kingdom, HA4 7AE",,,,,,,,,1
48016,13496,Q ENTERTAINMENT LTD,THE J & T CONSULTANCY (SOUTHERN) LTD,"2nd Floor College House, 17 King Edwards Road, Ruislip, London, United Kingdom, HA4 7AE","2nd Floor College House, 17 King Edwards Road, Ruislip, London, United Kingdom, HA4 7AE",,,,,,,,,1
48016,16676,Q ENTERTAINMENT LTD,BEAUTY ARENA LTD,"2nd Floor College House, 17 King Edwards Road, Ruislip, London, United Kingdom, HA4 7AE","2nd Floor College House, 17 King Edwards Road, Ruislip, London, United Kingdom, HA4 7AE",,,,,,,,,1
48016,20998,Q ENTERTAINMENT LTD,NEW AGE GLOBAL LTD,"2nd Floor College House, 17 King Edwards Road, Ruislip, London, United Kingdom, HA4 7AE","2nd Floor College House, 17 King Edwards Road, Ruislip, London, United Kingdom, HA4 7AE",,,,,,,,,1
48016,21579,Q ENTERTAINMENT LTD,BAD AUNT CLOTHING LTD,"2nd Floor College House, 17 King Edwards Road, Ruislip, London, United Kingdom, HA4 7AE","2nd Floor College House, 17 King Edwards Road, Ruislip, London, United Kingdom, HA4 7AE",,,,,,,,,1
48016,25878,Q ENTERTAINMENT LTD,BAD RAVEN LTD.,"2nd Floor College House, 17 King Edwards Road, Ruislip, London, United Kingdom, HA4 7AE","2nd Floor College House, 17 King Edwards Road, Ruislip, London, United Kingdom, HA4 7AE",,,,,,,,,1
48038,22373,Fercam Spa,Fercam Holding Srl,"VIA MARIE CURIE 2, BOLZANO, 39100, BOLZANO, ITALY","VIA MARIE CURIE 2, BOLZANO, 39100, BOLZANO, ITALY",,,,,IT00098090210,IT02937940217,,,1
48109,41765,H A COMPANY INVESTMENT LIMITED,BEAUTY ARABIANS BREEDING & TREATMENTS LIMITED,"Stron Legal, The Clubhouse St James, 8 St James's Square, St James's, London, United Kingdom, SW1Y 4JU","Stron Legal, The Clubhouse St James, 8 St James's Square, St James's, London, United Kingdom, SW1Y 4JU",,,,,,,,,1
48115,38324,2v Energy Srl,Agsm Aim Energia Spa,"LUNGADIGE GALTAROSSA 8, VERONA, 37133, VERONA, ITALY","LUNGADIGE GALTAROSSA 8, VERONA, 37133, VERONA, ITALY",,,,,IT03795470248,IT02968430237,,,1
48229,12247,R. A. HOWIE (SAUCHEN) LIMITED,R. A. HOWIE (PROPERTIES) LIMITED,"Craigmyle Park, Craigmyle, Kintore, Inverurie, Aberdeenshire, Scotland, AB51 0QU","Craigmyle Park, Craigmyle, Kintore, Inverurie, Aberdeenshire, Scotland, AB51 0QU",,,,,,,,,1
48271,23778,Guido M. Barilla E F.lli Sapa,Barilla Holding Srl,"VIA MANTOVA 166, PARMA, 43122, PARMA, ITALY","VIA MANTOVA 166, PARMA, 43122, PARMA, ITALY",,,,,IT01736530344,IT00489540344,,,1
48271,24518,Guido M. Barilla E F.lli Sapa,Barilla G. E R. Fratelli Spa,"VIA MANTOVA 166, PARMA, 43122, PARMA, ITALY","VIA MANTOVA 166, PARMA, 43122, PARMA, ITALY",,,,,IT01736530344,IT01654010345,,,1
48389,17987,Gs Spa,Uno Holding Srl,"VIA CALDERA 21, MILANO, 20153, MILANO, ITALY","VIA CALDERA 21, MILANO, 20153, MILANO, ITALY",,,,,IT12683790153,IT09142880963,,,1
48395,40993,Porsche Automobil Holding SE,Dr. Ing. h.c. F. Porsche AG,"Porscheplatz 1, Stuttgart, 70435","Porscheplatz 1, Stuttgart, 70435",,,,,,,,,1
48577,2340,BEAUTY AT TIFFANY’S LTD,PACKER P LTD,"128 City Road, London, United Kingdom, EC1V 2NX","128 City Road, London, United Kingdom, EC1V 2NX",,,,,,,,,1
48577,11214,BEAUTY AT TIFFANY’S LTD,BRIGHT VISION INVESTMENT LTD,"128 City Road, London, United Kingdom, EC1V 2NX","128 City Road, London, United Kingdom, EC1V 2NX",,,,,,,,,1
48577,13551,BEAUTY AT TIFFANY’S LTD,NEW AGE FASHION LTD,"128 City Road, London, United Kingdom, EC1V 2NX","128 City Road, London, United Kingdom, EC1V 2NX",,,,,,,,,1
48577,17757,BEAUTY AT TIFFANY’S LTD,GOOD DAY AESTHETICS & BEAUTY LTD,"128 City Road, London, United Kingdom, EC1V 2NX","128 City Road, London, United Kingdom, EC1V 2NX",,,,,,,,,1
48577,19613,BEAUTY AT TIFFANY’S LTD,SOFTWARE SOLUTIONS GROUP LTD.,"128 City Road, London, United Kingdom, EC1V 2NX","128 City Road, London, United Kingdom, EC1V 2NX",,,,,,,,,1
48577,24850,BEAUTY AT TIFFANY’S LTD,H ACCOUNTING SOLUTION LIMITED,"128 City Road, London, United Kingdom, EC1V 2NX","128 City Road, London, United Kingdom, EC1V 2NX",,,,,,,,,1
48577,28937,BEAUTY AT TIFFANY’S LTD,TANA T TRADING LTD,"128 City Road, London, United Kingdom, EC1V 2NX","128 City Road, London, United Kingdom, EC1V 2NX",,,,,,,,,1
48577,29510,BEAUTY AT TIFFANY’S LTD,V & MARK COMPANY LTD,"128 City Road, London, United Kingdom, EC1V 2NX","128 City Road, London, United Kingdom, EC1V 2NX",,,,,,,,,1
48577,31132,BEAUTY AT TIFFANY’S LTD,P A MARTIN CONSTRUCTION LTD,"128 City Road, London, United Kingdom, EC1V 2NX","128 City Road, London, United Kingdom, EC1V 2NX",,,,,,,,,1
48577,31915,BEAUTY AT TIFFANY’S LTD,U AND M CONSULTANTS LTD,"128 City Road, London, United Kingdom, EC1V 2NX","128 City Road, London, United Kingdom, EC1V 2NX",,,,,,,,,1
48577,32385,BEAUTY AT TIFFANY’S LTD,ECO MARINE FOODS LTD,"128 City Road, London, United Kingdom, EC1V 2NX","128 City Road, London, United Kingdom, EC1V 2NX",,,,,,,,,1
48577,38470,BEAUTY AT TIFFANY’S LTD,H A FOR TRAINING AND CONSULTANT LTD,"128 City Road, London, United Kingdom, EC1V 2NX","128 City Road, London, United Kingdom, EC1V 2NX",,,,,,,,,1
48577,38754,BEAUTY AT TIFFANY’S LTD,Z CONTROLS & AUTOMATION LTD,"128 City Road, London, United Kingdom, EC1V 2NX","128 City Road, London, United Kingdom, EC1V 2NX",,,,,,,,,1
48577,42528,BEAUTY AT TIFFANY’S LTD,U COLLABORATION LTD,"128 City Road, London, United Kingdom, EC1V 2NX","128 City Road, London, United Kingdom, EC1V 2NX",,,,,,,,,1
48577,44893,BEAUTY AT TIFFANY’S LTD,GOOD ACCOUNTANT LTD,"128 City Road, London, United Kingdom, EC1V 2NX","128 City Road, London, United Kingdom, EC1V 2NX",,,,,,,,,1
48577,45735,BEAUTY AT TIFFANY’S LTD,T A ELECTRONICS LTD,"128 City Road, London, United Kingdom, EC1V 2NX","128 City Road, London, United Kingdom, EC1V 2NX",,,,,,,,,1
48577,45882,BEAUTY AT TIFFANY’S LTD,NEW ALL DIGITAL MARKETING LTD,"128 City Road, London, United Kingdom, EC1V 2NX","128 City Road, London, United Kingdom, EC1V 2NX",,,,,,,,,1
48606,93,BEAUTY AND BRAVADO LTD,SOFTWARE DEVELOPMENT SERVICES LTD,"20-22 Wenlock Road, London, England, N1 7GU","20-22 Wenlock Road, London, England, N1 7GU",,,,,,,,,1
48606,502,BEAUTY AND BRAVADO LTD,Z AND P INCORPORATED LTD,"20-22 Wenlock Road, London, England, N1 7GU","20-22 Wenlock Road, London, England, N1 7GU",,,,,,,,,1
48606,776,BEAUTY AND BRAVADO LTD,T & ASH LTD,"20-22 Wenlock Road, London, England, N1 7GU","20-22 Wenlock Road, London, England, N1 7GU",,,,,,,,,1
48606,3415,BEAUTY AND BRAVADO LTD,FOOD BOOKING LTD,"20-22 Wenlock Road, London, England, N1 7GU","20-22 Wenlock Road, London, England, N1 7GU",,,,,,,,,1
48606,4039,BEAUTY AND BRAVADO LTD,ALL ABOUT BOILERS LTD,"20-22 Wenlock Road, London, England, N1 7GU","20-22 Wenlock Road, London, England, N1 7GU",,,,,,,,,1
48606,5606,BEAUTY AND BRAVADO LTD,GOOD CONNEXION LTD,"20-22 Wenlock Road, London, England, N1 7GU","20-22 Wenlock Road, London, England, N1 7GU",,,,,,,,,1
48606,6679,BEAUTY AND BRAVADO LTD,Q BRANCH SOLUTIONS LTD,"20-22 Wenlock Road, London, England, N1 7GU","20-22 Wenlock Road, London, England, N1 7GU",,,,,,,,,1
48606,7079,BEAUTY AND BRAVADO LTD,H A DIRECT LTD,"20-22 Wenlock Road, London, England, N1 7GU","20-22 Wenlock Road, London, England, N1 7GU",,,,,,,,,1
48606,8008,BEAUTY AND BRAVADO LTD,GOOD & YOUNG LTD,"20-22 Wenlock Road, London, England, N1 7GU","20-22 Wenlock Road, London, England, N1 7GU",,,,,,,,,1
48606,13025,BEAUTY AND BRAVADO LTD,NEW AGE PLUMBING AND HEATING SERVICES LTD,"20-22 Wenlock Road, London, England, N1 7GU","20-22 Wenlock Road, London, England, N1 7GU",,,,,,,,,1
48606,13096,BEAUTY AND BRAVADO LTD,GOOD BEAGLE INTERNATIONAL LTD,"20-22 Wenlock Road, London, England, N1 7GU","20-22 Wenlock Road, London, England, N1 7GU",,,,,,,,,1
48606,14082,BEAUTY AND BRAVADO LTD,SOFTWARE BRAIN LTD,"20-22 Wenlock Road, London, England, N1 7GU","20-22 Wenlock Road, London, England, N1 7GU",,,,,,,,,1
48606,16743,BEAUTY AND BRAVADO LTD,Q BRIDGE ENTERTAINMENT LTD,"20-22 Wenlock Road, London, England, N1 7GU","20-22 Wenlock Road, London, England, N1 7GU",,,,,,,,,1
48606,17304,BEAUTY AND BRAVADO LTD,PERGORA FINANCES INVESTMENTS LTD,"20-22 Wenlock Road, London, England, N1 7GU","20-22 Wenlock Road, London, England, N1 7GU",,,,,,,,,1
48606,17549,BEAUTY AND BRAVADO LTD,ALL ABOUT PROPERTIES LTD,"20-22 Wenlock Road, London, England, N1 7GU","20-22 Wenlock Road, London, England, N1 7GU",,,,,,,,,1
48606,18882,BEAUTY AND BRAVADO LTD,NEW AGE TOURING PRODUCTIONS LIMITED,"20-22 Wenlock Road, London, England, N1 7GU","20-22 Wenlock Road, London, England, N1 7GU",,,,,,,,,1
48606,20362,BEAUTY AND BRAVADO LTD,FOOD AND PACKAGING WHOLESALE LTD,"20-22 Wenlock Road, London, England, N1 7GU","20-22 Wenlock Road, London, England, N1 7GU",,,,,,,,,1
48606,23046,BEAUTY AND BRAVADO LTD,HAWTHORN ROSE HOMES LIMITED,"20-22 Wenlock Road, London, England, N1 7GU","20-22 Wenlock Road, London, England, N1 7GU",,,,,,,,,1
48606,23876,BEAUTY AND BRAVADO LTD,ALL ABOUT REEL LTD,"20-22 Wenlock Road, London, England, N1 7GU","20-22 Wenlock Road, London, England, N1 7GU",,,,,,,,,1
48606,25761,BEAUTY AND BRAVADO LTD,GOOD CURRIES LTD,"20-22 Wenlock Road, London, England, N1 7GU","20-22 Wenlock Road, London, England, N1 7GU",,,,,,,,,1
48606,27689,BEAUTY AND BRAVADO LTD,FOOD DISCOUNTS LTD,"20-22 Wenlock Road, London, England, N1 7GU","20-22 Wenlock Road, London, England, N1 7GU",,,,,,,,,1
48606,29271,BEAUTY AND BRAVADO LTD,SOFTWARE DEFENCES LTD,"20-22 Wenlock Road, London, England, N1 7GU","20-22 Wenlock Road, London, England, N1 7GU",,,,,,,,,1
48606,29377,BEAUTY AND BRAVADO LTD,KNOWING FINANCES LTD,"20-22 Wenlock Road, London, England, N1 7GU","20-22 Wenlock Road, London, England, N1 7GU",,,,,,,,,1
48606,30243,BEAUTY AND BRAVADO LTD,BEAUTY AND NATURE STORE LTD,"20-22 Wenlock Road, London, England, N1 7GU","20-22 Wenlock Road, London, England, N1 7GU",,,,,,,,,1
48606,30445,BEAUTY AND BRAVADO LTD,Z AND J GROUP LTD,"20-22 Wenlock Road, London, England, N1 7GU","20-22 Wenlock Road, London, England, N1 7GU",,,,,,,,,1
48606,30467,BEAUTY AND BRAVADO LTD,Q BRIDGE MUSIC LTD,"20-22 Wenlock Road, London, England, N1 7GU","20-22 Wenlock Road, London, England, N1 7GU",,,,,,,,,1
48606,31894,BEAUTY AND BRAVADO LTD,ALL ABOUT CLAIMS LTD,"20-22 Wenlock Road, London, England, N1 7GU","20-22 Wenlock Road, London, England, N1 7GU",,,,,,,,,1
48606,32040,BEAUTY AND BRAVADO LTD,BEAUTY BOUND LTD,"20-22 Wenlock Road, London, England, N1 7GU","20-22 Wenlock Road, London, England, N1 7GU",,,,,,,,,1
48606,32153,BEAUTY AND BRAVADO LTD,BAD BOYS MAKE NOISE LTD,"20-22 Wenlock Road, London, England, N1 7GU","20-22 Wenlock Road, London, England, N1 7GU",,,,,,,,,1
48606,33286,BEAUTY AND BRAVADO LTD,GOOD BOY TRADING LIMITED,"20-22 Wenlock Road, London, England, N1 7GU","20-22 Wenlock Road, London, England, N1 7GU",,,,,,,,,1
48606,33760,BEAUTY AND BRAVADO LTD,GOOD ADVICE FOR LIVING LTD,"20-22 Wenlock Road, London, England, N1 7GU","20-22 Wenlock Road, London, England, N1 7GU",,,,,,,,,1
48606,35148,BEAUTY AND BRAVADO LTD,U FINANCE LTD,"20-22 Wenlock Road, London, England, N1 7GU","20-22 Wenlock Road, London, England, N1 7GU",,,,,,,,,1
48606,38154,BEAUTY AND BRAVADO LTD,Q ADMINISTRATION LIMITED,"20-22 Wenlock Road, London, England, N1 7GU","20-22 Wenlock Road, London, England, N1 7GU",,,,,,,,,1
48606,38905,BEAUTY AND BRAVADO LTD,V AND J'S SOIREES LTD,"20-22 Wenlock Road, London, England, N1 7GU","20-22 Wenlock Road, London, England, N1 7GU",,,,,,,,,1
48606,39260,BEAUTY AND BRAVADO LTD,NEW AGE STORE LTD,"20-22 Wenlock Road, London, England, N1 7GU","20-22 Wenlock Road, London, England, N1 7GU",,,,,,,,,1
48606,41076,BEAUTY AND BRAVADO LTD,ALL ABOUT CLADDING LTD,"20-22 Wenlock Road, London, England, N1 7GU","20-22 Wenlock Road, London, England, N1 7GU",,,,,,,,,1
48606,42709,BEAUTY AND BRAVADO LTD,Z AUDIO DIGITAL LTD,"20-22 Wenlock Road, London, England, N1 7GU","20-22 Wenlock Road, London, England, N1 7GU",,,,,,,,,1
48606,43242,BEAUTY AND BRAVADO LTD,SOFTWARE SHIFT LTD,"20-22 Wenlock Road, London, England, N1 7GU","20-22 Wenlock Road, London, England, N1 7GU",,,,,,,,,1
48606,43269,BEAUTY AND BRAVADO LTD,SOFTWARE HATCH LTD,"20-22 Wenlock Road, London, England, N1 7GU","20-22 Wenlock Road, London, England, N1 7GU",,,,,,,,,1
48606,43678,BEAUTY AND BRAVADO LTD,SOFTWARE SOLUTIONS MANAGEMENT LTD,"20-22 Wenlock Road, London, England, N1 7GU","20-22 Wenlock Road, London, England, N1 7GU",,,,,,,,,1
48606,46081,BEAUTY AND BRAVADO LTD,BAD BOY BOSSES LTD,"20-22 Wenlock Road, London, England, N1 7GU","20-22 Wenlock Road, London, England, N1 7GU",,,,,,,,,1
48611,14377,Enel Global Trading Spa,Enel Global Services Srl,"VIALE REGINA MARGHERITA 125, ROMA, 00198, ROMA, ITALY","VIALE REGINA MARGHERITA 125, ROMA, 00198, ROMA, ITALY",,,,,IT05918271007,IT15416261004,,,1
48611,35150,Enel Global Trading Spa,Enel Italia Spa,"VIALE REGINA MARGHERITA 125, ROMA, 00198, ROMA, ITALY","VIALE REGINA MARGHERITA 125, ROMA, 00198, ROMA, ITALY",,,,,IT05918271007,IT06377691008,,,1
48611,41155,Enel Global Trading Spa,Enel Produzione Spa,"VIALE REGINA MARGHERITA 125, ROMA, 00198, ROMA, ITALY","VIALE REGINA MARGHERITA 125, ROMA, 00198, ROMA, ITALY",,,,,IT05918271007,IT05617841001,,,1
48675,2460,Q & CO DISTRIBUTION LTD,NEW AGE HEMP LIMITED,"7 Bell Yard, London, England, WC2A 2JR","7 Bell Yard, London, England, WC2A 2JR",,,,,,,,,1
48675,8320,Q & CO DISTRIBUTION LTD,GOOD BEHAVIOUR LIMITED,"7 Bell Yard, London, England, WC2A 2JR","7 Bell Yard, London, England, WC2A 2JR",,,,,,,,,1
48675,14809,Q & CO DISTRIBUTION LTD,SOFTWARE RETAIL LTD,"7 Bell Yard, London, England, WC2A 2JR","7 Bell Yard, London, England, WC2A 2JR",,,,,,,,,1
48675,27326,Q & CO DISTRIBUTION LTD,NOVEA FINANCES LIMITED,"7 Bell Yard, London, England, WC2A 2JR","7 Bell Yard, London, England, WC2A 2JR",,,,,,,,,1
48675,46274,Q & CO DISTRIBUTION LTD,SOFTWARE LEADERS LIMITED,"7 Bell Yard, London, England, WC2A 2JR","7 Bell Yard, London, England, WC2A 2JR",,,,,,,,,1
48675,48003,Q & CO DISTRIBUTION LTD,SOFTWARE SYSTEMS LIMITED,"7 Bell Yard, London, England, WC2A 2JR","7 Bell Yard, London, England, WC2A 2JR",,,,,,,,,1
48779,2460,FOOD ARTS & TECHNOLOGY LTD,NEW AGE HEMP LIMITED,"7 Bell Yard, London, England, WC2A 2JR","7 Bell Yard, London, England, WC2A 2JR",,,,,,,,,1
48779,8320,FOOD ARTS & TECHNOLOGY LTD,GOOD BEHAVIOUR LIMITED,"7 Bell Yard, London, England, WC2A 2JR","7 Bell Yard, London, England, WC2A 2JR",,,,,,,,,1
48779,14809,FOOD ARTS & TECHNOLOGY LTD,SOFTWARE RETAIL LTD,"7 Bell Yard, London, England, WC2A 2JR","7 Bell Yard, London, England, WC2A 2JR",,,,,,,,,1
48779,27326,FOOD ARTS & TECHNOLOGY LTD,NOVEA FINANCES LIMITED,"7 Bell Yard, London, England, WC2A 2JR","7 Bell Yard, London, England, WC2A 2JR",,,,,,,,,1
48779,46274,FOOD ARTS & TECHNOLOGY LTD,SOFTWARE LEADERS LIMITED,"7 Bell Yard, London, England, WC2A 2JR","7 Bell Yard, London, England, WC2A 2JR",,,,,,,,,1
48779,48003,FOOD ARTS & TECHNOLOGY LTD,SOFTWARE SYSTEMS LIMITED,"7 Bell Yard, London, England, WC2A 2JR","7 Bell Yard, London, England, WC2A 2JR",,,,,,,,,1
48779,48675,FOOD ARTS & TECHNOLOGY LTD,Q & CO DISTRIBUTION LTD,"7 Bell Yard, London, England, WC2A 2JR","7 Bell Yard, London, England, WC2A 2JR",,,,,,,,,1
48802,7209,ALL ABOUT THE HOUSE LTD,Z & Z BROTHERS IT SOLUTIONS LTD,"86-90 Paul Street, London, England, United Kingdom, EC2A 4NE","86-90 Paul Street, London, England, United Kingdom, EC2A 4NE",,,,,,,,,1
48802,8900,ALL ABOUT THE HOUSE LTD,Q AND QUAINT LIMITED,"86-90 Paul Street, London, England, United Kingdom, EC2A 4NE","86-90 Paul Street, London, England, United Kingdom, EC2A 4NE",,,,,,,,,1
48802,10177,ALL ABOUT THE HOUSE LTD,ALL ABOUT DRINKS CONSULTING SERVICES LTD,"86-90 Paul Street, London, England, United Kingdom, EC2A 4NE","86-90 Paul Street, London, England, United Kingdom, EC2A 4NE",,,,,,,,,1
48802,12164,ALL ABOUT THE HOUSE LTD,S A ELECTRICAL SOLUTIONS LTD,"86-90 Paul Street, London, England, United Kingdom, EC2A 4NE","86-90 Paul Street, London, England, United Kingdom, EC2A 4NE",,,,,,,,,1
48802,19788,ALL ABOUT THE HOUSE LTD,ALL ABOUT DAMP LTD,"86-90 Paul Street, London, England, United Kingdom, EC2A 4NE","86-90 Paul Street, London, England, United Kingdom, EC2A 4NE",,,,,,,,,1
48802,24457,ALL ABOUT THE HOUSE LTD,TAFFY T LTD,"86-90 Paul Street, London, England, United Kingdom, EC2A 4NE","86-90 Paul Street, London, England, United Kingdom, EC2A 4NE",,,,,,,,,1
48802,35857,ALL ABOUT THE HOUSE LTD,BEAUTY AND THE BENEFIT LIMITED,"86-90 Paul Street, London, England, United Kingdom, EC2A 4NE","86-90 Paul Street, London, England, United Kingdom, EC2A 4NE",,,,,,,,,1
48802,42165,ALL ABOUT THE HOUSE LTD,Z AND PRECIOUS REMOVALS LTD,"86-90 Paul Street, London, England, United Kingdom, EC2A 4NE","86-90 Paul Street, London, England, United Kingdom, EC2A 4NE",,,,,,,,,1
48802,47207,ALL ABOUT THE HOUSE LTD,R. A. GRUNDY ARCHITECTURAL SERVICES LIMITED,"86-90 Paul Street, London, England, United Kingdom, EC2A 4NE","86-90 Paul Street, London, England, United Kingdom, EC2A 4NE",,,,,,,,,1
48819,11775,H & A PRO-SERV LTD,H & A ENTERTAINMENTS LTD,"Lawrence House, 5 St Andrews Hill, Norwich, Norfolk, NR2 1AD","Lawrence House, 5 St Andrews Hill, Norwich, Norfolk, NR2 1AD",,,,,,,,,1
48819,26989,H & A PRO-SERV LTD,FOOD DELICIOUS GROUP LTD,"Lawrence House, 5 St Andrews Hill, Norwich, Norfolk, NR2 1AD","Lawrence House, 5 St Andrews Hill, Norwich, Norfolk, NR2 1AD",,,,,,,,,1
48843,19875,Alperia Trading Srl,Alperia Smart Services Srl,"VIA DODICIVILLE 8, BOLZANO, 39100, BOLZANO, ITALY","VIA DODICIVILLE 8, BOLZANO, 39100, BOLZANO, ITALY",,,,,IT03008510210,IT01745520211,,,1
49019,46697,NET FINANCES LTD,FOOD CUT LTD,"37 Chatsworth Road, London, England, NW2 4BL","37 Chatsworth Road, London, England, NW2 4BL",,,,,,,,,1
49128,45466,Metso Outotec Corp,Sanoma Corp,"Toolonlahdenkatu 2, Helsinki, 00100","Toolonlahdenkatu 2, Helsinki, 00100",,,,,,,,,1
49198,43406,Edison Energia Spa,Edison Spa,"FORO BUONAPARTE 31, MILANO, 20121, MILANO, ITALY","FORO BUONAPARTE 31, MILANO, 20121, MILANO, ITALY",,,,,IT08526440154,IT08263330014,,,1
49218,39265,Generali Italia Spa,Genertellife Spa,"VIA MAROCCHESA 14, MOGLIANO VENETO, 31021, TREVISO, ITALY","VIA MAROCCHESA 14, MOGLIANO VENETO, 31021, TREVISO, ITALY",,,,,IT00885351007,IT06515871009,,,1
49261,28813,LG Chem Ltd,LG Corp,"Lg Twin Tower, 128, Yeoui-Daero, Yeongdeungpo-Gu, Seoul, 07336","Lg Twin Tower, 128, Yeoui-Daero, Yeongdeungpo-Gu, Seoul, 07336",,,,,,,,,1
49317,46188,FOOD UN LIMITED,BEAUTY UN LIMITED,"Avc House, 21 Northampton Lane, Swansea, SA1 4EH","Avc House, 21 Northampton Lane, Swansea, SA1 4EH",,,,,,,,,1
49380,6581,ALL ABOUT VENDING LTD,ALL ABOUT ACCOUNTING (UK) LIMITED,"West Gate Lodge, Cams Hall Estate, Fareham, Hampshire, PO16 8UP","West Gate Lodge, Cams Hall Estate, Fareham, Hampshire, PO16 8UP",,,,,,,,,1
49423,263,Q ENVIRONMENTAL LIMITED,ALL ABOUT KIDS LTD,"71-75 Shelton Street, Covent Garden, London, United Kingdom, WC2H 9JQ","71-75 Shelton Street, Covent Garden, London, United Kingdom, WC2H 9JQ",,,,,,,,,1
49423,3444,Q ENVIRONMENTAL LIMITED,U BROWN LTD,"71-75 Shelton Street, Covent Garden, London, United Kingdom, WC2H 9JQ","71-75 Shelton Street, Covent Garden, London, United Kingdom, WC2H 9JQ",,,,,,,,,1
49423,3775,Q ENVIRONMENTAL LIMITED,T & B ENGINEERING SOLUTIONS LTD,"71-75 Shelton Street, Covent Garden, London, United Kingdom, WC2H 9JQ","71-75 Shelton Street, Covent Garden, London, United Kingdom, WC2H 9JQ",,,,,,,,,1
49423,4375,Q ENVIRONMENTAL LIMITED,H & A ENGINEERING LTD,"71-75 Shelton Street, Covent Garden, London, United Kingdom, WC2H 9JQ","71-75 Shelton Street, Covent Garden, London, United Kingdom, WC2H 9JQ",,,,,,,,,1
49423,4438,Q ENVIRONMENTAL LIMITED,BEAUTY BOOSTERS LTD,"71-75 Shelton Street, Covent Garden, London, United Kingdom, WC2H 9JQ","71-75 Shelton Street, Covent Garden, London, United Kingdom, WC2H 9JQ",,,,,,,,,1
49423,6594,Q ENVIRONMENTAL LIMITED,U EVENTS LIMITED,"71-75 Shelton Street, Covent Garden, London, United Kingdom, WC2H 9JQ","71-75 Shelton Street, Covent Garden, London, United Kingdom, WC2H 9JQ",,,,,,,,,1
49423,7607,Q ENVIRONMENTAL LIMITED,GOOD ADVICE DEBT COMPANY LIMITED,"71-75 Shelton Street, Covent Garden, London, United Kingdom, WC2H 9JQ","71-75 Shelton Street, Covent Garden, London, United Kingdom, WC2H 9JQ",,,,,,,,,1
49423,11053,Q ENVIRONMENTAL LIMITED,ALL ABOUT THE SAAS LTD,"71-75 Shelton Street, Covent Garden, London, United Kingdom, WC2H 9JQ","71-75 Shelton Street, Covent Garden, London, United Kingdom, WC2H 9JQ",,,,,,,,,1
49423,12838,Q ENVIRONMENTAL LIMITED,Q CONSULTING GROUP LTD,"71-75 Shelton Street, Covent Garden, London, United Kingdom, WC2H 9JQ","71-75 Shelton Street, Covent Garden, London, United Kingdom, WC2H 9JQ",,,,,,,,,1
49423,15089,Q ENVIRONMENTAL LIMITED,Q UN LIMITED,"71-75 Shelton Street, Covent Garden, London, United Kingdom, WC2H 9JQ","71-75 Shelton Street, Covent Garden, London, United Kingdom, WC2H 9JQ",,,,,,,,,1
49423,18039,Q ENVIRONMENTAL LIMITED,Z & K DISTRIBUTORS LIMITED,"71-75 Shelton Street, Covent Garden, London, United Kingdom, WC2H 9JQ","71-75 Shelton Street, Covent Garden, London, United Kingdom, WC2H 9JQ",,,,,,,,,1
49423,18878,Q ENVIRONMENTAL LIMITED,FOOD & BEVERAGE INTERNATIONAL LTD,"71-75 Shelton Street, Covent Garden, London, United Kingdom, WC2H 9JQ","71-75 Shelton Street, Covent Garden, London, United Kingdom, WC2H 9JQ",,,,,,,,,1
49423,19784,Q ENVIRONMENTAL LIMITED,S A GUARANTEE SPECIALISTS UK LIMITED,"71-75 Shelton Street, Covent Garden, London, United Kingdom, WC2H 9JQ","71-75 Shelton Street, Covent Garden, London, United Kingdom, WC2H 9JQ",,,,,,,,,1
49423,19928,Q ENVIRONMENTAL LIMITED,ALL ABOUT ME ENTERPRISES LIMITED,"71-75 Shelton Street, Covent Garden, London, United Kingdom, WC2H 9JQ","71-75 Shelton Street, Covent Garden, London, United Kingdom, WC2H 9JQ",,,,,,,,,1
49423,21691,Q ENVIRONMENTAL LIMITED,NEW AGE AGENCY AND SERVICES LIMITED,"71-75 Shelton Street, Covent Garden, London, United Kingdom, WC2H 9JQ","71-75 Shelton Street, Covent Garden, London, United Kingdom, WC2H 9JQ",,,,,,,,,1
49423,25329,Q ENVIRONMENTAL LIMITED,NEW AGE GAMES LIMITED,"71-75 Shelton Street, Covent Garden, London, United Kingdom, WC2H 9JQ","71-75 Shelton Street, Covent Garden, London, United Kingdom, WC2H 9JQ",,,,,,,,,1
49423,28246,Q ENVIRONMENTAL LIMITED,BEAUTY BOLD PR LTD,"71-75 Shelton Street, Covent Garden, London, United Kingdom, WC2H 9JQ","71-75 Shelton Street, Covent Garden, London, United Kingdom, WC2H 9JQ",,,,,,,,,1
49423,35542,Q ENVIRONMENTAL LIMITED,BEAUTY BLOCKS LTD,"71-75 Shelton Street, Covent Garden, London, United Kingdom, WC2H 9JQ","71-75 Shelton Street, Covent Garden, London, United Kingdom, WC2H 9JQ",,,,,,,,,1
49423,36427,Q ENVIRONMENTAL LIMITED,SOFTWARE KEYS-SK LTD,"71-75 Shelton Street, Covent Garden, London, United Kingdom, WC2H 9JQ","71-75 Shelton Street, Covent Garden, London, United Kingdom, WC2H 9JQ",,,,,,,,,1
49423,36970,Q ENVIRONMENTAL LIMITED,NIKOLIC FINANCES LTD,"71-75 Shelton Street, Covent Garden, London, United Kingdom, WC2H 9JQ","71-75 Shelton Street, Covent Garden, London, United Kingdom, WC2H 9JQ",,,,,,,,,1
49423,37218,Q ENVIRONMENTAL LIMITED,U CHOZE LIMITED,"71-75 Shelton Street, Covent Garden, London, United Kingdom, WC2H 9JQ","71-75 Shelton Street, Covent Garden, London, United Kingdom, WC2H 9JQ",,,,,,,,,1
49423,44310,Q ENVIRONMENTAL LIMITED,NEW AGES TECHNOLOGIES LTD,"71-75 Shelton Street, Covent Garden, London, United Kingdom, WC2H 9JQ","71-75 Shelton Street, Covent Garden, London, United Kingdom, WC2H 9JQ",,,,,,,,,1
49423,46096,Q ENVIRONMENTAL LIMITED,BEAUTY AND A BOND LIMITED,"71-75 Shelton Street, Covent Garden, London, United Kingdom, WC2H 9JQ","71-75 Shelton Street, Covent Garden, London, United Kingdom, WC2H 9JQ",,,,,,,,,1
49423,47429,Q ENVIRONMENTAL LIMITED,SOFTWARE SOLUTIONS ESD LIMITED,"71-75 Shelton Street, Covent Garden, London, United Kingdom, WC2H 9JQ","71-75 Shelton Street, Covent Garden, London, United Kingdom, WC2H 9JQ",,,,,,,,,1
49431,47019,Ludoil Energy Spa,Ludoil Energia Srl,"VIA TARANTO 40, NOLA, 80035, NAPOLI, ITALY","VIA TARANTO 40, NOLA, 80035, NAPOLI, ITALY",,,,,IT07104471219,IT07047491217,,,1
49447,3917,Q BIOTECH LIMITED,BAD BUNNY MANAGEMENT LTD,"27 Old Gloucester Street, London, United Kingdom, WC1N 3AX","27 Old Gloucester Street, London, United Kingdom, WC1N 3AX",,,,,,,,,1
49447,13774,Q BIOTECH LIMITED,Q & K SERVICES LTD,"27 Old Gloucester Street, London, United Kingdom, WC1N 3AX","27 Old Gloucester Street, London, United Kingdom, WC1N 3AX",,,,,,,,,1
49447,13794,Q BIOTECH LIMITED,BAD ANGELS LIMITED,"27 Old Gloucester Street, London, United Kingdom, WC1N 3AX","27 Old Gloucester Street, London, United Kingdom, WC1N 3AX",,,,,,,,,1
49447,16267,Q BIOTECH LIMITED,MATRIX FINANCES LTD,"27 Old Gloucester Street, London, United Kingdom, WC1N 3AX","27 Old Gloucester Street, London, United Kingdom, WC1N 3AX",,,,,,,,,1
49447,18893,Q BIOTECH LIMITED,NEW ALBION REAL ESTATE LTD,"27 Old Gloucester Street, London, United Kingdom, WC1N 3AX","27 Old Gloucester Street, London, United Kingdom, WC1N 3AX",,,,,,,,,1
49447,20414,Q BIOTECH LIMITED,FOOD BOOTH LIMITED,"27 Old Gloucester Street, London, United Kingdom, WC1N 3AX","27 Old Gloucester Street, London, United Kingdom, WC1N 3AX",,,,,,,,,1
49447,26427,Q BIOTECH LIMITED,BAD INTENTIONS BOXING LIMITED,"27 Old Gloucester Street, London, United Kingdom, WC1N 3AX","27 Old Gloucester Street, London, United Kingdom, WC1N 3AX",,,,,,,,,1
49447,29058,Q BIOTECH LIMITED,NEW AGE COACH LTD,"27 Old Gloucester Street, London, United Kingdom, WC1N 3AX","27 Old Gloucester Street, London, United Kingdom, WC1N 3AX",,,,,,,,,1
49447,30959,Q BIOTECH LIMITED,JC NEW AGE ENTERTAINMENT LTD,"27 Old Gloucester Street, London, United Kingdom, WC1N 3AX","27 Old Gloucester Street, London, United Kingdom, WC1N 3AX",,,,,,,,,1
49447,32692,Q BIOTECH LIMITED,NEW ALBION ENERGY LTD,"27 Old Gloucester Street, London, United Kingdom, WC1N 3AX","27 Old Gloucester Street, London, United Kingdom, WC1N 3AX",,,,,,,,,1
49447,39675,Q BIOTECH LIMITED,BLAUSTEIN GMBH LTD,"27 Old Gloucester Street, London, United Kingdom, WC1N 3AX","27 Old Gloucester Street, London, United Kingdom, WC1N 3AX",,,,,,,,,1
49447,42754,Q BIOTECH LIMITED,SU-FI EDUCATION. CONSULTING. FINANCES. LTD,"27 Old Gloucester Street, London, United Kingdom, WC1N 3AX","27 Old Gloucester Street, London, United Kingdom, WC1N 3AX",,,,,,,,,1
49447,46355,Q BIOTECH LIMITED,Q BIO SYSTEMS LIMITED,"27 Old Gloucester Street, London, United Kingdom, WC1N 3AX","27 Old Gloucester Street, London, United Kingdom, WC1N 3AX",,,,,,,,,1
49464,13279,Z & K EXETER LTD,Z & K KASPAS LTD,"4 Diamond Jubilee Close, Gloucester, United Kingdom, GL1 4LR","4 Diamond Jubilee Close, Gloucester, United Kingdom, GL1 4LR",,,,,,,,,1
49464,16854,Z & K EXETER LTD,Z & K SOUTHWEST LTD,"4 Diamond Jubilee Close, Gloucester, United Kingdom, GL1 4LR","4 Diamond Jubilee Close, Gloucester, United Kingdom, GL1 4LR",,,,,,,,,1
49464,24400,Z & K EXETER LTD,Z & K QUALITY FOODS LTD,"4 Diamond Jubilee Close, Gloucester, United Kingdom, GL1 4LR","4 Diamond Jubilee Close, Gloucester, United Kingdom, GL1 4LR",,,,,,,,,1
49464,31748,Z & K EXETER LTD,Z & K HOT FOOD LTD,"4 Diamond Jubilee Close, Gloucester, United Kingdom, GL1 4LR","4 Diamond Jubilee Close, Gloucester, United Kingdom, GL1 4LR",,,,,,,,,1
49464,46250,Z & K EXETER LTD,Z & K GLOUCESTER LTD,"4 Diamond Jubilee Close, Gloucester, United Kingdom, GL1 4LR","4 Diamond Jubilee Close, Gloucester, United Kingdom, GL1 4LR",,,,,,,,,1
49508,19753,NEW ADVENTURES SLEEPING BEAUTY LIMITED,NEW ADVENTURES NUTCRACKER LIMITED,"124 Finchley Road, London, United Kingdom, NW3 5JS","124 Finchley Road, London, United Kingdom, NW3 5JS",,,,,,,,,1
49508,22489,NEW ADVENTURES SLEEPING BEAUTY LIMITED,NEW ADVENTURES MIDNIGHT BELL LIMITED,"124 Finchley Road, London, United Kingdom, NW3 5JS","124 Finchley Road, London, United Kingdom, NW3 5JS",,,,,,,,,1
49508,27193,NEW ADVENTURES SLEEPING BEAUTY LIMITED,NEW ADVENTURES VERONA LIMITED,"124 Finchley Road, London, United Kingdom, NW3 5JS","124 Finchley Road, London, United Kingdom, NW3 5JS",,,,,,,,,1
49508,28660,NEW ADVENTURES SLEEPING BEAUTY LIMITED,NEW ADVENTURES PARTNERSHIPS LIMITED,"124 Finchley Road, London, United Kingdom, NW3 5JS","124 Finchley Road, London, United Kingdom, NW3 5JS",,,,,,,,,1
49508,32619,NEW ADVENTURES SLEEPING BEAUTY LIMITED,NEW ADVENTURES SWAN LAKE LIMITED,"124 Finchley Road, London, United Kingdom, NW3 5JS","124 Finchley Road, London, United Kingdom, NW3 5JS",,,,,,,,,1
49508,33724,NEW ADVENTURES SLEEPING BEAUTY LIMITED,NEW ADVENTURES RED SHOES LIMITED,"124 Finchley Road, London, United Kingdom, NW3 5JS","124 Finchley Road, London, United Kingdom, NW3 5JS",,,,,,,,,1
49638,2408,Pacific Gas and Electric Co,PG&E Corp,"77 Beale St, Po Box 770000, San Francisco, California, 94105-1814","77 Beale St, Po Box 770000, San Francisco, California, 94105-1814",,,,,,,,,1
49672,14182,SOFTWARE GENERATION HOLDINGS LIMITED,SOFTWARE GENERATION LTD,"25 King Street, Bristol, England, BS1 4PB","25 King Street, Bristol, England, BS1 4PB",,,,,,,,,1
49875,6055,NEW AGE PROPERTY SOLUTION (NAPS) LIMITED,BEAUTY ANCHOR AESTHETICS LIMITED,"27 Old Gloucester Street, London, England, WC1N 3AX","27 Old Gloucester Street, London, England, WC1N 3AX",,,,,,,,,1
49875,6697,NEW AGE PROPERTY SOLUTION (NAPS) LIMITED,NEW AGE LETTINGS LIMITED,"27 Old Gloucester Street, London, England, WC1N 3AX","27 Old Gloucester Street, London, England, WC1N 3AX",,,,,,,,,1
49875,38911,NEW AGE PROPERTY SOLUTION (NAPS) LIMITED,SOFTWARE COMPETITIVENESS INTERNATIONAL LTD,"27 Old Gloucester Street, London, England, WC1N 3AX","27 Old Gloucester Street, London, England, WC1N 3AX",,,,,,,,,1
49949,6948,AURORA FINANCES LTD,NEW AGE FINANCE LTD,"International House, 142 Cromwell Road, London, United Kingdom, SW7 4EF","International House, 142 Cromwell Road, London, United Kingdom, SW7 4EF",,,,,,,,,1
49963,31419,NEW ACRES CARAVANS LIMITED,T & A ROOFING & PROPERTY MAINTENANCE LIMITED,"Pembroke Lodge, 3 Pembroke Road, Ruislip, United Kingdom, HA4 8NQ","Pembroke Lodge, 3 Pembroke Road, Ruislip, United Kingdom, HA4 8NQ",,,,,,,,,1
49963,41183,NEW ACRES CARAVANS LIMITED,ALL ABOUT MAINTENANCE LIMITED,"Pembroke Lodge, 3 Pembroke Road, Ruislip, United Kingdom, HA4 8NQ","Pembroke Lodge, 3 Pembroke Road, Ruislip, United Kingdom, HA4 8NQ",,,,,,,,,1
49966,93,BEAUTY AESTHETICS SALON LTD,SOFTWARE DEVELOPMENT SERVICES LTD,"20-22 Wenlock Road, London, England, N1 7GU","20-22 Wenlock Road, London, England, N1 7GU",,,,,,,,,1
49966,502,BEAUTY AESTHETICS SALON LTD,Z AND P INCORPORATED LTD,"20-22 Wenlock Road, London, England, N1 7GU","20-22 Wenlock Road, London, England, N1 7GU",,,,,,,,,1
49966,776,BEAUTY AESTHETICS SALON LTD,T & ASH LTD,"20-22 Wenlock Road, London, England, N1 7GU","20-22 Wenlock Road, London, England, N1 7GU",,,,,,,,,1
49966,3415,BEAUTY AESTHETICS SALON LTD,FOOD BOOKING LTD,"20-22 Wenlock Road, London, England, N1 7GU","20-22 Wenlock Road, London, England, N1 7GU",,,,,,,,,1
49966,4039,BEAUTY AESTHETICS SALON LTD,ALL ABOUT BOILERS LTD,"20-22 Wenlock Road, London, England, N1 7GU","20-22 Wenlock Road, London, England, N1 7GU",,,,,,,,,1
49966,5606,BEAUTY AESTHETICS SALON LTD,GOOD CONNEXION LTD,"20-22 Wenlock Road, London, England, N1 7GU","20-22 Wenlock Road, London, England, N1 7GU",,,,,,,,,1
49966,6679,BEAUTY AESTHETICS SALON LTD,Q BRANCH SOLUTIONS LTD,"20-22 Wenlock Road, London, England, N1 7GU","20-22 Wenlock Road, London, England, N1 7GU",,,,,,,,,1
49966,7079,BEAUTY AESTHETICS SALON LTD,H A DIRECT LTD,"20-22 Wenlock Road, London, England, N1 7GU","20-22 Wenlock Road, London, England, N1 7GU",,,,,,,,,1
49966,8008,BEAUTY AESTHETICS SALON LTD,GOOD & YOUNG LTD,"20-22 Wenlock Road, London, England, N1 7GU","20-22 Wenlock Road, London, England, N1 7GU",,,,,,,,,1
49966,13025,BEAUTY AESTHETICS SALON LTD,NEW AGE PLUMBING AND HEATING SERVICES LTD,"20-22 Wenlock Road, London, England, N1 7GU","20-22 Wenlock Road, London, England, N1 7GU",,,,,,,,,1
49966,13096,BEAUTY AESTHETICS SALON LTD,GOOD BEAGLE INTERNATIONAL LTD,"20-22 Wenlock Road, London, England, N1 7GU","20-22 Wenlock Road, London, England, N1 7GU",,,,,,,,,1
49966,14082,BEAUTY AESTHETICS SALON LTD,SOFTWARE BRAIN LTD,"20-22 Wenlock Road, London, England, N1 7GU","20-22 Wenlock Road, London, England, N1 7GU",,,,,,,,,1
49966,16743,BEAUTY AESTHETICS SALON LTD,Q BRIDGE ENTERTAINMENT LTD,"20-22 Wenlock Road, London, England, N1 7GU","20-22 Wenlock Road, London, England, N1 7GU",,,,,,,,,1
49966,17304,BEAUTY AESTHETICS SALON LTD,PERGORA FINANCES INVESTMENTS LTD,"20-22 Wenlock Road, London, England, N1 7GU","20-22 Wenlock Road, London, England, N1 7GU",,,,,,,,,1
49966,17549,BEAUTY AESTHETICS SALON LTD,ALL ABOUT PROPERTIES LTD,"20-22 Wenlock Road, London, England, N1 7GU","20-22 Wenlock Road, London, England, N1 7GU",,,,,,,,,1
49966,18882,BEAUTY AESTHETICS SALON LTD,NEW AGE TOURING PRODUCTIONS LIMITED,"20-22 Wenlock Road, London, England, N1 7GU","20-22 Wenlock Road, London, England, N1 7GU",,,,,,,,,1
49966,20362,BEAUTY AESTHETICS SALON LTD,FOOD AND PACKAGING WHOLESALE LTD,"20-22 Wenlock Road, London, England, N1 7GU","20-22 Wenlock Road, London, England, N1 7GU",,,,,,,,,1
49966,23046,BEAUTY AESTHETICS SALON LTD,HAWTHORN ROSE HOMES LIMITED,"20-22 Wenlock Road, London, England, N1 7GU","20-22 Wenlock Road, London, England, N1 7GU",,,,,,,,,1
49966,23876,BEAUTY AESTHETICS SALON LTD,ALL ABOUT REEL LTD,"20-22 Wenlock Road, London, England, N1 7GU","20-22 Wenlock Road, London, England, N1 7GU",,,,,,,,,1
49966,25761,BEAUTY AESTHETICS SALON LTD,GOOD CURRIES LTD,"20-22 Wenlock Road, London, England, N1 7GU","20-22 Wenlock Road, London, England, N1 7GU",,,,,,,,,1
49966,27689,BEAUTY AESTHETICS SALON LTD,FOOD DISCOUNTS LTD,"20-22 Wenlock Road, London, England, N1 7GU","20-22 Wenlock Road, London, England, N1 7GU",,,,,,,,,1
49966,29271,BEAUTY AESTHETICS SALON LTD,SOFTWARE DEFENCES LTD,"20-22 Wenlock Road, London, England, N1 7GU","20-22 Wenlock Road, London, England, N1 7GU",,,,,,,,,1
49966,29377,BEAUTY AESTHETICS SALON LTD,KNOWING FINANCES LTD,"20-22 Wenlock Road, London, England, N1 7GU","20-22 Wenlock Road, London, England, N1 7GU",,,,,,,,,1
49966,30243,BEAUTY AESTHETICS SALON LTD,BEAUTY AND NATURE STORE LTD,"20-22 Wenlock Road, London, England, N1 7GU","20-22 Wenlock Road, London, England, N1 7GU",,,,,,,,,1
49966,30445,BEAUTY AESTHETICS SALON LTD,Z AND J GROUP LTD,"20-22 Wenlock Road, London, England, N1 7GU","20-22 Wenlock Road, London, England, N1 7GU",,,,,,,,,1
49966,30467,BEAUTY AESTHETICS SALON LTD,Q BRIDGE MUSIC LTD,"20-22 Wenlock Road, London, England, N1 7GU","20-22 Wenlock Road, London, England, N1 7GU",,,,,,,,,1
49966,31894,BEAUTY AESTHETICS SALON LTD,ALL ABOUT CLAIMS LTD,"20-22 Wenlock Road, London, England, N1 7GU","20-22 Wenlock Road, London, England, N1 7GU",,,,,,,,,1
49966,32040,BEAUTY AESTHETICS SALON LTD,BEAUTY BOUND LTD,"20-22 Wenlock Road, London, England, N1 7GU","20-22 Wenlock Road, London, England, N1 7GU",,,,,,,,,1
49966,32153,BEAUTY AESTHETICS SALON LTD,BAD BOYS MAKE NOISE LTD,"20-22 Wenlock Road, London, England, N1 7GU","20-22 Wenlock Road, London, England, N1 7GU",,,,,,,,,1
49966,33286,BEAUTY AESTHETICS SALON LTD,GOOD BOY TRADING LIMITED,"20-22 Wenlock Road, London, England, N1 7GU","20-22 Wenlock Road, London, England, N1 7GU",,,,,,,,,1
49966,33760,BEAUTY AESTHETICS SALON LTD,GOOD ADVICE FOR LIVING LTD,"20-22 Wenlock Road, London, England, N1 7GU","20-22 Wenlock Road, London, England, N1 7GU",,,,,,,,,1
49966,35148,BEAUTY AESTHETICS SALON LTD,U FINANCE LTD,"20-22 Wenlock Road, London, England, N1 7GU","20-22 Wenlock Road, London, England, N1 7GU",,,,,,,,,1
49966,38154,BEAUTY AESTHETICS SALON LTD,Q ADMINISTRATION LIMITED,"20-22 Wenlock Road, London, England, N1 7GU","20-22 Wenlock Road, London, England, N1 7GU",,,,,,,,,1
49966,38905,BEAUTY AESTHETICS SALON LTD,V AND J'S SOIREES LTD,"20-22 Wenlock Road, London, England, N1 7GU","20-22 Wenlock Road, London, England, N1 7GU",,,,,,,,,1
49966,39260,BEAUTY AESTHETICS SALON LTD,NEW AGE STORE LTD,"20-22 Wenlock Road, London, England, N1 7GU","20-22 Wenlock Road, London, England, N1 7GU",,,,,,,,,1
49966,41076,BEAUTY AESTHETICS SALON LTD,ALL ABOUT CLADDING LTD,"20-22 Wenlock Road, London, England, N1 7GU","20-22 Wenlock Road, London, England, N1 7GU",,,,,,,,,1
49966,42709,BEAUTY AESTHETICS SALON LTD,Z AUDIO DIGITAL LTD,"20-22 Wenlock Road, London, England, N1 7GU","20-22 Wenlock Road, London, England, N1 7GU",,,,,,,,,1
49966,43242,BEAUTY AESTHETICS SALON LTD,SOFTWARE SHIFT LTD,"20-22 Wenlock Road, London, England, N1 7GU","20-22 Wenlock Road, London, England, N1 7GU",,,,,,,,,1
49966,43269,BEAUTY AESTHETICS SALON LTD,SOFTWARE HATCH LTD,"20-22 Wenlock Road, London, England, N1 7GU","20-22 Wenlock Road, London, England, N1 7GU",,,,,,,,,1
49966,43678,BEAUTY AESTHETICS SALON LTD,SOFTWARE SOLUTIONS MANAGEMENT LTD,"20-22 Wenlock Road, London, England, N1 7GU","20-22 Wenlock Road, London, England, N1 7GU",,,,,,,,,1
49966,46081,BEAUTY AESTHETICS SALON LTD,BAD BOY BOSSES LTD,"20-22 Wenlock Road, London, England, N1 7GU","20-22 Wenlock Road, London, England, N1 7GU",,,,,,,,,1
49966,48606,BEAUTY AESTHETICS SALON LTD,BEAUTY AND BRAVADO LTD,"20-22 Wenlock Road, London, England, N1 7GU","20-22 Wenlock Road, London, England, N1 7GU",,,,,,,,,1
49971,9474,Acciaierie D'italia Spa,Acciaierie D'italia Holding Spa,"VIALE CERTOSA 239, MILANO, 20151, MILANO, ITALY","VIALE CERTOSA 239, MILANO, 20151, MILANO, ITALY",,,,,IT10354890963,IT09520030967,,,1
49990,45525,NEW AGE SPORT MANAGEMENT LTD,NEW AGE SPORT MANAGEMENT (UK) LTD,"17 Carlisle Street, First Floor, London, England, W1D 3BU","17 Carlisle Street, First Floor, London, England, W1D 3BU",,,,,,,,,1
50005,6055,BAD CUSTARD LTD,BEAUTY ANCHOR AESTHETICS LIMITED,"27 Old Gloucester Street, London, England, WC1N 3AX","27 Old Gloucester Street, London, England, WC1N 3AX",,,,,,,,,1
50005,6697,BAD CUSTARD LTD,NEW AGE LETTINGS LIMITED,"27 Old Gloucester Street, London, England, WC1N 3AX","27 Old Gloucester Street, London, England, WC1N 3AX",,,,,,,,,1
50005,38911,BAD CUSTARD LTD,SOFTWARE COMPETITIVENESS INTERNATIONAL LTD,"27 Old Gloucester Street, London, England, WC1N 3AX","27 Old Gloucester Street, London, England, WC1N 3AX",,,,,,,,,1
50005,49875,BAD CUSTARD LTD,NEW AGE PROPERTY SOLUTION (NAPS) LIMITED,"27 Old Gloucester Street, London, England, WC1N 3AX","27 Old Gloucester Street, London, England, WC1N 3AX",,,,,,,,,1
50028,11331,BAD PRESS PUBLISHING LIMITED,BAD BALLOON LIMITED,"First Floor, 17-19 Foley Street, London, United Kingdom, W1W 6DW","First Floor, 17-19 Foley Street, London, United Kingdom, W1W 6DW",,,,,,,,,1
50340,17524,SOFTWARE AND LOGISTICS LTD,BEAUTY ACADEMY LONDON LTD,"9a Wick Road Business Park, Wick Road, Burnham-On-Crouch, Essex, United Kingdom, CM0 8LT","9a Wick Road Business Park, Wick Road, Burnham-On-Crouch, Essex, United Kingdom, CM0 8LT",,,,,,,,,1
50350,37088,H & A TRUCK HOLDINGS LTD,H & A TRUCK ASSISTANCE LTD,"23 St Leonards Road, Bexhill-On-Sea, East Sussex, United Kingdom, TN40 1HH","23 St Leonards Road, Bexhill-On-Sea, East Sussex, United Kingdom, TN40 1HH",,,,,,,,,1
50580,37718,A2a Energia Spa,A2a Spa,"CORSO DI PORTA VITTORIA 4, MILANO, 20122, MILANO, ITALY","CORSO DI PORTA VITTORIA 4, MILANO, 20122, MILANO, ITALY",,,,,IT12883420155,IT11957540153,,,1
50586,1962,MB CREATIVE FINANCES LTD,V & M ESTATES LTD,"143 Station Road, Hampton, Middlesex, England, TW12 2AL","143 Station Road, Hampton, Middlesex, England, TW12 2AL",,,,,,,,,1
50606,288,U AND I PLUS X TC LIMITED,U AND I FINANCE PLC,"100 Victoria Street, London, England, SW1E 5JL","100 Victoria Street, London, England, SW1E 5JL",,,,,,,,,1
50606,3485,U AND I PLUS X TC LIMITED,U AND I COMPANY SECRETARIES LIMITED,"100 Victoria Street, London, England, SW1E 5JL","100 Victoria Street, London, England, SW1E 5JL",,,,,,,,,1
50606,4059,U AND I PLUS X TC LIMITED,U AND I INVESTMENT PORTFOLIO LIMITED,"100 Victoria Street, London, England, SW1E 5JL","100 Victoria Street, London, England, SW1E 5JL",,,,,,,,,1
50606,6037,U AND I PLUS X TC LIMITED,U AND I (HARWELL) LIMITED,"100 Victoria Street, London, England, SW1E 5JL","100 Victoria Street, London, England, SW1E 5JL",,,,,,,,,1
50606,7117,U AND I PLUS X TC LIMITED,U AND I GROUP LIMITED,"100 Victoria Street, London, England, SW1E 5JL","100 Victoria Street, London, England, SW1E 5JL",,,,,,,,,1
50606,15300,U AND I PLUS X TC LIMITED,U AND I (WIE) LIMITED,"100 Victoria Street, London, England, SW1E 5JL","100 Victoria Street, London, England, SW1E 5JL",,,,,,,,,1
50606,15642,U AND I PLUS X TC LIMITED,U AND I (8AE) LIMITED,"100 Victoria Street, London, England, SW1E 5JL","100 Victoria Street, London, England, SW1E 5JL",,,,,,,,,1
50606,17497,U AND I PLUS X TC LIMITED,U AND I IPA LIMITED,"100 Victoria Street, London, England, SW1E 5JL","100 Victoria Street, London, England, SW1E 5JL",,,,,,,,,1
50606,20501,U AND I PLUS X TC LIMITED,U AND I DIRECTOR 2 LIMITED,"100 Victoria Street, London, England, SW1E 5JL","100 Victoria Street, London, England, SW1E 5JL",,,,,,,,,1
50606,20789,U AND I PLUS X TC LIMITED,U AND I (PB) COMMERCIAL LIMITED,"100 Victoria Street, London, England, SW1E 5JL","100 Victoria Street, London, England, SW1E 5JL",,,,,,,,,1
50606,21166,U AND I PLUS X TC LIMITED,U AND I (DEVELOPMENT AND TRADING) LIMITED,"100 Victoria Street, London, England, SW1E 5JL","100 Victoria Street, London, England, SW1E 5JL",,,,,,,,,1
50606,22482,U AND I PLUS X TC LIMITED,U AND I POWERHOUSE LIMITED,"100 Victoria Street, London, England, SW1E 5JL","100 Victoria Street, London, England, SW1E 5JL",,,,,,,,,1
50606,22841,U AND I PLUS X TC LIMITED,U AND I (PINCENTS LANE) LTD,"100 Victoria Street, London, England, SW1E 5JL","100 Victoria Street, London, England, SW1E 5JL",,,,,,,,,1
50606,31152,U AND I PLUS X TC LIMITED,U AND I PPP LIMITED,"100 Victoria Street, London, England, SW1E 5JL","100 Victoria Street, London, England, SW1E 5JL",,,,,,,,,1
50606,35497,U AND I PLUS X TC LIMITED,U AND I IPC LIMITED,"100 Victoria Street, London, England, SW1E 5JL","100 Victoria Street, London, England, SW1E 5JL",,,,,,,,,1
50606,39567,U AND I PLUS X TC LIMITED,U AND I (GVP) LIMITED,"100 Victoria Street, London, England, SW1E 5JL","100 Victoria Street, London, England, SW1E 5JL",,,,,,,,,1
50606,40628,U AND I PLUS X TC LIMITED,U AND I IPA SC LIMITED,"100 Victoria Street, London, England, SW1E 5JL","100 Victoria Street, London, England, SW1E 5JL",,,,,,,,,1
50606,44452,U AND I PLUS X TC LIMITED,U AND I (INNOVATION HUBS) LIMITED,"100 Victoria Street, London, England, SW1E 5JL","100 Victoria Street, London, England, SW1E 5JL",,,,,,,,,1
50606,46514,U AND I PLUS X TC LIMITED,U AND I DIRECTOR 1 LIMITED,"100 Victoria Street, London, England, SW1E 5JL","100 Victoria Street, London, England, SW1E 5JL",,,,,,,,,1
50606,47947,U AND I PLUS X TC LIMITED,U AND I (ASHFORD) LTD,"100 Victoria Street, London, England, SW1E 5JL","100 Victoria Street, London, England, SW1E 5JL",,,,,,,,,1
50622,38642,Nomura Research Institute Ltd,Kyowa Kirin Co Ltd,"Otemachi Financial City Grand Cube, 1-9-2, Ote-Machi, Chiyoda-Ku, Tokyo, 100-0004","Otemachi Financial City Grand Cube, 1-9-2, Ote-Machi, Chiyoda-Ku, Tokyo, 100-0004",,,,,,,,,1
50633,43685,Q BUILDING CONTROL LTD,Q ASSURE BUILD LIMITED,"11 Milbanke Way, Bracknell, Berkshire, RG12 1RP","11 Milbanke Way, Bracknell, Berkshire, RG12 1RP",,,,,,,,,1
50800,12526,DOUGHBOYS GROUP LIMITED,KEY WEST PROPERTY GROUP LTD,"124 City Road, London, England, EC1V 2NX","124 City Road, London, England, EC1V 2NX",,,,,,,,,1
50800,22476,DOUGHBOYS GROUP LIMITED,ID FREIGHT LTD,"124 City Road, London, England, EC1V 2NX","124 City Road, London, England, EC1V 2NX",,,,,,,,,1
50800,34222,DOUGHBOYS GROUP LIMITED,U INTERNATIONAL LIMITED,"124 City Road, London, England, EC1V 2NX","124 City Road, London, England, EC1V 2NX",,,,,,,,,1
50841,9362,GOOD BOOKS (FARNHAM) LIMITED,GOOD ACCOUNTANCY SERVICES LIMITED,"Clockhouse, Dogflud Way, Farnham, Surrey, England, GU9 7UD","Clockhouse, Dogflud Way, Farnham, Surrey, England, GU9 7UD",,,,,,,,,1
50880,3640,NEW AFRICAN WOMAN MAGAZINE LTD,V AESTHETICS LTD,"Suite G04 1 Quality Court, Chancery Lane, London, England, WC2A 1HR","Suite G04 1 Quality Court, Chancery Lane, London, England, WC2A 1HR",,,,,,,,,1
50880,7462,NEW AFRICAN WOMAN MAGAZINE LTD,BAD BS CLOTHING LTD,"Suite G04 1 Quality Court, Chancery Lane, London, England, WC2A 1HR","Suite G04 1 Quality Court, Chancery Lane, London, England, WC2A 1HR",,,,,,,,,1
50880,11658,NEW AFRICAN WOMAN MAGAZINE LTD,Z & I UNIVERSAL LIMITED,"Suite G04 1 Quality Court, Chancery Lane, London, England, WC2A 1HR","Suite G04 1 Quality Court, Chancery Lane, London, England, WC2A 1HR",,,,,,,,,1
50880,15796,NEW AFRICAN WOMAN MAGAZINE LTD,BEAUTY AND THE BOOK LTD,"Suite G04 1 Quality Court, Chancery Lane, London, England, WC2A 1HR","Suite G04 1 Quality Court, Chancery Lane, London, England, WC2A 1HR",,,,,,,,,1
50880,17663,NEW AFRICAN WOMAN MAGAZINE LTD,NEW AGE MOTORS LIMITED,"Suite G04 1 Quality Court, Chancery Lane, London, England, WC2A 1HR","Suite G04 1 Quality Court, Chancery Lane, London, England, WC2A 1HR",,,,,,,,,1
50880,28245,NEW AFRICAN WOMAN MAGAZINE LTD,GOOD CLINICAL PEOPLE LTD.,"Suite G04 1 Quality Court, Chancery Lane, London, England, WC2A 1HR","Suite G04 1 Quality Court, Chancery Lane, London, England, WC2A 1HR",,,,,,,,,1
50880,33446,NEW AFRICAN WOMAN MAGAZINE LTD,"BEAUTY AND YOU, TREATMENTS BY HANNAH LIMITED","Suite G04 1 Quality Court, Chancery Lane, London, England, WC2A 1HR","Suite G04 1 Quality Court, Chancery Lane, London, England, WC2A 1HR",,,,,,,,,1
50880,42554,NEW AFRICAN WOMAN MAGAZINE LTD,GOOD COMPANIONS SPALDING LTD,"Suite G04 1 Quality Court, Chancery Lane, London, England, WC2A 1HR","Suite G04 1 Quality Court, Chancery Lane, London, England, WC2A 1HR",,,,,,,,,1
50887,22046,BAD RABBIT LIMITED,R A GERRARD LIMITED,"Marland House, 13 Huddersfield Road, Barnsley, South Yorkshire, S70 2LW","Marland House, 13 Huddersfield Road, Barnsley, South Yorkshire, S70 2LW",,,,,,,,,1
50930,43991,SOFTWARE FOR DATA ANALYSIS LIMITED,SOFTWARE FOR DATA ANALYSIS (FINANCE) LIMITED,"40 Borough High Street, London, United Kingdom, SE1 1XW","40 Borough High Street, London, United Kingdom, SE1 1XW",,,,,,,,,1
50954,38578,S A EVANS LIMITED,P A EVANS LIMITED,"38 Le Strange Close, Norwich, Norfolk, United Kingdom, NR2 3PW","38 Le Strange Close, Norwich, Norfolk, United Kingdom, NR2 3PW",,,,,,,,,1
51031,13301,Z & S (BASKET) LTD,Z & S (BROADWATER) LTD,"Demar House 14 Church Road, East Wittering, Chichester, West Sussex, England, PO20 8PS","Demar House 14 Church Road, East Wittering, Chichester, West Sussex, England, PO20 8PS",,,,,,,,,1
51031,25414,Z & S (BASKET) LTD,Z & S (LEWES ROAD) LTD,"Demar House 14 Church Road, East Wittering, Chichester, West Sussex, England, PO20 8PS","Demar House 14 Church Road, East Wittering, Chichester, West Sussex, England, PO20 8PS",,,,,,,,,1
51031,25956,Z & S (BASKET) LTD,Z & S (POETS) LTD,"Demar House 14 Church Road, East Wittering, Chichester, West Sussex, England, PO20 8PS","Demar House 14 Church Road, East Wittering, Chichester, West Sussex, England, PO20 8PS",,,,,,,,,1
51031,42602,Z & S (BASKET) LTD,Z & S (BRIGHTON) LTD,"Demar House 14 Church Road, East Wittering, Chichester, West Sussex, England, PO20 8PS","Demar House 14 Church Road, East Wittering, Chichester, West Sussex, England, PO20 8PS",,,,,,,,,1
51031,43827,Z & S (BASKET) LTD,Z & S (HOVE) LIMITED,"Demar House 14 Church Road, East Wittering, Chichester, West Sussex, England, PO20 8PS","Demar House 14 Church Road, East Wittering, Chichester, West Sussex, England, PO20 8PS",,,,,,,,,1
51054,7235,GOOD COMPANY MUSIC LTD,GOOD COMPANY RECORDS LTD,"Studio 1 305a Goldhawk Road, London, United Kingdom, W12 8EU","Studio 1 305a Goldhawk Road, London, United Kingdom, W12 8EU",,,,,,,,,1
51054,9683,GOOD COMPANY MUSIC LTD,GOOD COMPANY ENTERTAINMENT LTD,"Studio 1 305a Goldhawk Road, London, United Kingdom, W12 8EU","Studio 1 305a Goldhawk Road, London, United Kingdom, W12 8EU",,,,,,,,,1
51054,42029,GOOD COMPANY MUSIC LTD,GOOD COMPANY EVENTS LTD,"Studio 1 305a Goldhawk Road, London, United Kingdom, W12 8EU","Studio 1 305a Goldhawk Road, London, United Kingdom, W12 8EU",,,,,,,,,1
51110,19880,U. B. DRYLINING LTD,GREEN PARK RENOVATIONS LTD,"142-143 Parrock Street, Gravesend, England, DA12 1EY","142-143 Parrock Street, Gravesend, England, DA12 1EY",,,,,,,,,1
51129,28313,Kia Corp,Hyundai Motor Co,"12, Heolleung-Ro, Seocho-Gu, Seoul, 06797","12, Heolleung-Ro, Seocho-Gu, Seoul, 06797",,,,,,,,,1
51172,9718,BAD & BOUJIEE LTD,BEAUTY BAR AT THE MILL LTD,"282 Harehills Lane, Leeds, England, LS9 7BD","282 Harehills Lane, Leeds, England, LS9 7BD",,,,,,,,,1
51202,2340,BEAUTY AND INFINITY LTD,PACKER P LTD,"128 City Road, London, United Kingdom, EC1V 2NX","128 City Road, London, United Kingdom, EC1V 2NX",,,,,,,,,1
51202,11214,BEAUTY AND INFINITY LTD,BRIGHT VISION INVESTMENT LTD,"128 City Road, London, United Kingdom, EC1V 2NX","128 City Road, London, United Kingdom, EC1V 2NX",,,,,,,,,1
51202,13551,BEAUTY AND INFINITY LTD,NEW AGE FASHION LTD,"128 City Road, London, United Kingdom, EC1V 2NX","128 City Road, London, United Kingdom, EC1V 2NX",,,,,,,,,1
51202,17757,BEAUTY AND INFINITY LTD,GOOD DAY AESTHETICS & BEAUTY LTD,"128 City Road, London, United Kingdom, EC1V 2NX","128 City Road, London, United Kingdom, EC1V 2NX",,,,,,,,,1
51202,19613,BEAUTY AND INFINITY LTD,SOFTWARE SOLUTIONS GROUP LTD.,"128 City Road, London, United Kingdom, EC1V 2NX","128 City Road, London, United Kingdom, EC1V 2NX",,,,,,,,,1
51202,24850,BEAUTY AND INFINITY LTD,H ACCOUNTING SOLUTION LIMITED,"128 City Road, London, United Kingdom, EC1V 2NX","128 City Road, London, United Kingdom, EC1V 2NX",,,,,,,,,1
51202,28937,BEAUTY AND INFINITY LTD,TANA T TRADING LTD,"128 City Road, London, United Kingdom, EC1V 2NX","128 City Road, London, United Kingdom, EC1V 2NX",,,,,,,,,1
51202,29510,BEAUTY AND INFINITY LTD,V & MARK COMPANY LTD,"128 City Road, London, United Kingdom, EC1V 2NX","128 City Road, London, United Kingdom, EC1V 2NX",,,,,,,,,1
51202,31132,BEAUTY AND INFINITY LTD,P A MARTIN CONSTRUCTION LTD,"128 City Road, London, United Kingdom, EC1V 2NX","128 City Road, London, United Kingdom, EC1V 2NX",,,,,,,,,1
51202,31915,BEAUTY AND INFINITY LTD,U AND M CONSULTANTS LTD,"128 City Road, London, United Kingdom, EC1V 2NX","128 City Road, London, United Kingdom, EC1V 2NX",,,,,,,,,1
51202,32385,BEAUTY AND INFINITY LTD,ECO MARINE FOODS LTD,"128 City Road, London, United Kingdom, EC1V 2NX","128 City Road, London, United Kingdom, EC1V 2NX",,,,,,,,,1
51202,38470,BEAUTY AND INFINITY LTD,H A FOR TRAINING AND CONSULTANT LTD,"128 City Road, London, United Kingdom, EC1V 2NX","128 City Road, London, United Kingdom, EC1V 2NX",,,,,,,,,1
51202,38754,BEAUTY AND INFINITY LTD,Z CONTROLS & AUTOMATION LTD,"128 City Road, London, United Kingdom, EC1V 2NX","128 City Road, London, United Kingdom, EC1V 2NX",,,,,,,,,1
51202,42528,BEAUTY AND INFINITY LTD,U COLLABORATION LTD,"128 City Road, London, United Kingdom, EC1V 2NX","128 City Road, London, United Kingdom, EC1V 2NX",,,,,,,,,1
51202,44893,BEAUTY AND INFINITY LTD,GOOD ACCOUNTANT LTD,"128 City Road, London, United Kingdom, EC1V 2NX","128 City Road, London, United Kingdom, EC1V 2NX",,,,,,,,,1
51202,45735,BEAUTY AND INFINITY LTD,T A ELECTRONICS LTD,"128 City Road, London, United Kingdom, EC1V 2NX","128 City Road, London, United Kingdom, EC1V 2NX",,,,,,,,,1
51202,45882,BEAUTY AND INFINITY LTD,NEW ALL DIGITAL MARKETING LTD,"128 City Road, London, United Kingdom, EC1V 2NX","128 City Road, London, United Kingdom, EC1V 2NX",,,,,,,,,1
51202,48577,BEAUTY AND INFINITY LTD,BEAUTY AT TIFFANY’S LTD,"128 City Road, London, United Kingdom, EC1V 2NX","128 City Road, London, United Kingdom, EC1V 2NX",,,,,,,,,1
51228,28495,Tesya Spa,Compagnia Generale Trattori Spa,"VIA PADANA SUPERIORE 19, VIMODRONE, 20055, MILANO, ITALY","VIA PADANA SUPERIORE 19, VIMODRONE, 20055, MILANO, ITALY",,,,,IT00156280026,IT01674190028,,,1
51282,26330,H A MAXWELL MANAGEMENT LIMITED,H A MAXWELL LIMITED,"33 The Spinnings Waterside Road, Summerseat, Bury, Lancs, England, BL9 5QW","33 The Spinnings Waterside Road, Summerseat, Bury, Lancs, England, BL9 5QW",,,,,,,,,1
51290,17654,BEAUTY AND THERAPY CLINIC LIMITED,BEAUTY AND GROOMING ROOMS LTD,"66 Vale Road, London, United Kingdom, N4 1PZ","66 Vale Road, London, United Kingdom, N4 1PZ",,,,,,,,,1
51398,33150,FOOD CHAIN ENTERPRISES LTD,FOOD CHAIN INNOVATION LIMITED,"Caledonian Exchange, 19a Canning Street, Edinburgh, Scotland, EH3 8HE","Caledonian Exchange, 19a Canning Street, Edinburgh, Scotland, EH3 8HE",,,,,,,,,1
51463,6338,S A INTERPRETING SERVICES LTD,S A CARWASH SERVICES LTD,"Flat 3 - F5 Ingram Street, Glasgow, Scotland, G1 1DJ","Flat 3 - F5 Ingram Street, Glasgow, Scotland, G1 1DJ",,,,,,,,,1
51543,19365,T ALLEN HOLDINGS LIMITED,T ALLEN ENGINEERING SERVICES TRUSTEES LIMITED,"Unit 11 Stonebroom Industrial Estate, Stonebroom, Alfreton, United Kingdom, DE55 6LQ","Unit 11 Stonebroom Industrial Estate, Stonebroom, Alfreton, United Kingdom, DE55 6LQ",,,,,,,,,1
51595,28928,Nexa Resources SA,Globant SA,"37a Avenue J-F Kennedy, Luxembourg, 1855","37a Avenue J-F Kennedy, Luxembourg, 1855",,,,,,,,,1
51748,32036,V & A HOLDINGS LIMITED,V & A LIMITED,"Victoria And Albert Museum C/O Finance Department, Cromwell Road, London, SW7 2RL","Victoria And Albert Museum C/O Finance Department, Cromwell Road, London, SW7 2RL",,,,,,,,,1
51811,9606,Q AND S PHARMA SOLUTIONS LIMITED,S A CONSTRUCTION 247 LTD,"86-90 Paul Street, London, England, EC2A 4NE","86-90 Paul Street, London, England, EC2A 4NE",,,,,,,,,1
51811,16339,Q AND S PHARMA SOLUTIONS LIMITED,NEW AGE REBEL LTD,"86-90 Paul Street, London, England, EC2A 4NE","86-90 Paul Street, London, England, EC2A 4NE",,,,,,,,,1
51811,20423,Q AND S PHARMA SOLUTIONS LIMITED,FUTURE FINANCES BROKER LIMITED,"86-90 Paul Street, London, England, EC2A 4NE","86-90 Paul Street, London, England, EC2A 4NE",,,,,,,,,1
51811,31481,Q AND S PHARMA SOLUTIONS LIMITED,GOOD AS NEW EMERGENCY CLEANING LTD,"86-90 Paul Street, London, England, EC2A 4NE","86-90 Paul Street, London, England, EC2A 4NE",,,,,,,,,1
51811,48010,Q AND S PHARMA SOLUTIONS LIMITED,BAD IDEA COMPANY LTD,"86-90 Paul Street, London, England, EC2A 4NE","86-90 Paul Street, London, England, EC2A 4NE",,,,,,,,,1
51829,3697,Megamark Srl,Megaholding Srl,"STRADA PROVINCIALE 130 ANDRIA-TRANI, TRANI, 76125, BARLETTA ANDRIA TRANI, ITALY","STRADA PROVINCIALE 130 ANDRIA-TRANI, TRANI, 76125, BARLETTA ANDRIA TRANI, ITALY",,,,,IT02969690615,IT01149290726,,,1
51854,9474,Adi Energia Srl,Acciaierie D'italia Holding Spa,"VIALE CERTOSA 239, MILANO, 20151, MILANO, ITALY","VIALE CERTOSA 239, MILANO, 20151, MILANO, ITALY",,,,,IT10354910969,IT09520030967,,,1
51854,49971,Adi Energia Srl,Acciaierie D'italia Spa,"VIALE CERTOSA 239, MILANO, 20151, MILANO, ITALY","VIALE CERTOSA 239, MILANO, 20151, MILANO, ITALY",,,,,IT10354910969,IT10354890963,,,1
51941,18161,Atlantia Spa,Shell Italia E&p Spa,"PIAZZA DI SAN SILVESTRO 8, ROMA, 00187, ROMA, ITALY","PIAZZA DI SAN SILVESTRO 8, ROMA, 00187, ROMA, ITALY",,,,,IT03731380261,IT05160421003,,,1
52029,14266,EK FINANCES OFFICE LTD,COMPLEX FINANCES LTD,"62 Arnold Road, Nottingham, United Kingdom, NG6 0DZ","62 Arnold Road, Nottingham, United Kingdom, NG6 0DZ",,,,,,,,,1
52060,288,U AND I (CAMBRIDGE) LIMITED,U AND I FINANCE PLC,"100 Victoria Street, London, England, SW1E 5JL","100 Victoria Street, London, England, SW1E 5JL",,,,,,,,,1
52060,3485,U AND I (CAMBRIDGE) LIMITED,U AND I COMPANY SECRETARIES LIMITED,"100 Victoria Street, London, England, SW1E 5JL","100 Victoria Street, London, England, SW1E 5JL",,,,,,,,,1
52060,4059,U AND I (CAMBRIDGE) LIMITED,U AND I INVESTMENT PORTFOLIO LIMITED,"100 Victoria Street, London, England, SW1E 5JL","100 Victoria Street, London, England, SW1E 5JL",,,,,,,,,1
52060,6037,U AND I (CAMBRIDGE) LIMITED,U AND I (HARWELL) LIMITED,"100 Victoria Street, London, England, SW1E 5JL","100 Victoria Street, London, England, SW1E 5JL",,,,,,,,,1
52060,7117,U AND I (CAMBRIDGE) LIMITED,U AND I GROUP LIMITED,"100 Victoria Street, London, England, SW1E 5JL","100 Victoria Street, London, England, SW1E 5JL",,,,,,,,,1
52060,15300,U AND I (CAMBRIDGE) LIMITED,U AND I (WIE) LIMITED,"100 Victoria Street, London, England, SW1E 5JL","100 Victoria Street, London, England, SW1E 5JL",,,,,,,,,1
52060,15642,U AND I (CAMBRIDGE) LIMITED,U AND I (8AE) LIMITED,"100 Victoria Street, London, England, SW1E 5JL","100 Victoria Street, London, England, SW1E 5JL",,,,,,,,,1
52060,17497,U AND I (CAMBRIDGE) LIMITED,U AND I IPA LIMITED,"100 Victoria Street, London, England, SW1E 5JL","100 Victoria Street, London, England, SW1E 5JL",,,,,,,,,1
52060,20501,U AND I (CAMBRIDGE) LIMITED,U AND I DIRECTOR 2 LIMITED,"100 Victoria Street, London, England, SW1E 5JL","100 Victoria Street, London, England, SW1E 5JL",,,,,,,,,1
52060,20789,U AND I (CAMBRIDGE) LIMITED,U AND I (PB) COMMERCIAL LIMITED,"100 Victoria Street, London, England, SW1E 5JL","100 Victoria Street, London, England, SW1E 5JL",,,,,,,,,1
52060,21166,U AND I (CAMBRIDGE) LIMITED,U AND I (DEVELOPMENT AND TRADING) LIMITED,"100 Victoria Street, London, England, SW1E 5JL","100 Victoria Street, London, England, SW1E 5JL",,,,,,,,,1
52060,22482,U AND I (CAMBRIDGE) LIMITED,U AND I POWERHOUSE LIMITED,"100 Victoria Street, London, England, SW1E 5JL","100 Victoria Street, London, England, SW1E 5JL",,,,,,,,,1
52060,22841,U AND I (CAMBRIDGE) LIMITED,U AND I (PINCENTS LANE) LTD,"100 Victoria Street, London, England, SW1E 5JL","100 Victoria Street, London, England, SW1E 5JL",,,,,,,,,1
52060,31152,U AND I (CAMBRIDGE) LIMITED,U AND I PPP LIMITED,"100 Victoria Street, London, England, SW1E 5JL","100 Victoria Street, London, England, SW1E 5JL",,,,,,,,,1
52060,35497,U AND I (CAMBRIDGE) LIMITED,U AND I IPC LIMITED,"100 Victoria Street, London, England, SW1E 5JL","100 Victoria Street, London, England, SW1E 5JL",,,,,,,,,1
52060,39567,U AND I (CAMBRIDGE) LIMITED,U AND I (GVP) LIMITED,"100 Victoria Street, London, England, SW1E 5JL","100 Victoria Street, London, England, SW1E 5JL",,,,,,,,,1
52060,40628,U AND I (CAMBRIDGE) LIMITED,U AND I IPA SC LIMITED,"100 Victoria Street, London, England, SW1E 5JL","100 Victoria Street, London, England, SW1E 5JL",,,,,,,,,1
52060,44452,U AND I (CAMBRIDGE) LIMITED,U AND I (INNOVATION HUBS) LIMITED,"100 Victoria Street, London, England, SW1E 5JL","100 Victoria Street, London, England, SW1E 5JL",,,,,,,,,1
52060,46514,U AND I (CAMBRIDGE) LIMITED,U AND I DIRECTOR 1 LIMITED,"100 Victoria Street, London, England, SW1E 5JL","100 Victoria Street, London, England, SW1E 5JL",,,,,,,,,1
52060,47947,U AND I (CAMBRIDGE) LIMITED,U AND I (ASHFORD) LTD,"100 Victoria Street, London, England, SW1E 5JL","100 Victoria Street, London, England, SW1E 5JL",,,,,,,,,1
52060,50606,U AND I (CAMBRIDGE) LIMITED,U AND I PLUS X TC LIMITED,"100 Victoria Street, London, England, SW1E 5JL","100 Victoria Street, London, England, SW1E 5JL",,,,,,,,,1
52084,35580,Unipol Gruppo SpA,UnipolSai Assicurazioni SpA,"Via Stalingrado, 45, Bologna, 40128","Via Stalingrado, 45, Bologna, 40128",,,,,,,,,1
52096,36828,BAD BOY VAPING LTD,BAD BOY VAPES LTD,"9b Regent Street, Newtownards, Northern Ireland, BT23 4AB","9b Regent Street, Newtownards, Northern Ireland, BT23 4AB",,,,,,,,,1
52287,2317,Unicredit Allianz Vita Spa,Allianz Spa,"PIAZZA TRE TORRI 3, MILANO, 20145, MILANO, ITALY","PIAZZA TRE TORRI 3, MILANO, 20145, MILANO, ITALY",,,,,IT11931360157,IT05032630963,,,1
52312,43458,Maior Srl,Gottardo Spa,"GALLERIA SPAGNA 9, PADOVA, 35127, PADOVA, ITALY","GALLERIA SPAGNA 9, PADOVA, 35127, PADOVA, ITALY",,,,,IT01350310288,IT02466210289,,,1
52395,20053,Arianna 2001 Spa,Servizi In Rete 2001 Srl,"VIA LEOPOLDO SERRA 32, ROMA, 00153, ROMA, ITALY","VIA LEOPOLDO SERRA 32, ROMA, 00153, ROMA, ITALY",,,,,IT01690551005,IT09251361003,,,1
52619,33543,Z & Z ACCOUNTANTS LIMITED,H & A SUPPORT LIMITED,"13b Warneford Street, London, England, E9 7NG","13b Warneford Street, London, England, E9 7NG",,,,,,,,,1
52654,35958,BEAUTY BOTANIC LIMITED,FOOD & THINGS LTD,"22-26 King Street, King's Lynn, Norfolk, United Kingdom, PE30 1HJ","22-26 King Street, King's Lynn, Norfolk, United Kingdom, PE30 1HJ",,,,,,,,,1
52654,44622,BEAUTY BOTANIC LIMITED,ALL ABOUT THE DOOR LIMITED,"22-26 King Street, King's Lynn, Norfolk, United Kingdom, PE30 1HJ","22-26 King Street, King's Lynn, Norfolk, United Kingdom, PE30 1HJ",,,,,,,,,1
52692,49152,V & K FOODS LIMITED,V & K STORES LIMITED,"165 Wakefield Road, Scissett, Huddersfield, United Kingdom, HD8 9HR","165 Wakefield Road, Scissett, Huddersfield, United Kingdom, HD8 9HR",,,,,,,,,1
52693,93,ALL ABOUT ESTATES LTD,SOFTWARE DEVELOPMENT SERVICES LTD,"20-22 Wenlock Road, London, England, N1 7GU","20-22 Wenlock Road, London, England, N1 7GU",,,,,,,,,1
52693,502,ALL ABOUT ESTATES LTD,Z AND P INCORPORATED LTD,"20-22 Wenlock Road, London, England, N1 7GU","20-22 Wenlock Road, London, England, N1 7GU",,,,,,,,,1
52693,776,ALL ABOUT ESTATES LTD,T & ASH LTD,"20-22 Wenlock Road, London, England, N1 7GU","20-22 Wenlock Road, London, England, N1 7GU",,,,,,,,,1
52693,3415,ALL ABOUT ESTATES LTD,FOOD BOOKING LTD,"20-22 Wenlock Road, London, England, N1 7GU","20-22 Wenlock Road, London, England, N1 7GU",,,,,,,,,1
52693,4039,ALL ABOUT ESTATES LTD,ALL ABOUT BOILERS LTD,"20-22 Wenlock Road, London, England, N1 7GU","20-22 Wenlock Road, London, England, N1 7GU",,,,,,,,,1
52693,5606,ALL ABOUT ESTATES LTD,GOOD CONNEXION LTD,"20-22 Wenlock Road, London, England, N1 7GU","20-22 Wenlock Road, London, England, N1 7GU",,,,,,,,,1
52693,6679,ALL ABOUT ESTATES LTD,Q BRANCH SOLUTIONS LTD,"20-22 Wenlock Road, London, England, N1 7GU","20-22 Wenlock Road, London, England, N1 7GU",,,,,,,,,1
52693,7079,ALL ABOUT ESTATES LTD,H A DIRECT LTD,"20-22 Wenlock Road, London, England, N1 7GU","20-22 Wenlock Road, London, England, N1 7GU",,,,,,,,,1
52693,8008,ALL ABOUT ESTATES LTD,GOOD & YOUNG LTD,"20-22 Wenlock Road, London, England, N1 7GU","20-22 Wenlock Road, London, England, N1 7GU",,,,,,,,,1
52693,13025,ALL ABOUT ESTATES LTD,NEW AGE PLUMBING AND HEATING SERVICES LTD,"20-22 Wenlock Road, London, England, N1 7GU","20-22 Wenlock Road, London, England, N1 7GU",,,,,,,,,1
52693,13096,ALL ABOUT ESTATES LTD,GOOD BEAGLE INTERNATIONAL LTD,"20-22 Wenlock Road, London, England, N1 7GU","20-22 Wenlock Road, London, England, N1 7GU",,,,,,,,,1
52693,14082,ALL ABOUT ESTATES LTD,SOFTWARE BRAIN LTD,"20-22 Wenlock Road, London, England, N1 7GU","20-22 Wenlock Road, London, England, N1 7GU",,,,,,,,,1
52693,16743,ALL ABOUT ESTATES LTD,Q BRIDGE ENTERTAINMENT LTD,"20-22 Wenlock Road, London, England, N1 7GU","20-22 Wenlock Road, London, England, N1 7GU",,,,,,,,,1
52693,17304,ALL ABOUT ESTATES LTD,PERGORA FINANCES INVESTMENTS LTD,"20-22 Wenlock Road, London, England, N1 7GU","20-22 Wenlock Road, London, England, N1 7GU",,,,,,,,,1
52693,17549,ALL ABOUT ESTATES LTD,ALL ABOUT PROPERTIES LTD,"20-22 Wenlock Road, London, England, N1 7GU","20-22 Wenlock Road, London, England, N1 7GU",,,,,,,,,1
52693,18882,ALL ABOUT ESTATES LTD,NEW AGE TOURING PRODUCTIONS LIMITED,"20-22 Wenlock Road, London, England, N1 7GU","20-22 Wenlock Road, London, England, N1 7GU",,,,,,,,,1
52693,20362,ALL ABOUT ESTATES LTD,FOOD AND PACKAGING WHOLESALE LTD,"20-22 Wenlock Road, London, England, N1 7GU","20-22 Wenlock Road, London, England, N1 7GU",,,,,,,,,1
52693,23046,ALL ABOUT ESTATES LTD,HAWTHORN ROSE HOMES LIMITED,"20-22 Wenlock Road, London, England, N1 7GU","20-22 Wenlock Road, London, England, N1 7GU",,,,,,,,,1
52693,23876,ALL ABOUT ESTATES LTD,ALL ABOUT REEL LTD,"20-22 Wenlock Road, London, England, N1 7GU","20-22 Wenlock Road, London, England, N1 7GU",,,,,,,,,1
52693,25761,ALL ABOUT ESTATES LTD,GOOD CURRIES LTD,"20-22 Wenlock Road, London, England, N1 7GU","20-22 Wenlock Road, London, England, N1 7GU",,,,,,,,,1
52693,27689,ALL ABOUT ESTATES LTD,FOOD DISCOUNTS LTD,"20-22 Wenlock Road, London, England, N1 7GU","20-22 Wenlock Road, London, England, N1 7GU",,,,,,,,,1
52693,29271,ALL ABOUT ESTATES LTD,SOFTWARE DEFENCES LTD,"20-22 Wenlock Road, London, England, N1 7GU","20-22 Wenlock Road, London, England, N1 7GU",,,,,,,,,1
52693,29377,ALL ABOUT ESTATES LTD,KNOWING FINANCES LTD,"20-22 Wenlock Road, London, England, N1 7GU","20-22 Wenlock Road, London, England, N1 7GU",,,,,,,,,1
52693,30243,ALL ABOUT ESTATES LTD,BEAUTY AND NATURE STORE LTD,"20-22 Wenlock Road, London, England, N1 7GU","20-22 Wenlock Road, London, England, N1 7GU",,,,,,,,,1
52693,30445,ALL ABOUT ESTATES LTD,Z AND J GROUP LTD,"20-22 Wenlock Road, London, England, N1 7GU","20-22 Wenlock Road, London, England, N1 7GU",,,,,,,,,1
52693,30467,ALL ABOUT ESTATES LTD,Q BRIDGE MUSIC LTD,"20-22 Wenlock Road, London, England, N1 7GU","20-22 Wenlock Road, London, England, N1 7GU",,,,,,,,,1
52693,31894,ALL ABOUT ESTATES LTD,ALL ABOUT CLAIMS LTD,"20-22 Wenlock Road, London, England, N1 7GU","20-22 Wenlock Road, London, England, N1 7GU",,,,,,,,,1
52693,32040,ALL ABOUT ESTATES LTD,BEAUTY BOUND LTD,"20-22 Wenlock Road, London, England, N1 7GU","20-22 Wenlock Road, London, England, N1 7GU",,,,,,,,,1
52693,32153,ALL ABOUT ESTATES LTD,BAD BOYS MAKE NOISE LTD,"20-22 Wenlock Road, London, England, N1 7GU","20-22 Wenlock Road, London, England, N1 7GU",,,,,,,,,1
52693,33286,ALL ABOUT ESTATES LTD,GOOD BOY TRADING LIMITED,"20-22 Wenlock Road, London, England, N1 7GU","20-22 Wenlock Road, London, England, N1 7GU",,,,,,,,,1
52693,33760,ALL ABOUT ESTATES LTD,GOOD ADVICE FOR LIVING LTD,"20-22 Wenlock Road, London, England, N1 7GU","20-22 Wenlock Road, London, England, N1 7GU",,,,,,,,,1
52693,35148,ALL ABOUT ESTATES LTD,U FINANCE LTD,"20-22 Wenlock Road, London, England, N1 7GU","20-22 Wenlock Road, London, England, N1 7GU",,,,,,,,,1
52693,38154,ALL ABOUT ESTATES LTD,Q ADMINISTRATION LIMITED,"20-22 Wenlock Road, London, England, N1 7GU","20-22 Wenlock Road, London, England, N1 7GU",,,,,,,,,1
52693,38905,ALL ABOUT ESTATES LTD,V AND J'S SOIREES LTD,"20-22 Wenlock Road, London, England, N1 7GU","20-22 Wenlock Road, London, England, N1 7GU",,,,,,,,,1
52693,39260,ALL ABOUT ESTATES LTD,NEW AGE STORE LTD,"20-22 Wenlock Road, London, England, N1 7GU","20-22 Wenlock Road, London, England, N1 7GU",,,,,,,,,1
52693,41076,ALL ABOUT ESTATES LTD,ALL ABOUT CLADDING LTD,"20-22 Wenlock Road, London, England, N1 7GU","20-22 Wenlock Road, London, England, N1 7GU",,,,,,,,,1
52693,42709,ALL ABOUT ESTATES LTD,Z AUDIO DIGITAL LTD,"20-22 Wenlock Road, London, England, N1 7GU","20-22 Wenlock Road, London, England, N1 7GU",,,,,,,,,1
52693,43242,ALL ABOUT ESTATES LTD,SOFTWARE SHIFT LTD,"20-22 Wenlock Road, London, England, N1 7GU","20-22 Wenlock Road, London, England, N1 7GU",,,,,,,,,1
52693,43269,ALL ABOUT ESTATES LTD,SOFTWARE HATCH LTD,"20-22 Wenlock Road, London, England, N1 7GU","20-22 Wenlock Road, London, England, N1 7GU",,,,,,,,,1
52693,43678,ALL ABOUT ESTATES LTD,SOFTWARE SOLUTIONS MANAGEMENT LTD,"20-22 Wenlock Road, London, England, N1 7GU","20-22 Wenlock Road, London, England, N1 7GU",,,,,,,,,1
52693,46081,ALL ABOUT ESTATES LTD,BAD BOY BOSSES LTD,"20-22 Wenlock Road, London, England, N1 7GU","20-22 Wenlock Road, London, England, N1 7GU",,,,,,,,,1
52693,48606,ALL ABOUT ESTATES LTD,BEAUTY AND BRAVADO LTD,"20-22 Wenlock Road, London, England, N1 7GU","20-22 Wenlock Road, London, England, N1 7GU",,,,,,,,,1
52693,49966,ALL ABOUT ESTATES LTD,BEAUTY AESTHETICS SALON LTD,"20-22 Wenlock Road, London, England, N1 7GU","20-22 Wenlock Road, London, England, N1 7GU",,,,,,,,,1
52695,5609,Q ANNE MIDCO 1 LIMITED,Q ANNE BIDCO LIMITED,"5 Portmill Lane, Hitchin, Hertfordshire, SG5 1DJ","5 Portmill Lane, Hitchin, Hertfordshire, SG5 1DJ",,,,,,,,,1
52695,13465,Q ANNE MIDCO 1 LIMITED,Q ANNE MIDCO 2 LIMITED,"5 Portmill Lane, Hitchin, Hertfordshire, SG5 1DJ","5 Portmill Lane, Hitchin, Hertfordshire, SG5 1DJ",,,,,,,,,1
52695,22699,Q ANNE MIDCO 1 LIMITED,Q ANNE TOPCO LIMITED,"5 Portmill Lane, Hitchin, Hertfordshire, SG5 1DJ","5 Portmill Lane, Hitchin, Hertfordshire, SG5 1DJ",,,,,,,,,1
52699,263,R A J S EVANS INVESTMENT COMPANY LTD,ALL ABOUT KIDS LTD,"71-75 Shelton Street, Covent Garden, London, United Kingdom, WC2H 9JQ","71-75 Shelton Street, Covent Garden, London, United Kingdom, WC2H 9JQ",,,,,,,,,1
52699,3444,R A J S EVANS INVESTMENT COMPANY LTD,U BROWN LTD,"71-75 Shelton Street, Covent Garden, London, United Kingdom, WC2H 9JQ","71-75 Shelton Street, Covent Garden, London, United Kingdom, WC2H 9JQ",,,,,,,,,1
52699,3775,R A J S EVANS INVESTMENT COMPANY LTD,T & B ENGINEERING SOLUTIONS LTD,"71-75 Shelton Street, Covent Garden, London, United Kingdom, WC2H 9JQ","71-75 Shelton Street, Covent Garden, London, United Kingdom, WC2H 9JQ",,,,,,,,,1
52699,4375,R A J S EVANS INVESTMENT COMPANY LTD,H & A ENGINEERING LTD,"71-75 Shelton Street, Covent Garden, London, United Kingdom, WC2H 9JQ","71-75 Shelton Street, Covent Garden, London, United Kingdom, WC2H 9JQ",,,,,,,,,1
52699,4438,R A J S EVANS INVESTMENT COMPANY LTD,BEAUTY BOOSTERS LTD,"71-75 Shelton Street, Covent Garden, London, United Kingdom, WC2H 9JQ","71-75 Shelton Street, Covent Garden, London, United Kingdom, WC2H 9JQ",,,,,,,,,1
52699,6594,R A J S EVANS INVESTMENT COMPANY LTD,U EVENTS LIMITED,"71-75 Shelton Street, Covent Garden, London, United Kingdom, WC2H 9JQ","71-75 Shelton Street, Covent Garden, London, United Kingdom, WC2H 9JQ",,,,,,,,,1
52699,7607,R A J S EVANS INVESTMENT COMPANY LTD,GOOD ADVICE DEBT COMPANY LIMITED,"71-75 Shelton Street, Covent Garden, London, United Kingdom, WC2H 9JQ","71-75 Shelton Street, Covent Garden, London, United Kingdom, WC2H 9JQ",,,,,,,,,1
52699,11053,R A J S EVANS INVESTMENT COMPANY LTD,ALL ABOUT THE SAAS LTD,"71-75 Shelton Street, Covent Garden, London, United Kingdom, WC2H 9JQ","71-75 Shelton Street, Covent Garden, London, United Kingdom, WC2H 9JQ",,,,,,,,,1
52699,12838,R A J S EVANS INVESTMENT COMPANY LTD,Q CONSULTING GROUP LTD,"71-75 Shelton Street, Covent Garden, London, United Kingdom, WC2H 9JQ","71-75 Shelton Street, Covent Garden, London, United Kingdom, WC2H 9JQ",,,,,,,,,1
52699,15089,R A J S EVANS INVESTMENT COMPANY LTD,Q UN LIMITED,"71-75 Shelton Street, Covent Garden, London, United Kingdom, WC2H 9JQ","71-75 Shelton Street, Covent Garden, London, United Kingdom, WC2H 9JQ",,,,,,,,,1
52699,18039,R A J S EVANS INVESTMENT COMPANY LTD,Z & K DISTRIBUTORS LIMITED,"71-75 Shelton Street, Covent Garden, London, United Kingdom, WC2H 9JQ","71-75 Shelton Street, Covent Garden, London, United Kingdom, WC2H 9JQ",,,,,,,,,1
52699,18878,R A J S EVANS INVESTMENT COMPANY LTD,FOOD & BEVERAGE INTERNATIONAL LTD,"71-75 Shelton Street, Covent Garden, London, United Kingdom, WC2H 9JQ","71-75 Shelton Street, Covent Garden, London, United Kingdom, WC2H 9JQ",,,,,,,,,1
52699,19784,R A J S EVANS INVESTMENT COMPANY LTD,S A GUARANTEE SPECIALISTS UK LIMITED,"71-75 Shelton Street, Covent Garden, London, United Kingdom, WC2H 9JQ","71-75 Shelton Street, Covent Garden, London, United Kingdom, WC2H 9JQ",,,,,,,,,1
52699,19928,R A J S EVANS INVESTMENT COMPANY LTD,ALL ABOUT ME ENTERPRISES LIMITED,"71-75 Shelton Street, Covent Garden, London, United Kingdom, WC2H 9JQ","71-75 Shelton Street, Covent Garden, London, United Kingdom, WC2H 9JQ",,,,,,,,,1
52699,21691,R A J S EVANS INVESTMENT COMPANY LTD,NEW AGE AGENCY AND SERVICES LIMITED,"71-75 Shelton Street, Covent Garden, London, United Kingdom, WC2H 9JQ","71-75 Shelton Street, Covent Garden, London, United Kingdom, WC2H 9JQ",,,,,,,,,1
52699,25329,R A J S EVANS INVESTMENT COMPANY LTD,NEW AGE GAMES LIMITED,"71-75 Shelton Street, Covent Garden, London, United Kingdom, WC2H 9JQ","71-75 Shelton Street, Covent Garden, London, United Kingdom, WC2H 9JQ",,,,,,,,,1
52699,28246,R A J S EVANS INVESTMENT COMPANY LTD,BEAUTY BOLD PR LTD,"71-75 Shelton Street, Covent Garden, London, United Kingdom, WC2H 9JQ","71-75 Shelton Street, Covent Garden, London, United Kingdom, WC2H 9JQ",,,,,,,,,1
52699,35542,R A J S EVANS INVESTMENT COMPANY LTD,BEAUTY BLOCKS LTD,"71-75 Shelton Street, Covent Garden, London, United Kingdom, WC2H 9JQ","71-75 Shelton Street, Covent Garden, London, United Kingdom, WC2H 9JQ",,,,,,,,,1
52699,36427,R A J S EVANS INVESTMENT COMPANY LTD,SOFTWARE KEYS-SK LTD,"71-75 Shelton Street, Covent Garden, London, United Kingdom, WC2H 9JQ","71-75 Shelton Street, Covent Garden, London, United Kingdom, WC2H 9JQ",,,,,,,,,1
52699,36970,R A J S EVANS INVESTMENT COMPANY LTD,NIKOLIC FINANCES LTD,"71-75 Shelton Street, Covent Garden, London, United Kingdom, WC2H 9JQ","71-75 Shelton Street, Covent Garden, London, United Kingdom, WC2H 9JQ",,,,,,,,,1
52699,37218,R A J S EVANS INVESTMENT COMPANY LTD,U CHOZE LIMITED,"71-75 Shelton Street, Covent Garden, London, United Kingdom, WC2H 9JQ","71-75 Shelton Street, Covent Garden, London, United Kingdom, WC2H 9JQ",,,,,,,,,1
52699,44310,R A J S EVANS INVESTMENT COMPANY LTD,NEW AGES TECHNOLOGIES LTD,"71-75 Shelton Street, Covent Garden, London, United Kingdom, WC2H 9JQ","71-75 Shelton Street, Covent Garden, London, United Kingdom, WC2H 9JQ",,,,,,,,,1
52699,46096,R A J S EVANS INVESTMENT COMPANY LTD,BEAUTY AND A BOND LIMITED,"71-75 Shelton Street, Covent Garden, London, United Kingdom, WC2H 9JQ","71-75 Shelton Street, Covent Garden, London, United Kingdom, WC2H 9JQ",,,,,,,,,1
52699,47429,R A J S EVANS INVESTMENT COMPANY LTD,SOFTWARE SOLUTIONS ESD LIMITED,"71-75 Shelton Street, Covent Garden, London, United Kingdom, WC2H 9JQ","71-75 Shelton Street, Covent Garden, London, United Kingdom, WC2H 9JQ",,,,,,,,,1
52699,49423,R A J S EVANS INVESTMENT COMPANY LTD,Q ENVIRONMENTAL LIMITED,"71-75 Shelton Street, Covent Garden, London, United Kingdom, WC2H 9JQ","71-75 Shelton Street, Covent Garden, London, United Kingdom, WC2H 9JQ",,,,,,,,,1
52729,11046,Alpiq Energia Italia Spa,Alpiq Italia Srl,"VIA MAROSTICA 1, MILANO, 20146, MILANO, ITALY","VIA MAROSTICA 1, MILANO, 20146, MILANO, ITALY",,,,,IT12930940155,IT13264630156,,,1
52796,39110,SOFTWARE IS US LTD,SOFTWARE PROJECTS LTD,"272 Bath Street, Glasgow, Scotland, G2 4JR","272 Bath Street, Glasgow, Scotland, G2 4JR",,,,,,,,,1
52796,45266,SOFTWARE IS US LTD,SOFTWARE FOR HEALTHCARE LIMITED,"272 Bath Street, Glasgow, Scotland, G2 4JR","272 Bath Street, Glasgow, Scotland, G2 4JR",,,,,,,,,1
52796,47759,SOFTWARE IS US LTD,FOOD AUDIT COMPLIANCE LIMITED,"272 Bath Street, Glasgow, Scotland, G2 4JR","272 Bath Street, Glasgow, Scotland, G2 4JR",,,,,,,,,1
52821,30319,ALL ABOUT THE BEER LTD,T A CARPENTRY & JOINERY LIMITED,"15 High Street, Brackley, Northamptonshire, England, NN13 7DH","15 High Street, Brackley, Northamptonshire, England, NN13 7DH",,,,,,,,,1
52830,30951,U DRIVE DRIVER TRAINING LTD,R A HOGGARTH LIMITED,"The Annexe, Walton Lodge Hill Cliffe Road, Walton, Warrington, Cheshire, United Kingdom, WA4 6NU","The Annexe, Walton Lodge Hill Cliffe Road, Walton, Warrington, Cheshire, United Kingdom, WA4 6NU",,,,,,,,,1
52899,6673,FINANCIAL REPORTERS LTD,BEAUTY ACADEMY GROUP LTD,"71 - 75 Shelton Street, London, United Kingdom, WC2H 9JQ","71 - 75 Shelton Street, London, United Kingdom, WC2H 9JQ",,,,,,,,,1
53034,13279,Z & K CORPORATE LTD,Z & K KASPAS LTD,"4 Diamond Jubilee Close, Gloucester, United Kingdom, GL1 4LR","4 Diamond Jubilee Close, Gloucester, United Kingdom, GL1 4LR",,,,,,,,,1
53034,16854,Z & K CORPORATE LTD,Z & K SOUTHWEST LTD,"4 Diamond Jubilee Close, Gloucester, United Kingdom, GL1 4LR","4 Diamond Jubilee Close, Gloucester, United Kingdom, GL1 4LR",,,,,,,,,1
53034,24400,Z & K CORPORATE LTD,Z & K QUALITY FOODS LTD,"4 Diamond Jubilee Close, Gloucester, United Kingdom, GL1 4LR","4 Diamond Jubilee Close, Gloucester, United Kingdom, GL1 4LR",,,,,,,,,1
53034,31748,Z & K CORPORATE LTD,Z & K HOT FOOD LTD,"4 Diamond Jubilee Close, Gloucester, United Kingdom, GL1 4LR","4 Diamond Jubilee Close, Gloucester, United Kingdom, GL1 4LR",,,,,,,,,1
53034,46250,Z & K CORPORATE LTD,Z & K GLOUCESTER LTD,"4 Diamond Jubilee Close, Gloucester, United Kingdom, GL1 4LR","4 Diamond Jubilee Close, Gloucester, United Kingdom, GL1 4LR",,,,,,,,,1
53034,49464,Z & K CORPORATE LTD,Z & K EXETER LTD,"4 Diamond Jubilee Close, Gloucester, United Kingdom, GL1 4LR","4 Diamond Jubilee Close, Gloucester, United Kingdom, GL1 4LR",,,,,,,,,1
53144,93,FOOD DELIVERY SHROPSHIRE LTD,SOFTWARE DEVELOPMENT SERVICES LTD,"20-22 Wenlock Road, London, England, N1 7GU","20-22 Wenlock Road, London, England, N1 7GU",,,,,,,,,1
53144,502,FOOD DELIVERY SHROPSHIRE LTD,Z AND P INCORPORATED LTD,"20-22 Wenlock Road, London, England, N1 7GU","20-22 Wenlock Road, London, England, N1 7GU",,,,,,,,,1
53144,776,FOOD DELIVERY SHROPSHIRE LTD,T & ASH LTD,"20-22 Wenlock Road, London, England, N1 7GU","20-22 Wenlock Road, London, England, N1 7GU",,,,,,,,,1
53144,3415,FOOD DELIVERY SHROPSHIRE LTD,FOOD BOOKING LTD,"20-22 Wenlock Road, London, England, N1 7GU","20-22 Wenlock Road, London, England, N1 7GU",,,,,,,,,1
53144,4039,FOOD DELIVERY SHROPSHIRE LTD,ALL ABOUT BOILERS LTD,"20-22 Wenlock Road, London, England, N1 7GU","20-22 Wenlock Road, London, England, N1 7GU",,,,,,,,,1
53144,5606,FOOD DELIVERY SHROPSHIRE LTD,GOOD CONNEXION LTD,"20-22 Wenlock Road, London, England, N1 7GU","20-22 Wenlock Road, London, England, N1 7GU",,,,,,,,,1
53144,6679,FOOD DELIVERY SHROPSHIRE LTD,Q BRANCH SOLUTIONS LTD,"20-22 Wenlock Road, London, England, N1 7GU","20-22 Wenlock Road, London, England, N1 7GU",,,,,,,,,1
53144,7079,FOOD DELIVERY SHROPSHIRE LTD,H A DIRECT LTD,"20-22 Wenlock Road, London, England, N1 7GU","20-22 Wenlock Road, London, England, N1 7GU",,,,,,,,,1
53144,8008,FOOD DELIVERY SHROPSHIRE LTD,GOOD & YOUNG LTD,"20-22 Wenlock Road, London, England, N1 7GU","20-22 Wenlock Road, London, England, N1 7GU",,,,,,,,,1
53144,13025,FOOD DELIVERY SHROPSHIRE LTD,NEW AGE PLUMBING AND HEATING SERVICES LTD,"20-22 Wenlock Road, London, England, N1 7GU","20-22 Wenlock Road, London, England, N1 7GU",,,,,,,,,1
53144,13096,FOOD DELIVERY SHROPSHIRE LTD,GOOD BEAGLE INTERNATIONAL LTD,"20-22 Wenlock Road, London, England, N1 7GU","20-22 Wenlock Road, London, England, N1 7GU",,,,,,,,,1
53144,14082,FOOD DELIVERY SHROPSHIRE LTD,SOFTWARE BRAIN LTD,"20-22 Wenlock Road, London, England, N1 7GU","20-22 Wenlock Road, London, England, N1 7GU",,,,,,,,,1
53144,16743,FOOD DELIVERY SHROPSHIRE LTD,Q BRIDGE ENTERTAINMENT LTD,"20-22 Wenlock Road, London, England, N1 7GU","20-22 Wenlock Road, London, England, N1 7GU",,,,,,,,,1
53144,17304,FOOD DELIVERY SHROPSHIRE LTD,PERGORA FINANCES INVESTMENTS LTD,"20-22 Wenlock Road, London, England, N1 7GU","20-22 Wenlock Road, London, England, N1 7GU",,,,,,,,,1
53144,17549,FOOD DELIVERY SHROPSHIRE LTD,ALL ABOUT PROPERTIES LTD,"20-22 Wenlock Road, London, England, N1 7GU","20-22 Wenlock Road, London, England, N1 7GU",,,,,,,,,1
53144,18882,FOOD DELIVERY SHROPSHIRE LTD,NEW AGE TOURING PRODUCTIONS LIMITED,"20-22 Wenlock Road, London, England, N1 7GU","20-22 Wenlock Road, London, England, N1 7GU",,,,,,,,,1
53144,20362,FOOD DELIVERY SHROPSHIRE LTD,FOOD AND PACKAGING WHOLESALE LTD,"20-22 Wenlock Road, London, England, N1 7GU","20-22 Wenlock Road, London, England, N1 7GU",,,,,,,,,1
53144,23046,FOOD DELIVERY SHROPSHIRE LTD,HAWTHORN ROSE HOMES LIMITED,"20-22 Wenlock Road, London, England, N1 7GU","20-22 Wenlock Road, London, England, N1 7GU",,,,,,,,,1
53144,23876,FOOD DELIVERY SHROPSHIRE LTD,ALL ABOUT REEL LTD,"20-22 Wenlock Road, London, England, N1 7GU","20-22 Wenlock Road, London, England, N1 7GU",,,,,,,,,1
53144,25761,FOOD DELIVERY SHROPSHIRE LTD,GOOD CURRIES LTD,"20-22 Wenlock Road, London, England, N1 7GU","20-22 Wenlock Road, London, England, N1 7GU",,,,,,,,,1
53144,27689,FOOD DELIVERY SHROPSHIRE LTD,FOOD DISCOUNTS LTD,"20-22 Wenlock Road, London, England, N1 7GU","20-22 Wenlock Road, London, England, N1 7GU",,,,,,,,,1
53144,29271,FOOD DELIVERY SHROPSHIRE LTD,SOFTWARE DEFENCES LTD,"20-22 Wenlock Road, London, England, N1 7GU","20-22 Wenlock Road, London, England, N1 7GU",,,,,,,,,1
53144,29377,FOOD DELIVERY SHROPSHIRE LTD,KNOWING FINANCES LTD,"20-22 Wenlock Road, London, England, N1 7GU","20-22 Wenlock Road, London, England, N1 7GU",,,,,,,,,1
53144,30243,FOOD DELIVERY SHROPSHIRE LTD,BEAUTY AND NATURE STORE LTD,"20-22 Wenlock Road, London, England, N1 7GU","20-22 Wenlock Road, London, England, N1 7GU",,,,,,,,,1
53144,30445,FOOD DELIVERY SHROPSHIRE LTD,Z AND J GROUP LTD,"20-22 Wenlock Road, London, England, N1 7GU","20-22 Wenlock Road, London, England, N1 7GU",,,,,,,,,1
53144,30467,FOOD DELIVERY SHROPSHIRE LTD,Q BRIDGE MUSIC LTD,"20-22 Wenlock Road, London, England, N1 7GU","20-22 Wenlock Road, London, England, N1 7GU",,,,,,,,,1
53144,31894,FOOD DELIVERY SHROPSHIRE LTD,ALL ABOUT CLAIMS LTD,"20-22 Wenlock Road, London, England, N1 7GU","20-22 Wenlock Road, London, England, N1 7GU",,,,,,,,,1
53144,32040,FOOD DELIVERY SHROPSHIRE LTD,BEAUTY BOUND LTD,"20-22 Wenlock Road, London, England, N1 7GU","20-22 Wenlock Road, London, England, N1 7GU",,,,,,,,,1
53144,32153,FOOD DELIVERY SHROPSHIRE LTD,BAD BOYS MAKE NOISE LTD,"20-22 Wenlock Road, London, England, N1 7GU","20-22 Wenlock Road, London, England, N1 7GU",,,,,,,,,1
53144,33286,FOOD DELIVERY SHROPSHIRE LTD,GOOD BOY TRADING LIMITED,"20-22 Wenlock Road, London, England, N1 7GU","20-22 Wenlock Road, London, England, N1 7GU",,,,,,,,,1
53144,33760,FOOD DELIVERY SHROPSHIRE LTD,GOOD ADVICE FOR LIVING LTD,"20-22 Wenlock Road, London, England, N1 7GU","20-22 Wenlock Road, London, England, N1 7GU",,,,,,,,,1
53144,35148,FOOD DELIVERY SHROPSHIRE LTD,U FINANCE LTD,"20-22 Wenlock Road, London, England, N1 7GU","20-22 Wenlock Road, London, England, N1 7GU",,,,,,,,,1
53144,38154,FOOD DELIVERY SHROPSHIRE LTD,Q ADMINISTRATION LIMITED,"20-22 Wenlock Road, London, England, N1 7GU","20-22 Wenlock Road, London, England, N1 7GU",,,,,,,,,1
53144,38905,FOOD DELIVERY SHROPSHIRE LTD,V AND J'S SOIREES LTD,"20-22 Wenlock Road, London, England, N1 7GU","20-22 Wenlock Road, London, England, N1 7GU",,,,,,,,,1
53144,39260,FOOD DELIVERY SHROPSHIRE LTD,NEW AGE STORE LTD,"20-22 Wenlock Road, London, England, N1 7GU","20-22 Wenlock Road, London, England, N1 7GU",,,,,,,,,1
53144,41076,FOOD DELIVERY SHROPSHIRE LTD,ALL ABOUT CLADDING LTD,"20-22 Wenlock Road, London, England, N1 7GU","20-22 Wenlock Road, London, England, N1 7GU",,,,,,,,,1
53144,42709,FOOD DELIVERY SHROPSHIRE LTD,Z AUDIO DIGITAL LTD,"20-22 Wenlock Road, London, England, N1 7GU","20-22 Wenlock Road, London, England, N1 7GU",,,,,,,,,1
53144,43242,FOOD DELIVERY SHROPSHIRE LTD,SOFTWARE SHIFT LTD,"20-22 Wenlock Road, London, England, N1 7GU","20-22 Wenlock Road, London, England, N1 7GU",,,,,,,,,1
53144,43269,FOOD DELIVERY SHROPSHIRE LTD,SOFTWARE HATCH LTD,"20-22 Wenlock Road, London, England, N1 7GU","20-22 Wenlock Road, London, England, N1 7GU",,,,,,,,,1
53144,43678,FOOD DELIVERY SHROPSHIRE LTD,SOFTWARE SOLUTIONS MANAGEMENT LTD,"20-22 Wenlock Road, London, England, N1 7GU","20-22 Wenlock Road, London, England, N1 7GU",,,,,,,,,1
53144,46081,FOOD DELIVERY SHROPSHIRE LTD,BAD BOY BOSSES LTD,"20-22 Wenlock Road, London, England, N1 7GU","20-22 Wenlock Road, London, England, N1 7GU",,,,,,,,,1
53144,48606,FOOD DELIVERY SHROPSHIRE LTD,BEAUTY AND BRAVADO LTD,"20-22 Wenlock Road, London, England, N1 7GU","20-22 Wenlock Road, London, England, N1 7GU",,,,,,,,,1
53144,49966,FOOD DELIVERY SHROPSHIRE LTD,BEAUTY AESTHETICS SALON LTD,"20-22 Wenlock Road, London, England, N1 7GU","20-22 Wenlock Road, London, England, N1 7GU",,,,,,,,,1
53144,52693,FOOD DELIVERY SHROPSHIRE LTD,ALL ABOUT ESTATES LTD,"20-22 Wenlock Road, London, England, N1 7GU","20-22 Wenlock Road, London, England, N1 7GU",,,,,,,,,1
53259,11331,ALL ABOUT ASHLEY LIMITED,BAD BALLOON LIMITED,"First Floor, 17-19 Foley Street, London, United Kingdom, W1W 6DW","First Floor, 17-19 Foley Street, London, United Kingdom, W1W 6DW",,,,,,,,,1
53259,50028,ALL ABOUT ASHLEY LIMITED,BAD PRESS PUBLISHING LIMITED,"First Floor, 17-19 Foley Street, London, United Kingdom, W1W 6DW","First Floor, 17-19 Foley Street, London, United Kingdom, W1W 6DW",,,,,,,,,1
53363,36230,Maxi Di Srl,Finbre Spa,"VIALE DEL LAVORO 20, BELFIORE, 37050, VERONA, ITALY","VIALE DEL LAVORO 20, BELFIORE, 37050, VERONA, ITALY",,,,,IT00542090238,IT01907700239,,,1
53366,8465,FOOD & WINE (ISLINGTON) LTD,Z & Z CORPORATION LTD,"98 Commercial Road, London, E1 1NU","98 Commercial Road, London, E1 1NU",,,,,,,,,1
53384,2340,SOFTWARE SHARK LTD,PACKER P LTD,"128 City Road, London, United Kingdom, EC1V 2NX","128 City Road, London, United Kingdom, EC1V 2NX",,,,,,,,,1
53384,11214,SOFTWARE SHARK LTD,BRIGHT VISION INVESTMENT LTD,"128 City Road, London, United Kingdom, EC1V 2NX","128 City Road, London, United Kingdom, EC1V 2NX",,,,,,,,,1
53384,13551,SOFTWARE SHARK LTD,NEW AGE FASHION LTD,"128 City Road, London, United Kingdom, EC1V 2NX","128 City Road, London, United Kingdom, EC1V 2NX",,,,,,,,,1
53384,17757,SOFTWARE SHARK LTD,GOOD DAY AESTHETICS & BEAUTY LTD,"128 City Road, London, United Kingdom, EC1V 2NX","128 City Road, London, United Kingdom, EC1V 2NX",,,,,,,,,1
53384,19613,SOFTWARE SHARK LTD,SOFTWARE SOLUTIONS GROUP LTD.,"128 City Road, London, United Kingdom, EC1V 2NX","128 City Road, London, United Kingdom, EC1V 2NX",,,,,,,,,1
53384,24850,SOFTWARE SHARK LTD,H ACCOUNTING SOLUTION LIMITED,"128 City Road, London, United Kingdom, EC1V 2NX","128 City Road, London, United Kingdom, EC1V 2NX",,,,,,,,,1
53384,28937,SOFTWARE SHARK LTD,TANA T TRADING LTD,"128 City Road, London, United Kingdom, EC1V 2NX","128 City Road, London, United Kingdom, EC1V 2NX",,,,,,,,,1
53384,29510,SOFTWARE SHARK LTD,V & MARK COMPANY LTD,"128 City Road, London, United Kingdom, EC1V 2NX","128 City Road, London, United Kingdom, EC1V 2NX",,,,,,,,,1
53384,31132,SOFTWARE SHARK LTD,P A MARTIN CONSTRUCTION LTD,"128 City Road, London, United Kingdom, EC1V 2NX","128 City Road, London, United Kingdom, EC1V 2NX",,,,,,,,,1
53384,31915,SOFTWARE SHARK LTD,U AND M CONSULTANTS LTD,"128 City Road, London, United Kingdom, EC1V 2NX","128 City Road, London, United Kingdom, EC1V 2NX",,,,,,,,,1
53384,32385,SOFTWARE SHARK LTD,ECO MARINE FOODS LTD,"128 City Road, London, United Kingdom, EC1V 2NX","128 City Road, London, United Kingdom, EC1V 2NX",,,,,,,,,1
53384,38470,SOFTWARE SHARK LTD,H A FOR TRAINING AND CONSULTANT LTD,"128 City Road, London, United Kingdom, EC1V 2NX","128 City Road, London, United Kingdom, EC1V 2NX",,,,,,,,,1
53384,38754,SOFTWARE SHARK LTD,Z CONTROLS & AUTOMATION LTD,"128 City Road, London, United Kingdom, EC1V 2NX","128 City Road, London, United Kingdom, EC1V 2NX",,,,,,,,,1
53384,42528,SOFTWARE SHARK LTD,U COLLABORATION LTD,"128 City Road, London, United Kingdom, EC1V 2NX","128 City Road, London, United Kingdom, EC1V 2NX",,,,,,,,,1
53384,44893,SOFTWARE SHARK LTD,GOOD ACCOUNTANT LTD,"128 City Road, London, United Kingdom, EC1V 2NX","128 City Road, London, United Kingdom, EC1V 2NX",,,,,,,,,1
53384,45735,SOFTWARE SHARK LTD,T A ELECTRONICS LTD,"128 City Road, London, United Kingdom, EC1V 2NX","128 City Road, London, United Kingdom, EC1V 2NX",,,,,,,,,1
53384,45882,SOFTWARE SHARK LTD,NEW ALL DIGITAL MARKETING LTD,"128 City Road, London, United Kingdom, EC1V 2NX","128 City Road, London, United Kingdom, EC1V 2NX",,,,,,,,,1
53384,48577,SOFTWARE SHARK LTD,BEAUTY AT TIFFANY’S LTD,"128 City Road, London, United Kingdom, EC1V 2NX","128 City Road, London, United Kingdom, EC1V 2NX",,,,,,,,,1
53384,51202,SOFTWARE SHARK LTD,BEAUTY AND INFINITY LTD,"128 City Road, London, United Kingdom, EC1V 2NX","128 City Road, London, United Kingdom, EC1V 2NX",,,,,,,,,1
53395,5727,Poste Vita Spa,Postepay Spa,"VIALE EUROPA 190, ROMA, 00144, ROMA, ITALY","VIALE EUROPA 190, ROMA, 00144, ROMA, ITALY",,,,,IT05927271006,IT06874351007,,,1
53395,18935,Poste Vita Spa,Poste Italiane Spa,"VIALE EUROPA 190, ROMA, 00144, ROMA, ITALY","VIALE EUROPA 190, ROMA, 00144, ROMA, ITALY",,,,,IT05927271006,IT01114601006,,Europe,1
53587,9728,FOOD BRANDS GROUP LIMITED,FOOD BRANDS GROUP (HOLDINGS) LTD,"Unit 4, Fika House, Horton Road, West Drayton, England, UB7 8JD","Unit 4, Fika House, Horton Road, West Drayton, England, UB7 8JD",,,,,,,,,1
53608,9379,Z D COMPANY SERVICES LTD,Z. DUDHIA & COMPANY LIMITED,"4 Hornton Place, London, W8 4LZ","4 Hornton Place, London, W8 4LZ",,,,,,,,,1
53721,39745,FINANCE SHOP LIMITED,FINANCE SHOP EOT LIMITED,"North Wood Place, Octagon Business Park Hospital Road, Little Plumstead, Norwich, England, NR13 5FH","North Wood Place, Octagon Business Park Hospital Road, Little Plumstead, Norwich, England, NR13 5FH",,,,,,,,,1
53871,22760,BAD WOLF (ADOW3) LIMITED,BAD WOLF (HDM) LTD,"Wolf Studios Wales Trident Industrial Park, Glass Avenue, Cardiff, United Kingdom, CF24 5EN","Wolf Studios Wales Trident Industrial Park, Glass Avenue, Cardiff, United Kingdom, CF24 5EN",,,,,,,,,1
53871,37120,BAD WOLF (ADOW3) LIMITED,BAD WOLF (DG) LTD,"Wolf Studios Wales Trident Industrial Park, Glass Avenue, Cardiff, United Kingdom, CF24 5EN","Wolf Studios Wales Trident Industrial Park, Glass Avenue, Cardiff, United Kingdom, CF24 5EN",,,,,,,,,1
53871,37411,BAD WOLF (ADOW3) LIMITED,BAD WOLF LTD,"Wolf Studios Wales Trident Industrial Park, Glass Avenue, Cardiff, United Kingdom, CF24 5EN","Wolf Studios Wales Trident Industrial Park, Glass Avenue, Cardiff, United Kingdom, CF24 5EN",,,,,,,,,1
53871,39372,BAD WOLF (ADOW3) LIMITED,BAD WOLF (IHS2) LTD,"Wolf Studios Wales Trident Industrial Park, Glass Avenue, Cardiff, United Kingdom, CF24 5EN","Wolf Studios Wales Trident Industrial Park, Glass Avenue, Cardiff, United Kingdom, CF24 5EN",,,,,,,,,1
53871,45908,BAD WOLF (ADOW3) LIMITED,BAD WOLF (IHS) LTD,"Wolf Studios Wales Trident Industrial Park, Glass Avenue, Cardiff, United Kingdom, CF24 5EN","Wolf Studios Wales Trident Industrial Park, Glass Avenue, Cardiff, United Kingdom, CF24 5EN",,,,,,,,,1
53954,49751,CLAYGATE GROUP LIMITED,CLAYGATE DISTRIBUTION HOLDINGS LIMITED,"Claygate Building Pattenden Lane, Marden, Tonbridge, Kent, United Kingdom, TN12 9QJ","Claygate Building Pattenden Lane, Marden, Tonbridge, Kent, United Kingdom, TN12 9QJ",,,,,,,,,1
54121,1934,P A C RAIL LTD,FOOD CATERING LTD,"Studio 210 134-146 Curtain Road, London, England, EC2A 3AR","Studio 210 134-146 Curtain Road, London, England, EC2A 3AR",,,,,,,,,1
54121,22527,P A C RAIL LTD,BAD CHICKS LTD,"Studio 210 134-146 Curtain Road, London, England, EC2A 3AR","Studio 210 134-146 Curtain Road, London, England, EC2A 3AR",,,,,,,,,1
54121,25451,P A C RAIL LTD,BEAUTY AND THE BULLZ LIMITED,"Studio 210 134-146 Curtain Road, London, England, EC2A 3AR","Studio 210 134-146 Curtain Road, London, England, EC2A 3AR",,,,,,,,,1
54121,33772,P A C RAIL LTD,BEAUTY BATH JUNKIE LIMITED,"Studio 210 134-146 Curtain Road, London, England, EC2A 3AR","Studio 210 134-146 Curtain Road, London, England, EC2A 3AR",,,,,,,,,1
54121,36528,P A C RAIL LTD,FOOD A.I.D.E CONSULTING LTD,"Studio 210 134-146 Curtain Road, London, England, EC2A 3AR","Studio 210 134-146 Curtain Road, London, England, EC2A 3AR",,,,,,,,,1
54121,38637,P A C RAIL LTD,BAD CONVERSATION CLOTHING LTD.,"Studio 210 134-146 Curtain Road, London, England, EC2A 3AR","Studio 210 134-146 Curtain Road, London, England, EC2A 3AR",,,,,,,,,1
54121,39024,P A C RAIL LTD,Q EMPIRE LTD,"Studio 210 134-146 Curtain Road, London, England, EC2A 3AR","Studio 210 134-146 Curtain Road, London, England, EC2A 3AR",,,,,,,,,1
54149,50560,GOOD CATCH LIMITED,BAD ED THE MOVIE LIMITED,"Shepherds Building Central, Charecroft Way, London, United Kingdom, W14 0EE","Shepherds Building Central, Charecroft Way, London, United Kingdom, W14 0EE",,,,,,,,,1
54255,2632,Z BRITISH MAINFRAME CONSULTING LTD,Z CARS EVOLUTIONS LIMITED,"Wallis House, 27 Broad Street, Wokingham, Berkshire, England, RG40 1AU","Wallis House, 27 Broad Street, Wokingham, Berkshire, England, RG40 1AU",,,,,,,,,1
54255,29095,Z BRITISH MAINFRAME CONSULTING LTD,FOOD AND BEVERAGE MARKETING LTD,"Wallis House, 27 Broad Street, Wokingham, Berkshire, England, RG40 1AU","Wallis House, 27 Broad Street, Wokingham, Berkshire, England, RG40 1AU",,,,,,,,,1
54377,22760,BAD WOLF (HDM3) LIMITED,BAD WOLF (HDM) LTD,"Wolf Studios Wales Trident Industrial Park, Glass Avenue, Cardiff, United Kingdom, CF24 5EN","Wolf Studios Wales Trident Industrial Park, Glass Avenue, Cardiff, United Kingdom, CF24 5EN",,,,,,,,,1
54377,37120,BAD WOLF (HDM3) LIMITED,BAD WOLF (DG) LTD,"Wolf Studios Wales Trident Industrial Park, Glass Avenue, Cardiff, United Kingdom, CF24 5EN","Wolf Studios Wales Trident Industrial Park, Glass Avenue, Cardiff, United Kingdom, CF24 5EN",,,,,,,,,1
54377,37411,BAD WOLF (HDM3) LIMITED,BAD WOLF LTD,"Wolf Studios Wales Trident Industrial Park, Glass Avenue, Cardiff, United Kingdom, CF24 5EN","Wolf Studios Wales Trident Industrial Park, Glass Avenue, Cardiff, United Kingdom, CF24 5EN",,,,,,,,,1
54377,39372,BAD WOLF (HDM3) LIMITED,BAD WOLF (IHS2) LTD,"Wolf Studios Wales Trident Industrial Park, Glass Avenue, Cardiff, United Kingdom, CF24 5EN","Wolf Studios Wales Trident Industrial Park, Glass Avenue, Cardiff, United Kingdom, CF24 5EN",,,,,,,,,1
54377,45908,BAD WOLF (HDM3) LIMITED,BAD WOLF (IHS) LTD,"Wolf Studios Wales Trident Industrial Park, Glass Avenue, Cardiff, United Kingdom, CF24 5EN","Wolf Studios Wales Trident Industrial Park, Glass Avenue, Cardiff, United Kingdom, CF24 5EN",,,,,,,,,1
54377,53871,BAD WOLF (HDM3) LIMITED,BAD WOLF (ADOW3) LIMITED,"Wolf Studios Wales Trident Industrial Park, Glass Avenue, Cardiff, United Kingdom, CF24 5EN","Wolf Studios Wales Trident Industrial Park, Glass Avenue, Cardiff, United Kingdom, CF24 5EN",,,,,,,,,1
54407,263,Q & F CARE SOLUTIONS LTD,ALL ABOUT KIDS LTD,"71-75 Shelton Street, Covent Garden, London, United Kingdom, WC2H 9JQ","71-75 Shelton Street, Covent Garden, London, United Kingdom, WC2H 9JQ",,,,,,,,,1
54407,3444,Q & F CARE SOLUTIONS LTD,U BROWN LTD,"71-75 Shelton Street, Covent Garden, London, United Kingdom, WC2H 9JQ","71-75 Shelton Street, Covent Garden, London, United Kingdom, WC2H 9JQ",,,,,,,,,1
54407,3775,Q & F CARE SOLUTIONS LTD,T & B ENGINEERING SOLUTIONS LTD,"71-75 Shelton Street, Covent Garden, London, United Kingdom, WC2H 9JQ","71-75 Shelton Street, Covent Garden, London, United Kingdom, WC2H 9JQ",,,,,,,,,1
54407,4375,Q & F CARE SOLUTIONS LTD,H & A ENGINEERING LTD,"71-75 Shelton Street, Covent Garden, London, United Kingdom, WC2H 9JQ","71-75 Shelton Street, Covent Garden, London, United Kingdom, WC2H 9JQ",,,,,,,,,1
54407,4438,Q & F CARE SOLUTIONS LTD,BEAUTY BOOSTERS LTD,"71-75 Shelton Street, Covent Garden, London, United Kingdom, WC2H 9JQ","71-75 Shelton Street, Covent Garden, London, United Kingdom, WC2H 9JQ",,,,,,,,,1
54407,6594,Q & F CARE SOLUTIONS LTD,U EVENTS LIMITED,"71-75 Shelton Street, Covent Garden, London, United Kingdom, WC2H 9JQ","71-75 Shelton Street, Covent Garden, London, United Kingdom, WC2H 9JQ",,,,,,,,,1
54407,7607,Q & F CARE SOLUTIONS LTD,GOOD ADVICE DEBT COMPANY LIMITED,"71-75 Shelton Street, Covent Garden, London, United Kingdom, WC2H 9JQ","71-75 Shelton Street, Covent Garden, London, United Kingdom, WC2H 9JQ",,,,,,,,,1
54407,11053,Q & F CARE SOLUTIONS LTD,ALL ABOUT THE SAAS LTD,"71-75 Shelton Street, Covent Garden, London, United Kingdom, WC2H 9JQ","71-75 Shelton Street, Covent Garden, London, United Kingdom, WC2H 9JQ",,,,,,,,,1
54407,12838,Q & F CARE SOLUTIONS LTD,Q CONSULTING GROUP LTD,"71-75 Shelton Street, Covent Garden, London, United Kingdom, WC2H 9JQ","71-75 Shelton Street, Covent Garden, London, United Kingdom, WC2H 9JQ",,,,,,,,,1
54407,15089,Q & F CARE SOLUTIONS LTD,Q UN LIMITED,"71-75 Shelton Street, Covent Garden, London, United Kingdom, WC2H 9JQ","71-75 Shelton Street, Covent Garden, London, United Kingdom, WC2H 9JQ",,,,,,,,,1
54407,18039,Q & F CARE SOLUTIONS LTD,Z & K DISTRIBUTORS LIMITED,"71-75 Shelton Street, Covent Garden, London, United Kingdom, WC2H 9JQ","71-75 Shelton Street, Covent Garden, London, United Kingdom, WC2H 9JQ",,,,,,,,,1
54407,18878,Q & F CARE SOLUTIONS LTD,FOOD & BEVERAGE INTERNATIONAL LTD,"71-75 Shelton Street, Covent Garden, London, United Kingdom, WC2H 9JQ","71-75 Shelton Street, Covent Garden, London, United Kingdom, WC2H 9JQ",,,,,,,,,1
54407,19784,Q & F CARE SOLUTIONS LTD,S A GUARANTEE SPECIALISTS UK LIMITED,"71-75 Shelton Street, Covent Garden, London, United Kingdom, WC2H 9JQ","71-75 Shelton Street, Covent Garden, London, United Kingdom, WC2H 9JQ",,,,,,,,,1
54407,19928,Q & F CARE SOLUTIONS LTD,ALL ABOUT ME ENTERPRISES LIMITED,"71-75 Shelton Street, Covent Garden, London, United Kingdom, WC2H 9JQ","71-75 Shelton Street, Covent Garden, London, United Kingdom, WC2H 9JQ",,,,,,,,,1
54407,21691,Q & F CARE SOLUTIONS LTD,NEW AGE AGENCY AND SERVICES LIMITED,"71-75 Shelton Street, Covent Garden, London, United Kingdom, WC2H 9JQ","71-75 Shelton Street, Covent Garden, London, United Kingdom, WC2H 9JQ",,,,,,,,,1
54407,25329,Q & F CARE SOLUTIONS LTD,NEW AGE GAMES LIMITED,"71-75 Shelton Street, Covent Garden, London, United Kingdom, WC2H 9JQ","71-75 Shelton Street, Covent Garden, London, United Kingdom, WC2H 9JQ",,,,,,,,,1
54407,28246,Q & F CARE SOLUTIONS LTD,BEAUTY BOLD PR LTD,"71-75 Shelton Street, Covent Garden, London, United Kingdom, WC2H 9JQ","71-75 Shelton Street, Covent Garden, London, United Kingdom, WC2H 9JQ",,,,,,,,,1
54407,35542,Q & F CARE SOLUTIONS LTD,BEAUTY BLOCKS LTD,"71-75 Shelton Street, Covent Garden, London, United Kingdom, WC2H 9JQ","71-75 Shelton Street, Covent Garden, London, United Kingdom, WC2H 9JQ",,,,,,,,,1
54407,36427,Q & F CARE SOLUTIONS LTD,SOFTWARE KEYS-SK LTD,"71-75 Shelton Street, Covent Garden, London, United Kingdom, WC2H 9JQ","71-75 Shelton Street, Covent Garden, London, United Kingdom, WC2H 9JQ",,,,,,,,,1
54407,36970,Q & F CARE SOLUTIONS LTD,NIKOLIC FINANCES LTD,"71-75 Shelton Street, Covent Garden, London, United Kingdom, WC2H 9JQ","71-75 Shelton Street, Covent Garden, London, United Kingdom, WC2H 9JQ",,,,,,,,,1
54407,37218,Q & F CARE SOLUTIONS LTD,U CHOZE LIMITED,"71-75 Shelton Street, Covent Garden, London, United Kingdom, WC2H 9JQ","71-75 Shelton Street, Covent Garden, London, United Kingdom, WC2H 9JQ",,,,,,,,,1
54407,44310,Q & F CARE SOLUTIONS LTD,NEW AGES TECHNOLOGIES LTD,"71-75 Shelton Street, Covent Garden, London, United Kingdom, WC2H 9JQ","71-75 Shelton Street, Covent Garden, London, United Kingdom, WC2H 9JQ",,,,,,,,,1
54407,46096,Q & F CARE SOLUTIONS LTD,BEAUTY AND A BOND LIMITED,"71-75 Shelton Street, Covent Garden, London, United Kingdom, WC2H 9JQ","71-75 Shelton Street, Covent Garden, London, United Kingdom, WC2H 9JQ",,,,,,,,,1
54407,47429,Q & F CARE SOLUTIONS LTD,SOFTWARE SOLUTIONS ESD LIMITED,"71-75 Shelton Street, Covent Garden, London, United Kingdom, WC2H 9JQ","71-75 Shelton Street, Covent Garden, London, United Kingdom, WC2H 9JQ",,,,,,,,,1
54407,49423,Q & F CARE SOLUTIONS LTD,Q ENVIRONMENTAL LIMITED,"71-75 Shelton Street, Covent Garden, London, United Kingdom, WC2H 9JQ","71-75 Shelton Street, Covent Garden, London, United Kingdom, WC2H 9JQ",,,,,,,,,1
54407,52699,Q & F CARE SOLUTIONS LTD,R A J S EVANS INVESTMENT COMPANY LTD,"71-75 Shelton Street, Covent Garden, London, United Kingdom, WC2H 9JQ","71-75 Shelton Street, Covent Garden, London, United Kingdom, WC2H 9JQ",,,,,,,,,1
54424,3917,GOOD BUSINESS SUSTAINABILITY LTD,BAD BUNNY MANAGEMENT LTD,"27 Old Gloucester Street, London, United Kingdom, WC1N 3AX","27 Old Gloucester Street, London, United Kingdom, WC1N 3AX",,,,,,,,,1
54424,13774,GOOD BUSINESS SUSTAINABILITY LTD,Q & K SERVICES LTD,"27 Old Gloucester Street, London, United Kingdom, WC1N 3AX","27 Old Gloucester Street, London, United Kingdom, WC1N 3AX",,,,,,,,,1
54424,13794,GOOD BUSINESS SUSTAINABILITY LTD,BAD ANGELS LIMITED,"27 Old Gloucester Street, London, United Kingdom, WC1N 3AX","27 Old Gloucester Street, London, United Kingdom, WC1N 3AX",,,,,,,,,1
54424,16267,GOOD BUSINESS SUSTAINABILITY LTD,MATRIX FINANCES LTD,"27 Old Gloucester Street, London, United Kingdom, WC1N 3AX","27 Old Gloucester Street, London, United Kingdom, WC1N 3AX",,,,,,,,,1
54424,18893,GOOD BUSINESS SUSTAINABILITY LTD,NEW ALBION REAL ESTATE LTD,"27 Old Gloucester Street, London, United Kingdom, WC1N 3AX","27 Old Gloucester Street, London, United Kingdom, WC1N 3AX",,,,,,,,,1
54424,20414,GOOD BUSINESS SUSTAINABILITY LTD,FOOD BOOTH LIMITED,"27 Old Gloucester Street, London, United Kingdom, WC1N 3AX","27 Old Gloucester Street, London, United Kingdom, WC1N 3AX",,,,,,,,,1
54424,26427,GOOD BUSINESS SUSTAINABILITY LTD,BAD INTENTIONS BOXING LIMITED,"27 Old Gloucester Street, London, United Kingdom, WC1N 3AX","27 Old Gloucester Street, London, United Kingdom, WC1N 3AX",,,,,,,,,1
54424,29058,GOOD BUSINESS SUSTAINABILITY LTD,NEW AGE COACH LTD,"27 Old Gloucester Street, London, United Kingdom, WC1N 3AX","27 Old Gloucester Street, London, United Kingdom, WC1N 3AX",,,,,,,,,1
54424,30959,GOOD BUSINESS SUSTAINABILITY LTD,JC NEW AGE ENTERTAINMENT LTD,"27 Old Gloucester Street, London, United Kingdom, WC1N 3AX","27 Old Gloucester Street, London, United Kingdom, WC1N 3AX",,,,,,,,,1
54424,32692,GOOD BUSINESS SUSTAINABILITY LTD,NEW ALBION ENERGY LTD,"27 Old Gloucester Street, London, United Kingdom, WC1N 3AX","27 Old Gloucester Street, London, United Kingdom, WC1N 3AX",,,,,,,,,1
54424,39675,GOOD BUSINESS SUSTAINABILITY LTD,BLAUSTEIN GMBH LTD,"27 Old Gloucester Street, London, United Kingdom, WC1N 3AX","27 Old Gloucester Street, London, United Kingdom, WC1N 3AX",,,,,,,,,1
54424,42754,GOOD BUSINESS SUSTAINABILITY LTD,SU-FI EDUCATION. CONSULTING. FINANCES. LTD,"27 Old Gloucester Street, London, United Kingdom, WC1N 3AX","27 Old Gloucester Street, London, United Kingdom, WC1N 3AX",,,,,,,,,1
54424,46355,GOOD BUSINESS SUSTAINABILITY LTD,Q BIO SYSTEMS LIMITED,"27 Old Gloucester Street, London, United Kingdom, WC1N 3AX","27 Old Gloucester Street, London, United Kingdom, WC1N 3AX",,,,,,,,,1
54424,49447,GOOD BUSINESS SUSTAINABILITY LTD,Q BIOTECH LIMITED,"27 Old Gloucester Street, London, United Kingdom, WC1N 3AX","27 Old Gloucester Street, London, United Kingdom, WC1N 3AX",,,,,,,,,1
54486,2340,V & K CONSULTING LTD,PACKER P LTD,"128 City Road, London, United Kingdom, EC1V 2NX","128 City Road, London, United Kingdom, EC1V 2NX",,,,,,,,,1
54486,11214,V & K CONSULTING LTD,BRIGHT VISION INVESTMENT LTD,"128 City Road, London, United Kingdom, EC1V 2NX","128 City Road, London, United Kingdom, EC1V 2NX",,,,,,,,,1
54486,13551,V & K CONSULTING LTD,NEW AGE FASHION LTD,"128 City Road, London, United Kingdom, EC1V 2NX","128 City Road, London, United Kingdom, EC1V 2NX",,,,,,,,,1
54486,17757,V & K CONSULTING LTD,GOOD DAY AESTHETICS & BEAUTY LTD,"128 City Road, London, United Kingdom, EC1V 2NX","128 City Road, London, United Kingdom, EC1V 2NX",,,,,,,,,1
54486,19613,V & K CONSULTING LTD,SOFTWARE SOLUTIONS GROUP LTD.,"128 City Road, London, United Kingdom, EC1V 2NX","128 City Road, London, United Kingdom, EC1V 2NX",,,,,,,,,1
54486,24850,V & K CONSULTING LTD,H ACCOUNTING SOLUTION LIMITED,"128 City Road, London, United Kingdom, EC1V 2NX","128 City Road, London, United Kingdom, EC1V 2NX",,,,,,,,,1
54486,28937,V & K CONSULTING LTD,TANA T TRADING LTD,"128 City Road, London, United Kingdom, EC1V 2NX","128 City Road, London, United Kingdom, EC1V 2NX",,,,,,,,,1
54486,29510,V & K CONSULTING LTD,V & MARK COMPANY LTD,"128 City Road, London, United Kingdom, EC1V 2NX","128 City Road, London, United Kingdom, EC1V 2NX",,,,,,,,,1
54486,31132,V & K CONSULTING LTD,P A MARTIN CONSTRUCTION LTD,"128 City Road, London, United Kingdom, EC1V 2NX","128 City Road, London, United Kingdom, EC1V 2NX",,,,,,,,,1
54486,31915,V & K CONSULTING LTD,U AND M CONSULTANTS LTD,"128 City Road, London, United Kingdom, EC1V 2NX","128 City Road, London, United Kingdom, EC1V 2NX",,,,,,,,,1
54486,32385,V & K CONSULTING LTD,ECO MARINE FOODS LTD,"128 City Road, London, United Kingdom, EC1V 2NX","128 City Road, London, United Kingdom, EC1V 2NX",,,,,,,,,1
54486,38470,V & K CONSULTING LTD,H A FOR TRAINING AND CONSULTANT LTD,"128 City Road, London, United Kingdom, EC1V 2NX","128 City Road, London, United Kingdom, EC1V 2NX",,,,,,,,,1
54486,38754,V & K CONSULTING LTD,Z CONTROLS & AUTOMATION LTD,"128 City Road, London, United Kingdom, EC1V 2NX","128 City Road, London, United Kingdom, EC1V 2NX",,,,,,,,,1
54486,42528,V & K CONSULTING LTD,U COLLABORATION LTD,"128 City Road, London, United Kingdom, EC1V 2NX","128 City Road, London, United Kingdom, EC1V 2NX",,,,,,,,,1
54486,44893,V & K CONSULTING LTD,GOOD ACCOUNTANT LTD,"128 City Road, London, United Kingdom, EC1V 2NX","128 City Road, London, United Kingdom, EC1V 2NX",,,,,,,,,1
54486,45735,V & K CONSULTING LTD,T A ELECTRONICS LTD,"128 City Road, London, United Kingdom, EC1V 2NX","128 City Road, London, United Kingdom, EC1V 2NX",,,,,,,,,1
54486,45882,V & K CONSULTING LTD,NEW ALL DIGITAL MARKETING LTD,"128 City Road, London, United Kingdom, EC1V 2NX","128 City Road, London, United Kingdom, EC1V 2NX",,,,,,,,,1
54486,48577,V & K CONSULTING LTD,BEAUTY AT TIFFANY’S LTD,"128 City Road, London, United Kingdom, EC1V 2NX","128 City Road, London, United Kingdom, EC1V 2NX",,,,,,,,,1
54486,51202,V & K CONSULTING LTD,BEAUTY AND INFINITY LTD,"128 City Road, London, United Kingdom, EC1V 2NX","128 City Road, London, United Kingdom, EC1V 2NX",,,,,,,,,1
54486,53384,V & K CONSULTING LTD,SOFTWARE SHARK LTD,"128 City Road, London, United Kingdom, EC1V 2NX","128 City Road, London, United Kingdom, EC1V 2NX",,,,,,,,,1
54528,32081,R A K CONSULTANTS LTD,SOFTWARE CONTROL & DESIGN LTD,"11 Portland Road, Edgbaston, Birmingham, West Midlands, B16 9HN","11 Portland Road, Edgbaston, Birmingham, West Midlands, B16 9HN",,,,,,,,,1
54719,28813,LG Display Co Ltd,LG Corp,"Lg Twin Tower, 128, Yeoui-Daero, Yeongdeungpo-Gu, Seoul, 07336","Lg Twin Tower, 128, Yeoui-Daero, Yeongdeungpo-Gu, Seoul, 07336",,,,,,,,,1
54719,49261,LG Display Co Ltd,LG Chem Ltd,"Lg Twin Tower, 128, Yeoui-Daero, Yeongdeungpo-Gu, Seoul, 07336","Lg Twin Tower, 128, Yeoui-Daero, Yeongdeungpo-Gu, Seoul, 07336",,,,,,,,,1
54806,288,U AND I IPB LTD,U AND I FINANCE PLC,"100 Victoria Street, London, England, SW1E 5JL","100 Victoria Street, London, England, SW1E 5JL",,,,,,,,,1
54806,3485,U AND I IPB LTD,U AND I COMPANY SECRETARIES LIMITED,"100 Victoria Street, London, England, SW1E 5JL","100 Victoria Street, London, England, SW1E 5JL",,,,,,,,,1
54806,4059,U AND I IPB LTD,U AND I INVESTMENT PORTFOLIO LIMITED,"100 Victoria Street, London, England, SW1E 5JL","100 Victoria Street, London, England, SW1E 5JL",,,,,,,,,1
54806,6037,U AND I IPB LTD,U AND I (HARWELL) LIMITED,"100 Victoria Street, London, England, SW1E 5JL","100 Victoria Street, London, England, SW1E 5JL",,,,,,,,,1
54806,7117,U AND I IPB LTD,U AND I GROUP LIMITED,"100 Victoria Street, London, England, SW1E 5JL","100 Victoria Street, London, England, SW1E 5JL",,,,,,,,,1
54806,15300,U AND I IPB LTD,U AND I (WIE) LIMITED,"100 Victoria Street, London, England, SW1E 5JL","100 Victoria Street, London, England, SW1E 5JL",,,,,,,,,1
54806,15642,U AND I IPB LTD,U AND I (8AE) LIMITED,"100 Victoria Street, London, England, SW1E 5JL","100 Victoria Street, London, England, SW1E 5JL",,,,,,,,,1
54806,17497,U AND I IPB LTD,U AND I IPA LIMITED,"100 Victoria Street, London, England, SW1E 5JL","100 Victoria Street, London, England, SW1E 5JL",,,,,,,,,1
54806,20501,U AND I IPB LTD,U AND I DIRECTOR 2 LIMITED,"100 Victoria Street, London, England, SW1E 5JL","100 Victoria Street, London, England, SW1E 5JL",,,,,,,,,1
54806,20789,U AND I IPB LTD,U AND I (PB) COMMERCIAL LIMITED,"100 Victoria Street, London, England, SW1E 5JL","100 Victoria Street, London, England, SW1E 5JL",,,,,,,,,1
54806,21166,U AND I IPB LTD,U AND I (DEVELOPMENT AND TRADING) LIMITED,"100 Victoria Street, London, England, SW1E 5JL","100 Victoria Street, London, England, SW1E 5JL",,,,,,,,,1
54806,22482,U AND I IPB LTD,U AND I POWERHOUSE LIMITED,"100 Victoria Street, London, England, SW1E 5JL","100 Victoria Street, London, England, SW1E 5JL",,,,,,,,,1
54806,22841,U AND I IPB LTD,U AND I (PINCENTS LANE) LTD,"100 Victoria Street, London, England, SW1E 5JL","100 Victoria Street, London, England, SW1E 5JL",,,,,,,,,1
54806,31152,U AND I IPB LTD,U AND I PPP LIMITED,"100 Victoria Street, London, England, SW1E 5JL","100 Victoria Street, London, England, SW1E 5JL",,,,,,,,,1
54806,35497,U AND I IPB LTD,U AND I IPC LIMITED,"100 Victoria Street, London, England, SW1E 5JL","100 Victoria Street, London, England, SW1E 5JL",,,,,,,,,1
54806,39567,U AND I IPB LTD,U AND I (GVP) LIMITED,"100 Victoria Street, London, England, SW1E 5JL","100 Victoria Street, London, England, SW1E 5JL",,,,,,,,,1
54806,40628,U AND I IPB LTD,U AND I IPA SC LIMITED,"100 Victoria Street, London, England, SW1E 5JL","100 Victoria Street, London, England, SW1E 5JL",,,,,,,,,1
54806,44452,U AND I IPB LTD,U AND I (INNOVATION HUBS) LIMITED,"100 Victoria Street, London, England, SW1E 5JL","100 Victoria Street, London, England, SW1E 5JL",,,,,,,,,1
54806,46514,U AND I IPB LTD,U AND I DIRECTOR 1 LIMITED,"100 Victoria Street, London, England, SW1E 5JL","100 Victoria Street, London, England, SW1E 5JL",,,,,,,,,1
54806,47947,U AND I IPB LTD,U AND I (ASHFORD) LTD,"100 Victoria Street, London, England, SW1E 5JL","100 Victoria Street, London, England, SW1E 5JL",,,,,,,,,1
54806,50606,U AND I IPB LTD,U AND I PLUS X TC LIMITED,"100 Victoria Street, London, England, SW1E 5JL","100 Victoria Street, London, England, SW1E 5JL",,,,,,,,,1
54806,52060,U AND I IPB LTD,U AND I (CAMBRIDGE) LIMITED,"100 Victoria Street, London, England, SW1E 5JL","100 Victoria Street, London, England, SW1E 5JL",,,,,,,,,1
54861,263,FOOD AND THOUGHTS TECH LTD,ALL ABOUT KIDS LTD,"71-75 Shelton Street, Covent Garden, London, United Kingdom, WC2H 9JQ","71-75 Shelton Street, Covent Garden, London, United Kingdom, WC2H 9JQ",,,,,,,,,1
54861,3444,FOOD AND THOUGHTS TECH LTD,U BROWN LTD,"71-75 Shelton Street, Covent Garden, London, United Kingdom, WC2H 9JQ","71-75 Shelton Street, Covent Garden, London, United Kingdom, WC2H 9JQ",,,,,,,,,1
54861,3775,FOOD AND THOUGHTS TECH LTD,T & B ENGINEERING SOLUTIONS LTD,"71-75 Shelton Street, Covent Garden, London, United Kingdom, WC2H 9JQ","71-75 Shelton Street, Covent Garden, London, United Kingdom, WC2H 9JQ",,,,,,,,,1
54861,4375,FOOD AND THOUGHTS TECH LTD,H & A ENGINEERING LTD,"71-75 Shelton Street, Covent Garden, London, United Kingdom, WC2H 9JQ","71-75 Shelton Street, Covent Garden, London, United Kingdom, WC2H 9JQ",,,,,,,,,1
54861,4438,FOOD AND THOUGHTS TECH LTD,BEAUTY BOOSTERS LTD,"71-75 Shelton Street, Covent Garden, London, United Kingdom, WC2H 9JQ","71-75 Shelton Street, Covent Garden, London, United Kingdom, WC2H 9JQ",,,,,,,,,1
54861,6594,FOOD AND THOUGHTS TECH LTD,U EVENTS LIMITED,"71-75 Shelton Street, Covent Garden, London, United Kingdom, WC2H 9JQ","71-75 Shelton Street, Covent Garden, London, United Kingdom, WC2H 9JQ",,,,,,,,,1
54861,7607,FOOD AND THOUGHTS TECH LTD,GOOD ADVICE DEBT COMPANY LIMITED,"71-75 Shelton Street, Covent Garden, London, United Kingdom, WC2H 9JQ","71-75 Shelton Street, Covent Garden, London, United Kingdom, WC2H 9JQ",,,,,,,,,1
54861,11053,FOOD AND THOUGHTS TECH LTD,ALL ABOUT THE SAAS LTD,"71-75 Shelton Street, Covent Garden, London, United Kingdom, WC2H 9JQ","71-75 Shelton Street, Covent Garden, London, United Kingdom, WC2H 9JQ",,,,,,,,,1
54861,12838,FOOD AND THOUGHTS TECH LTD,Q CONSULTING GROUP LTD,"71-75 Shelton Street, Covent Garden, London, United Kingdom, WC2H 9JQ","71-75 Shelton Street, Covent Garden, London, United Kingdom, WC2H 9JQ",,,,,,,,,1
54861,15089,FOOD AND THOUGHTS TECH LTD,Q UN LIMITED,"71-75 Shelton Street, Covent Garden, London, United Kingdom, WC2H 9JQ","71-75 Shelton Street, Covent Garden, London, United Kingdom, WC2H 9JQ",,,,,,,,,1
54861,18039,FOOD AND THOUGHTS TECH LTD,Z & K DISTRIBUTORS LIMITED,"71-75 Shelton Street, Covent Garden, London, United Kingdom, WC2H 9JQ","71-75 Shelton Street, Covent Garden, London, United Kingdom, WC2H 9JQ",,,,,,,,,1
54861,18878,FOOD AND THOUGHTS TECH LTD,FOOD & BEVERAGE INTERNATIONAL LTD,"71-75 Shelton Street, Covent Garden, London, United Kingdom, WC2H 9JQ","71-75 Shelton Street, Covent Garden, London, United Kingdom, WC2H 9JQ",,,,,,,,,1
54861,19784,FOOD AND THOUGHTS TECH LTD,S A GUARANTEE SPECIALISTS UK LIMITED,"71-75 Shelton Street, Covent Garden, London, United Kingdom, WC2H 9JQ","71-75 Shelton Street, Covent Garden, London, United Kingdom, WC2H 9JQ",,,,,,,,,1
54861,19928,FOOD AND THOUGHTS TECH LTD,ALL ABOUT ME ENTERPRISES LIMITED,"71-75 Shelton Street, Covent Garden, London, United Kingdom, WC2H 9JQ","71-75 Shelton Street, Covent Garden, London, United Kingdom, WC2H 9JQ",,,,,,,,,1
54861,21691,FOOD AND THOUGHTS TECH LTD,NEW AGE AGENCY AND SERVICES LIMITED,"71-75 Shelton Street, Covent Garden, London, United Kingdom, WC2H 9JQ","71-75 Shelton Street, Covent Garden, London, United Kingdom, WC2H 9JQ",,,,,,,,,1
54861,25329,FOOD AND THOUGHTS TECH LTD,NEW AGE GAMES LIMITED,"71-75 Shelton Street, Covent Garden, London, United Kingdom, WC2H 9JQ","71-75 Shelton Street, Covent Garden, London, United Kingdom, WC2H 9JQ",,,,,,,,,1
54861,28246,FOOD AND THOUGHTS TECH LTD,BEAUTY BOLD PR LTD,"71-75 Shelton Street, Covent Garden, London, United Kingdom, WC2H 9JQ","71-75 Shelton Street, Covent Garden, London, United Kingdom, WC2H 9JQ",,,,,,,,,1
54861,35542,FOOD AND THOUGHTS TECH LTD,BEAUTY BLOCKS LTD,"71-75 Shelton Street, Covent Garden, London, United Kingdom, WC2H 9JQ","71-75 Shelton Street, Covent Garden, London, United Kingdom, WC2H 9JQ",,,,,,,,,1
54861,36427,FOOD AND THOUGHTS TECH LTD,SOFTWARE KEYS-SK LTD,"71-75 Shelton Street, Covent Garden, London, United Kingdom, WC2H 9JQ","71-75 Shelton Street, Covent Garden, London, United Kingdom, WC2H 9JQ",,,,,,,,,1
54861,36970,FOOD AND THOUGHTS TECH LTD,NIKOLIC FINANCES LTD,"71-75 Shelton Street, Covent Garden, London, United Kingdom, WC2H 9JQ","71-75 Shelton Street, Covent Garden, London, United Kingdom, WC2H 9JQ",,,,,,,,,1
54861,37218,FOOD AND THOUGHTS TECH LTD,U CHOZE LIMITED,"71-75 Shelton Street, Covent Garden, London, United Kingdom, WC2H 9JQ","71-75 Shelton Street, Covent Garden, London, United Kingdom, WC2H 9JQ",,,,,,,,,1
54861,44310,FOOD AND THOUGHTS TECH LTD,NEW AGES TECHNOLOGIES LTD,"71-75 Shelton Street, Covent Garden, London, United Kingdom, WC2H 9JQ","71-75 Shelton Street, Covent Garden, London, United Kingdom, WC2H 9JQ",,,,,,,,,1
54861,46096,FOOD AND THOUGHTS TECH LTD,BEAUTY AND A BOND LIMITED,"71-75 Shelton Street, Covent Garden, London, United Kingdom, WC2H 9JQ","71-75 Shelton Street, Covent Garden, London, United Kingdom, WC2H 9JQ",,,,,,,,,1
54861,47429,FOOD AND THOUGHTS TECH LTD,SOFTWARE SOLUTIONS ESD LIMITED,"71-75 Shelton Street, Covent Garden, London, United Kingdom, WC2H 9JQ","71-75 Shelton Street, Covent Garden, London, United Kingdom, WC2H 9JQ",,,,,,,,,1
54861,49423,FOOD AND THOUGHTS TECH LTD,Q ENVIRONMENTAL LIMITED,"71-75 Shelton Street, Covent Garden, London, United Kingdom, WC2H 9JQ","71-75 Shelton Street, Covent Garden, London, United Kingdom, WC2H 9JQ",,,,,,,,,1
54861,52699,FOOD AND THOUGHTS TECH LTD,R A J S EVANS INVESTMENT COMPANY LTD,"71-75 Shelton Street, Covent Garden, London, United Kingdom, WC2H 9JQ","71-75 Shelton Street, Covent Garden, London, United Kingdom, WC2H 9JQ",,,,,,,,,1
54861,54407,FOOD AND THOUGHTS TECH LTD,Q & F CARE SOLUTIONS LTD,"71-75 Shelton Street, Covent Garden, London, United Kingdom, WC2H 9JQ","71-75 Shelton Street, Covent Garden, London, United Kingdom, WC2H 9JQ",,,,,,,,,1
54903,28813,LG Electronics Inc,LG Corp,"Lg Twin Tower, 128, Yeoui-Daero, Yeongdeungpo-Gu, Seoul, 07336","Lg Twin Tower, 128, Yeoui-Daero, Yeongdeungpo-Gu, Seoul, 07336",,,,,,,,,1
54903,49261,LG Electronics Inc,LG Chem Ltd,"Lg Twin Tower, 128, Yeoui-Daero, Yeongdeungpo-Gu, Seoul, 07336","Lg Twin Tower, 128, Yeoui-Daero, Yeongdeungpo-Gu, Seoul, 07336",,,,,,,,,1
54903,54719,LG Electronics Inc,LG Display Co Ltd,"Lg Twin Tower, 128, Yeoui-Daero, Yeongdeungpo-Gu, Seoul, 07336","Lg Twin Tower, 128, Yeoui-Daero, Yeongdeungpo-Gu, Seoul, 07336",,,,,,,,,1
54948,12624,U GROW LTD,NEW ADVANCE LIMITED,"85 Great Portland Street, First Floor, London, England, W1W 7LT","85 Great Portland Street, First Floor, London, England, W1W 7LT",,,,,,,,,1
54948,25536,U GROW LTD,Z CORP EXPORT LIMITED,"85 Great Portland Street, First Floor, London, England, W1W 7LT","85 Great Portland Street, First Floor, London, England, W1W 7LT",,,,,,,,,1
54948,27273,U GROW LTD,BAD SALAD DAY LTD,"85 Great Portland Street, First Floor, London, England, W1W 7LT","85 Great Portland Street, First Floor, London, England, W1W 7LT",,,,,,,,,1
54948,42081,U GROW LTD,SOFTWARE KINGDOM LIMITED,"85 Great Portland Street, First Floor, London, England, W1W 7LT","85 Great Portland Street, First Floor, London, England, W1W 7LT",,,,,,,,,1
55016,31163,NEW ALLIANCE CAPITAL LTD,GOOD BABY PTE. LTD,"Chase Business Centre, 39-41 Chase Side, London, United Kingdom, N14 5BP","Chase Business Centre, 39-41 Chase Side, London, United Kingdom, N14 5BP",,,,,,,,,1
55047,93,ALL ABOUT ACCOUNTS LIMITED,SOFTWARE DEVELOPMENT SERVICES LTD,"20-22 Wenlock Road, London, England, N1 7GU","20-22 Wenlock Road, London, England, N1 7GU",,,,,,,,,1
55047,502,ALL ABOUT ACCOUNTS LIMITED,Z AND P INCORPORATED LTD,"20-22 Wenlock Road, London, England, N1 7GU","20-22 Wenlock Road, London, England, N1 7GU",,,,,,,,,1
55047,776,ALL ABOUT ACCOUNTS LIMITED,T & ASH LTD,"20-22 Wenlock Road, London, England, N1 7GU","20-22 Wenlock Road, London, England, N1 7GU",,,,,,,,,1
55047,3415,ALL ABOUT ACCOUNTS LIMITED,FOOD BOOKING LTD,"20-22 Wenlock Road, London, England, N1 7GU","20-22 Wenlock Road, London, England, N1 7GU",,,,,,,,,1
55047,4039,ALL ABOUT ACCOUNTS LIMITED,ALL ABOUT BOILERS LTD,"20-22 Wenlock Road, London, England, N1 7GU","20-22 Wenlock Road, London, England, N1 7GU",,,,,,,,,1
55047,5606,ALL ABOUT ACCOUNTS LIMITED,GOOD CONNEXION LTD,"20-22 Wenlock Road, London, England, N1 7GU","20-22 Wenlock Road, London, England, N1 7GU",,,,,,,,,1
55047,6679,ALL ABOUT ACCOUNTS LIMITED,Q BRANCH SOLUTIONS LTD,"20-22 Wenlock Road, London, England, N1 7GU","20-22 Wenlock Road, London, England, N1 7GU",,,,,,,,,1
55047,7079,ALL ABOUT ACCOUNTS LIMITED,H A DIRECT LTD,"20-22 Wenlock Road, London, England, N1 7GU","20-22 Wenlock Road, London, England, N1 7GU",,,,,,,,,1
55047,8008,ALL ABOUT ACCOUNTS LIMITED,GOOD & YOUNG LTD,"20-22 Wenlock Road, London, England, N1 7GU","20-22 Wenlock Road, London, England, N1 7GU",,,,,,,,,1
55047,13025,ALL ABOUT ACCOUNTS LIMITED,NEW AGE PLUMBING AND HEATING SERVICES LTD,"20-22 Wenlock Road, London, England, N1 7GU","20-22 Wenlock Road, London, England, N1 7GU",,,,,,,,,1
55047,13096,ALL ABOUT ACCOUNTS LIMITED,GOOD BEAGLE INTERNATIONAL LTD,"20-22 Wenlock Road, London, England, N1 7GU","20-22 Wenlock Road, London, England, N1 7GU",,,,,,,,,1
55047,14082,ALL ABOUT ACCOUNTS LIMITED,SOFTWARE BRAIN LTD,"20-22 Wenlock Road, London, England, N1 7GU","20-22 Wenlock Road, London, England, N1 7GU",,,,,,,,,1
55047,16743,ALL ABOUT ACCOUNTS LIMITED,Q BRIDGE ENTERTAINMENT LTD,"20-22 Wenlock Road, London, England, N1 7GU","20-22 Wenlock Road, London, England, N1 7GU",,,,,,,,,1
55047,17304,ALL ABOUT ACCOUNTS LIMITED,PERGORA FINANCES INVESTMENTS LTD,"20-22 Wenlock Road, London, England, N1 7GU","20-22 Wenlock Road, London, England, N1 7GU",,,,,,,,,1
55047,17549,ALL ABOUT ACCOUNTS LIMITED,ALL ABOUT PROPERTIES LTD,"20-22 Wenlock Road, London, England, N1 7GU","20-22 Wenlock Road, London, England, N1 7GU",,,,,,,,,1
55047,18882,ALL ABOUT ACCOUNTS LIMITED,NEW AGE TOURING PRODUCTIONS LIMITED,"20-22 Wenlock Road, London, England, N1 7GU","20-22 Wenlock Road, London, England, N1 7GU",,,,,,,,,1
55047,20362,ALL ABOUT ACCOUNTS LIMITED,FOOD AND PACKAGING WHOLESALE LTD,"20-22 Wenlock Road, London, England, N1 7GU","20-22 Wenlock Road, London, England, N1 7GU",,,,,,,,,1
55047,23046,ALL ABOUT ACCOUNTS LIMITED,HAWTHORN ROSE HOMES LIMITED,"20-22 Wenlock Road, London, England, N1 7GU","20-22 Wenlock Road, London, England, N1 7GU",,,,,,,,,1
55047,23876,ALL ABOUT ACCOUNTS LIMITED,ALL ABOUT REEL LTD,"20-22 Wenlock Road, London, England, N1 7GU","20-22 Wenlock Road, London, England, N1 7GU",,,,,,,,,1
55047,25761,ALL ABOUT ACCOUNTS LIMITED,GOOD CURRIES LTD,"20-22 Wenlock Road, London, England, N1 7GU","20-22 Wenlock Road, London, England, N1 7GU",,,,,,,,,1
55047,27689,ALL ABOUT ACCOUNTS LIMITED,FOOD DISCOUNTS LTD,"20-22 Wenlock Road, London, England, N1 7GU","20-22 Wenlock Road, London, England, N1 7GU",,,,,,,,,1
55047,29271,ALL ABOUT ACCOUNTS LIMITED,SOFTWARE DEFENCES LTD,"20-22 Wenlock Road, London, England, N1 7GU","20-22 Wenlock Road, London, England, N1 7GU",,,,,,,,,1
55047,29377,ALL ABOUT ACCOUNTS LIMITED,KNOWING FINANCES LTD,"20-22 Wenlock Road, London, England, N1 7GU","20-22 Wenlock Road, London, England, N1 7GU",,,,,,,,,1
55047,30243,ALL ABOUT ACCOUNTS LIMITED,BEAUTY AND NATURE STORE LTD,"20-22 Wenlock Road, London, England, N1 7GU","20-22 Wenlock Road, London, England, N1 7GU",,,,,,,,,1
55047,30445,ALL ABOUT ACCOUNTS LIMITED,Z AND J GROUP LTD,"20-22 Wenlock Road, London, England, N1 7GU","20-22 Wenlock Road, London, England, N1 7GU",,,,,,,,,1
55047,30467,ALL ABOUT ACCOUNTS LIMITED,Q BRIDGE MUSIC LTD,"20-22 Wenlock Road, London, England, N1 7GU","20-22 Wenlock Road, London, England, N1 7GU",,,,,,,,,1
55047,31894,ALL ABOUT ACCOUNTS LIMITED,ALL ABOUT CLAIMS LTD,"20-22 Wenlock Road, London, England, N1 7GU","20-22 Wenlock Road, London, England, N1 7GU",,,,,,,,,1
55047,32040,ALL ABOUT ACCOUNTS LIMITED,BEAUTY BOUND LTD,"20-22 Wenlock Road, London, England, N1 7GU","20-22 Wenlock Road, London, England, N1 7GU",,,,,,,,,1
55047,32153,ALL ABOUT ACCOUNTS LIMITED,BAD BOYS MAKE NOISE LTD,"20-22 Wenlock Road, London, England, N1 7GU","20-22 Wenlock Road, London, England, N1 7GU",,,,,,,,,1
55047,33286,ALL ABOUT ACCOUNTS LIMITED,GOOD BOY TRADING LIMITED,"20-22 Wenlock Road, London, England, N1 7GU","20-22 Wenlock Road, London, England, N1 7GU",,,,,,,,,1
55047,33760,ALL ABOUT ACCOUNTS LIMITED,GOOD ADVICE FOR LIVING LTD,"20-22 Wenlock Road, London, England, N1 7GU","20-22 Wenlock Road, London, England, N1 7GU",,,,,,,,,1
55047,35148,ALL ABOUT ACCOUNTS LIMITED,U FINANCE LTD,"20-22 Wenlock Road, London, England, N1 7GU","20-22 Wenlock Road, London, England, N1 7GU",,,,,,,,,1
55047,38154,ALL ABOUT ACCOUNTS LIMITED,Q ADMINISTRATION LIMITED,"20-22 Wenlock Road, London, England, N1 7GU","20-22 Wenlock Road, London, England, N1 7GU",,,,,,,,,1
55047,38905,ALL ABOUT ACCOUNTS LIMITED,V AND J'S SOIREES LTD,"20-22 Wenlock Road, London, England, N1 7GU","20-22 Wenlock Road, London, England, N1 7GU",,,,,,,,,1
55047,39260,ALL ABOUT ACCOUNTS LIMITED,NEW AGE STORE LTD,"20-22 Wenlock Road, London, England, N1 7GU","20-22 Wenlock Road, London, England, N1 7GU",,,,,,,,,1
55047,41076,ALL ABOUT ACCOUNTS LIMITED,ALL ABOUT CLADDING LTD,"20-22 Wenlock Road, London, England, N1 7GU","20-22 Wenlock Road, London, England, N1 7GU",,,,,,,,,1
55047,42709,ALL ABOUT ACCOUNTS LIMITED,Z AUDIO DIGITAL LTD,"20-22 Wenlock Road, London, England, N1 7GU","20-22 Wenlock Road, London, England, N1 7GU",,,,,,,,,1
55047,43242,ALL ABOUT ACCOUNTS LIMITED,SOFTWARE SHIFT LTD,"20-22 Wenlock Road, London, England, N1 7GU","20-22 Wenlock Road, London, England, N1 7GU",,,,,,,,,1
55047,43269,ALL ABOUT ACCOUNTS LIMITED,SOFTWARE HATCH LTD,"20-22 Wenlock Road, London, England, N1 7GU","20-22 Wenlock Road, London, England, N1 7GU",,,,,,,,,1
55047,43678,ALL ABOUT ACCOUNTS LIMITED,SOFTWARE SOLUTIONS MANAGEMENT LTD,"20-22 Wenlock Road, London, England, N1 7GU","20-22 Wenlock Road, London, England, N1 7GU",,,,,,,,,1
55047,46081,ALL ABOUT ACCOUNTS LIMITED,BAD BOY BOSSES LTD,"20-22 Wenlock Road, London, England, N1 7GU","20-22 Wenlock Road, London, England, N1 7GU",,,,,,,,,1
55047,48606,ALL ABOUT ACCOUNTS LIMITED,BEAUTY AND BRAVADO LTD,"20-22 Wenlock Road, London, England, N1 7GU","20-22 Wenlock Road, London, England, N1 7GU",,,,,,,,,1
55047,49966,ALL ABOUT ACCOUNTS LIMITED,BEAUTY AESTHETICS SALON LTD,"20-22 Wenlock Road, London, England, N1 7GU","20-22 Wenlock Road, London, England, N1 7GU",,,,,,,,,1
55047,52693,ALL ABOUT ACCOUNTS LIMITED,ALL ABOUT ESTATES LTD,"20-22 Wenlock Road, London, England, N1 7GU","20-22 Wenlock Road, London, England, N1 7GU",,,,,,,,,1
55047,53144,ALL ABOUT ACCOUNTS LIMITED,FOOD DELIVERY SHROPSHIRE LTD,"20-22 Wenlock Road, London, England, N1 7GU","20-22 Wenlock Road, London, England, N1 7GU",,,,,,,,,1
55085,18681,H AHMED LTD,Z A BUSINESS LTD,"Skn Business Centre, 1 Guildford Street, Birmingham, West Midlands, United Kingdom, B19 2HN","Skn Business Centre, 1 Guildford Street, Birmingham, West Midlands, United Kingdom, B19 2HN",,,,,,,,,1
55121,12920,Acea Ato 2 Gruppo Acea Spa,Acea Spa,"PIAZZALE OSTIENSE 2, ROMA, 00154, ROMA, ITALY","PIAZZALE OSTIENSE 2, ROMA, 00154, ROMA, ITALY",,,,,IT05848061007,IT05394801004,,Europe,1
55121,38964,Acea Ato 2 Gruppo Acea Spa,Areti Spa,"PIAZZALE OSTIENSE 2, ROMA, 00154, ROMA, ITALY","PIAZZALE OSTIENSE 2, ROMA, 00154, ROMA, ITALY",,,,,IT05848061007,IT05816611007,,,1
55226,93,Z AND W LTD,SOFTWARE DEVELOPMENT SERVICES LTD,"20-22 Wenlock Road, London, England, N1 7GU","20-22 Wenlock Road, London, England, N1 7GU",,,,,,,,,1
55226,502,Z AND W LTD,Z AND P INCORPORATED LTD,"20-22 Wenlock Road, London, England, N1 7GU","20-22 Wenlock Road, London, England, N1 7GU",,,,,,,,,1
55226,776,Z AND W LTD,T & ASH LTD,"20-22 Wenlock Road, London, England, N1 7GU","20-22 Wenlock Road, London, England, N1 7GU",,,,,,,,,1
55226,3415,Z AND W LTD,FOOD BOOKING LTD,"20-22 Wenlock Road, London, England, N1 7GU","20-22 Wenlock Road, London, England, N1 7GU",,,,,,,,,1
55226,4039,Z AND W LTD,ALL ABOUT BOILERS LTD,"20-22 Wenlock Road, London, England, N1 7GU","20-22 Wenlock Road, London, England, N1 7GU",,,,,,,,,1
55226,5606,Z AND W LTD,GOOD CONNEXION LTD,"20-22 Wenlock Road, London, England, N1 7GU","20-22 Wenlock Road, London, England, N1 7GU",,,,,,,,,1
55226,6679,Z AND W LTD,Q BRANCH SOLUTIONS LTD,"20-22 Wenlock Road, London, England, N1 7GU","20-22 Wenlock Road, London, England, N1 7GU",,,,,,,,,1
55226,7079,Z AND W LTD,H A DIRECT LTD,"20-22 Wenlock Road, London, England, N1 7GU","20-22 Wenlock Road, London, England, N1 7GU",,,,,,,,,1
55226,8008,Z AND W LTD,GOOD & YOUNG LTD,"20-22 Wenlock Road, London, England, N1 7GU","20-22 Wenlock Road, London, England, N1 7GU",,,,,,,,,1
55226,13025,Z AND W LTD,NEW AGE PLUMBING AND HEATING SERVICES LTD,"20-22 Wenlock Road, London, England, N1 7GU","20-22 Wenlock Road, London, England, N1 7GU",,,,,,,,,1
55226,13096,Z AND W LTD,GOOD BEAGLE INTERNATIONAL LTD,"20-22 Wenlock Road, London, England, N1 7GU","20-22 Wenlock Road, London, England, N1 7GU",,,,,,,,,1
55226,14082,Z AND W LTD,SOFTWARE BRAIN LTD,"20-22 Wenlock Road, London, England, N1 7GU","20-22 Wenlock Road, London, England, N1 7GU",,,,,,,,,1
55226,16743,Z AND W LTD,Q BRIDGE ENTERTAINMENT LTD,"20-22 Wenlock Road, London, England, N1 7GU","20-22 Wenlock Road, London, England, N1 7GU",,,,,,,,,1
55226,17304,Z AND W LTD,PERGORA FINANCES INVESTMENTS LTD,"20-22 Wenlock Road, London, England, N1 7GU","20-22 Wenlock Road, London, England, N1 7GU",,,,,,,,,1
55226,17549,Z AND W LTD,ALL ABOUT PROPERTIES LTD,"20-22 Wenlock Road, London, England, N1 7GU","20-22 Wenlock Road, London, England, N1 7GU",,,,,,,,,1
55226,18882,Z AND W LTD,NEW AGE TOURING PRODUCTIONS LIMITED,"20-22 Wenlock Road, London, England, N1 7GU","20-22 Wenlock Road, London, England, N1 7GU",,,,,,,,,1
55226,20362,Z AND W LTD,FOOD AND PACKAGING WHOLESALE LTD,"20-22 Wenlock Road, London, England, N1 7GU","20-22 Wenlock Road, London, England, N1 7GU",,,,,,,,,1
55226,23046,Z AND W LTD,HAWTHORN ROSE HOMES LIMITED,"20-22 Wenlock Road, London, England, N1 7GU","20-22 Wenlock Road, London, England, N1 7GU",,,,,,,,,1
55226,23876,Z AND W LTD,ALL ABOUT REEL LTD,"20-22 Wenlock Road, London, England, N1 7GU","20-22 Wenlock Road, London, England, N1 7GU",,,,,,,,,1
55226,25761,Z AND W LTD,GOOD CURRIES LTD,"20-22 Wenlock Road, London, England, N1 7GU","20-22 Wenlock Road, London, England, N1 7GU",,,,,,,,,1
55226,27689,Z AND W LTD,FOOD DISCOUNTS LTD,"20-22 Wenlock Road, London, England, N1 7GU","20-22 Wenlock Road, London, England, N1 7GU",,,,,,,,,1
55226,29271,Z AND W LTD,SOFTWARE DEFENCES LTD,"20-22 Wenlock Road, London, England, N1 7GU","20-22 Wenlock Road, London, England, N1 7GU",,,,,,,,,1
55226,29377,Z AND W LTD,KNOWING FINANCES LTD,"20-22 Wenlock Road, London, England, N1 7GU","20-22 Wenlock Road, London, England, N1 7GU",,,,,,,,,1
55226,30243,Z AND W LTD,BEAUTY AND NATURE STORE LTD,"20-22 Wenlock Road, London, England, N1 7GU","20-22 Wenlock Road, London, England, N1 7GU",,,,,,,,,1
55226,30445,Z AND W LTD,Z AND J GROUP LTD,"20-22 Wenlock Road, London, England, N1 7GU","20-22 Wenlock Road, London, England, N1 7GU",,,,,,,,,1
55226,30467,Z AND W LTD,Q BRIDGE MUSIC LTD,"20-22 Wenlock Road, London, England, N1 7GU","20-22 Wenlock Road, London, England, N1 7GU",,,,,,,,,1
55226,31894,Z AND W LTD,ALL ABOUT CLAIMS LTD,"20-22 Wenlock Road, London, England, N1 7GU","20-22 Wenlock Road, London, England, N1 7GU",,,,,,,,,1
55226,32040,Z AND W LTD,BEAUTY BOUND LTD,"20-22 Wenlock Road, London, England, N1 7GU","20-22 Wenlock Road, London, England, N1 7GU",,,,,,,,,1
55226,32153,Z AND W LTD,BAD BOYS MAKE NOISE LTD,"20-22 Wenlock Road, London, England, N1 7GU","20-22 Wenlock Road, London, England, N1 7GU",,,,,,,,,1
55226,33286,Z AND W LTD,GOOD BOY TRADING LIMITED,"20-22 Wenlock Road, London, England, N1 7GU","20-22 Wenlock Road, London, England, N1 7GU",,,,,,,,,1
55226,33760,Z AND W LTD,GOOD ADVICE FOR LIVING LTD,"20-22 Wenlock Road, London, England, N1 7GU","20-22 Wenlock Road, London, England, N1 7GU",,,,,,,,,1
55226,35148,Z AND W LTD,U FINANCE LTD,"20-22 Wenlock Road, London, England, N1 7GU","20-22 Wenlock Road, London, England, N1 7GU",,,,,,,,,1
55226,38154,Z AND W LTD,Q ADMINISTRATION LIMITED,"20-22 Wenlock Road, London, England, N1 7GU","20-22 Wenlock Road, London, England, N1 7GU",,,,,,,,,1
55226,38905,Z AND W LTD,V AND J'S SOIREES LTD,"20-22 Wenlock Road, London, England, N1 7GU","20-22 Wenlock Road, London, England, N1 7GU",,,,,,,,,1
55226,39260,Z AND W LTD,NEW AGE STORE LTD,"20-22 Wenlock Road, London, England, N1 7GU","20-22 Wenlock Road, London, England, N1 7GU",,,,,,,,,1
55226,41076,Z AND W LTD,ALL ABOUT CLADDING LTD,"20-22 Wenlock Road, London, England, N1 7GU","20-22 Wenlock Road, London, England, N1 7GU",,,,,,,,,1
55226,42709,Z AND W LTD,Z AUDIO DIGITAL LTD,"20-22 Wenlock Road, London, England, N1 7GU","20-22 Wenlock Road, London, England, N1 7GU",,,,,,,,,1
55226,43242,Z AND W LTD,SOFTWARE SHIFT LTD,"20-22 Wenlock Road, London, England, N1 7GU","20-22 Wenlock Road, London, England, N1 7GU",,,,,,,,,1
55226,43269,Z AND W LTD,SOFTWARE HATCH LTD,"20-22 Wenlock Road, London, England, N1 7GU","20-22 Wenlock Road, London, England, N1 7GU",,,,,,,,,1
55226,43678,Z AND W LTD,SOFTWARE SOLUTIONS MANAGEMENT LTD,"20-22 Wenlock Road, London, England, N1 7GU","20-22 Wenlock Road, London, England, N1 7GU",,,,,,,,,1
55226,46081,Z AND W LTD,BAD BOY BOSSES LTD,"20-22 Wenlock Road, London, England, N1 7GU","20-22 Wenlock Road, London, England, N1 7GU",,,,,,,,,1
55226,48606,Z AND W LTD,BEAUTY AND BRAVADO LTD,"20-22 Wenlock Road, London, England, N1 7GU","20-22 Wenlock Road, London, England, N1 7GU",,,,,,,,,1
55226,49966,Z AND W LTD,BEAUTY AESTHETICS SALON LTD,"20-22 Wenlock Road, London, England, N1 7GU","20-22 Wenlock Road, London, England, N1 7GU",,,,,,,,,1
55226,52693,Z AND W LTD,ALL ABOUT ESTATES LTD,"20-22 Wenlock Road, London, England, N1 7GU","20-22 Wenlock Road, London, England, N1 7GU",,,,,,,,,1
55226,53144,Z AND W LTD,FOOD DELIVERY SHROPSHIRE LTD,"20-22 Wenlock Road, London, England, N1 7GU","20-22 Wenlock Road, London, England, N1 7GU",,,,,,,,,1
55226,55047,Z AND W LTD,ALL ABOUT ACCOUNTS LIMITED,"20-22 Wenlock Road, London, England, N1 7GU","20-22 Wenlock Road, London, England, N1 7GU",,,,,,,,,1
55266,22131,GOOD CONSULTANTS UK LTD,GOOD ADVICE UK LIMITED,"Office 1.02 Vauxhall Sky Gardens, 153 Wandsworth Road, London, United Kingdom, SW8 2GB","Office 1.02 Vauxhall Sky Gardens, 153 Wandsworth Road, London, United Kingdom, SW8 2GB",,,,,,,,,1
55288,15475,HADDAD TRADING H & H LIMITED,NEW ABILITY LIMITED,"Smalls Hill Farm, Smalls Hill Road, Leigh, Surrey, England, RH2 8QB","Smalls Hill Farm, Smalls Hill Road, Leigh, Surrey, England, RH2 8QB",,,,,,,,,1
55301,4786,MetLife Inc,BNY Mellon Wealth Management,"200 Park Avenue, New York, 10166","200 Park Avenue, New York, 10166",,,,,,,,,1
55459,22424,R. A. GLASS ASSOCIATES (COMBER) LTD,R. A. GLASS ASSOCIATES (LARNE) LTD,"4th Floor Donegall House, 7 Donegall Square North, Belfast, BT1 5GB","4th Floor Donegall House, 7 Donegall Square North, Belfast, BT1 5GB",,,,,,,,,1
55471,35995,GOOD BEAUTY GUIDE LIMITED,GOOD BARBERS GUIDE LIMITED,"601 London Road, Westcliff-On-Sea, England, SS0 9PE","601 London Road, Westcliff-On-Sea, England, SS0 9PE",,,,,,,,,1
55491,28243,ALL LTD.,PARALLEL APPLICATIONS LTD,"20 Ashridge Gardens, Pinner, Middlesex, HA5 1DU","20 Ashridge Gardens, Pinner, Middlesex, HA5 1DU",,,,,,,,,1
55534,21740,FINANCE SUPPORT SERVICES LTD,DF FINANCES LIMITED,"840 Ibis Court Centre Park, Warrington, England, WA1 1RL","840 Ibis Court Centre Park, Warrington, England, WA1 1RL",,,,,,,,,1
55534,39434,FINANCE SUPPORT SERVICES LTD,T A LANCASTER CONTRACTING LIMITED,"840 Ibis Court Centre Park, Warrington, England, WA1 1RL","840 Ibis Court Centre Park, Warrington, England, WA1 1RL",,,,,,,,,1
55534,43167,FINANCE SUPPORT SERVICES LTD,S A BUCKLE LTD,"840 Ibis Court Centre Park, Warrington, England, WA1 1RL","840 Ibis Court Centre Park, Warrington, England, WA1 1RL",,,,,,,,,1
55565,28006,ALL ABOUT DOGS LIMITED,ALL ABOUT GARDENS (S.E.) LIMITED,"Las Partnership The Rivendell Centre, White Horse Lane, Maldon, Essex, England, CM9 5QP","Las Partnership The Rivendell Centre, White Horse Lane, Maldon, Essex, England, CM9 5QP",,,,,,,,,1
55620,1036,Amazon Eu S.a Rl,Amazon Italia Transport Srl,"VIALE MONTE GRAPPA 3/5, MILANO, 20124, MILANO, ITALY","VIALE MONTE GRAPPA 3/5, MILANO, 20124, MILANO, ITALY",,,,,IT08973230967,IT09598330968,,,1
55620,47718,Amazon Eu S.a Rl,Amazon Web Services Emea Sarl,"VIALE MONTE GRAPPA 3/5, MILANO, 20124, MILANO, ITALY","VIALE MONTE GRAPPA 3/5, MILANO, 20124, MILANO, ITALY",,,,,IT08973230967,IT10119840964,,,1
55689,35247,Z & G JOINERY LIMITED,Z C SAMUELS LTD,"349 Bury Old Road, Prestwich, Manchester, England, M25 1PY","349 Bury Old Road, Prestwich, Manchester, England, M25 1PY",,,,,,,,,1
55815,7235,GOOD COMPANY MANAGEMENT LTD,GOOD COMPANY RECORDS LTD,"Studio 1 305a Goldhawk Road, London, United Kingdom, W12 8EU","Studio 1 305a Goldhawk Road, London, United Kingdom, W12 8EU",,,,,,,,,1
55815,9683,GOOD COMPANY MANAGEMENT LTD,GOOD COMPANY ENTERTAINMENT LTD,"Studio 1 305a Goldhawk Road, London, United Kingdom, W12 8EU","Studio 1 305a Goldhawk Road, London, United Kingdom, W12 8EU",,,,,,,,,1
55815,42029,GOOD COMPANY MANAGEMENT LTD,GOOD COMPANY EVENTS LTD,"Studio 1 305a Goldhawk Road, London, United Kingdom, W12 8EU","Studio 1 305a Goldhawk Road, London, United Kingdom, W12 8EU",,,,,,,,,1
55815,51054,GOOD COMPANY MANAGEMENT LTD,GOOD COMPANY MUSIC LTD,"Studio 1 305a Goldhawk Road, London, United Kingdom, W12 8EU","Studio 1 305a Goldhawk Road, London, United Kingdom, W12 8EU",,,,,,,,,1
55817,93,V AESTHETICA LTD,SOFTWARE DEVELOPMENT SERVICES LTD,"20-22 Wenlock Road, London, England, N1 7GU","20-22 Wenlock Road, London, England, N1 7GU",,,,,,,,,1
55817,502,V AESTHETICA LTD,Z AND P INCORPORATED LTD,"20-22 Wenlock Road, London, England, N1 7GU","20-22 Wenlock Road, London, England, N1 7GU",,,,,,,,,1
55817,776,V AESTHETICA LTD,T & ASH LTD,"20-22 Wenlock Road, London, England, N1 7GU","20-22 Wenlock Road, London, England, N1 7GU",,,,,,,,,1
55817,3415,V AESTHETICA LTD,FOOD BOOKING LTD,"20-22 Wenlock Road, London, England, N1 7GU","20-22 Wenlock Road, London, England, N1 7GU",,,,,,,,,1
55817,4039,V AESTHETICA LTD,ALL ABOUT BOILERS LTD,"20-22 Wenlock Road, London, England, N1 7GU","20-22 Wenlock Road, London, England, N1 7GU",,,,,,,,,1
55817,5606,V AESTHETICA LTD,GOOD CONNEXION LTD,"20-22 Wenlock Road, London, England, N1 7GU","20-22 Wenlock Road, London, England, N1 7GU",,,,,,,,,1
55817,6679,V AESTHETICA LTD,Q BRANCH SOLUTIONS LTD,"20-22 Wenlock Road, London, England, N1 7GU","20-22 Wenlock Road, London, England, N1 7GU",,,,,,,,,1
55817,7079,V AESTHETICA LTD,H A DIRECT LTD,"20-22 Wenlock Road, London, England, N1 7GU","20-22 Wenlock Road, London, England, N1 7GU",,,,,,,,,1
55817,8008,V AESTHETICA LTD,GOOD & YOUNG LTD,"20-22 Wenlock Road, London, England, N1 7GU","20-22 Wenlock Road, London, England, N1 7GU",,,,,,,,,1
55817,13025,V AESTHETICA LTD,NEW AGE PLUMBING AND HEATING SERVICES LTD,"20-22 Wenlock Road, London, England, N1 7GU","20-22 Wenlock Road, London, England, N1 7GU",,,,,,,,,1
55817,13096,V AESTHETICA LTD,GOOD BEAGLE INTERNATIONAL LTD,"20-22 Wenlock Road, London, England, N1 7GU","20-22 Wenlock Road, London, England, N1 7GU",,,,,,,,,1
55817,14082,V AESTHETICA LTD,SOFTWARE BRAIN LTD,"20-22 Wenlock Road, London, England, N1 7GU","20-22 Wenlock Road, London, England, N1 7GU",,,,,,,,,1
55817,16743,V AESTHETICA LTD,Q BRIDGE ENTERTAINMENT LTD,"20-22 Wenlock Road, London, England, N1 7GU","20-22 Wenlock Road, London, England, N1 7GU",,,,,,,,,1
55817,17304,V AESTHETICA LTD,PERGORA FINANCES INVESTMENTS LTD,"20-22 Wenlock Road, London, England, N1 7GU","20-22 Wenlock Road, London, England, N1 7GU",,,,,,,,,1
55817,17549,V AESTHETICA LTD,ALL ABOUT PROPERTIES LTD,"20-22 Wenlock Road, London, England, N1 7GU","20-22 Wenlock Road, London, England, N1 7GU",,,,,,,,,1
55817,18882,V AESTHETICA LTD,NEW AGE TOURING PRODUCTIONS LIMITED,"20-22 Wenlock Road, London, England, N1 7GU","20-22 Wenlock Road, London, England, N1 7GU",,,,,,,,,1
55817,20362,V AESTHETICA LTD,FOOD AND PACKAGING WHOLESALE LTD,"20-22 Wenlock Road, London, England, N1 7GU","20-22 Wenlock Road, London, England, N1 7GU",,,,,,,,,1
55817,23046,V AESTHETICA LTD,HAWTHORN ROSE HOMES LIMITED,"20-22 Wenlock Road, London, England, N1 7GU","20-22 Wenlock Road, London, England, N1 7GU",,,,,,,,,1
55817,23876,V AESTHETICA LTD,ALL ABOUT REEL LTD,"20-22 Wenlock Road, London, England, N1 7GU","20-22 Wenlock Road, London, England, N1 7GU",,,,,,,,,1
55817,25761,V AESTHETICA LTD,GOOD CURRIES LTD,"20-22 Wenlock Road, London, England, N1 7GU","20-22 Wenlock Road, London, England, N1 7GU",,,,,,,,,1
55817,27689,V AESTHETICA LTD,FOOD DISCOUNTS LTD,"20-22 Wenlock Road, London, England, N1 7GU","20-22 Wenlock Road, London, England, N1 7GU",,,,,,,,,1
55817,29271,V AESTHETICA LTD,SOFTWARE DEFENCES LTD,"20-22 Wenlock Road, London, England, N1 7GU","20-22 Wenlock Road, London, England, N1 7GU",,,,,,,,,1
55817,29377,V AESTHETICA LTD,KNOWING FINANCES LTD,"20-22 Wenlock Road, London, England, N1 7GU","20-22 Wenlock Road, London, England, N1 7GU",,,,,,,,,1
55817,30243,V AESTHETICA LTD,BEAUTY AND NATURE STORE LTD,"20-22 Wenlock Road, London, England, N1 7GU","20-22 Wenlock Road, London, England, N1 7GU",,,,,,,,,1
55817,30445,V AESTHETICA LTD,Z AND J GROUP LTD,"20-22 Wenlock Road, London, England, N1 7GU","20-22 Wenlock Road, London, England, N1 7GU",,,,,,,,,1
55817,30467,V AESTHETICA LTD,Q BRIDGE MUSIC LTD,"20-22 Wenlock Road, London, England, N1 7GU","20-22 Wenlock Road, London, England, N1 7GU",,,,,,,,,1
55817,31894,V AESTHETICA LTD,ALL ABOUT CLAIMS LTD,"20-22 Wenlock Road, London, England, N1 7GU","20-22 Wenlock Road, London, England, N1 7GU",,,,,,,,,1
55817,32040,V AESTHETICA LTD,BEAUTY BOUND LTD,"20-22 Wenlock Road, London, England, N1 7GU","20-22 Wenlock Road, London, England, N1 7GU",,,,,,,,,1
55817,32153,V AESTHETICA LTD,BAD BOYS MAKE NOISE LTD,"20-22 Wenlock Road, London, England, N1 7GU","20-22 Wenlock Road, London, England, N1 7GU",,,,,,,,,1
55817,33286,V AESTHETICA LTD,GOOD BOY TRADING LIMITED,"20-22 Wenlock Road, London, England, N1 7GU","20-22 Wenlock Road, London, England, N1 7GU",,,,,,,,,1
55817,33760,V AESTHETICA LTD,GOOD ADVICE FOR LIVING LTD,"20-22 Wenlock Road, London, England, N1 7GU","20-22 Wenlock Road, London, England, N1 7GU",,,,,,,,,1
55817,35148,V AESTHETICA LTD,U FINANCE LTD,"20-22 Wenlock Road, London, England, N1 7GU","20-22 Wenlock Road, London, England, N1 7GU",,,,,,,,,1
55817,38154,V AESTHETICA LTD,Q ADMINISTRATION LIMITED,"20-22 Wenlock Road, London, England, N1 7GU","20-22 Wenlock Road, London, England, N1 7GU",,,,,,,,,1
55817,38905,V AESTHETICA LTD,V AND J'S SOIREES LTD,"20-22 Wenlock Road, London, England, N1 7GU","20-22 Wenlock Road, London, England, N1 7GU",,,,,,,,,1
55817,39260,V AESTHETICA LTD,NEW AGE STORE LTD,"20-22 Wenlock Road, London, England, N1 7GU","20-22 Wenlock Road, London, England, N1 7GU",,,,,,,,,1
55817,41076,V AESTHETICA LTD,ALL ABOUT CLADDING LTD,"20-22 Wenlock Road, London, England, N1 7GU","20-22 Wenlock Road, London, England, N1 7GU",,,,,,,,,1
55817,42709,V AESTHETICA LTD,Z AUDIO DIGITAL LTD,"20-22 Wenlock Road, London, England, N1 7GU","20-22 Wenlock Road, London, England, N1 7GU",,,,,,,,,1
55817,43242,V AESTHETICA LTD,SOFTWARE SHIFT LTD,"20-22 Wenlock Road, London, England, N1 7GU","20-22 Wenlock Road, London, England, N1 7GU",,,,,,,,,1
55817,43269,V AESTHETICA LTD,SOFTWARE HATCH LTD,"20-22 Wenlock Road, London, England, N1 7GU","20-22 Wenlock Road, London, England, N1 7GU",,,,,,,,,1
55817,43678,V AESTHETICA LTD,SOFTWARE SOLUTIONS MANAGEMENT LTD,"20-22 Wenlock Road, London, England, N1 7GU","20-22 Wenlock Road, London, England, N1 7GU",,,,,,,,,1
55817,46081,V AESTHETICA LTD,BAD BOY BOSSES LTD,"20-22 Wenlock Road, London, England, N1 7GU","20-22 Wenlock Road, London, England, N1 7GU",,,,,,,,,1
55817,48606,V AESTHETICA LTD,BEAUTY AND BRAVADO LTD,"20-22 Wenlock Road, London, England, N1 7GU","20-22 Wenlock Road, London, England, N1 7GU",,,,,,,,,1
55817,49966,V AESTHETICA LTD,BEAUTY AESTHETICS SALON LTD,"20-22 Wenlock Road, London, England, N1 7GU","20-22 Wenlock Road, London, England, N1 7GU",,,,,,,,,1
55817,52693,V AESTHETICA LTD,ALL ABOUT ESTATES LTD,"20-22 Wenlock Road, London, England, N1 7GU","20-22 Wenlock Road, London, England, N1 7GU",,,,,,,,,1
55817,53144,V AESTHETICA LTD,FOOD DELIVERY SHROPSHIRE LTD,"20-22 Wenlock Road, London, England, N1 7GU","20-22 Wenlock Road, London, England, N1 7GU",,,,,,,,,1
55817,55047,V AESTHETICA LTD,ALL ABOUT ACCOUNTS LIMITED,"20-22 Wenlock Road, London, England, N1 7GU","20-22 Wenlock Road, London, England, N1 7GU",,,,,,,,,1
55817,55226,V AESTHETICA LTD,Z AND W LTD,"20-22 Wenlock Road, London, England, N1 7GU","20-22 Wenlock Road, London, England, N1 7GU",,,,,,,,,1
55820,54685,Erg Spa,Erg Power Generation Spa,"VIA DE MARINI 1, GENOVA, 16149, GENOVA, ITALY","VIA DE MARINI 1, GENOVA, 16149, GENOVA, ITALY",,,,,IT10122410151,IT01440590899,Europe,,1
55836,6864,SOFTWARE RENTALS LIMITED,BAD BOY PROMOTIONS LIMITED,"1 Royal Terrace, Southend-On-Sea, Essex, SS1 1EA","1 Royal Terrace, Southend-On-Sea, Essex, SS1 1EA",,,,,,,,,1
55912,13504,SOFTWARE DESIGN SYSTEMS LTD,EPM FINANCES LTD,"4th Floor Radius House, 51 Clarendon Road, Watford, Hertfordshire, England, WD17 1HP","4th Floor Radius House, 51 Clarendon Road, Watford, Hertfordshire, England, WD17 1HP",,,,,,,,,1
55928,40007,Q AND P TRADE LTD,Q & P MOTORS LTD,"34 Hardstaff Road, Nottingham, England, NG2 4HS","34 Hardstaff Road, Nottingham, England, NG2 4HS",,,,,,,,,1
56071,44897,SOFTWARE SPV 2 LIMITED,SOFTWARE SPV 1 LIMITED,"T Bromley, Ground Floor, 15 London Road, Bromley, England, BR1 1DE","T Bromley, Ground Floor, 15 London Road, Bromley, England, BR1 1DE",,,,,,,,,1
56099,7849,V & C HAPPY DAYS PROPERTIES LTD,BEAUTY BEE WITH DEBS LTD,"Military House, 24 Castle Street, Chester, Cheshire, United Kingdom, CH1 2DS","Military House, 24 Castle Street, Chester, Cheshire, United Kingdom, CH1 2DS",,,,,,,,,1
56280,750,SOFTWARE EXPERTS GROUP LTD,BAD PACKETS LTD,"71-75 Shelton Street, Covent Garden, London, England, WC2H 9JQ","71-75 Shelton Street, Covent Garden, London, England, WC2H 9JQ",,,,,,,,,1
56280,6749,SOFTWARE EXPERTS GROUP LTD,FINANCES AND LAW SOLUTIONS LTD,"71-75 Shelton Street, Covent Garden, London, England, WC2H 9JQ","71-75 Shelton Street, Covent Garden, London, England, WC2H 9JQ",,,,,,,,,1
56280,10919,SOFTWARE EXPERTS GROUP LTD,TRUSTED FINANCES AND PROTECTION LTD,"71-75 Shelton Street, Covent Garden, London, England, WC2H 9JQ","71-75 Shelton Street, Covent Garden, London, England, WC2H 9JQ",,,,,,,,,1
56280,12172,SOFTWARE EXPERTS GROUP LTD,SADIO S LIMITED,"71-75 Shelton Street, Covent Garden, London, England, WC2H 9JQ","71-75 Shelton Street, Covent Garden, London, England, WC2H 9JQ",,,,,,,,,1
56280,21363,SOFTWARE EXPERTS GROUP LTD,BAD VEGAN LTD,"71-75 Shelton Street, Covent Garden, London, England, WC2H 9JQ","71-75 Shelton Street, Covent Garden, London, England, WC2H 9JQ",,,,,,,,,1
56280,23018,SOFTWARE EXPERTS GROUP LTD,U & I UN LIMITED,"71-75 Shelton Street, Covent Garden, London, England, WC2H 9JQ","71-75 Shelton Street, Covent Garden, London, England, WC2H 9JQ",,,,,,,,,1
56280,35043,SOFTWARE EXPERTS GROUP LTD,BEAUTY AND SERENITY LTD,"71-75 Shelton Street, Covent Garden, London, England, WC2H 9JQ","71-75 Shelton Street, Covent Garden, London, England, WC2H 9JQ",,,,,,,,,1
56280,43880,SOFTWARE EXPERTS GROUP LTD,NEW ABILITIES PROPERTY MANAGEMENT LTD,"71-75 Shelton Street, Covent Garden, London, England, WC2H 9JQ","71-75 Shelton Street, Covent Garden, London, England, WC2H 9JQ",,,,,,,,,1
56338,14050,Q APARTMENTS (UK) LIMITED,BEAUTY AND THE YEAST LTD,"64 New Cavendish Street, London, England, W1G 8TB","64 New Cavendish Street, London, England, W1G 8TB",,,,,,,,,1
56454,14295,Telecom Italia Spa,Fibercop Spa,"VIA GAETANO NEGRI 1, MILANO, 20123, MILANO, ITALY","VIA GAETANO NEGRI 1, MILANO, 20123, MILANO, ITALY",,,,,IT00488410010,IT11459900962,,,1
56486,56395,Virtu Financial Inc,Warner Music Group Corp,"1633 Broadway, New York, 10019","1633 Broadway, New York, 10019",,,,,,,,,1
56549,25464,Genting Malaysia Bhd,Genting Bhd,"24th Floor, Wisma Genting, Jalan Sultan Ismail, Kuala Lumpur, 50250","24th Floor, Wisma Genting, Jalan Sultan Ismail, Kuala Lumpur, 50250",,,,,,,,,1
56774,93,BEAUTY AGENDA APP LTD,SOFTWARE DEVELOPMENT SERVICES LTD,"20-22 Wenlock Road, London, England, N1 7GU","20-22 Wenlock Road, London, England, N1 7GU",,,,,,,,,1
56774,502,BEAUTY AGENDA APP LTD,Z AND P INCORPORATED LTD,"20-22 Wenlock Road, London, England, N1 7GU","20-22 Wenlock Road, London, England, N1 7GU",,,,,,,,,1
56774,776,BEAUTY AGENDA APP LTD,T & ASH LTD,"20-22 Wenlock Road, London, England, N1 7GU","20-22 Wenlock Road, London, England, N1 7GU",,,,,,,,,1
56774,3415,BEAUTY AGENDA APP LTD,FOOD BOOKING LTD,"20-22 Wenlock Road, London, England, N1 7GU","20-22 Wenlock Road, London, England, N1 7GU",,,,,,,,,1
56774,4039,BEAUTY AGENDA APP LTD,ALL ABOUT BOILERS LTD,"20-22 Wenlock Road, London, England, N1 7GU","20-22 Wenlock Road, London, England, N1 7GU",,,,,,,,,1
56774,5606,BEAUTY AGENDA APP LTD,GOOD CONNEXION LTD,"20-22 Wenlock Road, London, England, N1 7GU","20-22 Wenlock Road, London, England, N1 7GU",,,,,,,,,1
56774,6679,BEAUTY AGENDA APP LTD,Q BRANCH SOLUTIONS LTD,"20-22 Wenlock Road, London, England, N1 7GU","20-22 Wenlock Road, London, England, N1 7GU",,,,,,,,,1
56774,7079,BEAUTY AGENDA APP LTD,H A DIRECT LTD,"20-22 Wenlock Road, London, England, N1 7GU","20-22 Wenlock Road, London, England, N1 7GU",,,,,,,,,1
56774,8008,BEAUTY AGENDA APP LTD,GOOD & YOUNG LTD,"20-22 Wenlock Road, London, England, N1 7GU","20-22 Wenlock Road, London, England, N1 7GU",,,,,,,,,1
56774,13025,BEAUTY AGENDA APP LTD,NEW AGE PLUMBING AND HEATING SERVICES LTD,"20-22 Wenlock Road, London, England, N1 7GU","20-22 Wenlock Road, London, England, N1 7GU",,,,,,,,,1
56774,13096,BEAUTY AGENDA APP LTD,GOOD BEAGLE INTERNATIONAL LTD,"20-22 Wenlock Road, London, England, N1 7GU","20-22 Wenlock Road, London, England, N1 7GU",,,,,,,,,1
56774,14082,BEAUTY AGENDA APP LTD,SOFTWARE BRAIN LTD,"20-22 Wenlock Road, London, England, N1 7GU","20-22 Wenlock Road, London, England, N1 7GU",,,,,,,,,1
56774,16743,BEAUTY AGENDA APP LTD,Q BRIDGE ENTERTAINMENT LTD,"20-22 Wenlock Road, London, England, N1 7GU","20-22 Wenlock Road, London, England, N1 7GU",,,,,,,,,1
56774,17304,BEAUTY AGENDA APP LTD,PERGORA FINANCES INVESTMENTS LTD,"20-22 Wenlock Road, London, England, N1 7GU","20-22 Wenlock Road, London, England, N1 7GU",,,,,,,,,1
56774,17549,BEAUTY AGENDA APP LTD,ALL ABOUT PROPERTIES LTD,"20-22 Wenlock Road, London, England, N1 7GU","20-22 Wenlock Road, London, England, N1 7GU",,,,,,,,,1
56774,18882,BEAUTY AGENDA APP LTD,NEW AGE TOURING PRODUCTIONS LIMITED,"20-22 Wenlock Road, London, England, N1 7GU","20-22 Wenlock Road, London, England, N1 7GU",,,,,,,,,1
56774,20362,BEAUTY AGENDA APP LTD,FOOD AND PACKAGING WHOLESALE LTD,"20-22 Wenlock Road, London, England, N1 7GU","20-22 Wenlock Road, London, England, N1 7GU",,,,,,,,,1
56774,23046,BEAUTY AGENDA APP LTD,HAWTHORN ROSE HOMES LIMITED,"20-22 Wenlock Road, London, England, N1 7GU","20-22 Wenlock Road, London, England, N1 7GU",,,,,,,,,1
56774,23876,BEAUTY AGENDA APP LTD,ALL ABOUT REEL LTD,"20-22 Wenlock Road, London, England, N1 7GU","20-22 Wenlock Road, London, England, N1 7GU",,,,,,,,,1
56774,25761,BEAUTY AGENDA APP LTD,GOOD CURRIES LTD,"20-22 Wenlock Road, London, England, N1 7GU","20-22 Wenlock Road, London, England, N1 7GU",,,,,,,,,1
56774,27689,BEAUTY AGENDA APP LTD,FOOD DISCOUNTS LTD,"20-22 Wenlock Road, London, England, N1 7GU","20-22 Wenlock Road, London, England, N1 7GU",,,,,,,,,1
56774,29271,BEAUTY AGENDA APP LTD,SOFTWARE DEFENCES LTD,"20-22 Wenlock Road, London, England, N1 7GU","20-22 Wenlock Road, London, England, N1 7GU",,,,,,,,,1
56774,29377,BEAUTY AGENDA APP LTD,KNOWING FINANCES LTD,"20-22 Wenlock Road, London, England, N1 7GU","20-22 Wenlock Road, London, England, N1 7GU",,,,,,,,,1
56774,30243,BEAUTY AGENDA APP LTD,BEAUTY AND NATURE STORE LTD,"20-22 Wenlock Road, London, England, N1 7GU","20-22 Wenlock Road, London, England, N1 7GU",,,,,,,,,1
56774,30445,BEAUTY AGENDA APP LTD,Z AND J GROUP LTD,"20-22 Wenlock Road, London, England, N1 7GU","20-22 Wenlock Road, London, England, N1 7GU",,,,,,,,,1
56774,30467,BEAUTY AGENDA APP LTD,Q BRIDGE MUSIC LTD,"20-22 Wenlock Road, London, England, N1 7GU","20-22 Wenlock Road, London, England, N1 7GU",,,,,,,,,1
56774,31894,BEAUTY AGENDA APP LTD,ALL ABOUT CLAIMS LTD,"20-22 Wenlock Road, London, England, N1 7GU","20-22 Wenlock Road, London, England, N1 7GU",,,,,,,,,1
56774,32040,BEAUTY AGENDA APP LTD,BEAUTY BOUND LTD,"20-22 Wenlock Road, London, England, N1 7GU","20-22 Wenlock Road, London, England, N1 7GU",,,,,,,,,1
56774,32153,BEAUTY AGENDA APP LTD,BAD BOYS MAKE NOISE LTD,"20-22 Wenlock Road, London, England, N1 7GU","20-22 Wenlock Road, London, England, N1 7GU",,,,,,,,,1
56774,33286,BEAUTY AGENDA APP LTD,GOOD BOY TRADING LIMITED,"20-22 Wenlock Road, London, England, N1 7GU","20-22 Wenlock Road, London, England, N1 7GU",,,,,,,,,1
56774,33760,BEAUTY AGENDA APP LTD,GOOD ADVICE FOR LIVING LTD,"20-22 Wenlock Road, London, England, N1 7GU","20-22 Wenlock Road, London, England, N1 7GU",,,,,,,,,1
56774,35148,BEAUTY AGENDA APP LTD,U FINANCE LTD,"20-22 Wenlock Road, London, England, N1 7GU","20-22 Wenlock Road, London, England, N1 7GU",,,,,,,,,1
56774,38154,BEAUTY AGENDA APP LTD,Q ADMINISTRATION LIMITED,"20-22 Wenlock Road, London, England, N1 7GU","20-22 Wenlock Road, London, England, N1 7GU",,,,,,,,,1
56774,38905,BEAUTY AGENDA APP LTD,V AND J'S SOIREES LTD,"20-22 Wenlock Road, London, England, N1 7GU","20-22 Wenlock Road, London, England, N1 7GU",,,,,,,,,1
56774,39260,BEAUTY AGENDA APP LTD,NEW AGE STORE LTD,"20-22 Wenlock Road, London, England, N1 7GU","20-22 Wenlock Road, London, England, N1 7GU",,,,,,,,,1
56774,41076,BEAUTY AGENDA APP LTD,ALL ABOUT CLADDING LTD,"20-22 Wenlock Road, London, England, N1 7GU","20-22 Wenlock Road, London, England, N1 7GU",,,,,,,,,1
56774,42709,BEAUTY AGENDA APP LTD,Z AUDIO DIGITAL LTD,"20-22 Wenlock Road, London, England, N1 7GU","20-22 Wenlock Road, London, England, N1 7GU",,,,,,,,,1
56774,43242,BEAUTY AGENDA APP LTD,SOFTWARE SHIFT LTD,"20-22 Wenlock Road, London, England, N1 7GU","20-22 Wenlock Road, London, England, N1 7GU",,,,,,,,,1
56774,43269,BEAUTY AGENDA APP LTD,SOFTWARE HATCH LTD,"20-22 Wenlock Road, London, England, N1 7GU","20-22 Wenlock Road, London, England, N1 7GU",,,,,,,,,1
56774,43678,BEAUTY AGENDA APP LTD,SOFTWARE SOLUTIONS MANAGEMENT LTD,"20-22 Wenlock Road, London, England, N1 7GU","20-22 Wenlock Road, London, England, N1 7GU",,,,,,,,,1
56774,46081,BEAUTY AGENDA APP LTD,BAD BOY BOSSES LTD,"20-22 Wenlock Road, London, England, N1 7GU","20-22 Wenlock Road, London, England, N1 7GU",,,,,,,,,1
56774,48606,BEAUTY AGENDA APP LTD,BEAUTY AND BRAVADO LTD,"20-22 Wenlock Road, London, England, N1 7GU","20-22 Wenlock Road, London, England, N1 7GU",,,,,,,,,1
56774,49966,BEAUTY AGENDA APP LTD,BEAUTY AESTHETICS SALON LTD,"20-22 Wenlock Road, London, England, N1 7GU","20-22 Wenlock Road, London, England, N1 7GU",,,,,,,,,1
56774,52693,BEAUTY AGENDA APP LTD,ALL ABOUT ESTATES LTD,"20-22 Wenlock Road, London, England, N1 7GU","20-22 Wenlock Road, London, England, N1 7GU",,,,,,,,,1
56774,53144,BEAUTY AGENDA APP LTD,FOOD DELIVERY SHROPSHIRE LTD,"20-22 Wenlock Road, London, England, N1 7GU","20-22 Wenlock Road, London, England, N1 7GU",,,,,,,,,1
56774,55047,BEAUTY AGENDA APP LTD,ALL ABOUT ACCOUNTS LIMITED,"20-22 Wenlock Road, London, England, N1 7GU","20-22 Wenlock Road, London, England, N1 7GU",,,,,,,,,1
56774,55226,BEAUTY AGENDA APP LTD,Z AND W LTD,"20-22 Wenlock Road, London, England, N1 7GU","20-22 Wenlock Road, London, England, N1 7GU",,,,,,,,,1
56774,55817,BEAUTY AGENDA APP LTD,V AESTHETICA LTD,"20-22 Wenlock Road, London, England, N1 7GU","20-22 Wenlock Road, London, England, N1 7GU",,,,,,,,,1
56939,39237,Hera Trading Srl,Hera Comm Spa,"VIA MOLINO ROSSO 8, IMOLA, 40026, BOLOGNA, ITALY","VIA MOLINO ROSSO 8, IMOLA, 40026, BOLOGNA, ITALY",,,,,IT02060500390,IT02221101203,,,1
56999,22265,Farvima Holding Srl,Farvima Medicinali Spa,"VIA NAPOLI 220, CASANDRINO, 80025, NAPOLI, ITALY","VIA NAPOLI 220, CASANDRINO, 80025, NAPOLI, ITALY",,,,,IT01465051215,IT01239791211,,,1
57051,13868,SOFTWARE AND PROCESS APPLICATIONS LIMITED,GOOD & NOVEL LIMITED,"C/O Intouch Accounting Everdene House, Deansleigh Road, Bournemouth, United Kingdom, BH7 7DU","C/O Intouch Accounting Everdene House, Deansleigh Road, Bournemouth, United Kingdom, BH7 7DU",,,,,,,,,1
57051,30850,SOFTWARE AND PROCESS APPLICATIONS LIMITED,SOFTWARE CONSULTING AND DEVELOPMENT LTD,"C/O Intouch Accounting Everdene House, Deansleigh Road, Bournemouth, United Kingdom, BH7 7DU","C/O Intouch Accounting Everdene House, Deansleigh Road, Bournemouth, United Kingdom, BH7 7DU",,,,,,,,,1
57097,93,BAD SADDLE STABLES LTD,SOFTWARE DEVELOPMENT SERVICES LTD,"20-22 Wenlock Road, London, England, N1 7GU","20-22 Wenlock Road, London, England, N1 7GU",,,,,,,,,1
57097,502,BAD SADDLE STABLES LTD,Z AND P INCORPORATED LTD,"20-22 Wenlock Road, London, England, N1 7GU","20-22 Wenlock Road, London, England, N1 7GU",,,,,,,,,1
57097,776,BAD SADDLE STABLES LTD,T & ASH LTD,"20-22 Wenlock Road, London, England, N1 7GU","20-22 Wenlock Road, London, England, N1 7GU",,,,,,,,,1
57097,3415,BAD SADDLE STABLES LTD,FOOD BOOKING LTD,"20-22 Wenlock Road, London, England, N1 7GU","20-22 Wenlock Road, London, England, N1 7GU",,,,,,,,,1
57097,4039,BAD SADDLE STABLES LTD,ALL ABOUT BOILERS LTD,"20-22 Wenlock Road, London, England, N1 7GU","20-22 Wenlock Road, London, England, N1 7GU",,,,,,,,,1
57097,5606,BAD SADDLE STABLES LTD,GOOD CONNEXION LTD,"20-22 Wenlock Road, London, England, N1 7GU","20-22 Wenlock Road, London, England, N1 7GU",,,,,,,,,1
57097,6679,BAD SADDLE STABLES LTD,Q BRANCH SOLUTIONS LTD,"20-22 Wenlock Road, London, England, N1 7GU","20-22 Wenlock Road, London, England, N1 7GU",,,,,,,,,1
57097,7079,BAD SADDLE STABLES LTD,H A DIRECT LTD,"20-22 Wenlock Road, London, England, N1 7GU","20-22 Wenlock Road, London, England, N1 7GU",,,,,,,,,1
57097,8008,BAD SADDLE STABLES LTD,GOOD & YOUNG LTD,"20-22 Wenlock Road, London, England, N1 7GU","20-22 Wenlock Road, London, England, N1 7GU",,,,,,,,,1
57097,13025,BAD SADDLE STABLES LTD,NEW AGE PLUMBING AND HEATING SERVICES LTD,"20-22 Wenlock Road, London, England, N1 7GU","20-22 Wenlock Road, London, England, N1 7GU",,,,,,,,,1
57097,13096,BAD SADDLE STABLES LTD,GOOD BEAGLE INTERNATIONAL LTD,"20-22 Wenlock Road, London, England, N1 7GU","20-22 Wenlock Road, London, England, N1 7GU",,,,,,,,,1
57097,14082,BAD SADDLE STABLES LTD,SOFTWARE BRAIN LTD,"20-22 Wenlock Road, London, England, N1 7GU","20-22 Wenlock Road, London, England, N1 7GU",,,,,,,,,1
57097,16743,BAD SADDLE STABLES LTD,Q BRIDGE ENTERTAINMENT LTD,"20-22 Wenlock Road, London, England, N1 7GU","20-22 Wenlock Road, London, England, N1 7GU",,,,,,,,,1
57097,17304,BAD SADDLE STABLES LTD,PERGORA FINANCES INVESTMENTS LTD,"20-22 Wenlock Road, London, England, N1 7GU","20-22 Wenlock Road, London, England, N1 7GU",,,,,,,,,1
57097,17549,BAD SADDLE STABLES LTD,ALL ABOUT PROPERTIES LTD,"20-22 Wenlock Road, London, England, N1 7GU","20-22 Wenlock Road, London, England, N1 7GU",,,,,,,,,1
57097,18882,BAD SADDLE STABLES LTD,NEW AGE TOURING PRODUCTIONS LIMITED,"20-22 Wenlock Road, London, England, N1 7GU","20-22 Wenlock Road, London, England, N1 7GU",,,,,,,,,1
57097,20362,BAD SADDLE STABLES LTD,FOOD AND PACKAGING WHOLESALE LTD,"20-22 Wenlock Road, London, England, N1 7GU","20-22 Wenlock Road, London, England, N1 7GU",,,,,,,,,1
57097,23046,BAD SADDLE STABLES LTD,HAWTHORN ROSE HOMES LIMITED,"20-22 Wenlock Road, London, England, N1 7GU","20-22 Wenlock Road, London, England, N1 7GU",,,,,,,,,1
57097,23876,BAD SADDLE STABLES LTD,ALL ABOUT REEL LTD,"20-22 Wenlock Road, London, England, N1 7GU","20-22 Wenlock Road, London, England, N1 7GU",,,,,,,,,1
57097,25761,BAD SADDLE STABLES LTD,GOOD CURRIES LTD,"20-22 Wenlock Road, London, England, N1 7GU","20-22 Wenlock Road, London, England, N1 7GU",,,,,,,,,1
57097,27689,BAD SADDLE STABLES LTD,FOOD DISCOUNTS LTD,"20-22 Wenlock Road, London, England, N1 7GU","20-22 Wenlock Road, London, England, N1 7GU",,,,,,,,,1
57097,29271,BAD SADDLE STABLES LTD,SOFTWARE DEFENCES LTD,"20-22 Wenlock Road, London, England, N1 7GU","20-22 Wenlock Road, London, England, N1 7GU",,,,,,,,,1
57097,29377,BAD SADDLE STABLES LTD,KNOWING FINANCES LTD,"20-22 Wenlock Road, London, England, N1 7GU","20-22 Wenlock Road, London, England, N1 7GU",,,,,,,,,1
57097,30243,BAD SADDLE STABLES LTD,BEAUTY AND NATURE STORE LTD,"20-22 Wenlock Road, London, England, N1 7GU","20-22 Wenlock Road, London, England, N1 7GU",,,,,,,,,1
57097,30445,BAD SADDLE STABLES LTD,Z AND J GROUP LTD,"20-22 Wenlock Road, London, England, N1 7GU","20-22 Wenlock Road, London, England, N1 7GU",,,,,,,,,1
57097,30467,BAD SADDLE STABLES LTD,Q BRIDGE MUSIC LTD,"20-22 Wenlock Road, London, England, N1 7GU","20-22 Wenlock Road, London, England, N1 7GU",,,,,,,,,1
57097,31894,BAD SADDLE STABLES LTD,ALL ABOUT CLAIMS LTD,"20-22 Wenlock Road, London, England, N1 7GU","20-22 Wenlock Road, London, England, N1 7GU",,,,,,,,,1
57097,32040,BAD SADDLE STABLES LTD,BEAUTY BOUND LTD,"20-22 Wenlock Road, London, England, N1 7GU","20-22 Wenlock Road, London, England, N1 7GU",,,,,,,,,1
57097,32153,BAD SADDLE STABLES LTD,BAD BOYS MAKE NOISE LTD,"20-22 Wenlock Road, London, England, N1 7GU","20-22 Wenlock Road, London, England, N1 7GU",,,,,,,,,1
57097,33286,BAD SADDLE STABLES LTD,GOOD BOY TRADING LIMITED,"20-22 Wenlock Road, London, England, N1 7GU","20-22 Wenlock Road, London, England, N1 7GU",,,,,,,,,1
57097,33760,BAD SADDLE STABLES LTD,GOOD ADVICE FOR LIVING LTD,"20-22 Wenlock Road, London, England, N1 7GU","20-22 Wenlock Road, London, England, N1 7GU",,,,,,,,,1
57097,35148,BAD SADDLE STABLES LTD,U FINANCE LTD,"20-22 Wenlock Road, London, England, N1 7GU","20-22 Wenlock Road, London, England, N1 7GU",,,,,,,,,1
57097,38154,BAD SADDLE STABLES LTD,Q ADMINISTRATION LIMITED,"20-22 Wenlock Road, London, England, N1 7GU","20-22 Wenlock Road, London, England, N1 7GU",,,,,,,,,1
57097,38905,BAD SADDLE STABLES LTD,V AND J'S SOIREES LTD,"20-22 Wenlock Road, London, England, N1 7GU","20-22 Wenlock Road, London, England, N1 7GU",,,,,,,,,1
57097,39260,BAD SADDLE STABLES LTD,NEW AGE STORE LTD,"20-22 Wenlock Road, London, England, N1 7GU","20-22 Wenlock Road, London, England, N1 7GU",,,,,,,,,1
57097,41076,BAD SADDLE STABLES LTD,ALL ABOUT CLADDING LTD,"20-22 Wenlock Road, London, England, N1 7GU","20-22 Wenlock Road, London, England, N1 7GU",,,,,,,,,1
57097,42709,BAD SADDLE STABLES LTD,Z AUDIO DIGITAL LTD,"20-22 Wenlock Road, London, England, N1 7GU","20-22 Wenlock Road, London, England, N1 7GU",,,,,,,,,1
57097,43242,BAD SADDLE STABLES LTD,SOFTWARE SHIFT LTD,"20-22 Wenlock Road, London, England, N1 7GU","20-22 Wenlock Road, London, England, N1 7GU",,,,,,,,,1
57097,43269,BAD SADDLE STABLES LTD,SOFTWARE HATCH LTD,"20-22 Wenlock Road, London, England, N1 7GU","20-22 Wenlock Road, London, England, N1 7GU",,,,,,,,,1
57097,43678,BAD SADDLE STABLES LTD,SOFTWARE SOLUTIONS MANAGEMENT LTD,"20-22 Wenlock Road, London, England, N1 7GU","20-22 Wenlock Road, London, England, N1 7GU",,,,,,,,,1
57097,46081,BAD SADDLE STABLES LTD,BAD BOY BOSSES LTD,"20-22 Wenlock Road, London, England, N1 7GU","20-22 Wenlock Road, London, England, N1 7GU",,,,,,,,,1
57097,48606,BAD SADDLE STABLES LTD,BEAUTY AND BRAVADO LTD,"20-22 Wenlock Road, London, England, N1 7GU","20-22 Wenlock Road, London, England, N1 7GU",,,,,,,,,1
57097,49966,BAD SADDLE STABLES LTD,BEAUTY AESTHETICS SALON LTD,"20-22 Wenlock Road, London, England, N1 7GU","20-22 Wenlock Road, London, England, N1 7GU",,,,,,,,,1
57097,52693,BAD SADDLE STABLES LTD,ALL ABOUT ESTATES LTD,"20-22 Wenlock Road, London, England, N1 7GU","20-22 Wenlock Road, London, England, N1 7GU",,,,,,,,,1
57097,53144,BAD SADDLE STABLES LTD,FOOD DELIVERY SHROPSHIRE LTD,"20-22 Wenlock Road, London, England, N1 7GU","20-22 Wenlock Road, London, England, N1 7GU",,,,,,,,,1
57097,55047,BAD SADDLE STABLES LTD,ALL ABOUT ACCOUNTS LIMITED,"20-22 Wenlock Road, London, England, N1 7GU","20-22 Wenlock Road, London, England, N1 7GU",,,,,,,,,1
57097,55226,BAD SADDLE STABLES LTD,Z AND W LTD,"20-22 Wenlock Road, London, England, N1 7GU","20-22 Wenlock Road, London, England, N1 7GU",,,,,,,,,1
57097,55817,BAD SADDLE STABLES LTD,V AESTHETICA LTD,"20-22 Wenlock Road, London, England, N1 7GU","20-22 Wenlock Road, London, England, N1 7GU",,,,,,,,,1
57097,56774,BAD SADDLE STABLES LTD,BEAUTY AGENDA APP LTD,"20-22 Wenlock Road, London, England, N1 7GU","20-22 Wenlock Road, London, England, N1 7GU",,,,,,,,,1
57142,2340,BAD BEAT GAMES LIMITED,PACKER P LTD,"128 City Road, London, United Kingdom, EC1V 2NX","128 City Road, London, United Kingdom, EC1V 2NX",,,,,,,,,1
57142,11214,BAD BEAT GAMES LIMITED,BRIGHT VISION INVESTMENT LTD,"128 City Road, London, United Kingdom, EC1V 2NX","128 City Road, London, United Kingdom, EC1V 2NX",,,,,,,,,1
57142,13551,BAD BEAT GAMES LIMITED,NEW AGE FASHION LTD,"128 City Road, London, United Kingdom, EC1V 2NX","128 City Road, London, United Kingdom, EC1V 2NX",,,,,,,,,1
57142,17757,BAD BEAT GAMES LIMITED,GOOD DAY AESTHETICS & BEAUTY LTD,"128 City Road, London, United Kingdom, EC1V 2NX","128 City Road, London, United Kingdom, EC1V 2NX",,,,,,,,,1
57142,19613,BAD BEAT GAMES LIMITED,SOFTWARE SOLUTIONS GROUP LTD.,"128 City Road, London, United Kingdom, EC1V 2NX","128 City Road, London, United Kingdom, EC1V 2NX",,,,,,,,,1
57142,24850,BAD BEAT GAMES LIMITED,H ACCOUNTING SOLUTION LIMITED,"128 City Road, London, United Kingdom, EC1V 2NX","128 City Road, London, United Kingdom, EC1V 2NX",,,,,,,,,1
57142,28937,BAD BEAT GAMES LIMITED,TANA T TRADING LTD,"128 City Road, London, United Kingdom, EC1V 2NX","128 City Road, London, United Kingdom, EC1V 2NX",,,,,,,,,1
57142,29510,BAD BEAT GAMES LIMITED,V & MARK COMPANY LTD,"128 City Road, London, United Kingdom, EC1V 2NX","128 City Road, London, United Kingdom, EC1V 2NX",,,,,,,,,1
57142,31132,BAD BEAT GAMES LIMITED,P A MARTIN CONSTRUCTION LTD,"128 City Road, London, United Kingdom, EC1V 2NX","128 City Road, London, United Kingdom, EC1V 2NX",,,,,,,,,1
57142,31915,BAD BEAT GAMES LIMITED,U AND M CONSULTANTS LTD,"128 City Road, London, United Kingdom, EC1V 2NX","128 City Road, London, United Kingdom, EC1V 2NX",,,,,,,,,1
57142,32385,BAD BEAT GAMES LIMITED,ECO MARINE FOODS LTD,"128 City Road, London, United Kingdom, EC1V 2NX","128 City Road, London, United Kingdom, EC1V 2NX",,,,,,,,,1
57142,38470,BAD BEAT GAMES LIMITED,H A FOR TRAINING AND CONSULTANT LTD,"128 City Road, London, United Kingdom, EC1V 2NX","128 City Road, London, United Kingdom, EC1V 2NX",,,,,,,,,1
57142,38754,BAD BEAT GAMES LIMITED,Z CONTROLS & AUTOMATION LTD,"128 City Road, London, United Kingdom, EC1V 2NX","128 City Road, London, United Kingdom, EC1V 2NX",,,,,,,,,1
57142,42528,BAD BEAT GAMES LIMITED,U COLLABORATION LTD,"128 City Road, London, United Kingdom, EC1V 2NX","128 City Road, London, United Kingdom, EC1V 2NX",,,,,,,,,1
57142,44893,BAD BEAT GAMES LIMITED,GOOD ACCOUNTANT LTD,"128 City Road, London, United Kingdom, EC1V 2NX","128 City Road, London, United Kingdom, EC1V 2NX",,,,,,,,,1
57142,45735,BAD BEAT GAMES LIMITED,T A ELECTRONICS LTD,"128 City Road, London, United Kingdom, EC1V 2NX","128 City Road, London, United Kingdom, EC1V 2NX",,,,,,,,,1
57142,45882,BAD BEAT GAMES LIMITED,NEW ALL DIGITAL MARKETING LTD,"128 City Road, London, United Kingdom, EC1V 2NX","128 City Road, London, United Kingdom, EC1V 2NX",,,,,,,,,1
57142,48577,BAD BEAT GAMES LIMITED,BEAUTY AT TIFFANY’S LTD,"128 City Road, London, United Kingdom, EC1V 2NX","128 City Road, London, United Kingdom, EC1V 2NX",,,,,,,,,1
57142,51202,BAD BEAT GAMES LIMITED,BEAUTY AND INFINITY LTD,"128 City Road, London, United Kingdom, EC1V 2NX","128 City Road, London, United Kingdom, EC1V 2NX",,,,,,,,,1
57142,53384,BAD BEAT GAMES LIMITED,SOFTWARE SHARK LTD,"128 City Road, London, United Kingdom, EC1V 2NX","128 City Road, London, United Kingdom, EC1V 2NX",,,,,,,,,1
57142,54486,BAD BEAT GAMES LIMITED,V & K CONSULTING LTD,"128 City Road, London, United Kingdom, EC1V 2NX","128 City Road, London, United Kingdom, EC1V 2NX",,,,,,,,,1
57153,38947,V & M EARLS COURT LTD,V & M GUILDFORD LTD,"316 Malden Road, New Malden, England, KT3 6AT","316 Malden Road, New Malden, England, KT3 6AT",,,,,,,,,1
57339,40327,Waterfall Italia Spa,I.d. 4 Italia Srl,"VIALE GIOSUE' CARDUCCI 48, BOLOGNA, 40125, BOLOGNA, ITALY","VIALE GIOSUE' CARDUCCI 48, BOLOGNA, 40125, BOLOGNA, ITALY",,,,,IT03504331202,IT03422531206,,,1
57375,2340,U A PROPERTY GROUP LIMITED,PACKER P LTD,"128 City Road, London, United Kingdom, EC1V 2NX","128 City Road, London, United Kingdom, EC1V 2NX",,,,,,,,,1
57375,11214,U A PROPERTY GROUP LIMITED,BRIGHT VISION INVESTMENT LTD,"128 City Road, London, United Kingdom, EC1V 2NX","128 City Road, London, United Kingdom, EC1V 2NX",,,,,,,,,1
57375,13551,U A PROPERTY GROUP LIMITED,NEW AGE FASHION LTD,"128 City Road, London, United Kingdom, EC1V 2NX","128 City Road, London, United Kingdom, EC1V 2NX",,,,,,,,,1
57375,17757,U A PROPERTY GROUP LIMITED,GOOD DAY AESTHETICS & BEAUTY LTD,"128 City Road, London, United Kingdom, EC1V 2NX","128 City Road, London, United Kingdom, EC1V 2NX",,,,,,,,,1
57375,19613,U A PROPERTY GROUP LIMITED,SOFTWARE SOLUTIONS GROUP LTD.,"128 City Road, London, United Kingdom, EC1V 2NX","128 City Road, London, United Kingdom, EC1V 2NX",,,,,,,,,1
57375,24850,U A PROPERTY GROUP LIMITED,H ACCOUNTING SOLUTION LIMITED,"128 City Road, London, United Kingdom, EC1V 2NX","128 City Road, London, United Kingdom, EC1V 2NX",,,,,,,,,1
57375,28937,U A PROPERTY GROUP LIMITED,TANA T TRADING LTD,"128 City Road, London, United Kingdom, EC1V 2NX","128 City Road, London, United Kingdom, EC1V 2NX",,,,,,,,,1
57375,29510,U A PROPERTY GROUP LIMITED,V & MARK COMPANY LTD,"128 City Road, London, United Kingdom, EC1V 2NX","128 City Road, London, United Kingdom, EC1V 2NX",,,,,,,,,1
57375,31132,U A PROPERTY GROUP LIMITED,P A MARTIN CONSTRUCTION LTD,"128 City Road, London, United Kingdom, EC1V 2NX","128 City Road, London, United Kingdom, EC1V 2NX",,,,,,,,,1
57375,31915,U A PROPERTY GROUP LIMITED,U AND M CONSULTANTS LTD,"128 City Road, London, United Kingdom, EC1V 2NX","128 City Road, London, United Kingdom, EC1V 2NX",,,,,,,,,1
57375,32385,U A PROPERTY GROUP LIMITED,ECO MARINE FOODS LTD,"128 City Road, London, United Kingdom, EC1V 2NX","128 City Road, London, United Kingdom, EC1V 2NX",,,,,,,,,1
57375,38470,U A PROPERTY GROUP LIMITED,H A FOR TRAINING AND CONSULTANT LTD,"128 City Road, London, United Kingdom, EC1V 2NX","128 City Road, London, United Kingdom, EC1V 2NX",,,,,,,,,1
57375,38754,U A PROPERTY GROUP LIMITED,Z CONTROLS & AUTOMATION LTD,"128 City Road, London, United Kingdom, EC1V 2NX","128 City Road, London, United Kingdom, EC1V 2NX",,,,,,,,,1
57375,42528,U A PROPERTY GROUP LIMITED,U COLLABORATION LTD,"128 City Road, London, United Kingdom, EC1V 2NX","128 City Road, London, United Kingdom, EC1V 2NX",,,,,,,,,1
57375,44893,U A PROPERTY GROUP LIMITED,GOOD ACCOUNTANT LTD,"128 City Road, London, United Kingdom, EC1V 2NX","128 City Road, London, United Kingdom, EC1V 2NX",,,,,,,,,1
57375,45735,U A PROPERTY GROUP LIMITED,T A ELECTRONICS LTD,"128 City Road, London, United Kingdom, EC1V 2NX","128 City Road, London, United Kingdom, EC1V 2NX",,,,,,,,,1
57375,45882,U A PROPERTY GROUP LIMITED,NEW ALL DIGITAL MARKETING LTD,"128 City Road, London, United Kingdom, EC1V 2NX","128 City Road, London, United Kingdom, EC1V 2NX",,,,,,,,,1
57375,48577,U A PROPERTY GROUP LIMITED,BEAUTY AT TIFFANY’S LTD,"128 City Road, London, United Kingdom, EC1V 2NX","128 City Road, London, United Kingdom, EC1V 2NX",,,,,,,,,1
57375,51202,U A PROPERTY GROUP LIMITED,BEAUTY AND INFINITY LTD,"128 City Road, London, United Kingdom, EC1V 2NX","128 City Road, London, United Kingdom, EC1V 2NX",,,,,,,,,1
57375,53384,U A PROPERTY GROUP LIMITED,SOFTWARE SHARK LTD,"128 City Road, London, United Kingdom, EC1V 2NX","128 City Road, London, United Kingdom, EC1V 2NX",,,,,,,,,1
57375,54486,U A PROPERTY GROUP LIMITED,V & K CONSULTING LTD,"128 City Road, London, United Kingdom, EC1V 2NX","128 City Road, London, United Kingdom, EC1V 2NX",,,,,,,,,1
57375,57142,U A PROPERTY GROUP LIMITED,BAD BEAT GAMES LIMITED,"128 City Road, London, United Kingdom, EC1V 2NX","128 City Road, London, United Kingdom, EC1V 2NX",,,,,,,,,1
57516,12624,FOOD DELIVERY LTD,NEW ADVANCE LIMITED,"85 Great Portland Street, First Floor, London, England, W1W 7LT","85 Great Portland Street, First Floor, London, England, W1W 7LT",,,,,,,,,1
57516,25536,FOOD DELIVERY LTD,Z CORP EXPORT LIMITED,"85 Great Portland Street, First Floor, London, England, W1W 7LT","85 Great Portland Street, First Floor, London, England, W1W 7LT",,,,,,,,,1
57516,27273,FOOD DELIVERY LTD,BAD SALAD DAY LTD,"85 Great Portland Street, First Floor, London, England, W1W 7LT","85 Great Portland Street, First Floor, London, England, W1W 7LT",,,,,,,,,1
57516,42081,FOOD DELIVERY LTD,SOFTWARE KINGDOM LIMITED,"85 Great Portland Street, First Floor, London, England, W1W 7LT","85 Great Portland Street, First Floor, London, England, W1W 7LT",,,,,,,,,1
57516,54948,FOOD DELIVERY LTD,U GROW LTD,"85 Great Portland Street, First Floor, London, England, W1W 7LT","85 Great Portland Street, First Floor, London, England, W1W 7LT",,,,,,,,,1
57519,4599,FOOD BY QUEEN LTD,FOOD ALL LAB LTD,"2nd Floor College House, 17 King Edwards Road, Ruislip, London, United Kingdom, HA4 7AE","2nd Floor College House, 17 King Edwards Road, Ruislip, London, United Kingdom, HA4 7AE",,,,,,,,,1
57519,13496,FOOD BY QUEEN LTD,THE J & T CONSULTANCY (SOUTHERN) LTD,"2nd Floor College House, 17 King Edwards Road, Ruislip, London, United Kingdom, HA4 7AE","2nd Floor College House, 17 King Edwards Road, Ruislip, London, United Kingdom, HA4 7AE",,,,,,,,,1
57519,16676,FOOD BY QUEEN LTD,BEAUTY ARENA LTD,"2nd Floor College House, 17 King Edwards Road, Ruislip, London, United Kingdom, HA4 7AE","2nd Floor College House, 17 King Edwards Road, Ruislip, London, United Kingdom, HA4 7AE",,,,,,,,,1
57519,20998,FOOD BY QUEEN LTD,NEW AGE GLOBAL LTD,"2nd Floor College House, 17 King Edwards Road, Ruislip, London, United Kingdom, HA4 7AE","2nd Floor College House, 17 King Edwards Road, Ruislip, London, United Kingdom, HA4 7AE",,,,,,,,,1
57519,21579,FOOD BY QUEEN LTD,BAD AUNT CLOTHING LTD,"2nd Floor College House, 17 King Edwards Road, Ruislip, London, United Kingdom, HA4 7AE","2nd Floor College House, 17 King Edwards Road, Ruislip, London, United Kingdom, HA4 7AE",,,,,,,,,1
57519,25878,FOOD BY QUEEN LTD,BAD RAVEN LTD.,"2nd Floor College House, 17 King Edwards Road, Ruislip, London, United Kingdom, HA4 7AE","2nd Floor College House, 17 King Edwards Road, Ruislip, London, United Kingdom, HA4 7AE",,,,,,,,,1
57519,48016,FOOD BY QUEEN LTD,Q ENTERTAINMENT LTD,"2nd Floor College House, 17 King Edwards Road, Ruislip, London, United Kingdom, HA4 7AE","2nd Floor College House, 17 King Edwards Road, Ruislip, London, United Kingdom, HA4 7AE",,,,,,,,,1
57628,45693,Z CARES SOCIAL CARE CONSULTING LTD,Z CARES LTD,"5 Exmouth Road, Welling, England, DA16 1DZ","5 Exmouth Road, Welling, England, DA16 1DZ",,,,,,,,,1
57679,46706,R A FINANCE CONSULTING LTD,V & B NEWS LIMITED,"Doshi Accountants Ltd 6th Floor, Amp House, Dingwall Road, Croydon, CR0 2LX","Doshi Accountants Ltd 6th Floor, Amp House, Dingwall Road, Croydon, CR0 2LX",,,,,,,,,1
57825,39936,Fca Bank Spa,Leasys Spa,"CORSO ORBASSANO 367, TORINO, 10137, TORINO, ITALY","CORSO ORBASSANO 367, TORINO, 10137, TORINO, ITALY",,,,,IT08349560014,IT06714021000,,,1
57873,28595,NEW AGENDA (CONSTRUCTION) LIMITED,NEW AGENDA (LONDON) LIMITED,"Hardy House, Northbridge Road, Berkhamsted, Herts, England, HP4 1EF","Hardy House, Northbridge Road, Berkhamsted, Herts, England, HP4 1EF",,,,,,,,,1
57938,15475,NEW ABILITY (TORBAY) LIMITED,NEW ABILITY LIMITED,"Smalls Hill Farm, Smalls Hill Road, Leigh, Surrey, England, RH2 8QB","Smalls Hill Farm, Smalls Hill Road, Leigh, Surrey, England, RH2 8QB",,,,,,,,,1
57938,55288,NEW ABILITY (TORBAY) LIMITED,HADDAD TRADING H & H LIMITED,"Smalls Hill Farm, Smalls Hill Road, Leigh, Surrey, England, RH2 8QB","Smalls Hill Farm, Smalls Hill Road, Leigh, Surrey, England, RH2 8QB",,,,,,,,,1
57965,288,U AND I (GOLF) LIMITED,U AND I FINANCE PLC,"100 Victoria Street, London, England, SW1E 5JL","100 Victoria Street, London, England, SW1E 5JL",,,,,,,,,1
57965,3485,U AND I (GOLF) LIMITED,U AND I COMPANY SECRETARIES LIMITED,"100 Victoria Street, London, England, SW1E 5JL","100 Victoria Street, London, England, SW1E 5JL",,,,,,,,,1
57965,4059,U AND I (GOLF) LIMITED,U AND I INVESTMENT PORTFOLIO LIMITED,"100 Victoria Street, London, England, SW1E 5JL","100 Victoria Street, London, England, SW1E 5JL",,,,,,,,,1
57965,6037,U AND I (GOLF) LIMITED,U AND I (HARWELL) LIMITED,"100 Victoria Street, London, England, SW1E 5JL","100 Victoria Street, London, England, SW1E 5JL",,,,,,,,,1
57965,7117,U AND I (GOLF) LIMITED,U AND I GROUP LIMITED,"100 Victoria Street, London, England, SW1E 5JL","100 Victoria Street, London, England, SW1E 5JL",,,,,,,,,1
57965,15300,U AND I (GOLF) LIMITED,U AND I (WIE) LIMITED,"100 Victoria Street, London, England, SW1E 5JL","100 Victoria Street, London, England, SW1E 5JL",,,,,,,,,1
57965,15642,U AND I (GOLF) LIMITED,U AND I (8AE) LIMITED,"100 Victoria Street, London, England, SW1E 5JL","100 Victoria Street, London, England, SW1E 5JL",,,,,,,,,1
57965,17497,U AND I (GOLF) LIMITED,U AND I IPA LIMITED,"100 Victoria Street, London, England, SW1E 5JL","100 Victoria Street, London, England, SW1E 5JL",,,,,,,,,1
57965,20501,U AND I (GOLF) LIMITED,U AND I DIRECTOR 2 LIMITED,"100 Victoria Street, London, England, SW1E 5JL","100 Victoria Street, London, England, SW1E 5JL",,,,,,,,,1
57965,20789,U AND I (GOLF) LIMITED,U AND I (PB) COMMERCIAL LIMITED,"100 Victoria Street, London, England, SW1E 5JL","100 Victoria Street, London, England, SW1E 5JL",,,,,,,,,1
57965,21166,U AND I (GOLF) LIMITED,U AND I (DEVELOPMENT AND TRADING) LIMITED,"100 Victoria Street, London, England, SW1E 5JL","100 Victoria Street, London, England, SW1E 5JL",,,,,,,,,1
57965,22482,U AND I (GOLF) LIMITED,U AND I POWERHOUSE LIMITED,"100 Victoria Street, London, England, SW1E 5JL","100 Victoria Street, London, England, SW1E 5JL",,,,,,,,,1
57965,22841,U AND I (GOLF) LIMITED,U AND I (PINCENTS LANE) LTD,"100 Victoria Street, London, England, SW1E 5JL","100 Victoria Street, London, England, SW1E 5JL",,,,,,,,,1
57965,31152,U AND I (GOLF) LIMITED,U AND I PPP LIMITED,"100 Victoria Street, London, England, SW1E 5JL","100 Victoria Street, London, England, SW1E 5JL",,,,,,,,,1
57965,35497,U AND I (GOLF) LIMITED,U AND I IPC LIMITED,"100 Victoria Street, London, England, SW1E 5JL","100 Victoria Street, London, England, SW1E 5JL",,,,,,,,,1
57965,39567,U AND I (GOLF) LIMITED,U AND I (GVP) LIMITED,"100 Victoria Street, London, England, SW1E 5JL","100 Victoria Street, London, England, SW1E 5JL",,,,,,,,,1
57965,40628,U AND I (GOLF) LIMITED,U AND I IPA SC LIMITED,"100 Victoria Street, London, England, SW1E 5JL","100 Victoria Street, London, England, SW1E 5JL",,,,,,,,,1
57965,44452,U AND I (GOLF) LIMITED,U AND I (INNOVATION HUBS) LIMITED,"100 Victoria Street, London, England, SW1E 5JL","100 Victoria Street, London, England, SW1E 5JL",,,,,,,,,1
57965,46514,U AND I (GOLF) LIMITED,U AND I DIRECTOR 1 LIMITED,"100 Victoria Street, London, England, SW1E 5JL","100 Victoria Street, London, England, SW1E 5JL",,,,,,,,,1
57965,47947,U AND I (GOLF) LIMITED,U AND I (ASHFORD) LTD,"100 Victoria Street, London, England, SW1E 5JL","100 Victoria Street, London, England, SW1E 5JL",,,,,,,,,1
57965,50606,U AND I (GOLF) LIMITED,U AND I PLUS X TC LIMITED,"100 Victoria Street, London, England, SW1E 5JL","100 Victoria Street, London, England, SW1E 5JL",,,,,,,,,1
57965,52060,U AND I (GOLF) LIMITED,U AND I (CAMBRIDGE) LIMITED,"100 Victoria Street, London, England, SW1E 5JL","100 Victoria Street, London, England, SW1E 5JL",,,,,,,,,1
57965,54806,U AND I (GOLF) LIMITED,U AND I IPB LTD,"100 Victoria Street, London, England, SW1E 5JL","100 Victoria Street, London, England, SW1E 5JL",,,,,,,,,1
58000,1036,Amazon Italia Logistica Srl,Amazon Italia Transport Srl,"VIALE MONTE GRAPPA 3/5, MILANO, 20124, MILANO, ITALY","VIALE MONTE GRAPPA 3/5, MILANO, 20124, MILANO, ITALY",,,,,IT07231660965,IT09598330968,,,1
58000,47718,Amazon Italia Logistica Srl,Amazon Web Services Emea Sarl,"VIALE MONTE GRAPPA 3/5, MILANO, 20124, MILANO, ITALY","VIALE MONTE GRAPPA 3/5, MILANO, 20124, MILANO, ITALY",,,,,IT07231660965,IT10119840964,,,1
58000,55620,Amazon Italia Logistica Srl,Amazon Eu S.a Rl,"VIALE MONTE GRAPPA 3/5, MILANO, 20124, MILANO, ITALY","VIALE MONTE GRAPPA 3/5, MILANO, 20124, MILANO, ITALY",,,,,IT07231660965,IT08973230967,,,1
58107,13301,Z & S (PORTSLADE) LTD,Z & S (BROADWATER) LTD,"Demar House 14 Church Road, East Wittering, Chichester, West Sussex, England, PO20 8PS","Demar House 14 Church Road, East Wittering, Chichester, West Sussex, England, PO20 8PS",,,,,,,,,1
58107,25414,Z & S (PORTSLADE) LTD,Z & S (LEWES ROAD) LTD,"Demar House 14 Church Road, East Wittering, Chichester, West Sussex, England, PO20 8PS","Demar House 14 Church Road, East Wittering, Chichester, West Sussex, England, PO20 8PS",,,,,,,,,1
58107,25956,Z & S (PORTSLADE) LTD,Z & S (POETS) LTD,"Demar House 14 Church Road, East Wittering, Chichester, West Sussex, England, PO20 8PS","Demar House 14 Church Road, East Wittering, Chichester, West Sussex, England, PO20 8PS",,,,,,,,,1
58107,42602,Z & S (PORTSLADE) LTD,Z & S (BRIGHTON) LTD,"Demar House 14 Church Road, East Wittering, Chichester, West Sussex, England, PO20 8PS","Demar House 14 Church Road, East Wittering, Chichester, West Sussex, England, PO20 8PS",,,,,,,,,1
58107,43827,Z & S (PORTSLADE) LTD,Z & S (HOVE) LIMITED,"Demar House 14 Church Road, East Wittering, Chichester, West Sussex, England, PO20 8PS","Demar House 14 Church Road, East Wittering, Chichester, West Sussex, England, PO20 8PS",,,,,,,,,1
58107,51031,Z & S (PORTSLADE) LTD,Z & S (BASKET) LTD,"Demar House 14 Church Road, East Wittering, Chichester, West Sussex, England, PO20 8PS","Demar House 14 Church Road, East Wittering, Chichester, West Sussex, England, PO20 8PS",,,,,,,,,1
58146,49131,H AND B EVENT HIRE UK LIMITED,H AND B FINANCE UK LIMITED,"12 Commercial Street, Shipley, England, BD18 3SR","12 Commercial Street, Shipley, England, BD18 3SR",,,,,,,,,1
58164,40776,Brookfield Infrastructure Partners LP,Brookfield Property Partners LP,"73 Front Street, Hamilton, HM12","73 Front Street, Hamilton, HM12",,,,,,,,,1
58172,3340,Q A SOUTH-WEST LIMITED,T & B FOOTWEAR LIMITED,"5 Den Road, Teignmouth, Devon, United Kingdom, TQ14 8AR","5 Den Road, Teignmouth, Devon, United Kingdom, TQ14 8AR",,,,,,,,,1
58231,43237,YTL Corporation Bhd,YTL Power International Bhd,"33rd Floor, Menara Ytl, 205 Jalan Bukit Bintang, Kuala Lumpur, 55100","33rd Floor, Menara Ytl, 205 Jalan Bukit Bintang, Kuala Lumpur, 55100",,,,,,,,,1
58265,3776,BAD BEES MANAGEMENT LTD,U & H GROUPS LTD,"Lytchett House 13 Freeland Park, Wareham Road, Poole, Dorset, United Kingdom, BH16 6FA","Lytchett House 13 Freeland Park, Wareham Road, Poole, Dorset, United Kingdom, BH16 6FA",,,,,,,,,1
58302,13112,SOFTWARE PRO COMPANY LIMITED,SOFTWARE HOUSE LIMITED,"Kemp House, 160 City Road, London, United Kingdom, EC1V 2NX","Kemp House, 160 City Road, London, United Kingdom, EC1V 2NX",,,,,,,,,1
58302,29912,SOFTWARE PRO COMPANY LIMITED,STANDARD WEST FINANCES LTD,"Kemp House, 160 City Road, London, United Kingdom, EC1V 2NX","Kemp House, 160 City Road, London, United Kingdom, EC1V 2NX",,,,,,,,,1
58302,32066,SOFTWARE PRO COMPANY LIMITED,SOFTWARE DISTRIBUTORS LTD,"Kemp House, 160 City Road, London, United Kingdom, EC1V 2NX","Kemp House, 160 City Road, London, United Kingdom, EC1V 2NX",,,,,,,,,1
58302,38038,SOFTWARE PRO COMPANY LIMITED,GOOD COPY LTD,"Kemp House, 160 City Road, London, United Kingdom, EC1V 2NX","Kemp House, 160 City Road, London, United Kingdom, EC1V 2NX",,,,,,,,,1
58346,22158,SOFTWARE CONSULTANCY SOLUTIONS LTD,SOFTWARE BY SMITH LTD,"5th Floor Castlemead, Lower Castle Street, Bristol, United Kingdom, BS1 3AG","5th Floor Castlemead, Lower Castle Street, Bristol, United Kingdom, BS1 3AG",,,,,,,,,1
58346,28915,SOFTWARE CONSULTANCY SOLUTIONS LTD,GOOD CHIPS LTD,"5th Floor Castlemead, Lower Castle Street, Bristol, United Kingdom, BS1 3AG","5th Floor Castlemead, Lower Castle Street, Bristol, United Kingdom, BS1 3AG",,,,,,,,,1
58388,288,U AND I EXIT LIMITED,U AND I FINANCE PLC,"100 Victoria Street, London, England, SW1E 5JL","100 Victoria Street, London, England, SW1E 5JL",,,,,,,,,1
58388,3485,U AND I EXIT LIMITED,U AND I COMPANY SECRETARIES LIMITED,"100 Victoria Street, London, England, SW1E 5JL","100 Victoria Street, London, England, SW1E 5JL",,,,,,,,,1
58388,4059,U AND I EXIT LIMITED,U AND I INVESTMENT PORTFOLIO LIMITED,"100 Victoria Street, London, England, SW1E 5JL","100 Victoria Street, London, England, SW1E 5JL",,,,,,,,,1
58388,6037,U AND I EXIT LIMITED,U AND I (HARWELL) LIMITED,"100 Victoria Street, London, England, SW1E 5JL","100 Victoria Street, London, England, SW1E 5JL",,,,,,,,,1
58388,7117,U AND I EXIT LIMITED,U AND I GROUP LIMITED,"100 Victoria Street, London, England, SW1E 5JL","100 Victoria Street, London, England, SW1E 5JL",,,,,,,,,1
58388,15300,U AND I EXIT LIMITED,U AND I (WIE) LIMITED,"100 Victoria Street, London, England, SW1E 5JL","100 Victoria Street, London, England, SW1E 5JL",,,,,,,,,1
58388,15642,U AND I EXIT LIMITED,U AND I (8AE) LIMITED,"100 Victoria Street, London, England, SW1E 5JL","100 Victoria Street, London, England, SW1E 5JL",,,,,,,,,1
58388,17497,U AND I EXIT LIMITED,U AND I IPA LIMITED,"100 Victoria Street, London, England, SW1E 5JL","100 Victoria Street, London, England, SW1E 5JL",,,,,,,,,1
58388,20501,U AND I EXIT LIMITED,U AND I DIRECTOR 2 LIMITED,"100 Victoria Street, London, England, SW1E 5JL","100 Victoria Street, London, England, SW1E 5JL",,,,,,,,,1
58388,20789,U AND I EXIT LIMITED,U AND I (PB) COMMERCIAL LIMITED,"100 Victoria Street, London, England, SW1E 5JL","100 Victoria Street, London, England, SW1E 5JL",,,,,,,,,1
58388,21166,U AND I EXIT LIMITED,U AND I (DEVELOPMENT AND TRADING) LIMITED,"100 Victoria Street, London, England, SW1E 5JL","100 Victoria Street, London, England, SW1E 5JL",,,,,,,,,1
58388,22482,U AND I EXIT LIMITED,U AND I POWERHOUSE LIMITED,"100 Victoria Street, London, England, SW1E 5JL","100 Victoria Street, London, England, SW1E 5JL",,,,,,,,,1
58388,22841,U AND I EXIT LIMITED,U AND I (PINCENTS LANE) LTD,"100 Victoria Street, London, England, SW1E 5JL","100 Victoria Street, London, England, SW1E 5JL",,,,,,,,,1
58388,31152,U AND I EXIT LIMITED,U AND I PPP LIMITED,"100 Victoria Street, London, England, SW1E 5JL","100 Victoria Street, London, England, SW1E 5JL",,,,,,,,,1
58388,35497,U AND I EXIT LIMITED,U AND I IPC LIMITED,"100 Victoria Street, London, England, SW1E 5JL","100 Victoria Street, London, England, SW1E 5JL",,,,,,,,,1
58388,39567,U AND I EXIT LIMITED,U AND I (GVP) LIMITED,"100 Victoria Street, London, England, SW1E 5JL","100 Victoria Street, London, England, SW1E 5JL",,,,,,,,,1
58388,40628,U AND I EXIT LIMITED,U AND I IPA SC LIMITED,"100 Victoria Street, London, England, SW1E 5JL","100 Victoria Street, London, England, SW1E 5JL",,,,,,,,,1
58388,44452,U AND I EXIT LIMITED,U AND I (INNOVATION HUBS) LIMITED,"100 Victoria Street, London, England, SW1E 5JL","100 Victoria Street, London, England, SW1E 5JL",,,,,,,,,1
58388,46514,U AND I EXIT LIMITED,U AND I DIRECTOR 1 LIMITED,"100 Victoria Street, London, England, SW1E 5JL","100 Victoria Street, London, England, SW1E 5JL",,,,,,,,,1
58388,47947,U AND I EXIT LIMITED,U AND I (ASHFORD) LTD,"100 Victoria Street, London, England, SW1E 5JL","100 Victoria Street, London, England, SW1E 5JL",,,,,,,,,1
58388,50606,U AND I EXIT LIMITED,U AND I PLUS X TC LIMITED,"100 Victoria Street, London, England, SW1E 5JL","100 Victoria Street, London, England, SW1E 5JL",,,,,,,,,1
58388,52060,U AND I EXIT LIMITED,U AND I (CAMBRIDGE) LIMITED,"100 Victoria Street, London, England, SW1E 5JL","100 Victoria Street, London, England, SW1E 5JL",,,,,,,,,1
58388,54806,U AND I EXIT LIMITED,U AND I IPB LTD,"100 Victoria Street, London, England, SW1E 5JL","100 Victoria Street, London, England, SW1E 5JL",,,,,,,,,1
58388,57965,U AND I EXIT LIMITED,U AND I (GOLF) LIMITED,"100 Victoria Street, London, England, SW1E 5JL","100 Victoria Street, London, England, SW1E 5JL",,,,,,,,,1
58390,24944,O.r.i. Martin Acciaieria E Ferriera Di Brescia Spa,O.r.i. Martin Holding Srl,"VIA COSIMO CANOVETTI 13, BRESCIA, 25128, BRESCIA, ITALY","VIA COSIMO CANOVETTI 13, BRESCIA, 25128, BRESCIA, ITALY",,,,,IT07617260158,IT04334430982,,,1
58603,21091,De Agostini Spa,B&d Holding Spa,"VIA GIOVANNI DA VERRAZZANO 15, NOVARA, 28100, NOVARA, ITALY","VIA GIOVANNI DA VERRAZZANO 15, NOVARA, 28100, NOVARA, ITALY",,,,,IT01257120038,IT02324900030,,,1
58644,7403,FOOD AND DRINK FESTIVALS UK LTD,SOFTWARE HUNTER LTD,"Chalice House Bromley Road, Elmstead, Colchester, England, CO7 7BY","Chalice House Bromley Road, Elmstead, Colchester, England, CO7 7BY",,,,,,,,,1
58649,2460,Q AND ASA LIMITED,NEW AGE HEMP LIMITED,"7 Bell Yard, London, England, WC2A 2JR","7 Bell Yard, London, England, WC2A 2JR",,,,,,,,,1
58649,8320,Q AND ASA LIMITED,GOOD BEHAVIOUR LIMITED,"7 Bell Yard, London, England, WC2A 2JR","7 Bell Yard, London, England, WC2A 2JR",,,,,,,,,1
58649,14809,Q AND ASA LIMITED,SOFTWARE RETAIL LTD,"7 Bell Yard, London, England, WC2A 2JR","7 Bell Yard, London, England, WC2A 2JR",,,,,,,,,1
58649,27326,Q AND ASA LIMITED,NOVEA FINANCES LIMITED,"7 Bell Yard, London, England, WC2A 2JR","7 Bell Yard, London, England, WC2A 2JR",,,,,,,,,1
58649,46274,Q AND ASA LIMITED,SOFTWARE LEADERS LIMITED,"7 Bell Yard, London, England, WC2A 2JR","7 Bell Yard, London, England, WC2A 2JR",,,,,,,,,1
58649,48003,Q AND ASA LIMITED,SOFTWARE SYSTEMS LIMITED,"7 Bell Yard, London, England, WC2A 2JR","7 Bell Yard, London, England, WC2A 2JR",,,,,,,,,1
58649,48675,Q AND ASA LIMITED,Q & CO DISTRIBUTION LTD,"7 Bell Yard, London, England, WC2A 2JR","7 Bell Yard, London, England, WC2A 2JR",,,,,,,,,1
58649,48779,Q AND ASA LIMITED,FOOD ARTS & TECHNOLOGY LTD,"7 Bell Yard, London, England, WC2A 2JR","7 Bell Yard, London, England, WC2A 2JR",,,,,,,,,1
58714,50065,BAD APPLE HAIR STAFFORD LIMITED,BAD APPLE HAIR LICHFIELD LIMITED,"16 Victoria Street, Wolverhampton, England, WV1 3NP","16 Victoria Street, Wolverhampton, England, WV1 3NP",,,,,,,,,1
58787,45527,S A ACCESS SOLUTIONS LTD,T A BROWNE CONTRACT SERVICES LTD,"Unit 4 Hurricane Drive, Hurricane Business Park, Liverpool, Merseyside, England, L24 8RL","Unit 4 Hurricane Drive, Hurricane Business Park, Liverpool, Merseyside, England, L24 8RL",,,,,,,,,1
58816,40037,H & A EQUESTRIAN LIMITED,H & A PROPERTY MANAGEMENT LIMITED,"Monkswell House, Manse Lane, Knaresborough, North Yorkshire, England, HG5 8NQ","Monkswell House, Manse Lane, Knaresborough, North Yorkshire, England, HG5 8NQ",,,,,,,,,1
58860,29737,READY STEADY FINANCES LIMITED,GOOD CATCH ENTERTAINMENT LIMITED,"2nd Floor Regis House, 45 King William Street, London, United Kingdom, EC4R 9AN","2nd Floor Regis House, 45 King William Street, London, United Kingdom, EC4R 9AN",,,,,,,,,1
58874,288,U AND I (BROMLEY COMMERCIAL) LIMITED,U AND I FINANCE PLC,"100 Victoria Street, London, England, SW1E 5JL","100 Victoria Street, London, England, SW1E 5JL",,,,,,,,,1
58874,3485,U AND I (BROMLEY COMMERCIAL) LIMITED,U AND I COMPANY SECRETARIES LIMITED,"100 Victoria Street, London, England, SW1E 5JL","100 Victoria Street, London, England, SW1E 5JL",,,,,,,,,1
58874,4059,U AND I (BROMLEY COMMERCIAL) LIMITED,U AND I INVESTMENT PORTFOLIO LIMITED,"100 Victoria Street, London, England, SW1E 5JL","100 Victoria Street, London, England, SW1E 5JL",,,,,,,,,1
58874,6037,U AND I (BROMLEY COMMERCIAL) LIMITED,U AND I (HARWELL) LIMITED,"100 Victoria Street, London, England, SW1E 5JL","100 Victoria Street, London, England, SW1E 5JL",,,,,,,,,1
58874,7117,U AND I (BROMLEY COMMERCIAL) LIMITED,U AND I GROUP LIMITED,"100 Victoria Street, London, England, SW1E 5JL","100 Victoria Street, London, England, SW1E 5JL",,,,,,,,,1
58874,15300,U AND I (BROMLEY COMMERCIAL) LIMITED,U AND I (WIE) LIMITED,"100 Victoria Street, London, England, SW1E 5JL","100 Victoria Street, London, England, SW1E 5JL",,,,,,,,,1
58874,15642,U AND I (BROMLEY COMMERCIAL) LIMITED,U AND I (8AE) LIMITED,"100 Victoria Street, London, England, SW1E 5JL","100 Victoria Street, London, England, SW1E 5JL",,,,,,,,,1
58874,17497,U AND I (BROMLEY COMMERCIAL) LIMITED,U AND I IPA LIMITED,"100 Victoria Street, London, England, SW1E 5JL","100 Victoria Street, London, England, SW1E 5JL",,,,,,,,,1
58874,20501,U AND I (BROMLEY COMMERCIAL) LIMITED,U AND I DIRECTOR 2 LIMITED,"100 Victoria Street, London, England, SW1E 5JL","100 Victoria Street, London, England, SW1E 5JL",,,,,,,,,1
58874,20789,U AND I (BROMLEY COMMERCIAL) LIMITED,U AND I (PB) COMMERCIAL LIMITED,"100 Victoria Street, London, England, SW1E 5JL","100 Victoria Street, London, England, SW1E 5JL",,,,,,,,,1
58874,21166,U AND I (BROMLEY COMMERCIAL) LIMITED,U AND I (DEVELOPMENT AND TRADING) LIMITED,"100 Victoria Street, London, England, SW1E 5JL","100 Victoria Street, London, England, SW1E 5JL",,,,,,,,,1
58874,22482,U AND I (BROMLEY COMMERCIAL) LIMITED,U AND I POWERHOUSE LIMITED,"100 Victoria Street, London, England, SW1E 5JL","100 Victoria Street, London, England, SW1E 5JL",,,,,,,,,1
58874,22841,U AND I (BROMLEY COMMERCIAL) LIMITED,U AND I (PINCENTS LANE) LTD,"100 Victoria Street, London, England, SW1E 5JL","100 Victoria Street, London, England, SW1E 5JL",,,,,,,,,1
58874,31152,U AND I (BROMLEY COMMERCIAL) LIMITED,U AND I PPP LIMITED,"100 Victoria Street, London, England, SW1E 5JL","100 Victoria Street, London, England, SW1E 5JL",,,,,,,,,1
58874,35497,U AND I (BROMLEY COMMERCIAL) LIMITED,U AND I IPC LIMITED,"100 Victoria Street, London, England, SW1E 5JL","100 Victoria Street, London, England, SW1E 5JL",,,,,,,,,1
58874,39567,U AND I (BROMLEY COMMERCIAL) LIMITED,U AND I (GVP) LIMITED,"100 Victoria Street, London, England, SW1E 5JL","100 Victoria Street, London, England, SW1E 5JL",,,,,,,,,1
58874,40628,U AND I (BROMLEY COMMERCIAL) LIMITED,U AND I IPA SC LIMITED,"100 Victoria Street, London, England, SW1E 5JL","100 Victoria Street, London, England, SW1E 5JL",,,,,,,,,1
58874,44452,U AND I (BROMLEY COMMERCIAL) LIMITED,U AND I (INNOVATION HUBS) LIMITED,"100 Victoria Street, London, England, SW1E 5JL","100 Victoria Street, London, England, SW1E 5JL",,,,,,,,,1
58874,46514,U AND I (BROMLEY COMMERCIAL) LIMITED,U AND I DIRECTOR 1 LIMITED,"100 Victoria Street, London, England, SW1E 5JL","100 Victoria Street, London, England, SW1E 5JL",,,,,,,,,1
58874,47947,U AND I (BROMLEY COMMERCIAL) LIMITED,U AND I (ASHFORD) LTD,"100 Victoria Street, London, England, SW1E 5JL","100 Victoria Street, London, England, SW1E 5JL",,,,,,,,,1
58874,50606,U AND I (BROMLEY COMMERCIAL) LIMITED,U AND I PLUS X TC LIMITED,"100 Victoria Street, London, England, SW1E 5JL","100 Victoria Street, London, England, SW1E 5JL",,,,,,,,,1
58874,52060,U AND I (BROMLEY COMMERCIAL) LIMITED,U AND I (CAMBRIDGE) LIMITED,"100 Victoria Street, London, England, SW1E 5JL","100 Victoria Street, London, England, SW1E 5JL",,,,,,,,,1
58874,54806,U AND I (BROMLEY COMMERCIAL) LIMITED,U AND I IPB LTD,"100 Victoria Street, London, England, SW1E 5JL","100 Victoria Street, London, England, SW1E 5JL",,,,,,,,,1
58874,57965,U AND I (BROMLEY COMMERCIAL) LIMITED,U AND I (GOLF) LIMITED,"100 Victoria Street, London, England, SW1E 5JL","100 Victoria Street, London, England, SW1E 5JL",,,,,,,,,1
58874,58388,U AND I (BROMLEY COMMERCIAL) LIMITED,U AND I EXIT LIMITED,"100 Victoria Street, London, England, SW1E 5JL","100 Victoria Street, London, England, SW1E 5JL",,,,,,,,,1
58908,263,AADITRI IT SOLUTIONS LTD,ALL ABOUT KIDS LTD,"71-75 Shelton Street, Covent Garden, London, United Kingdom, WC2H 9JQ","71-75 Shelton Street, Covent Garden, London, United Kingdom, WC2H 9JQ",,,,,,,,,1
58908,3444,AADITRI IT SOLUTIONS LTD,U BROWN LTD,"71-75 Shelton Street, Covent Garden, London, United Kingdom, WC2H 9JQ","71-75 Shelton Street, Covent Garden, London, United Kingdom, WC2H 9JQ",,,,,,,,,1
58908,3775,AADITRI IT SOLUTIONS LTD,T & B ENGINEERING SOLUTIONS LTD,"71-75 Shelton Street, Covent Garden, London, United Kingdom, WC2H 9JQ","71-75 Shelton Street, Covent Garden, London, United Kingdom, WC2H 9JQ",,,,,,,,,1
58908,4375,AADITRI IT SOLUTIONS LTD,H & A ENGINEERING LTD,"71-75 Shelton Street, Covent Garden, London, United Kingdom, WC2H 9JQ","71-75 Shelton Street, Covent Garden, London, United Kingdom, WC2H 9JQ",,,,,,,,,1
58908,4438,AADITRI IT SOLUTIONS LTD,BEAUTY BOOSTERS LTD,"71-75 Shelton Street, Covent Garden, London, United Kingdom, WC2H 9JQ","71-75 Shelton Street, Covent Garden, London, United Kingdom, WC2H 9JQ",,,,,,,,,1
58908,6594,AADITRI IT SOLUTIONS LTD,U EVENTS LIMITED,"71-75 Shelton Street, Covent Garden, London, United Kingdom, WC2H 9JQ","71-75 Shelton Street, Covent Garden, London, United Kingdom, WC2H 9JQ",,,,,,,,,1
58908,7607,AADITRI IT SOLUTIONS LTD,GOOD ADVICE DEBT COMPANY LIMITED,"71-75 Shelton Street, Covent Garden, London, United Kingdom, WC2H 9JQ","71-75 Shelton Street, Covent Garden, London, United Kingdom, WC2H 9JQ",,,,,,,,,1
58908,11053,AADITRI IT SOLUTIONS LTD,ALL ABOUT THE SAAS LTD,"71-75 Shelton Street, Covent Garden, London, United Kingdom, WC2H 9JQ","71-75 Shelton Street, Covent Garden, London, United Kingdom, WC2H 9JQ",,,,,,,,,1
58908,12838,AADITRI IT SOLUTIONS LTD,Q CONSULTING GROUP LTD,"71-75 Shelton Street, Covent Garden, London, United Kingdom, WC2H 9JQ","71-75 Shelton Street, Covent Garden, London, United Kingdom, WC2H 9JQ",,,,,,,,,1
58908,15089,AADITRI IT SOLUTIONS LTD,Q UN LIMITED,"71-75 Shelton Street, Covent Garden, London, United Kingdom, WC2H 9JQ","71-75 Shelton Street, Covent Garden, London, United Kingdom, WC2H 9JQ",,,,,,,,,1
58908,18039,AADITRI IT SOLUTIONS LTD,Z & K DISTRIBUTORS LIMITED,"71-75 Shelton Street, Covent Garden, London, United Kingdom, WC2H 9JQ","71-75 Shelton Street, Covent Garden, London, United Kingdom, WC2H 9JQ",,,,,,,,,1
58908,18878,AADITRI IT SOLUTIONS LTD,FOOD & BEVERAGE INTERNATIONAL LTD,"71-75 Shelton Street, Covent Garden, London, United Kingdom, WC2H 9JQ","71-75 Shelton Street, Covent Garden, London, United Kingdom, WC2H 9JQ",,,,,,,,,1
58908,19784,AADITRI IT SOLUTIONS LTD,S A GUARANTEE SPECIALISTS UK LIMITED,"71-75 Shelton Street, Covent Garden, London, United Kingdom, WC2H 9JQ","71-75 Shelton Street, Covent Garden, London, United Kingdom, WC2H 9JQ",,,,,,,,,1
58908,19928,AADITRI IT SOLUTIONS LTD,ALL ABOUT ME ENTERPRISES LIMITED,"71-75 Shelton Street, Covent Garden, London, United Kingdom, WC2H 9JQ","71-75 Shelton Street, Covent Garden, London, United Kingdom, WC2H 9JQ",,,,,,,,,1
58908,21691,AADITRI IT SOLUTIONS LTD,NEW AGE AGENCY AND SERVICES LIMITED,"71-75 Shelton Street, Covent Garden, London, United Kingdom, WC2H 9JQ","71-75 Shelton Street, Covent Garden, London, United Kingdom, WC2H 9JQ",,,,,,,,,1
58908,25329,AADITRI IT SOLUTIONS LTD,NEW AGE GAMES LIMITED,"71-75 Shelton Street, Covent Garden, London, United Kingdom, WC2H 9JQ","71-75 Shelton Street, Covent Garden, London, United Kingdom, WC2H 9JQ",,,,,,,,,1
58908,28246,AADITRI IT SOLUTIONS LTD,BEAUTY BOLD PR LTD,"71-75 Shelton Street, Covent Garden, London, United Kingdom, WC2H 9JQ","71-75 Shelton Street, Covent Garden, London, United Kingdom, WC2H 9JQ",,,,,,,,,1
58908,35542,AADITRI IT SOLUTIONS LTD,BEAUTY BLOCKS LTD,"71-75 Shelton Street, Covent Garden, London, United Kingdom, WC2H 9JQ","71-75 Shelton Street, Covent Garden, London, United Kingdom, WC2H 9JQ",,,,,,,,,1
58908,36427,AADITRI IT SOLUTIONS LTD,SOFTWARE KEYS-SK LTD,"71-75 Shelton Street, Covent Garden, London, United Kingdom, WC2H 9JQ","71-75 Shelton Street, Covent Garden, London, United Kingdom, WC2H 9JQ",,,,,,,,,1
58908,36970,AADITRI IT SOLUTIONS LTD,NIKOLIC FINANCES LTD,"71-75 Shelton Street, Covent Garden, London, United Kingdom, WC2H 9JQ","71-75 Shelton Street, Covent Garden, London, United Kingdom, WC2H 9JQ",,,,,,,,,1
58908,37218,AADITRI IT SOLUTIONS LTD,U CHOZE LIMITED,"71-75 Shelton Street, Covent Garden, London, United Kingdom, WC2H 9JQ","71-75 Shelton Street, Covent Garden, London, United Kingdom, WC2H 9JQ",,,,,,,,,1
58908,44310,AADITRI IT SOLUTIONS LTD,NEW AGES TECHNOLOGIES LTD,"71-75 Shelton Street, Covent Garden, London, United Kingdom, WC2H 9JQ","71-75 Shelton Street, Covent Garden, London, United Kingdom, WC2H 9JQ",,,,,,,,,1
58908,46096,AADITRI IT SOLUTIONS LTD,BEAUTY AND A BOND LIMITED,"71-75 Shelton Street, Covent Garden, London, United Kingdom, WC2H 9JQ","71-75 Shelton Street, Covent Garden, London, United Kingdom, WC2H 9JQ",,,,,,,,,1
58908,47429,AADITRI IT SOLUTIONS LTD,SOFTWARE SOLUTIONS ESD LIMITED,"71-75 Shelton Street, Covent Garden, London, United Kingdom, WC2H 9JQ","71-75 Shelton Street, Covent Garden, London, United Kingdom, WC2H 9JQ",,,,,,,,,1
58908,49423,AADITRI IT SOLUTIONS LTD,Q ENVIRONMENTAL LIMITED,"71-75 Shelton Street, Covent Garden, London, United Kingdom, WC2H 9JQ","71-75 Shelton Street, Covent Garden, London, United Kingdom, WC2H 9JQ",,,,,,,,,1
58908,52699,AADITRI IT SOLUTIONS LTD,R A J S EVANS INVESTMENT COMPANY LTD,"71-75 Shelton Street, Covent Garden, London, United Kingdom, WC2H 9JQ","71-75 Shelton Street, Covent Garden, London, United Kingdom, WC2H 9JQ",,,,,,,,,1
58908,54407,AADITRI IT SOLUTIONS LTD,Q & F CARE SOLUTIONS LTD,"71-75 Shelton Street, Covent Garden, London, United Kingdom, WC2H 9JQ","71-75 Shelton Street, Covent Garden, London, United Kingdom, WC2H 9JQ",,,,,,,,,1
58908,54861,AADITRI IT SOLUTIONS LTD,FOOD AND THOUGHTS TECH LTD,"71-75 Shelton Street, Covent Garden, London, United Kingdom, WC2H 9JQ","71-75 Shelton Street, Covent Garden, London, United Kingdom, WC2H 9JQ",,,,,,,,,1
58919,51697,SJP FINANCES LTD,SOFTWARE JOB LTD,"International House, 12 Constance Street, London, United Kingdom, E16 2DQ","International House, 12 Constance Street, London, United Kingdom, E16 2DQ",,,,,,,,,1
58960,47339,Berkshire Hathaway Energy Co,MidAmerican Energy Co,"Suite 500, 666 Grand Avenue, Des Moines, Iowa, 50309-2580","Suite 500, 666 Grand Avenue, Des Moines, Iowa, 50309-2580",,,,,,,,,1
58961,24682,V & E TYRE RECYCLING LTD,V &E TYRES LTD,"81 Fen Road, Cambridge, England, CB4 1UN","81 Fen Road, Cambridge, England, CB4 1UN",,,,,,,,,1
58971,13112,SOFTWARE ADVICE SERVICE LIMITED,SOFTWARE HOUSE LIMITED,"Kemp House, 160 City Road, London, United Kingdom, EC1V 2NX","Kemp House, 160 City Road, London, United Kingdom, EC1V 2NX",,,,,,,,,1
58971,29912,SOFTWARE ADVICE SERVICE LIMITED,STANDARD WEST FINANCES LTD,"Kemp House, 160 City Road, London, United Kingdom, EC1V 2NX","Kemp House, 160 City Road, London, United Kingdom, EC1V 2NX",,,,,,,,,1
58971,32066,SOFTWARE ADVICE SERVICE LIMITED,SOFTWARE DISTRIBUTORS LTD,"Kemp House, 160 City Road, London, United Kingdom, EC1V 2NX","Kemp House, 160 City Road, London, United Kingdom, EC1V 2NX",,,,,,,,,1
58971,38038,SOFTWARE ADVICE SERVICE LIMITED,GOOD COPY LTD,"Kemp House, 160 City Road, London, United Kingdom, EC1V 2NX","Kemp House, 160 City Road, London, United Kingdom, EC1V 2NX",,,,,,,,,1
58971,58302,SOFTWARE ADVICE SERVICE LIMITED,SOFTWARE PRO COMPANY LIMITED,"Kemp House, 160 City Road, London, United Kingdom, EC1V 2NX","Kemp House, 160 City Road, London, United Kingdom, EC1V 2NX",,,,,,,,,1
59020,48247,NEW ACRE ELECTRICAL HOLDINGS LIMITED,NEW ACRE ELECTRICAL LIMITED,"South Street House, 51 South Street, Isleworth, Middlesex, United Kingdom, TW7 7AA","South Street House, 51 South Street, Isleworth, Middlesex, United Kingdom, TW7 7AA",,,,,,,,,1
59062,750,FA FINANCES LTD,BAD PACKETS LTD,"71-75 Shelton Street, Covent Garden, London, England, WC2H 9JQ","71-75 Shelton Street, Covent Garden, London, England, WC2H 9JQ",,,,,,,,,1
59062,6749,FA FINANCES LTD,FINANCES AND LAW SOLUTIONS LTD,"71-75 Shelton Street, Covent Garden, London, England, WC2H 9JQ","71-75 Shelton Street, Covent Garden, London, England, WC2H 9JQ",,,,,,,,,1
59062,10919,FA FINANCES LTD,TRUSTED FINANCES AND PROTECTION LTD,"71-75 Shelton Street, Covent Garden, London, England, WC2H 9JQ","71-75 Shelton Street, Covent Garden, London, England, WC2H 9JQ",,,,,,,,,1
59062,12172,FA FINANCES LTD,SADIO S LIMITED,"71-75 Shelton Street, Covent Garden, London, England, WC2H 9JQ","71-75 Shelton Street, Covent Garden, London, England, WC2H 9JQ",,,,,,,,,1
59062,21363,FA FINANCES LTD,BAD VEGAN LTD,"71-75 Shelton Street, Covent Garden, London, England, WC2H 9JQ","71-75 Shelton Street, Covent Garden, London, England, WC2H 9JQ",,,,,,,,,1
59062,23018,FA FINANCES LTD,U & I UN LIMITED,"71-75 Shelton Street, Covent Garden, London, England, WC2H 9JQ","71-75 Shelton Street, Covent Garden, London, England, WC2H 9JQ",,,,,,,,,1
59062,35043,FA FINANCES LTD,BEAUTY AND SERENITY LTD,"71-75 Shelton Street, Covent Garden, London, England, WC2H 9JQ","71-75 Shelton Street, Covent Garden, London, England, WC2H 9JQ",,,,,,,,,1
59062,43880,FA FINANCES LTD,NEW ABILITIES PROPERTY MANAGEMENT LTD,"71-75 Shelton Street, Covent Garden, London, England, WC2H 9JQ","71-75 Shelton Street, Covent Garden, London, England, WC2H 9JQ",,,,,,,,,1
59062,56280,FA FINANCES LTD,SOFTWARE EXPERTS GROUP LTD,"71-75 Shelton Street, Covent Garden, London, England, WC2H 9JQ","71-75 Shelton Street, Covent Garden, London, England, WC2H 9JQ",,,,,,,,,1
59107,3640,GOOD BUYYS LIMITED,V AESTHETICS LTD,"Suite G04 1 Quality Court, Chancery Lane, London, England, WC2A 1HR","Suite G04 1 Quality Court, Chancery Lane, London, England, WC2A 1HR",,,,,,,,,1
59107,7462,GOOD BUYYS LIMITED,BAD BS CLOTHING LTD,"Suite G04 1 Quality Court, Chancery Lane, London, England, WC2A 1HR","Suite G04 1 Quality Court, Chancery Lane, London, England, WC2A 1HR",,,,,,,,,1
59107,11658,GOOD BUYYS LIMITED,Z & I UNIVERSAL LIMITED,"Suite G04 1 Quality Court, Chancery Lane, London, England, WC2A 1HR","Suite G04 1 Quality Court, Chancery Lane, London, England, WC2A 1HR",,,,,,,,,1
59107,15796,GOOD BUYYS LIMITED,BEAUTY AND THE BOOK LTD,"Suite G04 1 Quality Court, Chancery Lane, London, England, WC2A 1HR","Suite G04 1 Quality Court, Chancery Lane, London, England, WC2A 1HR",,,,,,,,,1
59107,17663,GOOD BUYYS LIMITED,NEW AGE MOTORS LIMITED,"Suite G04 1 Quality Court, Chancery Lane, London, England, WC2A 1HR","Suite G04 1 Quality Court, Chancery Lane, London, England, WC2A 1HR",,,,,,,,,1
59107,28245,GOOD BUYYS LIMITED,GOOD CLINICAL PEOPLE LTD.,"Suite G04 1 Quality Court, Chancery Lane, London, England, WC2A 1HR","Suite G04 1 Quality Court, Chancery Lane, London, England, WC2A 1HR",,,,,,,,,1
59107,33446,GOOD BUYYS LIMITED,"BEAUTY AND YOU, TREATMENTS BY HANNAH LIMITED","Suite G04 1 Quality Court, Chancery Lane, London, England, WC2A 1HR","Suite G04 1 Quality Court, Chancery Lane, London, England, WC2A 1HR",,,,,,,,,1
59107,42554,GOOD BUYYS LIMITED,GOOD COMPANIONS SPALDING LTD,"Suite G04 1 Quality Court, Chancery Lane, London, England, WC2A 1HR","Suite G04 1 Quality Court, Chancery Lane, London, England, WC2A 1HR",,,,,,,,,1
59107,50880,GOOD BUYYS LIMITED,NEW AFRICAN WOMAN MAGAZINE LTD,"Suite G04 1 Quality Court, Chancery Lane, London, England, WC2A 1HR","Suite G04 1 Quality Court, Chancery Lane, London, England, WC2A 1HR",,,,,,,,,1
59168,4958,Factor Holding Srl,Bolton Group Srl,"VIA GIOVANNI BATTISTA PIRELLI 19, MILANO, 20124, MILANO, ITALY","VIA GIOVANNI BATTISTA PIRELLI 19, MILANO, 20124, MILANO, ITALY",,,,,IT07224860960,IT05983890152,,,1
59169,37923,Finanziaria Dei Dogi Srl,Ferfina Spa,"VIA SALARIA 1039, ROMA, 00138, ROMA, ITALY","VIA SALARIA 1039, ROMA, 00138, ROMA, ITALY",,,,,IT12018811005,IT00889761003,,,1
59169,44711,Finanziaria Dei Dogi Srl,Societa' Italiana Per Condotte D'acqua Spa,"VIA SALARIA 1039, ROMA, 00138, ROMA, ITALY","VIA SALARIA 1039, ROMA, 00138, ROMA, ITALY",,,,,IT12018811005,IT00904561008,,,1
59178,13279,Z & K PROPERTY INVESTMENTS LTD,Z & K KASPAS LTD,"4 Diamond Jubilee Close, Gloucester, United Kingdom, GL1 4LR","4 Diamond Jubilee Close, Gloucester, United Kingdom, GL1 4LR",,,,,,,,,1
59178,16854,Z & K PROPERTY INVESTMENTS LTD,Z & K SOUTHWEST LTD,"4 Diamond Jubilee Close, Gloucester, United Kingdom, GL1 4LR","4 Diamond Jubilee Close, Gloucester, United Kingdom, GL1 4LR",,,,,,,,,1
59178,24400,Z & K PROPERTY INVESTMENTS LTD,Z & K QUALITY FOODS LTD,"4 Diamond Jubilee Close, Gloucester, United Kingdom, GL1 4LR","4 Diamond Jubilee Close, Gloucester, United Kingdom, GL1 4LR",,,,,,,,,1
59178,31748,Z & K PROPERTY INVESTMENTS LTD,Z & K HOT FOOD LTD,"4 Diamond Jubilee Close, Gloucester, United Kingdom, GL1 4LR","4 Diamond Jubilee Close, Gloucester, United Kingdom, GL1 4LR",,,,,,,,,1
59178,46250,Z & K PROPERTY INVESTMENTS LTD,Z & K GLOUCESTER LTD,"4 Diamond Jubilee Close, Gloucester, United Kingdom, GL1 4LR","4 Diamond Jubilee Close, Gloucester, United Kingdom, GL1 4LR",,,,,,,,,1
59178,49464,Z & K PROPERTY INVESTMENTS LTD,Z & K EXETER LTD,"4 Diamond Jubilee Close, Gloucester, United Kingdom, GL1 4LR","4 Diamond Jubilee Close, Gloucester, United Kingdom, GL1 4LR",,,,,,,,,1
59178,53034,Z & K PROPERTY INVESTMENTS LTD,Z & K CORPORATE LTD,"4 Diamond Jubilee Close, Gloucester, United Kingdom, GL1 4LR","4 Diamond Jubilee Close, Gloucester, United Kingdom, GL1 4LR",,,,,,,,,1
59261,12768,P & A PRECISION (ENGINEERING) LIMITED,P & A PRECISION (HOLDINGS) LTD.,"46 Hamilton Square, Birkenhead, Merseyside, CH41 5AR","46 Hamilton Square, Birkenhead, Merseyside, CH41 5AR",,,,,,,,,1
59299,48748,Q & T GIFTS LTD,Q & T PROPERTIES LTD,"5 Jardine House, Harrovian Business Village, Bessborough Road, Harrow, Middlesex, United Kingdom, HA1 3EX","5 Jardine House, Harrovian Business Village, Bessborough Road, Harrow, Middlesex, United Kingdom, HA1 3EX",,,,,,,,,1
59333,38152,BAD MONKEY PICTURES LIMITED,BAD BRUNO LIMITED,"4 Prince Albert Road, London, United Kingdom, NW1 7SN","4 Prince Albert Road, London, United Kingdom, NW1 7SN",,,,,,,,,1
59491,39843,SOFTWARE CRUNCHER LIMITED,SOFTWARE CAPITAL LIMITED,"Sfp 9 Ensign House, Admirals Way, Marsh Wall, London, E14 9XQ","Sfp 9 Ensign House, Admirals Way, Marsh Wall, London, E14 9XQ",,,,,,,,,1
59505,13038,Prysmian Spa,Prysmian Powerlink Srl,"VIA CHIESE 6, MILANO, 20126, MILANO, ITALY","VIA CHIESE 6, MILANO, 20126, MILANO, ITALY",,,,,IT04866320965,IT05931070964,,,1
59627,9823,News Corp,Fox Corp,"1211 Avenue Of The Americas, New York, 10036-8701","1211 Avenue Of The Americas, New York, 10036-8701",,,,,United States,,,,1
59669,12656,T. & A. INSTALLATIONS LTD.,T. & A. RESIN LTD.,"78 Wilshaw Lane, Ashton-Under-Lyne, Lancashire, United Kingdom, OL7 9QX","78 Wilshaw Lane, Ashton-Under-Lyne, Lancashire, United Kingdom, OL7 9QX",,,,,,,,,1
59754,13192,H & A PROPERTIES TEESSIDE LIMITED,U & A AHMED LIMITED,"Beaumont Accountancy Services 1st Floor Enterprise House, 202-206 Linthorpe Road, Middlesbrough, England, TS1 3QW","Beaumont Accountancy Services 1st Floor Enterprise House, 202-206 Linthorpe Road, Middlesbrough, England, TS1 3QW",,,,,,,,,1
59754,42802,H & A PROPERTIES TEESSIDE LIMITED,Q BUILD WAKEFIELD LTD,"Beaumont Accountancy Services 1st Floor Enterprise House, 202-206 Linthorpe Road, Middlesbrough, England, TS1 3QW","Beaumont Accountancy Services 1st Floor Enterprise House, 202-206 Linthorpe Road, Middlesbrough, England, TS1 3QW",,,,,,,,,1
59792,4291,P. A. L. MANAGEMENT LIMITED,P. A. L. GLASS MACHINERY LIMITED,"33 Hornsby Square, Southfields Business Park, Basildon, Essex, SS15 6SD","33 Hornsby Square, Southfields Business Park, Basildon, Essex, SS15 6SD",,,,,,,,,1
59836,750,Z (CORPS) INTERNATIONAL LIMITED,BAD PACKETS LTD,"71-75 Shelton Street, Covent Garden, London, England, WC2H 9JQ","71-75 Shelton Street, Covent Garden, London, England, WC2H 9JQ",,,,,,,,,1
59836,6749,Z (CORPS) INTERNATIONAL LIMITED,FINANCES AND LAW SOLUTIONS LTD,"71-75 Shelton Street, Covent Garden, London, England, WC2H 9JQ","71-75 Shelton Street, Covent Garden, London, England, WC2H 9JQ",,,,,,,,,1
59836,10919,Z (CORPS) INTERNATIONAL LIMITED,TRUSTED FINANCES AND PROTECTION LTD,"71-75 Shelton Street, Covent Garden, London, England, WC2H 9JQ","71-75 Shelton Street, Covent Garden, London, England, WC2H 9JQ",,,,,,,,,1
59836,12172,Z (CORPS) INTERNATIONAL LIMITED,SADIO S LIMITED,"71-75 Shelton Street, Covent Garden, London, England, WC2H 9JQ","71-75 Shelton Street, Covent Garden, London, England, WC2H 9JQ",,,,,,,,,1
59836,21363,Z (CORPS) INTERNATIONAL LIMITED,BAD VEGAN LTD,"71-75 Shelton Street, Covent Garden, London, England, WC2H 9JQ","71-75 Shelton Street, Covent Garden, London, England, WC2H 9JQ",,,,,,,,,1
59836,23018,Z (CORPS) INTERNATIONAL LIMITED,U & I UN LIMITED,"71-75 Shelton Street, Covent Garden, London, England, WC2H 9JQ","71-75 Shelton Street, Covent Garden, London, England, WC2H 9JQ",,,,,,,,,1
59836,35043,Z (CORPS) INTERNATIONAL LIMITED,BEAUTY AND SERENITY LTD,"71-75 Shelton Street, Covent Garden, London, England, WC2H 9JQ","71-75 Shelton Street, Covent Garden, London, England, WC2H 9JQ",,,,,,,,,1
59836,43880,Z (CORPS) INTERNATIONAL LIMITED,NEW ABILITIES PROPERTY MANAGEMENT LTD,"71-75 Shelton Street, Covent Garden, London, England, WC2H 9JQ","71-75 Shelton Street, Covent Garden, London, England, WC2H 9JQ",,,,,,,,,1
59836,56280,Z (CORPS) INTERNATIONAL LIMITED,SOFTWARE EXPERTS GROUP LTD,"71-75 Shelton Street, Covent Garden, London, England, WC2H 9JQ","71-75 Shelton Street, Covent Garden, London, England, WC2H 9JQ",,,,,,,,,1
59836,59062,Z (CORPS) INTERNATIONAL LIMITED,FA FINANCES LTD,"71-75 Shelton Street, Covent Garden, London, England, WC2H 9JQ","71-75 Shelton Street, Covent Garden, London, England, WC2H 9JQ",,,,,,,,,1
59931,9833,T. ALLEN ALLOYS LTD,T. ALLEN STOCKHOLDERS LIMITED,"Unit 1 Abbey Industrial Park, Hermitage Lane, Mansfield, England, NG18 5GH","Unit 1 Abbey Industrial Park, Hermitage Lane, Mansfield, England, NG18 5GH",,,,,,,,,1
59999,37508,GOOD AND USEFUL TRADING LTD,GOOD AND USEFUL LTD,"9 St. Georges Yard, Farnham, England, GU9 7LW","9 St. Georges Yard, Farnham, England, GU9 7LW",,,,,,,,,1
60020,13525,T & A CONSTRUCTION LTD,T & A HOLDINGS LIMITED,"19 Middlewoods Way, Barnsley, England, S71 3HR","19 Middlewoods Way, Barnsley, England, S71 3HR",,,,,,,,,1
1795,864,GN Store Nord AS,Nets A/S,"Lautrupbjerg 7, Ballerup, 2750","Lautrupbjerg 10, CVR-nr. 37427497, Ballerup, 2750",,,,,,,,,1
2340,915,PACKER P LTD,ANOTHER BEAUTY SUPPLY COMPANY LTD,"128 City Road, London, United Kingdom, EC1V 2NX","128 City Road, London, England, EC1V 2NX",,,,,,,,,1
3108,93,FOOD COMPLIANT ENGINEERING LTD,SOFTWARE DEVELOPMENT SERVICES LTD,"20-22 Wenlock Road, London, N1 7GU","20-22 Wenlock Road, London, England, N1 7GU",,,,,,,,,1
3108,502,FOOD COMPLIANT ENGINEERING LTD,Z AND P INCORPORATED LTD,"20-22 Wenlock Road, London, N1 7GU","20-22 Wenlock Road, London, England, N1 7GU",,,,,,,,,1
3108,776,FOOD COMPLIANT ENGINEERING LTD,T & ASH LTD,"20-22 Wenlock Road, London, N1 7GU","20-22 Wenlock Road, London, England, N1 7GU",,,,,,,,,1
3444,750,U BROWN LTD,BAD PACKETS LTD,"71-75 Shelton Street, Covent Garden, London, United Kingdom, WC2H 9JQ","71-75 Shelton Street, Covent Garden, London, England, WC2H 9JQ",,,,,,,,,1
3775,750,T & B ENGINEERING SOLUTIONS LTD,BAD PACKETS LTD,"71-75 Shelton Street, Covent Garden, London, United Kingdom, WC2H 9JQ","71-75 Shelton Street, Covent Garden, London, England, WC2H 9JQ",,,,,,,,,1
3983,2696,Deutsche Bank Spa,Almaviva Technologies Srl,"PIAZZA DEL CALENDARIO 3, MILANO, 20126, MILANO, ITALY","PIAZZA DEI SANTI APOSTOLI 66, ROMA, 00187, ROMA, ITALY",,,,,IT01340740156,IT04819331002,,,1
4329,3641,Assimoco Vita Spa Compagnia Di Assicurazione Sulla Vita,Omnicom Media Group Srl,"VIA GIOVANNI SPADOLINI 7, MILANO, 20141, MILANO, ITALY","VIA GIOVANNI SPADOLINI 5, MILANO, 20141, MILANO, ITALY",,,,,IT11259010152,IT09898830154,,,1
4375,750,H & A ENGINEERING LTD,BAD PACKETS LTD,"71-75 Shelton Street, Covent Garden, London, United Kingdom, WC2H 9JQ","71-75 Shelton Street, Covent Garden, London, England, WC2H 9JQ",,,,,,,,,1
4438,750,BEAUTY BOOSTERS LTD,BAD PACKETS LTD,"71-75 Shelton Street, Covent Garden, London, United Kingdom, WC2H 9JQ","71-75 Shelton Street, Covent Garden, London, England, WC2H 9JQ",,,,,,,,,1
4601,3586,F.lli Martini & C. Spa,Eni Angola Spa,"VIA EMILIA 2614, LONGIANO, 47020, FORLI'-CESENA, ITALY","VIA EMILIA 1, SAN DONATO MILANESE, 20097, MILANO, ITALY",,,,,IT00124030404,IT05782480965,,,1
4860,2600,Ferretti International Holding Spa,Design Holding Spa,"VIA ALESSANDRO MANZONI 41, MILANO, 20121, MILANO, ITALY","VIA ALESSANDRO MANZONI 38, MILANO, 20121, MILANO, ITALY",,,,,IT07739200967,IT10446470964,,,1
5395,291,GOOD CHOICE 2016 LIMITED,Q BEST GAMES LIMITED,"Suite F10, 5th Flr Scala Hse, 36 Holloway Circus Queensway, Birmingham, West Midlands, England, B1 1EQ","Suite F10, 5th Floor Scala Hse, 36 Holloway Circus Queensway, Birmingham, United Kingdom, B1 1EQ",,,,,,,,,1
6083,5814,"Hitachi Metals, Ltd.",IHI Corp,"Toyosu Prime Square, 5-6-36, Toyosu, Koto-Ku, Tokyo, 135-0061","Toyosu Ihi Bldg., 3-1-1, Toyosu, Koto-Ku, Tokyo, 135-8710",,,,,,,,,1
6581,1841,ALL ABOUT ACCOUNTING (UK) LIMITED,P A DENTAL LAB SERVICES LTD,"West Gate Lodge, Cams Hall Estate, Fareham, Hampshire, PO16 8UP","West Gate Lodge, Cams Hall Estate, Fareham, Hampshire, England, PO16 8UP",,,,,,,,,1
6594,750,U EVENTS LIMITED,BAD PACKETS LTD,"71-75 Shelton Street, Covent Garden, London, United Kingdom, WC2H 9JQ","71-75 Shelton Street, Covent Garden, London, England, WC2H 9JQ",,,,,,,,,1
6749,6383,FINANCES AND LAW SOLUTIONS LTD,V AND C RELOCATION SERVICES LTD,"71-75 Shelton Street, Covent Garden, London, England, WC2H 9JQ","71-75 Shelton Street Shelton Street, Covent Garden, London, United Kingdom, WC2H 9JQ",,,,,,,,,1
7607,750,GOOD ADVICE DEBT COMPANY LIMITED,BAD PACKETS LTD,"71-75 Shelton Street, Covent Garden, London, United Kingdom, WC2H 9JQ","71-75 Shelton Street, Covent Garden, London, England, WC2H 9JQ",,,,,,,,,1
7607,6749,GOOD ADVICE DEBT COMPANY LIMITED,FINANCES AND LAW SOLUTIONS LTD,"71-75 Shelton Street, Covent Garden, London, United Kingdom, WC2H 9JQ","71-75 Shelton Street, Covent Garden, London, England, WC2H 9JQ",,,,,,,,,1
8225,3983,Rete Ferroviaria Italiana Spa,Deutsche Bank Spa,"PIAZZA DELLA CROCE ROSSA 1, ROMA, 00161, ROMA, ITALY","PIAZZA DEL CALENDARIO 3, MILANO, 20126, MILANO, ITALY",,,,,IT01008081000,IT01340740156,,,1
9108,3983,Trenitalia Spa,Deutsche Bank Spa,"PIAZZA DELLA CROCE ROSSA 1, ROMA, 00161, ROMA, ITALY","PIAZZA DEL CALENDARIO 3, MILANO, 20126, MILANO, ITALY",,,,,IT05403151003,IT01340740156,,,1
9162,1278,Moncler Spa,Volvo Car Italia Spa,"VIA ENRICO STENDHAL 47, MILANO, 20144, MILANO, ITALY","VIA ENRICO MATTEI 66, BOLOGNA, 40138, BOLOGNA, ITALY",,,,,IT04642290961,IT00326610375,,,1
9244,8802,International Design Group Spa,Sorgenia Spa,"VIA ALESSANDRO MANZONI 38, MILANO, 20121, MILANO, ITALY","VIA ALESSANDRO ALGARDI 4, MILANO, 20148, MILANO, ITALY",,,,,IT10462810960,IT12874490159,,,1
9343,6524,PT Sinar Mas Multiartha Tbk,PT Pabrik Kertas Tjiwi Kimia Tbk,"Sinarmas Land Plaza, Menara I Lt. 9, Jl. M.H. Thamrin No. 51, Jakarta, 10350","Sinar Mas Land Plaza, Menara 2, Lt.5 Jl. Mh. Thamrin No 51, Jakarta Pusat, 10350",,,,,,,,,1
9379,4175,Z. DUDHIA & COMPANY LIMITED,Z DUDHIA HOLDINGS LTD,"4 Hornton Place, London, W8 4LZ","4 Hornton Place, London, England, W8 4LZ",,,,,,,,,1
9423,7154,Cargill Eurit Srl,Daikin Air Conditioning Italy Spa,"VIA GIUSEPPE RIPAMONTI 89, MILANO, 20141, MILANO, ITALY","VIA GIUSEPPE RIPAMONTI 85, MILANO, 20141, MILANO, ITALY",,,,,IT05942560961,IT03667970283,,,1
9445,4024,GOOD ACCOUNTS UK LTD,GOOD CALL LTD,"Office 1.03 Vauxhall Sky Gardens, 153 Wandsworth Road, London, England, SW8 2GB","Office 1.03 Sky Gardens, 153 Wandsworth Road, London, United Kingdom, SW8 2GB",,,,,,,,,1
9832,6002,FIRSTMEDIA & FINANCESERVICE LIMITED,BAD PANDA DIVERS LIMITED,"Stron House, 100 Pall Mall, London, SW1Y 5EA","Stron House, 100 Pall Mall, London, England, SW1Y 5EA",,,,,,,,,1
10153,1190,Q CORPORATION LTD,R . A. C. INTERIORS LTD,"PO Box 4385, 11975010 - COMPANIES HOUSE DEFAULT ADDRESS, Cardiff, CF14 8LH","PO Box 4385, 11794713: COMPANIES HOUSE DEFAULT ADDRESS, Cardiff, CF14 8LH",,,,,,,,,1
10177,9606,ALL ABOUT DRINKS CONSULTING SERVICES LTD,S A CONSTRUCTION 247 LTD,"86-90 Paul Street, London, England, United Kingdom, EC2A 4NE","86-90 Paul Street, London, England, EC2A 4NE",,,,,,,,,1
10182,5817,Inpex Corp,Hakuhodo DY Holdings Inc,"Akasaka Biz Tower, 5-3-1, Akasaka, Minato-Ku, Tokyo, 107-6332","Akasaka Biz Tower, 5-3-1, Akasaka, Minato-Ku, Tokyo, 107-6320",,,,,,,,,1
10238,4789,Aker Solutions ASA,Aker BP ASA,"Oksenoyveien 8, Lysaker, 1366","Oksenoyveien 10, Lysaker, 1366",,,,,,,,,1
10632,10402,BEAUTY AND FASHION LIMITED,P & A SECURITY AND FACILITIES MANAGEMENT LIMITED,"PO Box 4385, 13680302: COMPANIES HOUSE DEFAULT ADDRESS, Cardiff, CF14 8LH","PO Box 4385, 13465333 - COMPANIES HOUSE DEFAULT ADDRESS, Cardiff, CF14 8LH",,,,,,,,,1
10919,6383,TRUSTED FINANCES AND PROTECTION LTD,V AND C RELOCATION SERVICES LTD,"71-75 Shelton Street, Covent Garden, London, England, WC2H 9JQ","71-75 Shelton Street Shelton Street, Covent Garden, London, United Kingdom, WC2H 9JQ",,,,,,,,,1
11053,750,ALL ABOUT THE SAAS LTD,BAD PACKETS LTD,"71-75 Shelton Street, Covent Garden, London, United Kingdom, WC2H 9JQ","71-75 Shelton Street, Covent Garden, London, England, WC2H 9JQ",,,,,,,,,1
11053,6749,ALL ABOUT THE SAAS LTD,FINANCES AND LAW SOLUTIONS LTD,"71-75 Shelton Street, Covent Garden, London, United Kingdom, WC2H 9JQ","71-75 Shelton Street, Covent Garden, London, England, WC2H 9JQ",,,,,,,,,1
11053,10919,ALL ABOUT THE SAAS LTD,TRUSTED FINANCES AND PROTECTION LTD,"71-75 Shelton Street, Covent Garden, London, United Kingdom, WC2H 9JQ","71-75 Shelton Street, Covent Garden, London, England, WC2H 9JQ",,,,,,,,,1
11209,3776,FINANCE SOLUTIONS JACEK LIMITED,U & H GROUPS LTD,"Lytchett House Wareham Road, 13 Freeland Park, Poole, England, BH16 6FA","Lytchett House 13 Freeland Park, Wareham Road, Poole, Dorset, United Kingdom, BH16 6FA",,,,,,,,,1
11214,915,BRIGHT VISION INVESTMENT LTD,ANOTHER BEAUTY SUPPLY COMPANY LTD,"128 City Road, London, United Kingdom, EC1V 2NX","128 City Road, London, England, EC1V 2NX",,,,,,,,,1
11424,8980,Sumitomo Corp,Mitsubishi Estate Co Ltd,"Otemachi Place East Tower, 2-3-2, Ote-Machi, Chiyoda-Ku, Tokyo, 100-8601","Otemachi Park Bldg., 1-1-1, Ote-Machi, Chiyoda-Ku, Tokyo, 100-8133",,,,,,,,,1
11650,732,Y TREE LIMITED,BAD BIRD LIMITED,"Acre House, 11/15 William Road, London, United Kingdom, NW1 3ER","Acre House, 11/15 William Road, London, NW1 3ER",,,,,,,,,1
11773,494,Outokumpu Oyj,Stora Enso Oyj,"Salmisaarenranta 11, Helsinki, 00180","Salmisaarenaukio 2, Helsinki, 00180",,,,,Finland,Finland,Europe,Europe,1
11904,3334,BEAUTY AT HEART LTD,T A MAGNETS LIMITED,"39-43 Bridge Street, Swinton, Mexborough, South Yorkshire, S64 8AP","39-43 Bridge Street Swinton, Mexborough, United Kingdom, S64 8AP",,,,,,,,,1
12164,9606,S A ELECTRICAL SOLUTIONS LTD,S A CONSTRUCTION 247 LTD,"86-90 Paul Street, London, England, United Kingdom, EC2A 4NE","86-90 Paul Street, London, England, EC2A 4NE",,,,,,,,,1
12172,6383,SADIO S LIMITED,V AND C RELOCATION SERVICES LTD,"71-75 Shelton Street, Covent Garden, London, England, WC2H 9JQ","71-75 Shelton Street Shelton Street, Covent Garden, London, United Kingdom, WC2H 9JQ",,,,,,,,,1
12633,1599,S. A. CLAFFEY LIMITED,U D ROOFING LIMITED,"Portsmouth Technopole, Kingston Crescent, Portsmouth, England, PO2 8FA","Portsmouth Technopole Holland Accountancy Ltd, Kingston Crescent, Portsmouth, United Kingdom, PO2 8FA",,,,,,,,,1
12838,750,Q CONSULTING GROUP LTD,BAD PACKETS LTD,"71-75 Shelton Street, Covent Garden, London, United Kingdom, WC2H 9JQ","71-75 Shelton Street, Covent Garden, London, England, WC2H 9JQ",,,,,,,,,1
12838,6749,Q CONSULTING GROUP LTD,FINANCES AND LAW SOLUTIONS LTD,"71-75 Shelton Street, Covent Garden, London, United Kingdom, WC2H 9JQ","71-75 Shelton Street, Covent Garden, London, England, WC2H 9JQ",,,,,,,,,1
12838,10919,Q CONSULTING GROUP LTD,TRUSTED FINANCES AND PROTECTION LTD,"71-75 Shelton Street, Covent Garden, London, United Kingdom, WC2H 9JQ","71-75 Shelton Street, Covent Garden, London, England, WC2H 9JQ",,,,,,,,,1
12838,12172,Q CONSULTING GROUP LTD,SADIO S LIMITED,"71-75 Shelton Street, Covent Garden, London, United Kingdom, WC2H 9JQ","71-75 Shelton Street, Covent Garden, London, England, WC2H 9JQ",,,,,,,,,1
13228,4809,Inchcape plc,K & M INVESTMENTS AND FINANCES.EGYPT LTD,"22a St. James's Square, London, SW1Y5LP","22a St James's Square, Mayfair, London, United Kingdom, SW1Y 4JH",,,,,,,,,1
13329,7660,Moelis & Co,Owl Rock Capital Corp,"399 Park Avenue, 5th Floor, New York, 10022","399 Park Avenue, 38th Floor, New York, 10022",,,,,,,,,1
13370,11775,T & A DOBINSON CONSULTANCY LIMITED,H & A ENTERTAINMENTS LTD,"Lawrence House, 5 St. Andrews Hill, Norwich, Norfolk, NR2 1AD","Lawrence House, 5 St Andrews Hill, Norwich, Norfolk, NR2 1AD",,,,,,,,,1
13551,915,NEW AGE FASHION LTD,ANOTHER BEAUTY SUPPLY COMPANY LTD,"128 City Road, London, United Kingdom, EC1V 2NX","128 City Road, London, England, EC1V 2NX",,,,,,,,,1
13774,6055,Q & K SERVICES LTD,BEAUTY ANCHOR AESTHETICS LIMITED,"27 Old Gloucester Street, London, United Kingdom, WC1N 3AX","27 Old Gloucester Street, London, England, WC1N 3AX",,,,,,,,,1
13774,6697,Q & K SERVICES LTD,NEW AGE LETTINGS LIMITED,"27 Old Gloucester Street, London, United Kingdom, WC1N 3AX","27 Old Gloucester Street, London, England, WC1N 3AX",,,,,,,,,1
13794,6055,BAD ANGELS LIMITED,BEAUTY ANCHOR AESTHETICS LIMITED,"27 Old Gloucester Street, London, United Kingdom, WC1N 3AX","27 Old Gloucester Street, London, England, WC1N 3AX",,,,,,,,,1
13794,6697,BAD ANGELS LIMITED,NEW AGE LETTINGS LIMITED,"27 Old Gloucester Street, London, United Kingdom, WC1N 3AX","27 Old Gloucester Street, London, England, WC1N 3AX",,,,,,,,,1
13874,6358,Ngk Spark Plug Europe Gmbh,Cribis Holding Srl,"VIA DELLE AZALEE 15, BUCCINASCO, 20090, MILANO, ITALY","VIA DELLA ZECCA 2, BOLOGNA, 40121, BOLOGNA, ITALY",,,,,IT05218860962,IT03164291209,,,1
13970,6095,SOFTWARE ROCKS LTD,SOFTWARE MOSAIC LIMITED,"C/O Johnston Carmichael Office G08 (Ground Floor), Birchin Court, 20 Birchin Lane, London, EC3V 9DU","C/O Johnston Carmichael Office G08 (Ground Floor) Birchin Court, 20 Birchin Lane, London, EC3V 9DU",,,,,,,,,1
15089,750,Q UN LIMITED,BAD PACKETS LTD,"71-75 Shelton Street, Covent Garden, London, United Kingdom, WC2H 9JQ","71-75 Shelton Street, Covent Garden, London, England, WC2H 9JQ",,,,,,,,,1
15089,6749,Q UN LIMITED,FINANCES AND LAW SOLUTIONS LTD,"71-75 Shelton Street, Covent Garden, London, United Kingdom, WC2H 9JQ","71-75 Shelton Street, Covent Garden, London, England, WC2H 9JQ",,,,,,,,,1
15089,10919,Q UN LIMITED,TRUSTED FINANCES AND PROTECTION LTD,"71-75 Shelton Street, Covent Garden, London, United Kingdom, WC2H 9JQ","71-75 Shelton Street, Covent Garden, London, England, WC2H 9JQ",,,,,,,,,1
15089,12172,Q UN LIMITED,SADIO S LIMITED,"71-75 Shelton Street, Covent Garden, London, United Kingdom, WC2H 9JQ","71-75 Shelton Street, Covent Garden, London, England, WC2H 9JQ",,,,,,,,,1
15786,5388,Trasporti Internazionali Agenzia Marittima Savino Del Bene Spa,Salvatore Ferragamo Spa,"VIA DEL BOTTEGHINO 24/26, SCANDICCI, 50018, FIRENZE, ITALY","VIA DEI TORNABUONI 2, FIRENZE, 50123, FIRENZE, ITALY",,,,,IT05300610481,IT02175200480,,,1
15886,10527,Nihon Parkerizing Co Ltd,Ajinomoto Co Inc,"1-15-1, Nihombashi, Chuo-Ku, Tokyo, 103-0027","1-15-1, Kyobashi, Chuo-Ku, Tokyo, 104-8315",,,,,,,,,1
16211,5473,Bmw Italia Spa,E.on Energia Spa,"VIA DELL'UNIONE EUROPEA 1, SAN DONATO MILANESE, 20097, MILANO, ITALY","VIA DELL'UNIONE 1, MILANO, 20122, MILANO, ITALY",,,,,IT12532500159,IT03429130234,,,1
16267,6055,MATRIX FINANCES LTD,BEAUTY ANCHOR AESTHETICS LIMITED,"27 Old Gloucester Street, London, United Kingdom, WC1N 3AX","27 Old Gloucester Street, London, England, WC1N 3AX",,,,,,,,,1
16267,6697,MATRIX FINANCES LTD,NEW AGE LETTINGS LIMITED,"27 Old Gloucester Street, London, United Kingdom, WC1N 3AX","27 Old Gloucester Street, London, England, WC1N 3AX",,,,,,,,,1
16315,12459,REC Ltd,MMTC Ltd,"Core- 4, Scope Complex, 7, Lodhi Road, Gurgaon, 122001","Core -1, Scope Complex, Lodhi Road, 7 Institutional Area, New Delhi, 110003",,,,,,,,,1
16906,15075,Toyo Ink SC Holdings Co Ltd,Taiyo Yuden Co Ltd,"Kyobashi Edogrand, 2-2-1, Kyobashi, Chuo-Ku, Tokyo, 104-8377","Kyobashi East Bldg., 2-7-19, Kyobashi, Chuo-Ku, Tokyo, 104-0031",,,,,,,,,1
17595,4280,Q CAFE LOUNGE LTD,Q CAFE LTD,"Q Lounge, St Peter Street, Blackburn, United Kingdom, BB2 2HB","Q Lounge, St Peter Street, Blackburn, Lancashire, United Kingdom, BB2 2HB",,,,,,,,,1
17757,915,GOOD DAY AESTHETICS & BEAUTY LTD,ANOTHER BEAUTY SUPPLY COMPANY LTD,"128 City Road, London, United Kingdom, EC1V 2NX","128 City Road, London, England, EC1V 2NX",,,,,,,,,1
18039,750,Z & K DISTRIBUTORS LIMITED,BAD PACKETS LTD,"71-75 Shelton Street, Covent Garden, London, United Kingdom, WC2H 9JQ","71-75 Shelton Street, Covent Garden, London, England, WC2H 9JQ",,,,,,,,,1
18039,6749,Z & K DISTRIBUTORS LIMITED,FINANCES AND LAW SOLUTIONS LTD,"71-75 Shelton Street, Covent Garden, London, United Kingdom, WC2H 9JQ","71-75 Shelton Street, Covent Garden, London, England, WC2H 9JQ",,,,,,,,,1
18039,10919,Z & K DISTRIBUTORS LIMITED,TRUSTED FINANCES AND PROTECTION LTD,"71-75 Shelton Street, Covent Garden, London, United Kingdom, WC2H 9JQ","71-75 Shelton Street, Covent Garden, London, England, WC2H 9JQ",,,,,,,,,1
18039,12172,Z & K DISTRIBUTORS LIMITED,SADIO S LIMITED,"71-75 Shelton Street, Covent Garden, London, United Kingdom, WC2H 9JQ","71-75 Shelton Street, Covent Garden, London, England, WC2H 9JQ",,,,,,,,,1
18166,93,GOOD AND BETTER LTD,SOFTWARE DEVELOPMENT SERVICES LTD,"20-22 Wenlock Road, London, N1 7GU","20-22 Wenlock Road, London, England, N1 7GU",,,,,,,,,1
18166,502,GOOD AND BETTER LTD,Z AND P INCORPORATED LTD,"20-22 Wenlock Road, London, N1 7GU","20-22 Wenlock Road, London, England, N1 7GU",,,,,,,,,1
18166,776,GOOD AND BETTER LTD,T & ASH LTD,"20-22 Wenlock Road, London, N1 7GU","20-22 Wenlock Road, London, England, N1 7GU",,,,,,,,,1
18166,3415,GOOD AND BETTER LTD,FOOD BOOKING LTD,"20-22 Wenlock Road, London, N1 7GU","20-22 Wenlock Road, London, England, N1 7GU",,,,,,,,,1
18166,4039,GOOD AND BETTER LTD,ALL ABOUT BOILERS LTD,"20-22 Wenlock Road, London, N1 7GU","20-22 Wenlock Road, London, England, N1 7GU",,,,,,,,,1
18166,5606,GOOD AND BETTER LTD,GOOD CONNEXION LTD,"20-22 Wenlock Road, London, N1 7GU","20-22 Wenlock Road, London, England, N1 7GU",,,,,,,,,1
18166,6679,GOOD AND BETTER LTD,Q BRANCH SOLUTIONS LTD,"20-22 Wenlock Road, London, N1 7GU","20-22 Wenlock Road, London, England, N1 7GU",,,,,,,,,1
18166,7079,GOOD AND BETTER LTD,H A DIRECT LTD,"20-22 Wenlock Road, London, N1 7GU","20-22 Wenlock Road, London, England, N1 7GU",,,,,,,,,1
18166,8008,GOOD AND BETTER LTD,GOOD & YOUNG LTD,"20-22 Wenlock Road, London, N1 7GU","20-22 Wenlock Road, London, England, N1 7GU",,,,,,,,,1
18166,13025,GOOD AND BETTER LTD,NEW AGE PLUMBING AND HEATING SERVICES LTD,"20-22 Wenlock Road, London, N1 7GU","20-22 Wenlock Road, London, England, N1 7GU",,,,,,,,,1
18166,13096,GOOD AND BETTER LTD,GOOD BEAGLE INTERNATIONAL LTD,"20-22 Wenlock Road, London, N1 7GU","20-22 Wenlock Road, London, England, N1 7GU",,,,,,,,,1
18166,14082,GOOD AND BETTER LTD,SOFTWARE BRAIN LTD,"20-22 Wenlock Road, London, N1 7GU","20-22 Wenlock Road, London, England, N1 7GU",,,,,,,,,1
18166,16743,GOOD AND BETTER LTD,Q BRIDGE ENTERTAINMENT LTD,"20-22 Wenlock Road, London, N1 7GU","20-22 Wenlock Road, London, England, N1 7GU",,,,,,,,,1
18166,17304,GOOD AND BETTER LTD,PERGORA FINANCES INVESTMENTS LTD,"20-22 Wenlock Road, London, N1 7GU","20-22 Wenlock Road, London, England, N1 7GU",,,,,,,,,1
18166,17549,GOOD AND BETTER LTD,ALL ABOUT PROPERTIES LTD,"20-22 Wenlock Road, London, N1 7GU","20-22 Wenlock Road, London, England, N1 7GU",,,,,,,,,1
18304,2705,SOFTWARE BROKERS LTD,SOFTWARE 4 ALL LTD,"70 Scotlands Drive, Coalville, United Kingdom, LE67 3SU","70 Scotlands Drive, Coalville, England, LE67 3SU",,,,,,,,,1
18304,4590,SOFTWARE BROKERS LTD,SOFTWARE MICRO LTD,"70 Scotlands Drive, Coalville, United Kingdom, LE67 3SU","70 Scotlands Drive, Coalville, England, LE67 3SU",,,,,,,,,1
18374,5949,Z A H ALSINDI LTD,BAD BOYS CORNER UK LTD,"International House, Constance Street, London, England, E16 2DQ","International House, 64 Nile Street, London, England, N1 7SR",,,,,,,,,1
18552,3774,Fidelity National Financial Inc,Black Knight Inc,"601 Riverside Avenue, Jacksonville, Florida, 32204","601 Riverside Ave, Jacksonville, Florida, 32204-2901",,,,,,,,,1
18878,750,FOOD & BEVERAGE INTERNATIONAL LTD,BAD PACKETS LTD,"71-75 Shelton Street, Covent Garden, London, United Kingdom, WC2H 9JQ","71-75 Shelton Street, Covent Garden, London, England, WC2H 9JQ",,,,,,,,,1
18878,6749,FOOD & BEVERAGE INTERNATIONAL LTD,FINANCES AND LAW SOLUTIONS LTD,"71-75 Shelton Street, Covent Garden, London, United Kingdom, WC2H 9JQ","71-75 Shelton Street, Covent Garden, London, England, WC2H 9JQ",,,,,,,,,1
18878,10919,FOOD & BEVERAGE INTERNATIONAL LTD,TRUSTED FINANCES AND PROTECTION LTD,"71-75 Shelton Street, Covent Garden, London, United Kingdom, WC2H 9JQ","71-75 Shelton Street, Covent Garden, London, England, WC2H 9JQ",,,,,,,,,1
18878,12172,FOOD & BEVERAGE INTERNATIONAL LTD,SADIO S LIMITED,"71-75 Shelton Street, Covent Garden, London, United Kingdom, WC2H 9JQ","71-75 Shelton Street, Covent Garden, London, England, WC2H 9JQ",,,,,,,,,1
18886,5705,"S, A & S LEISURE GROUP LTD","S, A & S INVESTMENTS LIMITED","8 Craigie Park, Aberdeen, United Kingdom, AB25 2SE","8 Craigie Park, Aberdeen, AB25 2SE",,,,,,,,,1
18893,6055,NEW ALBION REAL ESTATE LTD,BEAUTY ANCHOR AESTHETICS LIMITED,"27 Old Gloucester Street, London, United Kingdom, WC1N 3AX","27 Old Gloucester Street, London, England, WC1N 3AX",,,,,,,,,1
18893,6697,NEW ALBION REAL ESTATE LTD,NEW AGE LETTINGS LIMITED,"27 Old Gloucester Street, London, United Kingdom, WC1N 3AX","27 Old Gloucester Street, London, England, WC1N 3AX",,,,,,,,,1
19116,5727,Brembo Spa,Postepay Spa,"VIALE EUROPA 2, STEZZANO, 24040, BERGAMO, ITALY","VIALE EUROPA 190, ROMA, 00144, ROMA, ITALY",,,,,IT00222620163,IT06874351007,,,1
19116,18935,Brembo Spa,Poste Italiane Spa,"VIALE EUROPA 2, STEZZANO, 24040, BERGAMO, ITALY","VIALE EUROPA 190, ROMA, 00144, ROMA, ITALY",,,,,IT00222620163,IT01114601006,,Europe,1
19279,18383,BF BARON FINANCES LTD,CLOAK LANE EC4 LIMITED,"167-169 Great Portland Street, Fifth Floor, London, United Kingdom, W1W 5PF","167-169 Great Portland Street, 5th Floor, London, W1W 5PF",,,,,,,,,1
19392,14279,Nipro Corp,Santen Pharmaceutical Co Ltd,"3-9-3, Honjo-Nishi, Kita-Ku, Osaka-Shi, 531-8510","3-9-19, Shimo-Shinjo, Higashiyodogawa-Ku, Osaka-Shi, 530-8552",,,,,,,,,1
19608,7154,Cargill Srl,Daikin Air Conditioning Italy Spa,"VIA GIUSEPPE RIPAMONTI 89, MILANO, 20141, MILANO, ITALY","VIA GIUSEPPE RIPAMONTI 85, MILANO, 20141, MILANO, ITALY",,,,,IT12096330159,IT03667970283,,,1
19613,915,SOFTWARE SOLUTIONS GROUP LTD.,ANOTHER BEAUTY SUPPLY COMPANY LTD,"128 City Road, London, United Kingdom, EC1V 2NX","128 City Road, London, England, EC1V 2NX",,,,,,,,,1
19701,13520,Cnh Industrial Italia Spa,Unes Maxi Spa,"VIALE DELLE NAZIONI 55, MODENA, 41122, MODENA, ITALY","VIALE DELLE INDUSTRIE SNC, VIMODRONE, 20055, MILANO, ITALY",,,,,IT00370290363,IT07515280159,,,1
19784,750,S A GUARANTEE SPECIALISTS UK LIMITED,BAD PACKETS LTD,"71-75 Shelton Street, Covent Garden, London, United Kingdom, WC2H 9JQ","71-75 Shelton Street, Covent Garden, London, England, WC2H 9JQ",,,,,,,,,1
19784,6749,S A GUARANTEE SPECIALISTS UK LIMITED,FINANCES AND LAW SOLUTIONS LTD,"71-75 Shelton Street, Covent Garden, London, United Kingdom, WC2H 9JQ","71-75 Shelton Street, Covent Garden, London, England, WC2H 9JQ",,,,,,,,,1
19784,10919,S A GUARANTEE SPECIALISTS UK LIMITED,TRUSTED FINANCES AND PROTECTION LTD,"71-75 Shelton Street, Covent Garden, London, United Kingdom, WC2H 9JQ","71-75 Shelton Street, Covent Garden, London, England, WC2H 9JQ",,,,,,,,,1
19784,12172,S A GUARANTEE SPECIALISTS UK LIMITED,SADIO S LIMITED,"71-75 Shelton Street, Covent Garden, London, United Kingdom, WC2H 9JQ","71-75 Shelton Street, Covent Garden, London, England, WC2H 9JQ",,,,,,,,,1
19788,9606,ALL ABOUT DAMP LTD,S A CONSTRUCTION 247 LTD,"86-90 Paul Street, London, England, United Kingdom, EC2A 4NE","86-90 Paul Street, London, England, EC2A 4NE",,,,,,,,,1
19788,16339,ALL ABOUT DAMP LTD,NEW AGE REBEL LTD,"86-90 Paul Street, London, England, United Kingdom, EC2A 4NE","86-90 Paul Street, London, England, EC2A 4NE",,,,,,,,,1
19841,2413,Z A PIZZA LIMITED,Q AND K'S CONSULTANCY LTD,"1007 Argyle Street, Glasgow, United Kingdom, G3 8LZ","1007 Argyle Street, Glasgow, Scotland, G3 8LZ",,,,,,,,,1
19845,15482,Denka Co Ltd,J Front Retailing Co Ltd,"Nihonbashi Mitsui Tower, 2-1-1, Nihonbashi Muro-Machi, Chuo-Ku, Tokyo, 103-8338","Nihonbashi 1-Chome Mitsui Building, 1-4-1, Nihonbashi, Chuo-Ku, Tokyo, 104-0028",,,,,,,,,1
19928,750,ALL ABOUT ME ENTERPRISES LIMITED,BAD PACKETS LTD,"71-75 Shelton Street, Covent Garden, London, United Kingdom, WC2H 9JQ","71-75 Shelton Street, Covent Garden, London, England, WC2H 9JQ",,,,,,,,,1
19928,6749,ALL ABOUT ME ENTERPRISES LIMITED,FINANCES AND LAW SOLUTIONS LTD,"71-75 Shelton Street, Covent Garden, London, United Kingdom, WC2H 9JQ","71-75 Shelton Street, Covent Garden, London, England, WC2H 9JQ",,,,,,,,,1
19928,10919,ALL ABOUT ME ENTERPRISES LIMITED,TRUSTED FINANCES AND PROTECTION LTD,"71-75 Shelton Street, Covent Garden, London, United Kingdom, WC2H 9JQ","71-75 Shelton Street, Covent Garden, London, England, WC2H 9JQ",,,,,,,,,1
19928,12172,ALL ABOUT ME ENTERPRISES LIMITED,SADIO S LIMITED,"71-75 Shelton Street, Covent Garden, London, United Kingdom, WC2H 9JQ","71-75 Shelton Street, Covent Garden, London, England, WC2H 9JQ",,,,,,,,,1
19956,5930,PHI FINANCES INVESTMENT LTD,SOFTWARE CPANEL LTD,"PO Box 4385, 12588573: COMPANIES HOUSE DEFAULT ADDRESS, Cardiff, CF14 8LH","PO Box 4385, 12356176: COMPANIES HOUSE DEFAULT ADDRESS, Cardiff, CF14 8LH",,,,,,,,,1
20180,2404,Vontobel Holding AG,Datwyler Holding Inc,"Gotthardstrasse 43, Zuerich, 8002","Gotthardstrasse 31, Altdorf, 6460",,,,,,,,,1
20414,6055,FOOD BOOTH LIMITED,BEAUTY ANCHOR AESTHETICS LIMITED,"27 Old Gloucester Street, London, United Kingdom, WC1N 3AX","27 Old Gloucester Street, London, England, WC1N 3AX",,,,,,,,,1
20414,6697,FOOD BOOTH LIMITED,NEW AGE LETTINGS LIMITED,"27 Old Gloucester Street, London, United Kingdom, WC1N 3AX","27 Old Gloucester Street, London, England, WC1N 3AX",,,,,,,,,1
20450,177,U GRAND LTD,"GOOD BROTHER INDUSTRY CO., LTD","Churchill House, 142-146 Old Street, London, United Kingdom, EC1V 9BW","Churchill House, 142-146 Old Street, London, England, EC1V 9BW",,,,,,,,,1
20656,20044,Elia Group SA,Banque Nationale de Belgique SA,"Boulevard De L'Empereur 20, Bruxelles, 1000","Boulevard De Berlaimont 14, Bruxelles, 1000",,,,,,,,,1
21003,5414,D4 SHOPFITTING LTD,Z A DISTRIBUTORS LIMITED,"7 Greenfield Crescent, Edgbaston, Birmingham, England, B15 3BE","7 Greenfield Crescent, Birmingham, England, B15 3BE",,,,,,,,,1
21091,4265,B&d Holding Spa,Rai Pubblicita' Spa,"VIA GIOVANNI DA VERRAZZANO 15, NOVARA, 28100, NOVARA, ITALY","VIA GIOVANNI CARLO CAVALLI 6, TORINO, 10138, TORINO, ITALY",,,,,IT02324900030,IT00471300012,,,1
21363,6383,BAD VEGAN LTD,V AND C RELOCATION SERVICES LTD,"71-75 Shelton Street, Covent Garden, London, England, WC2H 9JQ","71-75 Shelton Street Shelton Street, Covent Garden, London, United Kingdom, WC2H 9JQ",,,,,,,,,1
21372,8880,FINANCE SECTOR SERVICES LIMITED,GOOD BEGINNINGS LTD,"Lynton House, 7-12 Tavistock Square, London, United Kingdom, WC1H 9BQ","Lynton House, 7-12 Tavistock Square, London, England, WC1H 9BQ",,,,,,,,,1
21409,19365,T. ALLEN ENGINEERING SERVICES LIMITED,T ALLEN ENGINEERING SERVICES TRUSTEES LIMITED,"Unit 11, Stonebroom Industrial Estate, Stonebroom, Derby, DE55 6LQ","Unit 11 Stonebroom Industrial Estate, Stonebroom, Alfreton, United Kingdom, DE55 6LQ",,,,,,,,,1
21488,17804,Ana Holdings Inc,Fujitsu Ltd,"Shiodome-City Center, 1-5-2, Higashi-Shimbashi, Minato-Ku, Tokyo, 105-7133","Shiodome City Center, 1-5-2, Higashi-Shimbashi, Minato-Ku, Tokyo, 105-7123",,,,,,,,,1
21691,750,NEW AGE AGENCY AND SERVICES LIMITED,BAD PACKETS LTD,"71-75 Shelton Street, Covent Garden, London, United Kingdom, WC2H 9JQ","71-75 Shelton Street, Covent Garden, London, England, WC2H 9JQ",,,,,,,,,1
21691,6749,NEW AGE AGENCY AND SERVICES LIMITED,FINANCES AND LAW SOLUTIONS LTD,"71-75 Shelton Street, Covent Garden, London, United Kingdom, WC2H 9JQ","71-75 Shelton Street, Covent Garden, London, England, WC2H 9JQ",,,,,,,,,1
21691,10919,NEW AGE AGENCY AND SERVICES LIMITED,TRUSTED FINANCES AND PROTECTION LTD,"71-75 Shelton Street, Covent Garden, London, United Kingdom, WC2H 9JQ","71-75 Shelton Street, Covent Garden, London, England, WC2H 9JQ",,,,,,,,,1
21691,12172,NEW AGE AGENCY AND SERVICES LIMITED,SADIO S LIMITED,"71-75 Shelton Street, Covent Garden, London, United Kingdom, WC2H 9JQ","71-75 Shelton Street, Covent Garden, London, England, WC2H 9JQ",,,,,,,,,1
21691,21363,NEW AGE AGENCY AND SERVICES LIMITED,BAD VEGAN LTD,"71-75 Shelton Street, Covent Garden, London, United Kingdom, WC2H 9JQ","71-75 Shelton Street, Covent Garden, London, England, WC2H 9JQ",,,,,,,,,1
21909,7446,OZBENZ LIMITED,ALL ABOUT OUTDOOR LIVING LIMITED,"Unit 1 4 Creek Road, Barking, England, IG11 0JH","Unit 1 28 Queens Road, Weybridge, England, KT13 9UT",,,,,,,,,1
22003,2518,AXWR LIMITED,ALIWR HOLDING LIMITED,"28 The Quadrant, Abingdon Science Park, Abingdon, Oxforshire, England, OX14 3YS","28 The Quadrant, Abingdon Science Park, Abingdon, England, OX14 3YS",,,,,,,,,1
22228,3108,FOOD DISCO LIMITED,FOOD COMPLIANT ENGINEERING LTD,"20-22 Wenlock Road, London, United Kingdom, N1 7GU","20-22 Wenlock Road, London, N1 7GU",,,,,,,,,1
22228,18166,FOOD DISCO LIMITED,GOOD AND BETTER LTD,"20-22 Wenlock Road, London, United Kingdom, N1 7GU","20-22 Wenlock Road, London, N1 7GU",,,,,,,,,1
22376,8874,FOOD AND BEVERAGE LTD,ALL ABOUT EVE BRIDALS CHEPSTOW LIMITED,"PO Box 4385, 10649528: COMPANIES HOUSE DEFAULT ADDRESS, Cardiff, CF14 8LH","PO Box 4385, 10523606: COMPANIES HOUSE DEFAULT ADDRESS, Cardiff, CF14 8LH",,,,,,,,,1
22491,14844,R A CONSTRUCTION LIMITED,SOFTWARE CRAFT AND TESTING UK CIC,"Union House, 111 New Union Street, Coventry, West Midlands, United Kingdom, CV1 2NT","Union House, 111 New Union Street, Coventry, England, CV1 2NT",,,,,,,,,1
22682,6883,Publitalia 80 Concessionaria Pubblicita' Spa,Reti Televisive Italiane Spa,"VIALE EUROPA 46, COLOGNO MONZESE, 20093, MILANO, ITALY","VIALE EUROPA 44/46 48, COLOGNO MONZESE, 20093, MILANO, ITALY",,,,,IT04529390157,IT03976881007,,,1
23018,6383,U & I UN LIMITED,V AND C RELOCATION SERVICES LTD,"71-75 Shelton Street, Covent Garden, London, England, WC2H 9JQ","71-75 Shelton Street Shelton Street, Covent Garden, London, United Kingdom, WC2H 9JQ",,,,,,,,,1
23097,6033,Astm Spa,Fimedi Spa,"CORSO REGINA MARGHERITA 165, TORINO, 10144, TORINO, ITALY","CORSO RE UMBERTO 10, TORINO, 10121, TORINO, ITALY",,,,,IT00488270018,IT01123470013,,,1
23305,12526,BAD BEHAVIOUR LTD,KEY WEST PROPERTY GROUP LTD,"124 City Road, London, United Kingdom, EC1V 2NX","124 City Road, London, England, EC1V 2NX",,,,,,,,,1
23305,22476,BAD BEHAVIOUR LTD,ID FREIGHT LTD,"124 City Road, London, United Kingdom, EC1V 2NX","124 City Road, London, England, EC1V 2NX",,,,,,,,,1
23611,5267,U & S ESTATES LIMITED,U & S PROPERTIES LTD,"Gresham Chambers, 14 Lichfield Street, Wolverhampton, WV1 1DG","Gresham Chambers, 14 Lichfield Street, Wolverhampton, United Kingdom, WV1 1DG",,,,,,,,,1
23759,11780,KPP Group Holdings Co Ltd,Nikkon Holdings Co Ltd,"6-24, Akashi-Cho, Chuo-Ku, Tokyo, 104-0044","6-17, Akashi-Cho, Chuo-Ku, Tokyo, 104-0044",,,,,,,,,1
23882,11209,SOFTWARE ENGINE LTD,FINANCE SOLUTIONS JACEK LIMITED,"Lytchett House, 13 Freeland Park, Wareham Road, Poole, Dorset, England, BH16 6FA","Lytchett House Wareham Road, 13 Freeland Park, Poole, England, BH16 6FA",,,,,,,,,1
24046,3149,FOOD ASIA LTD,V A D ENGINEERING LIMITED,"1 Kings Avenue, London, N21 3NA","1 Kings Avenue, Kings Avenue, London, N21 3NA",,,,,,,,,1
24114,6971,IRPC Public Co Ltd,PTT Exploration and Production Public Co Ltd,"Floor 6, Energy Complex, Building B, 555/2 Wiphawadirangsit Road, Chatuchak, Bangkok, 10900","Floor 6, 19-36, Energy Complex Bldg A, 555/1 Wiphawadirangsit Road, Chatuchak, Bangkok, 10900",,,,,,,,,1
24146,22131,GOOD BUSINESS SOLUTIONS LTD,GOOD ADVICE UK LIMITED,"Office 1.03 Sky Gardens 153 Wandsworth Road, London, England, SW8 2GB","Office 1.02 Vauxhall Sky Gardens, 153 Wandsworth Road, London, United Kingdom, SW8 2GB",,,,,,,,,1
24269,19012,Vale SA,Banco BTG Pactual SA,"Praia De Botafogo, 186 - Salas 501 A 1901, Botafogo, Rio De Janeiro, 22.250-145","Praia De Botafogo 501 - 5. E 6. Andares, Rio De Janeiro, 22.250-040",,,,,,,,,1
24457,9606,TAFFY T LTD,S A CONSTRUCTION 247 LTD,"86-90 Paul Street, London, England, United Kingdom, EC2A 4NE","86-90 Paul Street, London, England, EC2A 4NE",,,,,,,,,1
24457,16339,TAFFY T LTD,NEW AGE REBEL LTD,"86-90 Paul Street, London, England, United Kingdom, EC2A 4NE","86-90 Paul Street, London, England, EC2A 4NE",,,,,,,,,1
24457,20423,TAFFY T LTD,FUTURE FINANCES BROKER LIMITED,"86-90 Paul Street, London, England, United Kingdom, EC2A 4NE","86-90 Paul Street, London, England, EC2A 4NE",,,,,,,,,1
24850,915,H ACCOUNTING SOLUTION LIMITED,ANOTHER BEAUTY SUPPLY COMPANY LTD,"128 City Road, London, United Kingdom, EC1V 2NX","128 City Road, London, England, EC1V 2NX",,,,,,,,,1
24928,3210,Zeor Finanziaria Spa,Telecom Italia Sparkle Spa,"VIA DI PORTA PINCIANA 4, ROMA, 00187, ROMA, ITALY","VIA DI MACCHIA PALOCCO 223, ROMA, 00125, ROMA, ITALY",,,,,IT05678591008,IT05305181009,,,1
25329,750,NEW AGE GAMES LIMITED,BAD PACKETS LTD,"71-75 Shelton Street, Covent Garden, London, United Kingdom, WC2H 9JQ","71-75 Shelton Street, Covent Garden, London, England, WC2H 9JQ",,,,,,,,,1
25329,6749,NEW AGE GAMES LIMITED,FINANCES AND LAW SOLUTIONS LTD,"71-75 Shelton Street, Covent Garden, London, United Kingdom, WC2H 9JQ","71-75 Shelton Street, Covent Garden, London, England, WC2H 9JQ",,,,,,,,,1
25329,10919,NEW AGE GAMES LIMITED,TRUSTED FINANCES AND PROTECTION LTD,"71-75 Shelton Street, Covent Garden, London, United Kingdom, WC2H 9JQ","71-75 Shelton Street, Covent Garden, London, England, WC2H 9JQ",,,,,,,,,1
25329,12172,NEW AGE GAMES LIMITED,SADIO S LIMITED,"71-75 Shelton Street, Covent Garden, London, United Kingdom, WC2H 9JQ","71-75 Shelton Street, Covent Garden, London, England, WC2H 9JQ",,,,,,,,,1
25329,21363,NEW AGE GAMES LIMITED,BAD VEGAN LTD,"71-75 Shelton Street, Covent Garden, London, United Kingdom, WC2H 9JQ","71-75 Shelton Street, Covent Garden, London, England, WC2H 9JQ",,,,,,,,,1
25329,23018,NEW AGE GAMES LIMITED,U & I UN LIMITED,"71-75 Shelton Street, Covent Garden, London, United Kingdom, WC2H 9JQ","71-75 Shelton Street, Covent Garden, London, England, WC2H 9JQ",,,,,,,,,1
25388,7609,NGK Spark Plug Co Ltd,Daido Steel Co Ltd,"Urbannet Nagoya Nexta Bldg., 1-1-1, Higashisakura, Higashi-Ku, Nagoya-Shi, Aichi, 461-0005","Urbannet Nagoya Bldg., 1-1-10, Higashisakura, Higashi-Ku, Nagoya-Shi, Aichi, 461-8581",,,,,,,,,1
25410,18348,SOFTWARE BRANDS LIMITED,H & ASKHAM LTD,"Centre Block, 4th Floor, Central Court, Knoll Rise, Orpington, BR6 0JA","Centre Block 4th Floor Central Court, Knoll Rise, Orpington, BR6 0JA",,,,,,,,,1
25747,3946,P A BLEVINS & CO LTD,P A BLEVINS & SONS LTD,"23 Derryhubbert Road, Dungannon, United Kingdom, BT71 6NW","23 Derryhubbert Road, Dungannon, Co. Tyrone, BT71 6NW",,,,,,,,,1
26427,6055,BAD INTENTIONS BOXING LIMITED,BEAUTY ANCHOR AESTHETICS LIMITED,"27 Old Gloucester Street, London, United Kingdom, WC1N 3AX","27 Old Gloucester Street, London, England, WC1N 3AX",,,,,,,,,1
26427,6697,BAD INTENTIONS BOXING LIMITED,NEW AGE LETTINGS LIMITED,"27 Old Gloucester Street, London, United Kingdom, WC1N 3AX","27 Old Gloucester Street, London, England, WC1N 3AX",,,,,,,,,1
26524,22882,Aurelia Srl,Itinera Spa,"STRADA STATALE PER NOVI LIGURE 3/13, TORTONA, 15057, ALESSANDRIA, ITALY","STRADA STATALE PER ALESSANDRIA 6/A, TORTONA, 15057, ALESSANDRIA, ITALY",,,,,IT01899810061,IT01668980061,,,1
26635,14295,Kia Italia Srl,Fibercop Spa,"VIA GALLARATE 184, MILANO, 20151, MILANO, ITALY","VIA GAETANO NEGRI 1, MILANO, 20123, MILANO, ITALY",,,,,IT07369940965,IT11459900962,,,1
26682,3412,T A FISHER (MORTIMER) LTD,T. A. FISHER (REDFIELDS) LIMITED,"Theale Court 11-13 High Street, Theale, Reading, Berkshire, United Kingdom, RG7 5AH","Theale Court 11 - 13 High Street, Theale, Reading, RG7 5AH",,,,,,,,,1
27446,20121,Saviola Holding Srl,Solvay Specialty Polymers Italy Spa,"VIALE LOMBARDIA 29, VIADANA, 46019, MANTOVA, ITALY","VIALE LOMBARDIA 20, BOLLATE, 20021, MILANO, ITALY",,,,,IT02317890206,IT03521920961,,,1
27497,1543,RENAISSANCE ELITE LTD,NEW AGE PPE LIMITED,"7 Bell Yard, Westmister, London, England, WC2A 2JR","7 Bell Yard, The Strand, London, England, WC2A 2JR",,,,,,,,,1
27900,5272,Nishimatsu Construction Co Ltd,NS Solutions Corp,"Toranomon Hills Business Tower, 1-17-1, Toranomon, Minato-Ku, Tokyo, 105-6407","Toranomon Hills Business Tower, 1-17-1, Toranomon, Chuo-Ku, Tokyo, 105-6417",,,,,,,,,1
27963,10459,FactSet Research Systems Inc,Terex Corp,"45 Glover Avenue, Norwalk, Connecticut, 06850","45 Glover Avenue, 4th Floor, Norwalk, Connecticut, 6850",,,,,,,,,1
28003,22044,AENZA SAA,Orbia Advance Corp SAB de CV,"Av. Paseo De La Republica N 4675, Lima, 15047","Av. Paseo De La Reforma N. 483 Piso 47, Cuauhtemoc, 06500",,,,,,,,,1
28152,4002,FOOD CONCEPT & CONSULTANCY LTD,FOOD CHECKER LTD,"338a Regents Park Road, Office 3 And 4, London, England, N3 2LN","338a Regents Park Road Office 3 And 4, London, England, N3 2LN",,,,,,,,,1
28152,7991,FOOD CONCEPT & CONSULTANCY LTD,FTM FINANCES AND SALES LTD,"338a Regents Park Road, Office 3 And 4, London, England, N3 2LN","338a Regents Park Road Office 3 And 4, London, England, N3 2LN",,,,,,,,,1
28179,4830,China Resources Cement Holdings Ltd,China Resources Land Ltd,"Room 4606-08, China Resources Building, 26, Harbour Road, Wanchai, Hong Kong","Room 4301, China Resources Building, 26 Harbour Road, Wanchai, Hong Kong",,,,,,,,,1
28246,750,BEAUTY BOLD PR LTD,BAD PACKETS LTD,"71-75 Shelton Street, Covent Garden, London, United Kingdom, WC2H 9JQ","71-75 Shelton Street, Covent Garden, London, England, WC2H 9JQ",,,,,,,,,1
28246,6749,BEAUTY BOLD PR LTD,FINANCES AND LAW SOLUTIONS LTD,"71-75 Shelton Street, Covent Garden, London, United Kingdom, WC2H 9JQ","71-75 Shelton Street, Covent Garden, London, England, WC2H 9JQ",,,,,,,,,1
28246,10919,BEAUTY BOLD PR LTD,TRUSTED FINANCES AND PROTECTION LTD,"71-75 Shelton Street, Covent Garden, London, United Kingdom, WC2H 9JQ","71-75 Shelton Street, Covent Garden, London, England, WC2H 9JQ",,,,,,,,,1
28246,12172,BEAUTY BOLD PR LTD,SADIO S LIMITED,"71-75 Shelton Street, Covent Garden, London, United Kingdom, WC2H 9JQ","71-75 Shelton Street, Covent Garden, London, England, WC2H 9JQ",,,,,,,,,1
28246,21363,BEAUTY BOLD PR LTD,BAD VEGAN LTD,"71-75 Shelton Street, Covent Garden, London, United Kingdom, WC2H 9JQ","71-75 Shelton Street, Covent Garden, London, England, WC2H 9JQ",,,,,,,,,1
28246,23018,BEAUTY BOLD PR LTD,U & I UN LIMITED,"71-75 Shelton Street, Covent Garden, London, United Kingdom, WC2H 9JQ","71-75 Shelton Street, Covent Garden, London, England, WC2H 9JQ",,,,,,,,,1
28257,1411,KONE Corporation,Neste Corp,"Keilasatama 3, Pl 7, Espoo, 02150","Keilaranta 21, Espoo, 02150",,,,,,,,,1
28291,18549,U AND A LOCUMS LIMITED,Q CARS AIRPORT TRANSFERS LIMITED,"19 Markfield Close, Luton, England, LU3 2HY","19 Marconi Close, Coventry, England, CV3 1QE",,,,,,,,,1
28325,6303,Mitsubishi Materials Corp,Seven Bank Ltd,"Marunouchi Nijubashi Bldg., 3-2-3, Marunouchi, Chiyoda-Ku, Tokyo, 100-8117","Marunouchi Center Bldg., 1-6-1, Marunouchi, Chiyoda-Ku, Tokyo, 100-0005",,,,,,,,,1
28653,8819,Ferragamo Finanziaria Spa,A. Menarini Industrie Farmaceutiche Riunite Srl,"VIA DEI TORNABUONI 2, FIRENZE, 50123, FIRENZE, ITALY","VIA DEI SETTE SANTI 3, FIRENZE, 50131, FIRENZE, ITALY",,,,,IT04161460482,IT00395270481,,,1
28699,27041,Dow Italia Divisione Commerciale Srl,Gruppo Lactalis Italia Srl,"VIA FRANCESCO ALBANI 65, MILANO, 20148, MILANO, ITALY","VIA FLAVIO GIOIA 8, MILANO, 20149, MILANO, ITALY",,,,,IT13351750156,IT04889820967,,,1
28878,13301,Z & S HOLDINGS LTD,Z & S (BROADWATER) LTD,"Demar House 14 Church Road, East Wittering, Chichester, West Sussex, United Kingdom, PO20 8PS","Demar House 14 Church Road, East Wittering, Chichester, West Sussex, England, PO20 8PS",,,,,,,,,1
28878,25414,Z & S HOLDINGS LTD,Z & S (LEWES ROAD) LTD,"Demar House 14 Church Road, East Wittering, Chichester, West Sussex, United Kingdom, PO20 8PS","Demar House 14 Church Road, East Wittering, Chichester, West Sussex, England, PO20 8PS",,,,,,,,,1
28878,25956,Z & S HOLDINGS LTD,Z & S (POETS) LTD,"Demar House 14 Church Road, East Wittering, Chichester, West Sussex, United Kingdom, PO20 8PS","Demar House 14 Church Road, East Wittering, Chichester, West Sussex, England, PO20 8PS",,,,,,,,,1
28937,915,TANA T TRADING LTD,ANOTHER BEAUTY SUPPLY COMPANY LTD,"128 City Road, London, United Kingdom, EC1V 2NX","128 City Road, London, England, EC1V 2NX",,,,,,,,,1
29058,6055,NEW AGE COACH LTD,BEAUTY ANCHOR AESTHETICS LIMITED,"27 Old Gloucester Street, London, United Kingdom, WC1N 3AX","27 Old Gloucester Street, London, England, WC1N 3AX",,,,,,,,,1
29058,6697,NEW AGE COACH LTD,NEW AGE LETTINGS LIMITED,"27 Old Gloucester Street, London, United Kingdom, WC1N 3AX","27 Old Gloucester Street, London, England, WC1N 3AX",,,,,,,,,1
29202,25022,Eni Fuel Spa,Engie Servizi Spa,"VIALE GIORGIO RIBOTTA 51, ROMA, 00144, ROMA, ITALY","VIALE GIORGIO RIBOTTA 31, ROMA, 00144, ROMA, ITALY",,,,,IT02701740108,IT01698911003,,,1
29289,5402,HALL BUSINESS FINANCES LIMITED,GLOBAL FINANCES LTD,"Suite B 29 Harley Street, London, United Kingdom, W1G 9QR","Suite B 29 Harley Street, London, England, W1G 9QR",,,,,,,,,1
29289,28847,HALL BUSINESS FINANCES LIMITED,BEAUTY & LIFESTYLE LTD,"Suite B 29 Harley Street, London, United Kingdom, W1G 9QR","Suite B 29 Harley Street, London, England, W1G 9QR",,,,,,,,,1
29444,9318,Maruha Nichiro Corp,SCSK Corp,"Toyosu Front, 3-2-20, Toyosu, Koto-Ku, Tokyo, 135-8608","Toyosu Front, 3-2-20, Toyosu, Koto-Ku, Tokyo, 135-8110",,,,,,,,,1
29482,11441,Banque Saudi Fransi,Alinma Bank,"King Saud Road, P.O.Box 56006, Riyadh, 11554","King Fahad Road, P.O Box 66674, Riyadh, 11586",,,Riyadh,,Saudi Arabia,Saudi Arabia,Asia,Asia,1
29510,915,V & MARK COMPANY LTD,ANOTHER BEAUTY SUPPLY COMPANY LTD,"128 City Road, London, United Kingdom, EC1V 2NX","128 City Road, London, England, EC1V 2NX",,,,,,,,,1
29601,6644,U AND WORLD LTD,U. H. S. MEDICAL CONSULTANCY SERVICES LIMITED,"10th Floor 3 Hardman Street, Spinningfields, Manchester, United Kingdom, M3 3HF","10th Floor 3 Hardman Street, Spinningfields, Manchester, Greater Manchester, United Kingdom, M3 3HF",,,,,,,,,1
29665,4082,U & U INVESTMENTS LTD,GOOD COP BAD COP CONSULTANTS LTD,"Unit 3 Morris Park, 37 Rosyth Road, Glasgow, Scotland, G5 0YE","Unit 3 Kpp Chartered Accountants, Morris Park, 37 Rosyth Road, Glasgow, Scotland, G5 0YD",,,,,,,,,1
29912,17293,STANDARD WEST FINANCES LTD,U C ENGINEERING AND CONSTRUCTION LIMITED,"Kemp House, 160 City Road, London, United Kingdom, EC1V 2NX","Kemp House, 160 City Road, London, London, United Kingdom, EC1V 2NX",,,,,,,,,1
29923,20403,DYNAMIC EFFICIENCY LTD,BAD BOY BURGERS MOBILE LTD,"4 King Square, Bridgwater, United Kingdom, TA6 3YF","4 King Square, Bridgwater, Somerset, United Kingdom, TA6 3YF",,,,,,,,,1
30069,19173,Toyo Suisan Kaisha Ltd,Disco Corp,"2-13-40, Konan, Minato-Ku, Tokyo, 108-8501","2-13-11, Omori-Kita, Ota-Ku, Tokyo, 143-8580",,,,,,,,,1
30087,28373,Ontario Power Generation Inc,Intact Financial Corp,"700 University Avenue, Toronto, Ontario, M5G1X6","700 University Avenue, Suite 1500-A (Legal), Toronto, Ontario, M5G0A1",,,,,,,,,1
30304,6993,Honda Motor Co Ltd,Mitsubishi Logisnext Co Ltd,"2-1-1, Minami-Aoyama, Minato-Ku, Tokyo, 107-8556","2-1-1, Higashikotari, Nagaokakyo-Shi, Kyoto, 617-8585",,,,,,,,,1
30319,10135,T A CARPENTRY & JOINERY LIMITED,T ABERNETHY AND PARTNERS LIMITED,"15 High Street, Brackley, Northamptonshire, England, NN13 7DH","15 High Street, Brackley, England, NN13 7DH",,,,,,,,,1
30331,28699,Eurospin Lazio Spa,Dow Italia Divisione Commerciale Srl,"VIA FRANCESCO BARACCA 2/4 6, APRILIA, 04011, LATINA, ITALY","VIA FRANCESCO ALBANI 65, MILANO, 20148, MILANO, ITALY",,,,,IT04766841003,IT13351750156,,,1
30348,8151,T & A ESSEX LIMITED,T & A ESSEX PROPERTIES LTD,"111a High Street, Wealdstone, Harrow, Middlesex, HA3 5DL","111a High Street, Wealdstone, Harrow, England, HA3 5DL",,,,,,,,,1
30363,28070,Consumers Energy Co,CMS Energy Corp,"One Energy Plaza, Jackson, Michigan, 49201-2357","One Energy Plaza, Jackson, Michigan, 49201",,,,,,,,,1
30435,6549,U.t. Communications Spa,Mbda Italia Spa,"VIA MONTE NAPOLEONE 8, MILANO, 20121, MILANO, ITALY","VIA MONTE FLAVIO 45, ROMA, 00131, ROMA, ITALY",,,,,IT11196950155,IT06700621003,,,1
30478,13859,BAD BOY SERVICES LTD,Q CLARKE TM LTD,"11 Finkle Street, Richmond, North Yorkshire, United Kingdom, DL10 4QA","11 Finkle Street, Richmond, England, DL10 4QA",,,,,,,,,1
30531,6079,TietoEVRY Corp,Fortum Corp,"Keilalahdentie 2-4, P.O.Box 2, Espoo, 02101","Keilalahdentie 2-4, Cd-Talo, Espoo, 02150",,,,,,,,,1
30959,6055,JC NEW AGE ENTERTAINMENT LTD,BEAUTY ANCHOR AESTHETICS LIMITED,"27 Old Gloucester Street, London, United Kingdom, WC1N 3AX","27 Old Gloucester Street, London, England, WC1N 3AX",,,,,,,,,1
30959,6697,JC NEW AGE ENTERTAINMENT LTD,NEW AGE LETTINGS LIMITED,"27 Old Gloucester Street, London, United Kingdom, WC1N 3AX","27 Old Gloucester Street, London, England, WC1N 3AX",,,,,,,,,1
31132,915,P A MARTIN CONSTRUCTION LTD,ANOTHER BEAUTY SUPPLY COMPANY LTD,"128 City Road, London, United Kingdom, EC1V 2NX","128 City Road, London, England, EC1V 2NX",,,,,,,,,1
31553,6717,SATO Holdings Corp,Suntory Beverage & Food Ltd,"Tamachi Station Tower N, Msb Tamachi, 3-1-1, Shibaura, Minato-Ku, Tokyo, 108-0023","Tamachi Station Tower N, 3-1-1, Shibaura, Minato-Ku, Tokyo, 108-8503",,,,,,,,,1
31648,3983,Ferrovie Dello Stato Italiane Spa,Deutsche Bank Spa,"PIAZZA DELLA CROCE ROSSA 1, ROMA, 00161, ROMA, ITALY","PIAZZA DEL CALENDARIO 3, MILANO, 20126, MILANO, ITALY",,,,,IT06359501001,IT01340740156,,,1
31915,915,U AND M CONSULTANTS LTD,ANOTHER BEAUTY SUPPLY COMPANY LTD,"128 City Road, London, United Kingdom, EC1V 2NX","128 City Road, London, England, EC1V 2NX",,,,,,,,,1
31976,17571,Francesco Spa,Avi.coop Soc Coop Agricola,"VIA DEL RIO 400, CESENA, 47522, FORLI'-CESENA, ITALY","VIA DEL RIO 336, CESENA, 47522, FORLI'-CESENA, ITALY",,,,,IT03724250406,IT01247140401,,,1
32042,26353,Otsuka Holdings Co Ltd,Nichii Gakkan Co Ltd,"2-9, Kanda Tsukasa-Machi, Chiyoda-Ku, Tokyo, 101-0048","2-9, Kanda Surugadai, Chiyoda-ku, Tokyo, 101-8688",,,,,,,,,1
32066,17293,SOFTWARE DISTRIBUTORS LTD,U C ENGINEERING AND CONSTRUCTION LIMITED,"Kemp House, 160 City Road, London, United Kingdom, EC1V 2NX","Kemp House, 160 City Road, London, London, United Kingdom, EC1V 2NX",,,,,,,,,1
32083,3067,T A FISHER (HOLDINGS) LIMITED,T A FISHER & SONS LIMITED,"Theale Court 11-13 High Street, Theale, Reading, RG7 5AH","Theale Court 11-13 High Street, Theale, Reading, England, RG7 5AH",,,,,,,,,1
32236,3067,T A FISHER LIMITED,T A FISHER & SONS LIMITED,"Theale Court 11-13 High Street, Theale, Reading, RG7 5AH","Theale Court 11-13 High Street, Theale, Reading, England, RG7 5AH",,,,,,,,,1
32385,915,ECO MARINE FOODS LTD,ANOTHER BEAUTY SUPPLY COMPANY LTD,"128 City Road, London, United Kingdom, EC1V 2NX","128 City Road, London, England, EC1V 2NX",,,,,,,,,1
32445,31964,BEAUTY AT ALL ABOUT YOU LIMITED,SOFTWARE QUALITY SERVICES LTD.,"28 High Street, Wisbech, United Kingdom, PE13 1DE","28 High Street, Nairn, United Kingdom, IV12 4AU",,,,,,,,,1
32487,17023,Stockland Corp Ltd,Healius Ltd,"Level 25, 133 Castlereagh Street, Sydney, New South Wales, 2000","Level 22, Liberty Place, 161 Castlereagh Street, Sydney, New South Wales, 2000",,,,,,,,,1
32547,2469,R ABRAMS LIMITED,BEAUTY AT TANNERS LTD,"207 Rockingham Road, Kettering, Northamptonshire, England, NN16 9JA","207 Rockingham Road, Kettering, England, NN16 9JA",,,,,,,,,1
32692,6055,NEW ALBION ENERGY LTD,BEAUTY ANCHOR AESTHETICS LIMITED,"27 Old Gloucester Street, London, United Kingdom, WC1N 3AX","27 Old Gloucester Street, London, England, WC1N 3AX",,,,,,,,,1
32692,6697,NEW ALBION ENERGY LTD,NEW AGE LETTINGS LIMITED,"27 Old Gloucester Street, London, United Kingdom, WC1N 3AX","27 Old Gloucester Street, London, England, WC1N 3AX",,,,,,,,,1
33103,30961,P A CREATIVE TECHNICAL LTD,P A LAMBERT LIMITED,"Wilson Field Limited The Manor House, 260 Ecclesall Road South, Sheffield, South Yorkshire, S11 9PS","Wilson Field Limited The Manor House, 260 Ecclesall Road South, Sheffield, S11 9PS",,,,,,,,,1
33420,20047,ALL ABOUT CHILDREN LIMITED,P. A. BARHAM LIMITED,"Aston House, Cornwall Avenue, London, N3 1LF","Aston House, Cornwall Avenue, London, England, N3 1LF",,,,,,,,,1
33647,10859,"MS&AD Insurance Group Holdings, Inc.",Sumitomo Chemical Co Ltd,"Tokyo Sumitomo Twin Bldg. West Tower, 2-27-2, Shinkawa, Chuo-Ku, 104-0033","Tokyo Sumitomo Twin Bldg. East Kan, 2-27-1, Shinkawa, Chuo-Ku, 103-6020",,,,,,,,,1
33736,24864,FOOD & WINE CHARLTON LTD,FOOD & WINE SE7 LTD,"48 Charlton Church Lane, London, SE7 7AB","48 Charlton Church Lane, London, England, SE7 7AB",,,,,,,,,1
33740,10148,UBS Wealth Management,Julius Baer,"Bahnhofstrasse 45, Zurich, 8001","Bahnhofstrasse 36, Zuerich, 8001",,,,,,,,,1
33757,3017,V & E MARKETING LTD,GOOD AS GOLD TATTOOS LIMITED,"1 Westmead Road, Sutton, Surrey, SM1 4LA","1 West Street, Rochford, England, SS4 1BE",,,,,,,,,1
33894,15965,PT Bumi Resources Tbk,PT Adaro Energy Tbk,"Jl. H.R. Rasuna Said, Kompleks Rasuna Ep, Lantai 12, Bakrie Tower, Jakarta, 12960","Jl. H.R. Rasuna Said, Blok X-5, Kav. 1-2, Jakarta Selatan, 12950",,,,,,,,,1
33899,5942,AMG VENTURES OPTI LTD,Q COST CONSULTING LIMITED,"2nd Floor, 167-169 Great Portland Street, London, England, W1W 5PF","2nd Floor, 107 Charterhouse Street, Clerkenwell, London, England, EC1M 6HW",,,,,,,,,1
33913,15531,Veoneer Inc,Autoliv Inc,"Klarabergsviadukten 70, Section C6, Box 13089, Stockholm, 10302","Klarabergsviadukten 70, Section B7, Stockholm, 11164",,,,,,,,,1
34064,32487,CIMIC Group Ltd,Stockland Corp Ltd,"Level 25, 177 Pacific Highway, North Sydney, New South Wales, 2060","Level 25, 133 Castlereagh Street, Sydney, New South Wales, 2000",,,,,,,,,1
34090,4230,Covestro Srl,Gruppo Pam Spa,"VIA DELLE INDUSTRIE 9, FILAGO, 24040, BERGAMO, ITALY","VIA DELLE INDUSTRIE 8, SPINEA, 30038, VENEZIA, ITALY",,,,,IT03599730961,IT01534730278,,,1
34090,12401,Covestro Srl,Gecos - Generale Di Commercio E Servizi Spa,"VIA DELLE INDUSTRIE 9, FILAGO, 24040, BERGAMO, ITALY","VIA DELLE INDUSTRIE 8, SPINEA, 30038, VENEZIA, ITALY",,,,,IT03599730961,IT01581890272,,,1
34318,1522,CONTEANENT LTD,SOFTWARE AND NETWORK SOLUTIONS LTD.,"483 Green Lanes, London, United Kingdom, N13 4BS","483 Green Lanes, London, N13 4BS",,,,,,,,,1
34377,9474,Riva Acciaio Spa,Acciaierie D'italia Holding Spa,"VIALE CERTOSA 249, MILANO, 20151, MILANO, ITALY","VIALE CERTOSA 239, MILANO, 20151, MILANO, ITALY",,,,,IT08521290158,IT09520030967,,,1
34665,8152,G.a. Operations Spa,Ghella Spa,"VIA PIETRO GIARDINI 1324, MODENA, 41126, MODENA, ITALY","VIA PIETRO BORSIERI 2/A, ROMA, 00195, ROMA, ITALY",,,,,IT00159600360,IT00898971007,,,1
34665,28911,G.a. Operations Spa,Ghella Group Srl,"VIA PIETRO GIARDINI 1324, MODENA, 41126, MODENA, ITALY","VIA PIETRO BORSIERI 2/A, ROMA, 00195, ROMA, ITALY",,,,,IT00159600360,IT01297651000,,,1
34834,32132,Hb Trading Spa,Banca Popolare Di Sondrio Spa,"PIAZZA GIUSEPPE GARIBALDI 4, SARZANA, 19038, LA SPEZIA, ITALY","PIAZZA GIUSEPPE GARIBALDI 16, SONDRIO, 23100, SONDRIO, ITALY",,,,,IT06076100962,IT00053810149,,,1
35043,6383,BEAUTY AND SERENITY LTD,V AND C RELOCATION SERVICES LTD,"71-75 Shelton Street, Covent Garden, London, England, WC2H 9JQ","71-75 Shelton Street Shelton Street, Covent Garden, London, United Kingdom, WC2H 9JQ",,,,,,,,,1
35129,1105,Rosbank PAO,Mobile Telesystems PJSC,"Moskva, Ul. Mashi Poryvaevoy, 34, Moscow, 107078","Moskva, Ul. Marksistskaya, D. 4, Moscow, 109147",,,,,,,,,1
35366,20656,Proximus plc,Elia Group SA,"Boulevard Du Roi Albert Ii 27, Bruxelles, 1030","Boulevard De L'Empereur 20, Bruxelles, 1000",,,,,,,,,1
35542,750,BEAUTY BLOCKS LTD,BAD PACKETS LTD,"71-75 Shelton Street, Covent Garden, London, United Kingdom, WC2H 9JQ","71-75 Shelton Street, Covent Garden, London, England, WC2H 9JQ",,,,,,,,,1
35542,6749,BEAUTY BLOCKS LTD,FINANCES AND LAW SOLUTIONS LTD,"71-75 Shelton Street, Covent Garden, London, United Kingdom, WC2H 9JQ","71-75 Shelton Street, Covent Garden, London, England, WC2H 9JQ",,,,,,,,,1
35542,10919,BEAUTY BLOCKS LTD,TRUSTED FINANCES AND PROTECTION LTD,"71-75 Shelton Street, Covent Garden, London, United Kingdom, WC2H 9JQ","71-75 Shelton Street, Covent Garden, London, England, WC2H 9JQ",,,,,,,,,1
35542,12172,BEAUTY BLOCKS LTD,SADIO S LIMITED,"71-75 Shelton Street, Covent Garden, London, United Kingdom, WC2H 9JQ","71-75 Shelton Street, Covent Garden, London, England, WC2H 9JQ",,,,,,,,,1
35542,21363,BEAUTY BLOCKS LTD,BAD VEGAN LTD,"71-75 Shelton Street, Covent Garden, London, United Kingdom, WC2H 9JQ","71-75 Shelton Street, Covent Garden, London, England, WC2H 9JQ",,,,,,,,,1
35542,23018,BEAUTY BLOCKS LTD,U & I UN LIMITED,"71-75 Shelton Street, Covent Garden, London, United Kingdom, WC2H 9JQ","71-75 Shelton Street, Covent Garden, London, England, WC2H 9JQ",,,,,,,,,1
35542,35043,BEAUTY BLOCKS LTD,BEAUTY AND SERENITY LTD,"71-75 Shelton Street, Covent Garden, London, United Kingdom, WC2H 9JQ","71-75 Shelton Street, Covent Garden, London, England, WC2H 9JQ",,,,,,,,,1
35655,17378,T A FISHER DEVELOPMENTS LIMITED,T A FISHER COMMERCIAL LIMITED,"Theale Court 11 - 13 High Street, Theale, Reading, RG7 5AH","Theale Court 11 - 13 High Street, Theale, Reading, England, RG7 5AH",,,,,,,,,1
35724,8027,H & A PROPERTIES MANGEMENT LTD,H & A PROPERTIES MANAGEMENT LTD,"106 Montpelier Gardens, London, United Kingdom, E6 3JF","106 Montpelier Gardens, London, England, E6 3JF",,,,,,,,,1
35799,13229,Luxottica Group Spa,Fnm Spa,"PIAZZALE LUIGI CADORNA 3, MILANO, 20123, MILANO, ITALY","PIAZZALE LUIGI CADORNA 14, MILANO, 20123, MILANO, ITALY",,,,,IT10182640150,IT00776140154,,,1
35857,9606,BEAUTY AND THE BENEFIT LIMITED,S A CONSTRUCTION 247 LTD,"86-90 Paul Street, London, England, United Kingdom, EC2A 4NE","86-90 Paul Street, London, England, EC2A 4NE",,,,,,,,,1
35857,16339,BEAUTY AND THE BENEFIT LIMITED,NEW AGE REBEL LTD,"86-90 Paul Street, London, England, United Kingdom, EC2A 4NE","86-90 Paul Street, London, England, EC2A 4NE",,,,,,,,,1
35857,20423,BEAUTY AND THE BENEFIT LIMITED,FUTURE FINANCES BROKER LIMITED,"86-90 Paul Street, London, England, United Kingdom, EC2A 4NE","86-90 Paul Street, London, England, EC2A 4NE",,,,,,,,,1
35857,31481,BEAUTY AND THE BENEFIT LIMITED,GOOD AS NEW EMERGENCY CLEANING LTD,"86-90 Paul Street, London, England, United Kingdom, EC2A 4NE","86-90 Paul Street, London, England, EC2A 4NE",,,,,,,,,1
35895,2238,BEAUTY AT THE BAY LTD,V & H HEATING & ELECTRICAL SERVICES LIMITED,"146 High Street, Billericay, England, CM12 9DF","146 High Street Billericay, Essex, United Kingdom, CM12 9DF",,,,,,,,,1
36009,263,HERMES CORPORATE AND FINANCES (UK) LIMITED,ALL ABOUT KIDS LTD,"71-75 Shelton Street, Covent Garden, London, WC2H 9JQ","71-75 Shelton Street, Covent Garden, London, United Kingdom, WC2H 9JQ",,,,,,,,,1
36009,3444,HERMES CORPORATE AND FINANCES (UK) LIMITED,U BROWN LTD,"71-75 Shelton Street, Covent Garden, London, WC2H 9JQ","71-75 Shelton Street, Covent Garden, London, United Kingdom, WC2H 9JQ",,,,,,,,,1
36009,3775,HERMES CORPORATE AND FINANCES (UK) LIMITED,T & B ENGINEERING SOLUTIONS LTD,"71-75 Shelton Street, Covent Garden, London, WC2H 9JQ","71-75 Shelton Street, Covent Garden, London, United Kingdom, WC2H 9JQ",,,,,,,,,1
36009,4375,HERMES CORPORATE AND FINANCES (UK) LIMITED,H & A ENGINEERING LTD,"71-75 Shelton Street, Covent Garden, London, WC2H 9JQ","71-75 Shelton Street, Covent Garden, London, United Kingdom, WC2H 9JQ",,,,,,,,,1
36009,4438,HERMES CORPORATE AND FINANCES (UK) LIMITED,BEAUTY BOOSTERS LTD,"71-75 Shelton Street, Covent Garden, London, WC2H 9JQ","71-75 Shelton Street, Covent Garden, London, United Kingdom, WC2H 9JQ",,,,,,,,,1
36009,6594,HERMES CORPORATE AND FINANCES (UK) LIMITED,U EVENTS LIMITED,"71-75 Shelton Street, Covent Garden, London, WC2H 9JQ","71-75 Shelton Street, Covent Garden, London, United Kingdom, WC2H 9JQ",,,,,,,,,1
36009,7607,HERMES CORPORATE AND FINANCES (UK) LIMITED,GOOD ADVICE DEBT COMPANY LIMITED,"71-75 Shelton Street, Covent Garden, London, WC2H 9JQ","71-75 Shelton Street, Covent Garden, London, United Kingdom, WC2H 9JQ",,,,,,,,,1
36009,11053,HERMES CORPORATE AND FINANCES (UK) LIMITED,ALL ABOUT THE SAAS LTD,"71-75 Shelton Street, Covent Garden, London, WC2H 9JQ","71-75 Shelton Street, Covent Garden, London, United Kingdom, WC2H 9JQ",,,,,,,,,1
36009,12838,HERMES CORPORATE AND FINANCES (UK) LIMITED,Q CONSULTING GROUP LTD,"71-75 Shelton Street, Covent Garden, London, WC2H 9JQ","71-75 Shelton Street, Covent Garden, London, United Kingdom, WC2H 9JQ",,,,,,,,,1
36009,15089,HERMES CORPORATE AND FINANCES (UK) LIMITED,Q UN LIMITED,"71-75 Shelton Street, Covent Garden, London, WC2H 9JQ","71-75 Shelton Street, Covent Garden, London, United Kingdom, WC2H 9JQ",,,,,,,,,1
36009,18039,HERMES CORPORATE AND FINANCES (UK) LIMITED,Z & K DISTRIBUTORS LIMITED,"71-75 Shelton Street, Covent Garden, London, WC2H 9JQ","71-75 Shelton Street, Covent Garden, London, United Kingdom, WC2H 9JQ",,,,,,,,,1
36009,18878,HERMES CORPORATE AND FINANCES (UK) LIMITED,FOOD & BEVERAGE INTERNATIONAL LTD,"71-75 Shelton Street, Covent Garden, London, WC2H 9JQ","71-75 Shelton Street, Covent Garden, London, United Kingdom, WC2H 9JQ",,,,,,,,,1
36009,19784,HERMES CORPORATE AND FINANCES (UK) LIMITED,S A GUARANTEE SPECIALISTS UK LIMITED,"71-75 Shelton Street, Covent Garden, London, WC2H 9JQ","71-75 Shelton Street, Covent Garden, London, United Kingdom, WC2H 9JQ",,,,,,,,,1
36009,19928,HERMES CORPORATE AND FINANCES (UK) LIMITED,ALL ABOUT ME ENTERPRISES LIMITED,"71-75 Shelton Street, Covent Garden, London, WC2H 9JQ","71-75 Shelton Street, Covent Garden, London, United Kingdom, WC2H 9JQ",,,,,,,,,1
36009,21691,HERMES CORPORATE AND FINANCES (UK) LIMITED,NEW AGE AGENCY AND SERVICES LIMITED,"71-75 Shelton Street, Covent Garden, London, WC2H 9JQ","71-75 Shelton Street, Covent Garden, London, United Kingdom, WC2H 9JQ",,,,,,,,,1
36009,25329,HERMES CORPORATE AND FINANCES (UK) LIMITED,NEW AGE GAMES LIMITED,"71-75 Shelton Street, Covent Garden, London, WC2H 9JQ","71-75 Shelton Street, Covent Garden, London, United Kingdom, WC2H 9JQ",,,,,,,,,1
36009,28246,HERMES CORPORATE AND FINANCES (UK) LIMITED,BEAUTY BOLD PR LTD,"71-75 Shelton Street, Covent Garden, London, WC2H 9JQ","71-75 Shelton Street, Covent Garden, London, United Kingdom, WC2H 9JQ",,,,,,,,,1
36009,35542,HERMES CORPORATE AND FINANCES (UK) LIMITED,BEAUTY BLOCKS LTD,"71-75 Shelton Street, Covent Garden, London, WC2H 9JQ","71-75 Shelton Street, Covent Garden, London, United Kingdom, WC2H 9JQ",,,,,,,,,1
36165,3840,Nexi Payments Spa,Messaggerie Italiane Di Giornali Riviste E Libri Spa,"CORSO SEMPIONE 55, MILANO, 20149, MILANO, ITALY","CORSO SEMPIONE 4, MILANO, 20154, MILANO, ITALY",,,,,IT04107060966,IT06778170156,,,1
36222,25525,Nomura Real Estate Holdings Inc,Olympus Corp,"Shinjuku Nomura Bldg., 1-26-2, Nishi-Shinjuku, Shinjuku-Ku, Tokyo, 163-0566","Shinjuku Monolith, 2-3-1, Nishi-Shinjuku, Shinjuku-Ku, Tokyo, 163-0914",,,,,,,,,1
36305,34956,SOFTWARE ISLAND LIMITED,SOFTWARE AND BUSINESS INTELLIGENCE SOLUTIONS LTD,"Demsa Accounts, 278 Langham Road, London, United Kingdom, N15 3NP","Demsa Accounts, 278 Langham Road, London, England, N15 3NP",,,,,,,,,1
36427,750,SOFTWARE KEYS-SK LTD,BAD PACKETS LTD,"71-75 Shelton Street, Covent Garden, London, United Kingdom, WC2H 9JQ","71-75 Shelton Street, Covent Garden, London, England, WC2H 9JQ",,,,,,,,,1
36427,6749,SOFTWARE KEYS-SK LTD,FINANCES AND LAW SOLUTIONS LTD,"71-75 Shelton Street, Covent Garden, London, United Kingdom, WC2H 9JQ","71-75 Shelton Street, Covent Garden, London, England, WC2H 9JQ",,,,,,,,,1
36427,10919,SOFTWARE KEYS-SK LTD,TRUSTED FINANCES AND PROTECTION LTD,"71-75 Shelton Street, Covent Garden, London, United Kingdom, WC2H 9JQ","71-75 Shelton Street, Covent Garden, London, England, WC2H 9JQ",,,,,,,,,1
36427,12172,SOFTWARE KEYS-SK LTD,SADIO S LIMITED,"71-75 Shelton Street, Covent Garden, London, United Kingdom, WC2H 9JQ","71-75 Shelton Street, Covent Garden, London, England, WC2H 9JQ",,,,,,,,,1
36427,21363,SOFTWARE KEYS-SK LTD,BAD VEGAN LTD,"71-75 Shelton Street, Covent Garden, London, United Kingdom, WC2H 9JQ","71-75 Shelton Street, Covent Garden, London, England, WC2H 9JQ",,,,,,,,,1
36427,23018,SOFTWARE KEYS-SK LTD,U & I UN LIMITED,"71-75 Shelton Street, Covent Garden, London, United Kingdom, WC2H 9JQ","71-75 Shelton Street, Covent Garden, London, England, WC2H 9JQ",,,,,,,,,1
36427,35043,SOFTWARE KEYS-SK LTD,BEAUTY AND SERENITY LTD,"71-75 Shelton Street, Covent Garden, London, United Kingdom, WC2H 9JQ","71-75 Shelton Street, Covent Garden, London, England, WC2H 9JQ",,,,,,,,,1
36484,17527,Sunoco LP,Energy Transfer LP,"8111 Westchester Dr., Suite 400, Dallas, Texas, 75225","8111 Westchester Dr Ste 600, Dallas, Texas, 75225-6142",,,,,,,,,1
36549,3659,Q DAVIES LIMITED,S A KERSHAW LIMITED,"C/O Sandison Easson & Co Rex Buildings, Alderley Road, Wilmslow, Cheshire, United Kingdom, SK9 1HY","C/O Sandison Easson & Co Rex Buildings, Alderley Road, Wilmslow, Cheshire, SK9 1HY",,,,,,,,,1
36628,11904,P A C GROUNDWORKS LIMITED,BEAUTY AT HEART LTD,"39/43 Bridge Street, Swinton, Mexborough, South Yorkshire, England, S64 8AP","39-43 Bridge Street, Swinton, Mexborough, South Yorkshire, S64 8AP",,,,,,,,,1
36643,3,V & K DUKES ENGINEERING & FABRICATION LIMITED,Z. D. F. SERVICES LTD,"Abacus House, 68a North Street, Romford, Essex, RM1 1DA","Abacus House 14-18, Forest Road, Loughton, Essex, IG10 1DX",,,,,,,,,1
36769,20844,Gruppo Rossetto Spa,Rossetto Trade Spa,"VIA FRIULI 5, SONA, 37060, VERONA, ITALY","VIA FRIULI 5 INTERNO 9, SONA, 37060, VERONA, ITALY",,,,,IT00964450233,IT02928530233,,,1
36792,10632,NEW AGE FIRM LIMITED,BEAUTY AND FASHION LIMITED,"PO Box 4385, 13804079 - COMPANIES HOUSE DEFAULT ADDRESS, Cardiff, CF14 8LH","PO Box 4385, 13680302: COMPANIES HOUSE DEFAULT ADDRESS, Cardiff, CF14 8LH",,,,,,,,,1
36970,750,NIKOLIC FINANCES LTD,BAD PACKETS LTD,"71-75 Shelton Street, Covent Garden, London, United Kingdom, WC2H 9JQ","71-75 Shelton Street, Covent Garden, London, England, WC2H 9JQ",,,,,,,,,1
36970,6749,NIKOLIC FINANCES LTD,FINANCES AND LAW SOLUTIONS LTD,"71-75 Shelton Street, Covent Garden, London, United Kingdom, WC2H 9JQ","71-75 Shelton Street, Covent Garden, London, England, WC2H 9JQ",,,,,,,,,1
36970,10919,NIKOLIC FINANCES LTD,TRUSTED FINANCES AND PROTECTION LTD,"71-75 Shelton Street, Covent Garden, London, United Kingdom, WC2H 9JQ","71-75 Shelton Street, Covent Garden, London, England, WC2H 9JQ",,,,,,,,,1
36970,12172,NIKOLIC FINANCES LTD,SADIO S LIMITED,"71-75 Shelton Street, Covent Garden, London, United Kingdom, WC2H 9JQ","71-75 Shelton Street, Covent Garden, London, England, WC2H 9JQ",,,,,,,,,1
36970,21363,NIKOLIC FINANCES LTD,BAD VEGAN LTD,"71-75 Shelton Street, Covent Garden, London, United Kingdom, WC2H 9JQ","71-75 Shelton Street, Covent Garden, London, England, WC2H 9JQ",,,,,,,,,1
36970,23018,NIKOLIC FINANCES LTD,U & I UN LIMITED,"71-75 Shelton Street, Covent Garden, London, United Kingdom, WC2H 9JQ","71-75 Shelton Street, Covent Garden, London, England, WC2H 9JQ",,,,,,,,,1
36970,35043,NIKOLIC FINANCES LTD,BEAUTY AND SERENITY LTD,"71-75 Shelton Street, Covent Garden, London, United Kingdom, WC2H 9JQ","71-75 Shelton Street, Covent Garden, London, England, WC2H 9JQ",,,,,,,,,1
37077,9474,Riva Forni Elettrici Spa,Acciaierie D'italia Holding Spa,"VIALE CERTOSA 249, MILANO, 20151, MILANO, ITALY","VIALE CERTOSA 239, MILANO, 20151, MILANO, ITALY",,,,,IT07969220966,IT09520030967,,,1
37088,2631,H & A TRUCK ASSISTANCE LTD,U AND W INTERNATIONAL TRADING COMPANY LTD,"23 St Leonards Road, Bexhill-On-Sea, East Sussex, United Kingdom, TN40 1HH","23 St Leonards Road, Bexhill On Sea, East Sussex, TN40 1HH",,,,,,,,,1
37218,750,U CHOZE LIMITED,BAD PACKETS LTD,"71-75 Shelton Street, Covent Garden, London, United Kingdom, WC2H 9JQ","71-75 Shelton Street, Covent Garden, London, England, WC2H 9JQ",,,,,,,,,1
37218,6749,U CHOZE LIMITED,FINANCES AND LAW SOLUTIONS LTD,"71-75 Shelton Street, Covent Garden, London, United Kingdom, WC2H 9JQ","71-75 Shelton Street, Covent Garden, London, England, WC2H 9JQ",,,,,,,,,1
37218,10919,U CHOZE LIMITED,TRUSTED FINANCES AND PROTECTION LTD,"71-75 Shelton Street, Covent Garden, London, United Kingdom, WC2H 9JQ","71-75 Shelton Street, Covent Garden, London, England, WC2H 9JQ",,,,,,,,,1
37218,12172,U CHOZE LIMITED,SADIO S LIMITED,"71-75 Shelton Street, Covent Garden, London, United Kingdom, WC2H 9JQ","71-75 Shelton Street, Covent Garden, London, England, WC2H 9JQ",,,,,,,,,1
37218,21363,U CHOZE LIMITED,BAD VEGAN LTD,"71-75 Shelton Street, Covent Garden, London, United Kingdom, WC2H 9JQ","71-75 Shelton Street, Covent Garden, London, England, WC2H 9JQ",,,,,,,,,1
37218,23018,U CHOZE LIMITED,U & I UN LIMITED,"71-75 Shelton Street, Covent Garden, London, United Kingdom, WC2H 9JQ","71-75 Shelton Street, Covent Garden, London, England, WC2H 9JQ",,,,,,,,,1
37218,35043,U CHOZE LIMITED,BEAUTY AND SERENITY LTD,"71-75 Shelton Street, Covent Garden, London, United Kingdom, WC2H 9JQ","71-75 Shelton Street, Covent Garden, London, England, WC2H 9JQ",,,,,,,,,1
37281,15869,FINANCE STATION LIMITED,THE LASH BRAND BY T LTD,"Kemp House, 152 - 160 City Road, London, England, EC1V 2NX","Kemp House 152-160 City Road, London, England, EC1V 2NX",,,,,,,,,1
37695,19729,Iveco Spa,Fpt Industrial Spa,"VIA PUGLIA 35, TORINO, 10156, TORINO, ITALY","VIA PUGLIA 15, TORINO, 10156, TORINO, ITALY",,,,,IT09709770011,IT09397710014,,,1
37841,6059,StoneX Group Inc,Warner Bros. Discovery Inc,"230 Park Avenue, 10th Floor, New York, 10169","230 Park Avenue South, New York, 10003",,,,Maryland,,USA,,Americas,1
37891,9445,GOOD COMPUTERS UK LTD,GOOD ACCOUNTS UK LTD,"Office 1.03 Vauxhall Sky Gardens, 153 Wandsworth Road, London, United Kingdom, SW8 2GB","Office 1.03 Vauxhall Sky Gardens, 153 Wandsworth Road, London, England, SW8 2GB",,,,,,,,,1
37931,11074,NEW AGE RESOURCE LTD,NEW AGE RESOURCE LIMITED,"4 Westbury Road, London, United Kingdom, W5 2LF","4 Westbury Road, London, England, W5 2LF",,,,,,,,,1
38038,17293,GOOD COPY LTD,U C ENGINEERING AND CONSTRUCTION LIMITED,"Kemp House, 160 City Road, London, United Kingdom, EC1V 2NX","Kemp House, 160 City Road, London, London, United Kingdom, EC1V 2NX",,,,,,,,,1
38098,8636,Citi Private Bank,Citigroup Inc,"388 Greenwich Street, New York City, 10013","388 Greenwich Street, 399 Park Avenue, New York, 10013",,,,,,,,,1
38237,13523,Orkla ASA,Yara International ASA,"Drammensveien 149, Oslo City, 0277","Drammensveien 131, Oslo, 0277",,,,,,,,,1
38244,1760,Swiss Steel Holding AG,Emmi AG,"Landenbergstrasse 11, Lucerne, Zurich, 6005","Landenbergstrasse 1, Luzern, 6002",,,,,,,,,1
38307,12781,SOFTWARE GAME PLAY LTD,FOOD BURO LIMITED,"86-90 Paul Street, 3rd Floor, London, England, EC2A 4NE","86-90 Paul Street Food Buro, London, United Kingdom, EC2A 4NE",,,,,,,,,1
38333,26946,Q DEVELOPMENTS LTD,Q DEVELOPMENTS 2 LIMITED,"18 Molasses Row, Plantation Wharf, London, SW11 3UX","18 Molasses Row Plantation Wharf, London, United Kingdom, SW11 3UX",,,,,,,,,1
38437,31743,Pellegrini Spa,Huawei Technologies Italia Srl,"VIA LORENTEGGIO 255, MILANO, 20152, MILANO, ITALY","VIA LORENTEGGIO 240, MILANO, 20147, MILANO, ITALY",,,,,IT05066690156,IT04501190963,,,1
38469,17342,Centurion Newco Spa,Gruppo Ipg Holding Spa,"VIALE BIANCA MARIA 25, MILANO, 20122, MILANO, ITALY","VIALE BIANCA MARIA 24, MILANO, 20129, MILANO, ITALY",,,,,IT11220360967,IT05830220967,,,1
38470,915,H A FOR TRAINING AND CONSULTANT LTD,ANOTHER BEAUTY SUPPLY COMPANY LTD,"128 City Road, London, United Kingdom, EC1V 2NX","128 City Road, London, England, EC1V 2NX",,,,,,,,,1
38495,3717,Snaitech Spa,Bennet Holding Spa,"PIAZZA DELLA REPUBBLICA 32, MILANO, 20124, MILANO, ITALY","PIAZZA DELLA REPUBBLICA 28, MILANO, 20124, MILANO, ITALY",,,,,IT01729640464,IT07069120967,,,1
38519,14467,R A H ENTERPRISES LIMITED,R A H ASSOCIATES LIMITED,"24 Lathkill Close, Enfield, Middlesex, EN1 1HA","24 Lathkill Close, Bush Hill Park, London, EN1 1HA",,,,,,,,,1
38677,16135,Z & J PROPERTIES LTD,SOFTWARE SYSTEMS LTD,"67 Westow Street, Upper Norwood, London, SE19 3RW","67 Westow Street Upper Norwood, London, England, SE19 3RW",,,,,,,,,1
38754,915,Z CONTROLS & AUTOMATION LTD,ANOTHER BEAUTY SUPPLY COMPANY LTD,"128 City Road, London, United Kingdom, EC1V 2NX","128 City Road, London, England, EC1V 2NX",,,,,,,,,1
38761,12526,GOOD CARS LTD,KEY WEST PROPERTY GROUP LTD,"124 City Road, London, United Kingdom, EC1V 2NX","124 City Road, London, England, EC1V 2NX",,,,,,,,,1
38761,22476,GOOD CARS LTD,ID FREIGHT LTD,"124 City Road, London, United Kingdom, EC1V 2NX","124 City Road, London, England, EC1V 2NX",,,,,,,,,1
38761,34222,GOOD CARS LTD,U INTERNATIONAL LIMITED,"124 City Road, London, United Kingdom, EC1V 2NX","124 City Road, London, England, EC1V 2NX",,,,,,,,,1
38818,13499,Fca Italy S.p.a. In Forma Fiat Chrysler Automobiles E In Forma Abbreviato Fiat Group Autom,Unoenergy Spa,"CORSO GIOVANNI AGNELLI 200, TORINO, 10135, TORINO, ITALY","CORSO FELICE CAVALLOTTI 30, SANREMO, 18038, IMPERIA, ITALY",,,,,IT07973780013,IT01368720080,,,1
38818,18860,Fca Italy S.p.a. In Forma Fiat Chrysler Automobiles E In Forma Abbreviato Fiat Group Autom,Elfin Srl,"CORSO GIOVANNI AGNELLI 200, TORINO, 10135, TORINO, ITALY","CORSO FELICE CAVALLOTTI 30, SANREMO, 18038, IMPERIA, ITALY",,,,,IT07973780013,IT01702610088,,,1
38866,24194,National Australia Bank Ltd,Reliance Worldwide Corporation Ltd,"Level 28, 395 Bourke Street, Melbourne, Victoria, 3000","Level 26, 140 William Street, Melbourne, Victoria, 3000",,,,,,,,,1
38911,19178,SOFTWARE COMPETITIVENESS INTERNATIONAL LTD,T ABRAHAMS GLOBAL EMPIRE LTD,"27 Old Gloucester Street, London, England, WC1N 3AX","27 Old Gloucester Street, London, England, 27 Old Gloucester Street, London, England, WC1N 3AX",,,,,,,,,1
39323,27588,U AWAN LTD,Z & I DREAMS LIMITED,"Unit 17 Orbital 25 Business Park, Watford, United Kingdom, WD18 9DA","Unit 17 25 Orbital Business Park Dwight Road, Watford, England, WD18 9DA",,,,,,,,,1
39675,6055,BLAUSTEIN GMBH LTD,BEAUTY ANCHOR AESTHETICS LIMITED,"27 Old Gloucester Street, London, United Kingdom, WC1N 3AX","27 Old Gloucester Street, London, England, WC1N 3AX",,,,,,,,,1
39675,6697,BLAUSTEIN GMBH LTD,NEW AGE LETTINGS LIMITED,"27 Old Gloucester Street, London, United Kingdom, WC1N 3AX","27 Old Gloucester Street, London, England, WC1N 3AX",,,,,,,,,1
39675,38911,BLAUSTEIN GMBH LTD,SOFTWARE COMPETITIVENESS INTERNATIONAL LTD,"27 Old Gloucester Street, London, United Kingdom, WC1N 3AX","27 Old Gloucester Street, London, England, WC1N 3AX",,,,,,,,,1
39743,24107,American Express Payments Europe S.l.,Jaguar Land Rover Italia Spa,"VIALE ALEXANDRE GUSTAVE EIFFEL 15, ROMA, 00148, ROMA, ITALY","VIALE ALESSANDRO MARCHETTI 105, ROMA, 00148, ROMA, ITALY",,,,,IT14778691007,IT06070621005,,,1
39996,34281,Puregold Price Club Inc,COSCO Capital Inc,"No. 900 Romualdez Street, Paco, Manila, 1007","No. 900 Romualdez St., Paco, Manila, 1007",,,,,,,,,1
40254,22376,U I CONSULTANCY PRIVATE LIMITED,FOOD AND BEVERAGE LTD,"PO Box 4385, 10660298: COMPANIES HOUSE DEFAULT ADDRESS, Cardiff, CF14 8LH","PO Box 4385, 10649528: COMPANIES HOUSE DEFAULT ADDRESS, Cardiff, CF14 8LH",,,,,,,,,1
40411,4252,P ALSOP LOGISTICS LIMITED,Q CATERING LIMITED,"76 Market Street, Farnworth, Bolton, Lancashire, United Kingdom, BL4 7NY","76 Market Street, Farnworth, Bolton, England, BL4 7NY",,,,,,,,,1
40411,7674,P ALSOP LOGISTICS LIMITED,R AHMED LOGISTICS LTD,"76 Market Street, Farnworth, Bolton, Lancashire, United Kingdom, BL4 7NY","76 Market Street, Farnworth, Bolton, England, BL4 7NY",,,,,,,,,1
40446,32344,Alitalia Societa' Aerea Italiana Spa,Falck Renewables Spa,"VIA ALBERTO NASSETTI PAL.ALFA SNC, FIUMICINO, 00054, ROMA, ITALY","VIA ALBERTO FALCK 4/16, SESTO SAN GIOVANNI, 20099, MILANO, ITALY",,,,,IT13029381004,IT03457730962,,,1
40540,1599,S A CARTER LIMITED,U D ROOFING LIMITED,"Portsmouth Technopole, Kingston Crescent, Portsmouth, England, PO2 8FA","Portsmouth Technopole Holland Accountancy Ltd, Kingston Crescent, Portsmouth, United Kingdom, PO2 8FA",,,,,,,,,1
40612,21607,M.video,Severstal,"Ul. Nizhnyaya Krasnosel'skaya, D. 40/12, Korpus 20, Moscow, 105066","Ul. Mira, 30, Cherepovets, Volgograd Oblast, 162608",,,,,Russia,Russia,Europe,,1
40844,30139,NEW ADDINGTON PATHFINDERS,NEW ADDINGTON PEOPLES' CARNIVAL,"120 Central Parade, New Addington, Croydon, Surrey, CR0 0JW","120 Central Parade, New Addington, Croydon, CR0 0JW",,,,,,,,,1
41168,25528,Henkel Italia Srl,Reply Spa,"VIA CARLO AMORETTI 78, MILANO, 20157, MILANO, ITALY","VIA CARDINALE GUGLIELMO MASSAIA 83, TORINO, 10147, TORINO, ITALY",,,,,IT09299750969,IT08013390011,,,1
41446,15405,NEW AGE MOTOR SALES LIMITED,ALL ABOUT MECHANICAL LIMITED,"12 West Street, Ware, Herts, SG12 9EE","12 West Street, Ware, England, SG12 9EE",,,,,,,,,1
41468,24098,Nationwide Building Society,U C B HOME LOANS CORPORATION LIMITED,"Nationwide House, Pipers Way, Swindon, SN381NW","Nationwide House, Pipers Way, Swindon, SN38 1NW",,,,,,,,,1
41503,23835,Great Wall Motor Co Ltd,CSPC Pharmaceutical Group Ltd,"No. 2266, Chaoyang South Avenue, Baoding, Hebei, 071000","No. 226 Huanghe Avenue, Shijiazhuang, Hebei, 050035",,,,,,,,,1
41765,32839,BEAUTY ARABIANS BREEDING & TREATMENTS LIMITED,BEAUTY & MAKEUP LIMITED,"Stron Legal, The Clubhouse St James, 8 St James's Square, St James's, London, United Kingdom, SW1Y 4JU","Stron Legal, The Clubhouse St James, 8 St James's Square, St James's, London, England, SW1Y 4JU",,,,,,,,,1
41814,9173,DSV AS,Rockwool International A/S,"Hovedgaden 630, Hedehusene, 2640","Hovedgaden 584, Hedehusene, 2640",,,,,,,,,1
42131,2469,T ABRAMS LIMITED,BEAUTY AT TANNERS LTD,"207 Rockingham Road, Kettering, Northamptonshire, England, NN16 9JA","207 Rockingham Road, Kettering, England, NN16 9JA",,,,,,,,,1
42165,9606,Z AND PRECIOUS REMOVALS LTD,S A CONSTRUCTION 247 LTD,"86-90 Paul Street, London, England, United Kingdom, EC2A 4NE","86-90 Paul Street, London, England, EC2A 4NE",,,,,,,,,1
42165,16339,Z AND PRECIOUS REMOVALS LTD,NEW AGE REBEL LTD,"86-90 Paul Street, London, England, United Kingdom, EC2A 4NE","86-90 Paul Street, London, England, EC2A 4NE",,,,,,,,,1
42165,20423,Z AND PRECIOUS REMOVALS LTD,FUTURE FINANCES BROKER LIMITED,"86-90 Paul Street, London, England, United Kingdom, EC2A 4NE","86-90 Paul Street, London, England, EC2A 4NE",,,,,,,,,1
42165,31481,Z AND PRECIOUS REMOVALS LTD,GOOD AS NEW EMERGENCY CLEANING LTD,"86-90 Paul Street, London, England, United Kingdom, EC2A 4NE","86-90 Paul Street, London, England, EC2A 4NE",,,,,,,,,1
42528,915,U COLLABORATION LTD,ANOTHER BEAUTY SUPPLY COMPANY LTD,"128 City Road, London, United Kingdom, EC1V 2NX","128 City Road, London, England, EC1V 2NX",,,,,,,,,1
42532,26616,Fukuoka Financial Group Inc,Odakyu Electric Railway Co Ltd,"1-8-3, Otemon, Chuo-Ku, Fukuoka-Shi, 810-8693","1-8-3, Nishi-Shinjuku, Shinjuku-Ku, Tokyo, 160-8309",,,,,,,,,1
42692,30749,ABN AMRO Private Banking,ABN AMRO Bank NV,"Gustav Mahlerlaan 10, Amsterdam, Noord-Holland, 1082","Gustav Mahlerlaan 10, Amsterdam, 1082PP",,,,,,,,,1
42707,42354,Axfood AB,MEKO AB,"Solnavagen 4, Stockholm, 11365","Solnavagen 4 Plan 11, Stockholm, 10432",,,,,,,,,1
42754,6055,SU-FI EDUCATION. CONSULTING. FINANCES. LTD,BEAUTY ANCHOR AESTHETICS LIMITED,"27 Old Gloucester Street, London, United Kingdom, WC1N 3AX","27 Old Gloucester Street, London, England, WC1N 3AX",,,,,,,,,1
42754,6697,SU-FI EDUCATION. CONSULTING. FINANCES. LTD,NEW AGE LETTINGS LIMITED,"27 Old Gloucester Street, London, United Kingdom, WC1N 3AX","27 Old Gloucester Street, London, England, WC1N 3AX",,,,,,,,,1
42754,38911,SU-FI EDUCATION. CONSULTING. FINANCES. LTD,SOFTWARE COMPETITIVENESS INTERNATIONAL LTD,"27 Old Gloucester Street, London, United Kingdom, WC1N 3AX","27 Old Gloucester Street, London, England, WC1N 3AX",,,,,,,,,1
42855,21945,BLUE-CHIP PROPERTY DEVELOPMENTS LTD.,Q CONGRATULATIONS LTD,"Piccadilly Business Centre, Unit C Aldow Enterprise Park, Manchester, England, M12 6AE","Piccadilly Business Centre, Aldow Enterprise Park, Manchester, United Kingdom, M12 6AE",,,,,,,,,1
43020,28614,R A CLARKE LIMITED,BAD LIKE WE LTD,"Nelson House, 2 Hamilton Terrace, Leamington Spa, Warwickshire, CV32 4LY","Nelson House, 2 Hamilton Terrace, Leamington Spa, England, CV32 4LY",,,,,,,,,1
43141,40907,SAIC Motor Corp Ltd,Sinopec Shanghai Petrochemical Co Ltd,"No. 489, Weihai Road, Jing'An District, Shanghai, 200041","No. 48, Jinyi Road, Jinshan District, Shanghai, 200540",,,,,,,,,1
43190,6691,Acea SpA,Eni SpA,"Piazzale Ostiense, 2, Roma, 00154","Piazzale Mattei, 1, Rome, Lazio, 00144",,,,,,,,,1
43226,7365,FOOD AFFAIRS LIMITED,LISA'S NEWSAGENTS LIMITED,"48 - 52 Penny Lane, Mossley Hill, Liverpool, Merseyside, L18 1DG","48 - 52 Penny Lane Mossley Hill, Liverpool, Merseyside, United Kingdom, L18 1DG",,,,,,,,,1
43233,24544,V & A MELLORS LIMITED,U & H MORTGAGE ADVISORS LIMITED,"Ryefield Court, 81 Joel Street, Northwood, England, HA6 1LL","Ryefield Court, 81 Joel Street, Northwood Hills, Middlesex, United Kingdom, HA6 1LL",,,,,,,,,1
43239,19119,JKL HOLDINGS LTD,AOMO INVESTMENT COMPANY LTD,"Tilmanstone Works, Pike Road Industrial Estate Pike Road, Eythorne, Dover, Kent, United Kingdom, CT15 4ND","Tilmanstone Works Pike Road Industrial Estate, Pike Road, Eythorne, Dover, Kent, United Kingdom, CT15 4ND",,,,,,,,,1
43372,33103,Q CARS ONLINE LIMITED,P A CREATIVE TECHNICAL LTD,"Wilson Field, Limited, 260 Ecclesall Road South, Sheffield, S11 9PS","Wilson Field Limited The Manor House, 260 Ecclesall Road South, Sheffield, South Yorkshire, S11 9PS",,,,,,,,,1
43406,17547,Edison Spa,Compass Banca Spa,"FORO BUONAPARTE 31, MILANO, 20121, MILANO, ITALY","FORO BUONAPARTE 10, MILANO, 20121, MILANO, ITALY",,,,,IT08263330014,IT00864530159,,,1
43428,19384,BAD ROBOT LTD,MEYER ACCOUNTING AND FINANCES LIMITED,"Flat 11 Ivor House, 5 Acre Lane, London, England, SW2 5RS","Flat 11 Hanover Court, 7 Amhurst Park, London, England, N16 5LX",,,,,,,,,1
43442,19701,Mapei Spa,Cnh Industrial Italia Spa,"VIALE EDOARDO JENNER 4, MILANO, 20159, MILANO, ITALY","VIALE DELLE NAZIONI 55, MODENA, 41122, MODENA, ITALY",,,,,IT01649960158,IT00370290363,,,1
43543,31284,S A & E LIMITED,FOOD & DAIRY ENGINEERING CO LIMITED,"5 Prospect Place, Millennium Way, Pride Park, Derby, United Kingdom, DE24 8HG","5 Prospect Place, Millennium Way Pride Park, Derby, Derbyshire, DE24 8HG",,,,,,,,,1
43580,15324,The Japan Steel Works Ltd,Toshiba TEC Corp,"Gate City Osaki-West Tower, 1-11-1, Osaki, Shinagawa-Ku, Tokyo, 141-0032","Gate City Ohsaki West Tower, 1-11-1, Osaki, Shinagawa-Ku, Tokyo, 141-8562",,,,,,,,,1
43636,36549,P ADDISON MEDICAL LIMITED,Q DAVIES LIMITED,"C/O Sandison Easson & Co Rex Buildings, Alderley Road, Wilmslow, United Kingdom, SK9 1HY","C/O Sandison Easson & Co Rex Buildings, Alderley Road, Wilmslow, Cheshire, United Kingdom, SK9 1HY",,,,,,,,,1
43685,7153,Q ASSURE BUILD LIMITED,U I T LIMITED,"11 Milbanke Way, Bracknell, Berkshire, RG12 1RP","11 Milbanke Court, Milbanke Way, Bracknell, Berkshire, RG12 1RP",,,,,,,,,1
43775,29966,Bradespar SA,Dexco SA,"Avenida Paulista, 1.450,9 Andar, Cerqueira Cesar, Sao Paulo, 01.310-917","Avenida Paulista 1938 - 5 Andar, Bela Vista, Sao Paulo, 01.310-942",,,,,,,,,1
43842,8194,Absa Group Ltd,Absa Bank Ltd,"7th Floor, Absa Towers, West 15 Troye Street, Johannesburg, 2001","7th Floor, Absa Towers West, 15 Troye Street, Johannesburg, 2001",,,,,,,,,1
43880,6383,NEW ABILITIES PROPERTY MANAGEMENT LTD,V AND C RELOCATION SERVICES LTD,"71-75 Shelton Street, Covent Garden, London, England, WC2H 9JQ","71-75 Shelton Street Shelton Street, Covent Garden, London, United Kingdom, WC2H 9JQ",,,,,,,,,1
44103,42312,Quest Diagnostics Inc,The Children's Place Inc,"500 Plaza Drive, Secaucus, New Jersey, 07094","500 Plaza Dr, Secaucus, New Jersey, 07094-3619",,,,,,,,,1
44144,24541,V & C (SW) LIMITED,V & C (SW) COMMERCIALS LIMITED,"17 Saron Close, Penyrheol, Swansea, SA4 4FB","17 Saron Close, Gorseinon, Swansea, United Kingdom, SA4 4FB",,,,,,,,,1
44235,38818,Finde Spa,Fca Italy S.p.a. In Forma Fiat Chrysler Automobiles E In Forma Abbreviato Fiat Group Autom,"CORSO GIOVANNI LANZA 101, TORINO, 10133, TORINO, ITALY","CORSO GIOVANNI AGNELLI 200, TORINO, 10135, TORINO, ITALY",,,,,IT06633950016,IT07973780013,,,1
44288,25402,Alibaba Health Information Technology Ltd,CWT International Limited,"Suites 7001-7005, 70/F, Two International Finance Cent, 8 Finance Street, Central, Hong Kong","Suites 5811-5814, 58/F. Two Intl Fin Ctr, No. 8 Finance Street, Central, Hong Kong",,,,,,,,,1
44297,26635,Unico La Farmacia Dei Farmacisti Spa,Kia Italia Srl,"VIA GARBAGNATE 63, LAINATE, 20045, MILANO, ITALY","VIA GALLARATE 184, MILANO, 20151, MILANO, ITALY",,,,,IT02217430343,IT07369940965,,,1
44310,750,NEW AGES TECHNOLOGIES LTD,BAD PACKETS LTD,"71-75 Shelton Street, Covent Garden, London, United Kingdom, WC2H 9JQ","71-75 Shelton Street, Covent Garden, London, England, WC2H 9JQ",,,,,,,,,1
44310,6749,NEW AGES TECHNOLOGIES LTD,FINANCES AND LAW SOLUTIONS LTD,"71-75 Shelton Street, Covent Garden, London, United Kingdom, WC2H 9JQ","71-75 Shelton Street, Covent Garden, London, England, WC2H 9JQ",,,,,,,,,1
44310,10919,NEW AGES TECHNOLOGIES LTD,TRUSTED FINANCES AND PROTECTION LTD,"71-75 Shelton Street, Covent Garden, London, United Kingdom, WC2H 9JQ","71-75 Shelton Street, Covent Garden, London, England, WC2H 9JQ",,,,,,,,,1
44310,12172,NEW AGES TECHNOLOGIES LTD,SADIO S LIMITED,"71-75 Shelton Street, Covent Garden, London, United Kingdom, WC2H 9JQ","71-75 Shelton Street, Covent Garden, London, England, WC2H 9JQ",,,,,,,,,1
44310,21363,NEW AGES TECHNOLOGIES LTD,BAD VEGAN LTD,"71-75 Shelton Street, Covent Garden, London, United Kingdom, WC2H 9JQ","71-75 Shelton Street, Covent Garden, London, England, WC2H 9JQ",,,,,,,,,1
44310,23018,NEW AGES TECHNOLOGIES LTD,U & I UN LIMITED,"71-75 Shelton Street, Covent Garden, London, United Kingdom, WC2H 9JQ","71-75 Shelton Street, Covent Garden, London, England, WC2H 9JQ",,,,,,,,,1
44310,35043,NEW AGES TECHNOLOGIES LTD,BEAUTY AND SERENITY LTD,"71-75 Shelton Street, Covent Garden, London, United Kingdom, WC2H 9JQ","71-75 Shelton Street, Covent Garden, London, England, WC2H 9JQ",,,,,,,,,1
44310,43880,NEW AGES TECHNOLOGIES LTD,NEW ABILITIES PROPERTY MANAGEMENT LTD,"71-75 Shelton Street, Covent Garden, London, United Kingdom, WC2H 9JQ","71-75 Shelton Street, Covent Garden, London, England, WC2H 9JQ",,,,,,,,,1
44399,8142,Norsk Hydro ASA,Elkem ASA,"Drammensveien 264, Oslo, 0283","Drammensveien 169, Oslo, 0277",,,,,,,,,1
44482,10368,Gestore Dei Servizi Energetici - Gse Spa,Gestore Dei Mercati Energetici Spa,"VIALE MARESCIALLO PILSUDSKI 92, ROMA, 00197, ROMA, ITALY","VIALE MARESCIALLO PILSUDSKI 122/124, ROMA, 00197, ROMA, ITALY",,,,,IT05754381001,IT06208031002,,,1
44621,43406,Ferrovial ConstrucciÃ³n S.a.,Edison Spa,"FORO BUONAPARTE 67, MILANO, 20121, MILANO, ITALY","FORO BUONAPARTE 31, MILANO, 20121, MILANO, ITALY",,,,,IT12400940156,IT08263330014,,,1
44726,37545,T A ELECTRICAL CONTRACTORS LTD,S. A. KELLY LIMITED,"24 Downsview, Chatham, Kent, United Kingdom, ME5 0AP","24 Downsview, Chatham, Kent, ME5 0AP",,,,,,,,,1
44828,19985,ALL ABOUT BULK LIMITED,ALL ABOUT BULK AGGREGATES LTD,"7a The Canterbury Business Centre, 18 Ashchurch Road, Tewkesbury, Gloucestershire, GL20 8BT","7a The Canterbury Business Centre, 18 Ashchurch Road, Tewkesbury, Gloucestershire, England, GL20 8BT",,,,,,,,,1
44845,32943,Siderurgica Investimenti Srl,Elecnor Sa,"VIA GIUSEPPE VERDI 8, BEDIZZOLE, 25081, BRESCIA, ITALY","VIA GIUSEPPE VERDI 6, SAN PIETRO MOSEZZO, 28060, NOVARA, ITALY",,,,,IT10341650157,IT07111850967,,,1
44893,915,GOOD ACCOUNTANT LTD,ANOTHER BEAUTY SUPPLY COMPANY LTD,"128 City Road, London, United Kingdom, EC1V 2NX","128 City Road, London, England, EC1V 2NX",,,,,,,,,1
44943,26599,T A B ENGINEERING LIMITED,GOOD CALL PROPERTY MAINTENANCE LTD,"80 Compair Crescent, Ipswich, Suffolk, United Kingdom, IP2 0EH","80 Compair Crescent, Ipswich, Suffolk, England, IP2 0EH",,,,,,,,,1
45125,34218,Autogrill Spa,Saras Spa,"GALLERIA SAN BABILA 4/A, MILANO, 20122, MILANO, ITALY","GALLERIA PASSARELLA 2, MILANO, 20122, MILANO, ITALY",,,,,IT01630730032,IT00136440922,,,1
45172,4665,Samsung Electronics Italia Spa,Conad Consorzio Nazionale Dettaglianti Soc Coop,"VIA MIKE BONGIORNO 9, MILANO, 20124, MILANO, ITALY","VIA MICHELINO 59, BOLOGNA, 40127, BOLOGNA, ITALY",,,,,IT11325690151,IT03320960374,,,1
45265,8723,SBI Shinsei Bank Ltd,Toray Industries Inc,"Nihombashi Muromachi Nomura Bldg., 2-4-3, Nihombashi Muro-Machi, Chuo-Ku, Tokyo, 103-8303","Nihombashi Mitsui Tower, 2-1-1, Nihombashi Muro-Machi, Chuo-Ku, Tokyo, 103-8666",,,,,,,,,1
45272,36009,NEW ADVERTISING SERVICES LTD,HERMES CORPORATE AND FINANCES (UK) LIMITED,"71-75 Shelton Street, London, England, WC2H 9JQ","71-75 Shelton Street, Covent Garden, London, WC2H 9JQ",,,,,,,,,1
45273,34354,B.A.D LTD,Q BRIDGE B LTD,"99 Cumberland Road, London, United Kingdom, E13 8LH","99 Clapton Common, London, United Kingdom, E5 9AB",,,,,,,,,1
45619,16853,P & A LAND DEVELOPMENTS LIMITED,P & A LAND LTD,"87 Whitchurch Road, Cardiff, United Kingdom, CF14 3JP","87 Whitchurch Road, Cardiff, CF14 3JP",,,,,,,,,1
45633,13874,C.o.i.m. Spa - Chimica Organica Industriale Milanese,Ngk Spark Plug Europe Gmbh,"VIA DELLE AZALEE 19, BUCCINASCO, 20090, MILANO, ITALY","VIA DELLE AZALEE 15, BUCCINASCO, 20090, MILANO, ITALY",,,,,IT00798810156,IT05218860962,,,1
45735,915,T A ELECTRONICS LTD,ANOTHER BEAUTY SUPPLY COMPANY LTD,"128 City Road, London, United Kingdom, EC1V 2NX","128 City Road, London, England, EC1V 2NX",,,,,,,,,1
45882,915,NEW ALL DIGITAL MARKETING LTD,ANOTHER BEAUTY SUPPLY COMPANY LTD,"128 City Road, London, United Kingdom, EC1V 2NX","128 City Road, London, England, EC1V 2NX",,,,,,,,,1
45910,17122,P & A CONSTRUCTION (CAMBRIDGE) LIMITED,TALKING T'S LIMITED,"Normans Corner, 41 Church Lane, Fulbourn, Cambridge, Cambridgeshire, CB21 5EP","Normans Corner 41 Church Lane, Fulbourn, Cambridge, England, CB21 5EP",,,,,,,,,1
45921,35494,Mitsui Fudosan Co Ltd,Mitsubishi Gas Chemical Co Inc,"Mitsui Main Bldg., 2-1-1, Nihombashi Muro-Machi, Chuo-Ku, Tokyo, 103-0022","Mitsubishi Bldg., 2-5-2, Marunouchi, Chiyoda-Ku, Tokyo, 100-8324",,,,,,,,,1
45923,37139,Papiniano Spa,Bricoman Italia Srl,"VIA GUGLIELMO MARCONI 36, BOLOGNA, 40122, BOLOGNA, ITALY","VIA GUGLIELMO MARCONI 24, ROZZANO, 20089, MILANO, ITALY",,,,,IT03527610376,IT05602670969,,,1
45966,12811,Terminix Global Holdings Inc,Frontdoor Inc,"150 Peabody Pl, Memphis, Tennessee, 38103-3720","150 Peabody Pl, Memphis, Tennessee, 38103",,,,,,,,,1
46096,750,BEAUTY AND A BOND LIMITED,BAD PACKETS LTD,"71-75 Shelton Street, Covent Garden, London, United Kingdom, WC2H 9JQ","71-75 Shelton Street, Covent Garden, London, England, WC2H 9JQ",,,,,,,,,1
46096,6749,BEAUTY AND A BOND LIMITED,FINANCES AND LAW SOLUTIONS LTD,"71-75 Shelton Street, Covent Garden, London, United Kingdom, WC2H 9JQ","71-75 Shelton Street, Covent Garden, London, England, WC2H 9JQ",,,,,,,,,1
46096,10919,BEAUTY AND A BOND LIMITED,TRUSTED FINANCES AND PROTECTION LTD,"71-75 Shelton Street, Covent Garden, London, United Kingdom, WC2H 9JQ","71-75 Shelton Street, Covent Garden, London, England, WC2H 9JQ",,,,,,,,,1
46096,12172,BEAUTY AND A BOND LIMITED,SADIO S LIMITED,"71-75 Shelton Street, Covent Garden, London, United Kingdom, WC2H 9JQ","71-75 Shelton Street, Covent Garden, London, England, WC2H 9JQ",,,,,,,,,1
46096,21363,BEAUTY AND A BOND LIMITED,BAD VEGAN LTD,"71-75 Shelton Street, Covent Garden, London, United Kingdom, WC2H 9JQ","71-75 Shelton Street, Covent Garden, London, England, WC2H 9JQ",,,,,,,,,1
46096,23018,BEAUTY AND A BOND LIMITED,U & I UN LIMITED,"71-75 Shelton Street, Covent Garden, London, United Kingdom, WC2H 9JQ","71-75 Shelton Street, Covent Garden, London, England, WC2H 9JQ",,,,,,,,,1
46096,35043,BEAUTY AND A BOND LIMITED,BEAUTY AND SERENITY LTD,"71-75 Shelton Street, Covent Garden, London, United Kingdom, WC2H 9JQ","71-75 Shelton Street, Covent Garden, London, England, WC2H 9JQ",,,,,,,,,1
46096,43880,BEAUTY AND A BOND LIMITED,NEW ABILITIES PROPERTY MANAGEMENT LTD,"71-75 Shelton Street, Covent Garden, London, United Kingdom, WC2H 9JQ","71-75 Shelton Street, Covent Garden, London, England, WC2H 9JQ",,,,,,,,,1
46139,2460,KTDM LIMITED,NEW AGE HEMP LIMITED,"7 Bell Yard, London, United Kingdom, WC2A 2JR","7 Bell Yard, London, England, WC2A 2JR",,,,,,,,,1
46139,8320,KTDM LIMITED,GOOD BEHAVIOUR LIMITED,"7 Bell Yard, London, United Kingdom, WC2A 2JR","7 Bell Yard, London, England, WC2A 2JR",,,,,,,,,1
46139,14809,KTDM LIMITED,SOFTWARE RETAIL LTD,"7 Bell Yard, London, United Kingdom, WC2A 2JR","7 Bell Yard, London, England, WC2A 2JR",,,,,,,,,1
46139,27326,KTDM LIMITED,NOVEA FINANCES LIMITED,"7 Bell Yard, London, United Kingdom, WC2A 2JR","7 Bell Yard, London, England, WC2A 2JR",,,,,,,,,1
46160,120,PTC Inc,Alexion Pharmaceuticals Inc,"121 Seaport Boulevard, Boston, Massachusetts, 02210","121 Seaport Blvd, Boston, Massachusetts, 02210-2050",,,,,,,,,1
46355,6055,Q BIO SYSTEMS LIMITED,BEAUTY ANCHOR AESTHETICS LIMITED,"27 Old Gloucester Street, London, United Kingdom, WC1N 3AX","27 Old Gloucester Street, London, England, WC1N 3AX",,,,,,,,,1
46355,6697,Q BIO SYSTEMS LIMITED,NEW AGE LETTINGS LIMITED,"27 Old Gloucester Street, London, United Kingdom, WC1N 3AX","27 Old Gloucester Street, London, England, WC1N 3AX",,,,,,,,,1
46355,38911,Q BIO SYSTEMS LIMITED,SOFTWARE COMPETITIVENESS INTERNATIONAL LTD,"27 Old Gloucester Street, London, United Kingdom, WC1N 3AX","27 Old Gloucester Street, London, England, WC1N 3AX",,,,,,,,,1
46418,16510,BEAUTY BASE ON-LINE LIMITED,BEAUTY BASE LIMITED,"Unit 13, Space Business Park, Abbey Road, London, NW10 7SU","Unit 13 Space Business Park, Abbey Road, London, NW10 7SU",,,,,,,,,1
46462,15536,Kintetsu World Express Inc,Daito Trust Construction Co Ltd,"24f, Shinagawa Intercity Tower A, 2-15-1, Konan, Minato-Ku, Tokyo, 108-6024","24f, Shinagawa East One Tower, 2-16-1, Konan, Minato-Ku, Tokyo, 108-8211",,,,,,,,,1
46494,40640,Compagnia Siderurgica Italiana Srl,Fin.fer. Spa,"ZONA INDUSTRIALE, OSOPPO, 33010, UDINE, ITALY","ZONA INDUSTRIALE SNC, OSOPPO, 33010, UDINE, ITALY",,,,,IT02448660304,IT00490250305,,,1
46786,15966,Bechtel Corp,Science Applications International Corp,"12011 Sunset Hills Road, Reston, Virginia, 20190-5918","12010 Sunset Hills Road, Reston, Virginia, 20190",,,,,,,,,1
46855,8465,H A CHUNU & CO LIMITED,Z & Z CORPORATION LTD,"98 Commercial Road, London, United Kingdom, E1 1NU","98 Commercial Road, London, E1 1NU",,,,,,,,,1
46861,35066,Seetech Global Industries Spa,Pastificio Rana Spa,"VIA ANTONIO PACINOTTI 3, BOLZANO, 39100, BOLZANO, ITALY","VIA ANTONIO PACINOTTI 25, SAN GIOVANNI LUPATOTO, 37057, VERONA, ITALY",,,,,IT02703600219,IT01397480235,,,1
46867,45527,FINANCE SOS LIMITED,T A BROWNE CONTRACT SERVICES LTD,"Unit 4 Hurricane Drive, Hurricane Business Park, Liverpool, Merseyside, L24 8RL","Unit 4 Hurricane Drive, Hurricane Business Park, Liverpool, Merseyside, England, L24 8RL",,,,,,,,,1
47019,895,Ludoil Energia Srl,E.m.s. Euro Management Services Spa,"VIA TARANTO 40, NOLA, 80035, NAPOLI, ITALY","VIA STELLA ROSA 48/50, BARANZATE, 20021, MILANO, ITALY",,,,,IT07047491217,IT07397440152,,,1
47019,33823,Ludoil Energia Srl,Euro Group Spa,"VIA TARANTO 40, NOLA, 80035, NAPOLI, ITALY","VIA STELLA ROSA 48/50, BARANZATE, 20021, MILANO, ITALY",,,,,IT07047491217,IT05235740965,,,1
47030,13099,BAD CAT LIMITED,FOOD CONCEPTS LTD,"167-169 Great Portland Street, 5th Floor, London, England, W1W 5PF","167-169 Great Portland Street 5th Floor, London, United Kingdom, W1W 5PF",,,,,,,,,1
47143,13112,P AND A EYECARE LIMITED,SOFTWARE HOUSE LIMITED,"Kemp House, City Road, London, England, EC1V 2NX","Kemp House, 160 City Road, London, United Kingdom, EC1V 2NX",,,,,,,,,1
47143,29912,P AND A EYECARE LIMITED,STANDARD WEST FINANCES LTD,"Kemp House, City Road, London, England, EC1V 2NX","Kemp House, 160 City Road, London, United Kingdom, EC1V 2NX",,,,,,,,,1
47143,32066,P AND A EYECARE LIMITED,SOFTWARE DISTRIBUTORS LTD,"Kemp House, City Road, London, England, EC1V 2NX","Kemp House, 160 City Road, London, United Kingdom, EC1V 2NX",,,,,,,,,1
47143,38038,P AND A EYECARE LIMITED,GOOD COPY LTD,"Kemp House, City Road, London, England, EC1V 2NX","Kemp House, 160 City Road, London, United Kingdom, EC1V 2NX",,,,,,,,,1
47207,9606,R. A. GRUNDY ARCHITECTURAL SERVICES LIMITED,S A CONSTRUCTION 247 LTD,"86-90 Paul Street, London, England, United Kingdom, EC2A 4NE","86-90 Paul Street, London, England, EC2A 4NE",,,,,,,,,1
47207,16339,R. A. GRUNDY ARCHITECTURAL SERVICES LIMITED,NEW AGE REBEL LTD,"86-90 Paul Street, London, England, United Kingdom, EC2A 4NE","86-90 Paul Street, London, England, EC2A 4NE",,,,,,,,,1
47207,20423,R. A. GRUNDY ARCHITECTURAL SERVICES LIMITED,FUTURE FINANCES BROKER LIMITED,"86-90 Paul Street, London, England, United Kingdom, EC2A 4NE","86-90 Paul Street, London, England, EC2A 4NE",,,,,,,,,1
47207,31481,R. A. GRUNDY ARCHITECTURAL SERVICES LIMITED,GOOD AS NEW EMERGENCY CLEANING LTD,"86-90 Paul Street, London, England, United Kingdom, EC2A 4NE","86-90 Paul Street, London, England, EC2A 4NE",,,,,,,,,1
47215,13759,TAYLORED FINANCES LIMITED,TIMOTEO FINANCES LTD,"2 Stamford Square, London, United Kingdom, SW15 2BF","2 Stamford Square, London, SW15 2BF",,,,,,,,,1
47429,750,SOFTWARE SOLUTIONS ESD LIMITED,BAD PACKETS LTD,"71-75 Shelton Street, Covent Garden, London, United Kingdom, WC2H 9JQ","71-75 Shelton Street, Covent Garden, London, England, WC2H 9JQ",,,,,,,,,1
47429,6749,SOFTWARE SOLUTIONS ESD LIMITED,FINANCES AND LAW SOLUTIONS LTD,"71-75 Shelton Street, Covent Garden, London, United Kingdom, WC2H 9JQ","71-75 Shelton Street, Covent Garden, London, England, WC2H 9JQ",,,,,,,,,1
47429,10919,SOFTWARE SOLUTIONS ESD LIMITED,TRUSTED FINANCES AND PROTECTION LTD,"71-75 Shelton Street, Covent Garden, London, United Kingdom, WC2H 9JQ","71-75 Shelton Street, Covent Garden, London, England, WC2H 9JQ",,,,,,,,,1
47429,12172,SOFTWARE SOLUTIONS ESD LIMITED,SADIO S LIMITED,"71-75 Shelton Street, Covent Garden, London, United Kingdom, WC2H 9JQ","71-75 Shelton Street, Covent Garden, London, England, WC2H 9JQ",,,,,,,,,1
47429,21363,SOFTWARE SOLUTIONS ESD LIMITED,BAD VEGAN LTD,"71-75 Shelton Street, Covent Garden, London, United Kingdom, WC2H 9JQ","71-75 Shelton Street, Covent Garden, London, England, WC2H 9JQ",,,,,,,,,1
47429,23018,SOFTWARE SOLUTIONS ESD LIMITED,U & I UN LIMITED,"71-75 Shelton Street, Covent Garden, London, United Kingdom, WC2H 9JQ","71-75 Shelton Street, Covent Garden, London, England, WC2H 9JQ",,,,,,,,,1
47429,35043,SOFTWARE SOLUTIONS ESD LIMITED,BEAUTY AND SERENITY LTD,"71-75 Shelton Street, Covent Garden, London, United Kingdom, WC2H 9JQ","71-75 Shelton Street, Covent Garden, London, England, WC2H 9JQ",,,,,,,,,1
47429,43880,SOFTWARE SOLUTIONS ESD LIMITED,NEW ABILITIES PROPERTY MANAGEMENT LTD,"71-75 Shelton Street, Covent Garden, London, United Kingdom, WC2H 9JQ","71-75 Shelton Street, Covent Garden, London, England, WC2H 9JQ",,,,,,,,,1
47565,12579,Q ACCOUNTANTS LTD,R AFFAIRS LIMITED,"411 Oxford Street, Office 1.01, London, England, W1C 2PE","411 - 413, Duke Street Office 1.01, Mayfair, London, England, W1C 2PE",,,,,,,,,1
47703,13038,Kos Spa,Prysmian Powerlink Srl,"VIA CIOVASSINO 1, MILANO, 20121, MILANO, ITALY","VIA CHIESE 6, MILANO, 20126, MILANO, ITALY",,,,,IT10674520159,IT05931070964,,,1
47728,37164,R A & H (BOURN) LIMITED,R A & H LIMITED,"5 High Green, Great Shelford, Cambridge, United Kingdom, CB22 5EG","5 High Green, Great Shelford, Cambridge, Cambridgeshire, CB22 5EG",,,,,,,,,1
47736,30331,Fastweb Spa,Eurospin Lazio Spa,"VIA FRANCESCO CARACCIOLO 51, MILANO, 20155, MILANO, ITALY","VIA FRANCESCO BARACCA 2/4 6, APRILIA, 04011, LATINA, ITALY",,,,,IT12878470157,IT04766841003,,,1
47838,45272,GOOD ANCESTOR LIMITED,NEW ADVERTISING SERVICES LTD,"71-75 Shelton Street, London, Greater London, United Kingdom, WC2H 9JQ","71-75 Shelton Street, London, England, WC2H 9JQ",,,,,,,,,1
47858,10745,Kaneka Corp,Rengo Co Ltd,"Nakanoshima Festival Tower, 2-3-18, Nakanoshima, Kita-Ku, Osaka-Shi, 530-8288","Nakanoshima Central Tower, 2-2-7, Nakanoshima, Kita-Ku, Kita-Ku, Osaka-Shi, 530-0005",,,,,,,,,1
48109,32839,H A COMPANY INVESTMENT LIMITED,BEAUTY & MAKEUP LIMITED,"Stron Legal, The Clubhouse St James, 8 St James's Square, St James's, London, United Kingdom, SW1Y 4JU","Stron Legal, The Clubhouse St James, 8 St James's Square, St James's, London, England, SW1Y 4JU",,,,,,,,,1
48389,19189,Gs Spa,Technogym Spa,"VIA CALDERA 21, MILANO, 20153, MILANO, ITALY","VIA CALCINARO 2861, CESENA, 47521, FORLI'-CESENA, ITALY",,,,,IT12683790153,IT06250230965,,,1
48435,12624,Z &H CONSULTANTS LTD,NEW ADVANCE LIMITED,"85 Great Portland Street, First Floor, London, United Kingdom, W1W 7LT","85 Great Portland Street, First Floor, London, England, W1W 7LT",,,,,,,,,1
48435,25536,Z &H CONSULTANTS LTD,Z CORP EXPORT LIMITED,"85 Great Portland Street, First Floor, London, United Kingdom, W1W 7LT","85 Great Portland Street, First Floor, London, England, W1W 7LT",,,,,,,,,1
48435,27273,Z &H CONSULTANTS LTD,BAD SALAD DAY LTD,"85 Great Portland Street, First Floor, London, United Kingdom, W1W 7LT","85 Great Portland Street, First Floor, London, England, W1W 7LT",,,,,,,,,1
48435,42081,Z &H CONSULTANTS LTD,SOFTWARE KINGDOM LIMITED,"85 Great Portland Street, First Floor, London, United Kingdom, W1W 7LT","85 Great Portland Street, First Floor, London, England, W1W 7LT",,,,,,,,,1
48577,915,BEAUTY AT TIFFANY’S LTD,ANOTHER BEAUTY SUPPLY COMPANY LTD,"128 City Road, London, United Kingdom, EC1V 2NX","128 City Road, London, England, EC1V 2NX",,,,,,,,,1
48582,44235,Tnt Global Express Srl,Finde Spa,"CORSO GIULIO CESARE 268, TORINO, 10154, TORINO, ITALY","CORSO GIOVANNI LANZA 101, TORINO, 10133, TORINO, ITALY",,,,,IT09399880153,IT06633950016,,,1
48735,17290,Marco Polo International Italy Srl,Alfa Acciai Spa,"VIA SAN PRIMO 4, MILANO, 20121, MILANO, ITALY","VIA SAN POLO 152, BRESCIA, 25134, BRESCIA, ITALY",,,,,IT10449990968,IT00988040176,,,1
48765,33098,A. O. Smith Corp,The Manitowoc Co Inc,"11270 W Park Pl, Milwaukee, Wisconsin, 53224-3623","11270 W Park Pl Ste 1000, Milwaukee, Wisconsin, 53224-3643",,,,,,,,,1
48802,9606,ALL ABOUT THE HOUSE LTD,S A CONSTRUCTION 247 LTD,"86-90 Paul Street, London, England, United Kingdom, EC2A 4NE","86-90 Paul Street, London, England, EC2A 4NE",,,,,,,,,1
48802,16339,ALL ABOUT THE HOUSE LTD,NEW AGE REBEL LTD,"86-90 Paul Street, London, England, United Kingdom, EC2A 4NE","86-90 Paul Street, London, England, EC2A 4NE",,,,,,,,,1
48802,20423,ALL ABOUT THE HOUSE LTD,FUTURE FINANCES BROKER LIMITED,"86-90 Paul Street, London, England, United Kingdom, EC2A 4NE","86-90 Paul Street, London, England, EC2A 4NE",,,,,,,,,1
48802,31481,ALL ABOUT THE HOUSE LTD,GOOD AS NEW EMERGENCY CLEANING LTD,"86-90 Paul Street, London, England, United Kingdom, EC2A 4NE","86-90 Paul Street, London, England, EC2A 4NE",,,,,,,,,1
48802,48010,ALL ABOUT THE HOUSE LTD,BAD IDEA COMPANY LTD,"86-90 Paul Street, London, England, United Kingdom, EC2A 4NE","86-90 Paul Street, London, England, EC2A 4NE",,,,,,,,,1
48900,34818,Shiseido Co Ltd,Nippon Television Holdings Inc,"1-6-2, Higashi-Shimbashi, Minato-Ku, Tokyo, 105-8310","1-6-1, Higashi Shimbashi, Minato-Ku, Tokyo, 105-7444",,,,,,,,,1
48933,12334,SOFTWARE SPECTRUM HOLDINGS LIMITED,SOFTWARE SPECTRUM (UK) LIMITED,"Technology Building, Terry Street, Sheffield, S9 2BU","Technology Building, Insight, Campus, Terry Street, Sheffield, S9 2BU",,,,,,,,,1
49004,12406,M I FINANCES LIMITED,AA FINANCES LIMITED,"45 Springroyd Terrace, Bradford, West Yorkshire, United Kingdom, BD8 9SN","45 Springroyd Terrace, Bradford, England, BD8 9SN",,,,,,,,,1
49153,2764,Deppon Logistics Co Ltd,China Energy Engineering Corp Ltd,"Building 1, No. 316, Xuxiang Road, Xujing Town, Qingpu District, Shanghai, 201702","Building 1, No. 26a West Dawang Road, Chaoyang District, Beijing, 100022",,,,,,,,,1
49192,1880,Iris Mobili Srl,Dolce & Gabbana Srl,"VIA CARLO POMA 11, POMEZIA, 00071, ROMA, ITALY","VIA CARLO GOLDONI 10, MILANO, 20129, MILANO, ITALY",,,,,IT06888411003,IT09297890155,,,1
49192,11108,Iris Mobili Srl,Dolce & Gabbana Holding Srl,"VIA CARLO POMA 11, POMEZIA, 00071, ROMA, ITALY","VIA CARLO GOLDONI 10, MILANO, 20129, MILANO, ITALY",,,,,IT06888411003,IT05948660963,,,1
49192,44994,Iris Mobili Srl,D & G Srl,"VIA CARLO POMA 11, POMEZIA, 00071, ROMA, ITALY","VIA CARLO GOLDONI 10, MILANO, 20129, MILANO, ITALY",,,,,IT06888411003,IT09297840150,,,1
49198,17547,Edison Energia Spa,Compass Banca Spa,"FORO BUONAPARTE 31, MILANO, 20121, MILANO, ITALY","FORO BUONAPARTE 10, MILANO, 20121, MILANO, ITALY",,,,,IT08526440154,IT00864530159,,,1
49380,1841,ALL ABOUT VENDING LTD,P A DENTAL LAB SERVICES LTD,"West Gate Lodge, Cams Hall Estate, Fareham, Hampshire, PO16 8UP","West Gate Lodge, Cams Hall Estate, Fareham, Hampshire, England, PO16 8UP",,,,,,,,,1
49423,750,Q ENVIRONMENTAL LIMITED,BAD PACKETS LTD,"71-75 Shelton Street, Covent Garden, London, United Kingdom, WC2H 9JQ","71-75 Shelton Street, Covent Garden, London, England, WC2H 9JQ",,,,,,,,,1
49423,6749,Q ENVIRONMENTAL LIMITED,FINANCES AND LAW SOLUTIONS LTD,"71-75 Shelton Street, Covent Garden, London, United Kingdom, WC2H 9JQ","71-75 Shelton Street, Covent Garden, London, England, WC2H 9JQ",,,,,,,,,1
49423,10919,Q ENVIRONMENTAL LIMITED,TRUSTED FINANCES AND PROTECTION LTD,"71-75 Shelton Street, Covent Garden, London, United Kingdom, WC2H 9JQ","71-75 Shelton Street, Covent Garden, London, England, WC2H 9JQ",,,,,,,,,1
49423,12172,Q ENVIRONMENTAL LIMITED,SADIO S LIMITED,"71-75 Shelton Street, Covent Garden, London, United Kingdom, WC2H 9JQ","71-75 Shelton Street, Covent Garden, London, England, WC2H 9JQ",,,,,,,,,1
49423,21363,Q ENVIRONMENTAL LIMITED,BAD VEGAN LTD,"71-75 Shelton Street, Covent Garden, London, United Kingdom, WC2H 9JQ","71-75 Shelton Street, Covent Garden, London, England, WC2H 9JQ",,,,,,,,,1
49423,23018,Q ENVIRONMENTAL LIMITED,U & I UN LIMITED,"71-75 Shelton Street, Covent Garden, London, United Kingdom, WC2H 9JQ","71-75 Shelton Street, Covent Garden, London, England, WC2H 9JQ",,,,,,,,,1
49423,35043,Q ENVIRONMENTAL LIMITED,BEAUTY AND SERENITY LTD,"71-75 Shelton Street, Covent Garden, London, United Kingdom, WC2H 9JQ","71-75 Shelton Street, Covent Garden, London, England, WC2H 9JQ",,,,,,,,,1
49423,43880,Q ENVIRONMENTAL LIMITED,NEW ABILITIES PROPERTY MANAGEMENT LTD,"71-75 Shelton Street, Covent Garden, London, United Kingdom, WC2H 9JQ","71-75 Shelton Street, Covent Garden, London, England, WC2H 9JQ",,,,,,,,,1
49431,895,Ludoil Energy Spa,E.m.s. Euro Management Services Spa,"VIA TARANTO 40, NOLA, 80035, NAPOLI, ITALY","VIA STELLA ROSA 48/50, BARANZATE, 20021, MILANO, ITALY",,,,,IT07104471219,IT07397440152,,,1
49431,33823,Ludoil Energy Spa,Euro Group Spa,"VIA TARANTO 40, NOLA, 80035, NAPOLI, ITALY","VIA STELLA ROSA 48/50, BARANZATE, 20021, MILANO, ITALY",,,,,IT07104471219,IT05235740965,,,1
49447,6055,Q BIOTECH LIMITED,BEAUTY ANCHOR AESTHETICS LIMITED,"27 Old Gloucester Street, London, United Kingdom, WC1N 3AX","27 Old Gloucester Street, London, England, WC1N 3AX",,,,,,,,,1
49447,6697,Q BIOTECH LIMITED,NEW AGE LETTINGS LIMITED,"27 Old Gloucester Street, London, United Kingdom, WC1N 3AX","27 Old Gloucester Street, London, England, WC1N 3AX",,,,,,,,,1
49447,38911,Q BIOTECH LIMITED,SOFTWARE COMPETITIVENESS INTERNATIONAL LTD,"27 Old Gloucester Street, London, United Kingdom, WC1N 3AX","27 Old Gloucester Street, London, England, WC1N 3AX",,,,,,,,,1
49664,2139,Bcc Vita Spa Compagnia Di Assicurazioni Vita In Forma Abbreviato Bcc Vita Spa,General Logistics Systems Italy Spa,"VIA BENIGNO CRESPI 19, MILANO, 20159, MILANO, ITALY","VIA BASENTO 19, SAN GIULIANO MILANESE, 20098, MILANO, ITALY",,,,,IT06868981009,IT12144660151,,,1
49664,17098,Bcc Vita Spa Compagnia Di Assicurazioni Vita In Forma Abbreviato Bcc Vita Spa,General Logistics Systems Enterprise Srl,"VIA BENIGNO CRESPI 19, MILANO, 20159, MILANO, ITALY","VIA BASENTO 19, SAN GIULIANO MILANESE, 20098, MILANO, ITALY",,,,,IT06868981009,IT04102770965,,,1
49681,139,ALL ABOUT THE OFFICE LIMITED,ALL ABOUT THE BABY LIMITED,"21 Hollies Walk, Wootton, Bedford, England, MK43 9LB","21 Hollies Walk, Wootton, Bedford, Bedfordshire, MK43 9LB",,,,,,,,,1
49737,27409,NEW ACOUSTICS LIMITED,LYNEDOCH BTL LTD,"168 Bath Street, Glasgow, United Kingdom, G2 4TP","168 Bath Street, Glasgow, Scotland, G2 4TP",,,,,,,,,1
49875,19178,NEW AGE PROPERTY SOLUTION (NAPS) LIMITED,T ABRAHAMS GLOBAL EMPIRE LTD,"27 Old Gloucester Street, London, England, WC1N 3AX","27 Old Gloucester Street, London, England, 27 Old Gloucester Street, London, England, WC1N 3AX",,,,,,,,,1
50005,19178,BAD CUSTARD LTD,T ABRAHAMS GLOBAL EMPIRE LTD,"27 Old Gloucester Street, London, England, WC1N 3AX","27 Old Gloucester Street, London, England, 27 Old Gloucester Street, London, England, WC1N 3AX",,,,,,,,,1
50065,47535,BAD APPLE HAIR LICHFIELD LIMITED,BAD APPLE HAIR CONCESSIONS LIMITED,"16 Victoria Street, Wolverhampton, England, WV1 3NP","16 Victoria Street Victoria Street, Wolverhampton, England, WV1 3NP",,,,,,,,,1
50106,5641,Fresenius Medical Care AG & Co KGaA,Fresenius SE & Co KGaA,"Else-Kroener-Strasse 1, Bad Homburg Vor Der Hohe, 61352","Else-Kroener-Str. 1, Bad Homburg Vor Der Hohe, 61352",,,,,,,,,1
50266,27875,Credit Suisse Private Banking,Credit Suisse Group AG,"Paradeplatz 8, Zurich, 8001","Paradeplatz 8, Zuerich, 8001",,,,,,,,,1
50350,2631,H & A TRUCK HOLDINGS LTD,U AND W INTERNATIONAL TRADING COMPANY LTD,"23 St Leonards Road, Bexhill-On-Sea, East Sussex, United Kingdom, TN40 1HH","23 St Leonards Road, Bexhill On Sea, East Sussex, TN40 1HH",,,,,,,,,1
50532,43775,Banco Pan SA,Bradespar SA,"Avenida Paulista, 1374 16 Andar, Bela Vista, Sao Paulo, 01.310-100","Avenida Paulista, 1.450,9 Andar, Cerqueira Cesar, Sao Paulo, 01.310-917",,,,,,,,,1
50633,7153,Q BUILDING CONTROL LTD,U I T LIMITED,"11 Milbanke Way, Bracknell, Berkshire, RG12 1RP","11 Milbanke Court, Milbanke Way, Bracknell, Berkshire, RG12 1RP",,,,,,,,,1
50778,44723,SOFTWARE SOLUTIONS FINANCIAL LTD,BEAUTY AND THE BEASTLY TRUTH LTD,"124 City Road 124 City Road, London, England, EC1V 2NX","124 124 City Road, London, England, EC1V 2NX",,,,,,,,,1
50796,48164,Metsa Board Corp,Huhtamaki Oyj,"Revontulenpuisto 2, Espoo, 02100","Revontulenkuja 1, Espoo, 02100",,,,,,Finland,,Europe,1
50800,50778,DOUGHBOYS GROUP LIMITED,SOFTWARE SOLUTIONS FINANCIAL LTD,"124 City Road, London, England, EC1V 2NX","124 City Road 124 City Road, London, England, EC1V 2NX",,,,,,,,,1
50955,11861,BEAUTY BOX BW LTD,Z & SON LIMITED,"Ground Floor, 9 Great Russell Street, London, England, WC1B 3NH","Ground Floor, 48 White Horse Road, London, England, E1 0ND",,,,,,,,,1
50955,37905,BEAUTY BOX BW LTD,Z A TRAINING LIMITED,"Ground Floor, 9 Great Russell Street, London, England, WC1B 3NH","Ground Floor, 48 White Horse Road, London, England, E1 0ND",,,,,,,,,1
50974,13504,U AMAR LTD,EPM FINANCES LTD,"4th Floor Radius House, 51 Clarendon Road, Watford, Hertfordshire, United Kingdom, WD17 1HP","4th Floor Radius House, 51 Clarendon Road, Watford, Hertfordshire, England, WD17 1HP",,,,,,,,,1
50985,49372,FOOD & SNACK TRADE LTD,P & A HOME MATE LTD,"Unit 11c Gothenburg Way, Hull, England, HU7 0YG","Unit 11c Gothenburg Way, Hull, East Riding Of Yorkshire, United Kingdom, HU7 0YG",,,,,,,,,1
51028,39576,Cassa Di Compensazione E Garanzia Spa,Renault Italia Spa,"VIA TOMACELLI 146, ROMA, 00186, ROMA, ITALY","VIA TIBURTINA 1159, ROMA, 00156, ROMA, ITALY",,,,,IT04289511000,IT05811161008,,,1
51031,46054,Z & S (BASKET) LTD,Z & S PROPERTY COMPANY LTD,"Demar House 14 Church Road, East Wittering, Chichester, West Sussex, England, PO20 8PS","Demar House 14 Church Road, East Wittering, Chichester, England, PO20 8PS",,,,,,,,,1
51049,34018,Pini Holding Srl,Totalenergies Petrochemicals & Refining Sa Nv,"VIA RUGGERO BOSCOVICH 27, MILANO, 20124, MILANO, ITALY","VIA ROMBON 11, MILANO, 20134, MILANO, ITALY",,,,,IT10246890965,IT04488120967,,,1
51099,6991,Deutsche Bank Wealth Management,Deutsche Bank AG,"Taunusanlage 12, Frankfurt, Hessen, 60325","Taunusanlage 12, Frankfurt Am Main, 60325",,,,,,,,,1
51190,18658,Stabilo International Gmbh,Eurovo Srl,"VIA MESSINA 38, MILANO, 20154, MILANO, ITALY","VIA MENSA 3, LUGO, 48022, RAVENNA, ITALY",,,,,IT07310360966,IT00727070393,,,1
51202,915,BEAUTY AND INFINITY LTD,ANOTHER BEAUTY SUPPLY COMPANY LTD,"128 City Road, London, United Kingdom, EC1V 2NX","128 City Road, London, England, EC1V 2NX",,,,,,,,,1
51309,19279,PLAN FUNDING SOLUTIONS LIMITED,BF BARON FINANCES LTD,"167-169 Great Portland Street, London, England, W1W 5PF","167-169 Great Portland Street, Fifth Floor, London, United Kingdom, W1W 5PF",,,,,,,,,1
51392,10944,Unipro,AK Transneft,"Presnenskaya Naberezhnaya, D.10, Blok B, 23 Etazh, Moscow, 123112","Presnenskaya Naberezhnaya, D. 4, Str. 2, Moscow, 123112",,,,,Russia,,Europe,,1
51394,24838,San Miguel Food and Beverage Inc,Robinsons Retail Holdings Inc,"100 E. Rodriguez Jr. Avenue (C-5 Road), Barangay Ugong, Pasig , Metro, Manila, 1604","100 E. Rodriguez Jr. Avenue (C-5 Road), Barangay Ugong, Pasig , Metro, Manila, 1110",,,,,,,,,1
51473,33424,BAD WOLF (ADOW2) LIMITED,BAD WOLF (ADOW) LTD,"100 St. James Road, Northampton, NN5 5LF","100 St James Road, Northampton, NN5 5LF",,,,,,,,,1
51530,1977,McKesson Corp,Vistra Energy Corp,"6555 State Highway 161, Irving, Texas, 75039","6555 Sierra Dr, Irving, Texas, 75039",,,,,,,,,1
51556,31733,FINANCES PLC,MONEY OWL LTD,"Uk Company Secretaries Ltd, 11 Church Road, Great Bookham, Surrey, United Kingdom, KT23 3PB","Uk Company Secretaries Ltd, 11 Church Road, Great Bookham, Surrey, KT23 3PB",,,,,,,,,1
51697,33972,SOFTWARE JOB LTD,BAD DINOSAUR LIMITED,"International House, 12 Constance Street, London, United Kingdom, E16 2DQ","International House, 12 Constance Street, London, England, E16 2DQ",,,,,,,,,1
51697,34272,SOFTWARE JOB LTD,Q & H PROPERTY LTD,"International House, 12 Constance Street, London, United Kingdom, E16 2DQ","International House, 12 Constance Street, London, England, E16 2DQ",,,,,,,,,1
51726,44800,Bel SA,Unibel SA,"2 Allee De Longchamp, Suresnes, Ile-de-France, 92150","2 Allee De Longchamp, Suresnes, 92150",,,,,,,,,1
51739,49664,Zurich Investments Life Spa,Bcc Vita Spa Compagnia Di Assicurazioni Vita In Forma Abbreviato Bcc Vita Spa,"VIA BENIGNO CRESPI 23, MILANO, 20159, MILANO, ITALY","VIA BENIGNO CRESPI 19, MILANO, 20159, MILANO, ITALY",,,,,IT08921640150,IT06868981009,,,1
52122,24441,IDEX Corp,The Allstate Corp,"3100 Sanders Road, Suite 301, Northbrook, Illinois, 60062","3100 Sanders Road, Northbrook, Illinois, 60062",,,,,,,,,1
52359,8184,NEW AGE SPORTS GROUP LTD,MASTER YOUR FINANCES LIMITED,"61 Bridge Street, Kington, United Kingdom, HR5 3DJ","61 Bridge Street, Kington, England, HR5 3DJ",,,,,,,,,1
52367,50981,Japan Post Holdings Co Ltd,Mitsubishi Corp,"2-3-1, Ote-Machi, Chiyoda-Ku, Tokyo, 100-8791","2-3-1, Marunouchi, Chiyoda-Ku, Tokyo, 100-8086",,,,,,,,,1
52374,30071,R A K CONSTRUCTION (COTSWOLDS) LTD,R A K CONSTRUCTION (SOUTH WEST) LTD,"Maxet House Unit 22 Lansdown Industrial Estate, Gloucester Road, Cheltenham, Gloucestershire, England, GL51 8PL","Maxet House Lansdown Industrial Estate, Gloucester Road, Cheltenham, Gloucestershire, England, GL51 8PL",,,,,,,,,1
52395,36822,Arianna 2001 Spa,Lukoil Italia Srl,"VIA LEOPOLDO SERRA 32, ROMA, 00153, ROMA, ITALY","VIA LEONIDA BISSOLATI 20, ROMA, 00187, ROMA, ITALY",,,,,IT01690551005,IT10246551005,,,1
52406,10699,Svenska Handelsbanken AB,Elekta AB,"Kungstradgardsgatan 2, Stockholm, 10670","Kungstensgatan 18, Stockholm, 11357",,,,,,,,,1
52415,38307,U GRADUATE LTD,SOFTWARE GAME PLAY LTD,"86-90 Paul Street, Islington, London, England, EC2A 4NE","86-90 Paul Street, 3rd Floor, London, England, EC2A 4NE",,,,,,,,,1
52510,14890,Q A COATINGS LIMITED,ALL ABOUT ELECTRIC SERVICES LIMITED,"Unit 11 Fisher Street Galleries, 18 Fisher Street, Carlisle, England, CA3 8RH","Unit 11 Fisher Street Galleries 18 Fisher Street, Carlisle, England, CA3 8RH",,,,,,,,,1
52604,17589,Nedbank Ltd,Nedbank Group Ltd,"135 Rivonia Road, Sandton, 2196","135 Rivonia Road, Sandown, Sandton, 2196",,,,,,,,,1
52657,39211,Astaris Spa,Green Network Spa,"VIA GIULIO VINCENZO BONA 65, ROMA, 00156, ROMA, ITALY","VIA GIULIO VINCENZO BONA 101, ROMA, 00156, ROMA, ITALY",,,,,IT00880281001,IT07451521004,,,1
52671,18853,Colbun SA,Engie Energia Chile SA,"Av. Apoquindo 4775 Piso 11, Las Condes, 7580097","Av. Apoquindo 3721 Piso 6, Las Condes, 1290",,,,,,,,,1
52699,750,R A J S EVANS INVESTMENT COMPANY LTD,BAD PACKETS LTD,"71-75 Shelton Street, Covent Garden, London, United Kingdom, WC2H 9JQ","71-75 Shelton Street, Covent Garden, London, England, WC2H 9JQ",,,,,,,,,1
52699,6749,R A J S EVANS INVESTMENT COMPANY LTD,FINANCES AND LAW SOLUTIONS LTD,"71-75 Shelton Street, Covent Garden, London, United Kingdom, WC2H 9JQ","71-75 Shelton Street, Covent Garden, London, England, WC2H 9JQ",,,,,,,,,1
52699,10919,R A J S EVANS INVESTMENT COMPANY LTD,TRUSTED FINANCES AND PROTECTION LTD,"71-75 Shelton Street, Covent Garden, London, United Kingdom, WC2H 9JQ","71-75 Shelton Street, Covent Garden, London, England, WC2H 9JQ",,,,,,,,,1
52699,12172,R A J S EVANS INVESTMENT COMPANY LTD,SADIO S LIMITED,"71-75 Shelton Street, Covent Garden, London, United Kingdom, WC2H 9JQ","71-75 Shelton Street, Covent Garden, London, England, WC2H 9JQ",,,,,,,,,1
52699,21363,R A J S EVANS INVESTMENT COMPANY LTD,BAD VEGAN LTD,"71-75 Shelton Street, Covent Garden, London, United Kingdom, WC2H 9JQ","71-75 Shelton Street, Covent Garden, London, England, WC2H 9JQ",,,,,,,,,1
52699,23018,R A J S EVANS INVESTMENT COMPANY LTD,U & I UN LIMITED,"71-75 Shelton Street, Covent Garden, London, United Kingdom, WC2H 9JQ","71-75 Shelton Street, Covent Garden, London, England, WC2H 9JQ",,,,,,,,,1
52699,35043,R A J S EVANS INVESTMENT COMPANY LTD,BEAUTY AND SERENITY LTD,"71-75 Shelton Street, Covent Garden, London, United Kingdom, WC2H 9JQ","71-75 Shelton Street, Covent Garden, London, England, WC2H 9JQ",,,,,,,,,1
52699,43880,R A J S EVANS INVESTMENT COMPANY LTD,NEW ABILITIES PROPERTY MANAGEMENT LTD,"71-75 Shelton Street, Covent Garden, London, United Kingdom, WC2H 9JQ","71-75 Shelton Street, Covent Garden, London, England, WC2H 9JQ",,,,,,,,,1
52738,40644,P A GREEN ELECTRICAL LIMITED,P A GREEN PROPERTIES LIMITED,"Chandler House, 7 Ferry Road Office Park, Riversway Preston, Lancashire, PR2 2YH","Chandler House 7 Ferry Road Office Park, Riversway, Preston, Lancashire, England, PR2 2YH",,,,,,,,,1
52821,10135,ALL ABOUT THE BEER LTD,T ABERNETHY AND PARTNERS LIMITED,"15 High Street, Brackley, Northamptonshire, England, NN13 7DH","15 High Street, Brackley, England, NN13 7DH",,,,,,,,,1
52828,5233,Radian Group Inc,Teleflex Inc,"550 East Swedesford Road, Suite 350, Wayne, Pennsylvania, 19087","550 E Swedesford Rd Ste 400, Wayne, Pennsylvania, 19087-1601",,,,,,,,,1
53048,46091,Materion Corp,Park-Ohio Holdings Corp,"6070 Parkland Blvd, Mayfield Heights, Ohio, 44124-4191","6065 Parkland Blvd, Cleveland, Ohio, 44124-6119",,,,,,,,,1
53384,915,SOFTWARE SHARK LTD,ANOTHER BEAUTY SUPPLY COMPANY LTD,"128 City Road, London, United Kingdom, EC1V 2NX","128 City Road, London, England, EC1V 2NX",,,,,,,,,1
53490,14637,U GROW THE EASY WAY LTD,H AL-SALMAN CAR HIRE LIMITED,"1 Kings Avenue, Winchmore Hill, London, N21 3NA","1 Kings Avenue, London, United Kingdom, N21 3NA",,,,,,,,,1
53608,4175,Z D COMPANY SERVICES LTD,Z DUDHIA HOLDINGS LTD,"4 Hornton Place, London, W8 4LZ","4 Hornton Place, London, England, W8 4LZ",,,,,,,,,1
53618,7963,Lojas Americanas SA,Americanas SA,"Rua Sacadura Cabral,102, Saude, Rio De Janeiro, 20.081-902","Rua Sacadura Cabral, 102,Parte, Saude, Rio De Janeiro, 20.081-902",,,,,,,,,1
53795,22557,Q B A S LIMITED,T ALLEN DESIGN LIMITED,"Alban House, 99 High Street, South, Dunstable, Bedfordshire, LU6 3SF","Alban House, 99 High Street South, Dunstable, Bedfordshire, LU6 3SF",,,,,,,,,1
53806,43311,FOOD CERTIFICATION INTERNATIONAL LIMITED,FOOD CERTIFICATION (SCOTLAND) LIMITED,"50 Lothian Road, Festival Square, Edinburgh, Scotland, EH3 9WJ","50 Lothian Road, Festival Square, Edinburgh, EH3 9WJ",,,,,,,,,1
54396,53338,Eni Spa,Engineering - Ingegneria Informatica Spa,"PIAZZALE ENRICO MATTEI 1, ROMA, 00144, ROMA, ITALY","PIAZZALE DELL'AGRICOLTURA 24, ROMA, 00144, ROMA, ITALY",,,,,IT00905811006,IT05724831002,,,1
54407,750,Q & F CARE SOLUTIONS LTD,BAD PACKETS LTD,"71-75 Shelton Street, Covent Garden, London, United Kingdom, WC2H 9JQ","71-75 Shelton Street, Covent Garden, London, England, WC2H 9JQ",,,,,,,,,1
54407,6749,Q & F CARE SOLUTIONS LTD,FINANCES AND LAW SOLUTIONS LTD,"71-75 Shelton Street, Covent Garden, London, United Kingdom, WC2H 9JQ","71-75 Shelton Street, Covent Garden, London, England, WC2H 9JQ",,,,,,,,,1
54407,10919,Q & F CARE SOLUTIONS LTD,TRUSTED FINANCES AND PROTECTION LTD,"71-75 Shelton Street, Covent Garden, London, United Kingdom, WC2H 9JQ","71-75 Shelton Street, Covent Garden, London, England, WC2H 9JQ",,,,,,,,,1
54407,12172,Q & F CARE SOLUTIONS LTD,SADIO S LIMITED,"71-75 Shelton Street, Covent Garden, London, United Kingdom, WC2H 9JQ","71-75 Shelton Street, Covent Garden, London, England, WC2H 9JQ",,,,,,,,,1
54407,21363,Q & F CARE SOLUTIONS LTD,BAD VEGAN LTD,"71-75 Shelton Street, Covent Garden, London, United Kingdom, WC2H 9JQ","71-75 Shelton Street, Covent Garden, London, England, WC2H 9JQ",,,,,,,,,1
54407,23018,Q & F CARE SOLUTIONS LTD,U & I UN LIMITED,"71-75 Shelton Street, Covent Garden, London, United Kingdom, WC2H 9JQ","71-75 Shelton Street, Covent Garden, London, England, WC2H 9JQ",,,,,,,,,1
54407,35043,Q & F CARE SOLUTIONS LTD,BEAUTY AND SERENITY LTD,"71-75 Shelton Street, Covent Garden, London, United Kingdom, WC2H 9JQ","71-75 Shelton Street, Covent Garden, London, England, WC2H 9JQ",,,,,,,,,1
54407,43880,Q & F CARE SOLUTIONS LTD,NEW ABILITIES PROPERTY MANAGEMENT LTD,"71-75 Shelton Street, Covent Garden, London, United Kingdom, WC2H 9JQ","71-75 Shelton Street, Covent Garden, London, England, WC2H 9JQ",,,,,,,,,1
54420,49904,BAD BETTY MEDIA LTD,Z A M HOLDINGS LTD,"103/105 Brighton Road, Coulsdon, England, CR5 2NG","103-105 Walton Road, Woking, England, GU21 5DW",,,,,,,,,1
54424,6055,GOOD BUSINESS SUSTAINABILITY LTD,BEAUTY ANCHOR AESTHETICS LIMITED,"27 Old Gloucester Street, London, United Kingdom, WC1N 3AX","27 Old Gloucester Street, London, England, WC1N 3AX",,,,,,,,,1
54424,6697,GOOD BUSINESS SUSTAINABILITY LTD,NEW AGE LETTINGS LIMITED,"27 Old Gloucester Street, London, United Kingdom, WC1N 3AX","27 Old Gloucester Street, London, England, WC1N 3AX",,,,,,,,,1
54424,38911,GOOD BUSINESS SUSTAINABILITY LTD,SOFTWARE COMPETITIVENESS INTERNATIONAL LTD,"27 Old Gloucester Street, London, United Kingdom, WC1N 3AX","27 Old Gloucester Street, London, England, WC1N 3AX",,,,,,,,,1
54424,49875,GOOD BUSINESS SUSTAINABILITY LTD,NEW AGE PROPERTY SOLUTION (NAPS) LIMITED,"27 Old Gloucester Street, London, United Kingdom, WC1N 3AX","27 Old Gloucester Street, London, England, WC1N 3AX",,,,,,,,,1
54424,50005,GOOD BUSINESS SUSTAINABILITY LTD,BAD CUSTARD LTD,"27 Old Gloucester Street, London, United Kingdom, WC1N 3AX","27 Old Gloucester Street, London, England, WC1N 3AX",,,,,,,,,1
54486,915,V & K CONSULTING LTD,ANOTHER BEAUTY SUPPLY COMPANY LTD,"128 City Road, London, United Kingdom, EC1V 2NX","128 City Road, London, England, EC1V 2NX",,,,,,,,,1
54540,2896,NEC Networks & System Integration Corp,MISUMI Group Inc,"Iidabashi First Tower, 2-6-1, Koraku, Bunkyo-Ku, Tokyo, 112-8560","Iidabashi First Bldg., 2-5-1, Koraku, Bunkyo-Ku, Tokyo, 112-8583",,,,,,,,,1
54576,32201,Mitsubishi Logistics Corporation,Mitsubishi Electric Corp,"Tokyo Dia Bldg., 1-28-38, Shinkawa, Chuo-Ku, 103-8630","Tokyo Building, 2-7-3, Marunouchi, Chiyoda-Ku, 100-8310",,,,,Japan,,Asia,,1
54610,41112,Tigros Spa,Pag Italy Srl,"VIA DEL LAVORO 45, SOLBIATE ARNO, 21048, VARESE, ITALY","VIA DEL LAVORO 10, GRANAROLO DELL'EMILIA, 40057, BOLOGNA, ITALY",,,,,IT12790620152,IT07691230960,,,1
54692,47094,Tetra Laval International SA,Tetra Pak International SA,"Case Postale 43070, Avenue General Guisan, Pully, Waadt, 1009","Case Postale 430, 70, Avenue General-Guisan, Pully, Case Postale 446, Lausanne, Waadt, 1009",,,,,,,,,1
54703,5201,The Tata Power Co Ltd,Tata Steel Ltd,"Bombay House, 24, Homi Mody Street, Mumbai, 400001","Bombay House, 24, Homi Modi Street, Mumbai, 400001",,,,,,,,,1
54861,750,FOOD AND THOUGHTS TECH LTD,BAD PACKETS LTD,"71-75 Shelton Street, Covent Garden, London, United Kingdom, WC2H 9JQ","71-75 Shelton Street, Covent Garden, London, England, WC2H 9JQ",,,,,,,,,1
54861,6749,FOOD AND THOUGHTS TECH LTD,FINANCES AND LAW SOLUTIONS LTD,"71-75 Shelton Street, Covent Garden, London, United Kingdom, WC2H 9JQ","71-75 Shelton Street, Covent Garden, London, England, WC2H 9JQ",,,,,,,,,1
54861,10919,FOOD AND THOUGHTS TECH LTD,TRUSTED FINANCES AND PROTECTION LTD,"71-75 Shelton Street, Covent Garden, London, United Kingdom, WC2H 9JQ","71-75 Shelton Street, Covent Garden, London, England, WC2H 9JQ",,,,,,,,,1
54861,12172,FOOD AND THOUGHTS TECH LTD,SADIO S LIMITED,"71-75 Shelton Street, Covent Garden, London, United Kingdom, WC2H 9JQ","71-75 Shelton Street, Covent Garden, London, England, WC2H 9JQ",,,,,,,,,1
54861,21363,FOOD AND THOUGHTS TECH LTD,BAD VEGAN LTD,"71-75 Shelton Street, Covent Garden, London, United Kingdom, WC2H 9JQ","71-75 Shelton Street, Covent Garden, London, England, WC2H 9JQ",,,,,,,,,1
54861,23018,FOOD AND THOUGHTS TECH LTD,U & I UN LIMITED,"71-75 Shelton Street, Covent Garden, London, United Kingdom, WC2H 9JQ","71-75 Shelton Street, Covent Garden, London, England, WC2H 9JQ",,,,,,,,,1
54861,35043,FOOD AND THOUGHTS TECH LTD,BEAUTY AND SERENITY LTD,"71-75 Shelton Street, Covent Garden, London, United Kingdom, WC2H 9JQ","71-75 Shelton Street, Covent Garden, London, England, WC2H 9JQ",,,,,,,,,1
54861,43880,FOOD AND THOUGHTS TECH LTD,NEW ABILITIES PROPERTY MANAGEMENT LTD,"71-75 Shelton Street, Covent Garden, London, United Kingdom, WC2H 9JQ","71-75 Shelton Street, Covent Garden, London, England, WC2H 9JQ",,,,,,,,,1
55097,14108,Astellas Pharma Inc,Nissan Chemical Corp,"2-5-1, Nihombashihon-Cho, Chuo-Ku, Tokyo, 103-8411","2-5-1, Nihombashi, Chuo-Ku, Tokyo, 103-6119",,,,,,,,,1
55430,45517,Saudi Telecom Co,Saudi Basic Industries Corp,"P.O.Box 87912, Riyadh, 11652","P.O.Box 5101, Riyadh, 11422",,,,,,,,,1
55441,45325,U ENERGY (YORKSHIRE) LIMITED,U ENERGY GROUP LIMITED,"Vernon House, 40 New North Road, Huddersfield, West Yorkshire, HD1 5LS","Vernon House, 40 New North Road, Huddersfield, West Yorkshire, England, HD1 5LS",,,,,,,,,1
55520,22422,En+ Group plc,United Company RUSAL Plc,"Ul. Oktyabr'skaya, D.8, Ofis 34, Kaliningrad, 236006","Ul. Oktyabr'skaya, D. 8, Ofis. 410, Kaliningrad, 236006",,,,,,,,,1
55530,7552,Q C ELECTRICAL HOLDINGS LIMITED,Q C ELECTRICAL LIMITED,"Unit 1 Gander Lane, Barlborough, Chesterfield, England, S43 4PZ","Unit 1 Gander Lane, Barlborough, Chesterfield, Derbyshire, S43 4PZ",,,,,,,,,1
55613,1033,Z & N LIMITED,Z & N PROPERTIES LIMITED,"283 Green Lanes, Palmers Green, London, N13 4XS","283 Green Lanes, London, United Kingdom, N13 4XS",,,,,,,,,1
55654,47736,L'oreal Italia Spa,Fastweb Spa,"VIA FRANCESCO PRIMATICCIO 155, MILANO, 20147, MILANO, ITALY","VIA FRANCESCO CARACCIOLO 51, MILANO, 20155, MILANO, ITALY",,,,,IT00471270017,IT12878470157,,,1
55828,30576,United Airlines Inc,GATX Corp,"233 South Wacker Drive, Chicago, Illinois, 60606","233 S Wacker Drive, Chicago, Illinois, 60606-7147",,,,,,,,,1
55900,43800,TORIDOLL Holdings Corp,ABC-MART Inc,"19f, Shibuya Solasta, 1-21-1, Dogenzaka, Shibuya-Ku, Tokyo, 150-0043","19f, Shibuya Mark City West, 1-12-1, Dogenzaka, Shibuya-Ku, Tokyo, 150-0043",,,,,,,,,1
56172,37559,V & Q MANHATTAN NAILS LTD,BEAUTY AT NO. 1 LIMITED,"596 Green Lanes, London, United Kingdom, N13 5RY","596 Green Lanes London 1, Devonshire Rd, London, England, N13 5RY",,,,,,,,,1
56277,43547,Qube Holdings Ltd,APA Group,"L 27 45 Clarence St, Sydney, New South Wales, 2000","L 25 580 George Street, Sydney, New South Wales, 2000",,,,,,,,,1
56280,6383,SOFTWARE EXPERTS GROUP LTD,V AND C RELOCATION SERVICES LTD,"71-75 Shelton Street, Covent Garden, London, England, WC2H 9JQ","71-75 Shelton Street Shelton Street, Covent Garden, London, United Kingdom, WC2H 9JQ",,,,,,,,,1
56454,17657,Telecom Italia Spa,Maire Tecnimont Spa,"VIA GAETANO NEGRI 1, MILANO, 20123, MILANO, ITALY","VIA GAETANO DE CASTILLIA 6/A, MILANO, 20124, MILANO, ITALY",,,,,IT00488410010,IT07673571001,,,1
56776,16981,PJSC MegaFon,TransKonteyner,"Oruzheynyi Pereulok, D. 41, Moscow, 127006","Oruzheynyi Per., D.19, Moscow, 125047",,,,,,,,,1
56792,49510,HollyFrontier Corp,Moneygram International Inc,"2828 N. Harwood, Suite 1300, Dallas, Texas, 75201","2828 N. Harwood Street, 15th Floor, Dallas, Texas, 75201",,,,,,,,,1
56885,13223,Autotorino Spa,Compagnia Valdostana Delle Acque - Compagnie Valdotaine Des Eaux Spa,"VIA STAZIONE 4, COSIO VALTELLINO, 23013, SONDRIO, ITALY","VIA STAZIONE 31, CHATILLON, 11024, AOSTA, ITALY",,,,,IT10024610155,IT01013130073,,,1
56985,2269,Danieli & C. Officine Meccaniche SpA,La Doria SpA,"Via Nazionale, 41, Buttrio, 33042","Via Nazionale, 320, Angri, 84012",,,,,,,,,1
57012,13970,ALL ABOUT SKIN LIMITED,SOFTWARE ROCKS LTD,"C/O Johnston Carmichael,Office G08 (Ground Floor) Birchin Court, 20 Birchin Lane, London, EC3V 9DU","C/O Johnston Carmichael Office G08 (Ground Floor), Birchin Court, 20 Birchin Lane, London, EC3V 9DU",,,,,,,,,1
57042,23986,H A INCORPORATIONS LTD,SMITH & MALONE FINANCES LTD.,"28 Spinel Close, London, England, SE18 1LJ","28 Snowdon Lane, Liverpool, England, L5 9RA",,,,,,,,,1
57082,57033,Cleanaway Waste Management Ltd,Service Stream Ltd,"L 4 441 St Kilda Rd, Melbourne, Victoria, 3004","L 4 357 Collins St, Melbourne, Victoria, 3000",,,,,,,,,1
57142,915,BAD BEAT GAMES LIMITED,ANOTHER BEAUTY SUPPLY COMPANY LTD,"128 City Road, London, United Kingdom, EC1V 2NX","128 City Road, London, England, EC1V 2NX",,,,,,,,,1
57228,24961,Tokyo Electric Power Co Holdings Inc,ENEOS Holdings Inc,"1-1-3, Uchisaiwai-Cho, Chiyoda-Ku, Tokyo, 100-8560","1-1-2, Ote-Machi, Chiyoda-Ku, Tokyo, 100-8162",,,,,,,,,1
57370,2743,Nielsen Holdings plc,"WW International, Inc.","675 Avenue Of The Americas, New York, 10010","675 Avenue Of The Americas Fl 6, New York, 10010-5117",,,,,,,,,1
57375,915,U A PROPERTY GROUP LIMITED,ANOTHER BEAUTY SUPPLY COMPANY LTD,"128 City Road, London, United Kingdom, EC1V 2NX","128 City Road, London, England, EC1V 2NX",,,,,,,,,1
57424,19863,Coeclerici Spa,Unicredit Spa,"PIAZZA GENERALE ARMANDO DIAZ 7, MILANO, 20123, MILANO, ITALY","PIAZZA GAE AULENTI 3 TOWER A, MILANO, 20154, MILANO, ITALY",,,,,IT00269690103,IT00348170101,,,1
57455,40577,Nintendo Of Europe Gmbh,Toshiba Electronics Europe Gmbh,"VIA TORRI BIANCHE 6, VIMERCATE, 20871, MONZA E BRIANZA, ITALY","VIA TORRI BIANCHE 3, VIMERCATE, 20871, MONZA E BRIANZA, ITALY",,,,,IT03359860966,IT04036590968,,,1
57555,55342,UMW Holdings Bhd,Telekom Malaysia Bhd,"Menara Umw, Jalan Puncak, Off Jalan P Ramlee, Kuala Lumpur, 50250","Menara Tm, Jalan Pantai Baharu, Kuala Lumpur, 50672",,,,,,,,,1
57619,3857,Swietelsky Baugesellschaft M.b.h.,Ford Italia Spa,"VIA DEL SOLE 34, ANDRIANO, 39010, BOLZANO, ITALY","VIA DEL SERAFICO 89, ROMA, 00142, ROMA, ITALY",,,,,IT02606390215,IT00894451004,,,1
57732,12264,Kewpie Corp,Sumitomo Mitsui Trust Holdings Inc,"1-4-13, Shibuya, Shibuya-Ku, Tokyo, 150-0002","1-4-1, Marunouchi, Chiyoda-Ku, Tokyo, 100-8233",,,,,,,,,1
57746,21076,CIMB Group Holdings Bhd,Malakoff Corporation Bhd,"Level 13, Menara Cimb, Jalan Stesen Sentral 2, Kuala Lmpr Sntr, Kuala Lumpur, 50470","Level 13, Block 4, Plaza Sentrl, Jalan Stesen Sentral 5, Kuala Lumpur, 50470",,,,,,,,,1
57819,19831,Square Enix Holdings Co Ltd,Taisei Corp,"Shinjuku Eastside Square, 6-27-30, Shinjuku, Shinjuku-Ku, Tokyo, 160-8430","Shinjuku Center Bldg., 1-25-1, Nishi-Shinjuku, Shinjuku-Ku, Tokyo, 163-0606",,,,,,,,,1
57859,55654,Mediolanum Vita Spa,L'oreal Italia Spa,"VIA FRANCESCO SFORZA, BASIGLIO, 20079, MILANO, ITALY","VIA FRANCESCO PRIMATICCIO 155, MILANO, 20147, MILANO, ITALY",,,,,IT01749470157,IT00471270017,,,1
58037,33349,Bonfi Srl,Turytes Spa,"GALLERIA GUGLIELMO MARCONI 1, BOLOGNA, 40122, BOLOGNA, ITALY","GALLERIA CAMILLO BENSO CONTE DI CAVOUR 4, BOLOGNA, 40124, BOLOGNA, ITALY",,,,,IT03612091201,IT03704150378,,,1
58107,46054,Z & S (PORTSLADE) LTD,Z & S PROPERTY COMPANY LTD,"Demar House 14 Church Road, East Wittering, Chichester, West Sussex, England, PO20 8PS","Demar House 14 Church Road, East Wittering, Chichester, England, PO20 8PS",,,,,,,,,1
58265,28973,BAD BEES MANAGEMENT LTD,BEAUTY BARGAINS 2020 LIMITED,"Lytchett House 13 Freeland Park, Wareham Road, Poole, Dorset, United Kingdom, BH16 6FA","Lytchett House 13 Freeland Park, Wareham Road, Poole Dorset, England, BH16 6FA",,,,,,,,,1
58302,17293,SOFTWARE PRO COMPANY LIMITED,U C ENGINEERING AND CONSTRUCTION LIMITED,"Kemp House, 160 City Road, London, United Kingdom, EC1V 2NX","Kemp House, 160 City Road, London, London, United Kingdom, EC1V 2NX",,,,,,,,,1
58390,30062,O.r.i. Martin Acciaieria E Ferriera Di Brescia Spa,Edge Network Services Limited,"VIA COSIMO CANOVETTI 13, BRESCIA, 25128, BRESCIA, ITALY","VIA CORSICA 10/12, BRESCIA, 25125, BRESCIA, ITALY",,,,,IT07617260158,IT03629490982,,,1
58423,28325,Mitsubishi Heavy Industries Ltd,Mitsubishi Materials Corp,"Marunouchi Nijubashi Bldg., 3-2-3, Marunouchi, Chiyoda-Ku, Tokyo, 100-8332","Marunouchi Nijubashi Bldg., 3-2-3, Marunouchi, Chiyoda-Ku, Tokyo, 100-8117",,,,,,,,,1
58465,41521,PTT Global Chemical Public Co Ltd,Bangchak Corporation PCL,"Floor 14-18, Energy Complex, Building A, 555/1 Wiphawadirangsit Road, Chatuchak, Bangkok, 10900","Floor 10, Energy Complex, Building A, 555/1 Wiphawadirangsit Road, Chatuchak, Bangkok, 10260",,,,,,,,,1
58487,5209,SOFTWARE TECHNO LIMITED,Z CONSULTING LTD,"PO Box 4385, 13059392: COMPANIES HOUSE DEFAULT ADDRESS, Cardiff, CF14 8LH","PO Box 4385, 13029850: COMPANIES HOUSE DEFAULT ADDRESS, Cardiff, CF14 8LH",,,,,,,,,1
58603,4265,De Agostini Spa,Rai Pubblicita' Spa,"VIA GIOVANNI DA VERRAZZANO 15, NOVARA, 28100, NOVARA, ITALY","VIA GIOVANNI CARLO CAVALLI 6, TORINO, 10138, TORINO, ITALY",,,,,IT01257120038,IT00471300012,,,1
58712,45923,Intercos Spa,Papiniano Spa,"VIA GUGLIELMO MARCONI 84, AGRATE BRIANZA, 20864, MONZA E BRIANZA, ITALY","VIA GUGLIELMO MARCONI 36, BOLOGNA, 40122, BOLOGNA, ITALY",,,,,IT05813780961,IT03527610376,,,1
58714,47535,BAD APPLE HAIR STAFFORD LIMITED,BAD APPLE HAIR CONCESSIONS LIMITED,"16 Victoria Street, Wolverhampton, England, WV1 3NP","16 Victoria Street Victoria Street, Wolverhampton, England, WV1 3NP",,,,,,,,,1
58738,28178,BEAUTY BLUSH LIMITED,SOFTWARE CENTER DISTRIBUTION LIMITED,"PO Box 4385, 13460160: COMPANIES HOUSE DEFAULT ADDRESS, Cardiff, CF14 8LH","PO Box 4385, 13348859: COMPANIES HOUSE DEFAULT ADDRESS, Cardiff, CF14 8LH",,,,,,,,,1
58812,41602,Omnicom Group Inc,PJT Partners Inc,"280 Park Avenue, New York, 10022","280 Park Ave Fl 16th, New York, 10017-1206",,,,,,,,,1
58908,750,AADITRI IT SOLUTIONS LTD,BAD PACKETS LTD,"71-75 Shelton Street, Covent Garden, London, United Kingdom, WC2H 9JQ","71-75 Shelton Street, Covent Garden, London, England, WC2H 9JQ",,,,,,,,,1
58908,6749,AADITRI IT SOLUTIONS LTD,FINANCES AND LAW SOLUTIONS LTD,"71-75 Shelton Street, Covent Garden, London, United Kingdom, WC2H 9JQ","71-75 Shelton Street, Covent Garden, London, England, WC2H 9JQ",,,,,,,,,1
58908,10919,AADITRI IT SOLUTIONS LTD,TRUSTED FINANCES AND PROTECTION LTD,"71-75 Shelton Street, Covent Garden, London, United Kingdom, WC2H 9JQ","71-75 Shelton Street, Covent Garden, London, England, WC2H 9JQ",,,,,,,,,1
58908,12172,AADITRI IT SOLUTIONS LTD,SADIO S LIMITED,"71-75 Shelton Street, Covent Garden, London, United Kingdom, WC2H 9JQ","71-75 Shelton Street, Covent Garden, London, England, WC2H 9JQ",,,,,,,,,1
58908,21363,AADITRI IT SOLUTIONS LTD,BAD VEGAN LTD,"71-75 Shelton Street, Covent Garden, London, United Kingdom, WC2H 9JQ","71-75 Shelton Street, Covent Garden, London, England, WC2H 9JQ",,,,,,,,,1
58908,23018,AADITRI IT SOLUTIONS LTD,U & I UN LIMITED,"71-75 Shelton Street, Covent Garden, London, United Kingdom, WC2H 9JQ","71-75 Shelton Street, Covent Garden, London, England, WC2H 9JQ",,,,,,,,,1
58908,35043,AADITRI IT SOLUTIONS LTD,BEAUTY AND SERENITY LTD,"71-75 Shelton Street, Covent Garden, London, United Kingdom, WC2H 9JQ","71-75 Shelton Street, Covent Garden, London, England, WC2H 9JQ",,,,,,,,,1
58908,43880,AADITRI IT SOLUTIONS LTD,NEW ABILITIES PROPERTY MANAGEMENT LTD,"71-75 Shelton Street, Covent Garden, London, United Kingdom, WC2H 9JQ","71-75 Shelton Street, Covent Garden, London, England, WC2H 9JQ",,,,,,,,,1
58908,56280,AADITRI IT SOLUTIONS LTD,SOFTWARE EXPERTS GROUP LTD,"71-75 Shelton Street, Covent Garden, London, United Kingdom, WC2H 9JQ","71-75 Shelton Street, Covent Garden, London, England, WC2H 9JQ",,,,,,,,,1
58919,33972,SJP FINANCES LTD,BAD DINOSAUR LIMITED,"International House, 12 Constance Street, London, United Kingdom, E16 2DQ","International House, 12 Constance Street, London, England, E16 2DQ",,,,,,,,,1
58919,34272,SJP FINANCES LTD,Q & H PROPERTY LTD,"International House, 12 Constance Street, London, United Kingdom, E16 2DQ","International House, 12 Constance Street, London, England, E16 2DQ",,,,,,,,,1
58971,17293,SOFTWARE ADVICE SERVICE LIMITED,U C ENGINEERING AND CONSTRUCTION LIMITED,"Kemp House, 160 City Road, London, United Kingdom, EC1V 2NX","Kemp House, 160 City Road, London, London, United Kingdom, EC1V 2NX",,,,,,,,,1
59062,6383,FA FINANCES LTD,V AND C RELOCATION SERVICES LTD,"71-75 Shelton Street, Covent Garden, London, England, WC2H 9JQ","71-75 Shelton Street Shelton Street, Covent Garden, London, United Kingdom, WC2H 9JQ",,,,,,,,,1
59168,15110,Factor Holding Srl,Agora' Network Soc Cons.rl,"VIA GIOVANNI BATTISTA PIRELLI 19, MILANO, 20124, MILANO, ITALY","VIA GIOVANNI BATTISTA PERGOLESI 25, MILANO, 20124, MILANO, ITALY",,,,,IT07224860960,IT13211090157,,,1
59188,14377,Enel Spa,Enel Global Services Srl,"VIALE REGINA MARGHERITA 137, ROMA, 00198, ROMA, ITALY","VIALE REGINA MARGHERITA 125, ROMA, 00198, ROMA, ITALY",,,,,IT00934061003,IT15416261004,,,1
59188,35150,Enel Spa,Enel Italia Spa,"VIALE REGINA MARGHERITA 137, ROMA, 00198, ROMA, ITALY","VIALE REGINA MARGHERITA 125, ROMA, 00198, ROMA, ITALY",,,,,IT00934061003,IT06377691008,,,1
59188,41155,Enel Spa,Enel Produzione Spa,"VIALE REGINA MARGHERITA 137, ROMA, 00198, ROMA, ITALY","VIALE REGINA MARGHERITA 125, ROMA, 00198, ROMA, ITALY",,,,,IT00934061003,IT05617841001,,,1
59188,48611,Enel Spa,Enel Global Trading Spa,"VIALE REGINA MARGHERITA 137, ROMA, 00198, ROMA, ITALY","VIALE REGINA MARGHERITA 125, ROMA, 00198, ROMA, ITALY",,,,,IT00934061003,IT05918271007,,,1
59192,1804,V & M RETAIL LTD,SAI S & B LIMITED,"Bridge House, 9-13 Holbrook Lane, Coventry, United Kingdom, CV6 4AD","Bridge House, 9 - 13 Holbrook Lane, Coventry, United Kingdom, CV6 4AD",,,,,,,,,1
59192,7112,V & M RETAIL LTD,H A & T PATEL LIMITED,"Bridge House, 9-13 Holbrook Lane, Coventry, United Kingdom, CV6 4AD","Bridge House, 9 - 13 Holbrook Lane, Coventry, United Kingdom, CV6 4AD",,,,,,,,,1
59216,25214,BEAUTY AND SYMMETRY LTD,HIGHLAND FINANCE(SCOTLAND) LIMITED,"PO Box 24072, SC710705: COMPANIES HOUSE DEFAULT ADDRESS, Edinburgh, EH3 1FD","PO Box 24072, SC486498: COMPANIES HOUSE DEFAULT ADDRESS, Edinburgh, EH3 1FD",,,,,,,,,1
59235,34665,Finanziaria D'investimento Fininvest Spa,G.a. Operations Spa,"VIA PIETRO PALEOCAPA 3, MILANO, 20121, MILANO, ITALY","VIA PIETRO GIARDINI 1324, MODENA, 41126, MODENA, ITALY",,,,,IT04942331002,IT00159600360,,,1
59249,4723,Sony Group Corp,SoftBank Corp,"1-7-1, Konan, Minato-Ku, Tokyo, 108-0075","1-7-1, Kaigan, Minato-Ku, Tokyo, 105-7529",,,,,,,,,1
59407,2084,NEW AD SPOT LTD,GOOD CAUSE CENTRAL STORE LTD,"Office 275b, 182-184 High Street North, London, United Kingdom, E6 2JA","Office 2583, 182-184 High Street North, East Ham, London, England, E6 2JA",,,,,,,,,1
59440,27459,Fresnillo Plc,Industrias Penoles SAB de CV,"Calzada Legaria, No. 549, Torre 2, Colonia 10 De Abril, Miguel Hidalgo, 11250","Calzada Legaria No. 549 Torre 2, Piso 11, Col. 10 De Abril, Mexico, D.F., 11250",,,,,,,,,1
59461,19573,Granlatte Soc Coop Agricola A Rl,Granarolo Spa,"VIA CADRIANO 36, BOLOGNA, 40127, BOLOGNA, ITALY","VIA CADRIANO 27/2, BOLOGNA, 40127, BOLOGNA, ITALY",,,,,IT00326280377,IT04119190371,,,1
59515,47875,V & CIE LTD,OIL FINANCES LTD,"3rd Floor 207 Regent Street, London, England, W1B 3HH","3rd Floor 120 Baker Street, London, England, W1U 6TU",,,,,,,,,1
59627,24003,News Corp,Annaly Capital Management Inc,"1211 Avenue Of The Americas, New York, 10036-8701","1211 Avenue Of The Americas, New York, 10036",,,,,United States,,,,1
59671,33753,Q BALL SNOOKER & SPORTS BAR LIMITED,T A G GREEN LIMITED,"16-18 West Street, The Square, Rochford, Essex, SS4 1AJ","16-18 West Street, Rochford, Essex, England, SS4 1AJ",,,,,,,,,1
59754,56956,H & A PROPERTIES TEESSIDE LIMITED,R A LEADBEATTER ENGINEERING LTD,"Beaumont Accountancy Services 1st Floor Enterprise House, 202-206 Linthorpe Road, Middlesbrough, England, TS1 3QW","Beaumont Accountancy First Floor, Enterprise House, 202-206 Linthorpe Road, Middlesbrough, Cleveland, TS1 3QW",,,,,,,,,1
59791,21137,Mitsubishi Shokuhin Co Ltd,Taiheiyo Cement Corp,"Bunkyo Garden Gate Tower, 1-1-1, Koishikawa, Bunkyo-Ku, Tokyo, 112-8778","Bunkyo Garden Gate Tower, 1-1-1, Koishikawa, Bunkyo-Ku, Tokyo, 112-8503",,,,,,,,,1
59836,6383,Z (CORPS) INTERNATIONAL LIMITED,V AND C RELOCATION SERVICES LTD,"71-75 Shelton Street, Covent Garden, London, England, WC2H 9JQ","71-75 Shelton Street Shelton Street, Covent Garden, London, United Kingdom, WC2H 9JQ",,,,,,,,,1
59990,35520,ALL ABOUT EVE LTD,BEAUTY AND CRUSH LIMITED,"The Bristol Office, 2nd Floor 5 High Street, Westbury On Trym, Bristol, United Kingdom, BS9 3BY","The Bristol Office 2nd Floor, High Street, Westbury-On-Trym, Bristol, England, BS9 3BY",,,,,,,,,1
