id,left_row_index,right_row_index,left_name_company,right_name_company,left_industryname,right_industryname,left_sector,right_sector,left_address,right_address,left_city,right_city,left_state,right_state,left_country,right_country,left_continent,right_continent,left_other,right_other
597,597,281,R ALEXANDER LTD,R ALEXANDRU SERVICES LTD,,,,,,,,,,,,,,,,
1448,1448,1042,Bank of Beijing,Bank of Beijing Co Ltd,,,,,,,,,,,,,,,,
1487,1487,12,Oriental Carbon & Chemicals,Oriental Carbon & Chemicals Ltd,,,,,,,,,,,,,,,,
1601,1601,439,Booking Holdings (booking.com),Booking Holdings Inc,,,,,,,,,,,,,,,,
1814,1814,1658,Teladoc Health Inc,"Teladoc Health, Inc.",,,,,,,,,,,,,,,,
2102,2102,1417,BAD INTENTIONS CLOTHING LIMITED,BAD INTENTIONS LTD,,,,,,,,,,,,,,,,
2368,2368,140,Thonburi Healthcare Group Public Company,Thonburi Healthcare Group Public Company Ltd,,,,,,,,,,,,,,,,
2448,2448,2305,Beijing Jetsen Technology,Beijing Jetsen Technology Co. Ltd,,,,,,,,,,,,,,,,
2670,2670,2145,Casino Guichard-perrachon Societe Anonyme,"Casino, Guichard-Perrachon SA",,,,,,,,,,,,,,,,
2802,2802,785,SOL S.p.A.,SOL SpA,,,,,,,,,,,,,,,,
2888,2888,2744,Ningbo Joyson Electronic,Ningbo Joyson Electronic Corp,,,,,,,,,,,,,,,,
3052,3052,2561,Pitney Bowes,Pitney Bowes Inc,,,,,,,,,,,,,,,,
3114,3114,2612,Z & Z PROPERTIES INVESTMENT LTD,Z & Z PROPERTIES LIMITED,,,,,,,,,,,,,,,,
3513,3513,355,Sopra Steria Group SA,Sopra Steria Group Sa,,,,,,,,,,,,,,,,
3875,3875,2299,Eland Oil & Gas,Eland Oil & Gas**,,,,,,,,,,,,,,,,
3954,3954,460,Piaggio & C. SpA,Piaggio & C. Spa,,,,,,,,,,,,,,,,
3973,3973,491,Nippon Suisan Kaisha,Nippon Suisan Kaisha Ltd,,,,,,,,,,,,,,,,
4021,4021,1280,EXOR,EXOR NV,,,,,,,,,,,,,,,,
4101,4101,288,Aeon Co Ltd,Aeon Co. Ltd,,,,,,,,,,,,,,,,
4275,4275,850,Shanghai Huayi Group Corp Ltd,Shanghai Huayi Group Corporation,,,,,,,,,,,,,,,,
4374,4374,720,BEAUTY & HOLISTIC LOUNGE LTD,BEAUTY & HOLISTIC THERAPY LTD,,,,,,,,,,,,,,,,
4388,4388,3103,Cincinnati Financial,Cincinnati Financial Corp,,,,,,,,,,,,,,,,
4394,4394,3226,BEAUTY AND THE BEAST TATTOO LIMITED,BEAUTY AND THE BEASTLY TRUTH LTD,,,,,,,,,,,,,,,,
4418,4418,3642,GOOD CONTACT LIMITED,GOOD CONTENT LTD,,,,,,,,,,,,,,,,
4461,4461,2670,Casino Guichard-Perrachon SA,Casino Guichard-perrachon Societe Anonyme,,,,,,,,,,,,,,,,
4503,4503,2958,Indiabulls Housing Finance,Indiabulls Housing Finance Ltd,,,,,,,,,,,,,,,,
4790,4790,1743,Playtech Plc,Playtech plc,,,,,,,,,,,,,,,,
4802,4802,723,Differ Group Holding Company,Differ Group Holding Company Ltd,,,,,,,,,,,,,,,,
4890,4890,443,Lamb Weston Holdings Inc,"Lamb Weston Holdings, Inc.",,,,,,,,,,,,,,,,
5017,5017,4811,Lotte Corp,Lotte Corporation,,,,,,,,,,,,,,,,
5070,5070,2234,Shanghai Construction Group Co Ltd,Shanghai Construction Group Co. Ltd,,,,,,,,,,,,,,,,
5100,5100,2581,SOFTWARE OF EXCELLENCE UK HOLDINGS LIMITED,SOFTWARE OF EXCELLENCE UNITED KINGDOM LIMITED,,,,,,,,,,,,,,,,
5139,5139,1367,FOOD AND BEVERAGE BRANDS LIMITED,FOOD AND BEVERAGE CONSULTANTS LIMITED,,,,,,,,,,,,,,,,
5153,5153,912,Brookfield Infrastructure Partners,Brookfield Infrastructure Partners LP,,,,,,,,,,,,,,,,
5163,5163,179,Ta Chen Stainless Pipe,Ta Chen Stainless Pipe Co Ltd,,,,,,,,,,,,,,,,
5419,5419,164,Savills,Savills Plc,,,,,,,,,,,,,,,,
5429,5429,354,Bicycle Therapeutics,Bicycle Therapeutics plc,,,,,,,,,,,,,,,,
5477,5477,3505,Aier Eye Hospital Group,Aier Eye Hospital Group Co Ltd,,,,,,,,,,,,,,,,
5769,5769,2311,Crown Holdings Inc,"Crown Holdings, Inc.",,,,,,,,,,,,,,,,
5801,5801,2168,Merck & Co Inc,Merck & Co.,,,,,,,,,,,,,,,,
5909,5909,3316,Medifast,Medifast Inc,,,,,,,,,,,,,,,,
6004,6004,569,Taiwan Business Bank Co Ltd,"Taiwan Business Bank,Ltd.",,,,,,,,,,,,,,,,
6015,6015,1494,China Pacific Insurance,China Pacific Insurance (Group) Co Ltd,,,,,,,,,,,,,,,,
6091,6091,473,Credit Agricole SA,Credit Agricole Vita Spa,,,,,,,,,,,,,,,,
6148,6148,3847,Portland General Electric Co,Portland General Electric Company,,,,,,,,,,,,,,,,
6197,6197,5665,Kawasaki Heavy Industries,Kawasaki Heavy Industries Ltd,,,,,,,,,,,,,,,,
6200,6200,1955,Anhui Guangxin Agrochemical,Anhui Guangxin Agrochemical Co. Ltd,,,,,,,,,,,,,,,,
6206,6206,4890,Lamb Weston Holdings,Lamb Weston Holdings Inc,,,,,,,,,,,,,,,,
6209,6209,964,Giken,Giken Ltd,,,,,,,,,,,,,,,,
6248,6248,5683,Ottogi Corp,Ottogi Corporation,,,,,,,,,,,,,,,,
6255,6255,2317,NEW AGE GLASS LIMITED,NEW AGE GLAZING LIMITED,,,,,,,,,,,,,,,,
6338,6338,791,Kyoritsu Maintenance,Kyoritsu Maintenance Co Ltd,,,,,,,,,,,,,,,,
6355,6355,1975,8I Holdings Limited,8VI Holdings Limited,,,,,,,,,,,,,,,,
6445,6445,919,Cintas Corp,Cintas Corporation,,,,,,,,,,,,,,,,
6469,6469,1044,"Jiangsu Dingsheng New Material Joint-Stock Co.,Ltd",Jiangsu Dingsheng New Material Joint-stock,,,,,,,,,,,,,,,,
6481,6481,2450,Montage Technology Co. Ltd,Montage Technology Group,,,,,,,,,,,,,,,,
6540,6540,2961,Royal Unibrew A/s,Royal Unibrew AS,,,,,,,,,,,,,,,,
6616,6616,4224,Deutsche Balaton AG,Deutsche Bank,,,,,,,,,,,,,,,,
6665,6665,5928,Kenon Holdings,Kenon Holdings Ltd.,,,,,,,,,,,,,,,,
6716,6716,5246,ALL ABOUT BARS LTD,ALL ABOUT BATHROOMS LTD,,,,,,,,,,,,,,,,
6728,6728,5356,Poonawalla Finance,Poonawalla Fincorp,,,,,,,,,,,,,,,,
6752,6752,2159,Sprouts Farmers Market,Sprouts Farmers Market Inc,,,,,,,,,,,,,,,,
6796,6796,5029,Iron Mountain Inc,Iron Mountain Incorporated,,,,,,,,,,,,,,,,
6806,6806,2827,FINANCESOL LTD,FINANCESOLUTIONSNW LTD,,,,,,,,,,,,,,,,
6875,6875,6357,ALL ABOUT AUDIO LIMITED,ALL ABOUT AUDREY LIMITED,,,,,,,,,,,,,,,,
6880,6880,2170,Monolithic Power Systems,Monolithic Power Systems Inc,,,,,,,,,,,,,,,,
6971,6971,1851,Hoshizaki Corp,Hoshizaki Corporation,,,,,,,,,,,,,,,,
7009,7009,4303,Guotai Junan Securities,Guotai Junan Securities Co Ltd,,,,,,,,,,,,,,,,
7013,7013,5859,Greencoat Renewables,Greencoat Renewables plc,,,,,,,,,,,,,,,,
7116,7116,4076,Caihong Display Devices,"Caihong Display Devices Co.,Ltd.",,,,,,,,,,,,,,,,
7119,7119,5667,State Bank Of India,State Bank of India,,,,,,,,,,,,,,,,
7145,7145,3326,Macronix International,Macronix International Co Ltd,,,,,,,,,,,,,,,,
7155,7155,768,Cognizant Technology Solutions Corp,Cognizant Technology Solutions Corporation,,,,,,,,,,,,,,,,
7170,7170,4862,The TJX Companies Inc,"The TJX Companies, Inc.",,,,,,,,,,,,,,,,
7442,7442,6578,SOFTWARE DESIGN LABORATORY LIMITED,SOFTWARE DESIGN LTD,,,,,,,,,,,,,,,,
7508,7508,3261,Eva Air,Eva Airways,,,,,,,,,,,,,,,,
7596,7596,7557,BEAUTY ANGELOS LTD,BEAUTY ANGELS (NW) LTD,,,,,,,,,,,,,,,,
7610,7610,332,Skylark Holdings,Skylark Holdings Co Ltd,,,,,,,,,,,,,,,,
7622,7622,5963,Hotai Motor Co Ltd,"Hotai Motor Co.,Ltd.",,,,,,,,,,,,,,,,
7703,7703,7153,Monadelphous Group Limited,Monadelphous Group Ltd,,,,,,,,,,,,,,,,
7704,7704,3124,Tenova,Tenova Spa,,,,,,,,,,,,,,,,
7809,7809,2825,Israel Corporation,Israel Corporation Ltd,,,,,,,,,,,,,,,,
7855,7855,5317,Exxon Mobil,Exxon Mobil Corp,,,,,,,,,,,,,,,,
7864,7864,2096,Merida Industry Co Ltd,Merida Industry Co. Ltd,,,,,,,,,,,,,,,,
7919,7919,6686,China First Heavy Industries,China First Heavy Industries (Group) Co Ltd,,,,,,,,,,,,,,,,
7954,7954,2475,Greentown Management Holdings Company Limited,Greentown Management Holdings Company Ltd,,,,,,,,,,,,,,,,
7960,7960,3686,Banco Bradesco,Banco Bradesco SA,,,,,,,,,,,,,,,,
8023,8023,7282,China Suntien Green Energy Co Ltd,China Suntien Green Energy Corp Ltd,,,,,,,,,,,,,,,,
8141,8141,7661,UDG Healthcare Plc,UDG Healthcare plc,,,,,,,,,,,,,,,,
8147,8147,6648,Nexstar Media Group Inc,"Nexstar Media Group, Inc.",,,,,,,,,,,,,,,,
8261,8261,2681,Charoen Pokphand Foods Public Company,Charoen Pokphand Foods Public Company Ltd,,,,,,,,,,,,,,,,
8326,8326,2714,SBI Holdings,SBI Holdings Inc,,,,,,,,,,,,,,,,
8382,8382,4807,Fujian Anjoy Foods,Fujian Anjoy Foods Co Ltd,,,,,,,,,,,,,,,,
8384,8384,5716,China Longyuan Power Group Corp Ltd,China Longyuan Power Group Corporation,,,,,,,,,,,,,,,,
8467,8467,5002,Canadian Solar Inc,Canadian Solar Inc.,,,,,,,,,,,,,,,,
8649,8649,3321,FOOD CHOICE LIMITED,FOOD CIRCLE LIMITED,,,,,,,,,,,,,,,,
8702,8702,1689,Shandong Gold Mining Co Ltd,Shandong Gold Mining Co. Ltd,,,,,,,,,,,,,,,,
8732,8732,2751,Delta Air Lines Inc,"Delta Air Lines, Inc.",,,,,,,,,,,,,,,,
8740,8740,2507,NEW ADDITION WINDOWS (TIMBER) LTD,NEW ADDITION WINDOWS LIMITED,,,,,,,,,,,,,,,,
8775,8775,5510,SOFTWARE SOLUTIONS GROUP LTD.,SOFTWARE SOLUTIONS IG LIMITED,,,,,,,,,,,,,,,,
8782,8782,862,Apeloa Pharmaceutical,Apeloa Pharmaceutical Co Ltd,,,,,,,,,,,,,,,,
8863,8863,1304,Toyota Industries,Toyota Industries Corp,,,,,,,,,,,,,,,,
8866,8866,1865,Shanghai Industrial Holding Ltd,Shanghai Industrial Holdings,,,,,,,,,,,,,,,,
8964,8964,3433,NEW AGE BEAUTY LIMITED,NEW AGE BEER LIMITED,,,,,,,,,,,,,,,,
9094,9094,4795,Ulsterbus,Ulsterbus Foyle,,,,,,,,,,,,,,,,
9158,9158,6829,Xcel Energy,Xcel Energy Inc,,,,,,,,,,,,,,,,
9220,9220,3492,SOFTWARE FOR DATA ANALYSIS (FINANCE) LIMITED,SOFTWARE FOR DATA ANALYSIS LIMITED,,,,,,,,,,,,,,,,
9230,9230,6943,Entain Plc,Entain plc,,,,,,,,,,,,,,,,
9233,9233,2839,Inner Mongolia MengDian HuaNeng Thermal Power Corp Ltd,Inner Mongolia Mengdian Huaneng Thermal Power Corporation,,,,,,,,,,,,,,,,
9235,9235,6232,GlobalData,GlobalData plc,,,,,,,,,,,,,,,,
9268,9268,6139,Sumitomo Warehouse,Sumitomo Warehouse Co Ltd,,,,,,,,,,,,,,,,
9283,9283,5465,Yunnan Copper Co. Ltd.,Yunnan Copper Company Ltd,,,,,,,,,,,,,,,,
9290,9290,1623,Deoleo,"Deoleo, SA",,,,,,,,,,,,,,,,
9313,9313,5566,"Azorim-Investment, Development & Construction Co. Ltd",Azorim-investment Development & Construction Co. Ltd,,,,,,,,,,,,,,,,
9461,9461,3517,Wuxi NCE Power Co. Ltd,"Wuxi Nce Power Co., Ltd.",,,,,,,,,,,,,,,,
9544,9544,2256,Antofagasta Plc,Antofagasta plc,,,,,,,,,,,,,,,,
9551,9551,7191,Columbia Sportswear Co,Columbia Sportswear Company,,,,,,,,,,,,,,,,
9559,9559,27,Nexid,Nexii,,,,,,,,,,,,,,,,
9595,9595,3986,First Financial Bankshares,"First Financial Bankshares, Inc.",,,,,,,,,,,,,,,,
9619,9619,4848,Highwealth Construction,Highwealth Construction Corp,,,,,,,,,,,,,,,,
9635,9635,7441,ORIX Corp,ORIX Corporation,,,,,,,,,,,,,,,,
9636,9636,6634,Wielton,Wielton SA,,,,,,,,,,,,,,,,
9738,9738,2227,GOOD CHOICE TRADING LTD,GOOD CHOICE ZR LTD,,,,,,,,,,,,,,,,
9763,9763,6459,ALL ABOUT THE BEATS LTD,ALL ABOUT THE BEER LTD,,,,,,,,,,,,,,,,
9768,9768,4326,Enel Generación Chile SA,Enel Generación Costanera SA,,,,,,,,,,,,,,,,
9780,9780,7238,Huaxin Cement,Huaxin Cement Co Ltd,,,,,,,,,,,,,,,,
9818,9818,5506,Delivery Hero SE,Delivery Hero Se,,,,,,,,,,,,,,,,
9863,9863,7568,Lear Corp,Lear Corporation,,,,,,,,,,,,,,,,
9905,9905,8641,SSR Mining Inc,SSR Mining Inc.,,,,,,,,,,,,,,,,
9935,9935,1675,Kronos Worldwide,Kronos Worldwide Inc,,,,,,,,,,,,,,,,
9984,9984,7537,China Everbright Bank Co Ltd,China Everbright Bank Company,,,,,,,,,,,,,,,,
10006,10006,8083,FOOD DESIGNERS LIMITED,FOOD DESIRE LTD.,,,,,,,,,,,,,,,,
10010,10010,3797,Novatek Microelectronics,Novatek Microelectronics Corp,,,,,,,,,,,,,,,,
10104,10104,10041,Sirius XM Holdings Inc,Sirius XM Holdings Inc.,,,,,,,,,,,,,,,,
10190,10190,6172,Beiqi Foton Motor Co Ltd,Beiqi Foton Motor Co. Ltd,,,,,,,,,,,,,,,,
10204,10204,9899,Sumitomo Mitsui Trust Holdings,Sumitomo Mitsui Trust Holdings Inc,,,,,,,,,,,,,,,,
10274,10274,4583,Korean Air Lines,Korean Air Lines Co Ltd,,,,,,,,,,,,,,,,
10316,10316,4035,Mersen,Mersen SA,,,,,,,,,,,,,,,,
10321,10321,5555,Iyo Bank,Iyo Bank Ltd,,,,,,,,,,,,,,,,
10610,10610,7124,Sonor,Sonos,,,,,,,,,,,,,,,,
10734,10734,5939,Workday Inc,"Workday, Inc.",,,,,,,,,,,,,,,,
10746,10746,6110,Shanying International Holdings Co Ltd,"Shanying International Holdings Co.,Ltd",,,,,,,,,,,,,,,,
10748,10748,4793,China Resources Double-Crane Pharmaceutical Co Ltd,"China Resources Double-Crane Pharmaceutical Co.,Ltd.",,,,,,,,,,,,,,,,
10765,10765,2924,Japan Asset Marketing,Japan Asset Marketing Co. Ltd,,,,,,,,,,,,,,,,
10794,10794,3280,Sandvik Ab,Sandvik Asia,,,,,,,,,,,,,,,,
10833,10833,7635,Prologis,Prologis Inc,,,,,,,,,,,,,,,,
10847,10847,8028,Allianz Se,Allianz Services,,,,,,,,,,,,,,,,
10910,10910,5221,FOOD CITY LOCAL LTD,FOOD CITY NC LTD,,,,,,,,,,,,,,,,
10952,10952,3607,Hornbach Baumarkt AG,Hornbach Baumarkt Ag,,,,,,,,,,,,,,,,
10967,10967,8396,Murray International Trust,Murray International Trust plc,,,,,,,,,,,,,,,,
10996,10996,2970,Shanghai Tunnel Engineering Co Ltd,Shanghai Tunnel Engineering Co. Ltd,,,,,,,,,,,,,,,,
11031,11031,7294,Electrolux Professional AB,Electrolux Professional Ab (publ),,,,,,,,,,,,,,,,
11085,11085,9465,Norfolk Southern Corp,Norfolk Southern Corporation,,,,,,,,,,,,,,,,
11110,11110,4620,Marel,Marel hf,,,,,,,,,,,,,,,,
11143,11143,1413,P A JOLLY LIMITED,P A JONES LIMITED,,,,,,,,,,,,,,,,
11179,11179,2654,FirstEnergy,FirstEnergy Corp,,,,,,,,,,,,,,,,
11196,11196,1035,Bharat Dynamics,Bharat Dynamics Limited,,,,,,,,,,,,,,,,
11219,11219,6236,Feng Hsin Steel,Feng Hsin Steel Co Ltd,,,,,,,,,,,,,,,,
11293,11293,2433,Traton SE,Traton Se,,,,,,,,,,,,,,,,
11310,11310,4456,Dubai Islamic Bank,Dubai Islamic Bank P.J.S.C.,,,,,,,,,,,,,,,,
11312,11312,5421,China Grand Automotive Services Group,China Grand Automotive Services Group Co Ltd,,,,,,,,,,,,,,,,
11394,11394,812,SOFTWARE GENICS LTD,SOFTWARE GENIE LIMITED,,,,,,,,,,,,,,,,
11415,11415,8748,Hangzhou First Applied Material Co Ltd,Hangzhou First Applied Material Co. Ltd,,,,,,,,,,,,,,,,
11451,11451,1978,Medipal Holdings,Medipal Holdings Corporation,,,,,,,,,,,,,,,,
11465,11465,5837,Société Générale Careers,Société Générale SA,,,,,,,,,,,,,,,,
11467,11467,3781,NEW AGE CONSULTING VIGH LIMITED,NEW AGE CONTRACTING LIMITED,,,,,,,,,,,,,,,,
11557,11557,566,Landis+Gyr Group AG,Landis+gyr Group Ag,,,,,,,,,,,,,,,,
11582,11582,799,BEAUTY BOUND LTD,BEAUTY BOUNTY LIMITED,,,,,,,,,,,,,,,,
11617,11617,184,PulteGroup,PulteGroup Inc,,,,,,,,,,,,,,,,
11643,11643,4997,Quectel Wireless Solutions,Quectel Wireless Solutions Co. Ltd,,,,,,,,,,,,,,,,
11653,11653,8261,Charoen Pokphand Foods Public Co Ltd,Charoen Pokphand Foods Public Company,,,,,,,,,,,,,,,,
11672,11672,7413,EDOM Technology Co Ltd,EDOM Technology Co. Ltd,,,,,,,,,,,,,,,,
11687,11687,9408,Angelalign Technology Inc.,"Angelalign Technology, Inc.",,,,,,,,,,,,,,,,
11759,11759,6645,Canon Marketing Japan Inc,"Canon Marketing Japan, Inc.",,,,,,,,,,,,,,,,
11787,11787,2113,Sumitomo Mitsui Financial,Sumitomo Mitsui Financial Group,,,,,,,,,,,,,,,,
11791,11791,961,Mitsubishi Electric Corp,Mitsubishi Electric Corporation,,,,,,,,,,,,,,,,
11799,11799,331,Shanxi Lu'an Environmental Energy Development Co. Ltd,Shanxi Luan Environmental Energy Development Co Ltd,,,,,,,,,,,,,,,,
11824,11824,1363,Hyundai Construction Equipment,Hyundai Construction Equipment Co. Ltd,,,,,,,,,,,,,,,,
11873,11873,10924,Toast,Toast Inc,,,,,,,,,,,,,,,,
11895,11895,8014,ExlService Holdings Inc,Exlservice Holdings,,,,,,,,,,,,,,,,
11949,11949,4372,Toyo Ink SC Holdings Co Ltd,Toyo Ink SC Holdings Co. Ltd,,,,,,,,,,,,,,,,
11970,11970,6878,Keda Industrial Group Co Ltd,Keda Industrial Group Co. Ltd,,,,,,,,,,,,,,,,
12035,12035,9355,Hera S.p.A.,Hera SpA,,,,,,,,,,,,,,,,
12077,12077,11653,Charoen Pokphand Foods,Charoen Pokphand Foods Public Co Ltd,,,,,,,,,,,,,,,,
12081,12081,6016,Q DEVELOPMENTS 2 LIMITED,Q DEVELOPMENTS LTD,,,,,,,,,,,,,,,,
12095,12095,7803,Beijing Kunlun Tech,Beijing Kunlun Tech Co. Ltd,,,,,,,,,,,,,,,,
12128,12128,5061,Inaba Denki Sangyo Co Ltd,"Inaba Denki Sangyo Co.,Ltd.",,,,,,,,,,,,,,,,
12144,12144,8972,Proofpoint Inc,"Proofpoint, Inc.",,,,,,,,,,,,,,,,
12170,12170,11396,American Axle & Manufacturing Holdings,American Axle & Manufacturing Holdings Inc,,,,,,,,,,,,,,,,
12251,12251,3214,Topchoice Medical Corp,Topchoice Medical Corporation,,,,,,,,,,,,,,,,
12276,12276,1991,Landstar System,Landstar System Inc,,,,,,,,,,,,,,,,
12278,12278,8010,Churchill Capital Corp Ii,Churchill Capital Corp Vii,,,,,,,,,,,,,,,,
12459,12459,5992,Prosegur Cia de Seguridad SA,Prosegur Compania De Seguridad,,,,,,,,,,,,,,,,
12577,12577,6901,O'Reilly Automotive Inc,"O'Reilly Automotive, Inc.",,,,,,,,,,,,,,,,
12696,12696,1246,VeriSign Inc,"VeriSign, Inc.",,,,,,,,,,,,,,,,
12799,12799,9210,Toagosei Co Ltd,Toagosei Co. Ltd,,,,,,,,,,,,,,,,
12847,12847,12489,Dampskibsselskabet Norden A/s,Dampskibsselskabet Norden AS,,,,,,,,,,,,,,,,
12849,12849,5347,Making Science,Making Science Group,,,,,,,,,,,,,,,,
12877,12877,12309,G-bits Network Technology,G-bits Network Technology (xiamen),,,,,,,,,,,,,,,,
12879,12879,7598,Shanghai Runda Medical Technology,Shanghai Runda Medical and Technology Co Ltd,,,,,,,,,,,,,,,,
12912,12912,3013,Bank of Chongqing Co Ltd,Bank of Chongqing Co. Ltd,,,,,,,,,,,,,,,,
12975,12975,9116,BEAUTY BOX LIMITED,BEAUTY LTD,,,,,,,,,,,,,,,,
12989,12989,2186,Impax Asset Management,Impax Asset Management Group,,,,,,,,,,,,,,,,
12995,12995,8150,JDE Peet's,JDE Peet's N.V.,,,,,,,,,,,,,,,,
13006,13006,1642,Cofinimmo,Cofinimmo SA,,,,,,,,,,,,,,,,
13056,13056,9228,Mitsubishi Research Institute Inc,"Mitsubishi Research Institute, Inc.",,,,,,,,,,,,,,,,
13097,13097,2959,Toto Ltd,Toto Ltd.,,,,,,,,,,,,,,,,
13102,13102,1840,Gree Real Estate,Gree Real Estate Co. Ltd,,,,,,,,,,,,,,,,
13103,13103,3254,Techtronic Industries,Techtronic Industries Co Ltd,,,,,,,,,,,,,,,,
13133,13133,9026,Synaptics Inc,Synaptics Incorporated,,,,,,,,,,,,,,,,
13141,13141,6354,AutoNation Inc,"AutoNation, Inc.",,,,,,,,,,,,,,,,
13175,13175,10311,Evonik Industries AG,Evonik Industries Ag,,,,,,,,,,,,,,,,
13220,13220,10486,Hazama Ando Corp,Hazama Ando Corporation,,,,,,,,,,,,,,,,
13224,13224,12230,Millicom International Cellular,Millicom International Cellular SA,,,,,,,,,,,,,,,,
13284,13284,1706,Fluor Corp,Fluor Corporation,,,,,,,,,,,,,,,,
13285,13285,501,International Paper Careers,International Paper Co,,,,,,,,,,,,,,,,
13299,13299,173,Affiliated Managers Group Inc,"Affiliated Managers Group, Inc.",,,,,,,,,,,,,,,,
13302,13302,3540,ISS A/S,ISS AS,,,,,,,,,,,,,,,,
13344,13344,4064,Burckhardt Compression Holding AG,Burckhardt Compression Holding Ag,,,,,,,,,,,,,,,,
13346,13346,4392,Sedlmayr Grund Und Immobilien Ag,Sedlmayr Grund und Immobilien KGaA,,,,,,,,,,,,,,,,
13349,13349,3400,Woodward Inc,"Woodward, Inc.",,,,,,,,,,,,,,,,
13355,13355,12773,Fuchs Petrolub,Fuchs Petrolub SE,,,,,,,,,,,,,,,,
13406,13406,603,Cheniere Energy,Cheniere Energy Inc,,,,,,,,,,,,,,,,
13438,13438,12202,Chudenko Corp,Chudenko Corporation,,,,,,,,,,,,,,,,
13455,13455,69,Royal Unibrew,Royal Unibrew A-S,,,,,,,,,,,,,,,,
13464,13464,13294,Truist Financial,Truist Financial Corp,,,,,,,,,,,,,,,,
13592,13592,13422,Mensch Und Maschine Software Se,Mensch und Maschine Software SE,,,,,,,,,,,,,,,,
13635,13635,12846,Godrej Consumer Products,Godrej Consumer Products Ltd,,,,,,,,,,,,,,,,
13645,13645,4838,Manpower,Manpower Srl,,,,,,,,,,,,,,,,
13654,13654,7933,Orient Overseas (International) Ltd,Orient Overseas (international),,,,,,,,,,,,,,,,
13674,13674,7256,GOOD CARMA LIMITED,GOOD CARS LTD,,,,,,,,,,,,,,,,
13679,13679,12040,Essent Group,Essent Group Ltd,,,,,,,,,,,,,,,,
13715,13715,12890,WEX Inc,WEX Inc.,,,,,,,,,,,,,,,,
13814,13814,5511,HP Inc,HP Inc.,,,,,,,,,,,,,,,,
13824,13824,1587,William Hill Ltd,William Hill plc,,,,,,,,,,,,,,,,
13835,13835,10737,Beijing Capital,"Beijing Capital Co.,Ltd",,,,,,,,,,,,,,,,
13846,13846,11238,China Petroleum Engineering & Construction Corporation,China Petroleum Engineering Corp,,,,,,,,,,,,,,,,
13902,13902,2673,Saudi Airlines Catering,Saudi Airlines Catering Company,,,,,,,,,,,,,,,,
13957,13957,6126,Brookfield Renewable Partners,Brookfield Renewable Partners LP,,,,,,,,,,,,,,,,
14108,14108,11541,Fulgent Genetics,Fulgent Genetics Inc,,,,,,,,,,,,,,,,
14111,14111,10263,Royal Bank Of Canada,Royal Bank of Canada,,,,,,,,,,,,,,,,
14121,14121,1423,CORPORATE TRAVEL MANAGEMENT (EUROPE) LIMITED,CORPORATE TRAVEL MANAGEMENT (UNITED KINGDOM) LIMITED,,,,,,,,,,,,,,,,
14151,14151,3888,T & A INSTALLATIONS LTD.,T & A INSTALLATIONS SERVICES LIMITED,,,,,,,,,,,,,,,,
14185,14185,6817,Rexel,Rexel SA,,,,,,,,,,,,,,,,
14202,14202,5198,Avnet,Avnet Inc,,,,,,,,,,,,,,,,
14203,14203,11619,Bank of Communications,Bank of Communications Co Ltd,,,,,,,,,,,,,,,,
14214,14214,3071,Galp Energia,Galp Energia SGPS SA,,,,,,,,,,,,,,,,
14250,14250,10168,Ambev,Ambev SA,,,,,,,,,,,,,,,,
14251,14251,891,P & A HOLDINGS (NW) LIMITED,P & A HOLDINGS (UK) LIMITED,,,,,,,,,,,,,,,,
14319,14319,12547,Logitech International,Logitech International SA,,,,,,,,,,,,,,,,
14330,14330,1552,GameStop Corp,GameStop Corp.,,,,,,,,,,,,,,,,
14356,14356,12433,Ola Electric,Ola Electric Mobility,,,,,,,,,,,,,,,,
14417,14417,10604,Unity Infraprojects,Unity Infraprojects Ltd,,,,,,,,,,,,,,,,
14418,14418,8524,Elementis,Elementis plc,,,,,,,,,,,,,,,,
14425,14425,8707,Apogee Enterprises,Apogee Enterprises Inc,,,,,,,,,,,,,,,,
14447,14447,8990,Oji Holdings Corp,Oji Holdings Corporation,,,,,,,,,,,,,,,,
14459,14459,11342,Newcrest Mining Limited,Newcrest Mining Ltd,,,,,,,,,,,,,,,,
14470,14470,2795,Yonyou Network Technology,Yonyou Network Technology Co. Ltd,,,,,,,,,,,,,,,,
14511,14511,5080,Webuild SpA,Webuild Spa,,,,,,,,,,,,,,,,
14518,14518,9024,Huaku Development,Huaku Development Co. Ltd,,,,,,,,,,,,,,,,
14602,14602,13169,Sinopec Shanghai Petrochemical Co Ltd,Sinopec Shanghai Petrochemical Company,,,,,,,,,,,,,,,,
14615,14615,5892,Regional S. A. B. De C. V,Regional S.A.B. de C.V.,,,,,,,,,,,,,,,,
14640,14640,2579,"UNIVERSAL MUSIC GROUP DISTRIBUTION, CORP.","UNIVERSAL MUSIC GROUP, INC.",,,,,,,,,,,,,,,,
14798,14798,4083,Taishin Financial Holding Co Ltd,Taishin Financial Holding Co. Ltd,,,,,,,,,,,,,,,,
14812,14812,12151,Illumina,Illumina Inc,,,,,,,,,,,,,,,,
14839,14839,8656,Nutrien,Nutrien Ltd,,,,,,,,,,,,,,,,
14862,14862,14412,Hotel Shilla,Hotel Shilla Co Ltd,,,,,,,,,,,,,,,,
14883,14883,10172,Dollar Tree,Dollar Tree Inc,,,,,,,,,,,,,,,,
14920,14920,9438,Cholamandalam Investment And Finance Company,Cholamandalam Investment and Finance Company Ltd,,,,,,,,,,,,,,,,
14957,14957,14686,Lassonde Industries Inc,Lassonde Industries Inc.,,,,,,,,,,,,,,,,
14992,14992,8029,AFR-IX Telecom,AFR-IX telecom,,,,,,,,,,,,,,,,
14997,14997,1687,Irish Residential Properties REIT Plc,Irish Residential Properties Reit,,,,,,,,,,,,,,,,
15052,15052,557,ALL ABOUT STOVES LTD,ALL ABOUT STUFF LTD,,,,,,,,,,,,,,,,
15083,15083,1072,Viva China Holdings Limited,Viva China Holdings Ltd,,,,,,,,,,,,,,,,
15164,15164,3546,Matrix IT Ltd,Matrix It,,,,,,,,,,,,,,,,
15183,15183,876,Xinyu Iron & Steel,Xinyu Iron & Steel Co Ltd,,,,,,,,,,,,,,,,
15205,15205,6753,Baloise Holding Ag,Baloise Holding Ltd,,,,,,,,,,,,,,,,
15212,15212,12836,Square Enix Holdings,Square Enix Holdings Co Ltd,,,,,,,,,,,,,,,,
15221,15221,5339,Ashmore Group,Ashmore Group plc,,,,,,,,,,,,,,,,
15227,15227,9775,Houlihan Lokey Inc,"Houlihan Lokey, Inc.",,,,,,,,,,,,,,,,
15237,15237,4790,Playtech,Playtech Plc,,,,,,,,,,,,,,,,
15288,15288,11875,Bellway,Bellway Plc,,,,,,,,,,,,,,,,
15323,15323,3775,Ameriprise Financial Inc,"Ameriprise Financial, Inc.",,,,,,,,,,,,,,,,
15366,15366,1701,Nihon Parkerizing,Nihon Parkerizing Co Ltd,,,,,,,,,,,,,,,,
15385,15385,5788,Westpac Banking Corporation,Westpac Banking Group,,,,,,,,,,,,,,,,
15395,15395,2322,Shinko Electric Industries Co Ltd,Shinko Electric Industries Co. Ltd,,,,,,,,,,,,,,,,
15415,15415,14353,Medical Properties Trust Inc,"Medical Properties Trust, Inc.",,,,,,,,,,,,,,,,
15424,15424,3310,Anima Holding S.p.a.,Anima Holding SA,,,,,,,,,,,,,,,,
15425,15425,6070,Ratchaphruek Hospital Public Company,Ratchaphruek Hospital Public Company Ltd,,,,,,,,,,,,,,,,
15475,15475,14085,Sterlite Technologies Limited,Sterlite Technologies Ltd,,,,,,,,,,,,,,,,
15486,15486,8146,Parker-Hannifin Corporation,Parker-hannifin Corporation,,,,,,,,,,,,,,,,
15494,15494,11222,Novozymes,Novozymes A-S,,,,,,,,,,,,,,,,
15538,15538,648,Great Wall Enterprise,Great Wall Enterprise Co. Ltd,,,,,,,,,,,,,,,,
15600,15600,15327,John Bean Technologies Corp,John Bean Technologies Corporation,,,,,,,,,,,,,,,,
15608,15608,6968,ALL ABOUT STEM EVENTS LIMITED,ALL ABOUT STEM LIMITED,,,,,,,,,,,,,,,,
15611,15611,5069,Localiza Rent A Car SA,Localiza Rent a Car SA,,,,,,,,,,,,,,,,
15613,15613,3631,BAD BOY PRODUCTIONS LIMITED,BAD BOY PROMOTIONS LIMITED,,,,,,,,,,,,,,,,
15636,15636,929,Futu Holdings,Futu Holdings Limited,,,,,,,,,,,,,,,,
15641,15641,9796,ALL ABOUT CARE LIMITED,ALL ABOUT CARE SOUTH WEST LIMITED,,,,,,,,,,,,,,,,
15649,15649,337,ALL ABOUT APPLIANCES LTD,ALL ABOUT APPS LTD,,,,,,,,,,,,,,,,
15725,15725,143,Orange Belgium,Orange Belgium SA,,,,,,,,,,,,,,,,
15796,15796,3239,Equitable Group,Equitable Group Inc.,,,,,,,,,,,,,,,,
15799,15799,11647,Kennametal,Kennametal Inc,,,,,,,,,,,,,,,,
15801,15801,1320,SOFTWARE SYSTEMS LIMITED,SOFTWARE SYSTEMS LTD,,,,,,,,,,,,,,,,
15808,15808,3020,Central Retail Corp PCL,Central Retail Corp Public Company Ltd,,,,,,,,,,,,,,,,
15839,15839,9661,Joyful Honda Co Ltd,Joyful Honda Co. Ltd,,,,,,,,,,,,,,,,
15860,15860,7922,Kadokawa Corp,Kadokawa Corporation,,,,,,,,,,,,,,,,
15884,15884,7771,Advanced Info Service,Advanced Info Service PCL,,,,,,,,,,,,,,,,
15909,15909,13950,Hubbell,Hubbell Inc,,,,,,,,,,,,,,,,
15910,15910,2679,Ningbo Shanshan,"Ningbo Shanshan Co.,Ltd.",,,,,,,,,,,,,,,,
15913,15913,415,Shanghai Jin Jiang Capital Co Ltd,Shanghai Jin Jiang Capital Company,,,,,,,,,,,,,,,,
15951,15951,14344,Commercial International Bank (Egypt) SAE,Commercial International Bank -egypt,,,,,,,,,,,,,,,,
15954,15954,8415,SOFTWARE ANALYSIS SOLUTIONS LIMITED,SOFTWARE ANALYTICS LIMITED,,,,,,,,,,,,,,,,
15985,15985,8015,Technip Energies,Technip Energies Italy Spa,,,,,,,,,,,,,,,,
16019,16019,1399,United Aircraft Corp,United Aircraft Corporation,,,,,,,,,,,,,,,,
16092,16092,520,Dropbox,Dropbox Inc,,,,,,,,,,,,,,,,
16113,16113,10566,Wheaton Precious Metals Corp,Wheaton Precious Metals Corp.,,,,,,,,,,,,,,,,
16155,16155,14609,MMC Norilsk Nickel,MMC Norilsk Nickel PJSC,,,,,,,,,,,,,,,,
16185,16185,4015,CommerceIQ,CommerceIQ Careers,,,,,,,,,,,,,,,,
16213,16213,7462,Tata Consumer Products,Tata Consumer Products Limited,,,,,,,,,,,,,,,,
16215,16215,3476,Southern Co,Southern Company,,,,,,,,,,,,,,,,
16229,16229,8085,Ventas,Ventas Inc,,,,,,,,,,,,,,,,
16256,16256,9409,Texhong Textile Group,Texhong Textile Group Ltd,,,,,,,,,,,,,,,,
16334,16334,10617,Telia Company AB,Telia Company Ab (publ),,,,,,,,,,,,,,,,
16344,16344,10385,United Integrated Services,United Integrated Services Co. Ltd,,,,,,,,,,,,,,,,
16350,16350,3870,Antero Resources Corp,Antero Resources Corporation,,,,,,,,,,,,,,,,
16358,16358,9095,SOFTWARE CONNEXION LIMITED,SOFTWARE CONNEXTIONS LTD,,,,,,,,,,,,,,,,
16365,16365,6169,QuintoAndar,Quintoandar,,,,,,,,,,,,,,,,
16388,16388,10504,Lowe's Companies,Lowe's Companies Inc,,,,,,,,,,,,,,,,
16396,16396,6906,Century Aluminum Co,Century Aluminum Company,,,,,,,,,,,,,,,,
16404,16404,11503,Sime Darby Berhad,Sime Darby Bhd,,,,,,,,,,,,,,,,
16463,16463,11002,Wizz Air Holdings Plc,Wizz Air Holdings plc,,,,,,,,,,,,,,,,
16543,16543,2441,Hargreaves Lansdown,Hargreaves Lansdown plc,,,,,,,,,,,,,,,,
16560,16560,12401,Aurubis,Aurubis AG,,,,,,,,,,,,,,,,
16604,16604,7730,Financiere Moncey,Financiere Moncey Sa,,,,,,,,,,,,,,,,
16620,16620,15209,Catella AB,Catena AB,,,,,,,,,,,,,,,,
16637,16637,8124,Screen Holdings,Screen Holdings Co Ltd,,,,,,,,,,,,,,,,
16649,16649,5068,Diversey Holdings Ltd,"Diversey Holdings, Ltd.",,,,,,,,,,,,,,,,
16655,16655,12334,Godel Technologies,Godel Technologies Europe,,,,,,,,,,,,,,,,
16659,16659,1818,Nomura Holdings Inc,"Nomura Holdings, Inc.",,,,,,,,,,,,,,,,
16660,16660,4833,Covestro Ag,Covestro Srl,,,,,,,,,,,,,,,,
16667,16667,5077,Sberbank Of Russia,Sberbank Rossii,,,,,,,,,,,,,,,,
16683,16683,6780,Nu Skin Enterprises,Nu Skin Enterprises Inc,,,,,,,,,,,,,,,,
16789,16789,12487,Rayonier Inc.,"Rayont, Inc.",,,,,,,,,,,,,,,,
16842,16842,2038,ALL ABOUT THAI LTD,ALL ABOUT THAT CASE LTD,,,,,,,,,,,,,,,,
16859,16859,7458,Shenzhen Mindray Bio-Medical Electronics,Shenzhen Mindray Bio-Medical Electronics Co Ltd,,,,,,,,,,,,,,,,
16891,16891,5620,Minor International PCL,Minor International Public Company,,,,,,,,,,,,,,,,
16892,16892,5368,Risen Energy,Risen Energy Co Ltd,,,,,,,,,,,,,,,,
16988,16988,4680,Croteam,Crotram,,,,,,,,,,,,,,,,
17007,17007,3122,Cerved Group,Cerved Group S.p.A.,,,,,,,,,,,,,,,,
17020,17020,1221,Orsted A/s,Orsted AS,,,,,,,,,,,,,,,,
17036,17036,2364,Talanx AG,Talanx Ag,,,,,,,,,,,,,,,,
17048,17048,7088,Lier Chemical,Lier Chemical Co Ltd,,,,,,,,,,,,,,,,
17090,17090,10740,Tung Ho Steel Enterprise Corp,Tung Ho Steel Enterprise Corporation,,,,,,,,,,,,,,,,
17091,17091,9986,AVerMedia Technologies,"AVerMedia Technologies, Inc.",,,,,,,,,,,,,,,,
17114,17114,6164,Taisei Corp,Taisei Corporation,,,,,,,,,,,,,,,,
17116,17116,4835,General Insurance Corporation Of India,General Insurance Corporation of India,,,,,,,,,,,,,,,,
17118,17118,7426,Kansai Paint,Kansai Paint Co Ltd,,,,,,,,,,,,,,,,
17155,17155,5843,Asahi Intecc,Asahi Intecc Co. Ltd,,,,,,,,,,,,,,,,
17161,17161,13904,Villeroy & Boch,Villeroy & Boch AG,,,,,,,,,,,,,,,,
17173,17173,8711,Bupa Arabia For Cooperative Insurance Company,Bupa Arabia for Cooperative Insurance Company,,,,,,,,,,,,,,,,
17179,17179,14191,Valero Energy Corp,Valero Energy Corporation,,,,,,,,,,,,,,,,
17196,17196,101,Myer Holdings Limited,Myer Holdings Ltd,,,,,,,,,,,,,,,,
17209,17209,16131,"CONSTELLIS HOLDINGS, LLC","CONSTELLIS, LLC",,,,,,,,,,,,,,,,
17284,17284,11181,Purplle,Purplle.com,,,,,,,,,,,,,,,,
17308,17308,4785,Omron Corp,Omron Corporation,,,,,,,,,,,,,,,,
17345,17345,13768,Lonking Holdings,Lonking Holdings Ltd,,,,,,,,,,,,,,,,
17364,17364,5076,Constellation Software Inc,Constellation Software Inc.,,,,,,,,,,,,,,,,
17379,17379,14157,Parque Arauco,Parque Arauco SA,,,,,,,,,,,,,,,,
17414,17414,16346,Hub Group,Hub Group Inc,,,,,,,,,,,,,,,,
17435,17435,9030,Hypoport Ag,Hypoport SE,,,,,,,,,,,,,,,,
17436,17436,10094,Carlsberg A-S,Carlsberg A/s,,,,,,,,,,,,,,,,
17514,17514,5740,Burberry Group,Burberry Group Plc,,,,,,,,,,,,,,,,
17543,17543,3848,Viatris,Viatris Inc,,,,,,,,,,,,,,,,
17550,17550,11465,Société Générale,Société Générale Careers,,,,,,,,,,,,,,,,
17554,17554,10412,DXC Technology Co,DXC Technology Company,,,,,,,,,,,,,,,,
17616,17616,6945,Woodside Petroleum,Woodside Petroleum Ltd,,,,,,,,,,,,,,,,
17618,17618,9487,Sumitomo Heavy Industries,Sumitomo Heavy Industries Ltd,,,,,,,,,,,,,,,,
17620,17620,13318,Hyundai Elevator Co Ltd,Hyundai Elevator Co. Ltd,,,,,,,,,,,,,,,,
17647,17647,9978,Kato Sangyo Co Ltd,Kato Sangyo Co. Ltd,,,,,,,,,,,,,,,,
17660,17660,9456,Northwave,Northwave Group,,,,,,,,,,,,,,,,
17727,17727,14296,Unipol Gruppo,Unipol Gruppo S.p.A.,,,,,,,,,,,,,,,,
17748,17748,10410,Activia Properties,"Activia Properties, Inc.",,,,,,,,,,,,,,,,
17764,17764,1895,Turtle,Turtlemint,,,,,,,,,,,,,,,,
17802,17802,3966,BEAUTY AND SLIM ART LTD,BEAUTY AND SPA LTD,,,,,,,,,,,,,,,,
17823,17823,12564,Zhejiang Sanhua Intelligent Controls,Zhejiang Sanhua Intelligent Controls Co Ltd,,,,,,,,,,,,,,,,
17856,17856,1958,Shanghai Oriental Pearl Group,Shanghai Oriental Pearl Group Co. Ltd,,,,,,,,,,,,,,,,
17861,17861,5615,Korea Aerospace Industries,Korea Aerospace Industries Ltd,,,,,,,,,,,,,,,,
17870,17870,368,Lojas Americanas,Lojas Americanas SA,,,,,,,,,,,,,,,,
17871,17871,11548,Immuta,Immutable,,,,,,,,,,,,,,,,
17888,17888,6841,Tokyo Century,Tokyo Century Corp,,,,,,,,,,,,,,,,
17894,17894,10190,Beiqi Foton Motor,Beiqi Foton Motor Co Ltd,,,,,,,,,,,,,,,,
17935,17935,13349,Woodward,Woodward Inc,,,,,,,,,,,,,,,,
17938,17938,13163,Bega Cheese,Bega Cheese Limited,,,,,,,,,,,,,,,,
17952,17952,389,Algonquin Power & Utilities,Algonquin Power & Utilities Corp,,,,,,,,,,,,,,,,
17959,17959,12170,American Axle & Manufacturing,American Axle & Manufacturing Holdings,,,,,,,,,,,,,,,,
17974,17974,7787,Voltronic Power Technology,Voltronic Power Technology Corp,,,,,,,,,,,,,,,,
18000,18000,17401,Wintrust Financial,Wintrust Financial Corp,,,,,,,,,,,,,,,,
18030,18030,15060,IHS Markit,IHS Markit Ltd,,,,,,,,,,,,,,,,
18053,18053,16459,ALL ABOUT HAIR LTD,ALL ABOUT HAIR MILDENHALL LTD,,,,,,,,,,,,,,,,
18056,18056,6201,Wipro,Wipro BPS,,,,,,,,,,,,,,,,
18057,18057,4227,Sinolink Securities Co Ltd,Sinolink Securities Co. Ltd,,,,,,,,,,,,,,,,
18066,18066,17107,Brenntag SE,Brenntag Spa,,,,,,,,,,,,,,,,
18083,18083,2430,Tauron Polska Energia,Tauron Polska Energia SA,,,,,,,,,,,,,,,,
18115,18115,14137,Osaka Gas,Osaka Gas Co Ltd,,,,,,,,,,,,,,,,
18125,18125,17095,Methode Electronics,Methode Electronics Inc,,,,,,,,,,,,,,,,
18141,18141,4176,Formula Systems (1985),Formula Systems (1985) Ltd.,,,,,,,,,,,,,,,,
18153,18153,15718,Sonova Holding,Sonova Holding AG,,,,,,,,,,,,,,,,
18163,18163,5371,FOOD CONNECT SOLUTIONS LIMITED,FOOD CONNECTIONS LIMITED,,,,,,,,,,,,,,,,
18176,18176,9402,Taiwan Glass Ind. Corp,Taiwan Glass Industry Corp,,,,,,,,,,,,,,,,
18195,18195,5832,Toyo Suisan Kaisha,Toyo Suisan Kaisha Ltd,,,,,,,,,,,,,,,,
18211,18211,12533,United Breweries,United Breweries Ltd,,,,,,,,,,,,,,,,
18213,18213,17951,Hakuhodo DY Holdings Inc,"Hakuhodo DY Holdings, Inc.",,,,,,,,,,,,,,,,
18234,18234,2099,Contemporary Amperex Technology,Contemporary Amperex Technology Ltd,,,,,,,,,,,,,,,,
18239,18239,2288,Avantor Inc,"Avantor, Inc.",,,,,,,,,,,,,,,,
18355,18355,15558,Ganfeng Lithium Co. Ltd,Ganfeng Lithium Group Co Ltd,,,,,,,,,,,,,,,,
18362,18362,10670,FOOD AND DESERTS CO LTD,FOOD AND DESSERT STATION LTD,,,,,,,,,,,,,,,,
18384,18384,15138,Samitivej Public Company,Samitivej Public Company Ltd,,,,,,,,,,,,,,,,
18386,18386,18093,Century Textiles And Industries,Century Textiles and Industries,,,,,,,,,,,,,,,,
18455,18455,7860,Vossloh,Vossloh AG,,,,,,,,,,,,,,,,
18491,18491,4988,Arcadyan Technology Corp,Arcadyan Technology Corporation,,,,,,,,,,,,,,,,
18545,18545,1558,Medallia,"Medallia, Inc.",,,,,,,,,,,,,,,,
18546,18546,10309,Bank of Queensland,Bank of Queensland Limited,,,,,,,,,,,,,,,,
18572,18572,17723,Dongyue Group Limited,Dongyue Group Ltd,,,,,,,,,,,,,,,,
18583,18583,8662,Jash Engineering,Jash Engineering Ltd,,,,,,,,,,,,,,,,
18588,18588,15925,Luzerner Kantonalbank,Luzerner Kantonalbank AG,,,,,,,,,,,,,,,,
18598,18598,2351,CIE Automotive,CIE Automotive SA,,,,,,,,,,,,,,,,
18624,18624,16799,Groupe Parot SACA,Groupe Partouche SA,,,,,,,,,,,,,,,,
18638,18638,8609,Evolution Gaming Group AB,Evolution Gaming Group Ab (publ),,,,,,,,,,,,,,,,
18643,18643,11532,HEICO Corp,HEICO Corporation,,,,,,,,,,,,,,,,
18647,18647,7290,Minmetals Capital Company,Minmetals Capital Company Ltd,,,,,,,,,,,,,,,,
18672,18672,13143,Baker Hughes Co,Baker Hughes Company,,,,,,,,,,,,,,,,
18685,18685,15182,Sugi Holdings,"Sugi Holdings Co.,Ltd.",,,,,,,,,,,,,,,,
18692,18692,16669,Mercury Systems,Mercury Systems Inc,,,,,,,,,,,,,,,,
18713,18713,15822,Publicis Sapient,Publicis Sapient Careers,,,,,,,,,,,,,,,,
18739,18739,18499,Amedisys Inc,"Amedisys, Inc.",,,,,,,,,,,,,,,,
18760,18760,14620,Wangsu Science & Technology,"Wangsu Science & Technology Co.,Ltd.",,,,,,,,,,,,,,,,
18773,18773,15863,China Resources Pharmaceutical Group,China Resources Pharmaceutical Group Ltd,,,,,,,,,,,,,,,,
18776,18776,16688,BAD APPLE PRODUCTIONS LIMITED,BAD APPLE PROJECTS LTD,,,,,,,,,,,,,,,,
18778,18778,3283,Bashneft,Bashneft PJSC,,,,,,,,,,,,,,,,
18816,18816,8513,Arcure,Arcure SA,,,,,,,,,,,,,,,,
18829,18829,5078,Covivio Hotels Societe Anonyme,Covivio Hotels Societe anonyme,,,,,,,,,,,,,,,,
18832,18832,11106,Ryohin Keikaku,Ryohin Keikaku Co Ltd,,,,,,,,,,,,,,,,
18862,18862,10732,Dentsu Group,Dentsu Group Inc,,,,,,,,,,,,,,,,
18877,18877,1403,Primo Water Corp,Primo Water Corporation,,,,,,,,,,,,,,,,
18956,18956,8162,Shenzhen Overseas Chinese Town,Shenzhen Overseas Chinese Town Co Ltd,,,,,,,,,,,,,,,,
19024,19024,4034,Caisse Regionale de Credit Agricole Mutuel Nord de France,Caisse Regionale de Credit Agricole Mutuel d'Ille-et-Vilaine,,,,,,,,,,,,,,,,
19052,19052,13628,Banco Santander-Chile,Banco Santander-chile,,,,,,,,,,,,,,,,
19054,19054,6241,Ideagen,Ideagen plc,,,,,,,,,,,,,,,,
19060,19060,13877,Container Corporation Of India,Container Corporation of India Ltd,,,,,,,,,,,,,,,,
19067,19067,16207,Digital Realty Careers,Digital Realty Trust,,,,,,,,,,,,,,,,
19087,19087,3819,Omnicom Group,Omnicom Group Inc,,,,,,,,,,,,,,,,
19106,19106,8009,Dynatrace,"Dynatrace, Inc.",,,,,,,,,,,,,,,,
19147,19147,589,Allbirds,"Allbirds, Inc.",,,,,,,,,,,,,,,,
19151,19151,5042,Masco Corp,Masco Corporation,,,,,,,,,,,,,,,,
19176,19176,18233,Northeast Pharmaceutical Group,Northeast Pharmaceutical Group Co Ltd,,,,,,,,,,,,,,,,
19181,19181,3950,Volansys Technologies,Volante Technologies,,,,,,,,,,,,,,,,
19185,19185,12162,Golden Resorts Group,Golden Resorts Group Ltd,,,,,,,,,,,,,,,,
19188,19188,17963,Orient Corp,Orient Corporation,,,,,,,,,,,,,,,,
19191,19191,4097,APL Apollo Tubes,APL Apollo Tubes Ltd,,,,,,,,,,,,,,,,
19225,19225,3402,SoftBank Corp,SoftBank Group Corp,,,,,,,,,,,,,,,,
19270,19270,4300,SGL Carbon,SGL Carbon SE,,,,,,,,,,,,,,,,
19325,19325,2687,Fortive,Fortive Corp,,,,,,,,,,,,,,,,
19326,19326,7019,GOOD COMPANY NETWORK LTD,GOOD COMPANY RECORDS LTD,,,,,,,,,,,,,,,,
19362,19362,4065,Elanco Animal Health,Elanco Animal Health Inc,,,,,,,,,,,,,,,,
19370,19370,6455,Danaher Corp,Danaher Corporation,,,,,,,,,,,,,,,,
19415,19415,7973,Lechwerke AG,Lechwerke Ag,,,,,,,,,,,,,,,,
19416,19416,16419,Jiangxi Copper Company,Jiangxi Copper Company Ltd,,,,,,,,,,,,,,,,
19427,19427,5579,Virgin Money UK plc,Virgin Money Uk,,,,,,,,,,,,,,,,
19434,19434,3496,Zhejiang Jinke Culture Industry,Zhejiang Jinke Culture Industry Co. Ltd,,,,,,,,,,,,,,,,
19448,19448,1740,Ulta Beauty Inc,"Ulta Beauty, Inc.",,,,,,,,,,,,,,,,
19475,19475,10531,Assura,Assura plc,,,,,,,,,,,,,,,,
19490,19490,9933,Class Editori,Class Editori S.p.A.,,,,,,,,,,,,,,,,
19513,19513,1069,China Shipbuilding Industry,China Shipbuilding Industry Co Ltd,,,,,,,,,,,,,,,,
19568,19568,1300,Jonjee Hi-tech Industrial & Commercial Holding,Jonjee Hi-tech Industrial & Commercial Holding Co. Ltd,,,,,,,,,,,,,,,,
19574,19574,11942,Hyosung Advanced Materials Corp,Hyosung Advanced Materials Corporation,,,,,,,,,,,,,,,,
19595,19595,6060,Mediaset Espana Comunicacion,Mediaset Espana Comunicacion SA,,,,,,,,,,,,,,,,
19608,19608,17373,The Kraft Heinz Company,The Kraft Heinz Company Careers,,,,,,,,,,,,,,,,
19648,19648,9032,OSB Group Plc,OSB Group plc,,,,,,,,,,,,,,,,
19658,19658,1435,Champion Iron Limited,Champion Iron Ltd,,,,,,,,,,,,,,,,
19684,19684,11339,Brenntag,Brenntag AG,,,,,,,,,,,,,,,,
19685,19685,11774,Inner Mongolia Yitai Coal Co Ltd,"Inner Mongolia Yitai Coal Co.,Ltd.",,,,,,,,,,,,,,,,
19691,19691,14046,FINANCE SOLUTIONS 4U LIMITED,FINANCE SOLUTIONS CONSULTANCY LIMITED,,,,,,,,,,,,,,,,
19732,19732,18305,Scottish Mortgage Investment Trust,Scottish Mortgage Investment Trust plc,,,,,,,,,,,,,,,,
19745,19745,15625,LSR Group,LSR Group PJSC,,,,,,,,,,,,,,,,
19764,19764,14349,Rio Tinto,Rio Tinto Group,,,,,,,,,,,,,,,,
19788,19788,7876,Manitou BF SA,Manitou Bf Sa,,,,,,,,,,,,,,,,
19802,19802,14231,ALL ABOUT THE PEOPLE LTD,ALL ABOUT THE PETS LIMITED,,,,,,,,,,,,,,,,
19819,19819,9699,Turkiye Vakiflar Bankasi Turk Anonim Ortaklig,Turkiye Vakiflar Bankasi Turk Anonim Ortakligi,,,,,,,,,,,,,,,,
19822,19822,694,Rentokil Initial,Rentokil Initial plc,,,,,,,,,,,,,,,,
19842,19842,1880,State Street Corp,State Street Corporation,,,,,,,,,,,,,,,,
19860,19860,18825,Carlisle Companies Inc,Carlisle Companies Incorporated,,,,,,,,,,,,,,,,
19866,19866,3787,Zhengzhou Coal Mining Machinery Group Company,Zhengzhou Coal Mining Machinery Group Company Ltd,,,,,,,,,,,,,,,,
19872,19872,2954,Bandhan Bank,Bandhan Bank Ltd,,,,,,,,,,,,,,,,
19873,19873,19727,Hanwha Corp,Hanwha Corporation,,,,,,,,,,,,,,,,
19881,19881,7505,Showa Denko,Showa Denko K.K.,,,,,,,,,,,,,,,,
19910,19910,14028,Bottega Veneta,Bottega Veneta Srl,,,,,,,,,,,,,,,,
19969,19969,6364,Chemed Corp,Chemed Corporation,,,,,,,,,,,,,,,,
19971,19971,9208,GOOD & PROPER STUDIO LTD,GOOD & PROPER TEA CO LTD,,,,,,,,,,,,,,,,
19999,19999,14174,Turkiye Garanti Bankasi A.S.,Turkiye Garanti Bankası Anonim Sirketi,,,,,,,,,,,,,,,,
20016,20016,99,Osotspa Public Company,Osotspa Public Company Ltd,,,,,,,,,,,,,,,,
20035,20035,11040,Deutsche Wohnen SE,Deutsche Wohnen Se,,,,,,,,,,,,,,,,
20041,20041,17250,Alibaba Pictures Group,Alibaba Pictures Group Ltd,,,,,,,,,,,,,,,,
20046,20046,2304,Shinsei Bank,Shinsei Bank Ltd,,,,,,,,,,,,,,,,
20051,20051,14832,PetroChina,PetroChina Co Ltd,,,,,,,,,,,,,,,,
20054,20054,7488,BAD SEED FILM LIMITED,BAD SEED LIMITED,,,,,,,,,,,,,,,,
20063,20063,6032,Saudi Electricity,Saudi Electricity Co,,,,,,,,,,,,,,,,
20067,20067,16178,Nikkon Holdings,Nikkon Holdings Co Ltd,,,,,,,,,,,,,,,,
20129,20129,5133,BEAUTY BOX AESTHETICS (CARDIFF) LTD,BEAUTY BOX AESTHETICS LIMITED,,,,,,,,,,,,,,,,
20199,20199,15458,Sungrow Power Supply Co Ltd,Sungrow Power Supply Co. Ltd,,,,,,,,,,,,,,,,
20264,20264,15222,Autobacs Seven,"Autobacs Seven Co.,Ltd.",,,,,,,,,,,,,,,,
20312,20312,14962,Stifel Financial,Stifel Financial Corp,,,,,,,,,,,,,,,,
20345,20345,19416,Jiangxi Copper Co Ltd,Jiangxi Copper Company,,,,,,,,,,,,,,,,
20360,20360,8803,Automatic Data Processing,Automatic Data Processing (ADP),,,,,,,,,,,,,,,,
20373,20373,18912,Tokyo Ohka Kogyo Co Ltd,Tokyo Ohka Kogyo Co. Ltd,,,,,,,,,,,,,,,,
20383,20383,6135,FirstService Corp,FirstService Corporation,,,,,,,,,,,,,,,,
20388,20388,16147,General Mills Inc,"General Mills, Inc.",,,,,,,,,,,,,,,,
20393,20393,6689,Zhejiang Hisun Pharmaceutical,Zhejiang Hisun Pharmaceutical Co Ltd,,,,,,,,,,,,,,,,
20407,20407,969,Unit,Unit8,,,,,,,,,,,,,,,,
20428,20428,13569,Campbell Soup Co,Campbell Soup Company,,,,,,,,,,,,,,,,
20436,20436,4856,Tata Play,Tata Play Fiber,,,,,,,,,,,,,,,,
20443,20443,6426,Rolls Royce,Rolls-Royce,,,,,,,,,,,,,,,,
20466,20466,13140,Fluidra SA,"Fluidra, SA",,,,,,,,,,,,,,,,
20476,20476,17721,Metcash Limited,Metcash Ltd,,,,,,,,,,,,,,,,
20502,20502,12466,OUTSOURCING Inc,"OUTSOURCING, Inc.",,,,,,,,,,,,,,,,
20536,20536,11296,Seven Group Holdings Limited,Seven Group Holdings Ltd,,,,,,,,,,,,,,,,
20584,20584,15635,Keurig Dr Pepper Inc,Keurig Dr Pepper Inc.,,,,,,,,,,,,,,,,
20588,20588,17357,MKS Instruments Inc,"MKS Instruments, Inc.",,,,,,,,,,,,,,,,
20589,20589,14451,Corticeira Amorim,Corticeira Amorim S.g.p.s,,,,,,,,,,,,,,,,
20603,20603,4783,The Allstate Corp,The Allstate Corporation,,,,,,,,,,,,,,,,
20629,20629,482,Xylem,Xylem Inc,,,,,,,,,,,,,,,,
20638,20638,13889,President Securities Corp,President Securities Corporation,,,,,,,,,,,,,,,,
20669,20669,16548,Sun Art Retail Group,Sun Art Retail Group Ltd,,,,,,,,,,,,,,,,
20714,20714,3163,Smithson Investment Trust,Smithson Investment Trust plc,,,,,,,,,,,,,,,,
20731,20731,15549,BAE Systems Plc,BAE Systems plc,,,,,,,,,,,,,,,,
20732,20732,5418,"Petco Health & Wellness Company, Inc.","Petco Health and Wellness Company, Inc.",,,,,,,,,,,,,,,,
20740,20740,12797,Savor Ltd,SavorEat Ltd,,,,,,,,,,,,,,,,
20747,20747,14454,Cosmo Energy Holdings Co Ltd,Cosmo Energy Holdings Co. Ltd,,,,,,,,,,,,,,,,
20762,20762,7085,Makita Corp,Makita Corporation,,,,,,,,,,,,,,,,
20765,20765,633,Dali Foods Group Company,Dali Foods Group Company Ltd,,,,,,,,,,,,,,,,
20778,20778,9481,Vaudoise Assurances Holding SA,Vaudoise Assurances Holding Sa,,,,,,,,,,,,,,,,
20815,20815,10928,Lockheed Martin Corp,Lockheed Martin Corporation,,,,,,,,,,,,,,,,
20826,20826,5404,Kt Corporation,Kt&g Corporation,,,,,,,,,,,,,,,,
20862,20862,1773,BEAUTY AND THE BUTTON LIMITED,BEAUTY AND THE BUZZ LTD,,,,,,,,,,,,,,,,
20894,20894,11333,Talend,Talend SA,,,,,,,,,,,,,,,,
20899,20899,12623,Innovent Biologics,"Innovent Biologics, Inc.",,,,,,,,,,,,,,,,
20919,20919,6547,SOFTWARE CONSULT GLOBAL LTD,SOFTWARE CONSULTANCY LTD,,,,,,,,,,,,,,,,
20928,20928,12652,Suzhou Maxwell Technologies,Suzhou Maxwell Technologies Co. Ltd,,,,,,,,,,,,,,,,
20951,20951,11832,Nuffield Dental,Nuffield Dental Holdings,,,,,,,,,,,,,,,,
20954,20954,1107,Wolters Kluwer,Wolters Kluwer N.V.,,,,,,,,,,,,,,,,
21010,21010,16609,Denka Company,Denka Company Ltd,,,,,,,,,,,,,,,,
21011,21011,7622,Hotai Motor,Hotai Motor Co Ltd,,,,,,,,,,,,,,,,
21014,21014,20289,Hikma Pharmaceuticals Plc,Hikma Pharmaceuticals plc,,,,,,,,,,,,,,,,
21023,21023,11170,JB Hi-Fi Limited,JB Hi-Fi Ltd,,,,,,,,,,,,,,,,
21024,21024,17347,Brewin Dolphin Holdings,Brewin Dolphin Holdings plc,,,,,,,,,,,,,,,,
21031,21031,2420,Subaru Corp,Subaru Corporation,,,,,,,,,,,,,,,,
21054,21054,1838,Dashenlin Pharmaceutical Group,Dashenlin Pharmaceutical Group Co Ltd,,,,,,,,,,,,,,,,
21055,21055,9688,Jubilant Ingrevia,Jubilant Ingrevia Limited,,,,,,,,,,,,,,,,
21153,21153,15318,Rayonier,Rayonier Inc,,,,,,,,,,,,,,,,
21167,21167,17980,Microchip Technology Inc,Microchip Technology Incorporated,,,,,,,,,,,,,,,,
21183,21183,12768,U DIG LTD,U DIGIT LTD,,,,,,,,,,,,,,,,
21185,21185,19259,Ultra Electronics Holdings Plc,Ultra Electronics Holdings plc,,,,,,,,,,,,,,,,
21207,21207,8327,Vanguard International Semiconductor Corp,Vanguard International Semiconductor Corporation,,,,,,,,,,,,,,,,
21214,21214,19926,Fortune Brands Home & Security,"Fortune Brands Home & Security, Inc.",,,,,,,,,,,,,,,,
21216,21216,19992,Unimicron Technology Corp,Unimicron Technology Corporation,,,,,,,,,,,,,,,,
21228,21228,9522,Galapagos NV,Galapagos Nv,,,,,,,,,,,,,,,,
21278,21278,16926,Japan Exchange Group Inc,"Japan Exchange Group, Inc.",,,,,,,,,,,,,,,,
21288,21288,15723,Comstock Resources,Comstock Resources Inc,,,,,,,,,,,,,,,,
21295,21295,4397,Krones AG,Krones Ag,,,,,,,,,,,,,,,,
21305,21305,11166,CIMB Group Holdings,CIMB Group Holdings Bhd,,,,,,,,,,,,,,,,
21326,21326,11922,Tronox Holdings,Tronox Holdings Plc,,,,,,,,,,,,,,,,
21350,21350,9646,Global Payments,Global Payments Inc,,,,,,,,,,,,,,,,
21372,21372,18242,Volati AB,Volati Ab,,,,,,,,,,,,,,,,
21398,21398,5995,Bumrungrad Hospital Public Company,Bumrungrad Hospital Public Company Ltd,,,,,,,,,,,,,,,,
21446,21446,10401,Kyowa Kirin,Kyowa Kirin Co Ltd,,,,,,,,,,,,,,,,
21463,21463,15532,Ryanair Holdings Plc,Ryanair Holdings plc,,,,,,,,,,,,,,,,
21467,21467,19155,Compass Diversified Holdings LLC,Compass Diversified Holdings Llc,,,,,,,,,,,,,,,,
21473,21473,12098,Adani Total Gas,Adani Total Gas Limited,,,,,,,,,,,,,,,,
21487,21487,10075,Guangdong Electric Power Development,Guangdong Electric Power Development Co Ltd,,,,,,,,,,,,,,,,
21489,21489,16549,Buzzi Unicem S.p.A.,Buzzi Unicem SpA,,,,,,,,,,,,,,,,
21496,21496,4537,Companhia de Saneamento Basico do Estado de Sao Paulo,Companhia de Saneamento Básico do Estado de São Paulo - SABESP,,,,,,,,,,,,,,,,
21504,21504,8340,Glenmark Life Sciences,Glenmark Life Sciences Limited,,,,,,,,,,,,,,,,
21507,21507,1509,BEAUTY ANGELS SPA LTD,BEAUTY ANGELS STORE UK LTD,,,,,,,,,,,,,,,,
21511,21511,12114,New Residential Investment,New Residential Investment Corp.,,,,,,,,,,,,,,,,
21542,21542,289,Deutsche Post,Deutsche Post AG,,,,,,,,,,,,,,,,
21566,21566,2872,EssilorLuxottica,EssilorLuxottica SA,,,,,,,,,,,,,,,,
21570,21570,5930,Fundo de Investimento Imobiliário - FII Ancar IC,Fundo de Investimento Imobiliário - FII Anhanguera Educacional,,,,,,,,,,,,,,,,
21577,21577,21278,Japan Exchange Group,Japan Exchange Group Inc,,,,,,,,,,,,,,,,
21599,21599,17150,Suruga Bank,Suruga Bank Ltd,,,,,,,,,,,,,,,,
21620,21620,4604,MERCI MAMAN HOLDING LIMITED,MERCI MAMAN LIMITED,,,,,,,,,,,,,,,,
21648,21648,7251,Vertiv Holdings Co,Vertiv Holdings Co.,,,,,,,,,,,,,,,,
21656,21656,8003,Power Finance,Power Finance Corp Ltd,,,,,,,,,,,,,,,,
21662,21662,9672,Spark New Zealand Limited,Spark New Zealand Ltd,,,,,,,,,,,,,,,,
21676,21676,18710,Fidelity National Financial Inc,"Fidelity National Financial, Inc.",,,,,,,,,,,,,,,,
21686,21686,10481,Tower Semiconductor,Tower Semiconductor Ltd,,,,,,,,,,,,,,,,
21698,21698,11202,Tenet Healthcare Corp,Tenet Healthcare Corporation,,,,,,,,,,,,,,,,
21719,21719,6406,"Hang Zhou Iron & Steel Co.,Ltd.","Hang Zhou Iron & Steel Co.,ltd.",,,,,,,,,,,,,,,,
21741,21741,9719,SOFTWARE CONSULTANCY SOLUTIONS LTD,SOFTWARE CONSULTANT LTD,,,,,,,,,,,,,,,,
21744,21744,8215,Villar International,Villar International Ltd,,,,,,,,,,,,,,,,
21762,21762,15564,Graco,Graco Inc,,,,,,,,,,,,,,,,
21773,21773,1283,W. R. Berkley Corp,W. R. Berkley Corporation,,,,,,,,,,,,,,,,
21790,21790,8761,Hexcel Corp,Hexcel Corporation,,,,,,,,,,,,,,,,
21792,21792,7205,Lyft Inc,"Lyft, Inc.",,,,,,,,,,,,,,,,
21829,21829,4701,John Wood Group,John Wood Group Plc,,,,,,,,,,,,,,,,
21861,21861,16306,Novavax,Novavax Inc,,,,,,,,,,,,,,,,
21889,21889,16386,Abercrombie & Fitch,Abercrombie & Fitch Co,,,,,,,,,,,,,,,,
21902,21902,1943,Integer Holdings Corp,Integer Holdings Corporation,,,,,,,,,,,,,,,,
21915,21915,1570,SOFTWARE IN PARTNERSHIP LIMITED,SOFTWARE IN PARTNERSHIP TRUSTEE LIMITED,,,,,,,,,,,,,,,,
21934,21934,10235,GOOD DAY AGENCY LIMITED,GOOD DAY CAFE LIMITED,,,,,,,,,,,,,,,,
21944,21944,8929,U & S PROPERTIES LTD,U & S PROPERTY LTD,,,,,,,,,,,,,,,,
21983,21983,16488,Makalot Industrial,Makalot Industrial Co Ltd,,,,,,,,,,,,,,,,
21995,21995,9449,Cedar Fair,"Cedar Fair, L.P.",,,,,,,,,,,,,,,,
21997,21997,21507,BEAUTY ANGELS GROUP LTD,BEAUTY ANGELS SPA LTD,,,,,,,,,,,,,,,,
22038,22038,1499,Morinaga & Co Ltd,Morinaga & Co. Ltd,,,,,,,,,,,,,,,,
22050,22050,15088,Prudential Financial Inc,"Prudential Financial, Inc.",,,,,,,,,,,,,,,,
22086,22086,18176,Taiwan Glass Ind,Taiwan Glass Ind. Corp,,,,,,,,,,,,,,,,
22093,22093,20665,ALL ABOUT THE BABY LIMITED,ALL ABOUT THE BAIZE LTD,,,,,,,,,,,,,,,,
22140,22140,26,Japan Post Bank,Japan Post Bank Co Ltd,,,,,,,,,,,,,,,,
22150,22150,11517,S A FASHION TRADE LTD,S A FASHION TRADING LTD,,,,,,,,,,,,,,,,
22154,22154,15997,Ramsay Generale De Sante Sa,Ramsay Generale de Sante,,,,,,,,,,,,,,,,
22170,22170,19686,BANCA SELLA HOLDING SPA,BANCA SELLA SPA,,,,,,,,,,,,,,,,
22175,22175,13682,Public Joint Stock Company Gazprom,Public Joint Stock Company Globaltruck Management,,,,,,,,,,,,,,,,
22179,22179,3291,Ab Sagax (publ),Ab Skf (publ),,,,,,,,,,,,,,,,
22191,22191,18219,Molina Healthcare Inc,"Molina Healthcare, Inc.",,,,,,,,,,,,,,,,
22231,22231,21541,Markel Corp,Markel Corporation,,,,,,,,,,,,,,,,
22246,22246,19871,Alok Industries,Alok Industries Ltd,,,,,,,,,,,,,,,,
22290,22290,20292,American Electric Power Co Inc,American Electric Power Company,,,,,,,,,,,,,,,,
22296,22296,11646,BOK Financial Corp,BOK Financial Corporation,,,,,,,,,,,,,,,,
22334,22334,4548,Shenzhen Sunway Communication,Shenzhen Sunway Communication Co. Ltd,,,,,,,,,,,,,,,,
22344,22344,5261,Kemira,Kemira Oyj,,,,,,,,,,,,,,,,
22355,22355,465,Zhongji Innolight,Zhongji Innolight Co. Ltd,,,,,,,,,,,,,,,,
22366,22366,133,Casio Computer Co Ltd,"Casio Computer Co.,Ltd.",,,,,,,,,,,,,,,,
22368,22368,15385,Westpac Banking Corp,Westpac Banking Corporation,,,,,,,,,,,,,,,,
22392,22392,18739,Amedisys,Amedisys Inc,,,,,,,,,,,,,,,,
22397,22397,8481,S Foods,S Foods Inc,,,,,,,,,,,,,,,,
22400,22400,16123,Getac Technology Corp,Getac Technology Corporation,,,,,,,,,,,,,,,,
22408,22408,4892,Dairy Farm International Holdings,Dairy Farm International Holdings Limited,,,,,,,,,,,,,,,,
22415,22415,21860,Robert Half International,Robert Half International Inc,,,,,,,,,,,,,,,,
22426,22426,1249,Haseko Corp,Haseko Corporation,,,,,,,,,,,,,,,,
22468,22468,9595,First Financial Bancorp,First Financial Bankshares,,,,,,,,,,,,,,,,
22475,22475,18897,Ayala Corp,Ayala Corporation,,,,,,,,,,,,,,,,
22476,22476,2771,Univar Solutions,Univar Solutions Inc,,,,,,,,,,,,,,,,
22487,22487,5861,GOOD & NOVEL LIMITED,GOOD & PROPER LIMITED,,,,,,,,,,,,,,,,
22500,22500,20210,Gold Fields Limited,Gold Fields Ltd,,,,,,,,,,,,,,,,
22506,22506,2075,CIFI Holdings (Group) Co Ltd,CIFI Holdings (Group) Co. Ltd,,,,,,,,,,,,,,,,
22518,22518,10875,Union Gas Holdings,Union Gas Holdings Ltd,,,,,,,,,,,,,,,,
22523,22523,9724,Guangshen Railway Co Ltd,Guangshen Railway Company,,,,,,,,,,,,,,,,
22530,22530,9076,Asia Hotel Public Company Ltd,Asia Metal Public Company Ltd,,,,,,,,,,,,,,,,
22537,22537,3813,LG Electronics,LG Electronics Inc,,,,,,,,,,,,,,,,
22555,22555,22066,Hewlett Packard Enterprise Co,Hewlett Packard Enterprise Company,,,,,,,,,,,,,,,,
22570,22570,3976,"Shandong Publishing&Media Co.,Ltd",Shandong Publishing&media,,,,,,,,,,,,,,,,
22587,22587,1135,Biogen Inc,Biogen Inc.,,,,,,,,,,,,,,,,
22600,22600,11811,Adecco Group A.G.,Adecco Group AG,,,,,,,,,,,,,,,,
22613,22613,20985,Frontier Real Estate Investment Corp,Frontier Real Estate Investment Corporation,,,,,,,,,,,,,,,,
22616,22616,18328,Dollarama Inc,Dollarama Inc.,,,,,,,,,,,,,,,,
22645,22645,732,Zhejiang Jiecang Linear Motion Technology,Zhejiang Jiecang Linear Motion Technology Co. Ltd,,,,,,,,,,,,,,,,
22739,22739,10199,Hero MotoCorp,Hero MotoCorp Ltd,,,,,,,,,,,,,,,,
22768,22768,20631,Xi'an Bright Laser Technologies,"Xi'an Bright Laser Technologies Co.,Ltd.",,,,,,,,,,,,,,,,
22803,22803,12826,Snap Inc,Snap Inc.,,,,,,,,,,,,,,,,
22810,22810,8425,Intermediate Capital Group Plc,Intermediate Capital Group plc,,,,,,,,,,,,,,,,
22813,22813,414,Paychex,Paychex Inc,,,,,,,,,,,,,,,,
22824,22824,13219,Olin Corp,Olin Corporation,,,,,,,,,,,,,,,,
22828,22828,1183,Empresa Nacional De Telecomunicaciones,Empresa Nacional de Telecomunicaciones SA,,,,,,,,,,,,,,,,
22840,22840,11724,BEAUTY BANKKS LTD,BEAUTY BANKS,,,,,,,,,,,,,,,,
22849,22849,15994,FOOD & DRINK EXPORTERS ASSOCIATION LIMITED,FOOD & DRINK EXPORTESE LIMITED,,,,,,,,,,,,,,,,
22852,22852,4027,MOSAICO SPA,MOSCHINO SPA,,,,,,,,,,,,,,,,
22866,22866,14144,Merck Kgaa,Merck Kgaa O.n.,,,,,,,,,,,,,,,,
22873,22873,22616,Dollarama,Dollarama Inc,,,,,,,,,,,,,,,,
22910,22910,19091,Yara International,Yara International ASA,,,,,,,,,,,,,,,,
22924,22924,17391,FOOD COMFORT LTD,FOOD COMO LTD.,,,,,,,,,,,,,,,,
22937,22937,22005,Chailease Holding,Chailease Holding Co Ltd,,,,,,,,,,,,,,,,
22938,22938,2997,Aptitude Software Group,Aptitude Software Group plc,,,,,,,,,,,,,,,,
22955,22955,4025,Siam Global House Public Company,Siam Global House Public Company Ltd,,,,,,,,,,,,,,,,
22989,22989,19138,Leonteq AG,Leonteq Ag,,,,,,,,,,,,,,,,
22995,22995,1299,Eaton Corporation Plc,Eaton Corporation plc,,,,,,,,,,,,,,,,
23026,23026,13054,Crown Resorts,Crown Resorts Limited,,,,,,,,,,,,,,,,
23055,23055,17020,Orsted,Orsted A/s,,,,,,,,,,,,,,,,
23058,23058,4290,Yantai Jereh Oilfield Services Group,Yantai Jereh Oilfield Services Group Co Ltd,,,,,,,,,,,,,,,,
23118,23118,5597,CLIPPER LOGISTICS LIMITED,CLIPPER LOGISTICS PLC,,,,,,,,,,,,,,,,
23210,23210,2759,Wens Foodstuff Group,Wens Foodstuff Group Co Ltd,,,,,,,,,,,,,,,,
23215,23215,3126,Idemitsu Kosan,Idemitsu Kosan Co Ltd,,,,,,,,,,,,,,,,
23225,23225,5663,Kandenko Co Ltd,"Kandenko Co.,Ltd.",,,,,,,,,,,,,,,,
23269,23269,22454,Eastern Province Cement Co.,Eastern Province Cement Company,,,,,,,,,,,,,,,,
23273,23273,17828,Iida Group Holdings,Iida Group Holdings Co Ltd,,,,,,,,,,,,,,,,
23279,23279,1693,Autoliv,Autoliv Inc,,,,,,,,,,,,,,,,
23297,23297,10092,China Bohai Bank,China Bohai Bank Co Ltd,,,,,,,,,,,,,,,,
23311,23311,13875,Ingevity Corp,Ingevity Corporation,,,,,,,,,,,,,,,,
23328,23328,21340,Rheinmetall,Rheinmetall AG,,,,,,,,,,,,,,,,
23411,23411,14517,Bolloré,Bolloré SE,,,,,,,,,,,,,,,,
23445,23445,10529,"NIKE USA, INC.","NIKE, INC.",,,,,,,,,,,,,,,,
23447,23447,11508,Controladora Vuela Compania de Aviacion SAB de CV,"Controladora Vuela Compañía de Aviación, S.A.B. de C.V.",,,,,,,,,,,,,,,,
23460,23460,22035,Globaltrans Investment PLC,Globaltrans Investment Plc,,,,,,,,,,,,,,,,
23462,23462,17915,Citizens Financial Group Inc,"Citizens Financial Group, Inc.",,,,,,,,,,,,,,,,
23465,23465,9732,POMELLATO EUROPA SPA,POMELLATO SPA,,,,,,,,,,,,,,,,
23472,23472,6267,CBRE Group,CBRE Group Inc,,,,,,,,,,,,,,,,
23474,23474,9332,Sino-Platinum Metals Co Ltd,"Sino-Platinum Metals Co.,Ltd",,,,,,,,,,,,,,,,
23478,23478,4906,GOOD ANCESTOR LIMITED,GOOD ANCESTOR MOVEMENT LIMITED,,,,,,,,,,,,,,,,
23489,23489,18079,Wallenius Wilhelmsen ASA,Wallenius Wilhelmsen Asa,,,,,,,,,,,,,,,,
23491,23491,6672,GOOD CALL PROPERTY LTD,GOOD CALL PROPERTY MAINTENANCE LTD,,,,,,,,,,,,,,,,
23501,23501,1327,Cadence Design Systems Inc,"Cadence Design Systems, Inc.",,,,,,,,,,,,,,,,
23512,23512,363,Alliant Energy Corp,Alliant Energy Corporation,,,,,,,,,,,,,,,,
23534,23534,19229,Beijing Enterprises Water Group,Beijing Enterprises Water Group Ltd,,,,,,,,,,,,,,,,
23580,23580,7666,BAD ROBOT FILMS LTD,BAD ROBOT LTD,,,,,,,,,,,,,,,,
23606,23606,4918,Elite Material Co Ltd,Elite Material Co. Ltd,,,,,,,,,,,,,,,,
23607,23607,2026,Duke Realty,Duke Realty Corp,,,,,,,,,,,,,,,,
23611,23611,13096,Focused Photonics,Focused Photonics (hangzhou),,,,,,,,,,,,,,,,
23613,23613,14562,Chocoladefabriken Lindt & Sprungli AG,Chocoladefabriken Lindt & Sprungli Ag,,,,,,,,,,,,,,,,
23641,23641,22671,Ares Management,Ares Management Corp,,,,,,,,,,,,,,,,
23663,23663,22662,Petronas Lubricants,Petronas Lubricants Italy Spa,,,,,,,,,,,,,,,,
23695,23695,13627,Prince Pipes & Fittings,Prince Pipes And Fittings,,,,,,,,,,,,,,,,
23696,23696,17420,Aiful Corp,Aiful Corporation,,,,,,,,,,,,,,,,
23704,23704,5898,GN Store Nord A-S,GN Store Nord AS,,,,,,,,,,,,,,,,
23728,23728,12622,Brookfield Property Partners,Brookfield Property Partners LP,,,,,,,,,,,,,,,,
23732,23732,12734,Hotai Finance Co. Ltd,"Hotai Finance Co., Ltd.",,,,,,,,,,,,,,,,
23739,23739,8681,R A DEAKINS LIMITED,R A DESIGN LIMITED,,,,,,,,,,,,,,,,
23754,23754,11112,Salzgitter,Salzgitter AG,,,,,,,,,,,,,,,,
23790,23790,9493,Investment AB Oresund,Investment AB Öresund,,,,,,,,,,,,,,,,
23825,23825,1180,BKE Eisenbahn - Service,BKE Eisenbahn-Service,,,,,,,,,,,,,,,,
23826,23826,15606,Advanced Energy Industries Inc,"Advanced Energy Industries, Inc.",,,,,,,,,,,,,,,,
23863,23863,1007,Bank Of Chengdu,Bank Of China,,,,,,,,,,,,,,,,
23865,23865,2838,KGHM Polska Miedz SA,KGHM Polska Miedź,,,,,,,,,,,,,,,,
23904,23904,14716,Compeq Manufacturing,Compeq Manufacturing Co Ltd,,,,,,,,,,,,,,,,
23916,23916,16380,BEAUTY BOUTIQUE YORKSHIRE LTD,BEAUTY BOUTIQUE ZIM LTD,,,,,,,,,,,,,,,,
23930,23930,23293,Penta-Ocean Construction Co Ltd,Penta-Ocean Construction Co. Ltd,,,,,,,,,,,,,,,,
23960,23960,19242,Lugar Da Veiga,Lugar da Veiga,,,,,,,,,,,,,,,,
23974,23974,18006,Chicony Electronics,Chicony Electronics Co Ltd,,,,,,,,,,,,,,,,
23982,23982,8175,Citigroup Inc,Citigroup Inc.,,,,,,,,,,,,,,,,
24021,24021,8527,Home First Finance Company India,Home First Finance Company India Limited,,,,,,,,,,,,,,,,
24022,24022,907,Turkiye Petrol Rafinerileri,Turkiye Petrol Rafinerileri AS,,,,,,,,,,,,,,,,
24077,24077,8824,MonotaRO Co Ltd,MonotaRO Co. Ltd,,,,,,,,,,,,,,,,
24087,24087,1164,Ovintiv Inc,Ovintiv Inc.,,,,,,,,,,,,,,,,
24126,24126,7818,mVISE,mVISE AG,,,,,,,,,,,,,,,,
24144,24144,15675,Telecom Italia Spa,Telecom Italia Sparkle Spa,,,,,,,,,,,,,,,,
24151,24151,13523,Vita Group,Vita Group Limited,,,,,,,,,,,,,,,,
24163,24163,22555,Hewlett Packard Enterprise,Hewlett Packard Enterprise Co,,,,,,,,,,,,,,,,
24176,24176,6757,Nizhnekamskneftekhim PJSC,Nizhnekamskshina PJSC,,,,,,,,,,,,,,,,
24188,24188,409,SOFTWARE SOLUTIONS INDIA LIMITED,SOFTWARE SOLUTIONS INTERNATIONAL LIMITED,,,,,,,,,,,,,,,,
24210,24210,5287,Bittium,Bittium Oyj,,,,,,,,,,,,,,,,
24224,24224,10498,BIM Birlesik Magazalar A.S.,BIM Birlesik Magazalar AS,,,,,,,,,,,,,,,,
24226,24226,4639,Krung Thai,Krung Thai Bank,,,,,,,,,,,,,,,,
24261,24261,19517,Barrick Gold Corp,Barrick Gold Corporation,,,,,,,,,,,,,,,,
24293,24293,13550,TECO Electric & Machinery Co Ltd,TECO Electric & Machinery Co. Ltd,,,,,,,,,,,,,,,,
24307,24307,20251,Urban Outfitters,Urban Outfitters Inc,,,,,,,,,,,,,,,,
24311,24311,2000,Hanil Cement,Hanil Cement Co. Ltd,,,,,,,,,,,,,,,,
24313,24313,21374,Signet Jewelers,Signet Jewelers Ltd,,,,,,,,,,,,,,,,
24317,24317,17147,ALL ABOUT SPINES LIMITED,ALL ABOUT SPORT LIMITED,,,,,,,,,,,,,,,,
24334,24334,22261,China Merchants Port Holdings Co Ltd,China Merchants Port Holdings Company,,,,,,,,,,,,,,,,
24335,24335,24092,CAE Inc,CAE Inc.,,,,,,,,,,,,,,,,
24347,24347,16129,Q ASSOCIATES LIMITED,Q ASSOCIATES SERVICES LIMITED,,,,,,,,,,,,,,,,
24353,24353,20338,Empresas Cmpc,Empresas Copec,,,,,,,,,,,,,,,,
24368,24368,11836,Summit Industrial Income REIT,Summit Industrial Income Reit,,,,,,,,,,,,,,,,
24372,24372,6825,Taiji Computer Corp Ltd,Taiji Computer Corporation,,,,,,,,,,,,,,,,
24409,24409,6982,Morningstar Inc,"Morningstar, Inc.",,,,,,,,,,,,,,,,
24447,24447,10672,Classpass,Classplus,,,,,,,,,,,,,,,,
24473,24473,23539,Yamato Kogyo,Yamato Kogyo Co Ltd,,,,,,,,,,,,,,,,
24489,24489,15333,Alliance Trust,Alliance Trust plc,,,,,,,,,,,,,,,,
24502,24502,7957,Centre Testing International Group,Centre Testing International Group Co. Ltd,,,,,,,,,,,,,,,,
24542,24542,8861,Nohmi Bosai,Nohmi Bosai Ltd,,,,,,,,,,,,,,,,
24593,24593,9800,Quaker Chemical Corp,Quaker Chemical Corporation,,,,,,,,,,,,,,,,
24651,24651,23118,CLIPPER LOGISTICS (WAREHOUSING) LIMITED,CLIPPER LOGISTICS LIMITED,,,,,,,,,,,,,,,,
24679,24679,19817,China Resources Cement Holdings,China Resources Cement Holdings Ltd,,,,,,,,,,,,,,,,
24706,24706,8553,BayWa,BayWa AG,,,,,,,,,,,,,,,,
24719,24719,22113,Enbridge,Enbridge Inc,,,,,,,,,,,,,,,,
24733,24733,17317,Z & T LIMITED,Z & T OPS UK LIMITED,,,,,,,,,,,,,,,,
24763,24763,13665,Commonwealth Bank Of Australia,Commonwealth Bank of Australia,,,,,,,,,,,,,,,,
24768,24768,15698,NEW AGE SPORTS GROUP LTD,NEW AGE SPORTS LIMITED,,,,,,,,,,,,,,,,
24772,24772,15012,Singapore Airlines,Singapore Airlines Ltd,,,,,,,,,,,,,,,,
24778,24778,1947,"Jiangsu Hengshun Vinegar-Industry Co.,Ltd",Jiangsu Hengshun Vinegar-industry,,,,,,,,,,,,,,,,
24788,24788,11518,Befar Group,"Befar Group Co.,Ltd",,,,,,,,,,,,,,,,
24789,24789,9925,Telix Pharmaceuticals,Telix Pharmaceuticals Limited,,,,,,,,,,,,,,,,
24826,24826,1612,Hunter Douglas,Hunter Douglas N.V.,,,,,,,,,,,,,,,,
24833,24833,4041,ElringKlinger AG,Elringklinger Ag,,,,,,,,,,,,,,,,
24858,24858,23451,NEW ADVENTURES TRAVEL LIMITED,NEW ADVENTURES VERONA LIMITED,,,,,,,,,,,,,,,,
24859,24859,3576,Retail Estates,Retail Estates N.V.,,,,,,,,,,,,,,,,
24864,24864,15268,Guizhou Xinbang Pharmaceutical,Guizhou Yibai Pharmaceutical,,,,,,,,,,,,,,,,
24891,24891,6180,Johnson & Johnson,Johnson & Johnson Careers,,,,,,,,,,,,,,,,
24905,24905,9041,GC Corp,GCA Corp,,,,,,,,,,,,,,,,
24925,24925,12968,Elevance Health,Elevance Health Inc,,,,,,,,,,,,,,,,
24939,24939,18359,Diasorin,Diasorin Spa,,,,,,,,,,,,,,,,
24958,24958,14849,Coherent,Coherent Corp,,,,,,,,,,,,,,,,
24976,24976,7370,Allwinnertech Technology,"Allwinnertech Technology Co.,Ltd.",,,,,,,,,,,,,,,,
24982,24982,20466,Fluidra,Fluidra SA,,,,,,,,,,,,,,,,
24990,24990,22632,Guoco Group,Guoco Group Ltd,,,,,,,,,,,,,,,,
25000,25000,21698,Tenet Healthcare,Tenet Healthcare Corp,,,,,,,,,,,,,,,,
25001,25001,5065,IDFC FIRST Bank,IDFC FIRST Bharat,,,,,,,,,,,,,,,,
25009,25009,24871,Sun International Group Ltd,Sun International Ltd,,,,,,,,,,,,,,,,
25017,25017,14065,Aurizon Holdings Limited,Aurizon Holdings Ltd,,,,,,,,,,,,,,,,
25033,25033,3933,NEW ALBION ENERGY LTD,NEW ALBION LTD,,,,,,,,,,,,,,,,
25087,25087,5724,Vontobel Holding AG,Vontobel Holding Ag,,,,,,,,,,,,,,,,
25094,25094,4107,Tokyo Tatemono,Tokyo Tatemono Co Ltd,,,,,,,,,,,,,,,,
25156,25156,10141,FALCK ENERGY SPA,FALCK SPA,,,,,,,,,,,,,,,,
25186,25186,11312,China Grand Automotive Services,China Grand Automotive Services Group,,,,,,,,,,,,,,,,
25189,25189,18474,Iberdrola,Iberdrola SA,,,,,,,,,,,,,,,,
25200,25200,3331,Event Hospitality & Entertainment,Event Hospitality & Entertainment Limited,,,,,,,,,,,,,,,,
25209,25209,5532,Harley-Davidson,Harley-Davidson Inc,,,,,,,,,,,,,,,,
25272,25272,6805,Copart Inc,"Copart, Inc.",,,,,,,,,,,,,,,,
25274,25274,16773,Tokyo Seimitsu Co Ltd,Tokyo Seimitsu Co. Ltd,,,,,,,,,,,,,,,,
25284,25284,20585,Talgo,Talgo SA,,,,,,,,,,,,,,,,
25288,25288,9439,Securitas AB,Securitas Ab,,,,,,,,,,,,,,,,
25293,25293,19720,Casey's General Stores Inc,"Casey's General Stores, Inc.",,,,,,,,,,,,,,,,
25313,25313,16906,Shanghai Electric Power Company,Shanghai Electric Power Company Ltd,,,,,,,,,,,,,,,,
25355,25355,1512,Deluxe Corp,Deluxe Corporation,,,,,,,,,,,,,,,,
25384,25384,14534,Invibes Advertising N.V.,Invibes advertising,,,,,,,,,,,,,,,,
25406,25406,17647,Kato Sangyo,Kato Sangyo Co Ltd,,,,,,,,,,,,,,,,
25412,25412,8621,Zions Bancorporation National Association,"Zions Bancorporation, National Association",,,,,,,,,,,,,,,,
25416,25416,6389,Vonage Holdings Corp,Vonage Holdings Corp.,,,,,,,,,,,,,,,,
25434,25434,6751,ICICI Bank Limited,ICICI Bank Ltd,,,,,,,,,,,,,,,,
25444,25444,4310,CNOOC Limited,CNOOC Ltd,,,,,,,,,,,,,,,,
25454,25454,24015,DraftKings Inc.,Draftkings Inc.,,,,,,,,,,,,,,,,
25475,25475,18958,Hindustan Zinc,Hindustan Zinc Ltd,,,,,,,,,,,,,,,,
25495,25495,14879,Kingsoft Cloud,Kingsoft Corp Ltd,,,,,,,,,,,,,,,,
25503,25503,2167,Align Technology Inc,"Align Technology, Inc.",,,,,,,,,,,,,,,,
25508,25508,20373,Tokyo Ohka Kogyo,Tokyo Ohka Kogyo Co Ltd,,,,,,,,,,,,,,,,
25521,25521,17729,Daishi Hokuetsu Financial Group,"Daishi Hokuetsu Financial Group, Inc.",,,,,,,,,,,,,,,,
25549,25549,6580,Puma,Puma SE,,,,,,,,,,,,,,,,
25604,25604,22760,Salesforce Inc,Salesforce.com,,,,,,,,,,,,,,,,
25625,25625,12325,Hangzhou Silan Microelectronics,Hangzhou Silan Microelectronics Co Ltd,,,,,,,,,,,,,,,,
25626,25626,16617,Hankook Tire & Technology,Hankook Tire & Technology Co Ltd,,,,,,,,,,,,,,,,
25628,25628,19063,Tri Chemical Laboratories,"Tri Chemical Laboratories, Inc.",,,,,,,,,,,,,,,,
25631,25631,16849,Hitachi Construction Machinery Co Ltd,Hitachi Construction Machinery Co. Ltd,,,,,,,,,,,,,,,,
25633,25633,4186,Boston Properties Inc,"Boston Properties, Inc.",,,,,,,,,,,,,,,,
25655,25655,18904,Vobile Group Limited,Vobile Group Ltd,,,,,,,,,,,,,,,,
25664,25664,18526,Eaton Vance Corp,Eaton Vance Corp.,,,,,,,,,,,,,,,,
25672,25672,10680,Tsingtao Brewery Co Ltd,Tsingtao Brewery Company,,,,,,,,,,,,,,,,
25709,25709,18640,Ludoil Energia Srl,Ludoil Energy Spa,,,,,,,,,,,,,,,,
25714,25714,20187,Meggitt Plc,Meggitt plc,,,,,,,,,,,,,,,,
25716,25716,17306,Marketech International,Marketech International Corp,,,,,,,,,,,,,,,,
25743,25743,15643,ALL ABOUT DESIGNS LTD,ALL ABOUT DESSERTS LTD,,,,,,,,,,,,,,,,
25748,25748,635,Power Construction Corporation Of China Ltd,Power Construction Corporation of China,,,,,,,,,,,,,,,,
25752,25752,12496,Samsung Engineering,Samsung Engineering Co Ltd,,,,,,,,,,,,,,,,
25759,25759,6760,Hang Seng Bank Limited,Hang Seng Bank Ltd,,,,,,,,,,,,,,,,
25762,25762,25690,Coles Group,Coles Group Limited,,,,,,,,,,,,,,,,
25767,25767,21990,Miura Co Ltd,Miura Co. Ltd,,,,,,,,,,,,,,,,
25804,25804,23724,Westlake Chemical,Westlake Chemical Corporation,,,,,,,,,,,,,,,,
25807,25807,17499,Jiangsu Zijin Rural Commercial Bank,"Jiangsu Zijin Rural Commercial Bank Co.,Ltd",,,,,,,,,,,,,,,,
25818,25818,8262,Meidensha Corp,Meidensha Corporation,,,,,,,,,,,,,,,,
25841,25841,1657,Banpu Power Public Company,Banpu Power Public Company Ltd,,,,,,,,,,,,,,,,
25843,25843,23872,Impax Environmental Markets,Impax Environmental Markets Trust plc,,,,,,,,,,,,,,,,
25844,25844,9112,Apache Corp,Apache Corporation,,,,,,,,,,,,,,,,
25854,25854,16000,Arihant Superstructures,Arihant Superstructures Ltd,,,,,,,,,,,,,,,,
25867,25867,8081,Infomart Corp,Infomart Corporation,,,,,,,,,,,,,,,,
25921,25921,19300,Wirecard,Wirecard AG,,,,,,,,,,,,,,,,
25926,25926,8198,Aecc Aviation Power,"Aecc Aviation Power Co.,Ltd",,,,,,,,,,,,,,,,
25951,25951,21196,NEW AFRICA LTD,NEW AFRICA NATION LTD,,,,,,,,,,,,,,,,
25977,25977,3090,KKR & Co Inc,KKR & Co. Inc.,,,,,,,,,,,,,,,,
26006,26006,12369,Evergreen Marine Corp. (Taiwan),Evergreen Marine Corporation (taiwan),,,,,,,,,,,,,,,,
26012,26012,21802,Sleep Country Canada Holdings,Sleep Country Canada Holdings Inc.,,,,,,,,,,,,,,,,
26039,26039,16373,Briscoe Group,Briscoe Group Limited,,,,,,,,,,,,,,,,
26112,26112,19016,Dometic Group AB,Dometic Group Ab (publ),,,,,,,,,,,,,,,,
26192,26192,11385,UniCredit S.p.A.,UniCredit SpA,,,,,,,,,,,,,,,,
26210,26210,17936,RPM International Inc,RPM International Inc.,,,,,,,,,,,,,,,,
26234,26234,25904,Ferroglobe PLC,Ferroglobe Plc,,,,,,,,,,,,,,,,
26241,26241,8732,Delta Air Lines,Delta Air Lines Inc,,,,,,,,,,,,,,,,
26253,26253,17042,INCLEX NO 3 LIMITED,INCLEX NO 7 LIMITED,,,,,,,,,,,,,,,,
26270,26270,1756,Fukuyama Transporting Co Ltd,Fukuyama Transporting Co. Ltd,,,,,,,,,,,,,,,,
26283,26283,20089,Meblobranie,Meblobranie.pl,,,,,,,,,,,,,,,,
26324,26324,897,ALL ABOUT FOOD LIMITED,ALL ABOUT FOOD SERVICE LIMITED,,,,,,,,,,,,,,,,
26339,26339,7679,Grind,Grindeks,,,,,,,,,,,,,,,,
26341,26341,18926,Japan Post Holdings,Japan Post Holdings Co Ltd,,,,,,,,,,,,,,,,
26357,26357,19844,Jaguar Land Rover,Jaguar Land Rover Italia Spa,,,,,,,,,,,,,,,,
26359,26359,21638,PKO Bank Polski,PKO Bank Polski SA,,,,,,,,,,,,,,,,
26360,26360,9428,Relo Group Inc,"Relo Group, Inc.",,,,,,,,,,,,,,,,
26381,26381,5117,Haitian International Holdings,Haitian International Holdings Ltd,,,,,,,,,,,,,,,,
26400,26400,9010,Bank of Changsha Co Ltd,Bank of Changsha Co. Ltd,,,,,,,,,,,,,,,,
26440,26440,20814,Canadian Natural Resources,Canadian Natural Resources Limited,,,,,,,,,,,,,,,,
26443,26443,17819,Indra Sistemas,Indra Sistemas SA,,,,,,,,,,,,,,,,
26451,26451,11467,NEW AGE CONSULT LIMITED,NEW AGE CONSULTING VIGH LIMITED,,,,,,,,,,,,,,,,
26472,26472,12786,Siam City Cement Public Company,Siam City Cement Public Company Ltd,,,,,,,,,,,,,,,,
26478,26478,18358,FOOD DIRECT YORK LIMITED,FOOD DIRECTION LTD,,,,,,,,,,,,,,,,
26515,26515,11786,Hertz Global Holdings,Hertz Global Holdings Inc,,,,,,,,,,,,,,,,
26519,26519,2259,Vestel Beyaz Esya Sanayi Ve Ticaret,Vestel Beyaz Esya Sanayi ve Ticaret A.S.,,,,,,,,,,,,,,,,
26524,26524,14530,GOOD COD LTD,GOOD CODE LTD,,,,,,,,,,,,,,,,
26542,26542,17301,Sasol Limited,Sasol Ltd,,,,,,,,,,,,,,,,
26582,26582,10411,Clean Science And Technology,Clean Science And Technology Limited,,,,,,,,,,,,,,,,
26619,26619,9683,Golden Entertainment,Golden Entertainment Inc,,,,,,,,,,,,,,,,
26633,26633,6699,Havas,Havas SA,,,,,,,,,,,,,,,,
26646,26646,19453,V ACCOUNTANTS LIMITED,V ACCOUNTING LTD,,,,,,,,,,,,,,,,
26658,26658,16698,Z & K FLEETS LTD,Z & K GLOUCESTER LTD,,,,,,,,,,,,,,,,
26660,26660,2319,Cintan,Cintas,,,,,,,,,,,,,,,,
26709,26709,14672,"Merian Chrysalis Investment Co., Ltd.",Merian Chrysalis Investment Company Limited,,,,,,,,,,,,,,,,
26728,26728,22736,Altshuler Shaham Provident Funds And Pension Ltd,Altshuler Shaham Provident Funds and Pension Ltd,,,,,,,,,,,,,,,,
26738,26738,24860,2E Vertriebs,2E Vertriebs-GmbH,,,,,,,,,,,,,,,,
26745,26745,11745,Great Tree Pharmacy,Great Tree Pharmacy Co. Ltd,,,,,,,,,,,,,,,,
26781,26781,2493,S A DESIGN CONSULTANTS LTD,S A DESIGN SOLUTIONS LTD,,,,,,,,,,,,,,,,
26820,26820,16139,Neosperience,Neosperience S.p.A.,,,,,,,,,,,,,,,,
26829,26829,24478,Kingfisher Plc,Kingfisher plc,,,,,,,,,,,,,,,,
26848,26848,13886,Fukuoka Financial Group Inc,"Fukuoka Financial Group, Inc.",,,,,,,,,,,,,,,,
26864,26864,15717,ALL ABOUT FACE LTD,ALL ABOUT FAMILIES LTD,,,,,,,,,,,,,,,,
26868,26868,7499,Erie Indemnity Co,Erie Indemnity Company,,,,,,,,,,,,,,,,
26870,26870,14850,BP Plc,BP plc,,,,,,,,,,,,,,,,
26887,26887,18012,Oeneo SA,Oeneo Sa,,,,,,,,,,,,,,,,
26919,26919,5156,Canadian Imperial Bank Of Commerce,Canadian Imperial Bank of Commerce,,,,,,,,,,,,,,,,
26927,26927,21883,Power Grid Corporation of India,Power Grid Corporation of India Ltd,,,,,,,,,,,,,,,,
26942,26942,7397,General Electric,General Electric (GE),,,,,,,,,,,,,,,,
26946,26946,7243,Vodafone Group Plc,Vodafone Group plc,,,,,,,,,,,,,,,,
26952,26952,25313,Shanghai Electric Group Company,Shanghai Electric Power Company,,,,,,,,,,,,,,,,
26967,26967,12891,Empresas Copec SA,Empresas Gasco SA,,,,,,,,,,,,,,,,
26972,26972,25274,Tokyo Seimitsu,Tokyo Seimitsu Co Ltd,,,,,,,,,,,,,,,,
26983,26983,17850,Pacific Basin Shipping,Pacific Basin Shipping Ltd,,,,,,,,,,,,,,,,
26984,26984,21174,Shanghai Pharmaceuticals Holding Co Ltd,Shanghai Pharmaceuticals Holding Co. Ltd,,,,,,,,,,,,,,,,
26998,26998,14097,FINANCE SOS LIMITED,FINANCE SOUTH EAST LIMITED,,,,,,,,,,,,,,,,
27018,27018,20105,Tokyu Corp,Tokyu Corporation,,,,,,,,,,,,,,,,
27024,27024,9590,Teledyne Technologies Inc,Teledyne Technologies Incorporated,,,,,,,,,,,,,,,,
27037,27037,6718,CGN Power Co Ltd,CGN Power Co. Ltd,,,,,,,,,,,,,,,,
27048,27048,16417,Beijing Capital Development,Beijing Capital Development Co. Ltd,,,,,,,,,,,,,,,,
27070,27070,11267,Storebrand,Storebrand ASA,,,,,,,,,,,,,,,,
27082,27082,23223,BAD APPLE HAIR SALONS UK LIMITED,BAD APPLE HAIR SOLIHULL LTD,,,,,,,,,,,,,,,,
27116,27116,24790,ALL ABOUT KIDS LTD,ALL ABOUT KIDZ N20 LIMITED,,,,,,,,,,,,,,,,
27131,27131,5330,Smartsheet,Smartsheet Inc.,,,,,,,,,,,,,,,,
27137,27137,13088,Dragerwerk AG & Co KGaA,Dragerwerk Ag & Co. Kgaa,,,,,,,,,,,,,,,,
27172,27172,18340,Shandong Nanshan Aluminium Co. Ltd,"Shandong Nanshan Aluminium Co., Ltd.",,,,,,,,,,,,,,,,
27180,27180,12586,Seibu Holdings,Seibu Holdings Inc,,,,,,,,,,,,,,,,
27188,27188,16287,Spire Healthcare Group,Spire Healthcare Group Plc,,,,,,,,,,,,,,,,
27192,27192,23519,Tasly Pharmaceutical Group Co Ltd,Tasly Pharmaceutical Group Co. Ltd,,,,,,,,,,,,,,,,
27213,27213,27017,Roper Technologies,Roper Technologies Inc,,,,,,,,,,,,,,,,
27214,27214,9988,Taiwan FamilyMart Co. Ltd,Taiwan Familymart,,,,,,,,,,,,,,,,
27240,27240,16128,Jaws Mustang Acquisition Corp,Jaws Mustang Acquisition Corporation,,,,,,,,,,,,,,,,
27241,27241,19067,Digital Reality,Digital Realty Careers,,,,,,,,,,,,,,,,
27285,27285,9655,Fundo de Investimento Imobiliario Edificio Almirante Barroso,Fundo de Investimento Imobiliario Edificio Ourinvest,,,,,,,,,,,,,,,,
27288,27288,4119,North China Pharmaceutical Co Ltd,North China Pharmaceutical Company Ltd,,,,,,,,,,,,,,,,
27291,27291,20180,Knight-Swift Transportation Holdings Inc,Knight-Swift Transportation Holdings Inc.,,,,,,,,,,,,,,,,
27359,27359,19354,Apollo Hospitals,Apollo Hospitals Enterprise,,,,,,,,,,,,,,,,
27376,27376,10060,Intuitive Surgical Inc,"Intuitive Surgical, Inc.",,,,,,,,,,,,,,,,
27412,27412,24878,Bell Food Group Ag,Bell Food Group Ltd,,,,,,,,,,,,,,,,
27419,27419,22679,Harbin Hatou Investment,"Harbin Hatou Investment Co.,Ltd",,,,,,,,,,,,,,,,
27431,27431,7416,Keller Group,Keller Group plc,,,,,,,,,,,,,,,,
27455,27455,8077,Austerlitz Acquisition Corp Ii,Austerlitz Acquisition Corporation I,,,,,,,,,,,,,,,,
27456,27456,24913,Gunkul Engineering Public Company,Gunkul Engineering Public Company Ltd,,,,,,,,,,,,,,,,
27479,27479,24192,Harvey Norman Holdings Limited,Harvey Norman Holdings Ltd,,,,,,,,,,,,,,,,
27483,27483,13308,Naver Corp,Naver Corporation,,,,,,,,,,,,,,,,
27494,27494,9727,FOOD BY SEAN LIMITED,FOOD BY SEAN NO600 LIMITED,,,,,,,,,,,,,,,,
27507,27507,5070,Shanghai Construction Group,Shanghai Construction Group Co Ltd,,,,,,,,,,,,,,,,
27521,27521,11993,Nagase & Co Ltd,Nagase & Co. Ltd,,,,,,,,,,,,,,,,
27523,27523,4840,Brunello Cucinelli,Brunello Cucinelli S.p.A.,,,,,,,,,,,,,,,,
27528,27528,18051,Haitong Securities Co Ltd,Haitong Securities Co. Ltd,,,,,,,,,,,,,,,,
27541,27541,7767,Supermarket Income REIT plc,Supermarket Income Reit,,,,,,,,,,,,,,,,
27543,27543,15352,Saudi Telecom,Saudi Telecom Co,,,,,,,,,,,,,,,,
27561,27561,21425,Norsk Hydro,Norsk Hydro ASA,,,,,,,,,,,,,,,,
27585,27585,18102,Intercontinental Exchange,Intercontinental Exchange Inc,,,,,,,,,,,,,,,,
27604,27604,6592,Metalurgica Gerdau,Metalurgica Gerdau SA,,,,,,,,,,,,,,,,
27608,27608,22460,Speed Tech,Speed Tech Corp,,,,,,,,,,,,,,,,
27620,27620,4982,Donatella,Donatella*,,,,,,,,,,,,,,,,
27622,27622,25042,Samsung Electro-Mechanics,Samsung Electro-Mechanics Co Ltd,,,,,,,,,,,,,,,,
27630,27630,15370,T. & B. CONTAINERS HOLDINGS LTD,T. & B. CONTAINERS LIMITED,,,,,,,,,,,,,,,,
27644,27644,247,Cenovus Energy,Cenovus Energy Inc,,,,,,,,,,,,,,,,
27675,27675,6485,Workiva,Workiva Inc.,,,,,,,,,,,,,,,,
27684,27684,19333,Sunresin New Materials,Sunresin New Materials Co. Ltd,,,,,,,,,,,,,,,,
27704,27704,6996,T & B BUILDING LTD,T & B BUILDING SERVICES LTD,,,,,,,,,,,,,,,,
27705,27705,681,J Sainsbury,J Sainsbury Plc,,,,,,,,,,,,,,,,
27706,27706,4196,Loewe,Loews,,,,,,,,,,,,,,,,
27728,27728,9152,Suncorp Group Limited,Suncorp Group Ltd,,,,,,,,,,,,,,,,
27734,27734,27089,Metall Zug AG,Metall Zug Ag,,,,,,,,,,,,,,,,
27738,27738,5386,Construcciones Y Auxiliar De Ferrocarriles,Construcciones y Auxiliar de Ferrocarriles (CAF),,,,,,,,,,,,,,,,
27749,27749,25682,Bendigo & Adelaide Bank,Bendigo And Adelaide Bank,,,,,,,,,,,,,,,,
27756,27756,1769,Spin Master Corp,Spin Master Corp.,,,,,,,,,,,,,,,,
27758,27758,17085,Samsonite International,Samsonite International SA,,,,,,,,,,,,,,,,
27764,27764,7286,Megachem,Megachem Ltd,,,,,,,,,,,,,,,,
27768,27768,27655,Ringcentral,Ringcentral Careers,,,,,,,,,,,,,,,,
27773,27773,13565,Aggreko,Aggreko Ltd,,,,,,,,,,,,,,,,
27776,27776,16741,A.U.E. Genc Warenhandels,A.U.E. Genc Warenhandels-UG,,,,,,,,,,,,,,,,
27790,27790,16246,Netcare,Netcare Ltd,,,,,,,,,,,,,,,,
27811,27811,19340,Huaihe Energy,Huaihe Energy (group),,,,,,,,,,,,,,,,
27834,27834,10479,Arvida Group,Arvida Group Ltd,,,,,,,,,,,,,,,,
27860,27860,9109,Epiroc,Epiroc AB,,,,,,,,,,,,,,,,
27867,27867,14479,Fairfax Financial Holdings Limited,Fairfax Financial Holdings Ltd,,,,,,,,,,,,,,,,
27879,27879,20310,P & A CONSTRUCTION CO. LTD,P & A CONSTRUCTION SOLUTIONS LTD,,,,,,,,,,,,,,,,
27888,27888,7417,Electra Consumer Products,Electra Consumer Products (1970) Ltd,,,,,,,,,,,,,,,,
27940,27940,1192,Royal Bafokeng Platinum,Royal Bafokeng Platinum Ltd,,,,,,,,,,,,,,,,
27956,27956,19769,V & A HOLDINGS LIMITED,V & A HYDRAULICS LIMITED,,,,,,,,,,,,,,,,
27959,27959,19113,Mytilineos S.a.,Mytilineos SA,,,,,,,,,,,,,,,,
27963,27963,14775,Newmont Corp,Newmont Corporation,,,,,,,,,,,,,,,,
27970,27970,19681,Weichai Power,Weichai Power Co Ltd,,,,,,,,,,,,,,,,
27982,27982,18167,Bangkok Commercial Asset Management Company,Bangkok Commercial Asset Management Company Ltd,,,,,,,,,,,,,,,,
27989,27989,17784,ALL ABOUT THE STORY LTD,ALL ABOUT THE TREES LIMITED,,,,,,,,,,,,,,,,
27993,27993,2356,Orient Bell,Orient Bikes,,,,,,,,,,,,,,,,
27996,27996,3212,Esselunga,Esselunga Spa,,,,,,,,,,,,,,,,
28005,28005,24700,Terminix Global Holdings Inc,"Terminix Global Holdings, Inc.",,,,,,,,,,,,,,,,
28030,28030,20012,Vipshop Holdings,Vipshop Holdings Limited,,,,,,,,,,,,,,,,
28050,28050,9345,Mitsubishi Motors,Mitsubishi Motors Corp,,,,,,,,,,,,,,,,
28077,28077,19632,Robert Bosch,Robert Bosch GmbH,,,,,,,,,,,,,,,,
28110,28110,9192,Ceconomy,Ceconomy AG,,,,,,,,,,,,,,,,
28121,28121,19168,Godrej Industries,Godrej Industries Ltd,,,,,,,,,,,,,,,,
28132,28132,21557,Bosideng International Holdings,Bosideng International Holdings Ltd,,,,,,,,,,,,,,,,
28139,28139,13136,Andritz AG,Andritz Ag,,,,,,,,,,,,,,,,
28157,28157,4272,The Hong Kong and China Gas Co Ltd,The Hong Kong and China Gas Company Ltd,,,,,,,,,,,,,,,,
28179,28179,7529,ALL ABOUT CONSTRUCTION LTD,ALL ABOUT CONTENT LIMITED,,,,,,,,,,,,,,,,
28210,28210,15335,First Capital Real Estate,First Capital Real Estate Investment Trust,,,,,,,,,,,,,,,,
28222,28222,8552,Deutsche Borse AG,Deutsche Börse,,,,,,,,,,,,,,,,
28236,28236,26307,SpartanNash Co,Spartannash Company,,,,,,,,,,,,,,,,
28238,28238,19467,Trend Micro Inc,Trend Micro Inc.,,,,,,,,,,,,,,,,
28286,28286,5548,Shenzhen Fine Made Electronics Group,Shenzhen Fine Made Electronics Group Co. Ltd,,,,,,,,,,,,,,,,
28304,28304,11067,Radian Group,Radian Group Inc,,,,,,,,,,,,,,,,
28308,28308,9415,SWEDBANK LIFE INSURANCE SE,SWEDBANK P&C INSURANCE AS,,,,,,,,,,,,,,,,
28320,28320,22350,Host Hotels & Resorts,Host Hotels & Resorts Inc,,,,,,,,,,,,,,,,
28322,28322,14858,Marui Group,Marui Group Co Ltd,,,,,,,,,,,,,,,,
28323,28323,10249,Koc Holding,Koc Holding AS,,,,,,,,,,,,,,,,
28325,28325,24135,IMA-PG,IMAP,,,,,,,,,,,,,,,,
28342,28342,26299,Poshmark,"Poshmark, Inc.",,,,,,,,,,,,,,,,
28351,28351,20341,TVS Motor,TVS Motor Co Ltd,,,,,,,,,,,,,,,,
28381,28381,3224,Veolia Environnement,Veolia Environnement SA,,,,,,,,,,,,,,,,
28409,28409,531,Tokio Marine Holdings Inc,"Tokio Marine Holdings, Inc.",,,,,,,,,,,,,,,,
28434,28434,703,BAD RAM LTD,BAD RAVEN LTD.,,,,,,,,,,,,,,,,
28462,28462,22262,Red Rock Resorts,"Red Rock Resorts, Inc.",,,,,,,,,,,,,,,,
28502,28502,22267,Tri-continental Corporation,Tri-continental Corporation Pfd $2.50,,,,,,,,,,,,,,,,
28510,28510,6335,Parex Resources,Parex Resources Inc.,,,,,,,,,,,,,,,,
28524,28524,21047,Tsubakimoto Chain,Tsubakimoto Chain Co,,,,,,,,,,,,,,,,
28541,28541,9454,Scatec Solar,Scatec Solar Asa,,,,,,,,,,,,,,,,
28562,28562,23419,Newmark Group,Newmark Group Inc,,,,,,,,,,,,,,,,
28566,28566,10920,Swedish Match AB,Swedish Match Ab (publ),,,,,,,,,,,,,,,,
28578,28578,7654,Bulgarian Energy Holding,Bulgarian Energy Holding EAD,,,,,,,,,,,,,,,,
28591,28591,20287,Comture,Comture Corp,,,,,,,,,,,,,,,,
28616,28616,21618,ThyssenKrupp,ThyssenKrupp AG,,,,,,,,,,,,,,,,
28647,28647,22594,Slack Technologies,"Slack Technologies, Inc.",,,,,,,,,,,,,,,,
28657,28657,23912,China Energy Engineering Corp Ltd,China Energy Engineering Corporation Limited,,,,,,,,,,,,,,,,
28675,28675,16367,Grafton Group Plc,Grafton Group plc,,,,,,,,,,,,,,,,
28692,28692,4462,ALL ABOUT EVE FILMS LTD,ALL ABOUT EVE LTD,,,,,,,,,,,,,,,,
28711,28711,23322,Kewpie Corp,Kewpie Corporation,,,,,,,,,,,,,,,,
28730,28730,8872,Glenveagh Properties Plc,Glenveagh Properties plc,,,,,,,,,,,,,,,,
28756,28756,12987,Greggs Plc,Greggs plc,,,,,,,,,,,,,,,,
28778,28778,18716,Ecopetrol,Ecopetrol SA,,,,,,,,,,,,,,,,
28782,28782,26514,China Conch Venture Holdings,China Conch Venture Holdings Ltd,,,,,,,,,,,,,,,,
28803,28803,5845,Fiverr International,Fiverr International Ltd.,,,,,,,,,,,,,,,,
28808,28808,12287,Sysco Corporation,Syscom Corporation,,,,,,,,,,,,,,,,
28812,28812,25280,Fuji Seal International,Fuji Seal International Inc,,,,,,,,,,,,,,,,
28813,28813,24978,Gulf Contracting,Gulf Contracting Co. WLL,,,,,,,,,,,,,,,,
28849,28849,9075,"Nissin Foods Holdings Co.,Ltd.",Nissin Foodsholdings,,,,,,,,,,,,,,,,
28850,28850,23852,Bluestar Adisseo Co,Bluestar Adisseo Company,,,,,,,,,,,,,,,,
28866,28866,278,Endesa,Endesa SA,,,,,,,,,,,,,,,,
28892,28892,10906,CMC Materials Inc,"CMC Materials, Inc.",,,,,,,,,,,,,,,,
28907,28907,13039,Ninety One,Ninety One Group,,,,,,,,,,,,,,,,
28927,28927,3089,Guangzhou Automobile Group Co Ltd,Guangzhou Automobile Group Co. Ltd,,,,,,,,,,,,,,,,
28943,28943,14376,Tangshan Sanyou Chemical Industries,"Tangshan Sanyou Chemical Industries Co.,Ltd",,,,,,,,,,,,,,,,
28970,28970,5090,Papa John's International,Papa John's International Inc,,,,,,,,,,,,,,,,
28971,28971,23247,Q & S PROPERTIES LTD,Q & S PROPERTY LIMITED,,,,,,,,,,,,,,,,
28976,28976,8926,Kurita Water Industries,Kurita Water Industries Ltd,,,,,,,,,,,,,,,,
29002,29002,21127,The Cooper Companies,The Cooper Companies Inc,,,,,,,,,,,,,,,,
29011,29011,3702,Meritz Securities,Meritz Securities Co Ltd,,,,,,,,,,,,,,,,
29017,29017,23258,Citic Heavy Industries,Citic Heavy Industries Co Ltd,,,,,,,,,,,,,,,,
29042,29042,27282,Facephi Biometria,Facephi Biometria SA,,,,,,,,,,,,,,,,
29051,29051,2102,BAD INTENTIONS BOXING LIMITED,BAD INTENTIONS CLOTHING LIMITED,,,,,,,,,,,,,,,,
29052,29052,23920,Bang & Olufsen,Bang & Olufsen A-S,,,,,,,,,,,,,,,,
29054,29054,27902,"Wuhan Keqian Biology Co.,Ltd","Wuhan Keqian Biology Co.,ltd",,,,,,,,,,,,,,,,
29072,29072,9811,Conagra Brands,Conagra Brands Careers,,,,,,,,,,,,,,,,
29073,29073,3048,ServiceNow,ServiceNow Inc,,,,,,,,,,,,,,,,
29079,29079,16038,Allegion Plc,Allegion plc,,,,,,,,,,,,,,,,
29082,29082,2119,Xinfengming Group,Xinfengming Group Co. Ltd,,,,,,,,,,,,,,,,
29084,29084,7420,SBA Communications Corp,SBA Communications Corporation,,,,,,,,,,,,,,,,
29087,29087,27823,China Communications Services Corp Ltd,China Communications Services Corporation,,,,,,,,,,,,,,,,
29100,29100,14125,Juniper Networks Inc,"Juniper Networks, Inc.",,,,,,,,,,,,,,,,
29105,29105,16900,"Huafa Industrial Co.,Ltd.Zhuhai",Huafa Industrial.zhuhai,,,,,,,,,,,,,,,,
29133,29133,22655,Jubilant Foods Works,Jubilant Foodworks,,,,,,,,,,,,,,,,
29142,29142,11042,PhonePe,Phonepe,,,,,,,,,,,,,,,,
29147,29147,7025,Xior Student Housing NV,Xior Student Housing Nv,,,,,,,,,,,,,,,,
29156,29156,19963,Verisk Analytics,Verisk Analytics Inc,,,,,,,,,,,,,,,,
29171,29171,11657,Latitude Group Holdings Limited,Latitude Group Holdings Ltd,,,,,,,,,,,,,,,,
29184,29184,1899,Sydbank A-S,Sydbank A/s,,,,,,,,,,,,,,,,
29202,29202,13394,Advanced Micro Devices (amd),Advanced Micro Devices Inc,,,,,,,,,,,,,,,,
29221,29221,26472,Siam City Cement Public Co Ltd,Siam City Cement Public Company,,,,,,,,,,,,,,,,
29226,29226,22749,Blackberry,Blackberrys,,,,,,,,,,,,,,,,
29244,29244,17509,Fair Isaac Corp,Fair Isaac Corporation,,,,,,,,,,,,,,,,
29251,29251,15952,Axel Johnson,Axel Johnson Group,,,,,,,,,,,,,,,,
29287,29287,25686,ALL ABOARD LEARNING LTD,ALL ABOARD LTD,,,,,,,,,,,,,,,,
29315,29315,11887,SOFTWARE PROJECT SOLUTIONS LIMITED,SOFTWARE PROJECTS LTD,,,,,,,,,,,,,,,,
29316,29316,20910,Erste Group Bank,Erste Group Bank AG,,,,,,,,,,,,,,,,
29332,29332,22008,Public Service Enterprise Group Inc,Public Service Enterprise Group Incorporated,,,,,,,,,,,,,,,,
29348,29348,6796,Iron Mountain,Iron Mountain Inc,,,,,,,,,,,,,,,,
29366,29366,11622,BEAUTY ADDICTION NAILS LTD,BEAUTY ADDICTS LTD,,,,,,,,,,,,,,,,
29369,29369,22747,Simon Property Group Inc,"Simon Property Group, Inc.",,,,,,,,,,,,,,,,
29373,29373,15805,RMS,RMSI,,,,,,,,,,,,,,,,
29381,29381,7117,Fnac Darty SA,Fnac Darty Sa,,,,,,,,,,,,,,,,
29386,29386,23632,BAD MOLLYS LIMITED,BAD MONDAY LIMITED,,,,,,,,,,,,,,,,
29396,29396,21314,Yonghui Superstores,Yonghui Superstores Co. Ltd,,,,,,,,,,,,,,,,
29405,29405,336,RingCentral Inc,"RingCentral, Inc.",,,,,,,,,,,,,,,,
29415,29415,20655,Jet2 Plc,Jet2 plc,,,,,,,,,,,,,,,,
29436,29436,8969,JFE Holdings Inc,"JFE Holdings, Inc.",,,,,,,,,,,,,,,,
29448,29448,10257,TechnipFMC Plc,TechnipFMC plc,,,,,,,,,,,,,,,,
29458,29458,2548,Resurs Holding,Resurs Holding AB,,,,,,,,,,,,,,,,
29465,29465,25938,Colas SA,Colas Sa,,,,,,,,,,,,,,,,
29472,29472,15747,Thomson Reuters Careers,Thomson Reuters Corp,,,,,,,,,,,,,,,,
29473,29473,7791,Dell Technologies,Dell Technologies Inc,,,,,,,,,,,,,,,,
29480,29480,14485,Teleperformance,Teleperformance SE,,,,,,,,,,,,,,,,
29498,29498,16362,Consumers Energy Co,Consumers Energy Company,,,,,,,,,,,,,,,,
29499,29499,15169,Silicon Laboratories,Silicon Laboratories Inc.,,,,,,,,,,,,,,,,
29507,29507,24179,Arco Platform,Arco Platform Limited,,,,,,,,,,,,,,,,
29535,29535,6375,Reece Limited,Reece Ltd,,,,,,,,,,,,,,,,
29547,29547,22009,Samvardhana Motherson Group,Samvardhana Motherson International,,,,,,,,,,,,,,,,
29552,29552,1242,H A MAY SERVICES LIMITED,H A MAY SERVICES LTD,,,,,,,,,,,,,,,,
29560,29560,18570,Transcosmos,Transcosmos Inc,,,,,,,,,,,,,,,,
29564,29564,19837,Izumi Co Ltd,Izumi Co. Ltd,,,,,,,,,,,,,,,,
29576,29576,25981,CMA CGM,CMA CGM SA,,,,,,,,,,,,,,,,
29590,29590,21167,Microchip Technology,Microchip Technology Inc,,,,,,,,,,,,,,,,
29595,29595,24686,Shimano Inc,"Shimano, Inc.",,,,,,,,,,,,,,,,
29606,29606,11732,P & A CARPENTRY LTD,P & A CATERING GROUP LTD,,,,,,,,,,,,,,,,
29613,29613,7650,RED BULL POWERTRAINS 2026 LIMITED,RED BULL POWERTRAINS LIMITED,,,,,,,,,,,,,,,,
29621,29621,15148,BEAUTY BENEATH LIMITED,BEAUTY BENEATH SALON LIMITED,,,,,,,,,,,,,,,,
29622,29622,28527,Zimmer Biomet Holdings,Zimmer Biomet Holdings Inc,,,,,,,,,,,,,,,,
29627,29627,4643,Semcon,Semcon AB,,,,,,,,,,,,,,,,
29653,29653,9475,Nippon Building Fund InCorp,Nippon Building Fund Incorporation,,,,,,,,,,,,,,,,
29673,29673,24833,ElringKlinger,ElringKlinger AG,,,,,,,,,,,,,,,,
29682,29682,15505,Nate,Natech,,,,,,,,,,,,,,,,
29685,29685,22582,Guangdong Dowstone Technology,Guangdong Dowstone Technology Co. Ltd,,,,,,,,,,,,,,,,
29693,29693,17242,Clp Holdings,Cls Holdings,,,,,,,,,,,,,,,,
29704,29704,26298,ELECTROAIR GROUP AS,ELECTROAIR OU,,,,,,,,,,,,,,,,
29713,29713,13547,Novozymes A/s,Novozymes AS,,,,,,,,,,,,,,,,
29715,29715,28522,Steico SE,Steico Se,,,,,,,,,,,,,,,,
29733,29733,3357,Cornerstone Building Brands,Cornerstone Building Brands Inc,,,,,,,,,,,,,,,,
29756,29756,5616,Yadea Group Holdings,Yadea Group Holdings Ltd,,,,,,,,,,,,,,,,
29759,29759,22995,Eaton Corporation,Eaton Corporation Plc,,,,,,,,,,,,,,,,
29770,29770,8066,CureVac,CureVac N.V.,,,,,,,,,,,,,,,,
29783,29783,13570,Renesas Electronics Corp,Renesas Electronics Corporation,,,,,,,,,,,,,,,,
29799,29799,27986,Sumitomo Rubber Industries,Sumitomo Rubber Industries Ltd,,,,,,,,,,,,,,,,
29820,29820,17421,Otsuka Holdings Co Ltd,Otsuka Holdings Co. Ltd,,,,,,,,,,,,,,,,
29832,29832,20788,Dino Polska S.a.,Dino Polska SA,,,,,,,,,,,,,,,,
29840,29840,28167,Arriyadh Development Co.,Arriyadh Development Company,,,,,,,,,,,,,,,,
29843,29843,22487,GOOD & HONEST LIMITED,GOOD & NOVEL LIMITED,,,,,,,,,,,,,,,,
29850,29850,16907,T ALLEN HOLDINGS LIMITED,T ALLEN HOMES LTD,,,,,,,,,,,,,,,,
29856,29856,10621,Wells Fargo,Wells Fargo & Co,,,,,,,,,,,,,,,,
29858,29858,13344,Burckhardt Compression,Burckhardt Compression Holding AG,,,,,,,,,,,,,,,,
29868,29868,17869,Rede Energia Participacoes,Rede Energia Participacoes SA,,,,,,,,,,,,,,,,
29871,29871,26788,Publicis Groupe,Publicis Groupe SA,,,,,,,,,,,,,,,,
29881,29881,14289,ZF Friedrichshafen,ZF Friedrichshafen AG,,,,,,,,,,,,,,,,
29930,29930,11803,PennyMac Financial Services Inc,Pennymac Financial Services,,,,,,,,,,,,,,,,
29932,29932,7443,Extra Space Storage Inc,Extra Space Storage Inc.,,,,,,,,,,,,,,,,
29939,29939,13104,SOFTWARE SIMULATIONS INTERNATIONAL LTD.,SOFTWARE SIMULATIONS LIMITED,,,,,,,,,,,,,,,,
29940,29940,12915,Tourmaline Oil Corp,Tourmaline Oil Corp.,,,,,,,,,,,,,,,,
29948,29948,2437,Infocom Corp,Infocom Corporation,,,,,,,,,,,,,,,,
29958,29958,26281,Fisher & Paykel Healthcare Corporation Limited,Fisher & Paykel Healthcare Corporation Ltd,,,,,,,,,,,,,,,,
29977,29977,12171,"Beijing GeoEnviron Engineering & Technology, Inc.",Beijing Geoenviron Engineering & Technology,,,,,,,,,,,,,,,,
29983,29983,28125,Atlantia SpA,Atlantia Spa,,,,,,,,,,,,,,,,
29992,29992,1027,Canadian Pacific Railway Limited,Canadian Pacific Railway Ltd,,,,,,,,,,,,,,,,
29996,29996,17953,West China Cement Limited,West China Cement Ltd,,,,,,,,,,,,,,,,
30000,30000,14817,Ngern Tid Lor Public Company Limited,Ngern Tid Lor Public Company Ltd,,,,,,,,,,,,,,,,
30034,30034,17253,"Zhejiang HangKe Technology, Inc. Company",Zhejiang Hangke Technology Company,,,,,,,,,,,,,,,,
30037,30037,21337,Infinera Corp,Infinera Corporation,,,,,,,,,,,,,,,,
30061,30061,28270,Mercuries & Associates,Mercuries & Associates Holding Ltd,,,,,,,,,,,,,,,,
30100,30100,19136,Britvic,Britvic Plc,,,,,,,,,,,,,,,,
30104,30104,29472,Thomson Reuters,Thomson Reuters Careers,,,,,,,,,,,,,,,,
30118,30118,22406,CENTRIC BRANDS HOLDING LLC,CENTRIC BRANDS LLC,,,,,,,,,,,,,,,,
30132,30132,1157,Hostess Brands,Hostess Brands Inc,,,,,,,,,,,,,,,,
30135,30135,18956,Shenzhen Overseas,Shenzhen Overseas Chinese Town,,,,,,,,,,,,,,,,
30140,30140,14511,Webuild S.p.a.,Webuild SpA,,,,,,,,,,,,,,,,
30141,30141,29695,Takara Bio,"Takara Bio, Inc.",,,,,,,,,,,,,,,,
30143,30143,23216,Essentra,Essentra plc,,,,,,,,,,,,,,,,
30151,30151,20362,Peach Property Group AG,Peach Property Group Ag,,,,,,,,,,,,,,,,
30174,30174,1159,Mebuki Financial Group,Mebuki Financial Group Inc,,,,,,,,,,,,,,,,
30213,30213,27732,Indorama Ventures,Indorama Ventures PCL,,,,,,,,,,,,,,,,
30224,30224,28807,Hancock Whitney Corp,Hancock Whitney Corporation,,,,,,,,,,,,,,,,
30232,30232,13543,Wiwynn Corp,Wiwynn Corporation,,,,,,,,,,,,,,,,
30272,30272,5443,Lions Gate Entertainment,Lions Gate Entertainment Corp,,,,,,,,,,,,,,,,
30281,30281,28116,Sharp Corp,Sharp Corporation,,,,,,,,,,,,,,,,
30313,30313,5046,Xilinx Inc,"Xilinx, Inc.",,,,,,,,,,,,,,,,
30314,30314,30211,Zhongsheng Group Holdings,Zhongsheng Group Holdings Ltd,,,,,,,,,,,,,,,,
30315,30315,21188,Kusuri No Aoki Holdings,Kusuri No Aoki Holdings Co. Ltd,,,,,,,,,,,,,,,,
30322,30322,7603,Realord Group Holdings,Realord Group Holdings Ltd,,,,,,,,,,,,,,,,
30324,30324,19352,Spring Airlines,Spring Airlines Co. Ltd,,,,,,,,,,,,,,,,
30327,30327,28022,PIK Group,PIK Group PJSC,,,,,,,,,,,,,,,,
30342,30342,4364,Sichuan Chuantou Energy,"Sichuan Chuantou Energy Co.,Ltd.",,,,,,,,,,,,,,,,
30366,30366,20574,Tiandi Science & Technology Co.Ltd,Tiandi Science & Technology Co.ltd,,,,,,,,,,,,,,,,
30373,30373,14188,Enghouse Systems,Enghouse Systems Limited,,,,,,,,,,,,,,,,
30375,30375,771,Murphy USA,Murphy USA Inc,,,,,,,,,,,,,,,,
30381,30381,12719,Industrial Securities,Industrial Securities Co Ltd,,,,,,,,,,,,,,,,
30391,30391,28397,Hamburger Hafen Und Logistik,Hamburger Hafen und Logistik AG,,,,,,,,,,,,,,,,
30433,30433,25506,Standard Foods Corp,Standard Foods Corporation,,,,,,,,,,,,,,,,
30445,30445,2309,BAD ART LIFE LIMITED,BAD ART LIMITED,,,,,,,,,,,,,,,,
30457,30457,8253,Advance Residence Investment Corp,Advance Residence Investment Corporation,,,,,,,,,,,,,,,,
30461,30461,21287,Kimberly-Clark de Mexico SAB de CV,"Kimberly-Clark de México, S. A. B. de C. V.",,,,,,,,,,,,,,,,
30474,30474,1590,Vestas Wind Systems A-S,Vestas Wind Systems A/s,,,,,,,,,,,,,,,,
30480,30480,3581,Genomma Lab Internacional,"Genomma Lab Internacional, S.A.B. de C.V.",,,,,,,,,,,,,,,,
30520,30520,19824,Zhengzhou Yutong Bus Co Ltd,Zhengzhou Yutong Bus Co. Ltd,,,,,,,,,,,,,,,,
30521,30521,25912,Tatneft,Tatneft PJSC,,,,,,,,,,,,,,,,
30549,30549,3273,Boryszew,Boryszew SA,,,,,,,,,,,,,,,,
30562,30562,580,Baker Gauges,Baker Hughes,,,,,,,,,,,,,,,,
30581,30581,174,Sino-American Silicon Products Inc,"Sino-American Silicon Products, Inc.",,,,,,,,,,,,,,,,
30582,30582,8258,Mitsubishi Estate Co Ltd,Mitsubishi Estate Co. Ltd,,,,,,,,,,,,,,,,
30613,30613,18986,Snap-on,Snap-on Inc,,,,,,,,,,,,,,,,
30620,30620,23919,Vonovia SE,Vonovia Se,,,,,,,,,,,,,,,,
30621,30621,25820,Takasago Thermal Engineering Co Ltd,Takasago Thermal Engineering Co. Ltd,,,,,,,,,,,,,,,,
30641,30641,3469,Bajaj Finance,Bajaj Finance Ltd,,,,,,,,,,,,,,,,
30642,30642,30620,Vonovia,Vonovia SE,,,,,,,,,,,,,,,,
30657,30657,13727,GOOD AFRO LTD,GOOD AFTERNOON LTD,,,,,,,,,,,,,,,,
30664,30664,7336,Domain Holdings Australia,Domain Holdings Australia Limited,,,,,,,,,,,,,,,,
30675,30675,7167,Washington H Soul Pattinson and Co Ltd,Washington H. Soul Pattinson And Company,,,,,,,,,,,,,,,,
30683,30683,18627,Visteon Corp,Visteon Corporation,,,,,,,,,,,,,,,,
30696,30696,14790,Great Bear Resources,Great Bear Resources Ltd,,,,,,,,,,,,,,,,
30706,30706,11917,Gestamp Automocion,Gestamp Automocion SA,,,,,,,,,,,,,,,,
30709,30709,30630,Penske Automotive Group Inc,"Penske Automotive Group, Inc.",,,,,,,,,,,,,,,,
30724,30724,5522,U GOT JOKES COMEDY LTD,U GOT JOKES LTD,,,,,,,,,,,,,,,,
30727,30727,10040,Leon's Furniture,Leon's Furniture Limited,,,,,,,,,,,,,,,,
30729,30729,15658,Canaccord Genuity Group Inc,Canaccord Genuity Group Inc.,,,,,,,,,,,,,,,,
30740,30740,20747,Cosmo Energy Holdings,Cosmo Energy Holdings Co Ltd,,,,,,,,,,,,,,,,
30754,30754,23277,PTC Inc,PTC Inc.,,,,,,,,,,,,,,,,
30790,30790,8528,Sendas Distribuidora S.a.,Sendas Distribuidora SA,,,,,,,,,,,,,,,,
30793,30793,9176,SOFTWARE MIGHT LIMITED,SOFTWARE MIGRATIONS LIMITED,,,,,,,,,,,,,,,,
30807,30807,26615,Huaneng Power International,Huaneng Power International Inc,,,,,,,,,,,,,,,,
30808,30808,7415,Compagnie Financière Richemont,Compagnie Financière Richemont SA,,,,,,,,,,,,,,,,
30821,30821,17483,China Machinery Engineering Corp,China Machinery Engineering Corporation,,,,,,,,,,,,,,,,
30834,30834,13167,Automatic Data Processing (adp),Automatic Data Processing Inc,,,,,,,,,,,,,,,,
30853,30853,27473,Eurasia Mining,Eurasia Mining plc,,,,,,,,,,,,,,,,
30872,30872,11383,Henan Huanghe Whirlwind Co. Ltd,"Henan Huanghe Whirlwind Co., Ltd.",,,,,,,,,,,,,,,,
30874,30874,201,Spirit Airlines,Spirit Airlines Inc,,,,,,,,,,,,,,,,
30887,30887,4448,Bombardier,Bombardier Inc,,,,,,,,,,,,,,,,
30897,30897,7545,Digital Garage,"Digital Garage, Inc.",,,,,,,,,,,,,,,,
30909,30909,22080,Gildan Activewear Inc,Gildan Activewear Inc.,,,,,,,,,,,,,,,,
30947,30947,17388,Benesse Holdings,Benesse Holdings Inc,,,,,,,,,,,,,,,,
30952,30952,29893,"Shanxi Lanhua Sci-Tech Venture Co.,Ltd",Shanxi Lanhua Sci-tech Venture,,,,,,,,,,,,,,,,
30956,30956,24915,Sumo Group,Sumo Group plc,,,,,,,,,,,,,,,,
30961,30961,26169,Mewah International Inc,"Mewah International, Inc.",,,,,,,,,,,,,,,,
30962,30962,3195,Hufvudstaden AB,Hufvudstaden Ab (publ),,,,,,,,,,,,,,,,
30986,30986,12241,Cathay Financial Holding,Cathay Financial Holding Co Ltd,,,,,,,,,,,,,,,,
30995,30995,26167,DeceunInck NV,Deceuninck,,,,,,,,,,,,,,,,
31002,31002,13395,Softbank Corp.,Softbank Group,,,,,,,,,,,,,,,,
31005,31005,21610,Texas Roadhouse Inc,"Texas Roadhouse, Inc.",,,,,,,,,,,,,,,,
31028,31028,625,Xiamen C&D Inc,"Xiamen C&D, Inc.",,,,,,,,,,,,,,,,
31030,31030,5499,Fazio,Fazioli,,,,,,,,,,,,,,,,
31039,31039,28229,Zillow Group,"Zillow Group, Inc.",,,,,,,,,,,,,,,,
31049,31049,14557,Youngor Group,"Youngor Group Co.,Ltd",,,,,,,,,,,,,,,,
31055,31055,26313,Coretronic Corp,Coretronic Corporation,,,,,,,,,,,,,,,,
31061,31061,13921,China Southern Airlines Company,China Southern Airlines Company Limited,,,,,,,,,,,,,,,,
31084,31084,22950,Hanesbrands Inc,Hanesbrands Inc.,,,,,,,,,,,,,,,,
31087,31087,18501,Vallourec,Vallourec SA,,,,,,,,,,,,,,,,
31103,31103,9701,Nedbank Group Ltd,Nedbank Ltd,,,,,,,,,,,,,,,,
31105,31105,15784,Nien Made Enterprise,Nien Made Enterprise Co Ltd,,,,,,,,,,,,,,,,
31110,31110,25962,Ciena Corp,Ciena Corporation,,,,,,,,,,,,,,,,
31124,31124,4434,Toho Holdings Co Ltd,Toho Holdings Co. Ltd,,,,,,,,,,,,,,,,
31132,31132,21723,Grant Thornton,Grant Thornton Bharat,,,,,,,,,,,,,,,,
31134,31134,5097,Autodesk Inc,"Autodesk, Inc.",,,,,,,,,,,,,,,,
31146,31146,9037,Fomento de Construcciones y Contratas,Fomento de Construcciones y Contratas SA,,,,,,,,,,,,,,,,
31165,31165,9458,Ticon Freehold And Leasehold Real Estate Investment Trust,Ticon Freehold and Leasehold Real Estate Investment Trust,,,,,,,,,,,,,,,,
31168,31168,2857,Bestore Co Ltd,"Bestore Co.,Ltd.",,,,,,,,,,,,,,,,
31169,31169,13674,GOOD CAREERS LIMITED,GOOD CARMA LIMITED,,,,,,,,,,,,,,,,
31174,31174,27156,Icade,Icade SA,,,,,,,,,,,,,,,,
31197,31197,13594,Companhia Energetica de Brasilia - CEB,Companhia Energetica de Minas Gerais SA,,,,,,,,,,,,,,,,
31207,31207,10977,Swiss Life Holding AG,Swiss Life Holding Ag,,,,,,,,,,,,,,,,
31220,31220,11936,Lisi,Lisi SA,,,,,,,,,,,,,,,,
31238,31238,25694,Guangzhou Tinci Materials Technology,Guangzhou Tinci Materials Technology Co Ltd,,,,,,,,,,,,,,,,
31257,31257,24232,GrandVision N.V.,GrandVision NV,,,,,,,,,,,,,,,,
31272,31272,23302,Grupo Lamosa SAB de CV,"Grupo Lamosa, S.A.B. de C.V.",,,,,,,,,,,,,,,,
31285,31285,2570,Dr. Reddy's Laboratories,Dr. Reddy's Laboratories Limited,,,,,,,,,,,,,,,,
31299,31299,6576,"Public Joint Stock Company ""TNS energo Kuban""","Public Joint Stock Company ""ingrad""",,,,,,,,,,,,,,,,
31351,31351,28345,NORBROOK LABORATORIES (G.B.) LIMITED,NORBROOK LABORATORIES LIMITED,,,,,,,,,,,,,,,,
31352,31352,23305,U COACH LTD,U COACH ME LIMITED,,,,,,,,,,,,,,,,
31353,31353,31061,China Southern Airlines Co Ltd,China Southern Airlines Company,,,,,,,,,,,,,,,,
31378,31378,7393,Symrise AG,Symrise Ag,,,,,,,,,,,,,,,,
31393,31393,23769,V & M TEES LTD,V & M TRANS LTD,,,,,,,,,,,,,,,,
31400,31400,5547,Scandinavian Tobacco Group A/S,Scandinavian Tobacco Group A/s,,,,,,,,,,,,,,,,
31410,31410,20815,Lockheed Martin,Lockheed Martin Corp,,,,,,,,,,,,,,,,
31414,31414,24107,T&D Holdings Inc,"T&D Holdings, Inc.",,,,,,,,,,,,,,,,
31420,31420,28444,Tibet Urban Development And Investment,"Tibet Urban Development and Investment Co.,LTD",,,,,,,,,,,,,,,,
31435,31435,29917,Chang Wah Electromaterials,"Chang Wah Electromaterials, Inc.",,,,,,,,,,,,,,,,
31461,31461,3687,Healthcare Trust Of America,"Healthcare Trust of America, Inc.",,,,,,,,,,,,,,,,
31465,31465,29479,THOMAS INTERNATIONAL LIMITED,THOMAS INTERNATIONAL UK LIMITED,,,,,,,,,,,,,,,,
31471,31471,7043,Great Eagle Holdings,Great Eagle Holdings Ltd,,,,,,,,,,,,,,,,
31479,31479,19665,Mitsui O.S.K. Lines,Mitsui O.S.K. Lines Ltd,,,,,,,,,,,,,,,,
31490,31490,12909,Koza Altin Isletmeleri,Koza Altin Isletmeleri A.S.,,,,,,,,,,,,,,,,
31495,31495,20128,Vimian Group AB,Vimian Group Ab (publ),,,,,,,,,,,,,,,,
31509,31509,15440,The Goldman Sachs Group,The Goldman Sachs Group Inc,,,,,,,,,,,,,,,,
31512,31512,26860,Shanghai Lingang Holdings,"Shanghai Lingang Holdings Co.,Ltd.",,,,,,,,,,,,,,,,
31539,31539,10922,Kent Gida Maddeleri Sanayii Ve Ticaret,Kent Gida Maddeleri Sanayii ve Ticaret A.S.,,,,,,,,,,,,,,,,
31550,31550,28301,"Coinbase Global, Inc","Coinbase Global, Inc.",,,,,,,,,,,,,,,,
31577,31577,14634,"Shanghai East-China Computer Co.,Ltd.",Shanghai East-china Computer,,,,,,,,,,,,,,,,
31579,31579,28689,Corteva Inc,"Corteva, Inc.",,,,,,,,,,,,,,,,
31580,31580,11511,Nomad Foods,Nomad Foods Limited,,,,,,,,,,,,,,,,
31581,31581,20151,PT Perusahaan Gas Negara (Persero) Tbk,PT Perusahaan Gas Negara Tbk,,,,,,,,,,,,,,,,
31605,31605,23653,GODADDY INC.,GODADDY MSH INC.,,,,,,,,,,,,,,,,
31619,31619,2824,Fukuda Denshi,Fukuda Denshi Co Ltd,,,,,,,,,,,,,,,,
31625,31625,16058,Canoe EIT Income Fund,Canoe Eit Income Fund,,,,,,,,,,,,,,,,
31661,31661,14005,First Gen Corp,First Gen Corporation,,,,,,,,,,,,,,,,
31667,31667,28556,Asahi Kasei,Asahi Kasei Corp,,,,,,,,,,,,,,,,
31684,31684,315,Seiko Epson,Seiko Epson Corp,,,,,,,,,,,,,,,,
31696,31696,558,Hebei Hengshui Laobaigan Liquor,Hebei Hengshui Laobaigan Liquor Co. Ltd,,,,,,,,,,,,,,,,
31701,31701,28982,Hawaiian Electric Industries,Hawaiian Electric Industries Inc,,,,,,,,,,,,,,,,
31724,31724,24723,Ralph Lauren Corp,Ralph Lauren Corporation,,,,,,,,,,,,,,,,
31730,31730,16749,Duskin Co Ltd,Duskin Co. Ltd,,,,,,,,,,,,,,,,
31731,31731,205,Sun Communities,Sun Communities Inc,,,,,,,,,,,,,,,,
31732,31732,8249,Gan & Lee Pharmaceuticals,Gan & Lee Pharmaceuticals Co. Ltd,,,,,,,,,,,,,,,,
31761,31761,11199,BAD WOLF (DG) LTD,BAD WOLF (HDM) LTD,,,,,,,,,,,,,,,,
31784,31784,16700,Kuaishou Technolocy,Kuaishou Technology,,,,,,,,,,,,,,,,
31786,31786,10803,Intesa Sanpaolo Spa,Intesa Sanpaolo Vita Spa,,,,,,,,,,,,,,,,
31789,31789,27425,Smart Global Holdings,Smart Globe Holdings Ltd,,,,,,,,,,,,,,,,
31801,31801,7828,Pingdingshan Tianan Coal Mining Company Ltd,Pingdingshan Tianan Coal. Mining,,,,,,,,,,,,,,,,
31805,31805,22192,Abcam,Abcam plc,,,,,,,,,,,,,,,,
31811,31811,28699,China Vanke Co Ltd,China Vanke Co. Ltd,,,,,,,,,,,,,,,,
31813,31813,13108,ALL ABOUT CHIPS LTD,ALL ABOUT CHRISTMAS LIMITED,,,,,,,,,,,,,,,,
31824,31824,23533,Western Alliance Bancorp,Western Alliance Bancorp.,,,,,,,,,,,,,,,,
31827,31827,28598,Pinnacle Investment Management Group,Pinnacle Investment Management Group Limited,,,,,,,,,,,,,,,,
31829,31829,627,Gulf Energy Development PCL,Gulf Energy Development Public Company,,,,,,,,,,,,,,,,
31837,31837,25821,Sumitomo Mitsui Financial Group Inc,"Sumitomo Mitsui Financial Group, Inc.",,,,,,,,,,,,,,,,
31841,31841,2985,Eni S.p.A.,Eni S.p.a.,,,,,,,,,,,,,,,,
31876,31876,29830,Hotel Properties,Hotel Properties Ltd,,,,,,,,,,,,,,,,
31880,31880,29771,Carvana,Carvana Co,,,,,,,,,,,,,,,,
31891,31891,7366,China Shenhua Energy,China Shenhua Energy Co Ltd,,,,,,,,,,,,,,,,
31894,31894,30717,BAD BOY VAPES LTD,BAD BOY VAPING LTD,,,,,,,,,,,,,,,,
31899,31899,6732,United Parcel Service (ups),United Parcel Service Inc,,,,,,,,,,,,,,,,
31912,31912,9015,Penske Automotive,Penske Automotive Group,,,,,,,,,,,,,,,,
31921,31921,20403,Maruha Nichiro Corp,Maruha Nichiro Corporation,,,,,,,,,,,,,,,,
31922,31922,28817,Shandong Sinocera Functional Material,Shandong Sinocera Functional Material Co. Ltd,,,,,,,,,,,,,,,,
31923,31923,23334,RWS Holdings PLC,RWS Holdings plc,,,,,,,,,,,,,,,,
31937,31937,1540,Fresenius Medical Care AG & Co. KGaA,Fresenius Medical Care Ag & Co. Kgaa,,,,,,,,,,,,,,,,
31949,31949,11704,Check Point Software Technologies Ltd,Check Point Software Technologies Ltd.,,,,,,,,,,,,,,,,
31952,31952,28306,BeiGene,BeiGene Ltd,,,,,,,,,,,,,,,,
31953,31953,18655,Aspen Technology,Aspen Technology Careers,,,,,,,,,,,,,,,,
31980,31980,23268,Skyline Champion Corp,Skyline Champion Corporation,,,,,,,,,,,,,,,,
31992,31992,9327,Hirose Electric,Hirose Electric Co Ltd,,,,,,,,,,,,,,,,
31994,31994,31171,Celeritas,Celerity,,,,,,,,,,,,,,,,
31996,31996,6272,MANOR FARM (SOLAR POWER) LTD,MANOR FARM SOLAR LIMITED,,,,,,,,,,,,,,,,
32015,32015,23715,Takara Standard Co Ltd,"Takara Standard Co.,Ltd.",,,,,,,,,,,,,,,,
32040,32040,1746,Thule Group,Thule Group AB,,,,,,,,,,,,,,,,
32058,32058,16897,Q DENTAL CARE LIMITED,Q DENTAL PRACTICES LIMITED,,,,,,,,,,,,,,,,
32059,32059,16161,Resona Holdings,Resona Holdings Inc,,,,,,,,,,,,,,,,
32081,32081,264,Tempur Sealy International,Tempur Sealy International Inc,,,,,,,,,,,,,,,,
32105,32105,10792,Corbion,Corbion N.V.,,,,,,,,,,,,,,,,
32120,32120,20249,Japan Airlines Co Ltd,Japan Airlines Co. Ltd,,,,,,,,,,,,,,,,
32123,32123,28756,Greggs,Greggs Plc,,,,,,,,,,,,,,,,
32152,32152,25493,Tibet Summit Resources,Tibet Summit Resources Co. Ltd,,,,,,,,,,,,,,,,
32160,32160,22622,China Resources Land,China Resources Land Ltd,,,,,,,,,,,,,,,,
32169,32169,17758,TFI International Inc,TFI International Inc.,,,,,,,,,,,,,,,,
32170,32170,22927,American Woodmark Corp,American Woodmark Corporation,,,,,,,,,,,,,,,,
32171,32171,13605,Vedanta Limited,Vedanta Ltd,,,,,,,,,,,,,,,,
32172,32172,16527,J.B. Hunt Transport Services,J.B. Hunt Transport Services Inc,,,,,,,,,,,,,,,,
32175,32175,1844,Itaú Unibanco Holding,Itaú Unibanco Holding SA,,,,,,,,,,,,,,,,
32177,32177,2717,Armstrong World Industries,Armstrong World Industries Inc,,,,,,,,,,,,,,,,
32197,32197,24464,Safari Industries,Safari Industries India,,,,,,,,,,,,,,,,
32218,32218,17753,Fincantieri S.p.A.,Fincantieri S.p.a.,,,,,,,,,,,,,,,,
32242,32242,27728,Suncorp Group,Suncorp Group Limited,,,,,,,,,,,,,,,,
32244,32244,8236,Qi An Xin Technology Group Inc.,"Qi An Xin Technology Group, Inc.",,,,,,,,,,,,,,,,
32255,32255,11705,M&T Bank Corp,M&T Bank Corporation,,,,,,,,,,,,,,,,
32266,32266,14148,Bank of Ayudhya Public Co Ltd,Bank of Ayudhya Public Company Ltd,,,,,,,,,,,,,,,,
32283,32283,25301,Big Yellow Group,Big Yellow Group plc,,,,,,,,,,,,,,,,
32287,32287,27163,"Cofco Sugar Holding CO.,LTD.",Cofco Sugar Holding Co Ltd,,,,,,,,,,,,,,,,
32294,32294,7437,Prosegur Compania De Seguridad SA,"Prosegur Compañía de Seguridad, SA",,,,,,,,,,,,,,,,
32299,32299,29451,Syneos Health,Syneos Health Inc,,,,,,,,,,,,,,,,
32308,32308,31083,Takuma Co Ltd,Takuma Co. Ltd,,,,,,,,,,,,,,,,
32310,32310,20356,FOOD & DRINK STORE LIMITED,FOOD & DRINK TOURS LTD,,,,,,,,,,,,,,,,
32317,32317,430,Hong Kong Television Network,Hong Kong Television Network Ltd,,,,,,,,,,,,,,,,
32332,32332,1857,DGB Financial Group,DGB Financial Group Co. Ltd,,,,,,,,,,,,,,,,
32334,32334,7315,Sonoco Products Co,Sonoco Products Company,,,,,,,,,,,,,,,,
32344,32344,7595,Sinocare,"Sinocare, Inc.",,,,,,,,,,,,,,,,
32346,32346,115,Fuji Media Holdings,Fuji Media Holdings Inc,,,,,,,,,,,,,,,,
32348,32348,30022,Ruffer Investment Company Limited,Ruffer Investment Company Ltd,,,,,,,,,,,,,,,,
32356,32356,27838,Aroundtown,Aroundtown Sa,,,,,,,,,,,,,,,,
32360,32360,3301,Banco BPM,Banco BPM SpA,,,,,,,,,,,,,,,,
32363,32363,21176,FOOD & BEVERAGE INTERIOR SOLUTIONS LTD,FOOD & BEVERAGE INTERNATIONAL LTD,,,,,,,,,,,,,,,,
32364,32364,7627,Towa Pharmaceutical,Towa Pharmaceutical Co Ltd,,,,,,,,,,,,,,,,
32392,32392,15281,Marshalls,Marshalls plc,,,,,,,,,,,,,,,,
32393,32393,3526,Harel Insurance Investments & Financial Services,Harel Insurance Investments & Financial Services Ltd,,,,,,,,,,,,,,,,
32408,32408,10234,True Corp Public Co Ltd,True Corp Public Company Ltd,,,,,,,,,,,,,,,,
32425,32425,26226,"Skechers U.S.A., Inc.",Skechers USA Inc,,,,,,,,,,,,,,,,
32434,32434,19645,NEW ADDINGTON LTD,NEW ADDINGTON PATHFINDERS,,,,,,,,,,,,,,,,
32440,32440,15410,BAD MANOR FILMS LTD,BAD MANORS LIMITED,,,,,,,,,,,,,,,,
32449,32449,31335,Edinburgh Investment Trust,Edinburgh Investment Trust plc,,,,,,,,,,,,,,,,
32451,32451,30699,Peloton Interactive Inc,"Peloton Interactive, Inc.",,,,,,,,,,,,,,,,
32453,32453,29755,Guangdong Hybribio Biotech,"Guangdong Hybribio Biotech Co.,Ltd.",,,,,,,,,,,,,,,,
32466,32466,30649,First Quantum Minerals Ltd,First Quantum Minerals Ltd.,,,,,,,,,,,,,,,,
32469,32469,3432,DiaSorin S.p.A.,DiaSorin SpA,,,,,,,,,,,,,,,,
32493,32493,1444,UNIVERSITA' DEGLI STUDI DI ROMA LA SAPIENZA,UNIVERSITA' DEGLI STUDI DI VERONA,,,,,,,,,,,,,,,,
32502,32502,22728,Qantas Airways Limited,Qantas Airways Ltd,,,,,,,,,,,,,,,,
32521,32521,1858,Post Holdings Inc,"Post Holdings, Inc.",,,,,,,,,,,,,,,,
32532,32532,15107,Maruti Suzuki India,Maruti Suzuki India Ltd,,,,,,,,,,,,,,,,
32539,32539,8846,Smart Eye,Smart Eye AB,,,,,,,,,,,,,,,,
32541,32541,9229,Vardhman Acrylics,Vardhman Acrylics Ltd,,,,,,,,,,,,,,,,
32562,32562,17097,Mattel,Mattel Inc,,,,,,,,,,,,,,,,
32567,32567,31982,BAD NEWS LTD,BAD NOISE LTD,,,,,,,,,,,,,,,,
32580,32580,13476,Formosa Petrochemical Corp,Formosa Petrochemical Corporation,,,,,,,,,,,,,,,,
32587,32587,8230,BAD TO THE BONE BKB LIMITED,BAD TO THE BONE LTD,,,,,,,,,,,,,,,,
32630,32630,10160,Maruwa Unyu Kikan,"Maruwa Unyu Kikan Co.,Ltd.",,,,,,,,,,,,,,,,
32631,32631,4917,Clearcover,Clearcover Careers,,,,,,,,,,,,,,,,
32647,32647,14461,Corus Entertainment Inc,Corus Entertainment Inc.,,,,,,,,,,,,,,,,
32671,32671,25467,Tianfeng Securities,Tianfeng Securities Co. Ltd,,,,,,,,,,,,,,,,
32675,32675,21746,Shandong Hi-speed Company,Shandong Hi-speed Company Ltd,,,,,,,,,,,,,,,,
32676,32676,18824,Domino's Pizza Inc,"Domino's Pizza, Inc.",,,,,,,,,,,,,,,,
32686,32686,16748,SKILLS,SKILLSDAY,,,,,,,,,,,,,,,,
32709,32709,23956,Taiwan Mobile,Taiwan Mobile Co Ltd,,,,,,,,,,,,,,,,
32715,32715,24705,Rexford Industrial Realty,"Rexford Industrial Realty, Inc.",,,,,,,,,,,,,,,,
32723,32723,26747,Charter Hall Social Infrastructure REIT,Charter Hall Social Infrastructure Reit,,,,,,,,,,,,,,,,
32735,32735,25393,Episil Holding,"Episil Holding, Inc.",,,,,,,,,,,,,,,,
32737,32737,618,Dexatel,Dexatel*,,,,,,,,,,,,,,,,
32743,32743,18988,Takashimaya Company,Takashimaya Company Ltd,,,,,,,,,,,,,,,,
32751,32751,18210,Nine Entertainment Co. Holdings,Nine Entertainment Co. Holdings Limited,,,,,,,,,,,,,,,,
32753,32753,10360,Oxford Biomedica,Oxford Biomedica plc,,,,,,,,,,,,,,,,
32758,32758,24956,BEAUTY AND THE FEAST LTD,BEAUTY AND THE INK LTD,,,,,,,,,,,,,,,,
32778,32778,4220,Alma Media,Alma Media Oyj,,,,,,,,,,,,,,,,
32787,32787,29635,Tractable,Tractebel,,,,,,,,,,,,,,,,
32794,32794,11568,Turquoise Hill Resources Ltd,Turquoise Hill Resources Ltd.,,,,,,,,,,,,,,,,
32810,32810,7991,Endurance International Group,Endurance International Group Holdings,,,,,,,,,,,,,,,,
32811,32811,22726,Wincanton Plc,Wincanton plc,,,,,,,,,,,,,,,,
32819,32819,1669,Nissan Motor,Nissan Motor Co Ltd,,,,,,,,,,,,,,,,
32837,32837,27496,China Automotive Engineering Research Institute,China Automotive Engineering Research Institute Co. Ltd,,,,,,,,,,,,,,,,
32844,32844,20683,LG Chem,LG Chem Ltd,,,,,,,,,,,,,,,,
32846,32846,29958,Fisher & Paykel Healthcare Corporation,Fisher & Paykel Healthcare Corporation Limited,,,,,,,,,,,,,,,,
32876,32876,11909,Vienna Insurance Group AG,Vienna Insurance Group Ag,,,,,,,,,,,,,,,,
32882,32882,2973,Südzucker,Südzucker AG,,,,,,,,,,,,,,,,
32891,32891,11741,Banco do Brasil,Banco do Brasil SA,,,,,,,,,,,,,,,,
32899,32899,2174,Expeditors International,Expeditors International Of Washington,,,,,,,,,,,,,,,,
32912,32912,5475,CEMEX SAB de CV,"CEMEX, S.A.B. de C.V.",,,,,,,,,,,,,,,,
32917,32917,17372,Garo Aktiebolag,Garo Aktiebolag (publ),,,,,,,,,,,,,,,,
32923,32923,30339,Wyndham Hotels & Resorts Inc,"Wyndham Hotels & Resorts, Inc.",,,,,,,,,,,,,,,,
32928,32928,8702,Shandong Gold Mining,Shandong Gold Mining Co Ltd,,,,,,,,,,,,,,,,
32930,32930,14953,Takamatsu Construction Group Co. Ltd,"Takamatsu Construction Group Co., Ltd.",,,,,,,,,,,,,,,,
32937,32937,24802,The Navigator Company,"The Navigator Company, S.a.",,,,,,,,,,,,,,,,
32953,32953,17853,Midea Real Estate Holding,Midea Real Estate Holding Ltd,,,,,,,,,,,,,,,,
32970,32970,8504,ContourGlobal plc,Contourglobal,,,,,,,,,,,,,,,,
32972,32972,1529,Starbucks,Starbucks Corp,,,,,,,,,,,,,,,,
32973,32973,20112,Veoneer,Veoneer Inc,,,,,,,,,,,,,,,,
32979,32979,29742,"Minebea Mitsumi, Inc.",MinebeaMitsumi Inc,,,,,,,,,,,,,,,,
32992,32992,25604,Salesforce,Salesforce Inc,,,,,,,,,,,,,,,,
32998,32998,26790,Persimmon Plc,Persimmon plc,,,,,,,,,,,,,,,,
33025,33025,11623,Ashiana Homes,Ashiana Housing,,,,,,,,,,,,,,,,
33051,33051,26317,Wihlborgs Fastigheter AB,Wihlborgs Fastigheter Ab (publ),,,,,,,,,,,,,,,,
33058,33058,30910,Sangamo Therapeutics,"Sangamo Therapeutics, Inc. Careers",,,,,,,,,,,,,,,,
33059,33059,30986,Cathay Financial,Cathay Financial Holding,,,,,,,,,,,,,,,,
33075,33075,32071,C.H. Robinson Worldwide Inc,"C.H. Robinson Worldwide, Inc.",,,,,,,,,,,,,,,,
33091,33091,19793,Xinyi Solar Holdings,Xinyi Solar Holdings Ltd,,,,,,,,,,,,,,,,
33093,33093,11675,Sinomach Automobile,Sinomach Automobile Co. Ltd,,,,,,,,,,,,,,,,
33105,33105,32602,TBEA Co Ltd,TBEA Co. Ltd,,,,,,,,,,,,,,,,
33130,33130,6482,FOOD CHAIN ENTERPRISES LTD,FOOD CHAIN FITNESS LTD,,,,,,,,,,,,,,,,
33135,33135,9285,Maxi Renda Fundo De Investimento Imobiliaro - FII,Maxi Renda Fundo de Investimento Imobiliario - FII,,,,,,,,,,,,,,,,
33146,33146,19546,GOOD COMPANIONS (NESTON) LIMITED,GOOD COMPANIONS LIMITED,,,,,,,,,,,,,,,,
33156,33156,17786,Regina Miracle International (Holdings) Ltd,Regina Miracle International (holdings),,,,,,,,,,,,,,,,
33171,33171,15951,Commercial International Bank,Commercial International Bank (Egypt) SAE,,,,,,,,,,,,,,,,
33172,33172,15998,Z & S CARE LTD,Z & S CARPENTRY LTD,,,,,,,,,,,,,,,,
33177,33177,233,Mason Advisory,Mason Advisory*,,,,,,,,,,,,,,,,
33179,33179,1458,Jenoptik,Jenoptik AG,,,,,,,,,,,,,,,,
33185,33185,7628,Textron,Textron Inc,,,,,,,,,,,,,,,,
33203,33203,20895,Momentum Metropolitan Holdings,Momentum Metropolitan Holdings Ltd,,,,,,,,,,,,,,,,
33216,33216,30210,Indus Towers,Indus Towers Ltd,,,,,,,,,,,,,,,,
33218,33218,18206,Quinenco,Quinnox,,,,,,,,,,,,,,,,
33219,33219,4143,Hubei Jumpcan Pharmaceutical,Hubei Jumpcan Pharmaceutical Co. Ltd,,,,,,,,,,,,,,,,
33222,33222,11656,Bentley InnoMed,Bentley Innomed,,,,,,,,,,,,,,,,
33224,33224,16039,Ushio Inc,"Ushio, Inc.",,,,,,,,,,,,,,,,
33230,33230,5920,Clean Harbors Inc,"Clean Harbors, Inc.",,,,,,,,,,,,,,,,
33238,33238,5572,Paradox Interactive AB,Paradox Interactive Ab (publ),,,,,,,,,,,,,,,,
33265,33265,23532,Chugai Pharmaceutical,Chugai Pharmaceutical Co Ltd,,,,,,,,,,,,,,,,
33269,33269,32235,Sunoco LP,Sunoco Lp,,,,,,,,,,,,,,,,
33270,33270,4687,R A HUNTER LIMITED,R A HURLEY LIMITED,,,,,,,,,,,,,,,,
33275,33275,31949,Check Point Software Technologies,Check Point Software Technologies Ltd,,,,,,,,,,,,,,,,
33276,33276,6264,Drax Group Plc,Drax Group plc,,,,,,,,,,,,,,,,
33289,33289,2221,Cogeco Communications Inc,Cogeco Communications Inc.,,,,,,,,,,,,,,,,
33290,33290,27024,Teledyne Technologies,Teledyne Technologies Inc,,,,,,,,,,,,,,,,
33304,33304,10864,Daikin Industries,Daikin Industries Ltd,,,,,,,,,,,,,,,,
33314,33314,29266,Prudential,Prudential (UK),,,,,,,,,,,,,,,,
33317,33317,27037,CGN Power,CGN Power Co Ltd,,,,,,,,,,,,,,,,
33343,33343,26228,NFI Group Inc,NFI Group Inc.,,,,,,,,,,,,,,,,
33360,33360,28872,Chang Wah Technology,Chang Wah Technology Co. Ltd,,,,,,,,,,,,,,,,
33376,33376,31329,Mavenir Systems,Maveric Systems,,,,,,,,,,,,,,,,
33388,33388,14947,GlaxoSmithKline plc,Glaxosmithkline,,,,,,,,,,,,,,,,
33418,33418,9460,First Pacific Company,First Pacific Company Ltd,,,,,,,,,,,,,,,,
33423,33423,9384,Flash Ex,Flash Express,,,,,,,,,,,,,,,,
33454,33454,8310,James Hardie Industries,James Hardie Industries Plc,,,,,,,,,,,,,,,,
33456,33456,30802,V & M ASSETS LIMITED,V & M ASSOCIATES LTD,,,,,,,,,,,,,,,,
33470,33470,14268,Alpha Real Estate,Alpha Real Estate Holding,,,,,,,,,,,,,,,,
33482,33482,9818,Delivery Hero,Delivery Hero SE,,,,,,,,,,,,,,,,
33490,33490,27484,China Merchants Securities Co Ltd,China Merchants Securities Co. Ltd,,,,,,,,,,,,,,,,
33495,33495,2502,NetEase Inc,"NetEase, Inc.",,,,,,,,,,,,,,,,
33501,33501,3441,Platinum Investment Management,Platinum Investment Management Limited,,,,,,,,,,,,,,,,
33508,33508,15677,Old Republic International,Old Republic International Corp,,,,,,,,,,,,,,,,
33511,33511,11935,Future Market Insights,Future Marketing,,,,,,,,,,,,,,,,
33522,33522,27679,ALL ABOUT WINDOWS (SOUTHERN) LIMITED,ALL ABOUT WINDOWS LIMITED,,,,,,,,,,,,,,,,
33526,33526,2438,China Shipbuilding Industry Group Power,China Shipbuilding Industry Group Power Co. Ltd,,,,,,,,,,,,,,,,
33540,33540,24893,Nippon Electric Glass,Nippon Electric Glass Co Ltd,,,,,,,,,,,,,,,,
33566,33566,24767,Straumann Holding AG,Straumann Holding Ag,,,,,,,,,,,,,,,,
33568,33568,22093,ALL ABOUT THE APPS LTD,ALL ABOUT THE BABY LIMITED,,,,,,,,,,,,,,,,
33606,33606,1942,Simpson Manufacturing,Simpson Manufacturing Co Inc,,,,,,,,,,,,,,,,
33628,33628,13175,Evonik Industries,Evonik Industries AG,,,,,,,,,,,,,,,,
33631,33631,21777,Endava,Endava plc,,,,,,,,,,,,,,,,
33634,33634,3130,Geberit AG,Geberit Ag,,,,,,,,,,,,,,,,
33639,33639,26702,Acea SpA,Acea Spa,,,,,,,,,,,,,,,,
33651,33651,8610,DaVita,DaVita Inc,,,,,,,,,,,,,,,,
33652,33652,15934,ALLIED UNIVERSAL HOLDCO LLC,ALLIED UNIVERSAL TOPCO LLC,,,,,,,,,,,,,,,,
33672,33672,11575,Marfrig Global Foods,Marfrig Global Foods SA,,,,,,,,,,,,,,,,
33682,33682,15114,BAD & BOUJEE LIMITED,BAD & BOUJIEE LTD,,,,,,,,,,,,,,,,
33685,33685,9437,TerraNet AB,TerraNet Holding AB,,,,,,,,,,,,,,,,
33703,33703,24177,Autogrill S.p.A.,Autogrill SpA,,,,,,,,,,,,,,,,
33710,33710,11635,Braskem,Braskem SA,,,,,,,,,,,,,,,,
33729,33729,26680,Tomra Systems ASA,Tomra Systems Asa,,,,,,,,,,,,,,,,
33730,33730,15323,Ameriprise Financial,Ameriprise Financial Inc,,,,,,,,,,,,,,,,
33740,33740,3290,Li Auto Inc,Li Auto Inc.,,,,,,,,,,,,,,,,
33765,33765,8273,Toray Industries,Toray Industries Inc,,,,,,,,,,,,,,,,
33775,33775,9834,Guardant Health,"Guardant Health, Inc.",,,,,,,,,,,,,,,,
33786,33786,25577,Astellas Pharma Inc,"Astellas Pharma, Inc.",,,,,,,,,,,,,,,,
33787,33787,20529,Frontier Developments,Frontier Developments plc,,,,,,,,,,,,,,,,
33794,33794,18584,American International Group Inc (AIG),"American International Group, Inc.",,,,,,,,,,,,,,,,
33831,33831,5142,Advantech Co Ltd,Advantech Co. Ltd,,,,,,,,,,,,,,,,
33849,33849,8523,Companhia Paranaense de Energia - COPEL,Companhia Paranaense de Energia SA,,,,,,,,,,,,,,,,
33857,33857,11855,Bank of Jinzhou,Bank of Jinzhou Co. Ltd,,,,,,,,,,,,,,,,
33894,33894,4730,British Land Company,British Land Company plc,,,,,,,,,,,,,,,,
33900,33900,16425,Sasa Polyester Sanayi,Sasa Polyester Sanayi A.S.,,,,,,,,,,,,,,,,
33915,33915,2196,Nichirei Corp,Nichirei Corporation,,,,,,,,,,,,,,,,
33924,33924,16544,Schneider Electric SE,Schneider Electric Spa,,,,,,,,,,,,,,,,
33928,33928,25836,NEW AGE FASHION LTD,NEW AGE FINANCE LTD,,,,,,,,,,,,,,,,
33945,33945,29438,Attijariwafa Bank,Attijariwafa Bank SA,,,,,,,,,,,,,,,,
33963,33963,31808,WEC Energy Group,WEC Energy Group Inc,,,,,,,,,,,,,,,,
33970,33970,25695,Yamaguchi Financial Group Inc,"Yamaguchi Financial Group, Inc.",,,,,,,,,,,,,,,,
33985,33985,26754,Banca Popolare Di Sondrio S.c.p.a,Banca Popolare Di Sondrio Spa,,,,,,,,,,,,,,,,
34000,34000,22182,Banpu Public Company,Banpu Public Company Ltd,,,,,,,,,,,,,,,,
34007,34007,23234,"Hangzhou DPtech Technologies Co.,Ltd.",Hangzhou Dptech Technologies,,,,,,,,,,,,,,,,
34018,34018,1077,Aristocrat Leisure Limited,Aristocrat Leisure Ltd,,,,,,,,,,,,,,,,
34031,34031,15961,La Kaffa International,La Kaffa International Co. Ltd,,,,,,,,,,,,,,,,
34032,34032,26599,Autoneum Holding AG,Autoneum Holding Ag,,,,,,,,,,,,,,,,
34039,34039,21422,Scholastic Corp,Scholastic Corporation,,,,,,,,,,,,,,,,
34043,34043,11085,Norfolk Southern,Norfolk Southern Corp,,,,,,,,,,,,,,,,
34047,34047,30781,ALL ABOUT DAMP LTD,ALL ABOUT DATA LTD,,,,,,,,,,,,,,,,
34055,34055,7902,China Mengniu Dairy,China Mengniu Dairy Co Ltd,,,,,,,,,,,,,,,,
34071,34071,17061,ProSiebenSat.1,ProSiebenSat.1 Media SE,,,,,,,,,,,,,,,,
34075,34075,21149,SupportMart,Supportas,,,,,,,,,,,,,,,,
34094,34094,15179,Kintetsu Group Holdings Co Ltd,"Kintetsu Group Holdings Co.,Ltd.",,,,,,,,,,,,,,,,
34095,34095,8147,Nexstar Media Group,Nexstar Media Group Inc,,,,,,,,,,,,,,,,
34138,34138,14523,The Howard Hughes Corp,The Howard Hughes Corporation,,,,,,,,,,,,,,,,
34169,34169,14499,Credicorp,Credicorp Ltd,,,,,,,,,,,,,,,,
34176,34176,7567,Sotera Health Co,Sotera Health Company,,,,,,,,,,,,,,,,
34177,34177,29079,Allegion,Allegion Plc,,,,,,,,,,,,,,,,
34188,34188,5256,United Industrial Corp Ltd,United Industrial Corporation,,,,,,,,,,,,,,,,
34195,34195,24485,Dis-Chem Pharmacies Ltd,Dis-chem Pharmacies,,,,,,,,,,,,,,,,
34209,34209,1869,HCL Technologies Careers,HCL Technologies Ltd,,,,,,,,,,,,,,,,
34214,34214,13780,Biohaven Pharmaceutical Holding Company,Biohaven Pharmaceutical Holding Company Ltd.,,,,,,,,,,,,,,,,
34227,34227,31365,Free,Freebit,,,,,,,,,,,,,,,,
34235,34235,2470,Weis Markets,Weis Markets Inc,,,,,,,,,,,,,,,,
34242,34242,24624,Ningxia Baofeng Energy Group,Ningxia Baofeng Energy Group Co. Ltd,,,,,,,,,,,,,,,,
34257,34257,4738,Zhuguang Holdings Group Company,Zhuguang Holdings Group Company Ltd,,,,,,,,,,,,,,,,
34259,34259,33106,Quilter,Quilter Plc,,,,,,,,,,,,,,,,
34274,34274,20731,BAE Systems,BAE Systems Plc,,,,,,,,,,,,,,,,
34276,34276,4943,Technology One,Technology One Limited,,,,,,,,,,,,,,,,
34286,34286,16977,IDEX Corp,IDEX Corporation,,,,,,,,,,,,,,,,
34288,34288,23329,Anhui Kouzi Distillery,Anhui Kouzi Distillery Co. Ltd,,,,,,,,,,,,,,,,
34294,34294,32573,Z A SIGNATURE LTD,Z A STORE LTD,,,,,,,,,,,,,,,,
34300,34300,16693,V & J DRINKS LIMITED,V & J HOLDINGS LIMITED,,,,,,,,,,,,,,,,
34311,34311,26846,Macmahon Holdings Limited,Macmahon Holdings Ltd,,,,,,,,,,,,,,,,
34343,34343,21658,Airbnb,Airbnb Inc,,,,,,,,,,,,,,,,
34352,34352,16334,Telia Company,Telia Company AB,,,,,,,,,,,,,,,,
34361,34361,7608,Golden Biotechnology Corp,Golden Biotechnology Corporation,,,,,,,,,,,,,,,,
34385,34385,20874,Uber Technologies,Uber Technologies Inc,,,,,,,,,,,,,,,,
34392,34392,14510,Hioki E.E. Corp,Hioki E.e. Corporation,,,,,,,,,,,,,,,,
34405,34405,15589,Equatorial Para Distribuidora De Energia,Equatorial Para Distribuidora de Energia SA,,,,,,,,,,,,,,,,
34410,34410,33740,Li Auto,Li Auto Inc,,,,,,,,,,,,,,,,
34412,34412,4617,Artisan Partners Asset Management,Artisan Partners Asset Management Inc,,,,,,,,,,,,,,,,
34416,34416,7048,Sichuan Changhong Electric Co Ltd,"Sichuan Changhong Electric Co.,Ltd.",,,,,,,,,,,,,,,,
34442,34442,4779,PPG Industries Inc,"PPG Industries, Inc.",,,,,,,,,,,,,,,,
34448,34448,7189,Splunk,Splunk Inc,,,,,,,,,,,,,,,,
34450,34450,17081,Genscript Biotech Corp,Genscript Biotech Corporation,,,,,,,,,,,,,,,,
34463,34463,8917,C&C Group,C&C Group plc,,,,,,,,,,,,,,,,
34472,34472,2737,Diamyd Medical,Diamyd Medical AB,,,,,,,,,,,,,,,,
34474,34474,3229,Owens & Minor,Owens & Minor Inc,,,,,,,,,,,,,,,,
34479,34479,1691,Rail Vikas Nigam,Rail Vikas Nigam Limited,,,,,,,,,,,,,,,,
34488,34488,30041,Aavas Financiers,Aavas Financiers Limited,,,,,,,,,,,,,,,,
34524,34524,30985,Wangfujing Group Co Ltd,Wangfujing Group Co. Ltd,,,,,,,,,,,,,,,,
34544,34544,5013,BEAUTY AND THE BEST LTD,BEAUTY AND THE BISTRO LIMITED,,,,,,,,,,,,,,,,
34550,34550,6676,Beijing Easpring Material Technology,"Beijing Easpring Material Technology CO.,LTD.",,,,,,,,,,,,,,,,
34573,34573,32222,Finsbury Growth & Income Trust,Finsbury Growth & Income Trust plc,,,,,,,,,,,,,,,,
34580,34580,33243,Constellium SE,Constellium Se,,,,,,,,,,,,,,,,
34594,34594,34199,Longshine Technology,"Longshine Technology Group Co.,Ltd.",,,,,,,,,,,,,,,,
34609,34609,14519,Cardinal Health,Cardinal Health Inc,,,,,,,,,,,,,,,,
34620,34620,31070,Netmarble Corp,Netmarble Corporation,,,,,,,,,,,,,,,,
34626,34626,27704,T & B BUILDERS LIMITED,T & B BUILDING LTD,,,,,,,,,,,,,,,,
34627,34627,27370,SOFTWARE & DESIGN LIMITED,SOFTWARE & DEV LTD,,,,,,,,,,,,,,,,
34637,34637,23414,Micro Focus International Plc,Micro Focus International plc,,,,,,,,,,,,,,,,
34639,34639,875,Bilfinger,Bilfinger SE,,,,,,,,,,,,,,,,
34641,34641,7150,Acom Co Ltd,Acom Co. Ltd,,,,,,,,,,,,,,,,
34646,34646,4817,Realty Income Corp,Realty Income Corporation,,,,,,,,,,,,,,,,
34649,34649,21295,Krones,Krones AG,,,,,,,,,,,,,,,,
34655,34655,18700,China Oilfield Services,China Oilfield Services Ltd,,,,,,,,,,,,,,,,
34687,34687,11588,Schneider National,Schneider National Inc,,,,,,,,,,,,,,,,
34692,34692,33221,ManpowerGroup Inc.,Manpowergroup,,,,,,,,,,,,,,,,
34697,34697,22968,American Tower Corp,American Tower Corporation,,,,,,,,,,,,,,,,
34708,34708,28846,Marathon Oil Corp,Marathon Oil Corporation,,,,,,,,,,,,,,,,
34714,34714,18199,P A CREATIVE LTD,P A CREATIVE TECHNICAL LTD,,,,,,,,,,,,,,,,
34732,34732,7477,Severn Trent,Severn Trent Plc,,,,,,,,,,,,,,,,
34736,34736,10560,NEW ADVENTURES IN PIXELS LTD,NEW ADVENTURES LIMITED,,,,,,,,,,,,,,,,
34774,34774,10940,Cabot Corp,Cabot Corporation,,,,,,,,,,,,,,,,
34782,34782,958,Valneva SE,Valneva Se,,,,,,,,,,,,,,,,
34784,34784,17436,Carlsberg,Carlsberg A-S,,,,,,,,,,,,,,,,
34801,34801,17316,Crestwood Equity Partners LP,Crestwood Equity Partners Lp,,,,,,,,,,,,,,,,
34808,34808,24409,Morningstar,Morningstar Inc,,,,,,,,,,,,,,,,
34814,34814,7693,Alpargatas,Alpargatas SA,,,,,,,,,,,,,,,,
34820,34820,4146,Kobe Steel,Kobe Steel Ltd,,,,,,,,,,,,,,,,
34826,34826,3344,Reliance Steel & Aluminum,Reliance Steel & Aluminum Co,,,,,,,,,,,,,,,,
34832,34832,17554,DXC Technology,DXC Technology Co,,,,,,,,,,,,,,,,
34839,34839,20028,KWS SAAT SE & Co KGaA,KWS Saat SE & Co KGaA,,,,,,,,,,,,,,,,
34845,34845,3626,Petro Rio,Petro Rio SA,,,,,,,,,,,,,,,,
34858,34858,11464,Karvy Fintech,Karvy Innotech,,,,,,,,,,,,,,,,
34865,34865,10501,Pushpay Holdings,Pushpay Holdings Limited,,,,,,,,,,,,,,,,
34866,34866,10567,LivaNova PLC,LivaNova Plc,,,,,,,,,,,,,,,,
34878,34878,2008,Plantronics Inc,"Plantronics, Inc.",,,,,,,,,,,,,,,,
34879,34879,1754,Four Seasons,Four Seasons Hotel,,,,,,,,,,,,,,,,
34888,34888,16216,Lufax Holding,Lufax Holding Ltd,,,,,,,,,,,,,,,,
34906,34906,12716,Fulton Financial Corp,Fulton Financial Corporation,,,,,,,,,,,,,,,,
34907,34907,15645,Zhejiang Wanma,Zhejiang Wansheng,,,,,,,,,,,,,,,,
34920,34920,13562,Shanghai Yuyuan Tourist Mart,Shanghai Yuyuan Tourist Mart (group),,,,,,,,,,,,,,,,
34934,34934,31050,Taiwan Mask,Taiwan Mask Corp,,,,,,,,,,,,,,,,
34939,34939,5660,Mercedes-Benz,Mercedes-Benz Group,,,,,,,,,,,,,,,,
34949,34949,19209,Truworths International,Truworths International Ltd,,,,,,,,,,,,,,,,
34969,34969,3012,Doosan Bobcat,"Doosan Bobcat, Inc.",,,,,,,,,,,,,,,,
34974,34974,5056,BEAUTY AT HEART LTD,BEAUTY AT HEARTS BOUTIQUE LTD,,,,,,,,,,,,,,,,
34990,34990,3495,CK Asset Holdings Limited,CK Asset Holdings Ltd,,,,,,,,,,,,,,,,
35002,35002,28222,Deutsche Borse,Deutsche Borse AG,,,,,,,,,,,,,,,,
35011,35011,22236,Sika,Sika AG,,,,,,,,,,,,,,,,
35019,35019,9770,Santos Ltd,Santova Ltd,,,,,,,,,,,,,,,,
35030,35030,18691,Founder Securities Co Ltd,Founder Securities Co. Ltd,,,,,,,,,,,,,,,,
35039,35039,24217,Yamana Gold Inc,Yamana Gold Inc.,,,,,,,,,,,,,,,,
35043,35043,11636,Societe Generale,Societe Generale SA,,,,,,,,,,,,,,,,
35045,35045,3311,Cellnex Telecom,Cellnex Telecom SA,,,,,,,,,,,,,,,,
35048,35048,26851,OfBusiness,Ofbusiness,,,,,,,,,,,,,,,,
35081,35081,13771,Lecron Industrial Development Group Co. Ltd,"Lecron Industrial Development Group Co., Ltd.",,,,,,,,,,,,,,,,
35100,35100,26838,National Australia Bank,National Australia Bank Limited,,,,,,,,,,,,,,,,
35105,35105,9666,Fugro N.V.,Fugro NV,,,,,,,,,,,,,,,,
35115,35115,5337,Genesis Energy LP,Genesis Energy Limited,,,,,,,,,,,,,,,,
35120,35120,29932,Extra Space Storage,Extra Space Storage Inc,,,,,,,,,,,,,,,,
35123,35123,4908,Pioneer Natural Resources Co,Pioneer Natural Resources Company,,,,,,,,,,,,,,,,
35127,35127,24920,Wonders Information,Wonders Information Co. Ltd,,,,,,,,,,,,,,,,
35141,35141,11220,Z Energy Limited,Z Energy Ltd,,,,,,,,,,,,,,,,
35147,35147,15974,SOFTWARE SAFETY LIMITED,SOFTWARE SAFETY SOLUTIONS LIMITED,,,,,,,,,,,,,,,,
35149,35149,15337,LTIMindtree,LTIMindtree Ltd,,,,,,,,,,,,,,,,
35151,35151,11982,Kawasaki Kisen Kaisha,Kawasaki Kisen Kaisha Ltd,,,,,,,,,,,,,,,,
35165,35165,18518,STMicroelectronics Careers,STMicroelectronics N.V.,,,,,,,,,,,,,,,,
35177,35177,5529,Superior Plus,Superior Plus Corp,,,,,,,,,,,,,,,,
35197,35197,21768,Deutsche Pfandbriefbank AG,Deutsche Pfandbriefbank Ag,,,,,,,,,,,,,,,,
35200,35200,2948,Kinross Gold Corp,Kinross Gold Corporation,,,,,,,,,,,,,,,,
35201,35201,16281,Elbit Systems Ltd,Elbit Systems Ltd.,,,,,,,,,,,,,,,,
35209,35209,20470,Prysmian,Prysmian Group,,,,,,,,,,,,,,,,
35219,35219,3991,Magic Software Enterprises,Magic Software Enterprises Ltd.,,,,,,,,,,,,,,,,
35224,35224,7585,Thomson Medical Group,Thomson Medical Group Ltd,,,,,,,,,,,,,,,,
35235,35235,15013,Sojitz Corp,Sojitz Corporation,,,,,,,,,,,,,,,,
35248,35248,6506,Marathon Petroleum Careers,Marathon Petroleum Corp,,,,,,,,,,,,,,,,
35255,35255,12563,Amphenol Corp,Amphenol Corporation,,,,,,,,,,,,,,,,
35261,35261,19024,Caisse Regionale de Credit Agricole Mutuel Brie Picardie,Caisse Regionale de Credit Agricole Mutuel Nord de France,,,,,,,,,,,,,,,,
35297,35297,12141,Mitsubishi Estate Logistics REIT Investment Corp,Mitsubishi Estate Logistics Reit Investment Corporation,,,,,,,,,,,,,,,,
35300,35300,23400,China Youran Dairy Group Limited,China Youran Dairy Group Ltd,,,,,,,,,,,,,,,,
35314,35314,27459,Clipper Logistics,Clipper Logistics plc,,,,,,,,,,,,,,,,
35328,35328,27126,Learning Technologies Group,Learning Technologies Group plc,,,,,,,,,,,,,,,,
35335,35335,10156,Godrej Agrovet,Godrej Agrovet Ltd,,,,,,,,,,,,,,,,
35345,35345,10981,NEW AGE DIGITAL LIMITED,NEW AGE DIGITAL MEDIA LIMITED,,,,,,,,,,,,,,,,
35351,35351,23619,Inwido AB,Inwido Ab,,,,,,,,,,,,,,,,
35363,35363,3885,Brighton-Best International,Brighton-best International (taiwan),,,,,,,,,,,,,,,,
35379,35379,32978,Eagle Materials,Eagle Materials Inc,,,,,,,,,,,,,,,,
35398,35398,6608,Daewoo Engineering & Construction,Daewoo Engineering & Construction Co Ltd,,,,,,,,,,,,,,,,
35419,35419,1070,Pendal Group,Pendal Group Limited,,,,,,,,,,,,,,,,
35427,35427,14024,ALL ABOUT WINE LIMITED,ALL ABOUT WIPES LTD,,,,,,,,,,,,,,,,
35440,35440,13465,Nemak S. A. B. De C. V,"Nemak, S. A. B. de C. V.",,,,,,,,,,,,,,,,
35448,35448,17978,GOOD COMPANY (POOLE) LIMITED,GOOD COMPANY (TRAVEL) LIMITED,,,,,,,,,,,,,,,,
35459,35459,19572,Starwood Property Trust Inc,"Starwood Property Trust, Inc.",,,,,,,,,,,,,,,,
35464,35464,2870,BAD BILLY LTD,BAD BILLY STUDIO LTD,,,,,,,,,,,,,,,,
35496,35496,19673,ALL ABOUT MEDIA LIMITED,ALL ABOUT MODULAR LIMITED,,,,,,,,,,,,,,,,
35498,35498,34554,Insight Enterprises,Insight Enterprises Inc,,,,,,,,,,,,,,,,
35502,35502,28226,Bukit Sembawang Estates,Bukit Sembawang Estates Ltd,,,,,,,,,,,,,,,,
35507,35507,25633,Boston Properties,Boston Properties Inc,,,,,,,,,,,,,,,,
35508,35508,11395,Enel Americas,Enel Americas SA,,,,,,,,,,,,,,,,
35557,35557,30241,Carl Zeiss Meditec AG,Carl Zeiss Meditec Ag,,,,,,,,,,,,,,,,
35567,35567,32927,Ana Holdings,Ana Holdings Inc,,,,,,,,,,,,,,,,
35574,35574,26751,Western Digital Corp,Western Digital Corporation,,,,,,,,,,,,,,,,
35603,35603,28492,Intertrust,Intertrust Group,,,,,,,,,,,,,,,,
35605,35605,24310,Hisamitsu Pharmaceutical Co Inc,"Hisamitsu Pharmaceutical Co., Inc.",,,,,,,,,,,,,,,,
35607,35607,918,Franco-Nevada Corporation,Franco-nevada Corporation,,,,,,,,,,,,,,,,
35616,35616,19469,Kingspan Group Plc,Kingspan Group plc,,,,,,,,,,,,,,,,
35630,35630,23649,American Finance Trust,American Financial Group,,,,,,,,,,,,,,,,
35633,35633,25256,Caterpillar,Caterpillar Inc,,,,,,,,,,,,,,,,
35638,35638,15454,Solutions 30 S.e,Solutions 30 SE,,,,,,,,,,,,,,,,
35659,35659,27522,Wuchan Zhongda Group,"Wuchan Zhongda Group Co.,Ltd.",,,,,,,,,,,,,,,,
35661,35661,20178,Sumitomo Electric,Sumitomo Electric Industries,,,,,,,,,,,,,,,,
35681,35681,29670,FOOD CARE SERVICES LIMITED,FOOD CAREERS LIMITED,,,,,,,,,,,,,,,,
35687,35687,13636,10x Genomics,"10x Genomics, Inc.",,,,,,,,,,,,,,,,
35689,35689,9293,BEAUTY BAY LIMITED,BEAUTY BAZAAR LIMITED,,,,,,,,,,,,,,,,
35698,35698,10093,Zhejiang Huatie Emergency Equipment Science & Technology,"Zhejiang Huatie Emergency Equipment Science & Technology Co.,Ltd.",,,,,,,,,,,,,,,,
35701,35701,19562,P A BLEVINS & CO LTD,P A BLEVINS & SONS LTD,,,,,,,,,,,,,,,,
35706,35706,16979,China Resources Beer (Holdings),China Resources Beer (Holdings) Co Ltd,,,,,,,,,,,,,,,,
35737,35737,28051,Shanghai Jin Jiang International Hotels Development,Shanghai Jin Jiang International Hotels Development Co. Ltd,,,,,,,,,,,,,,,,
35745,35745,16057,Hypera,Hypera SA,,,,,,,,,,,,,,,,
35746,35746,28832,Shopify,Shopify Inc,,,,,,,,,,,,,,,,
35754,35754,17186,Royal Caribbean Cruises Ltd,Royal Caribbean Cruises Ltd.,,,,,,,,,,,,,,,,
35767,35767,34781,Center International Group,"Center International Group Co.,Ltd.",,,,,,,,,,,,,,,,
35792,35792,24162,Plus,Plus500,,,,,,,,,,,,,,,,
35804,35804,21680,DoorDash Inc,"DoorDash, Inc.",,,,,,,,,,,,,,,,
35808,35808,5801,Merck & Co,Merck & Co Inc,,,,,,,,,,,,,,,,
35815,35815,30016,Autel Intelligent Technology Corp Ltd,"Autel Intelligent Technology Corp., Ltd.",,,,,,,,,,,,,,,,
35819,35819,33832,ALL ABOUT CASHMERE LIMITED,ALL ABOUT CATERING LIMITED,,,,,,,,,,,,,,,,
35827,35827,22269,China Zheshang Bank Co Ltd,China Zheshang Bank Co. Ltd,,,,,,,,,,,,,,,,
35843,35843,22510,Assicurazioni Generali SpA,Assicurazioni Generali Spa,,,,,,,,,,,,,,,,
35876,35876,13133,Synaptics,Synaptics Inc,,,,,,,,,,,,,,,,
35878,35878,35136,FP Corp,FPT Corp,,,,,,,,,,,,,,,,
35892,35892,14420,Softcat Plc,Softcat plc,,,,,,,,,,,,,,,,
35924,35924,31400,Scandinavian Tobacco Group A-S,Scandinavian Tobacco Group A/S,,,,,,,,,,,,,,,,
35928,35928,1704,NiSource Inc,NiSource Inc.,,,,,,,,,,,,,,,,
35929,35929,30904,Nova Cartotecnica Roberto,Nova Cartotecnica Roberto.s,,,,,,,,,,,,,,,,
35932,35932,25826,Brodynt Global,Brodynt Global Services,,,,,,,,,,,,,,,,
35936,35936,1725,Coway Co Ltd,Coway Co. Ltd,,,,,,,,,,,,,,,,
35937,35937,18098,Xi'an Shaangu Power,Xi'an Shaangu Power Co. Ltd,,,,,,,,,,,,,,,,
35947,35947,5173,Jefferies Financial Group Inc,Jefferies Financial Group Inc.,,,,,,,,,,,,,,,,
35988,35988,17558,Lundin Mining Corp,Lundin Mining Corporation,,,,,,,,,,,,,,,,
36004,36004,9178,Spirax-Sarco Engineering Plc,Spirax-Sarco Engineering plc,,,,,,,,,,,,,,,,
36005,36005,9185,Viohalco,Viohalco S.a.,,,,,,,,,,,,,,,,
36006,36006,3217,Ooredoo,Ooredoo QPSC,,,,,,,,,,,,,,,,
36008,36008,26131,Lumen Technologies,Lumen Technologies Inc,,,,,,,,,,,,,,,,
36010,36010,26292,Elekta,Elekta AB,,,,,,,,,,,,,,,,
36014,36014,9969,Commerce Bancshares Inc,"Commerce Bancshares, Inc.",,,,,,,,,,,,,,,,
36028,36028,17518,Convatec Group,Convatec Group plc,,,,,,,,,,,,,,,,
36032,36032,31947,Xpo Logistics,Xpo Logistics Europe Sa,,,,,,,,,,,,,,,,
36036,36036,18229,SOFTWARE RISK LIMITED,SOFTWARE ROCKS LTD,,,,,,,,,,,,,,,,
36039,36039,5875,ExcelSoft Technologies,ExcelaCom Technologies,,,,,,,,,,,,,,,,
36042,36042,645,Next Fifteen Communications Group,Next Fifteen Communications Group plc,,,,,,,,,,,,,,,,
36052,36052,31025,Hensoldt AG,Hensoldt Ag,,,,,,,,,,,,,,,,
36053,36053,30,Williams-Sonoma,"Williams-Sonoma, Inc.",,,,,,,,,,,,,,,,
36054,36054,24807,Total Access Communication Public Company,Total Access Communication Public Company Ltd,,,,,,,,,,,,,,,,
36056,36056,30180,KB Financial Group Inc,KB Financial Group Inc.,,,,,,,,,,,,,,,,
36057,36057,23394,Seera Group Holding,Seera Holding Group,,,,,,,,,,,,,,,,
36070,36070,6300,Church & Dwight Co Inc,"Church & Dwight Co., Inc.",,,,,,,,,,,,,,,,
36073,36073,7765,Brilliance China Automotive Holdings,Brilliance China Automotive Holdings Ltd,,,,,,,,,,,,,,,,
36081,36081,29450,Paul Hartmann AG,Paul Hartmann Ag,,,,,,,,,,,,,,,,
36085,36085,740,Inter Cars S.a.,Inter Cars SA,,,,,,,,,,,,,,,,
36093,36093,11298,Cowen,Cowen Inc,,,,,,,,,,,,,,,,
36105,36105,1270,Mercado Libre Inc,MercadoLibre,,,,,,,,,,,,,,,,
36139,36139,22586,Liberty Global,Liberty Global plc,,,,,,,,,,,,,,,,
36143,36143,14951,ULVAC Inc,"ULVAC, Inc.",,,,,,,,,,,,,,,,
36152,36152,13009,Shanghai Shimao,Shanghai Shimao Co. Ltd,,,,,,,,,,,,,,,,
36160,36160,34351,Integrata,Integrata Oy,,,,,,,,,,,,,,,,
36164,36164,33451,The Swatch Group AG,The Swatch Group Ltd,,,,,,,,,,,,,,,,
36173,36173,4458,Ono Pharmaceutical,Ono Pharmaceutical Co Ltd,,,,,,,,,,,,,,,,
36180,36180,21614,Public Joint-Stock Company TNS energo Nizhny Novgorod,Public Joint-Stock Company TNS energo Rostov-on-Don,,,,,,,,,,,,,,,,
36183,36183,3150,Shaanxi Coal Industry Company,Shaanxi Coal Industry Company Ltd,,,,,,,,,,,,,,,,
36188,36188,4412,Toyoda Gosei,Toyoda Gosei Co Ltd,,,,,,,,,,,,,,,,
36194,36194,31819,Nippon Telegraph And Telephone Corporation,Nippon Telegraph and Telephone Corp,,,,,,,,,,,,,,,,
36208,36208,33722,Telephone And Data Systems,Telephone and Data Systems Inc,,,,,,,,,,,,,,,,
36219,36219,11175,Samsung Fire & Marine Insurance,Samsung Fire & Marine Insurance Co Ltd,,,,,,,,,,,,,,,,
36223,36223,12885,Dai Nippon Printing,Dai Nippon Printing Co Ltd,,,,,,,,,,,,,,,,
36226,36226,34263,Costa Group Holdings,Costa Group Holdings Limited,,,,,,,,,,,,,,,,
36260,36260,19308,The Gap Inc,"The Gap, Inc.",,,,,,,,,,,,,,,,
36273,36273,5738,Cencosud,Cencosud SA,,,,,,,,,,,,,,,,
36281,36281,781,BorgWarner Inc,BorgWarner Inc.,,,,,,,,,,,,,,,,
36293,36293,9181,Aquafil S.p.A.,Aquafil Spa,,,,,,,,,,,,,,,,
36296,36296,21676,Fidelity National Financial Careers,Fidelity National Financial Inc,,,,,,,,,,,,,,,,
36302,36302,8224,Hyundai Heavy Industries Holdings,Hyundai Heavy Industries Holdings Co. Ltd,,,,,,,,,,,,,,,,
36304,36304,1340,Dianomi,Dianomi plc,,,,,,,,,,,,,,,,
36306,36306,28331,Walsin Technology Corp,Walsin Technology Corporation,,,,,,,,,,,,,,,,
36307,36307,25300,ALL ABOUT LAW LIMITED,ALL ABOUT LAWNS LTD,,,,,,,,,,,,,,,,
36309,36309,3836,Evergreen Marine Corp,Evergreen Marine Corp Taiwan Ltd,,,,,,,,,,,,,,,,
36319,36319,20220,Basler,Basler AG,,,,,,,,,,,,,,,,
36334,36334,14161,Sega Sammy Holdings Inc,"Sega Sammy Holdings, Inc.",,,,,,,,,,,,,,,,
36357,36357,10793,Geniem,Genies,,,,,,,,,,,,,,,,
36377,36377,75,El Puerto De Liverpool,El Puerto de Liverpool SAB de CV,,,,,,,,,,,,,,,,
36407,36407,4414,Tullow Oil,Tullow Oil Plc,,,,,,,,,,,,,,,,
36437,36437,2505,Bank of Shanghai Co Ltd,Bank of Shanghai Co. Ltd,,,,,,,,,,,,,,,,
36438,36438,44,Enagas,Enagas SA,,,,,,,,,,,,,,,,
36446,36446,27560,Tele2,Tele2 AB,,,,,,,,,,,,,,,,
36454,36454,30808,Compagnie Financiere Richemont Sa,Compagnie Financière Richemont,,,,,,,,,,,,,,,,
36459,36459,23759,Saint-Gobain Abrasives,Saint-Gobain Weber,,,,,,,,,,,,,,,,
36462,36462,4336,Inpex Corp,Inpex Corporation,,,,,,,,,,,,,,,,
36467,36467,26636,Full Truck Alliance,Full Truck Alliance Co. Ltd.,,,,,,,,,,,,,,,,
36474,36474,20120,Wistron NeWeb Corp,Wistron Neweb Corporation,,,,,,,,,,,,,,,,
36481,36481,15283,Thunder Software Technology,"Thunder Software Technology Co.,Ltd.",,,,,,,,,,,,,,,,
36500,36500,24070,Equitable Holdings Inc,"Equitable Holdings, Inc.",,,,,,,,,,,,,,,,
36519,36519,19855,Baoshan Iron & Steel,Baoshan Iron & Steel Co. Ltd,,,,,,,,,,,,,,,,
36619,36619,23659,Taisho Pharmaceutical Holdings Co Ltd,Taisho Pharmaceutical Holdings Co. Ltd,,,,,,,,,,,,,,,,
36628,36628,15230,International Consolidated Airlines Group SA,"International Consolidated Airlines Group, SA",,,,,,,,,,,,,,,,
36631,36631,2310,SOFTWARE BY SMITH LTD,SOFTWARE BYTES LTD,,,,,,,,,,,,,,,,
36663,36663,10787,Guolian Securities,Guolian Securities Co. Ltd,,,,,,,,,,,,,,,,
36708,36708,16486,Wuhan Department Store Group,Wuhan Department Store Group Co Ltd,,,,,,,,,,,,,,,,
36720,36720,22498,Everbright Securities Company,Everbright Securities Company Ltd,,,,,,,,,,,,,,,,
36734,36734,8324,Far Eastone Telecommunications,Far Eastone Telecommunications Co Ltd,,,,,,,,,,,,,,,,
36747,36747,36500,Equitable Holdings,Equitable Holdings Inc,,,,,,,,,,,,,,,,
36764,36764,1767,Adani Ports & Special Economic Zone,Adani Ports And Special Economic Zone,,,,,,,,,,,,,,,,
36810,36810,10422,Globant,Globant SA,,,,,,,,,,,,,,,,
36839,36839,24412,Three Squirrels,Three Squirrels Co Ltd,,,,,,,,,,,,,,,,
36841,36841,8864,Tata Motors Limited,Tata Motors Ltd,,,,,,,,,,,,,,,,
36871,36871,23307,Kangmei Pharmaceutical,Kangmei Pharmaceutical Co. Ltd,,,,,,,,,,,,,,,,
36877,36877,689,Sumitomo Forestry,Sumitomo Forestry Co Ltd,,,,,,,,,,,,,,,,
36879,36879,13471,Chipidea,Chipita,,,,,,,,,,,,,,,,
36886,36886,7768,BAD WOLF (HDM3) LIMITED,BAD WOLF (IHS) LTD,,,,,,,,,,,,,,,,
36890,36890,5684,Lenta IPJSC,Lenta PLC,,,,,,,,,,,,,,,,
36895,36895,9474,China Cinda Asset Management Co Ltd,China Cinda Asset Management Co. Ltd,,,,,,,,,,,,,,,,
36903,36903,34864,IAA Inc,"IAA, Inc.",,,,,,,,,,,,,,,,
36932,36932,2875,Mitsubishi Heavy Industries,Mitsubishi Heavy Industries Ltd,,,,,,,,,,,,,,,,
36963,36963,18722,NEW AGE HEALTHCARE LIMITED,NEW AGE HEALTHCARE SOLUTIONS LIMITED,,,,,,,,,,,,,,,,
36969,36969,21692,Laurentian Bank Of Canada,Laurentian Bank of Canada,,,,,,,,,,,,,,,,
36980,36980,36013,VTB Bank,VTB Bank PJSC,,,,,,,,,,,,,,,,
36988,36988,15531,Berli Jucker Public Company,Berli Jucker Public Company Ltd,,,,,,,,,,,,,,,,
36997,36997,32896,3i Group,3i Group Plc,,,,,,,,,,,,,,,,
36998,36998,34995,Oriental Land,Oriental Land Co. Ltd,,,,,,,,,,,,,,,,
37002,37002,17601,F-Secure,F-Secure Oyj,,,,,,,,,,,,,,,,
37010,37010,8652,Nongfu Spring,Nongfu Spring Co. Ltd,,,,,,,,,,,,,,,,
37015,37015,5060,Ruentex Industries,Ruentex Industries Ltd,,,,,,,,,,,,,,,,
37029,37029,1089,Octopus AIM VCT 2 plc,Octopus AIM VCT PLC,,,,,,,,,,,,,,,,
37031,37031,13620,Pigeon Corp,Pigeon Corporation,,,,,,,,,,,,,,,,
37035,37035,10581,Whitehaven Coal Limited,Whitehaven Coal Ltd,,,,,,,,,,,,,,,,
37044,37044,5476,Orient Securities,Orient Securities Co Ltd,,,,,,,,,,,,,,,,
37065,37065,15395,Shinko Electric Industries,Shinko Electric Industries Co Ltd,,,,,,,,,,,,,,,,
37082,37082,7616,Thermo Fisher Scientific,Thermo Fisher Scientific Inc,,,,,,,,,,,,,,,,
37182,37182,24730,FOOD CREATIONS EVENTS LTD,FOOD CREATIONS LTD,,,,,,,,,,,,,,,,
37183,37183,5671,Constantia Flexibles,Constantia Flexibles Group GmbH,,,,,,,,,,,,,,,,
37199,37199,29992,Canadian Pacific Railway Careers,Canadian Pacific Railway Limited,,,,,,,,,,,,,,,,
37217,37217,20706,Public Joint Stock Company Magadanenergo,Public Joint Stock Company Magnit,,,,,,,,,,,,,,,,
37223,37223,35668,Zhenro Properties Group,Zhenro Properties Group Ltd,,,,,,,,,,,,,,,,
37228,37228,32055,Baytex Energy,Baytex Energy Corp,,,,,,,,,,,,,,,,
37251,37251,14437,L1 Long Short Fund,L1 Long Short Fund Limited,,,,,,,,,,,,,,,,
37262,37262,37068,Ingenic Semiconductor,"Ingenic Semiconductor Co.,Ltd.",,,,,,,,,,,,,,,,
37264,37264,2205,Service Stream Limited,Service Stream Ltd,,,,,,,,,,,,,,,,
37265,37265,7379,AlterBoutique,Alterboutique,,,,,,,,,,,,,,,,
37276,37276,12671,Army Medical Corps,Army Ordnance Corps,,,,,,,,,,,,,,,,
37278,37278,12845,Vector Limited,Vector Ltd,,,,,,,,,,,,,,,,
37288,37288,6560,R A BUILDING SERVICES 2020 LTD,R A BUILDING SERVICES LIMITED,,,,,,,,,,,,,,,,
37299,37299,36988,Berli Jucker Public Co Ltd,Berli Jucker Public Company,,,,,,,,,,,,,,,,
37301,37301,13240,Toyota Boshoku Corp,Toyota Boshoku Corporation,,,,,,,,,,,,,,,,
37302,37302,10745,Jones Lang LaSalle,Jones Lang LaSalle Inc,,,,,,,,,,,,,,,,
37326,37326,17868,Accell Group,Accell Group N.V.,,,,,,,,,,,,,,,,
37330,37330,215,Penumbra,"Penumbra, Inc.",,,,,,,,,,,,,,,,
37333,37333,30003,China Avionics Systems Co Ltd,"China Avionics Systems Co.,Ltd.",,,,,,,,,,,,,,,,
37377,37377,36855,Healthpeak Properties Inc,"Healthpeak Properties, Inc.",,,,,,,,,,,,,,,,
37382,37382,33104,ICA Gruppen,ICA Gruppen AB,,,,,,,,,,,,,,,,
37393,37393,1337,Adama,Adama Ltd,,,,,,,,,,,,,,,,
37413,37413,17249,Conduent,Conduent Inc,,,,,,,,,,,,,,,,
37415,37415,26073,Shinsegae,Shinsegae Inc,,,,,,,,,,,,,,,,
37448,37448,8044,ALL ABOUT MUSIC LTD,ALL ABOUT NAMES LIMITED,,,,,,,,,,,,,,,,
37453,37453,36947,Ningbo Sanxing Medical Electric,"Ningbo Sanxing Medical Electric Co.,Ltd.",,,,,,,,,,,,,,,,
37496,37496,9858,Mediclinic International Plc,Mediclinic International plc,,,,,,,,,,,,,,,,
37501,37501,9976,Karooooo Ltd,Karooooo Ltd.,,,,,,,,,,,,,,,,
37503,37503,10933,SEI Investments Co,SEI Investments Company,,,,,,,,,,,,,,,,
37513,37513,21762,Gracenote,Graco,,,,,,,,,,,,,,,,
37519,37519,14391,Bright Horizons Family Solutions,Bright Horizons Family Solutions Inc,,,,,,,,,,,,,,,,
37524,37524,6093,Walgreens Boots Alliance,Walgreens Boots Alliance Inc,,,,,,,,,,,,,,,,
37529,37529,29748,Insulet Corp,Insulet Corporation,,,,,,,,,,,,,,,,
37541,37541,12873,TPI Polene Power Public Company Ltd,TPI Polene Public Company Ltd,,,,,,,,,,,,,,,,
37553,37553,24117,Webster Financial Corp,Webster Financial Corporation,,,,,,,,,,,,,,,,
37554,37554,17730,Jiangsu Linyang Energy,Jiangsu Linyang Energy Co. Ltd,,,,,,,,,,,,,,,,
37575,37575,28691,The Hour Glass Limited,The Hour Glass Ltd,,,,,,,,,,,,,,,,
37577,37577,36241,Israel Canada,Israel Canada (t.r) Ltd,,,,,,,,,,,,,,,,
37580,37580,9610,SOFTWARE DESIGN & CONSULTING LIMITED,SOFTWARE DESIGN & IMPLEMENTATION LTD,,,,,,,,,,,,,,,,
37585,37585,3060,Waste Connections,"Waste Connections, Inc.",,,,,,,,,,,,,,,,
37595,37595,27155,Shandong Dongyue Organosilicon Materials Co. Ltd,"Shandong Dongyue Organosilicon Materials Co., Ltd.",,,,,,,,,,,,,,,,
37603,37603,8554,LG Display Co Ltd,LG Display Co. Ltd,,,,,,,,,,,,,,,,
37612,37612,22409,ION Acquisition Corp 2 Ltd,ION Acquisition Corp 3 Ltd,,,,,,,,,,,,,,,,
37621,37621,22800,Electronic Arts,Electronic Arts Inc,,,,,,,,,,,,,,,,
37629,37629,30520,Zhengzhou Yutong Bus,Zhengzhou Yutong Bus Co Ltd,,,,,,,,,,,,,,,,
37634,37634,29114,SOFTWARE SOLUTIONS AI LIMITED,SOFTWARE SOLUTIONS AND TRAINING LIMITED,,,,,,,,,,,,,,,,
37638,37638,14655,Senko Group Holdings,Senko Group Holdings Co Ltd,,,,,,,,,,,,,,,,
37643,37643,2819,Huaneng Lancang River Hydropower,Huaneng Lancang River Hydropower Co Ltd,,,,,,,,,,,,,,,,
37652,37652,37523,UPM-Kymmene,UPM-Kymmene Corp,,,,,,,,,,,,,,,,
37673,37673,32703,Ceres Power Holdings,Ceres Power Holdings plc,,,,,,,,,,,,,,,,
37679,37679,11865,Shree Cement,Shree Cement Ltd,,,,,,,,,,,,,,,,
37699,37699,5869,Molson Coors Brewing,Molson Coors Brewing Company,,,,,,,,,,,,,,,,
37703,37703,26552,U BEST DEAL LTD,U BEST LEADER LIMITED,,,,,,,,,,,,,,,,
37706,37706,31590,Greencore Group Plc,Greencore Group plc,,,,,,,,,,,,,,,,
37710,37710,521,Shanghai Bailian,Shanghai Bailian (group),,,,,,,,,,,,,,,,
37713,37713,5175,Sunrun Inc,Sunrun Inc.,,,,,,,,,,,,,,,,
37716,37716,22277,H & A MANAGEMENT LIMITED,H & A MANAGEMENT SERVICES LTD,,,,,,,,,,,,,,,,
37726,37726,25863,Lawson Inc,"Lawson, Inc.",,,,,,,,,,,,,,,,
37745,37745,36281,BorgWarner,BorgWarner Inc,,,,,,,,,,,,,,,,
37761,37761,11659,Alexandria Real Estate Equities,Alexandria Real Estate Equities Inc,,,,,,,,,,,,,,,,
37776,37776,27521,Nagase & Co,Nagase & Co Ltd,,,,,,,,,,,,,,,,
37778,37778,3915,Shanghai Sinyang Semiconductor Materials,Shanghai Sinyang Semiconductor Materials Co. Ltd,,,,,,,,,,,,,,,,
37798,37798,13076,Edion Corp,Edion Corporation,,,,,,,,,,,,,,,,
37799,37799,19880,Ingles Markets,Ingles Markets Inc,,,,,,,,,,,,,,,,
37806,37806,11473,Mabuchi Motor Co Ltd,Mabuchi Motor Co. Ltd,,,,,,,,,,,,,,,,
37814,37814,271,Valmont Industries Inc,"Valmont Industries, Inc.",,,,,,,,,,,,,,,,
37826,37826,24480,Maruichi Steel Tube,Maruichi Steel Tube Ltd,,,,,,,,,,,,,,,,
37847,37847,14852,Elisa,Elisa Oyj,,,,,,,,,,,,,,,,
37867,37867,18457,Standard Bank Group,Standard Bank Group Ltd,,,,,,,,,,,,,,,,
37899,37899,27612,Rorze Corp,Rorze Corporation,,,,,,,,,,,,,,,,
37908,37908,9267,Harita Seating Systems,Harita Seating Systems Ltd,,,,,,,,,,,,,,,,
37911,37911,505,Acuity Brands,Acuity Brands Inc,,,,,,,,,,,,,,,,
37913,37913,21492,Hannover Ruck Se,Hannover Rück SE,,,,,,,,,,,,,,,,
37957,37957,22549,Komercni Banka,Komercni banka as,,,,,,,,,,,,,,,,
37967,37967,34560,Lululemon Athletica,Lululemon Athletica Inc,,,,,,,,,,,,,,,,
37973,37973,12853,Terna S.p.a.,Terna SpA,,,,,,,,,,,,,,,,
37987,37987,8936,Essity,Essity AB,,,,,,,,,,,,,,,,
37998,37998,10482,Pirelli & C SpA,Pirelli & C. S.p.a.,,,,,,,,,,,,,,,,
38009,38009,24703,The Nisshin OilliO Group Ltd,"The Nisshin OilliO Group,Ltd.",,,,,,,,,,,,,,,,
38011,38011,24960,Vicat SA,Vicat Sa,,,,,,,,,,,,,,,,
38026,38026,4439,Willis Towers Watson PLC,Willis Towers Watson Public Company,,,,,,,,,,,,,,,,
38055,38055,22459,Everest Re Group,Everest Re Group Ltd,,,,,,,,,,,,,,,,
38060,38060,4929,Power Finance Corporation,Power Financial Corporation,,,,,,,,,,,,,,,,
38068,38068,12552,Chongqing Iron & Steel Co Ltd,Chongqing Iron & Steel Company Limited,,,,,,,,,,,,,,,,
38077,38077,31659,Cnova,Cnova NV,,,,,,,,,,,,,,,,
38084,38084,18840,R A HOMES LIMITED,R A HOUSE LIMITED,,,,,,,,,,,,,,,,
38087,38087,21173,SSAB,SSAB AB,,,,,,,,,,,,,,,,
38104,38104,20191,The Hershey Co,The Hershey Company,,,,,,,,,,,,,,,,
38118,38118,1398,Telenor ASA,Telenor Asa,,,,,,,,,,,,,,,,
38119,38119,36028,ConvaTec Group Plc,Convatec Group,,,,,,,,,,,,,,,,
38125,38125,17141,Air France-KLM,Air France-KLM SA,,,,,,,,,,,,,,,,
38150,38150,35067,Samsung Electro-mechanics,Samsung Electronics,,,,,,,,,,,,,,,,
38152,38152,25558,Selective Insurance Group,"Selective Insurance Group, Inc.",,,,,,,,,,,,,,,,
38167,38167,16659,Nomura Holdings,Nomura Holdings Inc,,,,,,,,,,,,,,,,
38187,38187,14011,South Jersey Industries,South Jersey Industries Inc,,,,,,,,,,,,,,,,
38191,38191,22563,SOFTWARE SERVICE EUROPE LIMITED,SOFTWARE SERVICES (UK) LIMITED,,,,,,,,,,,,,,,,
38201,38201,12394,Jiangsu Hoperun Software,Jiangsu Hoperun Software Co. Ltd,,,,,,,,,,,,,,,,
38207,38207,34729,Johns Lyng Group,Johns Lyng Group Limited,,,,,,,,,,,,,,,,
38216,38216,3333,Pepco Group N.V.,Pepco Group N.v.,,,,,,,,,,,,,,,,
38219,38219,37125,Datwyler Holding,Datwyler Holding Inc,,,,,,,,,,,,,,,,
38223,38223,27276,Adesso Ag,Adesso SE,,,,,,,,,,,,,,,,
38240,38240,16588,Jardine Cycle & Carriage,Jardine Cycle & Carriage Ltd,,,,,,,,,,,,,,,,
38245,38245,1377,Partners Group Holding,Partners Group Holding AG,,,,,,,,,,,,,,,,
38249,38249,34966,Overstock.com,Overstock.com Inc,,,,,,,,,,,,,,,,
38254,38254,36043,BAD PLANET LIMITED,BAD PLAY LIMITED,,,,,,,,,,,,,,,,
38255,38255,3035,East West Bancorp,East West Bancorp Inc,,,,,,,,,,,,,,,,
38263,38263,11297,K3 Capital Group,K3 Capital Group plc,,,,,,,,,,,,,,,,
38268,38268,32521,Post Holdings,Post Holdings Inc,,,,,,,,,,,,,,,,
38269,38269,21348,China Gold International Resources,China Gold International Resources Corp. Ltd.,,,,,,,,,,,,,,,,
38288,38288,37571,Property For Industry,Property For Industry Ltd,,,,,,,,,,,,,,,,
38303,38303,25759,Hang Seng Bank,Hang Seng Bank Limited,,,,,,,,,,,,,,,,
38310,38310,21560,Dock,Docker,,,,,,,,,,,,,,,,
38349,38349,38171,DTP HOSPITALITY LTD.,DTP HOSPITALITY UK LIMITED,,,,,,,,,,,,,,,,
38350,38350,9380,Piraeus Financial Holdings,Piraeus Financial Holdings SA,,,,,,,,,,,,,,,,
38363,38363,26927,Power Grid Corporation Of India,Power Grid Corporation of India,,,,,,,,,,,,,,,,
38382,38382,9763,ALL ABOUT THE BEAN LTD,ALL ABOUT THE BEATS LTD,,,,,,,,,,,,,,,,
38389,38389,7473,Flexituff Ventures International,Flexituff Ventures International Ltd,,,,,,,,,,,,,,,,
38390,38390,1486,Canal+,Canali,,,,,,,,,,,,,,,,
38395,38395,15390,Hokuetsu Corp,Hokuetsu Corporation,,,,,,,,,,,,,,,,
38396,38396,31752,Motorola Solutions,Motorola Solutions Inc,,,,,,,,,,,,,,,,
38399,38399,31781,Wuxi Rural Commercial Bank,"Wuxi Rural Commercial Bank Co.,Ltd",,,,,,,,,,,,,,,,
38409,38409,2746,Equinox Gold,Equinox Gold Corp,,,,,,,,,,,,,,,,
38417,38417,5230,Atrium Ljungberg AB,Atrium Ljungberg Ab (publ),,,,,,,,,,,,,,,,
38434,38434,2950,K's Holdings Corp,K's Holdings Corporation,,,,,,,,,,,,,,,,
38441,38441,4564,Wienerberger,Wienerberger AG,,,,,,,,,,,,,,,,
38446,38446,17390,Heidelberg Cement,Heidelberg Cement Ag,,,,,,,,,,,,,,,,
38486,38486,621,Wavestone SA,Wavestone Sa,,,,,,,,,,,,,,,,
38521,38521,8294,Energean Plc,Energean plc,,,,,,,,,,,,,,,,
38534,38534,22207,Shimizu,Shimizu Corp,,,,,,,,,,,,,,,,
38543,38543,18894,Broadridge Financial Solutions,Broadridge Financial Solutions Inc,,,,,,,,,,,,,,,,
38554,38554,9538,IndusInd Bank,IndusInd Bank Ltd,,,,,,,,,,,,,,,,
38567,38567,15709,Komax Holding AG,Komax Holding Ag,,,,,,,,,,,,,,,,
38569,38569,25861,Lundin Energy AB,Lundin Energy Ab (publ),,,,,,,,,,,,,,,,
38578,38578,1873,Bright Dairy & Food Co Ltd,"Bright Dairy & Food Co.,Ltd",,,,,,,,,,,,,,,,
38620,38620,22349,Luxin Venture Capital Group,Luxin Venture Capital Group Co. Ltd,,,,,,,,,,,,,,,,
38635,38635,30338,Unipolsai Assicurazioni,Unipolsai Assicurazioni Spa,,,,,,,,,,,,,,,,
38643,38643,16127,1&1 AG,1&1 Ag,,,,,,,,,,,,,,,,
38654,38654,17737,Argo Group International Holdings,Argo Group International Holdings Ltd,,,,,,,,,,,,,,,,
38655,38655,27120,Amadeus Fire AG,Amadeus Fire Ag,,,,,,,,,,,,,,,,
38667,38667,8874,Fangda Special Steel Technology,Fangda Special Steel Technology Co. Ltd,,,,,,,,,,,,,,,,
38688,38688,34952,General Dynamics Corp,General Dynamics Corporation,,,,,,,,,,,,,,,,
38698,38698,31774,Heilongjiang Agriculture Company,Heilongjiang Agriculture Company Ltd,,,,,,,,,,,,,,,,
38707,38707,12864,ADATA Technology Co Ltd,ADATA Technology Co. Ltd,,,,,,,,,,,,,,,,
38725,38725,12624,ALL ABOUT CHEVRONS LIMITED,ALL ABOUT CHILDREN LIMITED,,,,,,,,,,,,,,,,
38744,38744,8235,"ServisFirst Bancshares, Inc.",Servisfirst Bancshares,,,,,,,,,,,,,,,,
38748,38748,28513,Stantec Inc,Stantec Inc.,,,,,,,,,,,,,,,,
38750,38750,15603,Blue Square Real Estate,Blue Square Real Estate Ltd,,,,,,,,,,,,,,,,
38753,38753,5487,Edwards Lifesciences Corp,Edwards Lifesciences Corporation,,,,,,,,,,,,,,,,
38755,38755,31181,Z & B LTD,Z & BROS LTD,,,,,,,,,,,,,,,,
38764,38764,28493,China Petroleum & Chemical Corp,China Petroleum & Chemical Corporation,,,,,,,,,,,,,,,,
38772,38772,4522,Gamma Communications,Gamma Communications plc,,,,,,,,,,,,,,,,
38799,38799,21175,Pharmagest Interactive SA,Pharmagest Interactive Sa,,,,,,,,,,,,,,,,
38833,38833,18924,SES S.A.,SES SA,,,,,,,,,,,,,,,,
38840,38840,2492,Telekom Malaysia Berhad,Telekom Malaysia Bhd,,,,,,,,,,,,,,,,
38844,38844,34346,Jiangsu Cnano Technology,Jiangsu Cnano Technology Co. Ltd,,,,,,,,,,,,,,,,
38849,38849,3434,Marwincar,Marwincar*,,,,,,,,,,,,,,,,
38893,38893,33195,Seagen Inc,Seagen Inc.,,,,,,,,,,,,,,,,
38896,38896,22142,Beijing Jingneng Clean Energy Co Ltd,Beijing Jingneng Clean Energy Co. Ltd,,,,,,,,,,,,,,,,
38908,38908,28085,Maxim Integrated Products Inc,"Maxim Integrated Products, Inc.",,,,,,,,,,,,,,,,
38912,38912,7209,Life Storage,"Life Storage, Inc.",,,,,,,,,,,,,,,,
38920,38920,14592,ALL ABOUT FLOWERS LTD,ALL ABOUT FLUFF LTD,,,,,,,,,,,,,,,,
38924,38924,19742,Wayfair,Wayfair Inc,,,,,,,,,,,,,,,,
38931,38931,12816,Qube Holdings,Qube Holdings Limited,,,,,,,,,,,,,,,,
38965,38965,31614,Beijing United Information Technology,"Beijing United Information Technology Co.,Ltd.",,,,,,,,,,,,,,,,
38976,38976,12619,Yungtay Engineering,Yungtay Engineering Co. Ltd,,,,,,,,,,,,,,,,
39009,39009,13293,Konka Group,Konka Group Co Ltd,,,,,,,,,,,,,,,,
39026,39026,3895,Northrop Grumman,Northrop Grumman Corp,,,,,,,,,,,,,,,,
39029,39029,2188,ALL ABOUT THE GIRL LTD,ALL ABOUT THE GRIND LTD,,,,,,,,,,,,,,,,
39030,39030,27563,Eramet,Eramet SA,,,,,,,,,,,,,,,,
39036,39036,18148,Hugo Boss AG,Hugo Boss Ag,,,,,,,,,,,,,,,,
39039,39039,23542,Samyang,Samyang Corp,,,,,,,,,,,,,,,,
39040,39040,12645,Franklin Electric,Franklin Electric Co Inc,,,,,,,,,,,,,,,,
39045,39045,36211,Beacon Roofing Supply,Beacon Roofing Supply Inc,,,,,,,,,,,,,,,,
39046,39046,2021,Direct Line Insurance Group Plc,Direct Line Insurance Group plc,,,,,,,,,,,,,,,,
39047,39047,20620,Interactive Brokers Group,Interactive Brokers Group Inc,,,,,,,,,,,,,,,,
39049,39049,26431,Bentley Systems Inc,"Bentley Systems, Incorporated",,,,,,,,,,,,,,,,
39055,39055,14747,China Resources Mixc Lifestyle Services Limited,China Resources Mixc Lifestyle Services Ltd,,,,,,,,,,,,,,,,
39069,39069,18495,"UNITED PARCEL SERVICE OF AMERICA, INC.","UNITED PARCEL SERVICE, INC.",,,,,,,,,,,,,,,,
39073,39073,32096,Bloomage BioTechnology Corp Ltd,Bloomage Biotechnology Corporation,,,,,,,,,,,,,,,,
39085,39085,6047,Iskenderun Demir ve Celik AS,Iskenderun Demir ve Çelik A.S.,,,,,,,,,,,,,,,,
39086,39086,4133,BAD CAT BARBERING LTD,BAD CAT DESIGN LTD,,,,,,,,,,,,,,,,
39098,39098,11698,FOOD AND BEVERAGE LIMITED,FOOD AND BEVERAGE LTD,,,,,,,,,,,,,,,,
39112,39112,6847,BT Group,BT Group Plc,,,,,,,,,,,,,,,,
39135,39135,3902,Sichuan Teway Food Group,"Sichuan Teway Food Group Co.,Ltd",,,,,,,,,,,,,,,,
39145,39145,35340,Chongqing Taiji Industry,Chongqing Taiji Industry(group),,,,,,,,,,,,,,,,
39155,39155,34941,Resorttrust Inc,"Resorttrust, Inc.",,,,,,,,,,,,,,,,
39159,39159,35650,Midea Group,Midea Group Co Ltd,,,,,,,,,,,,,,,,
39174,39174,14492,S A CLOTHING (MCR) LTD,S A CLOTHING LTD,,,,,,,,,,,,,,,,
39175,39175,2962,Credit Acceptance Corp,Credit Acceptance Corporation,,,,,,,,,,,,,,,,
39186,39186,21549,Zeal Network SE,Zeal Network Se,,,,,,,,,,,,,,,,
39191,39191,28470,China Railway Construction Corp Ltd,China Railway Construction Corporation,,,,,,,,,,,,,,,,
39219,39219,30189,Volution Group,Volution Group plc,,,,,,,,,,,,,,,,
39223,39223,32532,Maruti Suzuki,Maruti Suzuki India,,,,,,,,,,,,,,,,
39224,39224,472,Public Joint-Stock Company Rusgrain Holding,Public Joint-Stock Company Seligdar,,,,,,,,,,,,,,,,
39238,39238,19334,Aritzia Inc,Aritzia Inc.,,,,,,,,,,,,,,,,
39245,39245,15372,Z BARBER LTD,Z BARBER SHOP LTD,,,,,,,,,,,,,,,,
39259,39259,16822,Honeywell International,Honeywell International Inc,,,,,,,,,,,,,,,,
39265,39265,27402,"Corporativo Fragua, S.A.B. de C.V.","Corporativo GBM, S.A.B. de C.V.",,,,,,,,,,,,,,,,
39266,39266,30282,TransUnion,TransUnion LLC,,,,,,,,,,,,,,,,
39272,39272,30258,Q DESIGN GROUP LTD,Q DESIGN HOMES LTD,,,,,,,,,,,,,,,,
39280,39280,27594,SMART FINANCES (DORSET) LIMITED,SMART FINANCES LIMITED,,,,,,,,,,,,,,,,
39281,39281,19898,Zalando SE,Zalando Se,,,,,,,,,,,,,,,,
39282,39282,4006,Bank Of Tianjin,Bank Of Xi'an,,,,,,,,,,,,,,,,
39302,39302,36685,China Biologic Products Holdings,"China Biologic Products Holdings, Inc.",,,,,,,,,,,,,,,,
39314,39314,6562,OneMain Holdings,OneMain Holdings Inc,,,,,,,,,,,,,,,,
39335,39335,30142,Egis Technology,"Egis Technology, Inc.",,,,,,,,,,,,,,,,
39336,39336,9524,Old Dominion Freight Line Inc,"Old Dominion Freight Line, Inc.",,,,,,,,,,,,,,,,
39352,39352,27824,Swatch Group,Swatch Group Ag,,,,,,,,,,,,,,,,
39364,39364,16660,Covestro AG,Covestro Ag,,,,,,,,,,,,,,,,
39382,39382,38002,Lien Hwa Industrial Holdings Corp,Lien Hwa Industrial Holdings Corporation,,,,,,,,,,,,,,,,
39396,39396,35788,SIG Combibloc Group AG,SIG Combibloc Group Ltd,,,,,,,,,,,,,,,,
39403,39403,27025,Nippon Light Metal Holdings Co Ltd,Nippon Light Metal Holdings Company,,,,,,,,,,,,,,,,
39417,39417,11893,Kotobuki Spirits,Kotobuki Spirits Co. Ltd,,,,,,,,,,,,,,,,
39418,39418,31385,Fresenius,Fresenius Kabi,,,,,,,,,,,,,,,,
39419,39419,31449,Euromoney Institutional Investor,Euromoney Institutional Investor plc,,,,,,,,,,,,,,,,
39431,39431,36041,Arista Networks Inc,"Arista Networks, Inc.",,,,,,,,,,,,,,,,
39443,39443,35030,Founder Securities,Founder Securities Co Ltd,,,,,,,,,,,,,,,,
39445,39445,4698,Oriental Energy,Oriental Energy Co Ltd,,,,,,,,,,,,,,,,
39447,39447,3762,GOOD CHOICE MANAGEMENT LTD,GOOD CHOICE MONEY LIMITED,,,,,,,,,,,,,,,,
39463,39463,13467,Daito Trust Construction Co Ltd,"Daito Trust Construction Co.,Ltd.",,,,,,,,,,,,,,,,
39469,39469,23748,Qualcomm,Qualcomm Inc,,,,,,,,,,,,,,,,
39470,39470,15093,"JinkoSolar Holding Co., Ltd.",Jinkosolar Holding,,,,,,,,,,,,,,,,
39487,39487,11565,Motus Holdings,Motus Holdings Ltd,,,,,,,,,,,,,,,,
39492,39492,10996,Shanghai Tunnel Engineering,Shanghai Tunnel Engineering Co Ltd,,,,,,,,,,,,,,,,
39515,39515,8486,Ningbo Xusheng Auto Technology,Ningbo Xusheng Auto Technology Co. Ltd,,,,,,,,,,,,,,,,
39516,39516,14725,Barratt Developments,Barratt Developments Plc,,,,,,,,,,,,,,,,
39517,39517,29739,Voya Financial Inc,"Voya Financial, Inc.",,,,,,,,,,,,,,,,
39520,39520,9162,Caisse Regionale de Credit Agricole Mutuel de Normandie-Seine,Caisse Regionale de Credit Agricole Mutuel de la Touraine et du Poitou,,,,,,,,,,,,,,,,
39527,39527,13880,T & A DENNIS LIMITED,T & A DESIGN LIMITED,,,,,,,,,,,,,,,,
39537,39537,1137,Banca Generali,Banca Generali S.p.A.,,,,,,,,,,,,,,,,
39551,39551,29380,Hyundai Engineering & Construction Co Ltd,Hyundai Engineering and Construction,,,,,,,,,,,,,,,,
39568,39568,8721,ALL ABOUT ELECTRICALS LIMITED,ALL ABOUT ELECTRICS LTD,,,,,,,,,,,,,,,,
39589,39589,34845,Petro Rabigh,Petro Rio,,,,,,,,,,,,,,,,
39590,39590,13577,Brookdale Senior Living,Brookdale Senior Living Inc,,,,,,,,,,,,,,,,
39591,39591,35905,Farglory Land Development,Farglory Land Development Co Ltd,,,,,,,,,,,,,,,,
39597,39597,34178,Megacable Holdings S. A. B. De C. V,"Megacable Holdings, S. A. B. de C. V.",,,,,,,,,,,,,,,,
39599,39599,5157,Amplifon SpA,Amplifon Spa,,,,,,,,,,,,,,,,
39610,39610,18073,American Equity Investment,American Equity Investment Life Holding Company,,,,,,,,,,,,,,,,
39618,39618,7481,First Financial Holding Co Ltd,First Financial Holding Co. Ltd,,,,,,,,,,,,,,,,
39643,39643,12720,Reliance Worldwide Corporation,Reliance Worldwide Corporation Ltd,,,,,,,,,,,,,,,,
39649,39649,10133,Shenzhen Expressway Company,Shenzhen Expressway Company Ltd,,,,,,,,,,,,,,,,
39659,39659,5860,Polskie Gornictwo Naftowe I Gazownictwo,Polskie Gornictwo Naftowe i Gazownictwo SA,,,,,,,,,,,,,,,,
39667,39667,20688,Zensho Holdings,Zensho Holdings Co Ltd,,,,,,,,,,,,,,,,
39668,39668,16964,Louisiana-Pacific Corporation,Louisiana-pacific Corporation,,,,,,,,,,,,,,,,
39671,39671,33224,Ushio,Ushio Inc,,,,,,,,,,,,,,,,
39681,39681,5850,Value Partners Group,Value Partners Group Ltd,,,,,,,,,,,,,,,,
39693,39693,15377,Hudbay Minerals Inc,Hudbay Minerals Inc.,,,,,,,,,,,,,,,,
39696,39696,404,Taylor Morrison Home Corp,Taylor Morrison Home Corporation,,,,,,,,,,,,,,,,
39716,39716,36870,CaixaBank SA,"CaixaBank, SA",,,,,,,,,,,,,,,,
39720,39720,1855,T & A CONSULTANCY LIMITED,T & A CONSULTANTS (UK) LIMITED,,,,,,,,,,,,,,,,
39777,39777,25448,Saizeriya Co Ltd,"Saizeriya Co.,Ltd.",,,,,,,,,,,,,,,,
39786,39786,17063,Infrastrutture Wireless Italiane,Infrastrutture Wireless Italiane S.p.A.,,,,,,,,,,,,,,,,
39789,39789,15020,Schibsted ASA,Schibsted Asa,,,,,,,,,,,,,,,,
39791,39791,4695,United Utilities Group Plc,United Utilities Group plc,,,,,,,,,,,,,,,,
39806,39806,25631,Hitachi Construction Machinery,Hitachi Construction Machinery Co Ltd,,,,,,,,,,,,,,,,
39808,39808,25295,Ferro Corp,Ferro Corporation,,,,,,,,,,,,,,,,
39825,39825,10297,Hankyu Hanshin Holdings,Hankyu Hanshin Holdings Inc,,,,,,,,,,,,,,,,
39838,39838,983,FOOD BY DEPREE LIMITED,FOOD BY DESIRE LIMITED,,,,,,,,,,,,,,,,
39846,39846,7686,Takeda Pharmaceutical Co Ltd,Takeda Pharmaceutical Company,,,,,,,,,,,,,,,,
39866,39866,788,Rabigh Refining & Petrochemical Co,Rabigh Refining And Petrochemical Company,,,,,,,,,,,,,,,,
39878,39878,27122,Fujitsu General,Fujitsu General Ltd,,,,,,,,,,,,,,,,
39894,39894,36259,Ashworth & Parker,Ashworth and Parker,,,,,,,,,,,,,,,,
39919,39919,892,Grupo Elektra,Grupo Elektra SAB DE CV,,,,,,,,,,,,,,,,
39926,39926,3649,Umicore SA,Umicore Sa,,,,,,,,,,,,,,,,
39932,39932,36361,Kaufman & Broad,Kaufman & Broad SA,,,,,,,,,,,,,,,,
39937,39937,1945,Salvatore Ferragamo,Salvatore Ferragamo S.p.A.,,,,,,,,,,,,,,,,
39942,39942,17556,Zhejiang Jiahua Energy Chemical Industry,Zhejiang Jiahua Energy Chemical Industry Co Ltd,,,,,,,,,,,,,,,,
39954,39954,17715,Conagra Brands Inc,"Conagra Brands, Inc.",,,,,,,,,,,,,,,,
39965,39965,22746,El Corte Ingles SA,El Corte Inglés,,,,,,,,,,,,,,,,
39970,39970,31453,Jiangsu Yuyue Medical Equipment & Supply,Jiangsu Yuyue Medical Equipment & Supply Co Ltd,,,,,,,,,,,,,,,,
39975,39975,3750,Cogeco Inc,Cogeco Inc.,,,,,,,,,,,,,,,,
39979,39979,25669,PT Bank Rakyat Indonesia (Persero) Tbk,PT Bank Rakyat Indonesia Agroniaga Tbk,,,,,,,,,,,,,,,,
39981,39981,29604,Bank of Chengdu Co Ltd,Bank of Chengdu Co. Ltd,,,,,,,,,,,,,,,,
39989,39989,16724,Geely Automobile Holdings,Geely Automobile Holdings Ltd,,,,,,,,,,,,,,,,
39992,39992,22418,Tod's,Tod's Spa,,,,,,,,,,,,,,,,
39995,39995,35321,Zijin Mining Group Co Ltd,Zijin Mining Group Company,,,,,,,,,,,,,,,,
40027,40027,36083,Pinnacle Financial Partners Inc,"Pinnacle Financial Partners, Inc.",,,,,,,,,,,,,,,,
40037,40037,26465,Hartford Financial Services,Hartford Financial Services Group,,,,,,,,,,,,,,,,
40047,40047,30463,Agricultural Bank of China,Agricultural Bank of China Ltd,,,,,,,,,,,,,,,,
40048,40048,5819,Zhejiang Longsheng Group,Zhejiang Longsheng Group Co Ltd,,,,,,,,,,,,,,,,
40065,40065,15025,L E Lundbergföretagen,L E Lundbergföretagen AB,,,,,,,,,,,,,,,,
40071,40071,755,Almarai,Almarai Co,,,,,,,,,,,,,,,,
40075,40075,14584,Voestalpine AG,Voestalpine Ag,,,,,,,,,,,,,,,,
40077,40077,8131,George Weston Limited,George Weston Ltd,,,,,,,,,,,,,,,,
40104,40104,23324,Air Products & Chemicals,Air Products And Chemicals,,,,,,,,,,,,,,,,
40113,40113,14375,Stanley Black & Decker Inc,"Stanley Black & Decker, Inc.",,,,,,,,,,,,,,,,
40123,40123,37241,China Citic Bank,China Citic Bank Corporation,,,,,,,,,,,,,,,,
40138,40138,26205,Calbee Inc,"Calbee, Inc.",,,,,,,,,,,,,,,,
40142,40142,30944,Apollo Tyres,Apollo Tyres Ltd,,,,,,,,,,,,,,,,
40150,40150,18972,Anhui Conch Cement Company,Anhui Conch Cement Company Ltd,,,,,,,,,,,,,,,,
40166,40166,8101,Dalata Hotel Group,Dalata Hotel Group plc,,,,,,,,,,,,,,,,
40170,40170,9789,Sabuy Technology Public Company Limited,Sabuy Technology Public Company Ltd,,,,,,,,,,,,,,,,
40179,40179,12399,Tongda Group Holdings Limited,Tongda Group Holdings Ltd,,,,,,,,,,,,,,,,
40193,40193,22902,Shenzhen Bioeasy Biotechnology Co. Ltd,"Shenzhen Bioeasy Biotechnology Co., Ltd.",,,,,,,,,,,,,,,,
40195,40195,13116,H & A PROPERTIES (LIVERPOOL) LTD,H & A PROPERTIES (MALVERN) LIMITED,,,,,,,,,,,,,,,,
40220,40220,20785,Tianjin Chase Sun Pharmaceutical Co Ltd,"Tianjin Chase Sun Pharmaceutical Co.,Ltd",,,,,,,,,,,,,,,,
40227,40227,1627,Kirin Holdings,Kirin Holdings Co Ltd,,,,,,,,,,,,,,,,
40233,40233,15345,Shenzhen Kingdom Sci-Tech Co Ltd,Shenzhen Kingdom Sci-Tech Co. Ltd,,,,,,,,,,,,,,,,
40241,40241,2052,Rational AG,Rational Ag,,,,,,,,,,,,,,,,
40249,40249,21122,Sandfire Resources Limited,Sandfire Resources Nl,,,,,,,,,,,,,,,,
40251,40251,39831,Evergreen International Storage & Transport Corp,Evergreen International Storage & Transport Corporation,,,,,,,,,,,,,,,,
40256,40256,15620,Murata Manufacturing,Murata Manufacturing Co Ltd,,,,,,,,,,,,,,,,
40268,40268,25697,CentralNic Group,CentralNic Group plc,,,,,,,,,,,,,,,,
40284,40284,23590,House Foods Group Inc,"House Foods Group, Inc.",,,,,,,,,,,,,,,,
40319,40319,1651,Nomura Research Institute,Nomura Research Institute Ltd,,,,,,,,,,,,,,,,
40343,40343,32164,Cigna Corp,Cigna Corporation,,,,,,,,,,,,,,,,
40347,40347,27306,Taiwan Surface Mounting Technology,Taiwan Surface Mounting Technology Corp,,,,,,,,,,,,,,,,
40358,40358,8778,Henry Schein,Henry Schein Inc,,,,,,,,,,,,,,,,
40359,40359,25620,Benchmark Electronics,Benchmark Electronics Inc,,,,,,,,,,,,,,,,
40366,40366,21979,Woolworths Group Limited,Woolworths Group Ltd,,,,,,,,,,,,,,,,
40367,40367,4145,Fermentalg,Fermentalg SA,,,,,,,,,,,,,,,,
40370,40370,13597,Builders FirstSource Inc,"Builders FirstSource, Inc.",,,,,,,,,,,,,,,,
40373,40373,39121,Hella GmbH & Co KGaA,Hella Gmbh & Co. Kgaa,,,,,,,,,,,,,,,,
40379,40379,27766,Toromont Industries Ltd,Toromont Industries Ltd.,,,,,,,,,,,,,,,,
40386,40386,28986,Flywire,Flywire Corp,,,,,,,,,,,,,,,,
40392,40392,220,TOD'S S.p.A.,TOD'S SPA,,,,,,,,,,,,,,,,
40423,40423,31639,YFY Inc,"YFY, Inc.",,,,,,,,,,,,,,,,
40455,40455,36561,Public Joint Stock Company Rusolovo,Public Joint Stock Company Saratovenergo,,,,,,,,,,,,,,,,
40465,40465,29864,Sulzer,Sulzer Ltd,,,,,,,,,,,,,,,,
40466,40466,35197,Deutsche Pfandbriefbank,Deutsche Pfandbriefbank AG,,,,,,,,,,,,,,,,
40475,40475,39367,King Yuan Electronics,King Yuan Electronics Co Ltd,,,,,,,,,,,,,,,,
40479,40479,30426,Foxconn Technology Co Ltd,Foxconn Technology Co. Ltd,,,,,,,,,,,,,,,,
40493,40493,1839,Equifax,Equifax Inc,,,,,,,,,,,,,,,,
40526,40526,32998,Persimmon,Persimmon Plc,,,,,,,,,,,,,,,,
40530,40530,7992,Danske Bank A-S,Danske Bank A/s,,,,,,,,,,,,,,,,
40531,40531,10966,Costco Wholesale Corp,Costco Wholesale Corporation,,,,,,,,,,,,,,,,
40538,40538,19322,Credito Emiliano SpA,Credito Emiliano Spa,,,,,,,,,,,,,,,,
40540,40540,3831,Rudrabhishek Enterprises,Rudrabhishek Enterprises Ltd,,,,,,,,,,,,,,,,
40541,40541,2655,BEAUTY AND THE BRUSH LTD,BEAUTY AND THE BULLYS LTD,,,,,,,,,,,,,,,,
40550,40550,26017,Nayax Ltd,Nayax Ltd.,,,,,,,,,,,,,,,,
40551,40551,23147,Sun Life Financial,Sun Life Financial Careers,,,,,,,,,,,,,,,,
40569,40569,32604,Five Below,Five Below Inc,,,,,,,,,,,,,,,,
40570,40570,14261,Union Bank of India,Union Bank of Taiwan,,,,,,,,,,,,,,,,
40582,40582,27861,SOFTWARE MANAGEMENT LTD,SOFTWARE MANAGEMENT TOOLS UK LTD,,,,,,,,,,,,,,,,
40583,40583,15880,Hangzhou Tigermed Consulting,Hangzhou Tigermed Consulting Co. Ltd,,,,,,,,,,,,,,,,
40592,40592,36583,AntarChile SA,Antarchile,,,,,,,,,,,,,,,,
40609,40609,22715,Shanghai Mechanical & Electrical Industry,Shanghai Mechanical & Electrical Industry Co. Ltd,,,,,,,,,,,,,,,,
40611,40611,1814,Teladoc Health,Teladoc Health Inc,,,,,,,,,,,,,,,,
40632,40632,22387,Haidilao International Holding,Haidilao International Holding Ltd,,,,,,,,,,,,,,,,
40640,40640,29025,"AMAZON.COM.DEDC, LLC",AMAZON.COM.INDC LLC,,,,,,,,,,,,,,,,
40645,40645,27573,Sarepta Therapeutics,"Sarepta Therapeutics, Inc.",,,,,,,,,,,,,,,,
40687,40687,21309,Aselsan Elektronik Sanayi Ve Ticaret AS,Aselsan Elektronik Sanayi Ve Ticaret Anonim Sirketi,,,,,,,,,,,,,,,,
40693,40693,26541,Lincoln Electric Holdings,Lincoln Electric Holdings Inc,,,,,,,,,,,,,,,,
40696,40696,35212,Equity Lifestyle Properties,Equity Lifestyle Properties Inc,,,,,,,,,,,,,,,,
40699,40699,39195,Hon Hai Precision,Hon Hai Precision Industry,,,,,,,,,,,,,,,,
40701,40701,24836,Blackstone,Blackstone Group,,,,,,,,,,,,,,,,
40707,40707,10256,Hess Corp,Hess Corporation,,,,,,,,,,,,,,,,
40714,40714,2142,Land Securities Group,Land Securities Group plc,,,,,,,,,,,,,,,,
40719,40719,25288,Securitas,Securitas AB,,,,,,,,,,,,,,,,
40740,40740,38787,Secure Energy Services Inc,Secure Energy Services Inc.,,,,,,,,,,,,,,,,
40744,40744,11075,Transpire,Transporent,,,,,,,,,,,,,,,,
40758,40758,24030,Shanghai Aj Group,"Shanghai Aj Group Co.,Ltd",,,,,,,,,,,,,,,,
40768,40768,4958,Cheniere Energy Partners,Cheniere Energy Partners LP,,,,,,,,,,,,,,,,
40782,40782,151,S A CONSTRUCTION (LINCS) LTD,S A CONSTRUCTION 247 LTD,,,,,,,,,,,,,,,,
40789,40789,31207,Swiss Life Holding,Swiss Life Holding AG,,,,,,,,,,,,,,,,
40813,40813,11680,"Yunnan Chihong Zinc & Germanium Co., Ltd.",Yunnan Chihong Zinc and Germanium Co Ltd,,,,,,,,,,,,,,,,
40817,40817,9643,Zhongshan Broad-Ocean Motor Co Ltd,Zhongshan Broad-ocean Motor,,,,,,,,,,,,,,,,
40827,40827,23512,Alliant Energy,Alliant Energy Corp,,,,,,,,,,,,,,,,
40836,40836,24707,Canadian Utilities Limited,Canadian Utilities Ltd,,,,,,,,,,,,,,,,
40841,40841,10157,Wingtech Technology Co Ltd,"Wingtech Technology Co.,Ltd",,,,,,,,,,,,,,,,
40881,40881,23955,Furukawa Electric Co Ltd,"Furukawa Electric Co., Ltd.",,,,,,,,,,,,,,,,
40885,40885,18651,AutoZone Inc,"AutoZone, Inc.",,,,,,,,,,,,,,,,
40908,40908,30043,Teva Pharmaceutical Industries Limited,Teva Pharmaceutical Industries Ltd,,,,,,,,,,,,,,,,
40931,40931,32026,Abengoa,Abengoa SA,,,,,,,,,,,,,,,,
40941,40941,3056,Takara Holdings Inc,"Takara Holdings, Inc.",,,,,,,,,,,,,,,,
40948,40948,24947,China Datang Corporation Renewable Power,China Datang Corporation Renewable Power Co Ltd,,,,,,,,,,,,,,,,
41022,41022,17402,Parkland Corporation,Parkland Fuel Corporation,,,,,,,,,,,,,,,,
41024,41024,21583,Codewise,Codexis,,,,,,,,,,,,,,,,
41050,41050,20190,GOOD COP9 (NI) LTD,GOOD COPY LTD,,,,,,,,,,,,,,,,
41065,41065,25178,Okumura Corp,Okumura Corporation,,,,,,,,,,,,,,,,
41068,41068,32345,Fuji Soft,"Fuji Soft, Inc.",,,,,,,,,,,,,,,,
41069,41069,23862,COMPUTERSHARE TRUSTEES (C.I.) LIMITED,COMPUTERSHARE TRUSTEES (JERSEY) LIMITED,,,,,,,,,,,,,,,,
41072,41072,33220,T A FISHER DEVELOPMENTS (BRACKNELL) LIMITED,T A FISHER DEVELOPMENTS LIMITED,,,,,,,,,,,,,,,,
41076,41076,36569,Zensun Enterprises,Zensun Enterprises Ltd,,,,,,,,,,,,,,,,
41082,41082,8043,Nippon Shokubai Co Ltd,Nippon Shokubai Co. Ltd,,,,,,,,,,,,,,,,
41094,41094,16867,Kobenhavns Lufthavne,Kobenhavns Lufthavne A/s,,,,,,,,,,,,,,,,
41099,41099,8270,Martin Marietta Materials,Martin Marietta Materials Inc,,,,,,,,,,,,,,,,
41105,41105,2200,ALL ABOUT ROOFING (BIRMINGHAM) LIMITED,ALL ABOUT ROOFING LIMITED,,,,,,,,,,,,,,,,
41113,41113,1339,Zardoya Otis,"Zardoya Otis, S.a.",,,,,,,,,,,,,,,,
41117,41117,4941,Chewy,Chewy Inc,,,,,,,,,,,,,,,,
41129,41129,40722,Taichung Commercial Bank,Taichung Commercial Bank Co. Ltd,,,,,,,,,,,,,,,,
41140,41140,40209,Mainfreight,Mainfreight Ltd,,,,,,,,,,,,,,,,
41155,41155,24545,Telenet Group Holding NV,Telenet Group Holding Nv,,,,,,,,,,,,,,,,
41157,41157,11400,Cimpress Plc,Cimpress plc,,,,,,,,,,,,,,,,
41161,41161,8203,Gujarat Gas,Gujarat Gas Ltd,,,,,,,,,,,,,,,,
41172,41172,22502,Janus Henderson Group Plc,Janus Henderson Group plc,,,,,,,,,,,,,,,,
41185,41185,40146,Fujian Longking,Fujian Longking Co Ltd,,,,,,,,,,,,,,,,
41191,41191,28830,Armada Hoffler Properties,"Armada Hoffler Properties, Inc.",,,,,,,,,,,,,,,,
41198,41198,23426,Masraf Al Rayan (Q.S.C.),Masraf Al Rayan (q.p.s.c.),,,,,,,,,,,,,,,,
41199,41199,34617,Bomae,Bomax,,,,,,,,,,,,,,,,
41202,41202,5464,SOFTWARE TECH LTD,SOFTWARE TECH SERVICES LIMITED,,,,,,,,,,,,,,,,
41207,41207,8645,Newell Brands,Newell Brands Inc,,,,,,,,,,,,,,,,
41212,41212,18951,Waste Management,Waste Management Inc,,,,,,,,,,,,,,,,
41235,41235,20855,Barry Callebaut,Barry Callebaut AG,,,,,,,,,,,,,,,,
41264,41264,32929,SOFTWARE BRAIN LTD,SOFTWARE BRANDS LIMITED,,,,,,,,,,,,,,,,
41265,41265,30652,Koito Manufacturing Co Ltd,Koito Manufacturing Co. Ltd,,,,,,,,,,,,,,,,
41298,41298,32367,Camel Group,Camel Group Co. Ltd,,,,,,,,,,,,,,,,
41301,41301,20527,NoviCap,Novicap,,,,,,,,,,,,,,,,
41304,41304,10358,Hyundai Development Co,Hyundai Development Company,,,,,,,,,,,,,,,,
41305,41305,40615,Cyfrowy Polsat,Cyfrowy Polsat SA,,,,,,,,,,,,,,,,
41309,41309,21605,Faraday Technology Corp,Faraday Technology Corporation,,,,,,,,,,,,,,,,
41334,41334,5176,GOOD BLUE LIMITED,GOOD BLUEHOUSE LIMITED,,,,,,,,,,,,,,,,
41339,41339,35673,Regions Financial Corp,Regions Financial Corporation,,,,,,,,,,,,,,,,
41340,41340,40570,Union Bank Of Taiwan,Union Bank of India,,,,,,,,,,,,,,,,
41364,41364,14816,Travel + Leisure Co,Travel + Leisure Co.,,,,,,,,,,,,,,,,
41365,41365,40634,ALL ABOUT SECURITY LTD,ALL ABOUT SHAREPOINT LTD,,,,,,,,,,,,,,,,
41382,41382,4268,Schroders Plc,Schroders plc,,,,,,,,,,,,,,,,
41385,41385,41204,Ocado Group Plc,Ocado Group plc,,,,,,,,,,,,,,,,
41401,41401,11029,Cancom SE,Cancom Se,,,,,,,,,,,,,,,,
41407,41407,26462,4imprint Group,4imprint Group plc,,,,,,,,,,,,,,,,
41412,41412,37553,Webster Financial,Webster Financial Corp,,,,,,,,,,,,,,,,
41415,41415,12672,Defence Research & Development Laboratory,Defence Research & Development Organisation,,,,,,,,,,,,,,,,
41418,41418,11459,Change Healthcare,Change Healthcare Inc.,,,,,,,,,,,,,,,,
41429,41429,26144,Sinopec Oilfield Service Corp,Sinopec Oilfield Service Corporation,,,,,,,,,,,,,,,,
41432,41432,2534,FINANCE SHOP EOT LIMITED,FINANCE SHOP LIMITED,,,,,,,,,,,,,,,,
41435,41435,2664,DTE Energy Co,DTE Energy Company,,,,,,,,,,,,,,,,
41445,41445,14541,Shanxi Taigang Stainless,"Shanxi Taigang Stainless Steel Co., Ltd.",,,,,,,,,,,,,,,,
41464,41464,34603,IL&FS Engineering and Construction,IL&FS Engineering and Construction Company Ltd,,,,,,,,,,,,,,,,
41476,41476,20888,Allianz Technology,Allianz Technology Trust,,,,,,,,,,,,,,,,
41485,41485,5542,Eurazeo,Eurazeo SE,,,,,,,,,,,,,,,,
41501,41501,24196,Hopson Development Holdings,Hopson Development Holdings Ltd,,,,,,,,,,,,,,,,
41504,41504,9539,Roland Corp,Roland Corporation,,,,,,,,,,,,,,,,
41505,41505,39911,T & B (CONTRACTORS) HOLDINGS LIMITED,T & B (CONTRACTORS) LIMITED,,,,,,,,,,,,,,,,
41524,41524,10027,ADT Inc,ADT Inc.,,,,,,,,,,,,,,,,
41527,41527,2942,Elmos Semiconductor Ag,Elmos Semiconductor SE,,,,,,,,,,,,,,,,
41536,41536,28657,China Energy Engineering,China Energy Engineering Corp Ltd,,,,,,,,,,,,,,,,
41539,41539,25656,Ebro Foods SA,"Ebro Foods, SA",,,,,,,,,,,,,,,,
41543,41543,32836,Kohnan Shoji Co Ltd,Kohnan Shoji Co. Ltd,,,,,,,,,,,,,,,,
41569,41569,10061,Yuexiu Property Co Ltd,Yuexiu Property Company,,,,,,,,,,,,,,,,
41574,41574,2384,Poly Property Group Co Ltd,Poly Property Group Co. Ltd,,,,,,,,,,,,,,,,
41584,41584,40113,Stanley Black & Decker,Stanley Black & Decker Inc,,,,,,,,,,,,,,,,
41587,41587,26856,Inventec Corp,Inventec Corporation,,,,,,,,,,,,,,,,
41616,41616,23215,Idemitsu,Idemitsu Kosan,,,,,,,,,,,,,,,,
41622,41622,10032,"Shanghai M&G Stationery, Inc.",Shanghai M&g Stationery,,,,,,,,,,,,,,,,
41626,41626,18198,Avenue Supermarts,Avenue Supermarts Ltd,,,,,,,,,,,,,,,,
41627,41627,23490,Ritchie Bros Auctioneers Inc,Ritchie Bros. Auctioneers,,,,,,,,,,,,,,,,
41643,41643,27263,Xiamen Bank Co. Ltd,"Xiamen Bank Co., Ltd.",,,,,,,,,,,,,,,,
41652,41652,34316,ALL ABOUT LAPTOPS AND COMPUTERS LTD,ALL ABOUT LAPTOPS LTD,,,,,,,,,,,,,,,,
41658,41658,11539,Meritz Financial Group,"Meritz Financial Group, Inc.",,,,,,,,,,,,,,,,
41670,41670,36898,Amgen,Amgen Inc,,,,,,,,,,,,,,,,
41672,41672,32577,Government Polytechnic College,Government Polytechnic Nagpur,,,,,,,,,,,,,,,,
41673,41673,10161,Shanghai Baosight Software,"Shanghai Baosight Software Co.,Ltd.",,,,,,,,,,,,,,,,
41678,41678,40907,Edp - Energias De Portugal,Edp - Energias Do Brasil,,,,,,,,,,,,,,,,
41679,41679,35073,ALL ABOUT REEL LTD,ALL ABOUT REHAB LTD,,,,,,,,,,,,,,,,
41698,41698,25074,GOOD ACCOUNTANT LTD,GOOD ACCOUNTS UK LTD,,,,,,,,,,,,,,,,
41699,41699,34254,Augustin Bau,Augustinus Bader,,,,,,,,,,,,,,,,
41740,41740,37612,ION Acquisition Corp 1 Ltd.,ION Acquisition Corp 2 Ltd,,,,,,,,,,,,,,,,
41755,41755,18382,Bennet Holding Spa,Bennet Spa,,,,,,,,,,,,,,,,
41756,41756,12997,Beijing Sanju Environmental Protection & New Materials,Beijing Sanju Environmental Protection & New Materials Co. Ltd,,,,,,,,,,,,,,,,
41763,41763,8549,Embracer Group AB,Embracer Group Ab (publ),,,,,,,,,,,,,,,,
41766,41766,11507,Guangzhou Baiyunshan Pharmaceutical Holdings Company,Guangzhou Baiyunshan Pharmaceutical Holdings Company Ltd,,,,,,,,,,,,,,,,
41774,41774,12304,PT Duta Pertiwi Nusantara Tbk,PT Duta Pertiwi Tbk,,,,,,,,,,,,,,,,
41780,41780,18559,Hisense Visual Technology,Hisense Visual Technology Co. Ltd,,,,,,,,,,,,,,,,
41782,41782,11149,Uttam Value Steels,Uttam Value Steels Ltd,,,,,,,,,,,,,,,,
41807,41807,29975,Woodside Energy Group,Woodside Energy Group Ltd,,,,,,,,,,,,,,,,
41809,41809,28842,Union Electric Co.,Union Electric Company,,,,,,,,,,,,,,,,
41812,41812,35692,Grundfos,Grundfos Pumps,,,,,,,,,,,,,,,,
41845,41845,23107,Holcim,Holcim Ltd,,,,,,,,,,,,,,,,
41848,41848,16974,Minerva,Minerva SA,,,,,,,,,,,,,,,,
41869,41869,40185,American Express Co,American Express Company,,,,,,,,,,,,,,,,
41891,41891,17230,Arctech Solar Holding Co. Ltd,"Arctech Solar Holding Co., Ltd.",,,,,,,,,,,,,,,,
41903,41903,35404,New World Development Co Ltd,New World Development Company,,,,,,,,,,,,,,,,
41907,41907,28098,Gemdale Corp,Gemdale Corporation,,,,,,,,,,,,,,,,
41917,41917,23921,Gi Group,Gi Group Spa,,,,,,,,,,,,,,,,
41919,41919,39245,Z BARBER CLUB LTD,Z BARBER LTD,,,,,,,,,,,,,,,,
41922,41922,10242,Neinor Homes,"Neinor Homes, SA",,,,,,,,,,,,,,,,
41939,41939,4531,Domino's Pizza Enterprises,Domino's Pizza Enterprises Limited,,,,,,,,,,,,,,,,
41947,41947,2458,Exelixis Inc,"Exelixis, Inc.",,,,,,,,,,,,,,,,
41955,41955,20045,Mondi,Mondi Plc,,,,,,,,,,,,,,,,
41969,41969,14116,Bayer,Bayer AG,,,,,,,,,,,,,,,,
41970,41970,9230,Entain PLC,Entain Plc,,,,,,,,,,,,,,,,
41973,41973,1677,Alibaba Group,Alibaba Group Holding,,,,,,,,,,,,,,,,
41995,41995,27559,Hive Blockchain Technologies,Hive Blockchain Technologies Ltd,,,,,,,,,,,,,,,,
42017,42017,29804,China National Medicines Corp Ltd,China National Medicines Corporation,,,,,,,,,,,,,,,,
42028,42028,2996,Topdanmark A-S,Topdanmark A/s,,,,,,,,,,,,,,,,
42031,42031,22278,Bill.com Holdings,"Bill.com Holdings, Inc.",,,,,,,,,,,,,,,,
42034,42034,36428,Thessaloniki Metro,Thessaloniki Waterbus,,,,,,,,,,,,,,,,
42043,42043,33293,Shenzhen Mindray Bio-Medical Electronics Co. Ltd,Shenzhen Mindray Bio-medical Electronics,,,,,,,,,,,,,,,,
42054,42054,21965,BEAUTY & WELL-BEING LIMITED,BEAUTY & WELLNESS LTD,,,,,,,,,,,,,,,,
42059,42059,26570,Formosa Chemicals & Fibre Corp,Formosa Chemicals & Fibre Corporation,,,,,,,,,,,,,,,,
42062,42062,31733,Utz Brands Inc,"Utz Brands, Inc.",,,,,,,,,,,,,,,,
42065,42065,5694,Korea Gas Corp,Korea Gas Corporation,,,,,,,,,,,,,,,,
42067,42067,9977,Horizon Therapeutics Public Company,Horizon Therapeutics Public Limited Company,,,,,,,,,,,,,,,,
42071,42071,29572,Capitec Bank Holdings,Capitec Bank Holdings Ltd,,,,,,,,,,,,,,,,
42077,42077,38588,Premier Investment Corp,Premier Investment Corporation,,,,,,,,,,,,,,,,
42093,42093,10901,IMI Plc,IMI plc,,,,,,,,,,,,,,,,
42102,42102,12954,Caltagirone Editore,Caltagirone Editore SpA,,,,,,,,,,,,,,,,
42114,42114,6822,Outotec,Outotec Oyj,,,,,,,,,,,,,,,,
42115,42115,25182,Oceaneering International,Oceaneering International Inc,,,,,,,,,,,,,,,,
42117,42117,26545,IWG Plc,IWG plc,,,,,,,,,,,,,,,,
42120,42120,12649,Toppan Forms Co Ltd,Toppan Forms Co. Ltd,,,,,,,,,,,,,,,,
42128,42128,20615,The Warehouse Group,The Warehouse Group Ltd,,,,,,,,,,,,,,,,
42135,42135,17285,Hong Kong Exchanges And Clearing (hkex),Hong Kong Exchanges and Clearing Ltd,,,,,,,,,,,,,,,,
42138,42138,24225,Maytronics,Maytronics Ltd,,,,,,,,,,,,,,,,
42147,42147,17643,ALL ABOUT ACCOUNTING (UK) LIMITED,ALL ABOUT ACCOUNTS LIMITED,,,,,,,,,,,,,,,,
42150,42150,41082,Nippon Shokubai,Nippon Shokubai Co Ltd,,,,,,,,,,,,,,,,
42162,42162,40723,Grail,Grain,,,,,,,,,,,,,,,,
42167,42167,33627,MakeMyTrip,MakeMyTrip Limited,,,,,,,,,,,,,,,,
42174,42174,28417,Comerica Inc,Comerica Incorporated,,,,,,,,,,,,,,,,
42192,42192,26101,Sichuan Road & Bridge Co. Ltd,Sichuan Road & Bridge Group Co Ltd,,,,,,,,,,,,,,,,
42195,42195,5732,Capri Holdings,Capri Holdings Limited,,,,,,,,,,,,,,,,
42196,42196,29601,Booz Allen Hamilton Holding,Booz Allen Hamilton Holding Corp,,,,,,,,,,,,,,,,
42201,42201,6310,Zhejiang Sanmei Chemical Industry,Zhejiang Sanmei Chemical Industry Co. Ltd,,,,,,,,,,,,,,,,
42217,42217,37231,Shufersal,Shufersal Ltd,,,,,,,,,,,,,,,,
42230,42230,41943,Yoshinoya Holdings,Yoshinoya Holdings Co Ltd,,,,,,,,,,,,,,,,
42236,42236,17459,Primax Electronics,Primax Electronics Ltd,,,,,,,,,,,,,,,,
42240,42240,2487,Shenzhen Inovance Technology,Shenzhen Inovance Technology Co Ltd,,,,,,,,,,,,,,,,
42243,42243,27002,Elanders,Elanders AB,,,,,,,,,,,,,,,,
42266,42266,7206,ALL ABOUT CRAFTS LIMITED,ALL ABOUT CRAFTS TRADE LIMITED,,,,,,,,,,,,,,,,
42269,42269,20308,Breedon Group,Breedon Group PLC,,,,,,,,,,,,,,,,
42276,42276,11514,Shanghai SMI Holding Co. Ltd,"Shanghai Sanyou Medical Co., Ltd.",,,,,,,,,,,,,,,,
42284,42284,42000,ALL ABOARD NURSERY (STOCKPORT) LTD,ALL ABOARD NURSERY LTD,,,,,,,,,,,,,,,,
42302,42302,3253,Harmony Gold Mining Company,Harmony Gold Mining Company Limited,,,,,,,,,,,,,,,,
42307,42307,39757,Osaka Soda Co. Ltd,Osaka Steel Co. Ltd,,,,,,,,,,,,,,,,
42311,42311,32231,Valeo SA,Valeo Sa,,,,,,,,,,,,,,,,
42317,42317,13761,Turkcell Iletisim Hizmetleri,Turkcell Iletisim Hizmetleri A.S.,,,,,,,,,,,,,,,,
42326,42326,33648,The AES Corp,The AES Corporation,,,,,,,,,,,,,,,,
42329,42329,12483,Zimplats Holdings Limited,Zimplats Holdings Ltd,,,,,,,,,,,,,,,,
42330,42330,37865,GOOD AS MEDIA LTD,GOOD AS MEDICAL LTD,,,,,,,,,,,,,,,,
42370,42370,28415,Toshiba TEC Corp,Toshiba Tec Corp,,,,,,,,,,,,,,,,
42403,42403,35306,Saudi Arabian Mining Company,Saudi Arabian Mining Company (ma'aden),,,,,,,,,,,,,,,,
42425,42425,25416,Vonage Holdings,Vonage Holdings Corp,,,,,,,,,,,,,,,,
42446,42446,15823,China Molybdenum Co Ltd,"China Molybdenum Co., Ltd.",,,,,,,,,,,,,,,,
42453,42453,40922,Viavi Solutions,Viavi Solutions Inc,,,,,,,,,,,,,,,,
42459,42459,40068,Nankai Electric Railway Co Ltd,Nankai Electric Railway Co. Ltd,,,,,,,,,,,,,,,,
42461,42461,1041,Hokuhoku Financial Group Inc,"Hokuhoku Financial Group, Inc.",,,,,,,,,,,,,,,,
42475,42475,23002,Nippon Steel Nisshin Co. Ltd,"Nippon Steel Nisshin Co., Ltd.",,,,,,,,,,,,,,,,
42477,42477,18154,BEAUTY BELLE KENT LTD,BEAUTY BELLS LTD,,,,,,,,,,,,,,,,
42483,42483,37425,Saudi Research And Marketing Group,Saudi Research and Media Group,,,,,,,,,,,,,,,,
42487,42487,26360,Relo Group,Relo Group Inc,,,,,,,,,,,,,,,,
42493,42493,38709,Vivo Energy,Vivo Energy Plc,,,,,,,,,,,,,,,,
42495,42495,4716,DISH Network,DISH Network Corp,,,,,,,,,,,,,,,,
42503,42503,12668,Rollins Inc,"Rollins, Inc.",,,,,,,,,,,,,,,,
42522,42522,25262,BlueScope Steel Limited,BlueScope Steel Ltd,,,,,,,,,,,,,,,,
42533,42533,17733,Metro,Metro AG,,,,,,,,,,,,,,,,
42536,42536,32340,Oracle Corporation,Oracle Corporation Japan,,,,,,,,,,,,,,,,
42551,42551,39066,IPG Photonics Corp,IPG Photonics Corporation,,,,,,,,,,,,,,,,
42558,42558,19040,Resideo Technologies,Resideo Technologies Inc,,,,,,,,,,,,,,,,
42559,42559,12058,HOZELOCK GROUP LIMITED,HOZELOCK LIMITED,,,,,,,,,,,,,,,,
42560,42560,20071,Jiangsu Zhongnan Construction Group,Jiangsu Zhongnan Construction Group Co Ltd,,,,,,,,,,,,,,,,
42567,42567,26793,H & A PROPERTIES MANAGEMENT LTD,H & A PROPERTIES MANGEMENT LTD,,,,,,,,,,,,,,,,
42579,42579,12988,Castex Technologies,Castex Technologies Ltd,,,,,,,,,,,,,,,,
42601,42601,34736,NEW ADVENTURES IN ENTERPRISE LIMITED,NEW ADVENTURES IN PIXELS LTD,,,,,,,,,,,,,,,,
42604,42604,5576,A2A S.p.A.,A2A SpA,,,,,,,,,,,,,,,,
42607,42607,42449,"Jiangsu JieJie Microelectronics Co.,Ltd.",Jiangsu Jiejie Microelectronics,,,,,,,,,,,,,,,,
42616,42616,13836,Lens Technology,Lens Technology Co. Ltd,,,,,,,,,,,,,,,,
42619,42619,33937,China Development Bank Financial Leasing,China Development Bank Financial Leasing Co. Ltd,,,,,,,,,,,,,,,,
42629,42629,30472,NEW ACCRUAL LIMITED,NEW ACE LIMITED,,,,,,,,,,,,,,,,
42631,42631,40635,Grupo Financiero Galicia,Grupo Financiero Galicia SA,,,,,,,,,,,,,,,,
42633,42633,21690,Coats Group Plc,Coats Group plc,,,,,,,,,,,,,,,,
42648,42648,19998,Albemarle Corp,Albemarle Corporation,,,,,,,,,,,,,,,,
42669,42669,30582,Mitsubishi Estate,Mitsubishi Estate Co Ltd,,,,,,,,,,,,,,,,
42678,42678,24164,BEAUTY AND THE TEACUP LTD,BEAUTY AND THE THEORY LTD,,,,,,,,,,,,,,,,
42681,42681,23793,Arcos Dorados Holdings,Arcos Dorados Holdings Inc.,,,,,,,,,,,,,,,,
42704,42704,1951,Yangtze Optical Fibre And Cable Joint Stock Ltd Company,Yangtze Optical Fibre and Cable Joint Stock Ltd Co,,,,,,,,,,,,,,,,
42711,42711,34426,Hon Hai Precision Industry Co Ltd,Hon Hai Precision Industry Co. Ltd,,,,,,,,,,,,,,,,
42720,42720,25232,Shenzhen Transsion Holdings,Shenzhen Transsion Holdings Co. Ltd,,,,,,,,,,,,,,,,
42735,42735,41380,Flexium Interconnect Inc,"Flexium Interconnect, Inc.",,,,,,,,,,,,,,,,
42736,42736,27109,Romande Energie Holding SA,Romande Energie Holding Sa,,,,,,,,,,,,,,,,
42738,42738,147,NGK Spark Plug Co Ltd,NGK Spark Plug Co. Ltd,,,,,,,,,,,,,,,,
42739,42739,33160,NEW AGE MARKETING AGENCY LTD,NEW AGE MARKETING LIMITED,,,,,,,,,,,,,,,,
42740,42740,33753,CVS Health,CVS Health Corp,,,,,,,,,,,,,,,,
42757,42757,13168,S A ELLES LTD,S A ELLIS LIMITED,,,,,,,,,,,,,,,,
42777,42777,19608,The Kraft Heinz Co,The Kraft Heinz Company,,,,,,,,,,,,,,,,
42795,42795,41669,Newland Digital Technology,Newland Digital Technology Co Ltd,,,,,,,,,,,,,,,,
42798,42798,41709,Kyudenko Corp,Kyudenko Corporation,,,,,,,,,,,,,,,,
42802,42802,22089,Larsen & Toubro Limited,Larsen & Toubro Ltd,,,,,,,,,,,,,,,,
42805,42805,17914,Fubon Financial Holding Co Ltd,Fubon Financial Holding Co. Ltd,,,,,,,,,,,,,,,,
42814,42814,19500,Advance Auto Parts Inc,"Advance Auto Parts, Inc.",,,,,,,,,,,,,,,,
42815,42815,42507,Computershare Limited,Computershare Ltd,,,,,,,,,,,,,,,,
42821,42821,3219,Hindustan Aeronautics Limited,Hindustan Aeronautics Ltd,,,,,,,,,,,,,,,,
42825,42825,8952,Fujifilm Holdings,Fujifilm Holdings Corp,,,,,,,,,,,,,,,,
42827,42827,610,SOFTWARE REFLECTIONS LIMITED,SOFTWARE RENTALS LIMITED,,,,,,,,,,,,,,,,
42828,42828,26759,Contact Energy Limited,Contact Energy Ltd,,,,,,,,,,,,,,,,
42832,42832,7658,Shimadzu Corp,Shimadzu Corporation,,,,,,,,,,,,,,,,
42856,42856,22689,Nagarro SE,Nagarro Se,,,,,,,,,,,,,,,,
42857,42857,7553,Las Vegas Sands Corp,Las Vegas Sands Corp.,,,,,,,,,,,,,,,,
42868,42868,26693,Sunfun Info,Sunfun Info Co. Ltd,,,,,,,,,,,,,,,,
42871,42871,4603,Boya Bio-pharmaceutical Group,"Boya Bio-pharmaceutical Group Co.,Ltd",,,,,,,,,,,,,,,,
42885,42885,41954,Canon Inc,Canon Inc.,,,,,,,,,,,,,,,,
42889,42889,3407,China Tourism Group Duty Free,China Tourism Group Duty Free Corp Ltd,,,,,,,,,,,,,,,,
42924,42924,30827,LG Uplus,LG Uplus Corp,,,,,,,,,,,,,,,,
42933,42933,7089,Kalpataru Power Transmission,Kalpataru Power Transmission Ltd,,,,,,,,,,,,,,,,
42958,42958,14750,Manappuram Finance,Manappuram Home Finance,,,,,,,,,,,,,,,,
42970,42970,31933,Cubic Corp,Cubic Corporation,,,,,,,,,,,,,,,,
42988,42988,3880,Innolux Corp,Innolux Corporation,,,,,,,,,,,,,,,,
42990,42990,26806,Loma Negra Compania Industrial Argentina Sociedad Anonima,Loma Negra Compañía Industrial Argentina Sociedad Anónima,,,,,,,,,,,,,,,,
43001,43001,17562,Philip Morris,Philip Morris Cr,,,,,,,,,,,,,,,,
43009,43009,30770,BAD DOG SECURITY LTD,BAD DOG SECURITY PRODUCTS LIMITED,,,,,,,,,,,,,,,,
43011,43011,40377,Synovus Financial Corp,Synovus Financial Corp.,,,,,,,,,,,,,,,,
43015,43015,24334,China Merchants Port Holdings,China Merchants Port Holdings Co Ltd,,,,,,,,,,,,,,,,
43028,43028,14789,Legrand,Legrand SA,,,,,,,,,,,,,,,,
43039,43039,24415,Transocean,Transocean Ltd,,,,,,,,,,,,,,,,
43054,43054,21566,Essilor Luxottica,EssilorLuxottica,,,,,,,,,,,,,,,,
43057,43057,8053,"GETTY IMAGES (SEATTLE), INC.","GETTY IMAGES, INC.",,,,,,,,,,,,,,,,
43059,43059,825,Samsung Life Insurance,Samsung Life Insurance Co Ltd,,,,,,,,,,,,,,,,
43063,43063,39582,Shin Kong Financial Holding Co Ltd,Shin Kong Financial Holding Co. Ltd,,,,,,,,,,,,,,,,
43078,43078,13334,Banca Monte dei Paschi di Siena S.p.A.,Banca Monte dei Paschi di Siena SpA,,,,,,,,,,,,,,,,
43081,43081,35155,Madison Square Garden Company,Madison Square Garden Entertainment Corp.,,,,,,,,,,,,,,,,
43082,43082,27130,Edenred SA,Edenred Sa,,,,,,,,,,,,,,,,
43117,43117,14991,Guidewire Software,"Guidewire Software, Inc.",,,,,,,,,,,,,,,,
43126,43126,1049,Sprott Physical Gold And Silver Trust,Sprott Physical Gold Trust,,,,,,,,,,,,,,,,
43130,43130,14605,Ecovacs Robotics Co Ltd,Ecovacs Robotics Co. Ltd,,,,,,,,,,,,,,,,
43140,43140,39298,Trigano,Trigano SA,,,,,,,,,,,,,,,,
43149,43149,11908,Cewe Stiftung & Co KGAA,Cewe Stiftung & Co. Kgaa,,,,,,,,,,,,,,,,
43181,43181,41236,China Literature,China Literature Ltd,,,,,,,,,,,,,,,,
43185,43185,24087,Ovintiv,Ovintiv Inc,,,,,,,,,,,,,,,,
43195,43195,42925,Tatung Co Ltd,Tatung Co. Ltd,,,,,,,,,,,,,,,,
43203,43203,20263,Tecan Group,Tecan Group Ltd,,,,,,,,,,,,,,,,
43238,43238,28916,Hewlett-Packard,Hewlett-Packard Enterprise,,,,,,,,,,,,,,,,
43259,43259,26379,P A INVESTMENT SOLUTIONS LIMITED,P A INVESTMENTS LIMITED,,,,,,,,,,,,,,,,
43261,43261,28504,Lithia Motors,Lithia Motors Inc,,,,,,,,,,,,,,,,
43271,43271,16181,Industrias Penoles,Industrias Penoles SAB de CV,,,,,,,,,,,,,,,,
43274,43274,2554,SOFTWARE DYNAMICS (UK) LTD,SOFTWARE DYNAMICS LIMITED,,,,,,,,,,,,,,,,
43284,43284,15856,Cloetta,Cloetta AB,,,,,,,,,,,,,,,,
43290,43290,3887,Cheng Loong Corp,Cheng Loong Corporation,,,,,,,,,,,,,,,,
43292,43292,20996,HCA Healthcare Inc,"HCA Healthcare, Inc.",,,,,,,,,,,,,,,,
43312,43312,38636,Raia Drogasil,Raia Drogasil SA,,,,,,,,,,,,,,,,
43316,43316,29859,Jiangsu Phoenix Publishing & Media Corp Ltd,Jiangsu Phoenix Publishing & Media Corporation,,,,,,,,,,,,,,,,
43326,43326,6565,Callon Petroleum Co,Callon Petroleum Company,,,,,,,,,,,,,,,,
43334,43334,29412,Elkem ASA,Elkem Asa,,,,,,,,,,,,,,,,
43336,43336,14531,Louis Vuitton,Louis Vuitton (LV),,,,,,,,,,,,,,,,
43337,43337,33813,Nan Ya Plastics Corp,Nan Ya Plastics Corporation,,,,,,,,,,,,,,,,
43352,43352,35596,Humanwell Healthcare (group),Humanwell Healthcare Group Co Ltd,,,,,,,,,,,,,,,,
43369,43369,9786,SOFTWARE SURGERY LIMITED,SOFTWARE SYNTAX LIMITED,,,,,,,,,,,,,,,,
43375,43375,2791,EDGEWELL PERSONAL CARE COMPANY,"EDGEWELL PERSONAL CARE, LLC",,,,,,,,,,,,,,,,
43378,43378,28641,Ningbo Jintian Copper,"Ningbo Jintian Copper(group) Co., Ltd.",,,,,,,,,,,,,,,,
43379,43379,60,South32 Limited,South32 Ltd,,,,,,,,,,,,,,,,
43381,43381,4592,Acciona SA,"Acciona, SA",,,,,,,,,,,,,,,,
43389,43389,28356,United Corporations,United Corporations Limited,,,,,,,,,,,,,,,,
43392,43392,16278,AerCap Holdings N.V.,AerCap Holdings NV,,,,,,,,,,,,,,,,
43404,43404,23038,Sino Land Company,Sino Land Company Ltd,,,,,,,,,,,,,,,,
43430,43430,34753,Eagers Automotive Limited,Eagers Automotive Ltd,,,,,,,,,,,,,,,,
43435,43435,3590,STRABAG,STRABAG SE,,,,,,,,,,,,,,,,
43436,43436,2640,Mega Lifesciences Public Company,Mega Lifesciences Public Company Ltd,,,,,,,,,,,,,,,,
43438,43438,36744,Shanghai Jahwa United Co Ltd,Shanghai Jahwa United Co. Ltd,,,,,,,,,,,,,,,,
43440,43440,3043,T & A TRADE LIMITED,T & A TRADELINE LTD,,,,,,,,,,,,,,,,
43442,43442,19892,BEAUTY BEE STUDIO LTD,BEAUTY BEE WITH DEBS LTD,,,,,,,,,,,,,,,,
43445,43445,31134,Autodesk,Autodesk Inc,,,,,,,,,,,,,,,,
43457,43457,35869,Samsung Electronics Co Ltd,Samsung Electronics Corporation,,,,,,,,,,,,,,,,
43463,43463,40302,NRG Energy Inc,"NRG Energy, Inc.",,,,,,,,,,,,,,,,
43484,43484,5829,Manulife Financial Corp,Manulife Financial Corporation,,,,,,,,,,,,,,,,
43499,43499,22147,Fortis Inc,Fortis Inc.,,,,,,,,,,,,,,,,
43516,43516,21081,Kerry Group,Kerry Group plc,,,,,,,,,,,,,,,,
43530,43530,39777,Saizeriya,Saizeriya Co Ltd,,,,,,,,,,,,,,,,
43536,43536,2104,Stewart Information Services Corp,Stewart Information Services Corporation,,,,,,,,,,,,,,,,
43546,43546,31084,Hanesbrands,Hanesbrands Inc,,,,,,,,,,,,,,,,
43557,43557,8974,Melrose Industries PLC,Melrose Industries plc,,,,,,,,,,,,,,,,
43565,43565,9841,Baillie Gifford Japan Trust,Baillie Gifford Japan Trust plc,,,,,,,,,,,,,,,,
43567,43567,16808,Abdullah Al-Othaim Markets Company,Abdullah Al-othaim Markets Company,,,,,,,,,,,,,,,,
43570,43570,32751,Nine Entertainment Co Holdings Ltd,Nine Entertainment Co. Holdings,,,,,,,,,,,,,,,,
43572,43572,5355,Innospec,Innospec Inc,,,,,,,,,,,,,,,,
43576,43576,13353,Quebecor,Quebecor Inc,,,,,,,,,,,,,,,,
43577,43577,21684,Shell Midstream Partners,"Shell Midstream Partners, L.P.",,,,,,,,,,,,,,,,
43585,43585,39059,U CAB LIMITED,U CABBI LTD,,,,,,,,,,,,,,,,
43602,43602,33080,Daiwa Office Investment Corp,Daiwa Office Investment Corporation,,,,,,,,,,,,,,,,
43603,43603,14408,Brixmor Property Group Inc,Brixmor Property Group Inc.,,,,,,,,,,,,,,,,
43604,43604,27867,Fairfax Financial Holdings,Fairfax Financial Holdings Limited,,,,,,,,,,,,,,,,
43611,43611,8533,Exponent,"Exponent, Inc.",,,,,,,,,,,,,,,,
43612,43612,28845,Atos SE,Atos Se,,,,,,,,,,,,,,,,
43634,43634,1735,Giglio.com,GiglioCom,,,,,,,,,,,,,,,,
43639,43639,30208,Far Eastern New Century,Far Eastern New Century Corp,,,,,,,,,,,,,,,,
43641,43641,4228,Bic Camera,Bic Camera Inc,,,,,,,,,,,,,,,,
43655,43655,407,Shanghai Lujiazui Finance & Trade Zone Development Co Ltd,Shanghai Lujiazui Finance & Trade Zone Development Co. Ltd,,,,,,,,,,,,,,,,
43664,43664,613,Pininfarina,Pininfarina S.p.A.,,,,,,,,,,,,,,,,
43665,43665,13763,Hainan Mining,Hainan Mining Co. Ltd,,,,,,,,,,,,,,,,
43678,43678,1405,Hybio Pharmaceutical,Hybio Pharmaceutical Co. Ltd,,,,,,,,,,,,,,,,
43679,43679,20300,Meridian Energy Limited,Meridian Energy Ltd,,,,,,,,,,,,,,,,
43689,43689,17381,Kainos Group,Kainos Group plc,,,,,,,,,,,,,,,,
43692,43692,25868,Centuria Office REIT,Centuria Office Reit,,,,,,,,,,,,,,,,
43710,43710,339,Mitsui Chemicals Inc,"Mitsui Chemicals, Inc.",,,,,,,,,,,,,,,,
43712,43712,21317,Berger Paints,Berger Paints India,,,,,,,,,,,,,,,,
43722,43722,13271,Dolce & Gabbana Holding Srl,Dolce & Gabbana Srl,,,,,,,,,,,,,,,,
43742,43742,35803,China XD Electric Co. Ltd,China Xd Electric Co. Ltd,,,,,,,,,,,,,,,,
43747,43747,40161,Financiere De L'odet Sa,Financiere De Tubize Sa,,,,,,,,,,,,,,,,
43749,43749,28364,Star Stallion,Star Stone,,,,,,,,,,,,,,,,
43757,43757,20554,Laboratory Corporation Of America Holdings,Laboratory Corporation of America Holdings,,,,,,,,,,,,,,,,
43762,43762,39194,Olympos,Olympus,,,,,,,,,,,,,,,,
43768,43768,22363,Shenwan Hongyuan Group,Shenwan Hongyuan Group Co. Ltd,,,,,,,,,,,,,,,,
43780,43780,20428,Campbell Soup,Campbell Soup Co,,,,,,,,,,,,,,,,
43795,43795,12225,Liaoning Cheng Da,Liaoning Cheng Da Co Ltd,,,,,,,,,,,,,,,,
43827,43827,27393,DCC Plc,DCC plc,,,,,,,,,,,,,,,,
43844,43844,33412,Greek Organization Of Football Prognostics,Greek Organization of Football Prognostics SA,,,,,,,,,,,,,,,,
43847,43847,19153,Barloworld Ld,Barloworld Limited,,,,,,,,,,,,,,,,
43851,43851,10777,OceanaGold Corporation,Oceanagold Corporation,,,,,,,,,,,,,,,,
43860,43860,37110,Centene,Centene Corp,,,,,,,,,,,,,,,,
43864,43864,38356,Saha Pathana Inter-Holding Public Company Ltd,Saha Pathana Inter-holding Public Company,,,,,,,,,,,,,,,,
43868,43868,43604,Fairfax Financial,Fairfax Financial Holdings,,,,,,,,,,,,,,,,
43874,43874,126,Garmin,Garmin Ltd,,,,,,,,,,,,,,,,
43878,43878,41172,Janus Henderson Group,Janus Henderson Group Plc,,,,,,,,,,,,,,,,
43896,43896,34546,Grimaldi Group,Grimaldi Group Spa,,,,,,,,,,,,,,,,
43897,43897,33970,Yamaguchi Financial Group,Yamaguchi Financial Group Inc,,,,,,,,,,,,,,,,
43901,43901,7471,Funai Soken Holdings,"Funai Soken Holdings, Inc.",,,,,,,,,,,,,,,,
43909,43909,38602,Adeka Corp,Adeka Corporation,,,,,,,,,,,,,,,,
43929,43929,7735,Sotetsu Holdings Inc,"Sotetsu Holdings, Inc.",,,,,,,,,,,,,,,,
43931,43931,17328,Irish Continental Group,Irish Continental Group plc,,,,,,,,,,,,,,,,
43948,43948,20538,Agripower France,Agripower France SA,,,,,,,,,,,,,,,,
43950,43950,33200,C C Land Holdings,C C Land Holdings Ltd,,,,,,,,,,,,,,,,
43955,43955,309,BEAUTY BLOOMER LIMITED,BEAUTY BLOSSOM LTD,,,,,,,,,,,,,,,,
43967,43967,21304,Arnotts,Arnott’s,,,,,,,,,,,,,,,,
43969,43969,32717,Thai Union Group PCL,Thai Union Group Public Company,,,,,,,,,,,,,,,,
43982,43982,32186,China National Chemical Engineering Co Ltd,China National Chemical Engineering Co. Ltd,,,,,,,,,,,,,,,,
43985,43985,15542,TransDigm Group Inc,TransDigm Group Incorporated,,,,,,,,,,,,,,,,
43987,43987,36662,Baillie Gifford UK Growth,Baillie Gifford US Growth Trust plc,,,,,,,,,,,,,,,,
43999,43999,19790,Qingdao TGOOD Electric Co Ltd,Qingdao TGOOD Electric Co. Ltd,,,,,,,,,,,,,,,,
44005,44005,17410,Samsung Heavy Industries,Samsung Heavy Industries Co Ltd,,,,,,,,,,,,,,,,
44015,44015,19073,Kuehne + Nagel International AG,Kuehne + Nagel International Ag,,,,,,,,,,,,,,,,
44024,44024,32795,Oxford Instruments,Oxford Instruments plc,,,,,,,,,,,,,,,,
44034,44034,31414,T&D Holdings,T&D Holdings Inc,,,,,,,,,,,,,,,,
44039,44039,43756,Banco Bilbao Vizcaya Argentaria (BBVA),Banco Bilbao Vizcaya Argentaria Colombia SA,,,,,,,,,,,,,,,,
44042,44042,4061,ALL ABOUT BALLOONS LIMITED,ALL ABOUT BARGAINS LIMITED,,,,,,,,,,,,,,,,
44053,44053,11185,MasTec Inc,"MasTec, Inc.",,,,,,,,,,,,,,,,
44062,44062,27854,Marriott Vacations Worldwide Corp,Marriott Vacations Worldwide Corporation,,,,,,,,,,,,,,,,
44068,44068,21456,Citizen Watch,Citizen Watch Co Ltd,,,,,,,,,,,,,,,,
44071,44071,41147,CreditAccess Grameen Ltd,Creditaccess Grameen Limited,,,,,,,,,,,,,,,,
44085,44085,23725,edding,edding AG,,,,,,,,,,,,,,,,
44094,44094,12153,Slovenská pošta,Slovenská sporiteľňa,,,,,,,,,,,,,,,,
44101,44101,2367,Open House,Open House Co. Ltd,,,,,,,,,,,,,,,,
44103,44103,18791,Sartorius,Sartorius AG,,,,,,,,,,,,,,,,
44130,44130,36946,GENERAL ELECTRIC INTERNATIONAL INC.,"GENERAL ELECTRIC INTERNATIONAL OPERATIONS COMPANY, INC.",,,,,,,,,,,,,,,,
44141,44141,43737,Forestar Group,Forestar Group Inc,,,,,,,,,,,,,,,,
44169,44169,8708,Benetton Group,Benetton Group Srl,,,,,,,,,,,,,,,,
44178,44178,1792,Blue Prism Group,Blue Prism Group plc,,,,,,,,,,,,,,,,
44193,44193,42338,Chiesi Farmaceutici SpA,Chiesi Farmaceutici Spa,,,,,,,,,,,,,,,,
44195,44195,15676,Wesfarmers,Wesfarmers Limited,,,,,,,,,,,,,,,,
44217,44217,9283,Yunnan Copper,Yunnan Copper Co. Ltd.,,,,,,,,,,,,,,,,
44221,44221,8694,Zhaojin Mining Industry Co Ltd,Zhaojin Mining Industry Company,,,,,,,,,,,,,,,,
44229,44229,41458,Zhuzhou Hongda Electronics,"Zhuzhou Hongda Electronics Corp,Ltd.",,,,,,,,,,,,,,,,
44244,44244,4304,Invitation Homes,Invitation Homes Inc,,,,,,,,,,,,,,,,
44248,44248,19994,American National Group,"American National Group, Inc",,,,,,,,,,,,,,,,
44251,44251,42506,Lundin Gold,Lundin Gold Inc.,,,,,,,,,,,,,,,,
44256,44256,36454,Compagnie Financiere Richemont SA,Compagnie Financiere Richemont Sa,,,,,,,,,,,,,,,,
44261,44261,9098,Quanta Services Inc,"Quanta Services, Inc.",,,,,,,,,,,,,,,,
44266,44266,14994,Jiangsu Lihua Animal Husbandry Co Ltd,Jiangsu Lihua Animal Husbandry Co. Ltd,,,,,,,,,,,,,,,,
44277,44277,42936,Proya Cosmetics,"Proya Cosmetics Co.,Ltd.",,,,,,,,,,,,,,,,
44286,44286,16260,East Japan Railway,East Japan Railway Co,,,,,,,,,,,,,,,,
44300,44300,2632,U GEN LIMITED,U GENE LTD,,,,,,,,,,,,,,,,
44305,44305,14232,Al Rajhi Banking And Investment Corporation,Al Rajhi Banking and Investment Corp,,,,,,,,,,,,,,,,
44312,44312,21969,Technogym,Technogym S.p.A.,,,,,,,,,,,,,,,,
44319,44319,28559,Wheels,Wheels Emi,,,,,,,,,,,,,,,,
44321,44321,12643,Agilent Technologies International,"Agilent Technologies, Inc.",,,,,,,,,,,,,,,,
44326,44326,7270,Fangda Carbon New Material Technology,Fangda Carbon New Material Technology Co. Ltd,,,,,,,,,,,,,,,,
44335,44335,43292,HCA Healthcare,HCA Healthcare Inc,,,,,,,,,,,,,,,,
44341,44341,24245,Wix.com Ltd.,Wixcom Ltd,,,,,,,,,,,,,,,,
44359,44359,19526,Goldman Sachs Bdc,Goldman Sachs Group,,,,,,,,,,,,,,,,
44364,44364,26504,Bank of Xi'an,"Bank of Xi'an Co.,Ltd.",,,,,,,,,,,,,,,,
44376,44376,43858,Tuya Inc.,"Tuya, Inc.",,,,,,,,,,,,,,,,
44386,44386,37036,Swiss Re AG,Swiss Re Ltd,,,,,,,,,,,,,,,,
44408,44408,37465,Taiwan Union Technology Corp,Taiwan Union Technology Corporation,,,,,,,,,,,,,,,,
44419,44419,24636,Dada Nexus Limited,Dada Nexus Ltd,,,,,,,,,,,,,,,,
44423,44423,17482,Shanghai Weaver Network,Shanghai Weaver Network Co. Ltd,,,,,,,,,,,,,,,,
44428,44428,39920,Carel Industries,Carel Industries S.p.A.,,,,,,,,,,,,,,,,
44433,44433,7346,FedEx Corp,FedEx Corporation,,,,,,,,,,,,,,,,
44448,44448,32199,Singer Thailand Public Company,Singer Thailand Public Company Ltd,,,,,,,,,,,,,,,,
44449,44449,37407,BLOOMBERG FINANCE L.P.,BLOOMBERG L.P.,,,,,,,,,,,,,,,,
44457,44457,26286,Will Semiconductor Co Ltd,Will Semiconductor Co. Ltd,,,,,,,,,,,,,,,,
44479,44479,13493,Aerospace Industrial Development Corp,Aerospace Industrial Development Corporation,,,,,,,,,,,,,,,,
44485,44485,16904,Mid-America Apartment Communities Inc,"Mid-America Apartment Communities, Inc.",,,,,,,,,,,,,,,,
44490,44490,1737,Compuage Infocom,Compuage Infocom Ltd,,,,,,,,,,,,,,,,
44499,44499,11559,Hyundai Motor Co,Hyundai Motor Company,,,,,,,,,,,,,,,,
44508,44508,36175,Porto Seguro,Porto Seguro SA,,,,,,,,,,,,,,,,
44509,44509,2897,BEAUTY BEAN LTD,BEAUTY BEAST LTD,,,,,,,,,,,,,,,,
44516,44516,32369,China Eastern Airlines Corporation,China Eastern Airlines Corporation Limited,,,,,,,,,,,,,,,,
44524,44524,34283,Otis Worldwide Corp,Otis Worldwide Corporation,,,,,,,,,,,,,,,,
44528,44528,16574,Money Forward,"Money Forward, Inc.",,,,,,,,,,,,,,,,
44531,44531,39780,Kobayashi Pharmaceutical,Kobayashi Pharmaceutical Co Ltd,,,,,,,,,,,,,,,,
44534,44534,12314,PTT Global Chemical Public Co Ltd,PTT Global Chemical Public Company Ltd,,,,,,,,,,,,,,,,
44555,44555,1130,Odakyu Electric Railway Co Ltd,Odakyu Electric Railway Co. Ltd,,,,,,,,,,,,,,,,
44557,44557,14811,China Development Financial,China Development Financial Holding Corp,,,,,,,,,,,,,,,,
44560,44560,36070,Church & Dwight,Church & Dwight Co Inc,,,,,,,,,,,,,,,,
44564,44564,20786,Global Power Synergy Public Co Ltd,Global Power Synergy Public Company,,,,,,,,,,,,,,,,
44568,44568,16351,BEAUTY AND BEAST STUDIOS LTD,BEAUTY AND BEATS LTD,,,,,,,,,,,,,,,,
44574,44574,42670,Iridium Communications,Iridium Communications Inc.,,,,,,,,,,,,,,,,
44591,44591,24792,Autek China,"Autek China, Inc.",,,,,,,,,,,,,,,,
44613,44613,9648,EnBW Energie Baden-Wuerttemberg AG,EnBW Energie Baden-Wurttemberg AG,,,,,,,,,,,,,,,,
44620,44620,10888,Marriott International Inc,"Marriott International, Inc.",,,,,,,,,,,,,,,,
44623,44623,21434,Nestea,Nestle,,,,,,,,,,,,,,,,
44632,44632,33318,Fidelity National Information Services,Fidelity National Information Services Inc,,,,,,,,,,,,,,,,
44647,44647,4039,Kasikornbank Public Company,Kasikornbank Public Company Ltd,,,,,,,,,,,,,,,,
44656,44656,22878,H & A DEVELOPERS LIMITED,H & A DEVELOPMENTS LTD,,,,,,,,,,,,,,,,
44658,44658,29708,Levi Strauss & Co.,Levi Strauss & Co. Careers,,,,,,,,,,,,,,,,
44664,44664,43501,Nishi-Nippon Railroad Co Ltd,Nishi-Nippon Railroad Co. Ltd,,,,,,,,,,,,,,,,
44665,44665,39503,Primary Health Properties,Primary Health Properties plc,,,,,,,,,,,,,,,,
44666,44666,12572,Nikon Corp,Nikon Corporation,,,,,,,,,,,,,,,,
44670,44670,14798,Taishin Financial Holding,Taishin Financial Holding Co Ltd,,,,,,,,,,,,,,,,
44676,44676,40228,Focusrite,Focusrite plc,,,,,,,,,,,,,,,,
44691,44691,431,BAD CAT IT LIMITED,BAD CAT LIMITED,,,,,,,,,,,,,,,,
44694,44694,29820,Otsuka Holdings,Otsuka Holdings Co Ltd,,,,,,,,,,,,,,,,
44708,44708,12832,Bank of America Careers,Bank of America Corp,,,,,,,,,,,,,,,,
44719,44719,26984,Shanghai Pharmaceuticals,Shanghai Pharmaceuticals Holding Co Ltd,,,,,,,,,,,,,,,,
44727,44727,38645,Jentech Precision Industrial,Jentech Precision Industrial Co. Ltd,,,,,,,,,,,,,,,,
44747,44747,16533,Elitegroup Computer Systems Co Ltd,"Elitegroup Computer Systems Co.,Ltd.",,,,,,,,,,,,,,,,
44748,44748,22508,Rogers Communications Inc,Rogers Communications Inc.,,,,,,,,,,,,,,,,
44779,44779,42633,Coats Group,Coats Group Plc,,,,,,,,,,,,,,,,
44781,44781,31813,ALL ABOUT CHIMNEYS LIMITED,ALL ABOUT CHIPS LTD,,,,,,,,,,,,,,,,
44807,44807,9273,SOFTWARE IMAGING GROUP LIMITED,SOFTWARE IMAGING LIMITED,,,,,,,,,,,,,,,,
44809,44809,9828,Genius Electronic Optical,Genius Electronic Optical Co. Ltd,,,,,,,,,,,,,,,,
44815,44815,9633,Bavarian Nordic A-S,Bavarian Nordic A/s,,,,,,,,,,,,,,,,
44819,44819,4297,Qingdao Haier Biomedical,Qingdao Haier Biomedical Co. Ltd,,,,,,,,,,,,,,,,
44825,44825,14141,Marvell Technology Group,Marvell Technology Inc,,,,,,,,,,,,,,,,
44828,44828,3545,Hikari Tsushin,Hikari Tsushin Inc,,,,,,,,,,,,,,,,
44847,44847,28553,Eastern Communications,Eastern Communications Co. Ltd,,,,,,,,,,,,,,,,
44851,44851,29033,Tokyo Electric Power Co Holdings Inc,"Tokyo Electric Power Co Holdings, Inc.",,,,,,,,,,,,,,,,
44859,44859,36054,Total Access Communication Public Co Ltd,Total Access Communication Public Company,,,,,,,,,,,,,,,,
44861,44861,39971,Aluminum Corporation of China Limited,Aluminum Corporation of China Ltd,,,,,,,,,,,,,,,,
44866,44866,14573,R A & H (BOURN) LIMITED,R A & H LIMITED,,,,,,,,,,,,,,,,
44869,44869,17456,Chesapeake Energy Corp,Chesapeake Energy Corporation,,,,,,,,,,,,,,,,
44876,44876,236,IQVIA Holdings Inc,IQVIA Holdings Inc.,,,,,,,,,,,,,,,,
44882,44882,22713,Sanlorenzo S.p.A.,Sanlorenzo S.p.a.,,,,,,,,,,,,,,,,
44886,44886,35431,Autohome,Autohome Inc.,,,,,,,,,,,,,,,,
44888,44888,7080,11 bit studios,11 bit studios SA,,,,,,,,,,,,,,,,
44889,44889,13244,Huawei Technologies,Huawei Technologies Italia Srl,,,,,,,,,,,,,,,,
44905,44905,12248,"AMETEK, INC.","AMETEK, Inc.",,,,,,,,,,,,,,,,
44907,44907,42620,Bunka Shutter Co Ltd,Bunka Shutter Co. Ltd,,,,,,,,,,,,,,,,
44914,44914,39035,SOFTWARE CONSULTANTS (TETBURY) LIMITED,SOFTWARE CONSULTANTS PRIVATE LIMITED,,,,,,,,,,,,,,,,
44915,44915,5746,China Overseas Property Holdings,China Overseas Property Holdings Ltd,,,,,,,,,,,,,,,,
44921,44921,36503,Penguin International Ltd,"Pengxin International Mining Co.,ltd",,,,,,,,,,,,,,,,
44928,44928,7345,TIM SA,TIM SpA,,,,,,,,,,,,,,,,
44944,44944,20117,Solar Applied Materials Technology Corp,Solar Applied Materials Technology Corporation,,,,,,,,,,,,,,,,
44947,44947,40088,Universal Entertainment Corp,Universal Entertainment Corporation,,,,,,,,,,,,,,,,
44949,44949,18406,ZIM Integrated Shipping Services Ltd,ZIM Integrated Shipping Services Ltd.,,,,,,,,,,,,,,,,
44953,44953,40223,ALL ABOUT THE DOOR LIMITED,ALL ABOUT THE DRESS LTD,,,,,,,,,,,,,,,,
44970,44970,31166,Crest Nicholson Holdings,Crest Nicholson Holdings plc,,,,,,,,,,,,,,,,
44975,44975,40738,Instilla,Instillo,,,,,,,,,,,,,,,,
44985,44985,42792,ANYWHERE REAL ESTATE GROUP LLC,ANYWHERE REAL ESTATE INC.,,,,,,,,,,,,,,,,
44990,44990,34386,Seven Generations Energy Ltd,Seven Generations Energy Ltd.,,,,,,,,,,,,,,,,
44992,44992,37043,Cullen/Frost Bankers Inc,"Cullen/Frost Bankers, Inc.",,,,,,,,,,,,,,,,
45059,45059,38066,Best Buy Co Inc,"Best Buy Co., Inc.",,,,,,,,,,,,,,,,
45065,45065,3352,The Western Union Co,The Western Union Company,,,,,,,,,,,,,,,,
45074,45074,33128,BEAUTY & CARE LIMITED,BEAUTY & CARE SERVICES LIMITED,,,,,,,,,,,,,,,,
45076,45076,29059,BEAUTY BEAT LTD,BEAUTY BEAUTIQUE LTD,,,,,,,,,,,,,,,,
45085,45085,34963,Huishang Bank,Huishang Bank Corp Ltd,,,,,,,,,,,,,,,,
45091,45091,3903,Megmilk Snow Brand Co Ltd,Megmilk Snow Brand Co. Ltd,,,,,,,,,,,,,,,,
45123,45123,23606,Elite Material,Elite Material Co Ltd,,,,,,,,,,,,,,,,
45132,45132,6574,Shanghai International Port,Shanghai International Port (group),,,,,,,,,,,,,,,,
45140,45140,23705,Steel Authority Of India,Steel Authority of India,,,,,,,,,,,,,,,,
45147,45147,16242,Franco-Nevada,Franco-Nevada Corp,,,,,,,,,,,,,,,,
45167,45167,18723,Colbun SA,Colbún SA,,,,,,,,,,,,,,,,
45169,45169,31786,Intesa Sanpaolo SpA,Intesa Sanpaolo Spa,,,,,,,,,,,,,,,,
45177,45177,26963,Whirlpool Corp,Whirlpool Corporation,,,,,,,,,,,,,,,,
45184,45184,13027,Nine Dragons Paper (Holdings) Ltd,Nine Dragons Paper (holdings),,,,,,,,,,,,,,,,
45191,45191,43677,Tritax EuroBox plc,Tritax Eurobox Plc,,,,,,,,,,,,,,,,
45192,45192,8915,Zehnder Group AG,Zehnder Group Ag,,,,,,,,,,,,,,,,
45201,45201,37792,Bechtle AG,Bechtle Ag,,,,,,,,,,,,,,,,
45211,45211,23946,Fuyao Glass Industry Group Co Ltd,Fuyao Glass Industry Group Co. Ltd,,,,,,,,,,,,,,,,
45220,45220,42281,World Fuel Services Corp,World Fuel Services Corporation,,,,,,,,,,,,,,,,
45234,45234,9945,Red Bull,Red Bull GmbH,,,,,,,,,,,,,,,,
45250,45250,19039,Shinhan Financial Group,Shinhan Financial Group Co Ltd,,,,,,,,,,,,,,,,
45267,45267,41475,"Amadeus IT Group, SA",Amadeus It Group,,,,,,,,,,,,,,,,
45276,45276,38981,Shui On Land,Shui On Land Ltd,,,,,,,,,,,,,,,,
45279,45279,31543,United Microelectronics Corp,United Microelectronics Corporation,,,,,,,,,,,,,,,,
45304,45304,10848,Mastercard,Mastercard Inc,,,,,,,,,,,,,,,,
45305,45305,32596,Verbund,Verbund AG,,,,,,,,,,,,,,,,
45307,45307,7339,American Financial Group Inc,"American Financial Group, Inc.",,,,,,,,,,,,,,,,
45326,45326,38211,Northern Star Resources Limited,Northern Star Resources Ltd,,,,,,,,,,,,,,,,
45346,45346,18962,Haci Omer Sabanci Holding AS,Haci Ömer Sabanci Holding A.S.,,,,,,,,,,,,,,,,
45354,45354,16113,Wheaton Precious Metals,Wheaton Precious Metals Corp,,,,,,,,,,,,,,,,
45355,45355,27537,SOFTWARE COMPLIANCE HOLDINGS LTD,SOFTWARE COMPLIANCE LIMITED,,,,,,,,,,,,,,,,
45364,45364,31009,"Maravai LifeSciences Holdings, Inc.","Maravai Lifesciences Holdings, Inc.",,,,,,,,,,,,,,,,
45375,45375,30559,Fraport,Fraport AG,,,,,,,,,,,,,,,,
45381,45381,18867,GRAPE HOSPITALITY ITALIAN PROPCO SRL,GRAPE HOSPITALITY ROME VATICAN SRL,,,,,,,,,,,,,,,,
45387,45387,29105,Huafa Industrial Co Ltd Zhuhai,"Huafa Industrial Co.,Ltd.Zhuhai",,,,,,,,,,,,,,,,
45392,45392,36216,Taiwan Semiconductor,Taiwan Semiconductor Co. Ltd,,,,,,,,,,,,,,,,
45412,45412,15415,Medical Properties Trust,Medical Properties Trust Inc,,,,,,,,,,,,,,,,
45417,45417,18032,Magellan Midstream Partners,Magellan Midstream Partners LP,,,,,,,,,,,,,,,,
45435,45435,20765,Dali Foods Group Co Ltd,Dali Foods Group Company,,,,,,,,,,,,,,,,
45439,45439,10635,GOOD CRAIC CAFE LTD,GOOD CRAIC LIMITED,,,,,,,,,,,,,,,,
45450,45450,44764,Japan Logistics Fund,"Japan Logistics Fund, Inc.",,,,,,,,,,,,,,,,
45456,45456,23146,Orient Securities Company,Orient Securities Company Ltd,,,,,,,,,,,,,,,,
45458,45458,18758,Sun Life Financial Inc,Sun Life Financial Inc.,,,,,,,,,,,,,,,,
45463,45463,23372,Lasertec,Lasertec Corp,,,,,,,,,,,,,,,,
45479,45479,37408,Assurant Inc,"Assurant, Inc.",,,,,,,,,,,,,,,,
45519,45519,28740,Scholastic,Scholastic Careers,,,,,,,,,,,,,,,,
45527,45527,20865,Compania Cervecerias Unidas,Compania Cervecerias Unidas SA,,,,,,,,,,,,,,,,
45542,45542,4674,Hana Microelectronics Public Company,Hana Microelectronics Public Company Ltd,,,,,,,,,,,,,,,,
45544,45544,14459,Newcrest Mining,Newcrest Mining Limited,,,,,,,,,,,,,,,,
45558,45558,6343,Gruma SAB de CV,"Gruma, S.A.B. de C.V.",,,,,,,,,,,,,,,,
45566,45566,882,Dorman Products,Dorman Products Inc,,,,,,,,,,,,,,,,
45572,45572,7998,Johnson Controls International,Johnson Controls International Plc,,,,,,,,,,,,,,,,
45581,45581,30933,Remy Cointreau SA,Remy Cointreau Sa,,,,,,,,,,,,,,,,
45588,45588,42074,SPRINKLR,"SPRINKLR, INC.",,,,,,,,,,,,,,,,
45591,45591,15199,Plug Power,Plug Power Inc.,,,,,,,,,,,,,,,,
45620,45620,42884,Tenaga Nasional Berhad,Tenaga Nasional Bhd,,,,,,,,,,,,,,,,
45655,45655,2300,Yihai International Holding,Yihai International Holding Ltd,,,,,,,,,,,,,,,,
45661,45661,27305,Q ELECTRICAL LTD,Q ELECTRICAL SERVICES LTD,,,,,,,,,,,,,,,,
45663,45663,13014,Nippon Television Holdings,Nippon Television Holdings Inc,,,,,,,,,,,,,,,,
45676,45676,22362,Kobe Bussan,Kobe Bussan Co. Ltd,,,,,,,,,,,,,,,,
45681,45681,44341,Wix.com,Wix.com Ltd.,,,,,,,,,,,,,,,,
45688,45688,6549,Falck Renewables S.p.A.,Falck Renewables Spa,,,,,,,,,,,,,,,,
45689,45689,30264,SiriusPoint Ltd,Siriuspoint Ltd.,,,,,,,,,,,,,,,,
45693,45693,17258,Naturgy Energy Group SA,"Naturgy Energy Group, SA",,,,,,,,,,,,,,,,
45698,45698,15299,FE FUNDINFO (UK) LIMITED,FE FUNDINFO LIMITED,,,,,,,,,,,,,,,,
45716,45716,26756,Evoqua Water Technologies Corp,Evoqua Water Technologies Corp.,,,,,,,,,,,,,,,,
45725,45725,30140,Webuild S.p.A.,Webuild S.p.a.,,,,,,,,,,,,,,,,
45726,45726,44516,China Eastern Airlines Corp Ltd,China Eastern Airlines Corporation,,,,,,,,,,,,,,,,
45735,45735,44852,Nordstrom,Nordstrom Inc,,,,,,,,,,,,,,,,
45736,45736,1071,Distribuidora Internacional de Alimentacion SA,"Distribuidora Internacional de Alimentación, SA",,,,,,,,,,,,,,,,
45738,45738,22422,SOFTWARE DEVELOPMENT & CONSULTING LTD,SOFTWARE DEVELOPMENT & ECOMMERCE SOLUTIONS LTD,,,,,,,,,,,,,,,,
45740,45740,13141,AutoNation,AutoNation Inc,,,,,,,,,,,,,,,,
45744,45744,1355,Keyera Corp,Keyera Corp.,,,,,,,,,,,,,,,,
45747,45747,16125,Zur Rose Group AG,Zur Rose Group Ag,,,,,,,,,,,,,,,,
45771,45771,29447,Enagás,"Enagás, SA",,,,,,,,,,,,,,,,
45781,45781,16165,Beijing Shunxin Agriculture,Beijing Shunxin Agriculture Co Ltd,,,,,,,,,,,,,,,,
45784,45784,28252,Yunnan Botanee Bio-Technology Group Co.LTD,Yunnan Botanee Bio-technology Group Co.ltd,,,,,,,,,,,,,,,,
45794,45794,14742,360 Security Technology,360 Security Technology Inc,,,,,,,,,,,,,,,,
45797,45797,43955,BEAUTY BLOOM LTD,BEAUTY BLOOMER LIMITED,,,,,,,,,,,,,,,,
45800,45800,33399,Stillfront Group AB,Stillfront Group Ab (publ),,,,,,,,,,,,,,,,
45803,45803,25430,Seria Co Ltd,Seria Co. Ltd,,,,,,,,,,,,,,,,
45812,45812,41867,Zoetis,Zoetis Inc,,,,,,,,,,,,,,,,
45814,45814,11119,Dongfang Electric Corporation,Dongfang Electric Corporation Ltd,,,,,,,,,,,,,,,,
45838,45838,5515,Nestle India,Nestle India Ltd,,,,,,,,,,,,,,,,
45842,45842,5186,Kolmar Korea Co Ltd,Kolmar Korea Co. Ltd,,,,,,,,,,,,,,,,
45843,45843,30111,Jack Henry & Associates,Jack Henry & Associates Inc,,,,,,,,,,,,,,,,
45844,45844,19767,"Changzhou Xingyu Automotive Lighting Systems Co.,Ltd.",Changzhou Xingyu Automotive Lightingsystem,,,,,,,,,,,,,,,,
45845,45845,8173,Lucas Bols,Lucas Bols N.V.,,,,,,,,,,,,,,,,
45850,45850,32077,Castel,Castellum,,,,,,,,,,,,,,,,
45868,45868,2969,Ratos,Ratos AB,,,,,,,,,,,,,,,,
45875,45875,37988,Liuzhou Iron & Steel,Liuzhou Iron & Steel Co. Ltd,,,,,,,,,,,,,,,,
45879,45879,12391,Globe Life Inc,Globe Life Inc.,,,,,,,,,,,,,,,,
45881,45881,12686,Ipsos SA,Ipsos Sa,,,,,,,,,,,,,,,,
45883,45883,40665,Loblaw Companies,Loblaw Companies Limited,,,,,,,,,,,,,,,,
45885,45885,10664,Avangrid Inc,"Avangrid, Inc.",,,,,,,,,,,,,,,,
45890,45890,25900,Ems-Chemie Holding AG,Ems-chemie Holding Ag,,,,,,,,,,,,,,,,
45898,45898,17732,Restaurant Brands International Inc,Restaurant Brands International Inc.,,,,,,,,,,,,,,,,
45899,45899,44721,Energica Motor Company,Energica Motor Company S.p.A.,,,,,,,,,,,,,,,,
45910,45910,26699,Sekisui House Reit,"Sekisui House Reit, Inc.",,,,,,,,,,,,,,,,
45917,45917,32326,Ally Financial,Ally Financial Careers,,,,,,,,,,,,,,,,
45920,45920,36923,J D Wetherspoon,J D Wetherspoon plc,,,,,,,,,,,,,,,,
45921,45921,502,CIMIC Group Limited,CIMIC Group Ltd,,,,,,,,,,,,,,,,
45941,45941,12493,Catalent,Catalent Inc,,,,,,,,,,,,,,,,
45942,45942,4354,B.A.D CONSULTANCY LTD,B.A.D CONSULTING LTD,,,,,,,,,,,,,,,,
45947,45947,19337,Loews Corp,Loews Corporation,,,,,,,,,,,,,,,,
45962,45962,36863,Conglomerari Bituminosi,Conglomerati Bituminosi,,,,,,,,,,,,,,,,
45965,45965,36460,BEAUTY BLOC LIMITED,BEAUTY BLOCKS LTD,,,,,,,,,,,,,,,,
45970,45970,38475,Hua Hong Semiconductor,Hua Hong Semiconductor Ltd,,,,,,,,,,,,,,,,
45977,45977,28259,Cathay Biotech Inc.,"Cathay Biotech, Inc.",,,,,,,,,,,,,,,,
45978,45978,28509,Stora Enso,Stora Enso Oyj,,,,,,,,,,,,,,,,
45992,45992,27065,Enphase Energy Inc,"Enphase Energy, Inc.",,,,,,,,,,,,,,,,
46021,46021,25265,Sapiens International Corporation,Sapiens International Corporation N.V.,,,,,,,,,,,,,,,,
46028,46028,13824,William Hill,William Hill Ltd,,,,,,,,,,,,,,,,
46035,46035,37324,Dassault Systèmes,Dassault Systèmes SE,,,,,,,,,,,,,,,,
46037,46037,7534,Rolls-Royce Holdings plc,Rolls-royce Holdings,,,,,,,,,,,,,,,,
46055,46055,837,Nichiha Corp,Nichiha Corporation,,,,,,,,,,,,,,,,
46060,46060,7467,IDP Education,IDP Education Limited,,,,,,,,,,,,,,,,
46067,46067,31588,Softchoice Corp,Softchoice Corporation,,,,,,,,,,,,,,,,
46071,46071,42403,Saudi Arabian Mining Co,Saudi Arabian Mining Company,,,,,,,,,,,,,,,,
46077,46077,15374,Rajesh Exports,Rajesh Exports Ltd,,,,,,,,,,,,,,,,
46080,46080,44675,Rohto Pharmaceutical Co Ltd,Rohto Pharmaceutical Co. Ltd,,,,,,,,,,,,,,,,
46082,46082,41265,Koito Manufacturing,Koito Manufacturing Co Ltd,,,,,,,,,,,,,,,,
46102,46102,43317,Herbal i,Herbalife,,,,,,,,,,,,,,,,
46105,46105,43476,Lam Research,Lam Research Corp,,,,,,,,,,,,,,,,
46112,46112,20853,Summit Real Estate Holdings,Summit Real Estate Holdings Ltd,,,,,,,,,,,,,,,,
46114,46114,12133,Societe Fonciere Lyonnaise SA,Societe Fonciere Lyonnaise Sa,,,,,,,,,,,,,,,,
46119,46119,11063,Takkt AG,Takkt Ag,,,,,,,,,,,,,,,,
46124,46124,15201,Arrow Electronics,Arrow Electronics Emeasa Srl,,,,,,,,,,,,,,,,
46139,46139,23681,Compal Electronics,Compal Electronics Inc,,,,,,,,,,,,,,,,
46142,46142,42974,Administradora de Fondos de Pensiones Habitat SA,Administradora de Fondos de Pensiones PlanVital SA,,,,,,,,,,,,,,,,
46149,46149,33987,Humana,Humana AB,,,,,,,,,,,,,,,,
46166,46166,42557,Maanshan Iron & Steel,Maanshan Iron & Steel Co Ltd,,,,,,,,,,,,,,,,
46169,46169,32845,Clariant AG,Clariant Ag,,,,,,,,,,,,,,,,
46177,46177,15319,truu Wasserweik,truu wasserweik,,,,,,,,,,,,,,,,
46186,46186,44321,Agilent Technologies Inc,Agilent Technologies International,,,,,,,,,,,,,,,,
46196,46196,44669,iEnergizer,iEnergizer Limited,,,,,,,,,,,,,,,,
46221,46221,12302,Magna International,Magna International Inc,,,,,,,,,,,,,,,,
46223,46223,11678,GOOD DAY CASES LTD,GOOD DAY COFFEE LTD,,,,,,,,,,,,,,,,
46227,46227,33816,Trisura Group,Trisura Group Ltd.,,,,,,,,,,,,,,,,
46231,46231,23954,Kyocera Corp,Kyocera Corporation,,,,,,,,,,,,,,,,
46232,46232,6558,Energy Transfer LP,Energy Transfer Lp,,,,,,,,,,,,,,,,
46237,46237,33409,Electra Real Estate,Electra Real Estate Ltd,,,,,,,,,,,,,,,,
46246,46246,9416,Wuliangye Yibin,Wuliangye Yibin Co Ltd,,,,,,,,,,,,,,,,
46247,46247,438,Logic Instrument,Logic Interim,,,,,,,,,,,,,,,,
46253,46253,3913,FOOD DOCTORS LIMITED,FOOD DOJO LIMITED,,,,,,,,,,,,,,,,
46254,46254,14977,Modern Times Group Mtg AB,Modern Times Group Mtg Ab,,,,,,,,,,,,,,,,
46269,46269,19911,Tyler Technologies Inc,"Tyler Technologies, Inc.",,,,,,,,,,,,,,,,
46273,46273,40646,Berkshire Hathaway,Berkshire Hathaway Energy Co,,,,,,,,,,,,,,,,
46281,46281,34557,Zoom Video Communications Inc,"Zoom Video Communications, Inc.",,,,,,,,,,,,,,,,
46294,46294,40841,Wingtech Technology,Wingtech Technology Co Ltd,,,,,,,,,,,,,,,,
46311,46311,8395,Kimco Realty,Kimco Realty Corp,,,,,,,,,,,,,,,,
46313,46313,30912,Sanlam,Sanlam Ltd,,,,,,,,,,,,,,,,
46326,46326,20671,Ball Corporation,Ball Corporation Careers,,,,,,,,,,,,,,,,
46335,46335,14233,Terex Corp,Terex Corporation,,,,,,,,,,,,,,,,
46369,46369,31065,Nippon Paint Holdings Co Ltd,Nippon Paint Holdings Co. Ltd,,,,,,,,,,,,,,,,
46373,46373,28511,SBI Life Insurance Co Ltd,SBI Life Insurance Company,,,,,,,,,,,,,,,,
46390,46390,40660,Energiekontor AG,Energiekontor Ag,,,,,,,,,,,,,,,,
46396,46396,15622,Airport City,Airport City Ltd,,,,,,,,,,,,,,,,
46408,46408,11727,Alkem Laboratories,Alkem Laboratories Ltd,,,,,,,,,,,,,,,,
46417,46417,14447,Oji Holdings,Oji Holdings Corp,,,,,,,,,,,,,,,,
46430,46430,11500,HEATHROW AIRPORT HOLDINGS LIMITED,HEATHROW AIRPORT LIMITED,,,,,,,,,,,,,,,,
46439,46439,42272,Pharmaron Beijing,Pharmaron Beijing Co Ltd,,,,,,,,,,,,,,,,
46440,46440,37634,SOFTWARE SOLUTIONS (WARWICK) LTD,SOFTWARE SOLUTIONS AI LIMITED,,,,,,,,,,,,,,,,
46453,46453,44651,Austal Limited,Austal Ltd,,,,,,,,,,,,,,,,
46460,46460,28733,SOFTWARE QUALITY LIMITED,SOFTWARE QUALITY SERVICES LTD.,,,,,,,,,,,,,,,,
46466,46466,45632,Chongqing Gas Group Corp Ltd,Chongqing Gas Group Corporation,,,,,,,,,,,,,,,,
46487,46487,23294,Elia Group SA,Elia Group SA/NV,,,,,,,,,,,,,,,,
46498,46498,22455,Embotelladora Andina,Embotelladora Andina SA,,,,,,,,,,,,,,,,
46507,46507,7363,Companhia Siderurgica Nacional,Companhia Siderúrgica Nacional,,,,,,,,,,,,,,,,
46515,46515,40631,Kubota Corp,Kubota Corporation,,,,,,,,,,,,,,,,
46518,46518,9526,Nippon Shinyaku,Nippon Shinyaku Co Ltd,,,,,,,,,,,,,,,,
46524,46524,9544,Antofagasta,Antofagasta Plc,,,,,,,,,,,,,,,,
46533,46533,25271,Xenon Pharmaceuticals,Xenon Pharmaceuticals Inc.,,,,,,,,,,,,,,,,
46537,46537,23991,Zhejiang Kaishan Compressor,Zhejiang Kaishan Compressor Co. Ltd,,,,,,,,,,,,,,,,
46553,46553,36840,Taiwan Cooperative Financial Holding,Taiwan Cooperative Financial Holding Co. Ltd,,,,,,,,,,,,,,,,
46556,46556,9838,Banco Comercial Portugues SA,Banco Comercial Português,,,,,,,,,,,,,,,,
46564,46564,30024,Grupo Gigante SAB de CV,"Grupo Gigante, S. A. B. de C. V.",,,,,,,,,,,,,,,,
46573,46573,16681,Gazprom,Gazprom Neft,,,,,,,,,,,,,,,,
46576,46576,40941,Takara Holdings,Takara Holdings Inc,,,,,,,,,,,,,,,,
46578,46578,46088,NEW AGE PLUMBING AND HEATING LIMITED,NEW AGE PLUMBING AND HEATING SERVICES LTD,,,,,,,,,,,,,,,,
46580,46580,18717,Paycom Software Inc,"Paycom Software, Inc.",,,,,,,,,,,,,,,,
46582,46582,31467,Wuxi Taiji Industry Company,Wuxi Taiji Industry Company Ltd,,,,,,,,,,,,,,,,
46599,46599,9310,Jeudan A-S,Jeudan A/s,,,,,,,,,,,,,,,,
46609,46609,11160,Bank Hapoalim,Bank Hapoalim BM,,,,,,,,,,,,,,,,
46613,46613,42550,Lumentum Holdings,Lumentum Holdings Inc,,,,,,,,,,,,,,,,
46615,46615,10869,Information Services Corporation,Information Services Group,,,,,,,,,,,,,,,,
46635,46635,20842,Guangxi Liugong Machinery,Guangxi Liugong Machinery Co Ltd,,,,,,,,,,,,,,,,
46639,46639,34244,Q CONTRACTORS LTD,Q CONTRACTS LTD,,,,,,,,,,,,,,,,
46645,46645,12684,IDEXX Laboratories,"IDEXX Laboratories, Inc.",,,,,,,,,,,,,,,,
46652,46652,684,Ming Yang Smart Energy Group,Ming Yang Smart Energy Group Ltd,,,,,,,,,,,,,,,,
46660,46660,26862,AGNC Investment,AGNC Investment Corp.,,,,,,,,,,,,,,,,
46662,46662,24094,Sanmina Corp,Sanmina Corporation,,,,,,,,,,,,,,,,
46665,46665,45533,The Boeing Co,The Boeing Company,,,,,,,,,,,,,,,,
46680,46680,35843,Assicurazioni Generali,Assicurazioni Generali SpA,,,,,,,,,,,,,,,,
46682,46682,41160,Medline Industries,Medline Industries Inc,,,,,,,,,,,,,,,,
46700,46700,21142,Audi AG,Audi Ag,,,,,,,,,,,,,,,,
46728,46728,14699,SOFTWARE MARKET LTD,SOFTWARE MASTERS LTD,,,,,,,,,,,,,,,,
46738,46738,45132,Shanghai International Airport Co. Ltd,Shanghai International Port,,,,,,,,,,,,,,,,
46755,46755,8718,Informa Plc,Informa plc,,,,,,,,,,,,,,,,
46771,46771,9159,Angang Steel Co Ltd,Angang Steel Company Limited,,,,,,,,,,,,,,,,
46783,46783,5750,Qinhuangdao Port,Qinhuangdao Port Co. Ltd,,,,,,,,,,,,,,,,
46798,46798,4979,Poly Developments & Holdings Group,Poly Developments And Holdings Group,,,,,,,,,,,,,,,,
46816,46816,18451,Otsuka Corp,Otsuka Corporation,,,,,,,,,,,,,,,,
46828,46828,8141,UDG Healthcare,UDG Healthcare Plc,,,,,,,,,,,,,,,,
46831,46831,27487,Grupo Comercial Chedraui,"Grupo Comercial Chedraui, S.A.B. de C.V.",,,,,,,,,,,,,,,,
46848,46848,37730,Kaneka Corp,Kaneka Corporation,,,,,,,,,,,,,,,,
46850,46850,40992,Ford Motor Company,Ford Motor Credit Company,,,,,,,,,,,,,,,,
46862,46862,14979,Match Group Inc,"Match Group, Inc.",,,,,,,,,,,,,,,,
46865,46865,29084,SBA Communications,SBA Communications Corp,,,,,,,,,,,,,,,,
46868,46868,41679,ALL ABOUT RECRUITMENT LTD,ALL ABOUT REEL LTD,,,,,,,,,,,,,,,,
46879,46879,347,Nissan Chemical Corp,Nissan Chemical Corporation,,,,,,,,,,,,,,,,
46888,46888,8503,Huntington Bancshares Incorporated,"Huntington Bancshares, Inc.",,,,,,,,,,,,,,,,
46905,46905,20886,Toyota Motor Corp,Toyota Motor Corporation,,,,,,,,,,,,,,,,
46911,46911,15878,Tohoku Electric Power,Tohoku Electric Power Co Inc,,,,,,,,,,,,,,,,
46912,46912,4239,Cheng Shin Rubber Ind. Co. Ltd,Cheng Shin Rubber Industry Co Ltd,,,,,,,,,,,,,,,,
46917,46917,11913,China Coal Xinji Energy Co Ltd,"China Coal Xinji Energy Co.,Ltd",,,,,,,,,,,,,,,,
46922,46922,26770,Logan Property Holdings,Logan Property Holdings Company,,,,,,,,,,,,,,,,
46923,46923,25433,Cooper Tire & Rubber Co,Cooper Tire & Rubber Company,,,,,,,,,,,,,,,,
46928,46928,977,Sunward Intelligent Equipment,Sunward Intelligent Equipment Co Ltd,,,,,,,,,,,,,,,,
46932,46932,39228,Sibanye Stillwater Limited,Sibanye Stillwater Ltd,,,,,,,,,,,,,,,,
46944,46944,5635,Kongsberg Gruppen ASA,Kongsberg Gruppen Asa,,,,,,,,,,,,,,,,
46952,46952,19083,Z & N KARA LIMITED,Z & N LIMITED,,,,,,,,,,,,,,,,
46962,46962,23476,Aditya Birla Fashion and Retail,Aditya Birla Fashion and Retail Ltd,,,,,,,,,,,,,,,,
46979,46979,37736,Plains All American Pipeline,Plains All American Pipeline LP,,,,,,,,,,,,,,,,
46981,46981,34148,P A MECHANICAL LIMITED,P A MICHEL LIMITED,,,,,,,,,,,,,,,,
46992,46992,45992,Enphase Energy,Enphase Energy Inc,,,,,,,,,,,,,,,,
47007,47007,21083,EN+ Group International,EN+ Group International PJSC,,,,,,,,,,,,,,,,
47015,47015,21185,Ultra Electronics Holdings,Ultra Electronics Holdings Plc,,,,,,,,,,,,,,,,
47036,47036,4357,Pan American Silver Corp,Pan American Silver Corp.,,,,,,,,,,,,,,,,
47037,47037,38863,WT Microelectronics,WT Microelectronics Co. Ltd,,,,,,,,,,,,,,,,
47070,47070,9398,JPMorgan Chase,JPMorgan Chase & Co,,,,,,,,,,,,,,,,
47076,47076,2303,Growthpoint Properties,Growthpoint Properties Australia,,,,,,,,,,,,,,,,
47077,47077,21403,Maxim Integrated,Maxim Integrated Products,,,,,,,,,,,,,,,,
47080,47080,43367,Uniti Group,Uniti Group Inc,,,,,,,,,,,,,,,,
47081,47081,16214,Frasers Property Limited,Frasers Property Ltd,,,,,,,,,,,,,,,,
47087,47087,11778,Marks And Spencer Group,Marks and Spencer Group plc,,,,,,,,,,,,,,,,
47097,47097,5394,Grupa Zywiec S.a.,Grupa Zywiec SA,,,,,,,,,,,,,,,,
47101,47101,20457,Whitecap Resources Inc,Whitecap Resources Inc.,,,,,,,,,,,,,,,,
47102,47102,41223,Filo Mining,Filo Mining Corp,,,,,,,,,,,,,,,,
47108,47108,1544,ALL ABOUT DOODLES LIMITED,ALL ABOUT DOORS LIMITED,,,,,,,,,,,,,,,,
47113,47113,20150,Transocean Ltd.,Transpaco Ltd,,,,,,,,,,,,,,,,
47116,47116,36100,Tong Hsing Electronic Industries,Tong Hsing Electronic Industries Ltd,,,,,,,,,,,,,,,,
47119,47119,28793,Renaissance Hotels,Renaissance Oil,,,,,,,,,,,,,,,,
47143,47143,12400,Sinotruk (Hong Kong) Ltd,Sinotruk (hong Kong),,,,,,,,,,,,,,,,
47148,47148,37180,Altice USA Inc,"Altice USA, Inc.",,,,,,,,,,,,,,,,
47151,47151,31666,H A CONSTRUCTION LTD,H A CONSTRUCTION SERVICES LTD,,,,,,,,,,,,,,,,
47161,47161,15227,Houlihan Lokey,Houlihan Lokey Inc,,,,,,,,,,,,,,,,
47170,47170,9708,Heijmans N.V.,Heijmans NV,,,,,,,,,,,,,,,,
47175,47175,23658,ALL ABOUT HOLES LIMITED,ALL ABOUT HOME CARE LIMITED,,,,,,,,,,,,,,,,
47177,47177,42954,Woori Financial Group Inc,"Woori Financial Group, Inc.",,,,,,,,,,,,,,,,
47178,47178,28076,Shanxi Coal International Energy Group,"Shanxi Coal International Energy Group Co.,Ltd",,,,,,,,,,,,,,,,
47185,47185,20584,Keurig Dr Pepper,Keurig Dr Pepper Inc,,,,,,,,,,,,,,,,
47233,47233,18238,Southwest Airlines,Southwest Airlines Co,,,,,,,,,,,,,,,,
47238,47238,28692,ALL ABOUT EVE BRIDALS LIMITED,ALL ABOUT EVE FILMS LTD,,,,,,,,,,,,,,,,
47242,47242,46271,Beijing Sifang Automation,"Beijing Sifang Automation Co.,Ltd",,,,,,,,,,,,,,,,
47244,47244,13341,BWX Technologies Inc,"BWX Technologies, Inc.",,,,,,,,,,,,,,,,
47249,47249,38644,Oriental Pearl Group Co Ltd,Oriental Press Group Ltd,,,,,,,,,,,,,,,,
47252,47252,41352,Luckin Coffee,"Luckin Coffee, Inc.",,,,,,,,,,,,,,,,
47253,47253,24436,Agile Group Holdings,Agile Group Holdings Ltd,,,,,,,,,,,,,,,,
47256,47256,89,Sleep Cycle,Sleep Cycle AB,,,,,,,,,,,,,,,,
47257,47257,28680,JD Sports Fashion Plc,JD Sports Fashion plc,,,,,,,,,,,,,,,,
47260,47260,25532,Allfunds Group Plc,Allfunds Group plc,,,,,,,,,,,,,,,,
47280,47280,16119,Macquarie Group,Macquarie Group Limited,,,,,,,,,,,,,,,,
47283,47283,16530,PT Bumi Resources Minerals Tbk,PT Bumi Resources Tbk,,,,,,,,,,,,,,,,
47294,47294,41013,Telus Corp,Telus Corporation,,,,,,,,,,,,,,,,
47295,47295,3337,Yamada Holdings Co Ltd,"Yamada Holdings Co.,Ltd.",,,,,,,,,,,,,,,,
47303,47303,36648,Iluka Resources Limited,Iluka Resources Ltd,,,,,,,,,,,,,,,,
47307,47307,6501,GOOD AND GREEN LTD,GOOD AND GREY LTD,,,,,,,,,,,,,,,,
47341,47341,2978,Selectsys,Selectus,,,,,,,,,,,,,,,,
47353,47353,27570,BDO Unibank,BDO Unibank Inc,,,,,,,,,,,,,,,,
47369,47369,32400,Nexteer Automotive Group,Nexteer Automotive Group Ltd,,,,,,,,,,,,,,,,
47373,47373,38609,HUAYU Automotive Systems Co Ltd,HUAYU Automotive Systems Company Ltd,,,,,,,,,,,,,,,,
47377,47377,263,Balkrishna Industries,Balkrishna Industries Ltd,,,,,,,,,,,,,,,,
47388,47388,12690,Fruugo,Fruugo.Com,,,,,,,,,,,,,,,,
47391,47391,1211,GOOD BUYS LIMITED,GOOD BUYYS LIMITED,,,,,,,,,,,,,,,,
47393,47393,38348,Shaw Communications Inc,Shaw Communications Inc.,,,,,,,,,,,,,,,,
47401,47401,32424,Dabur India,Dabur India Ltd,,,,,,,,,,,,,,,,
47406,47406,39253,Sichuan Expressway Company,Sichuan Expressway Company Ltd,,,,,,,,,,,,,,,,
47417,47417,13608,Crystal International Group,Crystal International Group Ltd,,,,,,,,,,,,,,,,
47421,47421,31898,Mynt,Myntra,,,,,,,,,,,,,,,,
47424,47424,30890,Morgan Sindall Group Plc,Morgan Sindall Group plc,,,,,,,,,,,,,,,,
47431,47431,2161,Petroleo Brasileiro - Petrobras,Petroleo Brasileiro SA,,,,,,,,,,,,,,,,
47435,47435,14803,Auckland International Airport,Auckland International Airport Limited,,,,,,,,,,,,,,,,
47441,47441,4545,ALL ABOUT TIMING LTD,ALL ABOUT TOURS LIMITED,,,,,,,,,,,,,,,,
47450,47450,43415,Nanjing Iron & Steel,Nanjing Iron & Steel Co. Ltd,,,,,,,,,,,,,,,,
47454,47454,9021,New Fortress Energy Inc.,New Fortress Energy Llc,,,,,,,,,,,,,,,,
47455,47455,16121,Shandong Chenming Paper Holdings,Shandong Chenming Paper Holdings Ltd,,,,,,,,,,,,,,,,
47467,47467,8666,Diamondback Energy Inc,"Diamondback Energy, Inc.",,,,,,,,,,,,,,,,
47474,47474,9393,DKSH Holding AG,DKSH Holding Ltd,,,,,,,,,,,,,,,,
47487,47487,35728,Koninklijke Ahold Delhaize N.V.,Koninklijke Ahold Delhaize NV,,,,,,,,,,,,,,,,
47495,47495,40297,Orbit Technologies,Orbit Technologies Ltd,,,,,,,,,,,,,,,,
47498,47498,28180,Bafang Electric,Bafang Electric (suzhou),,,,,,,,,,,,,,,,
47500,47500,5362,Coloplast A/S,Coloplast A/s,,,,,,,,,,,,,,,,
47522,47522,34229,Range Resources Corp,Range Resources Corporation,,,,,,,,,,,,,,,,
47536,47536,39858,V & S NO.(1) LIMITED,V & SC LIMITED,,,,,,,,,,,,,,,,
47537,47537,40908,Teva Pharmaceutical Industries,Teva Pharmaceutical Industries Limited,,,,,,,,,,,,,,,,
47538,47538,43489,Jinduicheng Molybdenum Co Ltd,Jinduicheng Molybdenum Co. Ltd,,,,,,,,,,,,,,,,
47568,47568,38769,Magnitogorsk Iron & Steel,Magnitogorsk Iron & Steel Works (mmk),,,,,,,,,,,,,,,,
47578,47578,46771,Angang Steel,Angang Steel Co Ltd,,,,,,,,,,,,,,,,
47591,47591,14079,GDS Holdings Limited,GDS Holdings Ltd,,,,,,,,,,,,,,,,
47592,47592,18075,B2Gold Corp,B2Gold Corp.,,,,,,,,,,,,,,,,
47594,47594,35165,STMicroelectronics,STMicroelectronics Careers,,,,,,,,,,,,,,,,
47599,47599,39637,Vifor Pharma AG,Vifor Pharma Ag,,,,,,,,,,,,,,,,
47611,47611,38940,Hengan International Group Co Ltd,Hengan International Group Company,,,,,,,,,,,,,,,,
47640,47640,9557,Schwarz Group,Schwarz Gruppe,,,,,,,,,,,,,,,,
47662,47662,10954,Longchen Paper & Packaging Co Ltd,Longchen Paper & Packaging Co. Ltd,,,,,,,,,,,,,,,,
47664,47664,18109,Prometeo,Prometheus,,,,,,,,,,,,,,,,
47670,47670,13462,Colgate-Palmolive,Colgate-Palmolive Co,,,,,,,,,,,,,,,,
47675,47675,21576,International Business Machines Corp,International Business Machines Corporation,,,,,,,,,,,,,,,,
47680,47680,25058,Regeneron Pharmaceuticals,Regeneron Pharmaceuticals Inc,,,,,,,,,,,,,,,,
47686,47686,13106,Construcciones y Auxiliar de Ferrocarriles SA,"Construcciones y Auxiliar de Ferrocarriles, SA",,,,,,,,,,,,,,,,
47690,47690,30915,Long Time Technology,Long Time Technology Co. Ltd,,,,,,,,,,,,,,,,
47691,47691,8634,Aspen Pharmacare Holdings,Aspen Pharmacare Holdings Ltd,,,,,,,,,,,,,,,,
47694,47694,42387,Eutelsat Communications,Eutelsat Communications SA,,,,,,,,,,,,,,,,
47702,47702,42174,Comerica,Comerica Inc,,,,,,,,,,,,,,,,
47710,47710,18819,Vistry Group Plc,Vistry Group plc,,,,,,,,,,,,,,,,
47717,47717,31068,FOOD AT 126 LTD,FOOD AT 52 LIMITED,,,,,,,,,,,,,,,,
47724,47724,22780,MERCK SHARP & DOHME (I.A.) LLC,MERCK SHARP & DOHME LLC,,,,,,,,,,,,,,,,
47738,47738,20868,Hengtong Optic-Electric Co Ltd,Hengtong Optic-Electric Co. Ltd,,,,,,,,,,,,,,,,
47749,47749,9936,Arthur J. Gallagher,Arthur J. Gallagher & Co,,,,,,,,,,,,,,,,
47754,47754,20601,GOOD BUSINESS LIMITED,GOOD BUSINESS LOGISTICS LIMITED,,,,,,,,,,,,,,,,
47757,47757,33950,Olympus Corp,Olympus Corporation,,,,,,,,,,,,,,,,
47758,47758,41871,Ally Financial Inc,Ally Financial Inc.,,,,,,,,,,,,,,,,
47762,47762,13198,Aditya Birla Capital,Aditya Birla Capital Ltd,,,,,,,,,,,,,,,,
47769,47769,38106,Contura Energy,"Contura Energy, Inc.",,,,,,,,,,,,,,,,
47777,47777,292,Sonic Healthcare Limited,Sonic Healthcare Ltd,,,,,,,,,,,,,,,,
47779,47779,12994,Keihan Holdings Co Ltd,Keihan Holdings Co. Ltd,,,,,,,,,,,,,,,,
47792,47792,16967,China Resources Power Holdings Co Ltd,China Resources Power Holdings Company,,,,,,,,,,,,,,,,
47793,47793,10508,Masonite International Corp,Masonite International Corporation,,,,,,,,,,,,,,,,
47794,47794,18044,BAD DENIM LIMITED,BAD DESIGN LIMITED,,,,,,,,,,,,,,,,
47798,47798,32800,Nanya Technology Corp,Nanya Technology Corporation,,,,,,,,,,,,,,,,
47809,47809,15631,Virtu Financial Inc,"Virtu Financial, Inc.",,,,,,,,,,,,,,,,
47812,47812,4692,BEAUTY AND THE BALLOONS LTD,BEAUTY AND THE BARBELL LTD,,,,,,,,,,,,,,,,
47813,47813,20254,Yum China Holdings,Yum China Holdings Inc,,,,,,,,,,,,,,,,
47830,47830,9984,China Everbright Bank,China Everbright Bank Co Ltd,,,,,,,,,,,,,,,,
47848,47848,8233,Delta Capita,Delta Capita Group,,,,,,,,,,,,,,,,
47858,47858,29899,Paz Oil Company,Paz Oil Company Ltd,,,,,,,,,,,,,,,,
47865,47865,15486,Parker-Hannifin,Parker-Hannifin Corporation,,,,,,,,,,,,,,,,
47868,47868,41647,Avient Corp,Avient Corporation,,,,,,,,,,,,,,,,
47875,47875,25808,Wm Morrison Supermarkets Ltd,Wm Morrison Supermarkets plc,,,,,,,,,,,,,,,,
47877,47877,37870,Jindal Steel & Power Ltd,Jindal Steel and Power,,,,,,,,,,,,,,,,
47892,47892,12722,GOOD CLEAN FUN LTD,GOOD CLEAN LTD,,,,,,,,,,,,,,,,
47899,47899,29316,Erste Bank,Erste Group Bank,,,,,,,,,,,,,,,,
47915,47915,18312,Bodycote,Bodycote plc,,,,,,,,,,,,,,,,
47918,47918,14340,China Oriental Group Co Ltd,China Oriental Group Company Limited,,,,,,,,,,,,,,,,
47933,47933,44226,Reynolds Consumer Products Inc,Reynolds Consumer Products Inc.,,,,,,,,,,,,,,,,
47936,47936,24899,Helvetia Holding,Helvetia Holding AG,,,,,,,,,,,,,,,,
47938,47938,5276,Boston Scientific,Boston Scientific Corp,,,,,,,,,,,,,,,,
47966,47966,2160,Prosperity Bancshares Inc,"Prosperity Bancshares, Inc.",,,,,,,,,,,,,,,,
47978,47978,11608,Golden Agri-Resources Ltd,Golden Agri-resources Ltd,,,,,,,,,,,,,,,,
47992,47992,41385,Ocado Group,Ocado Group Plc,,,,,,,,,,,,,,,,
47993,47993,19590,Landi Renzo,Landi Renzo S.p.A.,,,,,,,,,,,,,,,,
47995,47995,21783,Neusoft Corp,Neusoft Corporation,,,,,,,,,,,,,,,,
48007,48007,39907,W.W. Grainger Inc,"W.W. Grainger, Inc.",,,,,,,,,,,,,,,,
48008,48008,29821,Hyundai Glovis,Hyundai Glovis Co Ltd,,,,,,,,,,,,,,,,
48009,48009,1581,Hermes International,Hermes International SA,,,,,,,,,,,,,,,,
48010,48010,27214,Taiwan FamilyMart Co Ltd,Taiwan FamilyMart Co. Ltd,,,,,,,,,,,,,,,,
48017,48017,30978,Daimler Truck Holding,Daimler Truck Holding AG,,,,,,,,,,,,,,,,
48020,48020,36837,Chennai Petroleum Corp Ltd,Chennai Petroleum Corporation,,,,,,,,,,,,,,,,
48029,48029,27140,GS Engineering & Construction,GS Engineering & Construction Corp,,,,,,,,,,,,,,,,
48040,48040,34857,Impala Platinum Holdings,Impala Platinum Holdings Ltd,,,,,,,,,,,,,,,,
48045,48045,12454,Similarweb Ltd,Similarweb Ltd.,,,,,,,,,,,,,,,,
48054,48054,40784,Nordson Corp,Nordson Corporation,,,,,,,,,,,,,,,,
48060,48060,29935,Schlumberger Limited,Schlumberger Ltd,,,,,,,,,,,,,,,,
48077,48077,20345,Jiangxi Copper,Jiangxi Copper Co Ltd,,,,,,,,,,,,,,,,
48078,48078,21533,Carmila,Carmila SA,,,,,,,,,,,,,,,,
48081,48081,7176,Petrof,Petrofac,,,,,,,,,,,,,,,,
48087,48087,35201,Elbit Systems,Elbit Systems Ltd,,,,,,,,,,,,,,,,
48099,48099,44247,ALL ABOUT USERS LIMITED,ALL ABOUT USO LTD,,,,,,,,,,,,,,,,
48104,48104,36071,Kajima Corp,Kajima Corporation,,,,,,,,,,,,,,,,
48107,48107,33495,NetEase,NetEase Inc,,,,,,,,,,,,,,,,
48119,48119,47475,Yulon Finance Corp,Yulon Finance Corporation,,,,,,,,,,,,,,,,
48121,48121,25387,Alfresa Holdings,Alfresa Holdings Corp,,,,,,,,,,,,,,,,
48125,48125,22440,Chung Hwa Pulp Corp,Chung Hwa Pulp Corporation,,,,,,,,,,,,,,,,
48134,48134,776,Adani Enterprises,Adani Enterprises Ltd,,,,,,,,,,,,,,,,
48135,48135,26961,Community Health Systems,Community Health Systems Inc,,,,,,,,,,,,,,,,
48157,48157,5022,China Resources Sanjiu Medical & Pharmaceutical,China Resources Sanjiu Medical & Pharmaceutical Co Ltd,,,,,,,,,,,,,,,,
48159,48159,9231,Encore Wire Corp,Encore Wire Corporation,,,,,,,,,,,,,,,,
48162,48162,34190,Marimekko,Marimekko Oyj,,,,,,,,,,,,,,,,
48172,48172,1163,Sinopharm Group Co Ltd,Sinopharm Group Co. Ltd,,,,,,,,,,,,,,,,
48179,48179,14273,Kohl's Corp,Kohl's Corporation,,,,,,,,,,,,,,,,
48192,48192,893,Mercantile Investment Trust (The) plc,Mercantile Investment Trust (the),,,,,,,,,,,,,,,,
48202,48202,29596,QC TERME ROMA SRL,QC TERME SRL,,,,,,,,,,,,,,,,
48203,48203,3513,Sopra Steria Group,Sopra Steria Group SA,,,,,,,,,,,,,,,,
48213,48213,46330,China Life Insurance Company,China Life Insurance Company Limited,,,,,,,,,,,,,,,,
48216,48216,26679,Taiyo Yuden Co Ltd,Taiyo Yuden Co. Ltd,,,,,,,,,,,,,,,,
48218,48218,11722,BXR IndustrieService,BXR Industrieservice,,,,,,,,,,,,,,,,
48223,48223,35019,Santos Limited,Santos Ltd,,,,,,,,,,,,,,,,
48224,48224,19186,Konica Minolta,Konica Minolta Inc,,,,,,,,,,,,,,,,
48227,48227,6809,Nippon Telegraph & Tel,Nippon Telegraph & Telephone Corp,,,,,,,,,,,,,,,,
48239,48239,11239,Avista Corp,Avista Corporation,,,,,,,,,,,,,,,,
48241,48241,46949,Tandem Diabetes Care,"Tandem Diabetes Care, Inc.",,,,,,,,,,,,,,,,
48246,48246,16896,BlackBerry,BlackBerry Limited,,,,,,,,,,,,,,,,
48275,48275,33984,Halliburton Co,Halliburton Company,,,,,,,,,,,,,,,,
48281,48281,32277,Tokai Rika,Tokai Rika Co Ltd,,,,,,,,,,,,,,,,
48285,48285,23870,Dicker Data,Dicker Data Limited,,,,,,,,,,,,,,,,
48287,48287,8963,Zhejiang Starry Pharmaceutical,Zhejiang Starry Pharmaceutical Co. Ltd,,,,,,,,,,,,,,,,
48292,48292,21947,Imperial Oil,Imperial Oil Limited,,,,,,,,,,,,,,,,
48297,48297,16885,Nippon Paper Industries,Nippon Paper Industries Co Ltd,,,,,,,,,,,,,,,,
48308,48308,43202,Shriram Chits,Shriram City,,,,,,,,,,,,,,,,
48316,48316,39061,Pasona Group,"Pasona Group, Inc.",,,,,,,,,,,,,,,,
48322,48322,31531,Chong Kun Dang Pharmaceutical,Chong Kun Dang Pharmaceutical Corp,,,,,,,,,,,,,,,,
48331,48331,33238,Paradox Interactive,Paradox Interactive AB,,,,,,,,,,,,,,,,
48343,48343,6251,Paltac Corp,Paltac Corporation,,,,,,,,,,,,,,,,
48356,48356,42239,Deutsche Lufthansa AG,Deutsche Lufthansa Ag,,,,,,,,,,,,,,,,
48361,48361,33805,China Reinsurance (group) Corporation,China Reinsurance Group,,,,,,,,,,,,,,,,
48367,48367,4634,China Overseas Grand Oceans Group,China Overseas Grand Oceans Group Ltd,,,,,,,,,,,,,,,,
48391,48391,30427,Cirrus Logic,Cirrus Logic Inc,,,,,,,,,,,,,,,,
48396,48396,25998,APOEL FC,APOEL V.C.,,,,,,,,,,,,,,,,
48398,48398,45057,Bio-Rad Laboratories Inc,"Bio-Rad Laboratories, Inc.",,,,,,,,,,,,,,,,
48402,48402,9632,Rocket Companies,"Rocket Companies, Inc.",,,,,,,,,,,,,,,,
48404,48404,6987,Ideal Bike Corp,Ideal Bikes,,,,,,,,,,,,,,,,
48405,48405,48295,Laxmi Organic Industries,Laxmi Organic Industries Limited,,,,,,,,,,,,,,,,
48429,48429,20065,Hormel Foods Corp,Hormel Foods Corporation,,,,,,,,,,,,,,,,
48443,48443,16934,GOOD CONSTRUCTION (SUSSEX) LIMITED,GOOD CONSTRUCTION LTD,,,,,,,,,,,,,,,,
48447,48447,45211,Fuyao Glass Industry Group,Fuyao Glass Industry Group Co Ltd,,,,,,,,,,,,,,,,
48453,48453,32464,Toyota Tsusho,Toyota Tsusho Corp,,,,,,,,,,,,,,,,
48454,48454,37531,Finnair,Finnair Oyj,,,,,,,,,,,,,,,,
48457,48457,11048,ALL ABOUT BRANDS PLC,ALL ABOUT BREAD LTD,,,,,,,,,,,,,,,,
48458,48458,15733,Pinduoduo,Pinduoduo Inc,,,,,,,,,,,,,,,,
48472,48472,19561,NEW AGE PROPERTY LTD,NEW AGE PROPERTY MANAGEMENT LTD,,,,,,,,,,,,,,,,
48478,48478,47792,China Resources Power,China Resources Power Holdings Co Ltd,,,,,,,,,,,,,,,,
48482,48482,17852,Shaftesbury,Shaftesbury plc,,,,,,,,,,,,,,,,
48503,48503,34396,Power Assets Holdings,Power Assets Holdings Ltd,,,,,,,,,,,,,,,,
48511,48511,47670,Colgate Palmolive,Colgate-Palmolive,,,,,,,,,,,,,,,,
48512,48512,8362,FLOWER FARM FOOD SRL,FLOWER PHARM SRL,,,,,,,,,,,,,,,,
48542,48542,47574,Primerica Inc,"Primerica, Inc.",,,,,,,,,,,,,,,,
48549,48549,36881,Nuance Communications,Nuance Communications Careers,,,,,,,,,,,,,,,,
48550,48550,47842,Net One Systems Co Ltd,Net One Systems Co. Ltd,,,,,,,,,,,,,,,,
48552,48552,34798,"Japan Elevator Service Holdings Co.,Ltd.",Japan Elevator Serviceholdings,,,,,,,,,,,,,,,,
48555,48555,2678,Givaudan SA,Givaudan Sa,,,,,,,,,,,,,,,,
48559,48559,24047,Evolution AB,Evolution Adv,,,,,,,,,,,,,,,,
48564,48564,46572,Sushiro Global Holdings,Sushiro Global Holdings Ltd,,,,,,,,,,,,,,,,
48585,48585,28045,Shenzhen Chipscreen Biosciences,Shenzhen Chipscreen Biosciences Co. Ltd,,,,,,,,,,,,,,,,
48590,48590,25723,Encavis AG,Encavis Ag,,,,,,,,,,,,,,,,
48593,48593,30572,Arezzo Industria E Comercio,Arezzo Industria e Comercio SA,,,,,,,,,,,,,,,,
48603,48603,30126,Abu Dhabi Commercial Bank,Abu Dhabi Commercial Bank Pjsc,,,,,,,,,,,,,,,,
48606,48606,43603,Brixmor Property Group,Brixmor Property Group Inc,,,,,,,,,,,,,,,,
48612,48612,24847,Realtek Semiconductor,Realtek Semiconductor Corp,,,,,,,,,,,,,,,,
48615,48615,34907,Zhejiang Wanliyang,Zhejiang Wanma,,,,,,,,,,,,,,,,
48636,48636,17168,Yamazaki Baking Co Ltd,Yamazaki Baking Co. Ltd,,,,,,,,,,,,,,,,
48641,48641,21229,Irkut Corp,Irkut Corporation,,,,,,,,,,,,,,,,
48654,48654,29376,The Middleby Corp,The Middleby Corporation,,,,,,,,,,,,,,,,
48655,48655,48526,Xilinmen Furniture,"Xilinmen Furniture Co.,Ltd",,,,,,,,,,,,,,,,
48657,48657,48644,Tremor International Ltd,Tremor International Ltd.,,,,,,,,,,,,,,,,
48677,48677,39016,Ramsay Health Care Limited,Ramsay Health Care Ltd,,,,,,,,,,,,,,,,
48679,48679,33007,Koç Holding,Koç Holding A.S.,,,,,,,,,,,,,,,,
48693,48693,4494,Stryker,Stryker Corp,,,,,,,,,,,,,,,,
48697,48697,15257,Corning,Corning Inc,,,,,,,,,,,,,,,,
48703,48703,29301,Muangthai Capital Public Company,Muangthai Capital Public Company Ltd,,,,,,,,,,,,,,,,
48704,48704,17289,Bytes Technology Group Plc,Bytes Technology Group plc,,,,,,,,,,,,,,,,
48715,48715,37852,Nippon Kayaku,Nippon Kayaku Co Ltd,,,,,,,,,,,,,,,,
48720,48720,40267,CMS Energy Corp,CMS Energy Corporation,,,,,,,,,,,,,,,,
48722,48722,17251,Virbac SA,Virbac Sa,,,,,,,,,,,,,,,,
48734,48734,1218,Celanese,Celanese Corp,,,,,,,,,,,,,,,,
48744,48744,22300,Pinterest,Pinterest Inc,,,,,,,,,,,,,,,,
48749,48749,15737,Howmet Aerospace Inc,Howmet Aerospace Inc.,,,,,,,,,,,,,,,,
48752,48752,7331,Lucky Cement Corp,Lucky Cement Ltd,,,,,,,,,,,,,,,,
48753,48753,42170,Electrolux,Electrolux Group,,,,,,,,,,,,,,,,
48756,48756,27035,Wacker Chemie,Wacker Chemie AG,,,,,,,,,,,,,,,,
48766,48766,22191,Molina Healthcare,Molina Healthcare Inc,,,,,,,,,,,,,,,,
48781,48781,28378,EISLER CAPITAL (TS) LTD,EISLER CAPITAL (UK) LTD,,,,,,,,,,,,,,,,
48782,48782,2972,Zhejiang Cfmoto Power,"Zhejiang Cfmoto Power Co.,Ltd",,,,,,,,,,,,,,,,
48785,48785,4584,Legend Holding,Legend Holdings Corp,,,,,,,,,,,,,,,,
48786,48786,32558,Prothena Corporation,Prothena Corporation plc,,,,,,,,,,,,,,,,
48795,48795,14751,Amneal Pharmaceuticals,Amneal Pharmaceuticals Inc,,,,,,,,,,,,,,,,
48808,48808,5825,Eon Electric,Eon Electric Ltd,,,,,,,,,,,,,,,,
48813,48813,26547,Bendigo and Adelaide Bank Limited,Bendigo and Adelaide Bank Ltd,,,,,,,,,,,,,,,,
48822,48822,23420,Acadia Healthcare Company,"Acadia Healthcare Company, Inc.",,,,,,,,,,,,,,,,
48830,48830,30908,Rolls-Royce Holdings,Rolls-Royce Holdings Plc,,,,,,,,,,,,,,,,
48832,48832,16599,Redington,Redington Gulf,,,,,,,,,,,,,,,,
48838,48838,25314,FINANCESCRIP LTD,FINANCESECTOR LIMITED,,,,,,,,,,,,,,,,
48859,48859,19026,Mango Excellent Media,Mango Excellent Media Co. Ltd,,,,,,,,,,,,,,,,
48878,48878,32625,ENI PLENITUDE SPA SOCIETA' BENEFIT,ENI PLENITUDE SPA SOCIETA\' BENEFIT,,,,,,,,,,,,,,,,
48883,48883,21587,World Wrestling Entertainment,World Wrestling Entertainment Inc,,,,,,,,,,,,,,,,
48892,48892,3594,SOFTWARE CELLULAR NETWORK LIMITED,SOFTWARE CENTER BLACK LIMITED,,,,,,,,,,,,,,,,
48898,48898,31378,Symrise,Symrise AG,,,,,,,,,,,,,,,,
48905,48905,11960,Disco Corp,Disco Corporation,,,,,,,,,,,,,,,,
48906,48906,35907,Schindler Holding Ag,Schindler Holding Ltd,,,,,,,,,,,,,,,,
48911,48911,47369,Nexteer Automotive,Nexteer Automotive Group,,,,,,,,,,,,,,,,
48914,48914,46766,Alkermes Plc,Alkermes plc,,,,,,,,,,,,,,,,
48919,48919,11081,Pegatron,Pegatron Corp,,,,,,,,,,,,,,,,
48921,48921,14197,D.R. Horton Inc,"D.R. Horton, Inc.",,,,,,,,,,,,,,,,
48924,48924,13157,Canadian National Railway Co,Canadian National Railway Company,,,,,,,,,,,,,,,,
48925,48925,13609,Guangdong Tapai Group,Guangdong Tapai Group Co Ltd,,,,,,,,,,,,,,,,
48931,48931,9743,LHC Group Inc,"LHC Group, Inc.",,,,,,,,,,,,,,,,
48941,48941,24235,Yocabe,Yocabe’,,,,,,,,,,,,,,,,
48951,48951,40502,NatWest Group Plc,NatWest Group plc,,,,,,,,,,,,,,,,
48954,48954,35993,American Water Works Co Inc,American Water Works Company,,,,,,,,,,,,,,,,
48967,48967,24884,Globalfoundries,Globalfoundries Inc.,,,,,,,,,,,,,,,,
48975,48975,25408,Sekisui House,Sekisui House Ltd,,,,,,,,,,,,,,,,
48981,48981,11139,Powerlong Real Estate,Powerlong Real Estate Holdings,,,,,,,,,,,,,,,,
49000,49000,13288,Better Life Commercial Chain Share,Better Life Commercial Chain Share Co Ltd,,,,,,,,,,,,,,,,
49005,49005,24159,Reinsurance Group of America,Reinsurance Group of America Inc,,,,,,,,,,,,,,,,
49010,49010,38205,MediaTek,MediaTek Inc,,,,,,,,,,,,,,,,
49029,49029,21519,Link Administration Holdings,Link Administration Holdings Limited,,,,,,,,,,,,,,,,
49044,49044,46610,Xiamen Amoytop Biotech Co. Ltd,"Xiamen Amoytop Biotech Co., Ltd.",,,,,,,,,,,,,,,,
49045,49045,28651,Alpha Networks Inc,"Alpha Networks, Inc.",,,,,,,,,,,,,,,,
49053,49053,15371,Nanushka International,Nanushka International Zrt.,,,,,,,,,,,,,,,,
49054,49054,10715,Tyson Foods,Tyson Foods Inc,,,,,,,,,,,,,,,,
49060,49060,16407,Shandong Xinchao Energy Corp Ltd,Shandong Xinchao Energy Corporation,,,,,,,,,,,,,,,,
49065,49065,42300,Luminar Technologies Careers,"Luminar Technologies, Inc.",,,,,,,,,,,,,,,,
49069,49069,3732,Reckitt Benckiser,Reckitt Benckiser Group,,,,,,,,,,,,,,,,
49074,49074,10345,HAVAS HELIA LIMITED,HAVAS MEDIA LIMITED,,,,,,,,,,,,,,,,
49075,49075,25950,Sichuan Swellfun,"Sichuan Swellfun Co.,Ltd",,,,,,,,,,,,,,,,
49077,49077,42584,Hektas Ticaret T.A.S.,Hektas Ticaret T.a.s,,,,,,,,,,,,,,,,
49085,49085,33254,Mizrahi Tefahot Bank,Mizrahi Tefahot Bank Ltd,,,,,,,,,,,,,,,,
49087,49087,4376,Enel Generacion Chile,Enel Generacion Chile SA,,,,,,,,,,,,,,,,
49091,49091,3533,Stellantis N.v,Stellantis NV,,,,,,,,,,,,,,,,
49094,49094,40147,Northland Power Inc,Northland Power Inc.,,,,,,,,,,,,,,,,
49099,49099,33704,SMCP SA,SMCP SAS,,,,,,,,,,,,,,,,
49112,49112,17385,Prodeval,Prodiel,,,,,,,,,,,,,,,,
49119,49119,46604,Changsha Jingjia Microelectronics,Changsha Jingjia Microelectronics Co. Ltd,,,,,,,,,,,,,,,,
49120,49120,192,Dottikon Es Holding AG,Dottikon Es Holding Ag,,,,,,,,,,,,,,,,
49121,49121,18318,Yapi Ve Kredi Bankasi,Yapi ve Kredi Bankasi A.S.,,,,,,,,,,,,,,,,
49124,49124,22551,Yageo Corp,Yageo Corporation,,,,,,,,,,,,,,,,
49137,49137,30432,Devon Energy Corp,Devon Energy Corporation,,,,,,,,,,,,,,,,
49147,49147,25855,Resolute Forest Products,Resolute Forest Products Inc,,,,,,,,,,,,,,,,
49159,49159,20918,Luzhou Lao Jiao,Luzhou Laojiao,,,,,,,,,,,,,,,,
49161,49161,25141,Country Garden Holdings,Country Garden Holdings Co Ltd,,,,,,,,,,,,,,,,
49162,49162,46912,Cheng Shin Rubber Ind,Cheng Shin Rubber Ind. Co. Ltd,,,,,,,,,,,,,,,,
49170,49170,15363,Rubis,Rubis SCA,,,,,,,,,,,,,,,,
49183,49183,18505,Forward Air Corp,Forward Air Corporation,,,,,,,,,,,,,,,,
49195,49195,35760,trivago,trivago N.V.,,,,,,,,,,,,,,,,
49207,49207,36628,International Consolidated Airlines Group,International Consolidated Airlines Group SA,,,,,,,,,,,,,,,,
49210,49210,13010,Games Workshop Group,Games Workshop Group plc,,,,,,,,,,,,,,,,
49213,49213,13829,Curtiss-Wright Corporation,Curtiss-wright Corporation,,,,,,,,,,,,,,,,
49217,49217,45871,Texas Capital Bancshares,Texas Capital Bancshares Inc,,,,,,,,,,,,,,,,
49218,49218,12008,Clinuvel Pharmaceuticals,Clinuvel Pharmaceuticals Limited,,,,,,,,,,,,,,,,
49235,49235,31979,Jiangsu King's Luck Brewery Joint-Stock Co. Ltd,Jiangsu King's Luck Brewery Joint-stock,,,,,,,,,,,,,,,,
49240,49240,16122,BEAUTY BOOSTERS AESTHETICS LTD,BEAUTY BOOSTERS LTD,,,,,,,,,,,,,,,,
49257,49257,43200,Oaknorth,Oaknorth Bank,,,,,,,,,,,,,,,,
49259,49259,11643,Queclink Wireless Solutions,Quectel Wireless Solutions,,,,,,,,,,,,,,,,
49271,49271,45577,West Fraser Timber Co.,West Fraser Timber Co. Ltd.,,,,,,,,,,,,,,,,
49287,49287,39540,Sinoma International Engineering Co Ltd,Sinoma International Engineering Co.Ltd,,,,,,,,,,,,,,,,
49301,49301,38283,Himax Technologies Inc,"Himax Technologies, Inc.",,,,,,,,,,,,,,,,
49309,49309,9186,Largan Precision,Largan Precision Co Ltd,,,,,,,,,,,,,,,,
49330,49330,27457,Xinjiang Daqo New Energy,"Xinjiang Daqo New Energy Co.,ltd.",,,,,,,,,,,,,,,,
49339,49339,11737,Scandic Hotels,Scandic Hotels Group AB,,,,,,,,,,,,,,,,
49344,49344,13020,Winpak,Winpak Ltd,,,,,,,,,,,,,,,,
49349,49349,18788,North Pacific Bank Ltd,"North Pacific Bank,Ltd.",,,,,,,,,,,,,,,,
49351,49351,17514,Burberry,Burberry Group,,,,,,,,,,,,,,,,
49357,49357,36726,St. Galler Kantonalbank AG,St. Galler Kantonalbank Ag,,,,,,,,,,,,,,,,
49363,49363,13963,Huaibei Mining Holdings,"Huaibei Mining Holdings Co.,Ltd.",,,,,,,,,,,,,,,,
49371,49371,24691,Wacker Neuson,Wacker Neuson SE,,,,,,,,,,,,,,,,
49373,49373,37743,Zignago Vetro,Zignago Vetro S.p.A.,,,,,,,,,,,,,,,,
49374,49374,45816,Hilton Food Group Plc,Hilton Food Group plc,,,,,,,,,,,,,,,,
49375,49375,22296,BOK Financial,BOK Financial Corp,,,,,,,,,,,,,,,,
49391,49391,43847,Barloworld,Barloworld Ld,,,,,,,,,,,,,,,,
49398,49398,20168,Tikkurila,Tikkurila Oyj,,,,,,,,,,,,,,,,
49400,49400,48713,Tekfen Holding AS,Tekfen Holding Anonim Sirketi,,,,,,,,,,,,,,,,
49404,49404,46521,Clinigen Group,Clinigen Group plc,,,,,,,,,,,,,,,,
49415,49415,27274,Esker SA,Esker Sa,,,,,,,,,,,,,,,,
49424,49424,47142,Hyundai Autoever Corp,Hyundai Autoever Corporation,,,,,,,,,,,,,,,,
49435,49435,34324,Jiangsu Hengli Hydraulic,Jiangsu Hengli Hydraulic Co Ltd,,,,,,,,,,,,,,,,
49438,49438,7412,ALL ABOUT PETS LTD,ALL ABOUT PHONES LTD,,,,,,,,,,,,,,,,
49444,49444,30212,U DRIVE PERFORMANCE GROUP LTD,U DRIVE PERFORMANCE LTD,,,,,,,,,,,,,,,,
49453,49453,44055,BEAUTY BEEE LIMITED,BEAUTY BEEHIVE LTD,,,,,,,,,,,,,,,,
49458,49458,38688,General Dynamics,General Dynamics Corp,,,,,,,,,,,,,,,,
49464,49464,18970,Zhongtai Securities Co. Ltd,"Zhongtai Securities Co., Ltd.",,,,,,,,,,,,,,,,
49465,49465,49117,Alrov Properties And Lodgings,Alrov Properties and Lodgings Ltd,,,,,,,,,,,,,,,,
49467,49467,25041,Hashicorp,"Hashicorp, Inc.",,,,,,,,,,,,,,,,
49485,49485,34418,Rite Aid,Rite Aid Corp,,,,,,,,,,,,,,,,
49486,49486,15854,Axalta Coating Systems Ltd,Axalta Coating Systems Ltd.,,,,,,,,,,,,,,,,
49499,49499,32441,Greenlam Industries,Greenlam Industries Ltd,,,,,,,,,,,,,,,,
49511,49511,229,Commerzbank AG,Commerzbank Ag,,,,,,,,,,,,,,,,
49513,49513,27052,Diagnosticos Da America,Diagnosticos da America SA,,,,,,,,,,,,,,,,
49516,49516,36340,PDC Energy Inc,"PDC Energy, Inc.",,,,,,,,,,,,,,,,
49517,49517,42935,Jungheinrich,Jungheinrich AG,,,,,,,,,,,,,,,,
49520,49520,21345,Z A DISTRIBUTION LTD,Z A DISTRIBUTORS LIMITED,,,,,,,,,,,,,,,,
49532,49532,18711,Siemens,Siemens AG,,,,,,,,,,,,,,,,
49563,49563,12351,Chipbond Technology Corp,Chipbond Technology Corporation,,,,,,,,,,,,,,,,
49565,49565,2990,Micron Technology Inc,"Micron Technology, Inc.",,,,,,,,,,,,,,,,
49567,49567,23756,TBS Holdings Inc,"TBS Holdings,Inc.",,,,,,,,,,,,,,,,
49573,49573,17537,Vertu Motors Plc,Vertu Motors plc,,,,,,,,,,,,,,,,
49574,49574,2181,Cairn Energy,Cairn Energy plc,,,,,,,,,,,,,,,,
49577,49577,47002,Emmi AG,Emmi Ag,,,,,,,,,,,,,,,,
49591,49591,33962,ALL ABOUT BLING LTD,ALL ABOUT BOILERS LTD,,,,,,,,,,,,,,,,
49607,49607,14904,Orion Corp,Orion Corp.,,,,,,,,,,,,,,,,
49610,49610,28341,Sanquan Food,Sanquan Food Co Ltd,,,,,,,,,,,,,,,,
49612,49612,14700,Trina Solar Co. Ltd,"Trina Solar Co., Ltd",,,,,,,,,,,,,,,,
49619,49619,22019,Luk Fook Holdings (international),Luk Fook Holdings International Ltd,,,,,,,,,,,,,,,,
49626,49626,818,Diebold Nixdorf,Diebold Nixdorf Careers,,,,,,,,,,,,,,,,
49654,49654,5891,Nippon Gas Co Ltd,Nippon Gas Co. Ltd,,,,,,,,,,,,,,,,
49658,49658,40224,Sigdo Koppers,Sigdo Koppers S.a.,,,,,,,,,,,,,,,,
49668,49668,5292,China Fortune Land Development,China Fortune Land Development Co Ltd,,,,,,,,,,,,,,,,
49674,49674,29718,WSP Global Inc,WSP Global Inc.,,,,,,,,,,,,,,,,
49676,49676,39369,Liberty Holdings,Liberty Holdings Ltd,,,,,,,,,,,,,,,,
49693,49693,663,Transneft,Transneft PJSC,,,,,,,,,,,,,,,,
49707,49707,5584,Honeywell Automation,Honeywell Automation India,,,,,,,,,,,,,,,,
49715,49715,20482,China Resources Beer (Holdings) Company Ltd,China Resources Beer (holdings) Company,,,,,,,,,,,,,,,,
49722,49722,22888,Shanghai Zhonggu Logistics Co. Ltd,"Shanghai Zhonggu Logistics Co., Ltd.",,,,,,,,,,,,,,,,
49723,49723,8401,Kyushu Electric Power,Kyushu Electric Power Co Inc,,,,,,,,,,,,,,,,
49728,49728,12655,King Slide Works,King Slide Works Co. Ltd,,,,,,,,,,,,,,,,
49742,49742,248,Sapporo Holdings,Sapporo Holdings Ltd,,,,,,,,,,,,,,,,
49756,49756,18013,Charter Communications,Charter Communications Inc,,,,,,,,,,,,,,,,
49766,49766,23035,Vivara Participacoes,Vivara Participacoes SA,,,,,,,,,,,,,,,,
49770,49770,3307,Hang Lung Group,Hang Lung Group Ltd,,,,,,,,,,,,,,,,
49795,49795,10991,Phoenix Group Holdings,Phoenix Group Holdings Plc,,,,,,,,,,,,,,,,
49804,49804,44513,Weihai City Commercial Bank,Weihai City Commercial Bank Co. Ltd,,,,,,,,,,,,,,,,
49806,49806,45071,Reckitt Benckiser Group Plc,Reckitt Benckiser Group plc,,,,,,,,,,,,,,,,
49807,49807,24581,Jiangsu Yangnong Chemical,Jiangsu Yangnong Chemical Co. Ltd,,,,,,,,,,,,,,,,
49808,49808,49290,Mianyang Fulin Precision Machining,Mianyang Fulin Precision Machining Co. Ltd,,,,,,,,,,,,,,,,
49819,49819,37913,Hannover Ruck SE,Hannover Ruck Se,,,,,,,,,,,,,,,,
49822,49822,30654,Sumitomo Electric Industries Ltd,"Sumitomo Electric Industries, Ltd.",,,,,,,,,,,,,,,,
49824,49824,24897,CenterPoint Energy Inc,"CenterPoint Energy, Inc.",,,,,,,,,,,,,,,,
49829,49829,40073,China Meheco Group Co Ltd,China Meheco Group Co. Ltd,,,,,,,,,,,,,,,,
49836,49836,24144,Telecom Italia S.p.A.,Telecom Italia Spa,,,,,,,,,,,,,,,,
49847,49847,120,Xinhua Winshare Publishing And Media,Xinhua Winshare Publishing and Media Co Ltd,,,,,,,,,,,,,,,,
49860,49860,11265,Anadolu Efes Biracilik Ve Malt Sanayii Anonim Sirketi,Anadolu Efes Biracilik ve Malt Sanayii Anonim Sirketi,,,,,,,,,,,,,,,,
49870,49870,48619,NADELLA SPA,NADELLA SRL,,,,,,,,,,,,,,,,
49874,49874,42082,CIR S.p.A. Compagnie Industriali Riunite,CIR SpA – Compagnie Industriali Riunite,,,,,,,,,,,,,,,,
49875,49875,47880,Bharat Petroleum Corp Ltd,Bharat Petroleum Corporation,,,,,,,,,,,,,,,,
49877,49877,27868,BEAUTY BLENDS LTD,BEAUTY BLENDS SKIN CARE LTD,,,,,,,,,,,,,,,,
49909,49909,23501,Cadence Design Systems Careers,Cadence Design Systems Inc,,,,,,,,,,,,,,,,
49913,49913,31358,Shanghai Friendess Electronic Technology Corp Ltd,Shanghai Friendess Electronic Technology Corporation,,,,,,,,,,,,,,,,
49930,49930,34168,SOFTWARE ENGINEERING LOGIC LTD,SOFTWARE ENGINEERING SOLUTIONS LTD,,,,,,,,,,,,,,,,
49933,49933,27507,Shanghai Construction,Shanghai Construction Group,,,,,,,,,,,,,,,,
49945,49945,26946,Vodafone Group,Vodafone Group Plc,,,,,,,,,,,,,,,,
49955,49955,10333,Rathbone Brothers,Rathbone Brothers plc,,,,,,,,,,,,,,,,
49972,49972,19685,Inner Mongolia Yitai Coal,Inner Mongolia Yitai Coal Co Ltd,,,,,,,,,,,,,,,,
49974,49974,19620,Seagate Technology Holdings PLC,Seagate Technology plc,,,,,,,,,,,,,,,,
49975,49975,9371,Vodacom Group,Vodacom Group Ltd,,,,,,,,,,,,,,,,
49987,49987,35123,Pioneer Natural Resources,Pioneer Natural Resources Co,,,,,,,,,,,,,,,,
50001,50001,30634,John Wiley & Sons,"John Wiley & Sons, Inc.",,,,,,,,,,,,,,,,
50006,50006,14872,Milk Mantra,Milk Mantra Dairy,,,,,,,,,,,,,,,,
50019,50019,44993,Banco Santander,Banco Santander (Brasil) SA,,,,,,,,,,,,,,,,
50027,50027,26478,FOOD DIRECT LIMITED,FOOD DIRECT YORK LIMITED,,,,,,,,,,,,,,,,
50033,50033,43299,Qisda Corp,Qisda Corporation,,,,,,,,,,,,,,,,
50037,50037,12886,China Northern Rare Earth,China Northern Rare Earth (group) High-tech,,,,,,,,,,,,,,,,
50071,50071,9642,Industrias Bachoco,Industrias Bachoco SAB de CV,,,,,,,,,,,,,,,,
50072,50072,32200,Hyundai Engineering,Hyundai Engineering & Construction,,,,,,,,,,,,,,,,
50088,50088,21936,Leggett & Platt,Leggett & Platt Careers,,,,,,,,,,,,,,,,
50095,50095,6853,Gray Television,Gray Television Inc,,,,,,,,,,,,,,,,
50096,50096,31316,Enel SpA,Enel Spa,,,,,,,,,,,,,,,,
50102,50102,35222,Suzuki Motor Corp,Suzuki Motor Corporation,,,,,,,,,,,,,,,,
50105,50105,20014,China Minsheng Banking,China Minsheng Banking Corp Ltd,,,,,,,,,,,,,,,,
50107,50107,33351,ISA Holdings Ltd,ISDN Holdings Ltd,,,,,,,,,,,,,,,,
50122,50122,29779,Spirit AeroSystems Holdings Inc,"Spirit AeroSystems Holdings, Inc.",,,,,,,,,,,,,,,,
50124,50124,31546,TaiMed Biologics,"TaiMed Biologics, Inc.",,,,,,,,,,,,,,,,
50130,50130,23785,Fundo de Investimento Imobiliario Presidente Vargas,Fundo de Investimento Imobiliario Projeto Agua Branca,,,,,,,,,,,,,,,,
50140,50140,38388,Henan Pinggao Electric Co Ltd,"Henan Pinggao Electric Co.,Ltd.",,,,,,,,,,,,,,,,
50141,50141,17830,Bajaj Auto,Bajaj Auto Ltd,,,,,,,,,,,,,,,,
50154,50154,5867,Asia Cement Corp,Asia Cement Corporation,,,,,,,,,,,,,,,,
50157,50157,49438,ALL ABOUT PET HEALTH LIMITED,ALL ABOUT PETS LTD,,,,,,,,,,,,,,,,
50161,50161,23475,Tyro Payments,Tyro Payments Limited,,,,,,,,,,,,,,,,
50170,50170,21799,RHB Bank,RHB Bank Bhd,,,,,,,,,,,,,,,,
50174,50174,22832,Kemper Corp,Kemper Corporation,,,,,,,,,,,,,,,,
50177,50177,13431,Prysmian SpA,Prysmian Spa,,,,,,,,,,,,,,,,
50181,50181,40075,Voestalpine,Voestalpine AG,,,,,,,,,,,,,,,,
50205,50205,18564,Uniper SE,Uniper Se,,,,,,,,,,,,,,,,
50212,50212,19112,NoBroker,NoBrokerHOOD,,,,,,,,,,,,,,,,
50226,50226,12212,Unitedhealth,Unitedhealth Group,,,,,,,,,,,,,,,,
50243,50243,21950,Occidental Petroleum Corp,Occidental Petroleum Corporation,,,,,,,,,,,,,,,,
50245,50245,45500,FiloBlu,Filoblu,,,,,,,,,,,,,,,,
50260,50260,18663,Hindalco Industries,Hindalco Industries Ltd,,,,,,,,,,,,,,,,
50261,50261,23336,Yanzhou Coal Mining Company,Yanzhou Coal Mining Company Ltd,,,,,,,,,,,,,,,,
50264,50264,33288,Uniphar,Uniphar plc,,,,,,,,,,,,,,,,
50268,50268,5772,Mitsubishi Chemical,Mitsubishi Chemical Group Corp,,,,,,,,,,,,,,,,
50296,50296,45512,ALL ABOUT RESULTS LIMITED,ALL ABOUT RISK LIMITED,,,,,,,,,,,,,,,,
50302,50302,34708,Marathon Oil,Marathon Oil Corp,,,,,,,,,,,,,,,,
50315,50315,14649,Toll Brothers Inc,"Toll Brothers, Inc.",,,,,,,,,,,,,,,,
50330,50330,35483,Emerson Electric Co,Emerson Electric Co.,,,,,,,,,,,,,,,,
50346,50346,30545,Com7 Public Company,Com7 Public Company Ltd,,,,,,,,,,,,,,,,
50347,50347,2645,Servotech Power Systems,Servotech Power Systems Ltd,,,,,,,,,,,,,,,,
50353,50353,11206,New York Community Bancorp,New York Community Bancorp Inc,,,,,,,,,,,,,,,,
50370,50370,16838,FOOD DEVELOPMENT COMPANY LIMITED,FOOD DEVELOPMENT CORPORATION LTD,,,,,,,,,,,,,,,,
50378,50378,34626,T & B BUILDERS (HOLDINGS) LIMITED,T & B BUILDERS LIMITED,,,,,,,,,,,,,,,,
50380,50380,46084,Vector Group,Vector Group Ltd,,,,,,,,,,,,,,,,
50381,50381,3562,Frey SA,Frey Sa,,,,,,,,,,,,,,,,
50386,50386,10057,V A BUILDING LTD,V A BUILDING SERVICES LTD,,,,,,,,,,,,,,,,
50392,50392,6824,Andlauer Healthcare Group,Andlauer Healthcare Group Inc.,,,,,,,,,,,,,,,,
50393,50393,44319,Wheel,Wheels,,,,,,,,,,,,,,,,
50406,50406,41079,Electric Power Development Co Ltd,Electric Power Development Co. Ltd,,,,,,,,,,,,,,,,
50414,50414,5098,Spectris Plc,Spectris plc,,,,,,,,,,,,,,,,
50436,50436,44524,Otis Worldwide,Otis Worldwide Corp,,,,,,,,,,,,,,,,
50455,50455,32528,Lindt & Sprungli,Lindt & Sprungli Spa,,,,,,,,,,,,,,,,
50457,50457,122,Eclat Textile,Eclat Textile Co Ltd,,,,,,,,,,,,,,,,
50463,50463,40030,Guangzhou Rural Commercial Bank Co Ltd,Guangzhou Rural Commercial Bank Co. Ltd,,,,,,,,,,,,,,,,
50465,50465,36185,T & A PROPERTY DEVELOPER LTD,T & A PROPERTY HOLDINGS LTD,,,,,,,,,,,,,,,,
50468,50468,35372,ACI Worldwide,ACI Worldwide Inc,,,,,,,,,,,,,,,,
50470,50470,5993,Intco Medical Technology Co Ltd,Intco Medical Technology Co. Ltd,,,,,,,,,,,,,,,,
50474,50474,45594,ElasticRun,Elastica,,,,,,,,,,,,,,,,
50493,50493,4360,"Guizhou Salvage Pharmaceutical Co.,ltd.","Guizhou Sanli Pharmaceutical Co., Ltd.",,,,,,,,,,,,,,,,
50497,50497,29720,Valor Holdings Co Ltd,Valor Holdings Co. Ltd,,,,,,,,,,,,,,,,
50505,50505,33519,Hysan Development Company,Hysan Development Company Ltd,,,,,,,,,,,,,,,,
50526,50526,30741,NetApp Inc,"NetApp, Inc.",,,,,,,,,,,,,,,,
50530,50530,29277,Shinva Medical Instrument,Shinva Medical Instrument Co Ltd,,,,,,,,,,,,,,,,
50538,50538,35077,ICICI Prudential Life Insurance,ICICI Prudential Life Insurance Co Ltd,,,,,,,,,,,,,,,,
50541,50541,39148,Calvin Klein,Calvin Klein Jeans,,,,,,,,,,,,,,,,
50548,50548,50413,Bristol Myers Squibb,Bristol-Myers Squibb Co,,,,,,,,,,,,,,,,
50562,50562,49263,Allscripts Healthcare Solutions,Allscripts Healthcare Solutions Inc,,,,,,,,,,,,,,,,
50568,50568,31692,Cencosud Shopping,Cencosud Shopping SA,,,,,,,,,,,,,,,,
50602,50602,41802,Trip.com Group Limited,Trip.com Group Ltd,,,,,,,,,,,,,,,,
50604,50604,17961,Descente,Descente Ltd,,,,,,,,,,,,,,,,
50612,50612,3856,Warner Bros. Discovery,Warner Bros. Discovery Inc,,,,,,,,,,,,,,,,
50617,50617,16363,Toyota Kirloskar Auto Parts,Toyota Kirloskar Motor,,,,,,,,,,,,,,,,
50628,50628,2330,National Bank of Greece,National Bank of Greece SA,,,,,,,,,,,,,,,,
50630,50630,7239,Hapvida Participacoes E Investimentos,Hapvida Participacoes e Investimentos SA,,,,,,,,,,,,,,,,
50639,50639,19659,ITALWARE SERVICES SRL,ITALWARE SRL,,,,,,,,,,,,,,,,
50640,50640,41186,Ameren Corp,Ameren Corporation,,,,,,,,,,,,,,,,
50641,50641,36250,Grupo Financiero Inbursa,Grupo Financiero Inbursa SAB de CV,,,,,,,,,,,,,,,,
50646,50646,43894,Ferrovie Dello Stato Italiane Spa,Ferrovie dello Stato Italiane,,,,,,,,,,,,,,,,
50648,50648,9315,Bengo4.com,"Bengo4.com,Inc.",,,,,,,,,,,,,,,,
50661,50661,8787,Storytel,Storytel AB,,,,,,,,,,,,,,,,
50665,50665,5469,Telstra Corporation,Telstra Corporation Limited,,,,,,,,,,,,,,,,
50667,50667,28266,FOOD & WINE CENTRE LTD,FOOD & WINE CHARLTON LTD,,,,,,,,,,,,,,,,
50668,50668,16467,Hapag-Lloyd AG,Hapag-lloyd,,,,,,,,,,,,,,,,
50689,50689,12601,Standard Motor Products,Standard Motor Products Inc,,,,,,,,,,,,,,,,
50690,50690,41146,Cognex Corp,Cognex Corporation,,,,,,,,,,,,,,,,
50698,50698,25658,Enogia,Enogia SAS,,,,,,,,,,,,,,,,
50715,50715,1708,Amkor Technology Inc,"Amkor Technology, Inc.",,,,,,,,,,,,,,,,
50718,50718,50272,Walsin Lihwa Corp,Walsin Lihwa Corporation,,,,,,,,,,,,,,,,
50726,50726,2503,Chinasoft International,Chinasoft International Ltd,,,,,,,,,,,,,,,,
50747,50747,6415,The Scotts Miracle-Gro Co,The Scotts Miracle-Gro Company,,,,,,,,,,,,,,,,
50757,50757,24885,Getlink,Getlink SE,,,,,,,,,,,,,,,,
50759,50759,27101,SK Hynix,SK Hynix Inc,,,,,,,,,,,,,,,,
50763,50763,16776,Inner Mongolia Baotou Steel Union Co. Ltd,"Inner Mongolia Baotou Steel Union Co., Ltd.",,,,,,,,,,,,,,,,
50774,50774,14927,Espressif Systems,Espressif Systems (shanghai),,,,,,,,,,,,,,,,
50790,50790,31293,Aareal Bank AG,Aareal Bank Ag,,,,,,,,,,,,,,,,
50795,50795,22290,American Electric Power Careers,American Electric Power Co Inc,,,,,,,,,,,,,,,,
50801,50801,2063,ALL ABOUT FITNESS LTD,ALL ABOUT FLIGHTS LIMITED,,,,,,,,,,,,,,,,
50819,50819,16825,Chang Hwa Commercial Bank,Chang Hwa Commercial Bank Ltd,,,,,,,,,,,,,,,,
50827,50827,30816,BEAUTY AT HALO LTD,BEAUTY AT HAND LIMITED,,,,,,,,,,,,,,,,
50837,50837,19653,Balfour Beatty,Balfour Beatty Plc,,,,,,,,,,,,,,,,
50847,50847,18057,Sinolink Securities,Sinolink Securities Co Ltd,,,,,,,,,,,,,,,,
50857,50857,33121,The Hartford Financial Services Group Inc,"The Hartford Financial Services Group, Inc.",,,,,,,,,,,,,,,,
50874,50874,37597,Yue Yuen Industrial (Holdings) Ltd,Yue Yuen Industrial (holdings),,,,,,,,,,,,,,,,
50907,50907,18294,"Mattel, Inc.","Matterport, Inc.",,,,,,,,,,,,,,,,
50912,50912,50062,Aksa Enerji Uretim,Aksa Enerji Üretim A.S.,,,,,,,,,,,,,,,,
50917,50917,20393,Zhejiang Hisoar Pharmaceutical,Zhejiang Hisun Pharmaceutical,,,,,,,,,,,,,,,,
50920,50920,13957,Brookfield Renewable Corporation,Brookfield Renewable Partners,,,,,,,,,,,,,,,,
50930,50930,24896,Ceridian HCM Holding Inc.,Ceridian Hcm Holding,,,,,,,,,,,,,,,,
50936,50936,43605,Kirkland Lake Gold,Kirkland Lake Gold Ltd.,,,,,,,,,,,,,,,,
50947,50947,29223,BPER Banca,BPER Banca S.p.A.,,,,,,,,,,,,,,,,
50952,50952,44404,Evolution Mining Limited,Evolution Mining Ltd,,,,,,,,,,,,,,,,
50957,50957,31499,Dustin Group AB,Dustin Group Ab (publ),,,,,,,,,,,,,,,,
50960,50960,29202,Advanced Micro Devices,Advanced Micro Devices (amd),,,,,,,,,,,,,,,,
50966,50966,10968,Helmerich & Payne,Helmerich & Payne Inc,,,,,,,,,,,,,,,,
50972,50972,2980,PT Bank Capital Indonesia Tbk,PT Bank Central Asia Tbk,,,,,,,,,,,,,,,,
50973,50973,40148,Premium Brands Holdings Corp,Premium Brands Holdings Corporation,,,,,,,,,,,,,,,,
50974,50974,41923,Datang International Power Generation Co. Ltd,Datang International Power Generation Company Ld,,,,,,,,,,,,,,,,
51001,51001,8277,Bank of Ningbo,Bank of Ningbo Co Ltd,,,,,,,,,,,,,,,,
51029,51029,46871,H & A SUPPORT LIMITED,H & A SUPPORT SERVICES LTD,,,,,,,,,,,,,,,,
51039,51039,4842,Keysight Technologies Inc,"Keysight Technologies, Inc.",,,,,,,,,,,,,,,,
51046,51046,12355,Hokkaido Electric Power Company,"Hokkaido Electric Power Company, Inc.",,,,,,,,,,,,,,,,
51047,51047,11434,METRO-GOLDWYN-MAYER PICTURES INC.,METRO-GOLDWYN-MAYER STUDIOS INC.,,,,,,,,,,,,,,,,
51054,51054,39029,ALL ABOUT THE FACE LTD,ALL ABOUT THE GIRL LTD,,,,,,,,,,,,,,,,
51055,51055,5726,Fujian Funeng,Fujian Funeng Co Ltd,,,,,,,,,,,,,,,,
51056,51056,32142,Finatis,Finatis SA,,,,,,,,,,,,,,,,
51057,51057,33402,Rakon,Rakon Ltd,,,,,,,,,,,,,,,,
51058,51058,23929,BEAUTY BLUSH BAR LIMITED,BEAUTY BLUSH LIMITED,,,,,,,,,,,,,,,,
51067,51067,23109,FOOD & BEVERAGE ASSOCIATES LTD,FOOD & BEVERAGE CONNECT LTD,,,,,,,,,,,,,,,,
51072,51072,36219,Samsung Fire & Marine,Samsung Fire & Marine Insurance,,,,,,,,,,,,,,,,
51075,51075,1972,Mangalore Refinery And Petrochemicals,Mangalore Refinery and Petrochemicals,,,,,,,,,,,,,,,,
51079,51079,31249,Swire Pacific,Swire Pacific Ltd,,,,,,,,,,,,,,,,
51086,51086,20101,BAD BOUJIEE LTD,BAD BOX LTD,,,,,,,,,,,,,,,,
51089,51089,19637,Raiffeisen Bank International AG,Raiffeisen Bank International Ag,,,,,,,,,,,,,,,,
51095,51095,4720,Flowers Foods,Flowers Foods Inc,,,,,,,,,,,,,,,,
51097,51097,33849,Companhia Paranaense De Energia - Copel,Companhia Paranaense de Energia - COPEL,,,,,,,,,,,,,,,,
51124,51124,27376,Intuitive Surgical,Intuitive Surgical Inc,,,,,,,,,,,,,,,,
51133,51133,22764,Tube Investments Of India,Tube Investments of India,,,,,,,,,,,,,,,,
51139,51139,6495,Cementir Holding,Cementir Holding N.V.,,,,,,,,,,,,,,,,
51150,51150,41952,Bajaj Electricals,Bajaj Electronics,,,,,,,,,,,,,,,,
51173,51173,9141,The Trade Desk,The Trade Desk Inc,,,,,,,,,,,,,,,,
51194,51194,22473,Shin Kong Financial,Shin Kong Financial Holding,,,,,,,,,,,,,,,,
51212,51212,7541,Finning International Inc,Finning International Inc.,,,,,,,,,,,,,,,,
51231,51231,659,United Airlines Holdings Inc,"United Airlines Holdings, Inc.",,,,,,,,,,,,,,,,
51234,51234,3180,Round One Corp,Round One Corporation,,,,,,,,,,,,,,,,
51235,51235,21594,HollyFrontier Corp,HollyFrontier Corporation,,,,,,,,,,,,,,,,
51237,51237,28950,NortonLifeLock Inc.,NortonLifeLock's,,,,,,,,,,,,,,,,
51239,51239,11847,Amasten Fastighets AB,Amasten Fastighets Ab (publ),,,,,,,,,,,,,,,,
51246,51246,40284,House Foods Group,House Foods Group Inc,,,,,,,,,,,,,,,,
51278,51278,45039,Vishay Intertechnology,Vishay Intertechnology Inc,,,,,,,,,,,,,,,,
51279,51279,26338,Fedrigoni,Fedrigoni Spa,,,,,,,,,,,,,,,,
51281,51281,50398,Ionis Pharmaceuticals,"Ionis Pharmaceuticals, Inc.",,,,,,,,,,,,,,,,
51289,51289,35773,Gentherm,Gentherm Inc,,,,,,,,,,,,,,,,
51298,51298,17179,Valero Energy,Valero Energy Corp,,,,,,,,,,,,,,,,
51303,51303,38614,SWISSLOG HEALTHCARE AG,SWISSLOG HEALTHCARE ITALY SRL,,,,,,,,,,,,,,,,
51306,51306,32360,Banco BMG SA,Banco BPM,,,,,,,,,,,,,,,,
51318,51318,26703,Norte Grande,Norte Grande SA,,,,,,,,,,,,,,,,
51325,51325,43826,China Aluminum International Engineering Corp Ltd,China Aluminum International Engineering Corporation,,,,,,,,,,,,,,,,
51326,51326,29332,Public Service Enterprise Group,Public Service Enterprise Group Inc,,,,,,,,,,,,,,,,
51331,51331,10667,Wacoal Holdings,Wacoal Holdings Corp,,,,,,,,,,,,,,,,
51337,51337,7778,Graphic Packaging Holding Co,Graphic Packaging Holding Company,,,,,,,,,,,,,,,,
51338,51338,28041,Siemens Healthineers AG,Siemens Healthineers Ag,,,,,,,,,,,,,,,,
51342,51342,41815,Faurecia S.e,Faurecia SA,,,,,,,,,,,,,,,,
51343,51343,10277,Konfoong Materials International,Konfoong Materials International Co. Ltd,,,,,,,,,,,,,,,,
51369,51369,29020,Toyo Engineeering,Toyo Engineering Corp,,,,,,,,,,,,,,,,
51373,51373,36308,BEAUTY AND THE BLEACH LTD,BEAUTY AND THE BLOG LTD,,,,,,,,,,,,,,,,
51379,51379,40541,BEAUTY AND THE BROWS ESSEX LIMITED,BEAUTY AND THE BRUSH LTD,,,,,,,,,,,,,,,,
51381,51381,595,Klabin,Klabin SA,,,,,,,,,,,,,,,,
51387,51387,38969,Drilling Company Of 1972 A/s,Drilling Company of 1972 A/S,,,,,,,,,,,,,,,,
51400,51400,15255,Wharf Real Estate Investment,Wharf Real Estate Investment Company,,,,,,,,,,,,,,,,
51416,51416,4394,BEAUTY AND THE BEAST LIMITED,BEAUTY AND THE BEAST TATTOO LIMITED,,,,,,,,,,,,,,,,
51428,51428,45627,Secunet Security Networks,Secunet Security Networks AG,,,,,,,,,,,,,,,,
51432,51432,27626,Endo International Plc,Endo International plc,,,,,,,,,,,,,,,,
51433,51433,16402,Arcadis,Arcadis NV,,,,,,,,,,,,,,,,
51435,51435,19677,"Beijing Dahao Technology Corp,Ltd",Beijing Dahao Technologyltd,,,,,,,,,,,,,,,,
51441,51441,14669,Daiichi Sankyo,Daiichi Sankyo Co Ltd,,,,,,,,,,,,,,,,
51444,51444,463,Mitsui & Co.,Mitsui & Co. Ltd,,,,,,,,,,,,,,,,
51445,51445,26461,Andhra Paper,Andhra Paper Ltd,,,,,,,,,,,,,,,,
51453,51453,14104,Nex Point Public Company,Nex Point Public Company Ltd,,,,,,,,,,,,,,,,
51456,51456,36086,Aston Martin Lagonda Global Holdings Plc,Aston Martin Lagonda Global Holdings plc,,,,,,,,,,,,,,,,
51465,51465,29392,China Hongqiao Group,China Hongqiao Group Ltd,,,,,,,,,,,,,,,,
51479,51479,34184,Santander Consumer USA Holdings Inc.,Santander Consumer Usa Holdings,,,,,,,,,,,,,,,,
51508,51508,46699,Beijing Sinnet Technology,Beijing Sinnet Technology Co. Ltd,,,,,,,,,,,,,,,,
51511,51511,5883,Brunswick Corp,Brunswick Corporation,,,,,,,,,,,,,,,,
51514,51514,5311,Nomura Real Estate Holdings,Nomura Real Estate Holdings Inc,,,,,,,,,,,,,,,,
51515,51515,20233,Patra Corporation,Patra Corporation Careers,,,,,,,,,,,,,,,,
51516,51516,46603,Live Nation Entertainment Inc,"Live Nation Entertainment, Inc.",,,,,,,,,,,,,,,,
51524,51524,19549,Supermetrics,Supermetrics Careers,,,,,,,,,,,,,,,,
51529,51529,33386,AngloGold Ashanti Limited,AngloGold Ashanti Ltd,,,,,,,,,,,,,,,,
51542,51542,19284,ALL ABOUT BUILDING HOMES LIMITED,ALL ABOUT BUILDING LTD,,,,,,,,,,,,,,,,
51544,51544,27976,"Wuxi Paike New Materials Technology Co.,Ltd.","Wuxi Paike New Materials Technology Co.,ltd.",,,,,,,,,,,,,,,,
51552,51552,14219,Japan Petroleum Exploration,Japan Petroleum Exploration Co Ltd,,,,,,,,,,,,,,,,
51553,51553,12912,Bank of Chongqing,Bank of Chongqing Co Ltd,,,,,,,,,,,,,,,,
51557,51557,14283,Eternal Materials,Eternal Materials Co Ltd,,,,,,,,,,,,,,,,
51559,51559,24717,Banka BioLoo,Banka BioLoo Ltd,,,,,,,,,,,,,,,,
51573,51573,43998,"TOTAL DEFENSE, INC.","TOTAL DEFENSE, LLC",,,,,,,,,,,,,,,,
51598,51598,32160,China Resources Gas Group Ltd,China Resources Land,,,,,,,,,,,,,,,,
51606,51606,35423,Yum! Brands,"Yum! Brands, Inc.",,,,,,,,,,,,,,,,
51618,51618,20477,Keyence,Keyence Corp,,,,,,,,,,,,,,,,
51623,51623,23439,Hammerson,Hammerson plc,,,,,,,,,,,,,,,,
51634,51634,47241,SIC,SICA,,,,,,,,,,,,,,,,
51642,51642,37717,Uflex,Uflex Ltd,,,,,,,,,,,,,,,,
51645,51645,10794,Sandvik AB,Sandvik Ab,,,,,,,,,,,,,,,,
51661,51661,27345,Shihlin Electric & Engineering Corp,Shihlin Electric & Engineering Corporation,,,,,,,,,,,,,,,,
51674,51674,36867,Befimmo SA,Befimmo Sa,,,,,,,,,,,,,,,,
51688,51688,44305,Al Rajhi Banking & Investment Corp,Al Rajhi Banking And Investment Corporation,,,,,,,,,,,,,,,,
51697,51697,22390,ASPEN INSURANCE UK LIMITED,ASPEN INSURANCE UK SERVICES LIMITED,,,,,,,,,,,,,,,,
51709,51709,35261,Caisse Regionale de Credit Agricole Mutuel Alpes Provence,Caisse Regionale de Credit Agricole Mutuel Brie Picardie,,,,,,,,,,,,,,,,
51716,51716,22953,PT Bank Pembangunan Daerah Jawa Barat dan Banten Tbk,PT Bank Pembangunan Daerah Jawa Timur Tbk,,,,,,,,,,,,,,,,
51719,51719,43607,L&T Technology Services,L&T Technology Services Careers,,,,,,,,,,,,,,,,
51724,51724,2986,Zoomlion Heavy Industry Science and Technology Co Ltd,Zoomlion Heavy Industry Science and Technology Co. Ltd,,,,,,,,,,,,,,,,
51736,51736,23738,Z CONSULTANCY LIMITED,Z CONSULTANTS LIMITED,,,,,,,,,,,,,,,,
51737,51737,3958,ALL ABOUT THE SAAS LTD,ALL ABOUT THE SETTING LTD,,,,,,,,,,,,,,,,
51754,51754,32580,Formosa Petrochemical,Formosa Petrochemical Corp,,,,,,,,,,,,,,,,
51758,51758,38625,Zhejiang Zheneng Electric Power CO Ltd,Zhejiang Zheneng Electric Power Co. Ltd,,,,,,,,,,,,,,,,
51760,51760,31005,Texas Roadhouse,Texas Roadhouse Inc,,,,,,,,,,,,,,,,
51767,51767,34313,Viva Energy Group,Viva Energy Group Limited,,,,,,,,,,,,,,,,
51775,51775,36679,W. P. Carey,W. P. Carey Inc.,,,,,,,,,,,,,,,,
51778,51778,46751,China Railway Group,China Railway Group Ltd,,,,,,,,,,,,,,,,
51785,51785,13743,Nipro Corp,Nipro Corporation,,,,,,,,,,,,,,,,
51790,51790,27968,Nokian Tyres,Nokian Tyres Plc,,,,,,,,,,,,,,,,
51794,51794,25942,Steadfast Group,Steadfast Group Limited,,,,,,,,,,,,,,,,
51799,51799,2944,Novolipetsk Steel,Novolipetsk Steel PJSC,,,,,,,,,,,,,,,,
51805,51805,4213,Zhejiang Orient Financial Holding Group Co Ltd,Zhejiang Orient Financial Holdings Group,,,,,,,,,,,,,,,,
51813,51813,4676,Energizer Holdings,Energizer Holdings Inc,,,,,,,,,,,,,,,,
51824,51824,21226,Neighbourly Pharmacy Inc.,"Neighbourly Pharmacy, Inc.",,,,,,,,,,,,,,,,
51826,51826,6056,H & M Hennes & Mauritz AB,H & M Hennes & Mauritz Ab,,,,,,,,,,,,,,,,
51833,51833,47538,Jinduicheng Molybdenum,Jinduicheng Molybdenum Co Ltd,,,,,,,,,,,,,,,,
51837,51837,16324,Spotify Technology,Spotify Technology SA,,,,,,,,,,,,,,,,
51839,51839,20944,Rockwell Automation Inc,"Rockwell Automation, Inc.",,,,,,,,,,,,,,,,
51848,51848,1566,Kamigumi Co Ltd,Kamigumi Co. Ltd,,,,,,,,,,,,,,,,
51857,51857,34080,Xinhu Zhongbao,"Xinhu Zhongbao Co.,Ltd.",,,,,,,,,,,,,,,,
51859,51859,27730,Babcock International Group,Babcock International Group Plc,,,,,,,,,,,,,,,,
51870,51870,44791,Winbond Electronics Corp,Winbond Electronics Corporation,,,,,,,,,,,,,,,,
51872,51872,44619,BEAUTY AESTHETICS SALON LTD,BEAUTY AESTHETICS TRAINING LIMITED,,,,,,,,,,,,,,,,
51873,51873,11486,First Bancorp,First Bancorp.,,,,,,,,,,,,,,,,
51882,51882,19315,Coterra Energy Inc,Coterra Energy Inc.,,,,,,,,,,,,,,,,
51895,51895,9124,Cathay Pacific Airways,Cathay Pacific Airways Ltd,,,,,,,,,,,,,,,,
51897,51897,45946,Shanghai Aerospace Automobile Electromechanical,Shanghai Aerospace Automobile Electromechanical Co. Ltd,,,,,,,,,,,,,,,,
51899,51899,4683,Nishimatsu Construction Co Ltd,Nishimatsu Construction Co. Ltd,,,,,,,,,,,,,,,,
51912,51912,6563,"Shuangliang Eco-Energy Systems Co.,Ltd",Shuangliang Eco-energy Systems,,,,,,,,,,,,,,,,
51920,51920,50116,GOOD CONNEXION LTD,GOOD CONNEXIONS (SUSSEX) LIMITED,,,,,,,,,,,,,,,,
51922,51922,28626,Bank Of Nanjing,Bank Of Ningbo,,,,,,,,,,,,,,,,
51925,51925,10082,Diageo Plc,Diageo plc,,,,,,,,,,,,,,,,
51940,51940,6741,Budweiser Brewing Company APAC Ltd,Budweiser Brewing Company Apac,,,,,,,,,,,,,,,,
51941,51941,24361,Advanced Medical Solutions Group,Advanced Medical Solutions Group plc,,,,,,,,,,,,,,,,
51950,51950,41965,Grand Ming Group Holdings,Grand Ming Group Holdings Ltd,,,,,,,,,,,,,,,,
51968,51968,43900,Benefit One,"Benefit One, Inc.",,,,,,,,,,,,,,,,
51971,51971,8138,China Medical System Holdings,China Medical System Holdings Ltd,,,,,,,,,,,,,,,,
51980,51980,15475,Sterlite Technologies,Sterlite Technologies Limited,,,,,,,,,,,,,,,,
51986,51986,38511,Tokai Carbon,Tokai Carbon Co Ltd,,,,,,,,,,,,,,,,
51996,51996,9921,SK Innovation,SK Innovation Co Ltd,,,,,,,,,,,,,,,,
52010,52010,6233,Pampa Energia,Pampa Energia SA,,,,,,,,,,,,,,,,
52012,52012,9867,Nanjing Xinjiekou Department Store,Nanjing Xinjiekou Department Store Co. Ltd,,,,,,,,,,,,,,,,
52018,52018,2826,Nippon Paint,Nippon Paint Holdings,,,,,,,,,,,,,,,,
52019,52019,44534,PTT Global Chemical,PTT Global Chemical Public Co Ltd,,,,,,,,,,,,,,,,
52022,52022,424,Mettler-Toledo International,Mettler-Toledo International Inc,,,,,,,,,,,,,,,,
52028,52028,46642,Orpea SA,Orpea Sa,,,,,,,,,,,,,,,,
52031,52031,29663,China Traditional Chinese Medicine Holdings,China Traditional Chinese Medicine Holdings Co Ltd,,,,,,,,,,,,,,,,
52035,52035,51735,Bravura Solutions,Bravura Solutions Limited,,,,,,,,,,,,,,,,
52037,52037,50875,International Flavors & Fragrances Inc,International Flavors & Fragrances Inc.,,,,,,,,,,,,,,,,
52074,52074,40537,Molson Coors Canada,Molson Coors Canada Inc.,,,,,,,,,,,,,,,,
52086,52086,11228,New China Life Insurance,New China Life Insurance Co Ltd,,,,,,,,,,,,,,,,
52089,52089,31728,BioMarin Pharmaceutical Inc,BioMarin Pharmaceutical Inc.,,,,,,,,,,,,,,,,
52097,52097,44933,T. Hasegawa,T. Hasegawa Co. Ltd,,,,,,,,,,,,,,,,
52105,52105,49337,Bank of Guizhou Co. Ltd,Bank of Hangzhou Co. Ltd,,,,,,,,,,,,,,,,
52109,52109,30605,BAIC Motor Corp Ltd,BAIC Motor Corporation Ltd,,,,,,,,,,,,,,,,
52111,52111,14749,Collins Foods,Collins Foods Limited,,,,,,,,,,,,,,,,
52124,52124,10669,Matson Inc,"Matson, Inc.",,,,,,,,,,,,,,,,
52130,52130,12661,Quidel Corp,Quidel Corporation,,,,,,,,,,,,,,,,
52134,52134,34830,OTP Bank,OTP Bank Nyrt,,,,,,,,,,,,,,,,
52139,52139,10204,Sumitomo Mitsui Trust,Sumitomo Mitsui Trust Holdings,,,,,,,,,,,,,,,,
52140,52140,32507,Freedom Holding,"Freedom Holdings, Inc.",,,,,,,,,,,,,,,,
52142,52142,7111,Vermilion Energy Inc,Vermilion Energy Inc.,,,,,,,,,,,,,,,,
52160,52160,33995,Agnico Eagle Mines Limited,Agnico Eagle Mines Ltd,,,,,,,,,,,,,,,,
52161,52161,48913,Sify Technologies,Sify Technologies Limited,,,,,,,,,,,,,,,,
52164,52164,8467,Canadian Solar,Canadian Solar Inc,,,,,,,,,,,,,,,,
52168,52168,23992,ABELLIO EAST ANGLIA LIMITED,ABELLIO EAST MIDLANDS LIMITED,,,,,,,,,,,,,,,,
52175,52175,46005,China Taiping Insurance Holdings Company,China Taiping Insurance Holdings Company Ltd,,,,,,,,,,,,,,,,
52181,52181,10295,Hasbro,Hasbro Inc,,,,,,,,,,,,,,,,
52182,52182,26016,Chipotle Mexican Grill Inc,"Chipotle Mexican Grill, Inc.",,,,,,,,,,,,,,,,
52200,52200,1755,Freehold Royalties,Freehold Royalties Ltd.,,,,,,,,,,,,,,,,
52202,52202,14474,Ørsted,Ørsted A/S,,,,,,,,,,,,,,,,
52203,52203,50732,BRIDGEPOINT ADVISERS GROUP LIMITED,BRIDGEPOINT ADVISERS HOLDINGS,,,,,,,,,,,,,,,,
52211,52211,22101,Nordea Bank,Nordea Bank Abp,,,,,,,,,,,,,,,,
52218,52218,9674,Admiral Group Plc,Admiral Group plc,,,,,,,,,,,,,,,,
52232,52232,41564,Maximus,Maximus Inc,,,,,,,,,,,,,,,,
52251,52251,46564,Grupo Gigante S. A. B. De C. V,Grupo Gigante SAB de CV,,,,,,,,,,,,,,,,
52252,52252,46625,Lagardere SCA,Lagardere Sca,,,,,,,,,,,,,,,,
52283,52283,5887,Sanderson Farms,Sanderson Farms Inc,,,,,,,,,,,,,,,,
52287,52287,36393,Prosegur Cash,"Prosegur Cash, SA",,,,,,,,,,,,,,,,
52289,52289,20199,Sungrow Power Supply,Sungrow Power Supply Co Ltd,,,,,,,,,,,,,,,,
52297,52297,36296,Fidelity National Financial,Fidelity National Financial Careers,,,,,,,,,,,,,,,,
52304,52304,13925,Amazon Web Services,Amazon Web Services Emea Sarl,,,,,,,,,,,,,,,,
52305,52305,1611,Baoji Titanium Industry,Baoji Titanium Industry Co. Ltd,,,,,,,,,,,,,,,,
52308,52308,46142,Administradora de Fondos de Pensiones Cuprum SA,Administradora de Fondos de Pensiones Habitat SA,,,,,,,,,,,,,,,,
52309,52309,50180,Datalogic,Datalogic S.p.A.,,,,,,,,,,,,,,,,
52312,52312,38571,Shanxi Zhendong Pharmaceutical,"Shanxi Zhendong Pharmaceutical Co.,Ltd",,,,,,,,,,,,,,,,
52316,52316,9774,Boustead Singapore,Boustead Singapore Ltd,,,,,,,,,,,,,,,,
52326,52326,39058,Arena Pharmaceuticals,"Arena Pharmaceuticals, Inc.",,,,,,,,,,,,,,,,
52327,52327,41543,Kohnan Shoji,Kohnan Shoji Co Ltd,,,,,,,,,,,,,,,,
52334,52334,14787,Eregli Demir Ve Celik Fabrikalari T.a.s,Eregli Demir ve Celik Fabrikalari TAS,,,,,,,,,,,,,,,,
52342,52342,15703,China Tower Corp.,China Tower Corporation,,,,,,,,,,,,,,,,
52347,52347,48815,Graubundner Kantonalbank,Graubündner Kantonalbank,,,,,,,,,,,,,,,,
52349,52349,22074,Macy's Inc,"Macy's, Inc.",,,,,,,,,,,,,,,,
52353,52353,43152,First American Financial Corp,First American Financial Corporation,,,,,,,,,,,,,,,,
52358,52358,29930,PennyMac Financial Services,PennyMac Financial Services Inc,,,,,,,,,,,,,,,,
52374,52374,8376,P & A PROPERTIES (CAMBRIDGE) LTD,P & A PROPERTIES (MERSEYSIDE) LIMITED,,,,,,,,,,,,,,,,
52378,52378,26414,Cleveland-Cliffs,Cleveland-Cliffs Inc,,,,,,,,,,,,,,,,
52389,52389,35868,Kintetsu World Express,Kintetsu World Express Inc,,,,,,,,,,,,,,,,
52391,52391,13980,France Bieres,France Bières,,,,,,,,,,,,,,,,
52393,52393,10568,Grupo Televisa,Grupo Televisa SAB,,,,,,,,,,,,,,,,
52394,52394,18796,Chubu Electric Power Co Inc,Chubu Electric Power Company,,,,,,,,,,,,,,,,
52411,52411,44694,Otsuka Holding,Otsuka Holdings,,,,,,,,,,,,,,,,
52413,52413,51953,Fujian Aonong Biological Technology Group InCorp Ltd,Fujian Aonong Biological Technology Group Incorporation,,,,,,,,,,,,,,,,
52418,52418,41783,Talktalk Telecom Group,Talktalk Telecom Group Ltd,,,,,,,,,,,,,,,,
52419,52419,35927,Alchip Technologies,Alchip Technologies Ltd,,,,,,,,,,,,,,,,
52427,52427,1796,Credito Emiliano,Credito Emiliano S.p.A.,,,,,,,,,,,,,,,,
52434,52434,35393,Tata Communications,Tata Communications Ltd,,,,,,,,,,,,,,,,
52442,52442,47490,P & A LONDON LIMITED,P & A LOVE LIMITED,,,,,,,,,,,,,,,,
52447,52447,19092,Abrdn,Abrdn Plc,,,,,,,,,,,,,,,,
52449,52449,19028,Darktrace Plc,Darktrace plc,,,,,,,,,,,,,,,,
52462,52462,19638,Wynn Resorts,Wynn Resorts Ltd,,,,,,,,,,,,,,,,
52466,52466,18766,AviChina Industry & Technology Co Ltd,AviChina Industry & Technology Company Ltd.,,,,,,,,,,,,,,,,
52476,52476,39100,Vantage Towers AG,Vantage Towers Ag,,,,,,,,,,,,,,,,
52477,52477,17982,AptarGroup Inc,"AptarGroup, Inc.",,,,,,,,,,,,,,,,
52484,52484,11504,Pandora A/s,Pandora AS,,,,,,,,,,,,,,,,
52496,52496,36267,Ternium Argentina,Ternium Argentina SA,,,,,,,,,,,,,,,,
52503,52503,10524,GOOD CHIPS LTD,GOOD CHOI LIMITED,,,,,,,,,,,,,,,,
52508,52508,17658,NXP Semiconductors N.V.,NXP Semiconductors NV,,,,,,,,,,,,,,,,
52520,52520,45773,China Merchants Energy Shipping,China Merchants Energy Shipping Co. Ltd,,,,,,,,,,,,,,,,
52524,52524,32030,Nippon Steel Trading Corp,Nippon Steel Trading Corporation,,,,,,,,,,,,,,,,
52528,52528,43598,Bandai Namco Holdings,Bandai Namco Holdings Inc,,,,,,,,,,,,,,,,
52543,52543,10303,Anritsu Corp,Anritsu Corporation,,,,,,,,,,,,,,,,
52554,52554,15001,Netcompany Group A-S,Netcompany Group A/s,,,,,,,,,,,,,,,,
52563,52563,11322,Hyundai Department Store,Hyundai Department Store Co Ltd,,,,,,,,,,,,,,,,
52570,52570,15525,Colliers International Group,Colliers International Group Inc,,,,,,,,,,,,,,,,
52581,52581,8770,Eyebright Medical Technology,"Eyebright Medical Technology (beijing) Co., Ltd.",,,,,,,,,,,,,,,,
52584,52584,50023,Nitto Denko,Nitto Denko Corp,,,,,,,,,,,,,,,,
52594,52594,17626,Sherwin-Williams,Sherwin-Williams Co,,,,,,,,,,,,,,,,
52607,52607,12944,Arcandor,Arcandor AG,,,,,,,,,,,,,,,,
52616,52616,22025,T & B CONSULT LTD,T & B CONSULTING LIMITED,,,,,,,,,,,,,,,,
52620,52620,4210,Teradyne Inc,"Teradyne, Inc.",,,,,,,,,,,,,,,,
52621,52621,45449,Interpump Group,Interpump Group S.p.A.,,,,,,,,,,,,,,,,
52629,52629,22531,Experian,Experian PLC,,,,,,,,,,,,,,,,
52649,52649,50418,FOOD BY HARRIET LIMITED,FOOD BY INSECTS LIMITED,,,,,,,,,,,,,,,,
52655,52655,27204,West Pharmaceutical Services Inc,"West Pharmaceutical Services, Inc.",,,,,,,,,,,,,,,,
52672,52672,6185,GOOD BURGER (MAK) LIMITED,GOOD BURGER 1 LTD,,,,,,,,,,,,,,,,
52684,52684,25624,SOFTWARE DEVELOPMENT CONSULTANCY LTD,SOFTWARE DEVELOPMENT CONSULTANTS LTD,,,,,,,,,,,,,,,,
52694,52694,6933,Sunac China Holdings,Sunac China Holdings Ltd,,,,,,,,,,,,,,,,
52699,52699,18404,Glanbia,Glanbia plc,,,,,,,,,,,,,,,,
52718,52718,1925,GOOD BURGER LIMITED,GOOD BURGER LTD,,,,,,,,,,,,,,,,
52727,52727,26404,Cronos Group,Cronos Group Inc.,,,,,,,,,,,,,,,,
52737,52737,33503,Brane Enterprises,Brane Enterprises Careers,,,,,,,,,,,,,,,,
52749,52749,44427,Pro Medicus,Pro Medicus Limited,,,,,,,,,,,,,,,,
52752,52752,1523,Yangzijiang Shipbuilding (Holdings) Ltd,Yangzijiang Shipbuilding (holdings),,,,,,,,,,,,,,,,
52756,52756,27884,Ajinomoto Co Inc,"Ajinomoto Co., Inc.",,,,,,,,,,,,,,,,
52758,52758,23981,Norbord,Norbord Inc,,,,,,,,,,,,,,,,
52762,52762,52542,Global Blue Group Holding AG,Global Blue Group Holding Ag,,,,,,,,,,,,,,,,
52787,52787,359,GD Power Development Co Ltd,"GD Power Development Co.,Ltd",,,,,,,,,,,,,,,,
52791,52791,34183,Lenenergo,Lenenergo PJSC,,,,,,,,,,,,,,,,
52793,52793,14955,Hua Nan Financial,Hua Nan Financial Holdings,,,,,,,,,,,,,,,,
52796,52796,36787,Omega Healthcare Investors Inc,"Omega Healthcare Investors, Inc.",,,,,,,,,,,,,,,,
52798,52798,12542,National Instruments Careers,National Instruments Corp,,,,,,,,,,,,,,,,
52800,52800,20659,Fiskars OYJ Abp,Fiskars Oyj Abp,,,,,,,,,,,,,,,,
52806,52806,31828,Anheuser-Busch InBev SA/NV,Anheuser-busch Inbev,,,,,,,,,,,,,,,,
52812,52812,5587,Silicon Optronics,"Silicon Optronics, Inc.",,,,,,,,,,,,,,,,
52820,52820,41921,African Rainbow Minerals,African Rainbow Minerals Ltd,,,,,,,,,,,,,,,,
52824,52824,5249,Drukarnia piga,Drukarnia piga.pl,,,,,,,,,,,,,,,,
52841,52841,29410,ADTRAN Careers,ADVA Careers,,,,,,,,,,,,,,,,
52852,52852,915,CarrefourSA Carrefour Sabanci Ticaret Merkezi A.S.,CarrefourSA Carrefour Sabanci Ticaret Merkezi AS,,,,,,,,,,,,,,,,
52864,52864,1976,Fidelity China Special Situations,Fidelity China Special Situations plc,,,,,,,,,,,,,,,,
52882,52882,40247,Bharat Forge,Bharat Forge Ltd,,,,,,,,,,,,,,,,
52884,52884,36485,Johnson Matthey Plc,Johnson Matthey plc,,,,,,,,,,,,,,,,
52887,52887,44501,Mapfre SA,"Mapfre, SA",,,,,,,,,,,,,,,,
52894,52894,19478,Credit Bank of Moscow,Credit Bank of Moscow PJSC,,,,,,,,,,,,,,,,
52895,52895,33147,Signature Aviation,Signature Aviation Ltd,,,,,,,,,,,,,,,,
52901,52901,4098,U BEAUTIE LIMITED,U BEAUTY LIMITED,,,,,,,,,,,,,,,,
52905,52905,1467,Tongling Nonferrous Metals Group Co Ltd,"Tongling Nonferrous Metals Group Co.,ltd.",,,,,,,,,,,,,,,,
52906,52906,52006,Nelnet,Nelnet Inc,,,,,,,,,,,,,,,,
52911,52911,1442,Grupo Catalana Occidente SA,"Grupo Catalana Occidente, SA",,,,,,,,,,,,,,,,
52912,52912,40572,Altra Industrial Motion,Altra Industrial Motion Corp,,,,,,,,,,,,,,,,
52930,52930,32935,Broadcom,Broadcom Inc,,,,,,,,,,,,,,,,
52949,52949,762,Telecom Argentina,Telecom Argentina SA,,,,,,,,,,,,,,,,
52957,52957,42863,Mitsubishi Corporation,Mitsubishi Corporation Careers,,,,,,,,,,,,,,,,
52966,52966,26952,Shanghai Electric Group Co Ltd,Shanghai Electric Group Company,,,,,,,,,,,,,,,,
52968,52968,22479,Shop Apotheke Europe,Shop Apotheke Europe N.V.,,,,,,,,,,,,,,,,
52983,52983,37735,Crown Castle International Corp. (REIT),Crown Castle International Corporation,,,,,,,,,,,,,,,,
52996,52996,31088,Japan Aviation Electronics Industry,Japan Aviation Electronics Industry Ltd,,,,,,,,,,,,,,,,
53004,53004,31809,L3Harris Technologies Inc,"L3Harris Technologies, Inc.",,,,,,,,,,,,,,,,
53008,53008,9218,Suzuken Co Ltd,Suzuken Co. Ltd,,,,,,,,,,,,,,,,
53010,53010,40153,PT Asuransi Bina Dana Arta Tbk,PT Asuransi Bintang Tbk,,,,,,,,,,,,,,,,
53035,53035,28666,SKY Perfect JSAT Holdings Inc,"SKY Perfect JSAT Holdings, Inc.",,,,,,,,,,,,,,,,
53036,53036,12017,Jinke Smart Services Group Co. Ltd,"Jinke Smart Services Group Co., Ltd.",,,,,,,,,,,,,,,,
53051,53051,7783,Ambuja Cements,Ambuja Cements Ltd,,,,,,,,,,,,,,,,
53054,53054,51736,Z CONSULT LIMITED,Z CONSULTANCY LIMITED,,,,,,,,,,,,,,,,
53055,53055,52896,Shanghai Aiko Solar Energy,Shanghai Aiko Solar Energy Co. Ltd,,,,,,,,,,,,,,,,
53056,53056,16875,SBM Offshore N.V.,SBM Offshore NV,,,,,,,,,,,,,,,,
53057,53057,29664,Red Star Macalline Group Corp Ltd,Red Star Macalline Group Corporation,,,,,,,,,,,,,,,,
53079,53079,44547,Toda Corp,Toda Corporation,,,,,,,,,,,,,,,,
53098,53098,50051,Heiwa Real Estate,Heiwa Real Estate Co. Ltd,,,,,,,,,,,,,,,,
53105,53105,10264,Cochlear Limited,Cochlear Ltd,,,,,,,,,,,,,,,,
53114,53114,32397,Kumagai Gumi Co Ltd,"Kumagai Gumi Co.,Ltd.",,,,,,,,,,,,,,,,
53116,53116,22268,Nanofilm Technologies International Limited,Nanofilm Technologies International Ltd,,,,,,,,,,,,,,,,
53121,53121,47208,Luoyang Xinqianglian Slewing Bearing Co. Ltd,"Luoyang Xinqianglian Slewing Bearing Co., Ltd.",,,,,,,,,,,,,,,,
53129,53129,4927,Opple Lighting,"Opple Lighting Co.,LTD.",,,,,,,,,,,,,,,,
53132,53132,43704,Brown-Forman Corporation,Brown-forman Corporation,,,,,,,,,,,,,,,,
53134,53134,8360,Ingram Micro,Ingram Micro Inc,,,,,,,,,,,,,,,,
53138,53138,19114,Shanghai Fosun Pharmaceutical (Group) Co Ltd,Shanghai Fosun Pharmaceutical (group),,,,,,,,,,,,,,,,
53139,53139,6131,Toronto Dominion Bank,Toronto-dominion Bank,,,,,,,,,,,,,,,,
53143,53143,40,Aberdeen New Dawn Investment Trust plc,Aberdeen New India Investment Trust plc,,,,,,,,,,,,,,,,
53146,53146,16763,Italian-Thai Development PCL,Italian-Thai Development Public Company Ltd,,,,,,,,,,,,,,,,
53148,53148,4068,Allcargo Logistics,Allcargo Logistics Limited,,,,,,,,,,,,,,,,
53149,53149,37961,Matsumotokiyoshi Holdings,Matsumotokiyoshi Holdings Co Ltd,,,,,,,,,,,,,,,,
53153,53153,6439,Shanghai Fullhan Microelectronics,Shanghai Fullhan Microelectronics Co. Ltd,,,,,,,,,,,,,,,,
53156,53156,41022,Parkland Corp,Parkland Corporation,,,,,,,,,,,,,,,,
53171,53171,48484,Banca Farmafactoring,Banca Farmafactoring S.p.A.,,,,,,,,,,,,,,,,
53185,53185,4635,Elis SA,Elis Sa,,,,,,,,,,,,,,,,
53193,53193,43369,SOFTWARE SURF LTD,SOFTWARE SURGERY LIMITED,,,,,,,,,,,,,,,,
53198,53198,40818,SOFTWARE EFFICIENCY LTD,SOFTWARE ENGINE LTD,,,,,,,,,,,,,,,,
53204,53204,46962,Aditya Birla Fashion And Retail,Aditya Birla Fashion and Retail,,,,,,,,,,,,,,,,
53217,53217,21476,Fubon Financial,Fubon Financial Holding,,,,,,,,,,,,,,,,
53222,53222,29253,Joincare Pharmaceutical Group Industry Co Ltd,"Joincare Pharmaceutical Group Industry Co.,Ltd.",,,,,,,,,,,,,,,,
53224,53224,38495,Ascendis Pharma A/S,Ascendis Pharma A/s,,,,,,,,,,,,,,,,
53226,53226,26549,Enterprise Products Partners L.P.,Enterprise Products Partners LP,,,,,,,,,,,,,,,,
53227,53227,8604,Credit Saison,Credit Saison Co Ltd,,,,,,,,,,,,,,,,
53230,53230,48406,Jeronimo Martins SGPS SA,Jeronimo Martins Sgps,,,,,,,,,,,,,,,,
53247,53247,16690,Taylor Wimpey Plc,Taylor Wimpey plc,,,,,,,,,,,,,,,,
53252,53252,51576,Tofas Turk Otomobil Fabrikasi AS,Tofas Türk Otomobil Fabrikasi A.S.,,,,,,,,,,,,,,,,
53256,53256,47134,National Vision Holdings,National Vision Holdings Inc,,,,,,,,,,,,,,,,
53258,53258,45032,Darling Ingredients Inc,Darling Ingredients Inc.,,,,,,,,,,,,,,,,
53259,53259,41239,Sumitomo Osaka Cement,Sumitomo Osaka Cement Co Ltd,,,,,,,,,,,,,,,,
53262,53262,14981,Samsung SDI,Samsung SDI Co Ltd,,,,,,,,,,,,,,,,
53268,53268,39080,Macquarie Telecom Group,Macquarie Telecom Group Limited,,,,,,,,,,,,,,,,
53271,53271,756,Siemens Gamesa Renewable Energy,Siemens Gamesa Renewable Energy SA,,,,,,,,,,,,,,,,
53280,53280,12462,Travel Food Services,Travel Service,,,,,,,,,,,,,,,,
53294,53294,32637,GOOD COMMERCE LTD,GOOD COMMERCE MEDIA LTD,,,,,,,,,,,,,,,,
53323,53323,9353,Unicaja Banco SA,"Unicaja Banco, SA",,,,,,,,,,,,,,,,
53324,53324,32218,Fincantieri,Fincantieri S.p.A.,,,,,,,,,,,,,,,,
53330,53330,14920,Cholamandalam Investment & Finance,Cholamandalam Investment And Finance Company,,,,,,,,,,,,,,,,
53332,53332,5768,Aquis Exchange,Aquis Exchange plc,,,,,,,,,,,,,,,,
53334,53334,40318,Ingredion Inc,Ingredion Incorporated,,,,,,,,,,,,,,,,
53338,53338,30082,Fleury Michon SA,Fleury SA,,,,,,,,,,,,,,,,
53352,53352,49429,Snowflake Inc,Snowflake Inc.,,,,,,,,,,,,,,,,
53355,53355,15006,Telecom Plus,Telecom Plus plc,,,,,,,,,,,,,,,,
53366,53366,4605,ON Semiconductor Corp,ON Semiconductor Corp.,,,,,,,,,,,,,,,,
53377,53377,37572,Partner Communications Company,Partner Communications Company Ltd.,,,,,,,,,,,,,,,,
53390,53390,52606,GeneReach Biotechnology,GeneReach Biotechnology Corp,,,,,,,,,,,,,,,,
53392,53392,26295,China Telecom Corp Ltd,China Telecom Corporation,,,,,,,,,,,,,,,,
53398,53398,50330,Emerson Electric,Emerson Electric Co,,,,,,,,,,,,,,,,
53415,53415,7016,Hornbach Holding AG & Co KGaA,Hornbach Holding Ag & Co. Kgaa,,,,,,,,,,,,,,,,
53446,53446,13989,SOFTWARE DESIGN SMART LTD,SOFTWARE DESIGN SYSTEMS LTD,,,,,,,,,,,,,,,,
53452,53452,13801,General Logistics Systems Enterprise Srl,General Logistics Systems Italy Spa,,,,,,,,,,,,,,,,
53456,53456,39430,NEW AGE LAUNDRY LTD,NEW AGE LEADERS LTD,,,,,,,,,,,,,,,,
53461,53461,43601,Linamar Corp,Linamar Corporation,,,,,,,,,,,,,,,,
53467,53467,33717,BAD APPLE HAIR STAFFORD LIMITED,BAD APPLE HAIR STRATFORD LIMITED,,,,,,,,,,,,,,,,
53487,53487,29334,Zurich Insurance Group Ag,Zurich Insurance Group Ltd,,,,,,,,,,,,,,,,
53489,53489,25704,Homepal,Homeplus,,,,,,,,,,,,,,,,
53492,53492,52806,Anheuser-Busch InBev NV/SA,Anheuser-Busch InBev SA/NV,,,,,,,,,,,,,,,,
53494,53494,12345,Schaeffler AG,Schaeffler Ag,,,,,,,,,,,,,,,,
53506,53506,12381,Leonardo SpA,Leonardo Spa,,,,,,,,,,,,,,,,
53520,53520,5153,Brookfield Infrastructure Corporation,Brookfield Infrastructure Partners,,,,,,,,,,,,,,,,
53533,53533,6182,Poste Italiane,Poste Italiane SpA,,,,,,,,,,,,,,,,
53546,53546,7669,Biotage AB,Biotage Ab,,,,,,,,,,,,,,,,
53551,53551,18156,Element Solutions,Element Solutions Inc,,,,,,,,,,,,,,,,
53559,53559,22798,S&P Global Inc,S&P Global Inc.,,,,,,,,,,,,,,,,
53562,53562,27211,President Bakery Public Company,President Bakery Public Company Ltd,,,,,,,,,,,,,,,,
53563,53563,20261,Winnebago Industries,Winnebago Industries Inc,,,,,,,,,,,,,,,,
53566,53566,13857,Bank of Nanjing Co Ltd,Bank of Nanjing Co. Ltd,,,,,,,,,,,,,,,,
53571,53571,5471,Greif,Greif Inc,,,,,,,,,,,,,,,,
53573,53573,48718,McDermott International,McDermott International Inc,,,,,,,,,,,,,,,,
53580,53580,4770,IFS Capital,IFS Capital Ltd,,,,,,,,,,,,,,,,
53588,53588,15197,Paramount Resources,Paramount Resources Ltd.,,,,,,,,,,,,,,,,
53603,53603,27212,Isuzu Motors,Isuzu Motors Ltd,,,,,,,,,,,,,,,,
53611,53611,697,ALL ABOUT THE LOVE BRIDAL LTD,ALL ABOUT THE LOVE LTD,,,,,,,,,,,,,,,,
53614,53614,12975,BEAUTY BOX BW LTD,BEAUTY BOX LIMITED,,,,,,,,,,,,,,,,
53616,53616,41508,Ero Copper,Ero Copper Corp.,,,,,,,,,,,,,,,,
53622,53622,27949,Q. D. P. SERVICES LIMITED,Q. D. SERVICES LIMITED,,,,,,,,,,,,,,,,
53623,53623,9922,Ryerson Holding Corp,Ryerson Holding Corporation,,,,,,,,,,,,,,,,
53624,53624,3242,Alleghany Corp,Alleghany Corporation,,,,,,,,,,,,,,,,
53629,53629,35566,Bridgestone,Bridgestone Corp,,,,,,,,,,,,,,,,
53632,53632,16622,Gecina,Gecina SA,,,,,,,,,,,,,,,,
53634,53634,27743,Grupo Cementos De Chihuahua,"Grupo Cementos de Chihuahua, S.A.B. de C.V.",,,,,,,,,,,,,,,,
53635,53635,43674,H & A VENETIAN LTD,H & A VENTURES LTD,,,,,,,,,,,,,,,,
53638,53638,35175,Worley Limited,Worley Ltd,,,,,,,,,,,,,,,,
53646,53646,51147,Beijing Originwater Technology Co Ltd,Beijing Originwater Technology Co. Ltd,,,,,,,,,,,,,,,,
53654,53654,27388,Absolut,AbsolutData,,,,,,,,,,,,,,,,
53669,53669,17223,Tenaris,Tenaris SA,,,,,,,,,,,,,,,,
53670,53670,47779,Keihan Holdings,Keihan Holdings Co Ltd,,,,,,,,,,,,,,,,
53675,53675,40070,DFDS LOGISTICS CONTRACTS LIMITED,DFDS LOGISTICS LIMITED,,,,,,,,,,,,,,,,
53680,53680,32493,UNIVERSITA' DEGLI STUDI DI PARMA,UNIVERSITA' DEGLI STUDI DI ROMA LA SAPIENZA,,,,,,,,,,,,,,,,
53688,53688,44980,Worldwide Healthcare,Worldwide Healthcare Trust,,,,,,,,,,,,,,,,
53696,53696,37492,ACCENTURE PLC,ACCENTURE SPA,,,,,,,,,,,,,,,,
53719,53719,36909,Mega Financial Holding Co Ltd,Mega Financial Holding Co. Ltd,,,,,,,,,,,,,,,,
53721,53721,23332,First National Of Nebraska,First National of Nebraska Inc,,,,,,,,,,,,,,,,
53725,53725,18269,Toppan Printing,Toppan Printing Co. Ltd,,,,,,,,,,,,,,,,
53730,53730,1573,Steris,Steris Plc,,,,,,,,,,,,,,,,
53758,53758,48429,Hormel Foods,Hormel Foods Corp,,,,,,,,,,,,,,,,
53762,53762,7014,Dongfeng Motor Group,Dongfeng Motor Group Co Ltd,,,,,,,,,,,,,,,,
53765,53765,32941,National Health Investors,National Health Mission,,,,,,,,,,,,,,,,
53773,53773,5927,Genesis Energy Lp,Genesis Energy Ltd,,,,,,,,,,,,,,,,
53775,53775,6252,China Aerospace Times Electronics,China Aerospace Times Electronics CO. Ltd,,,,,,,,,,,,,,,,
53776,53776,21730,Bure Equity,Bure Equity AB,,,,,,,,,,,,,,,,
53796,53796,40994,Credit Suisse Group,Credit Suisse Group AG,,,,,,,,,,,,,,,,
53798,53798,3247,Black Peony,Black Peony (group),,,,,,,,,,,,,,,,
53805,53805,7045,PhysicsWallah,Physicswallah,,,,,,,,,,,,,,,,
53811,53811,44385,Maanshan Iron & Steel Company Limited,Maanshan Iron & Steel Company Ltd,,,,,,,,,,,,,,,,
53814,53814,41722,"IPSOS-ASI, LLC","IPSOS-INSIGHT, LLC",,,,,,,,,,,,,,,,
53818,53818,43985,TransDigm Group,TransDigm Group Inc,,,,,,,,,,,,,,,,
53830,53830,46381,Cloudflare,"Cloudflare, Inc.",,,,,,,,,,,,,,,,
53835,53835,9376,FOOD DELIVERY SERVICES LTD,FOOD DELIVERY SHROPSHIRE LTD,,,,,,,,,,,,,,,,
53842,53842,16440,Kinnevik AB,Kinnevik Ab,,,,,,,,,,,,,,,,
53849,53849,15382,1-800-Flowers.com Inc,1-800-flowers.com,,,,,,,,,,,,,,,,
53856,53856,9472,Advantest Corp,Advantest Corporation,,,,,,,,,,,,,,,,
53873,53873,11130,FOOD BAZAAR LTD,FOOD BAZAR (LDN) LTD,,,,,,,,,,,,,,,,
53878,53878,31103,Nedbank Group,Nedbank Group Ltd,,,,,,,,,,,,,,,,
53889,53889,15801,SOFTWARE SYSTEMS EUROPE LIMITED,SOFTWARE SYSTEMS LIMITED,,,,,,,,,,,,,,,,
53915,53915,26319,Yokogawa Electric Corp,Yokogawa Electric Corporation,,,,,,,,,,,,,,,,
53916,53916,48863,ResMed Inc,ResMed Inc.,,,,,,,,,,,,,,,,
53919,53919,44315,Korea Shipbuilding & Offshore Engineering,Korea Shipbuilding & Offshore Engineering Co Ltd,,,,,,,,,,,,,,,,
53922,53922,6669,Japan Post Insurance,Japan Post Insurance Co Ltd,,,,,,,,,,,,,,,,
53926,53926,33842,Vale,Vale SA,,,,,,,,,,,,,,,,
53938,53938,45668,Diverse Lynx,Diversey,,,,,,,,,,,,,,,,
53939,53939,40748,Origin Energy Limited,Origin Energy Ltd,,,,,,,,,,,,,,,,
53946,53946,12128,Inaba Denki Sangyo,Inaba Denki Sangyo Co Ltd,,,,,,,,,,,,,,,,
53954,53954,15541,Like More Italia,Likemore Italia,,,,,,,,,,,,,,,,
53962,53962,27994,Nihon Kohden Corp,Nihon Kohden Corporation,,,,,,,,,,,,,,,,
53966,53966,22853,ALL ABOUT GIRLS LTD,ALL ABOUT GLASS LTD,,,,,,,,,,,,,,,,
53968,53968,29573,National Aluminium Co Ltd,National Aluminium Company,,,,,,,,,,,,,,,,
53985,53985,25211,Stericycle,"Stericycle, Inc.",,,,,,,,,,,,,,,,
53992,53992,53049,Age Of Learning,Age of Learning,,,,,,,,,,,,,,,,
54006,54006,1888,China Yangtze Power Co Ltd,China Yangtze Power Co. Ltd,,,,,,,,,,,,,,,,
54012,54012,46246,Wuliangye,Wuliangye Yibin,,,,,,,,,,,,,,,,
54022,54022,8005,Gerresheimer,Gerresheimer AG,,,,,,,,,,,,,,,,
54024,54024,5118,Schouw & Co A-S,Schouw & Co AS,,,,,,,,,,,,,,,,
54032,54032,33613,Euronext N.V.,Euronext NV,,,,,,,,,,,,,,,,
54046,54046,47188,"Marsh & McLennan Companies, Inc.",Marsh & Mclennan Companies,,,,,,,,,,,,,,,,
54050,54050,50042,JSW Steel,JSW Steel Ltd,,,,,,,,,,,,,,,,
54054,54054,11848,Daily Mail & General Trust plc,Daily Mail and General Trust plc,,,,,,,,,,,,,,,,
54057,54057,53595,Brambles Limited,Brambles Ltd,,,,,,,,,,,,,,,,
54065,54065,46781,Atrium European Real Estate,Atrium European Real Estate Ltd,,,,,,,,,,,,,,,,
54076,54076,18196,Sumitomo Chemical Company Ltd,Sumitomo Chemical India Limited,,,,,,,,,,,,,,,,
54079,54079,19789,Pan Pacific International Holdings,Pan Pacific International Holdings Corp,,,,,,,,,,,,,,,,
54082,54082,36790,RealPage,"RealPage, Inc.",,,,,,,,,,,,,,,,
54083,54083,13870,Tyman,Tyman plc,,,,,,,,,,,,,,,,
54100,54100,28586,Snam S.p.A.,Snam SpA,,,,,,,,,,,,,,,,
54102,54102,25478,COLT TECHNOLOGY SERVICES,COLT TECHNOLOGY SERVICES EUROPE LIMITED,,,,,,,,,,,,,,,,
54105,54105,11231,Atmos Energy,Atmos Energy Corp,,,,,,,,,,,,,,,,
54107,54107,10507,Hengyi Petrochemical,Hengyi Petrochemical Co Ltd,,,,,,,,,,,,,,,,
54109,54109,5634,H & A PALLETS LTD,H & A PARTNERS LTD,,,,,,,,,,,,,,,,
54120,54120,27681,Ellaktor,Ellaktor SA,,,,,,,,,,,,,,,,
54121,54121,28075,Ringkjobing Landbobank A/s,Ringkjoebing Landbobank A-S,,,,,,,,,,,,,,,,
54123,54123,2928,Foshan Haitian Flavouring And Food Company,Foshan Haitian Flavouring and Food,,,,,,,,,,,,,,,,
54125,54125,28548,Descartes Systems Group,Descartes Systems Group Inc.,,,,,,,,,,,,,,,,
54141,54141,6184,Investor AB,Investor Ab,,,,,,,,,,,,,,,,
54157,54157,10810,Lookers Plc,Lookers plc,,,,,,,,,,,,,,,,
54170,54170,38875,Becton Dickinson And Company,Becton Dickinson and Co,,,,,,,,,,,,,,,,
54171,54171,32644,Carl Zeiss,Carl Zeiss AG,,,,,,,,,,,,,,,,
54174,54174,24771,AEON Financial Service Co Ltd,AEON Financial Service Co. Ltd,,,,,,,,,,,,,,,,
54188,54188,47546,China Wafer Level CSP Co. Ltd,China Wafer Level Csp,,,,,,,,,,,,,,,,
54191,54191,17520,Epaper,Epaper*,,,,,,,,,,,,,,,,
54200,54200,45595,Surgutneftegas,Surgutneftegas PJSC,,,,,,,,,,,,,,,,
54208,54208,39144,Transportadora de Gas del Norte SA,Transportadora de Gas del Sur SA,,,,,,,,,,,,,,,,
54226,54226,10562,Performance Food Group Co,Performance Food Group Company,,,,,,,,,,,,,,,,
54235,54235,32015,Takara Standard,Takara Standard Co Ltd,,,,,,,,,,,,,,,,
54238,54238,14527,ALL ABOUT SKIN STUDIO LTD,ALL ABOUT SKIPS LTD,,,,,,,,,,,,,,,,
54241,54241,41440,April Sa,Aprilia,,,,,,,,,,,,,,,,
54265,54265,13687,Fastned B.V.,Fastned B.v,,,,,,,,,,,,,,,,
54267,54267,287,Black Hills Corp,Black Hills Corporation,,,,,,,,,,,,,,,,
54270,54270,47215,Yakult Honsha Co Ltd,"Yakult Honsha Co.,Ltd.",,,,,,,,,,,,,,,,
54272,54272,5755,First International Bank Of Israel Ltd,First International Bank of Israel Ltd,,,,,,,,,,,,,,,,
54274,54274,35605,Hisamitsu Pharmaceutical,Hisamitsu Pharmaceutical Co Inc,,,,,,,,,,,,,,,,
54275,54275,32668,Anji Microelectronics Technology,Anji Microelectronics Technology (shanghai),,,,,,,,,,,,,,,,
54276,54276,17136,Amica,Amica SA,,,,,,,,,,,,,,,,
54278,54278,26109,GoDaddy Inc,GoDaddy Inc.,,,,,,,,,,,,,,,,
54283,54283,33534,Huaan Securities,Huaan Securities Co. Ltd,,,,,,,,,,,,,,,,
54288,54288,33248,Fiserv Inc,"Fiserv, Inc.",,,,,,,,,,,,,,,,
54289,54289,27134,Singapore Telecommunications (singtel),Singapore Telecommunications Ltd,,,,,,,,,,,,,,,,
54305,54305,20599,Hokuriku Electric Power Co,Hokuriku Electric Power Company,,,,,,,,,,,,,,,,
54308,54308,19203,Teck Resources,Teck Resources Limited,,,,,,,,,,,,,,,,
54310,54310,32525,FOOD ALLERGY FIT LTD,FOOD ALLERGY FRIENDS LIMITED,,,,,,,,,,,,,,,,
54314,54314,5646,Wistron Corp,Wistron Corporation,,,,,,,,,,,,,,,,
54316,54316,38305,AbbVie,AbbVie Inc,,,,,,,,,,,,,,,,
54319,54319,24095,Mitani Corp,Mitani Corporation,,,,,,,,,,,,,,,,
54354,54354,18623,Target Corp,Target Corporation,,,,,,,,,,,,,,,,
54355,54355,35859,Kerry Properties,Kerry Properties Ltd,,,,,,,,,,,,,,,,
54358,54358,42246,Asian Paints,Asian Paints Ltd,,,,,,,,,,,,,,,,
54361,54361,23926,Pets at Home Group Plc,Pets at Home Group plc,,,,,,,,,,,,,,,,
54366,54366,21572,Tryg A-S,Tryg A/S,,,,,,,,,,,,,,,,
54400,54400,10183,Coronation Fund Managers,Coronation Fund Managers Ltd,,,,,,,,,,,,,,,,
54420,54420,14467,Zealand Pharma A/S,Zealand Pharma A/s,,,,,,,,,,,,,,,,
54421,54421,13263,Everflow,Everflow Group,,,,,,,,,,,,,,,,
54436,54436,52037,International Flavors & Fragrances,International Flavors & Fragrances Inc,,,,,,,,,,,,,,,,
54439,54439,43744,Franklin Resources Inc,"Franklin Resources, Inc.",,,,,,,,,,,,,,,,
54441,54441,50906,MorphoSys AG,Morphosys Ag,,,,,,,,,,,,,,,,
54446,54446,46298,Nisshinbo Holdings Inc,"Nisshinbo Holdings, Inc.",,,,,,,,,,,,,,,,
54452,54452,38535,Isrotel,Isrotel Ltd,,,,,,,,,,,,,,,,
54455,54455,4108,Leyard Optoelectronic,Leyard Optoelectronic Co. Ltd,,,,,,,,,,,,,,,,
54460,54460,36017,S4 Capital,S4 Capital plc,,,,,,,,,,,,,,,,
54467,54467,39450,Sundrug Co Ltd,"Sundrug Co.,Ltd.",,,,,,,,,,,,,,,,
54476,54476,9878,EDP Renovaveis SA,"EDP Renováveis, SA",,,,,,,,,,,,,,,,
54483,54483,31518,Multix Solutions,Multix solutions,,,,,,,,,,,,,,,,
54484,54484,53819,Sekisui Chemical Co Ltd,Sekisui Chemical Co. Ltd,,,,,,,,,,,,,,,,
54497,54497,358,Flowserve Corp,Flowserve Corporation,,,,,,,,,,,,,,,,
54503,54503,40727,Caltagirone SpA,Caltagirone Spa,,,,,,,,,,,,,,,,
54524,54524,46553,Taiwan Cooperative Financial,Taiwan Cooperative Financial Holding,,,,,,,,,,,,,,,,
54526,54526,44645,Zhuzhou CRRC Times Electric Co Ltd,Zhuzhou CRRC Times Electric Co. Ltd,,,,,,,,,,,,,,,,
54528,54528,32427,BAD MOON LTD,BAD MOON MEDIA LTD,,,,,,,,,,,,,,,,
54531,54531,607,Kanematsu Electronics,Kanematsu Electronics Ltd,,,,,,,,,,,,,,,,
54547,54547,17084,Oppein Home Group,"Oppein Home Group, Inc.",,,,,,,,,,,,,,,,
54549,54549,16810,"Episil-Precision, Inc.",Episil-precision,,,,,,,,,,,,,,,,
54553,54553,52707,Siam Makro Public Company,Siam Makro Public Company Ltd,,,,,,,,,,,,,,,,
54562,54562,53476,Saipem SpA,Saipem Spa,,,,,,,,,,,,,,,,
54565,54565,4457,CloudWalk,CloudWave,,,,,,,,,,,,,,,,
54578,54578,7419,Temple Bar Investment Trust,Temple Bar Investment Trust plc,,,,,,,,,,,,,,,,
54585,54585,27008,Orange S.A.,Orange S.a,,,,,,,,,,,,,,,,
54587,54587,23139,Formosa Plastics Corp,Formosa Plastics Corporation,,,,,,,,,,,,,,,,
54590,54590,15608,ALL ABOUT SPORTS EVENTS LTD,ALL ABOUT STEM EVENTS LIMITED,,,,,,,,,,,,,,,,
54592,54592,9545,Jefferies Financial,Jefferies Financial Group,,,,,,,,,,,,,,,,
54593,54593,52907,American Eagle Outfitters,American Eagle Outfitters Inc,,,,,,,,,,,,,,,,
54596,54596,20798,Mallinckrodt Plc,Mallinckrodt plc,,,,,,,,,,,,,,,,
54598,54598,15794,First Horizon Corp,First Horizon Corporation,,,,,,,,,,,,,,,,
54614,54614,28584,Calliditas Therapeutics AB,Calliditas Therapeutics AB (publ),,,,,,,,,,,,,,,,
54617,54617,43835,Adevinta ASA,Adevinta Asa,,,,,,,,,,,,,,,,
54618,54618,33954,Alexion Pharmaceuticals,Alexion Pharmaceuticals Inc,,,,,,,,,,,,,,,,
54634,54634,19403,Shanghai Putailai New Energy Technology,Shanghai Putailai New Energy Technology Co. Ltd,,,,,,,,,,,,,,,,
54641,54641,2740,Standal,Standard,,,,,,,,,,,,,,,,
54644,54644,53310,Metrovacesa,Metrovacesa SA,,,,,,,,,,,,,,,,
54647,54647,51817,Mapei,Mapei Spa,,,,,,,,,,,,,,,,
54651,54651,5137,E-L Financial Corp Ltd,E-L Financial Corporation Limited,,,,,,,,,,,,,,,,
54652,54652,37037,Constellation Brands Inc,"Constellation Brands, Inc.",,,,,,,,,,,,,,,,
54653,54653,48633,Universal Scientific Industrial (shanghai),Universal Scientific Industrial Shanghai Co Ltd,,,,,,,,,,,,,,,,
54659,54659,53452,General Logistics Systems,General Logistics Systems Enterprise Srl,,,,,,,,,,,,,,,,
54665,54665,32084,Bangchak Corporation PCL,Bangchak Corporation Public Company,,,,,,,,,,,,,,,,
54670,54670,51899,Nishimatsu Construction,Nishimatsu Construction Co Ltd,,,,,,,,,,,,,,,,
54674,54674,50039,Azrieli Group,Azrieli Group Ltd,,,,,,,,,,,,,,,,
54678,54678,45571,Air Water,Air Water Inc,,,,,,,,,,,,,,,,
54680,54680,46565,Turkiye Sise Ve Cam Fabrikalari,Turkiye Sise ve Cam Fabrikalari AS,,,,,,,,,,,,,,,,
54681,54681,54046,Marsh & McLennan Companies Inc,"Marsh & McLennan Companies, Inc.",,,,,,,,,,,,,,,,
54689,54689,40949,Clearway Energy Inc,"Clearway Energy, Inc.",,,,,,,,,,,,,,,,
54692,54692,45466,Freeport-McMoRan Inc,Freeport-McMoRan Inc.,,,,,,,,,,,,,,,,
54693,54693,42856,Nagarro,Nagarro SE,,,,,,,,,,,,,,,,
54699,54699,39444,Jiangsu Provincial Agricultural Reclamation And Development,"Jiangsu Provincial Agricultural Reclamation and Development Co.,Ltd.",,,,,,,,,,,,,,,,
54704,54704,44540,Hino Motors,Hino Motors Ltd,,,,,,,,,,,,,,,,
54709,54709,13285,International Paper APPM,International Paper Careers,,,,,,,,,,,,,,,,
54712,54712,39138,Baxter International Inc,Baxter International Inc.,,,,,,,,,,,,,,,,
54715,54715,6921,National Grid,National Grid Plc,,,,,,,,,,,,,,,,
54735,54735,48396,APOEL B.C.,APOEL FC,,,,,,,,,,,,,,,,
54737,54737,41026,Compagnie Plastic Omnium SA,Compagnie Plastic Omnium Sa,,,,,,,,,,,,,,,,
54746,54746,33072,Sankyu,Sankyu Inc,,,,,,,,,,,,,,,,
54750,54750,51237,NortonLifeLock,NortonLifeLock Inc.,,,,,,,,,,,,,,,,
54751,54751,29823,BEAUTY BAR NW LTD,BEAUTY BAR ONE LIMITED,,,,,,,,,,,,,,,,
54759,54759,30519,Ship Healthcare Holdings,"Ship Healthcare Holdings, Inc.",,,,,,,,,,,,,,,,
54763,54763,10121,Converge Technology Solutions,Converge Technology Solutions Corp.,,,,,,,,,,,,,,,,
54774,54774,31199,ALLIANCE HEALTHCARE (DISTRIBUTION) LIMITED,ALLIANCE HEALTHCARE LIMITED,,,,,,,,,,,,,,,,
54775,54775,54462,Dolby Laboratories,Dolby Laboratories Inc,,,,,,,,,,,,,,,,
54779,54779,21798,Recruit Holdings,Recruit Holdings Co Ltd,,,,,,,,,,,,,,,,
54786,54786,22830,Zhejiang Sanwei Rubber Item,Zhejiang Sanwei Rubber Item Co. Ltd,,,,,,,,,,,,,,,,
54789,54789,48275,Halliburton,Halliburton Co,,,,,,,,,,,,,,,,
54791,54791,43958,Shandong Linglong Tyre,Shandong Linglong Tyre Co. Ltd,,,,,,,,,,,,,,,,
54797,54797,52690,Laureate Education,Laureate Education Inc,,,,,,,,,,,,,,,,
54803,54803,12611,Sanken Electric,Sanken Electric Co Ltd,,,,,,,,,,,,,,,,
54804,54804,29222,Aia Group,Aib Group,,,,,,,,,,,,,,,,
54805,54805,28099,Vail Resorts Inc,"Vail Resorts, Inc.",,,,,,,,,,,,,,,,
54810,54810,21710,Davide Campari-Milano N.V.,Davide Campari-Milano NV,,,,,,,,,,,,,,,,
54811,54811,28007,Consolidated Edison Inc,"Consolidated Edison, Inc.",,,,,,,,,,,,,,,,
54813,54813,46223,GOOD DAY CARE HOMES LTD,GOOD DAY CASES LTD,,,,,,,,,,,,,,,,
54815,54815,14443,Shenzhen Kinwong Electronic,Shenzhen Kinwong Electronic Co. Ltd,,,,,,,,,,,,,,,,
54819,54819,21662,Spark New Zealand,Spark New Zealand Limited,,,,,,,,,,,,,,,,
54821,54821,47735,FINANCE SYNERGY CONSULTING LTD,FINANCE SYSTEM CONSULTING LTD,,,,,,,,,,,,,,,,
54823,54823,16311,U DESIGNER LTD,U DESIGNS LTD,,,,,,,,,,,,,,,,
54831,54831,43384,Ashtrom Group,Ashtrom Group Ltd,,,,,,,,,,,,,,,,
54837,54837,40327,BEAUTY & AESTHETICS BY CARLA LTD,BEAUTY & AESTHETICS BY SONIA DALE LTD,,,,,,,,,,,,,,,,
54848,54848,2689,First Solar,First Solar Inc,,,,,,,,,,,,,,,,
54855,54855,593,Melco Resorts & Entertainment Limited,Melco Resorts & Entertainment Ltd,,,,,,,,,,,,,,,,
54857,54857,32813,J & J Snack Foods,J & J Snack Foods Corp,,,,,,,,,,,,,,,,
54858,54858,43002,Aedifica SA,Aedifica Sa,,,,,,,,,,,,,,,,
54880,54880,48897,Flight Centre Travel Group,Flight Centre Travel Group Limited,,,,,,,,,,,,,,,,
54887,54887,34755,Yuanta Financial Holding,Yuanta Financial Holding Co Ltd,,,,,,,,,,,,,,,,
54890,54890,41132,Obayashi Corp,Obayashi Corporation,,,,,,,,,,,,,,,,
54894,54894,18266,China Merchants Bank,China Merchants Bank Co Ltd,,,,,,,,,,,,,,,,
54900,54900,665,Toyobo Co Ltd,Toyobo Co. Ltd,,,,,,,,,,,,,,,,
54905,54905,34592,BOE Varitronix Limited,BOE Varitronix Ltd.,,,,,,,,,,,,,,,,
54906,54906,38835,Kellogg Co,Kellogg Company,,,,,,,,,,,,,,,,
54911,54911,6496,Line Corp,Line Corporation,,,,,,,,,,,,,,,,
54912,54912,50140,Henan Pinggao Electric,Henan Pinggao Electric Co Ltd,,,,,,,,,,,,,,,,
54919,54919,9847,Banca Monte Dei Paschi Di Siena Spa,Banca Monte dei Paschi di Siena,,,,,,,,,,,,,,,,
54924,54924,39084,Atco Ltd,Atco Ltd.,,,,,,,,,,,,,,,,
54925,54925,19636,China World Trade Center,China World Trade Center Co. Ltd,,,,,,,,,,,,,,,,
54932,54932,38909,Bollore,Bollore SE,,,,,,,,,,,,,,,,
54934,54934,35580,The Shiga Bank Ltd,The Shizuoka Bank Ltd,,,,,,,,,,,,,,,,
54941,54941,14623,Hota Industrial Mfg,Hota Industrial Mfg. Co. Ltd,,,,,,,,,,,,,,,,
54944,54944,18292,Insurance Australia Group Limited,Insurance Australia Group Ltd,,,,,,,,,,,,,,,,
54963,54963,10867,GlobalWafers Co Ltd,GlobalWafers Co. Ltd,,,,,,,,,,,,,,,,
54968,54968,18237,Bunge Limited,Bunge Ltd,,,,,,,,,,,,,,,,
54976,54976,54256,Zhejiang Medicine Co Ltd,Zhejiang Medicine Co. Ltd,,,,,,,,,,,,,,,,
54977,54977,28158,Gentera SAB de CV,"Gentera, S.A.B. de C.V.",,,,,,,,,,,,,,,,
54994,54994,35333,S A CONSULTANCY LIMITED,S A CONSULTANCY SERVICES LTD,,,,,,,,,,,,,,,,
54996,54996,54953,Nichicon Corp,Nichidenbo Corp,,,,,,,,,,,,,,,,
54999,54999,10999,Nagoya Railroad Co Ltd,Nagoya Railroad Co. Ltd,,,,,,,,,,,,,,,,
55001,55001,53487,Zurich Insurance Group AG,Zurich Insurance Group Ag,,,,,,,,,,,,,,,,
55005,55005,17801,Peyto Exploration & Development,Peyto Exploration & Development Corp.,,,,,,,,,,,,,,,,
55009,55009,46862,Match Group,Match Group Inc,,,,,,,,,,,,,,,,
55025,55025,28622,Santen Pharmaceutical Co Ltd,Santen Pharmaceutical Co. Ltd,,,,,,,,,,,,,,,,
55029,55029,9720,Caesars Entertainment Corporation,Caesars Entertainment Inc,,,,,,,,,,,,,,,,
55034,55034,25551,Samsung Biologics Co Ltd,"Samsung Biologics Co.,Ltd.",,,,,,,,,,,,,,,,
55038,55038,45999,Stavební Interiérové Systémy*,Stavební interiérové systémy,,,,,,,,,,,,,,,,
55045,55045,28910,Qorvo,Qorvo Inc,,,,,,,,,,,,,,,,
55052,55052,25714,Meggitt,Meggitt Plc,,,,,,,,,,,,,,,,
55055,55055,13647,The Kansai Electric Power Co Inc,"The Kansai Electric Power Company, Inc.",,,,,,,,,,,,,,,,
55061,55061,38133,NEW AGE DEVELOPERS RENTALS LIMITED,NEW AGE DEVELOPERS TRADING LIMITED,,,,,,,,,,,,,,,,
55064,55064,16463,Wizz Air Holdings,Wizz Air Holdings Plc,,,,,,,,,,,,,,,,
55071,55071,26023,Pegasystems,Pegasystems Inc,,,,,,,,,,,,,,,,
55072,55072,50108,Great Portland Estates,Great Portland Estates plc,,,,,,,,,,,,,,,,
55073,55073,9261,Vertex Pharmaceuticals Inc,Vertex Pharmaceuticals Incorporated,,,,,,,,,,,,,,,,
55074,55074,10086,Pharma Mar,"Pharma Mar, SA",,,,,,,,,,,,,,,,
55076,55076,44990,Seven Generations Energy,Seven Generations Energy Ltd,,,,,,,,,,,,,,,,
55079,55079,12804,Sunny Optical Technology (group) Company,Sunny Optical Technology Group,,,,,,,,,,,,,,,,
55080,55080,15186,Weikeng Industrial Co Ltd,Weikeng Industrial Co. Ltd,,,,,,,,,,,,,,,,
55086,55086,21461,Sociedad Quimica Y Minera De Chile,Sociedad Quimica y Minera de Chile SA,,,,,,,,,,,,,,,,
55097,55097,4846,Healius Limited,Healius Ltd,,,,,,,,,,,,,,,,
55104,55104,13644,Jabil Circuit,Jabil Circuit India,,,,,,,,,,,,,,,,
55111,55111,30499,Ollie's Bargain Outlet Holdings,Ollie's Bargain Outlet Holdings Inc,,,,,,,,,,,,,,,,
55117,55117,25157,JAC Recruitment,JAC Recruitment Co. Ltd,,,,,,,,,,,,,,,,
55132,55132,53719,Mega Financial Holding,Mega Financial Holding Co Ltd,,,,,,,,,,,,,,,,
55135,55135,40366,Woolworths Group,Woolworths Group Limited,,,,,,,,,,,,,,,,
55143,55143,16943,Meiko Electronics,Meiko Electronics Co. Ltd,,,,,,,,,,,,,,,,
55161,55161,54270,Yakult Honsha,Yakult Honsha Co Ltd,,,,,,,,,,,,,,,,
55169,55169,14553,Kwality,Kwality Ltd,,,,,,,,,,,,,,,,
55171,55171,1989,L E Lundbergforetagen AB,L E Lundbergforetagen Ab (publ),,,,,,,,,,,,,,,,
55178,55178,17975,Just Eat Takeaway.com,Just Eat Takeaway.com N.V.,,,,,,,,,,,,,,,,
55186,55186,6472,Commonwealth,Commonwealth Bank,,,,,,,,,,,,,,,,
55187,55187,37189,Smarkets,Smart,,,,,,,,,,,,,,,,
55190,55190,28390,Intas Pharmaceuticals,Intas Pharmaceuticals Ltd,,,,,,,,,,,,,,,,
55199,55199,17337,Nordic Entertainment Group AB,Nordic Entertainment Group Ab (publ),,,,,,,,,,,,,,,,
55223,55223,31541,Sino Biopharmaceutical,Sino Biopharmaceutical Ltd,,,,,,,,,,,,,,,,
55228,55228,50187,Danieli & C. Officine Meccaniche SpA,Danieli & C. Officine Meccaniche Spa,,,,,,,,,,,,,,,,
55230,55230,20271,NRW Holdings Limited,NRW Holdings Ltd,,,,,,,,,,,,,,,,
55246,55246,28217,Trex Company Inc,"Trex Company, Inc.",,,,,,,,,,,,,,,,
55258,55258,43375,"EDGEWELL PERSONAL CARE BRANDS, LLC",EDGEWELL PERSONAL CARE COMPANY,,,,,,,,,,,,,,,,
55267,55267,9995,Companhia Brasileira de Alumínio,Companhia Brasileira de Distribuicao,,,,,,,,,,,,,,,,
55268,55268,8333,LG Innotek Co Ltd,"LG Innotek Co.,",,,,,,,,,,,,,,,,
55280,55280,23931,Bausch Health Companies Inc,Bausch Health Companies Inc.,,,,,,,,,,,,,,,,
55284,55284,45507,Acciaierie D'italia Spa,Acciaierie Valbruna Spa,,,,,,,,,,,,,,,,
55285,55285,48770,President Chain Store Corp,President Chain Store Corporation,,,,,,,,,,,,,,,,
55286,55286,31811,China Vanke,China Vanke Co Ltd,,,,,,,,,,,,,,,,
55293,55293,32632,ALL ABOUT THE MESSAGE LIMITED,ALL ABOUT THE MOVE LTD,,,,,,,,,,,,,,,,
55298,55298,33002,Volkswagen,Volkswagen AG,,,,,,,,,,,,,,,,
55302,55302,54834,Grupo Aval Acciones Y Valores,Grupo Aval Acciones y Valores SA,,,,,,,,,,,,,,,,
55316,55316,5431,Mainstreet Equity,Mainstreet Equity Corp.,,,,,,,,,,,,,,,,
55334,55334,25412,Zions Bancorporation NA,Zions Bancorporation National Association,,,,,,,,,,,,,,,,
55337,55337,28318,Zhejiang Weixing New Building Materials,Zhejiang Weixing New Building Materials Co Ltd,,,,,,,,,,,,,,,,
55342,55342,49660,Britannia Industries,Britannia Industries Ltd,,,,,,,,,,,,,,,,
55356,55356,4788,Converge,Converge ICT,,,,,,,,,,,,,,,,
55362,55362,23950,Mondelez International Inc,"Mondelez International, Inc.",,,,,,,,,,,,,,,,
55365,55365,40686,H & B CARE LIMITED,H & B CARGO LIMITED,,,,,,,,,,,,,,,,
55366,55366,366,Emera,Emera Inc,,,,,,,,,,,,,,,,
55380,55380,15445,Q & A CONSULTANTS LTD,Q & A CONSULTING LIMITED,,,,,,,,,,,,,,,,
55381,55381,52750,Yihai Kerry Arawana Holdings Co. Ltd,"Yihai Kerry Arawana Holdings Co., Ltd",,,,,,,,,,,,,,,,
55382,55382,2266,Akbank T.A.S.,Akbank T.a.s,,,,,,,,,,,,,,,,
55424,55424,16150,Sixt SE,Sixt Se,,,,,,,,,,,,,,,,
55435,55435,22924,FOOD COMA LTD,FOOD COMFORT LTD,,,,,,,,,,,,,,,,
55439,55439,54136,Simplo Technology Co Ltd,Simplo Technology Co. Ltd,,,,,,,,,,,,,,,,
55445,55445,3100,Interroll Holding AG,Interroll Holding Ag,,,,,,,,,,,,,,,,
55450,55450,41692,Gol Linhas Aereas Inteligentes,Gol Linhas Aéreas Inteligentes SA,,,,,,,,,,,,,,,,
55459,55459,34087,Applus Services,"Applus Services, SA",,,,,,,,,,,,,,,,
55460,55460,52688,Dalmia Bharat Limited,Dalmia Bharat Ltd,,,,,,,,,,,,,,,,
55463,55463,20605,SS&C Technologies Holdings Inc,"SS&C Technologies Holdings, Inc.",,,,,,,,,,,,,,,,
55479,55479,9817,Akamai Technologies,Akamai Technologies Inc,,,,,,,,,,,,,,,,
55488,55488,27412,Bell Food Group AG,Bell Food Group Ag,,,,,,,,,,,,,,,,
55497,55497,1378,Varian Medical Systems Inc,"Varian Medical Systems, Inc.",,,,,,,,,,,,,,,,
55522,55522,29903,Relaxo Footwear,Relaxo Footwears,,,,,,,,,,,,,,,,
55524,55524,2236,Medartis Holding AG,Medartis Holding Ag,,,,,,,,,,,,,,,,
55527,55527,5793,Onoff,Onoff AG,,,,,,,,,,,,,,,,
55528,55528,43514,Chongqing Rural Commercial Bank Co Ltd,Chongqing Rural Commercial Bank Co. Ltd,,,,,,,,,,,,,,,,
55529,55529,1245,Chunghwa Telecom (CHT),Chunghwa Telecom Co Ltd,,,,,,,,,,,,,,,,
55535,55535,43217,Hong Kong Exchanges,Hong Kong Exchanges & Clearing Ltd,,,,,,,,,,,,,,,,
55556,55556,37238,Olink Holding AB,Olink Holding Ab (publ),,,,,,,,,,,,,,,,
55558,55558,21753,Atlas Copco AB,Atlas Copco Ab,,,,,,,,,,,,,,,,
55582,55582,5960,BAD WOLF (ADOW2) LIMITED,BAD WOLF (ADOW3) LIMITED,,,,,,,,,,,,,,,,
55583,55583,2054,Saras S.p.A.,Saras SpA,,,,,,,,,,,,,,,,
55600,55600,182,Zeon Corp,Zeon Corporation,,,,,,,,,,,,,,,,
55607,55607,2829,Hi-Tech,Hi-Tech Arai,,,,,,,,,,,,,,,,
55614,55614,17613,Misko,Miso,,,,,,,,,,,,,,,,
55616,55616,49287,Sinoma International Engineering,Sinoma International Engineering Co Ltd,,,,,,,,,,,,,,,,
55621,55621,18355,Ganfeng Lithium,Ganfeng Lithium Co. Ltd,,,,,,,,,,,,,,,,
55633,55633,12771,Idexx Laboratories,Idexx Laboratories Inc,,,,,,,,,,,,,,,,
55636,55636,2112,NN Group N.V.,NN Group NV,,,,,,,,,,,,,,,,
55655,55655,48776,Singapore Post Limited,Singapore Post Ltd,,,,,,,,,,,,,,,,
55662,55662,50768,Zhejiang Windey,Zhejiang Windey Co Ltd,,,,,,,,,,,,,,,,
55668,55668,2249,Almirall,"Almirall, SA",,,,,,,,,,,,,,,,
55680,55680,51418,Manchester United,Manchester United plc,,,,,,,,,,,,,,,,
55689,55689,30775,DexCom Inc,"DexCom, Inc.",,,,,,,,,,,,,,,,
55699,55699,14464,Anglo American Plc,Anglo American plc,,,,,,,,,,,,,,,,
55719,55719,49953,Bonduelle,Bonduelle SCA,,,,,,,,,,,,,,,,
55728,55728,23447,Controladora Vuela Compania De Aviacion,Controladora Vuela Compania de Aviacion SAB de CV,,,,,,,,,,,,,,,,
55737,55737,11218,Fujian Torch Electron Technology,Fujian Torch Electron Technology Co. Ltd,,,,,,,,,,,,,,,,
55743,55743,35725,ALL ABOUT THE HOUSE LTD,ALL ABOUT THE JOURNEY LTD,,,,,,,,,,,,,,,,
55745,55745,7590,First Advantage,First Advantage Careers,,,,,,,,,,,,,,,,
55750,55750,14743,Cummins Inc,Cummins Inc.,,,,,,,,,,,,,,,,
55753,55753,7695,JB Financial Group,JB Financial Group Co. Ltd,,,,,,,,,,,,,,,,
55759,55759,43130,Ecovacs Robotics,Ecovacs Robotics Co Ltd,,,,,,,,,,,,,,,,
55765,55765,17799,Archer Daniels Midland,Archer Daniels Midland Co,,,,,,,,,,,,,,,,
55769,55769,55127,Shanghai Pudong Development,Shanghai Pudong Development Bank,,,,,,,,,,,,,,,,
55772,55772,42931,Tetra Tech Inc,"Tetra Tech, Inc.",,,,,,,,,,,,,,,,
55774,55774,1474,Immunocore Holdings Plc,Immunocore Holdings plc,,,,,,,,,,,,,,,,
55783,55783,18768,Sino-Ocean Group Holding,Sino-Ocean Group Holding Ltd,,,,,,,,,,,,,,,,
55792,55792,30518,Shanghai Flyco Electrical Appliance,Shanghai Flyco Electrical Appliance Co. Ltd,,,,,,,,,,,,,,,,
55796,55796,38134,Essex Property Trust Inc,"Essex Property Trust, Inc.",,,,,,,,,,,,,,,,
55800,55800,6894,BEAUTY AT THE AVENUE LIMITED,BEAUTY AT THE BARN LTD,,,,,,,,,,,,,,,,
55801,55801,26151,Datang International Power Generation,Datang International Power Generation Co Ltd,,,,,,,,,,,,,,,,
55808,55808,45870,Petkim Petrokimya Holding A.S.,Petkim Petrokimya Holding A.s.,,,,,,,,,,,,,,,,
55816,55816,18368,Fundo de Investimento Imobiliario - FII Edificio Galeria,Fundo de Investimento Imobiliario - FII Shopping Jardim Sul,,,,,,,,,,,,,,,,
55824,55824,2246,Halma Plc,Halma plc,,,,,,,,,,,,,,,,
55828,55828,10274,Korean Air,Korean Air Lines,,,,,,,,,,,,,,,,
55838,55838,48844,Templeton Emerging Markets Investment Trust Plc,Templeton Emerging Markets Investment Trust TEMIT,,,,,,,,,,,,,,,,
55845,55845,4601,Bristol-myers Squibb,Bristol-myers Squibb Company,,,,,,,,,,,,,,,,
55865,55865,29681,Axon Enterprise,"Axon Enterprise, Inc.",,,,,,,,,,,,,,,,
55867,55867,12565,Persol Holdings Co Ltd,"Persol Holdings Co.,Ltd.",,,,,,,,,,,,,,,,
55871,55871,48945,Stagecoach Group Plc,Stagecoach Group plc,,,,,,,,,,,,,,,,
55872,55872,53653,Japan Excellent,"Japan Excellent, Inc.",,,,,,,,,,,,,,,,
55885,55885,8384,China Longyuan Power,China Longyuan Power Group Corp Ltd,,,,,,,,,,,,,,,,
55894,55894,19029,PerkinElmer,PerkinElmer Inc,,,,,,,,,,,,,,,,
55900,55900,39599,Amplifon S.p.A.,Amplifon SpA,,,,,,,,,,,,,,,,
55904,55904,45000,Sun Pharmaceutical Industries,Sun Pharmaceutical Industries Ltd,,,,,,,,,,,,,,,,
55907,55907,13032,Randstad N.V.,Randstad NV,,,,,,,,,,,,,,,,
55912,55912,44359,Goldman Sachs,Goldman Sachs Bdc,,,,,,,,,,,,,,,,
55926,55926,49824,CenterPoint Energy,CenterPoint Energy Inc,,,,,,,,,,,,,,,,
55931,55931,32515,Yulon Motor Company,Yulon Motor Company Ltd,,,,,,,,,,,,,,,,
55934,55934,51702,M Square Media,M Squared,,,,,,,,,,,,,,,,
55936,55936,39543,Telekom Austria AG,Telekom Austria Ag,,,,,,,,,,,,,,,,
55942,55942,34918,ALL ABOUT FILM LTD,ALL ABOUT FIRES LTD,,,,,,,,,,,,,,,,
55944,55944,13187,Turkiye Halk Bankasi AS,Turkiye IS Bankasi AS,,,,,,,,,,,,,,,,
55950,55950,43337,Nan Ya Plastics,Nan Ya Plastics Corp,,,,,,,,,,,,,,,,
55971,55971,21436,Kingspan Group,Kingspan Group PLC,,,,,,,,,,,,,,,,
55976,55976,43084,Choice Hotels International Inc,"Choice Hotels International, Inc.",,,,,,,,,,,,,,,,
55989,55989,39191,China Railway Construction,China Railway Construction Corp Ltd,,,,,,,,,,,,,,,,
55990,55990,53966,ALL ABOUT GIFTS LIMITED,ALL ABOUT GIRLS LTD,,,,,,,,,,,,,,,,
55993,55993,31197,Companhia Energetica De Minas Gerais,Companhia Energetica de Brasilia - CEB,,,,,,,,,,,,,,,,
56010,56010,46802,Emirates NBD,Emirates NBD Bank,,,,,,,,,,,,,,,,
56011,56011,45751,Guangzhou Kingmed Diagnostics Group Co Ltd,Guangzhou Kingmed Diagnostics Group Co. Ltd,,,,,,,,,,,,,,,,
56016,56016,55406,BAD VEGAN LTD,BAD VIBE LTD,,,,,,,,,,,,,,,,
56018,56018,1166,Orange Polska,Orange Polska SA,,,,,,,,,,,,,,,,
56026,56026,5208,Far Eastern International Bank,Far Eastern International Bank Ltd,,,,,,,,,,,,,,,,
56029,56029,19962,Zhejiang Semir Garment,Zhejiang Semir Garment Co Ltd,,,,,,,,,,,,,,,,
56043,56043,33427,KEC International,KEC International Ltd,,,,,,,,,,,,,,,,
56044,56044,38325,Gelsenwasser AG,Gelsenwasser Ag,,,,,,,,,,,,,,,,
56047,56047,34052,Van Lanschot Kempen,Van Lanschot Kempen N.V.,,,,,,,,,,,,,,,,
56051,56051,39409,Shanghai Shyndec Pharmaceutical,Shanghai Shyndec Pharmaceutical Co. Ltd,,,,,,,,,,,,,,,,
56062,56062,2218,Fortescue Metals Group Limited,Fortescue Metals Group Ltd,,,,,,,,,,,,,,,,
56083,56083,37603,LG Display,LG Display Co Ltd,,,,,,,,,,,,,,,,
56106,56106,31161,Beijing-Shanghai High-Speed Railway,"Beijing-Shanghai High-Speed Railway Co.,Ltd.",,,,,,,,,,,,,,,,
56116,56116,15642,Alimentation Couche-Tard Inc,Alimentation Couche-Tard Inc.,,,,,,,,,,,,,,,,
56117,56117,41463,Chemring Group,Chemring Group plc,,,,,,,,,,,,,,,,
56122,56122,4092,Continental Resources,Continental Resources Inc,,,,,,,,,,,,,,,,
56143,56143,24450,Canfor Corp,Canfor Corporation,,,,,,,,,,,,,,,,
56144,56144,16498,Commercial Metals Co,Commercial Metals Company,,,,,,,,,,,,,,,,
56154,56154,7817,Studsvik,Studsvik AB,,,,,,,,,,,,,,,,
56162,56162,21120,Bright Dairy,Bright Dairy & Food,,,,,,,,,,,,,,,,
56166,56166,11526,Hilan,Hilan Ltd,,,,,,,,,,,,,,,,
56182,56182,13787,Intact Financial Corp,Intact Financial Corporation,,,,,,,,,,,,,,,,
56184,56184,49138,West Japan Railway Co,West Japan Railway Company,,,,,,,,,,,,,,,,
56188,56188,12435,Great Wall Motor Co Ltd,Great Wall Motor Company,,,,,,,,,,,,,,,,
56198,56198,25293,Casey's General Stores,Casey's General Stores Inc,,,,,,,,,,,,,,,,
56206,56206,50990,NHK Spring Co Ltd,NHK Spring Co. Ltd,,,,,,,,,,,,,,,,
56220,56220,16804,Cousins Properties,Cousins Properties Incorporated,,,,,,,,,,,,,,,,
56231,56231,41924,"Nihon M&A Center, Inc.",Nihon M&a Center,,,,,,,,,,,,,,,,
56233,56233,20999,Electricity Generating Public Company,Electricity Generating Public Company Ltd,,,,,,,,,,,,,,,,
56237,56237,26653,Mitie Group,Mitie Group plc,,,,,,,,,,,,,,,,
56238,56238,42501,Mitsubishi Shokuhin Co Ltd,Mitsubishi Shokuhin Co. Ltd,,,,,,,,,,,,,,,,
56240,56240,49829,China Meheco Group,China Meheco Group Co Ltd,,,,,,,,,,,,,,,,
56244,56244,47051,Europcar Mobility Group,Europcar Mobility Group SA,,,,,,,,,,,,,,,,
56245,56245,42479,PT Mahaka Media Tbk,PT Mahaka Radio Integra Tbk,,,,,,,,,,,,,,,,
56247,56247,37488,Sandstorm Gold,Sandstorm Gold Ltd.,,,,,,,,,,,,,,,,
56248,56248,46217,Shijiazhuang Yiling Pharmaceutical,Shijiazhuang Yiling Pharmaceutical Co Ltd,,,,,,,,,,,,,,,,
56260,56260,25984,Krungthai Card Public Company,Krungthai Card Public Company Ltd,,,,,,,,,,,,,,,,
56275,56275,7069,"China National Gold Group Gold Jewellery Co.,Ltd.","China National Gold Group Gold Jewellery Co.,ltd.",,,,,,,,,,,,,,,,
56279,56279,41156,Nemetschek SE,Nemetschek Se,,,,,,,,,,,,,,,,
56293,56293,48951,NatWest Group,NatWest Group Plc,,,,,,,,,,,,,,,,
56301,56301,31497,Al Hammadi Company For Development And Investment,Al Hammadi Company For Development and Investment,,,,,,,,,,,,,,,,
56306,56306,34772,Lenzing,Lenzing AG,,,,,,,,,,,,,,,,
56307,56307,35002,Deutsche Boerse,Deutsche Borse,,,,,,,,,,,,,,,,
56313,56313,33878,Sumitomo Realty & Development,Sumitomo Realty & Development Co Ltd,,,,,,,,,,,,,,,,
56315,56315,32039,Sany Heavy Equipment International Holdings Co Ltd,Sany Heavy Equipment International Holdings Company,,,,,,,,,,,,,,,,
56320,56320,28851,Avis Budget Group Inc,"Avis Budget Group, Inc.",,,,,,,,,,,,,,,,
56325,56325,10530,Eiffage SA,Eiffage Sa,,,,,,,,,,,,,,,,
56327,56327,3006,Takeuchi Mfg. Co Ltd,Takeuchi Mfg. Co. Ltd,,,,,,,,,,,,,,,,
56330,56330,22351,Nitto Boseki,Nitto Boseki Co. Ltd,,,,,,,,,,,,,,,,
56340,56340,44787,Komatsu,Komatsu Ltd,,,,,,,,,,,,,,,,
56341,56341,10931,Frontier Communications Parent,Frontier Communications Parent Inc,,,,,,,,,,,,,,,,
56342,56342,12333,Bank of Ireland,Bank of Ireland Group Plc,,,,,,,,,,,,,,,,
56343,56343,5629,H & A MECHANICAL SERVICES LIMITED,H & A MEDICAL SERVICES LIMITED,,,,,,,,,,,,,,,,
56345,56345,24780,Jinxin Fertility Group,Jinxin Fertility Group Ltd,,,,,,,,,,,,,,,,
56347,56347,10628,Dowa Holdings Co Ltd,Dowa Holdings Co. Ltd,,,,,,,,,,,,,,,,
56350,56350,54838,Analog Devices Inc,"Analog Devices, Inc.",,,,,,,,,,,,,,,,
56356,56356,46657,Orora Limited,Orora Ltd,,,,,,,,,,,,,,,,
56368,56368,39,Datadog Inc,"Datadog, Inc.",,,,,,,,,,,,,,,,
56372,56372,53357,United Overseas Bank Ltd,United Overseas Insurance Ltd,,,,,,,,,,,,,,,,
56376,56376,27942,Cementos Argos S.a.,Cementos Argos SA,,,,,,,,,,,,,,,,
56380,56380,31208,Gillette,Gillette India,,,,,,,,,,,,,,,,
56388,56388,50489,Q ELEMENT LTD,Q ELITE LTD,,,,,,,,,,,,,,,,
56394,56394,12629,Banca Popolare di Sondrio,Banca Popolare di Sondrio S.C.p.A.,,,,,,,,,,,,,,,,
56400,56400,20484,Trustpilot Group Plc,Trustpilot Group plc,,,,,,,,,,,,,,,,
56404,56404,24065,Baiyin Nonferrous Group Co. Ltd,"Baiyin Nonferrous Group Co., Ltd.",,,,,,,,,,,,,,,,
56421,56421,6616,Deutsche Bahn AG,Deutsche Balaton AG,,,,,,,,,,,,,,,,
56422,56422,27304,Yeo Hiap Seng (YEO),Yeo Hiap Seng Ltd,,,,,,,,,,,,,,,,
56423,56423,50093,Sun Hung Kai & Co,Sun Hung Kai & Co. Ltd,,,,,,,,,,,,,,,,
56426,56426,54955,Kelly Services,Kelly Services Inc,,,,,,,,,,,,,,,,
56441,56441,2653,Zydus Lifesciences Limited,Zydus Lifesciences Ltd,,,,,,,,,,,,,,,,
56442,56442,43318,Alliance Resource Partners,Alliance Resource Partners LP,,,,,,,,,,,,,,,,
56443,56443,17036,Talanx,Talanx AG,,,,,,,,,,,,,,,,
56448,56448,25422,Cleanaway Waste Management Limited,Cleanaway Waste Management Ltd,,,,,,,,,,,,,,,,
56453,56453,29077,BEAUTY BEE LTD,BEAUTY BEE SERVICES LTD,,,,,,,,,,,,,,,,
56454,56454,4116,Phenofarm,Phenom,,,,,,,,,,,,,,,,
56471,56471,49700,Knorr-Bremse AG,Knorr-bremse,,,,,,,,,,,,,,,,
56477,56477,5288,Kunshan Kinglai Hygienic Materials,"Kunshan Kinglai Hygienic Materials Co.,Ltd.",,,,,,,,,,,,,,,,
56479,56479,12198,Galaxy Entertainment Group,Galaxy Entertainment Group Ltd,,,,,,,,,,,,,,,,
56482,56482,5422,Super Micro Computer,Super Micro Computer Inc,,,,,,,,,,,,,,,,
56493,56493,42815,Computershare,Computershare Limited,,,,,,,,,,,,,,,,
56507,56507,15304,Dian Diagnostics Group,"Dian Diagnostics Group Co.,Ltd.",,,,,,,,,,,,,,,,
56518,56518,10974,Excelliance MOS,Excelliance MOS Corp,,,,,,,,,,,,,,,,
56519,56519,9468,China Galaxy Securities Co Ltd,China Galaxy Securities Co. Ltd,,,,,,,,,,,,,,,,
56521,56521,26959,Top Glove Corp Bhd,Top Glove Corp Bhd.,,,,,,,,,,,,,,,,
56523,56523,31772,MetLife Inc,"MetLife, Inc.",,,,,,,,,,,,,,,,
56532,56532,33526,China Shipbuilding Industry Company Ltd,China Shipbuilding Industry Group Power,,,,,,,,,,,,,,,,
56555,56555,83,Richelieu Hardware,Richelieu Hardware Ltd,,,,,,,,,,,,,,,,
56563,56563,1369,E.ON,E.ON SE,,,,,,,,,,,,,,,,
56565,56565,1018,Lennox International Inc,Lennox International Inc.,,,,,,,,,,,,,,,,
56572,56572,27443,Nutanix Inc,"Nutanix, Inc.",,,,,,,,,,,,,,,,
56594,56594,32404,Scottish American Investment Co.,Scottish American Investment Company plc,,,,,,,,,,,,,,,,
56600,56600,52878,Hrvatski Telekom,Hrvatski Telekom dd,,,,,,,,,,,,,,,,
56608,56608,6255,NEW AGE GAMES LIMITED,NEW AGE GLASS LIMITED,,,,,,,,,,,,,,,,
56617,56617,7457,Kikkoman,Kikkoman Corp,,,,,,,,,,,,,,,,
56626,56626,34431,Z CONSTRUCTION LTD,Z CONSTRUCTION MANAGEMENT LTD,,,,,,,,,,,,,,,,
56628,56628,54271,Tongwei Co. Ltd,Tongwei Group Co Ltd,,,,,,,,,,,,,,,,
56636,56636,20411,Hong Leong Finance Ltd,Hong Leong Financial,,,,,,,,,,,,,,,,
56639,56639,18470,CubeSmart,Cubesmart,,,,,,,,,,,,,,,,
56641,56641,49521,Getinge AB,Getinge Ab,,,,,,,,,,,,,,,,
56642,56642,47923,Linde,Linde Ag,,,,,,,,,,,,,,,,
56646,56646,24028,The Siam Cement Public Co Ltd,The Siam Cement Public Company Ltd,,,,,,,,,,,,,,,,
56650,56650,42612,BEAUTY AT NO. 1 LIMITED,BEAUTY AT NO. 6 LTD,,,,,,,,,,,,,,,,
56657,56657,17021,ALL ABOUT PRINT LTD,ALL ABOUT PROMOTIONS LTD,,,,,,,,,,,,,,,,
56658,56658,18810,Hyundai Marine & Fire,Hyundai Marine & Fire Insurance,,,,,,,,,,,,,,,,
56677,56677,56323,Nine Dragons Paper Holdings,Nine Dragons Paper Holdings Ltd,,,,,,,,,,,,,,,,
56680,56680,20372,Tapestry Inc,"Tapestry, Inc.",,,,,,,,,,,,,,,,
56683,56683,38200,The Travelers Companies Inc,"The Travelers Companies, Inc.",,,,,,,,,,,,,,,,
56686,56686,54584,OCI N.V.,OCI NV,,,,,,,,,,,,,,,,
56694,56694,25909,Mivne Real Estate,Mivne Real Estate (k.d) Ltd,,,,,,,,,,,,,,,,
56697,56697,47424,Morgan Sindall Group,Morgan Sindall Group Plc,,,,,,,,,,,,,,,,
56700,56700,7447,Samhallsbyggnadsbolaget I Norden,Samhallsbyggnadsbolaget I Norden Ab (publ),,,,,,,,,,,,,,,,
56705,56705,12214,Clarivate Analytics,Clarivate Plc,,,,,,,,,,,,,,,,
56722,56722,31299,"Public Joint Stock Company ""Sakhalinenergo""","Public Joint Stock Company ""TNS energo Kuban""",,,,,,,,,,,,,,,,
56725,56725,48373,Ferroamp Elektronik,Ferroamp Elektronik AB,,,,,,,,,,,,,,,,
56730,56730,8038,Meiji Holdings Co Ltd,Meiji Holdings Co. Ltd,,,,,,,,,,,,,,,,
56733,56733,11674,EOG Resources Inc,"EOG Resources, Inc.",,,,,,,,,,,,,,,,
56746,56746,5267,Elior Group,Elior Group SA,,,,,,,,,,,,,,,,
56778,56778,10987,Sanyo Special Steel,Sanyo Special Steel Co. Ltd,,,,,,,,,,,,,,,,
56780,56780,5886,Bancolombia,Bancolombia SA,,,,,,,,,,,,,,,,
56792,56792,37252,Zhejiang Orient Gene Biotech Co. Ltd,"Zhejiang Orient Gene Biotech Co., Ltd.",,,,,,,,,,,,,,,,
56797,56797,42108,Savencia SA,Savencia Sa,,,,,,,,,,,,,,,,
56799,56799,7514,Jiangsu Financial Leasing,Jiangsu Financial Leasing Co. Ltd,,,,,,,,,,,,,,,,
56802,56802,21917,First Sponsor Group,First Sponsor Group Limited,,,,,,,,,,,,,,,,
56809,56809,35381,Just Group Plc,Just Group plc,,,,,,,,,,,,,,,,
56821,56821,916,China Unicom (Hong Kong) Ltd,China Unicom (hong Kong),,,,,,,,,,,,,,,,
56836,56836,44686,Devyani International,Devyani International Limited,,,,,,,,,,,,,,,,
56837,56837,23667,Inter Rao,Inter Rao Ues,,,,,,,,,,,,,,,,
56843,56843,33282,Wuestenrot & Wuerttembergische,Wuestenrot & Wuerttembergische AG,,,,,,,,,,,,,,,,
56852,56852,48156,Yantai Eddie Precision Machinery,Yantai Eddie Precision Machinery Co. Ltd,,,,,,,,,,,,,,,,
56863,56863,53566,Bank of Nanjing,Bank of Nanjing Co Ltd,,,,,,,,,,,,,,,,
56874,56874,54721,NSS,NSSL,,,,,,,,,,,,,,,,
56878,56878,51128,Guala Closures S.p.A.,Guala Closures Spa,,,,,,,,,,,,,,,,
56881,56881,46189,Canadian Tire Corp Ltd,Canadian Tire Corporation,,,,,,,,,,,,,,,,
56895,56895,28834,Centrica,Centrica Plc,,,,,,,,,,,,,,,,
56898,56898,22175,Public Joint Stock Company GAZ,Public Joint Stock Company Gazprom,,,,,,,,,,,,,,,,
56905,56905,56242,ACS Solution,ACS Solutions Careers,,,,,,,,,,,,,,,,
56909,56909,53575,Guangdong Xinbao Electrical Appliances Holdings,Guangdong Xinbao Electrical Appliances Holdings Co Ltd,,,,,,,,,,,,,,,,
56913,56913,25740,Eneva,Eneva SA,,,,,,,,,,,,,,,,
56914,56914,12235,IG Group Holdings Plc,IG Group Holdings plc,,,,,,,,,,,,,,,,
56915,56915,602,Elvie,Elvie*,,,,,,,,,,,,,,,,
56918,56918,32937,The Navigator Co SA,The Navigator Company,,,,,,,,,,,,,,,,
56921,56921,2743,Yuexiu Transport Infrastructure,Yuexiu Transport Infrastructure Ltd,,,,,,,,,,,,,,,,
56926,56926,15883,Aisino Corp,Aisino Corporation,,,,,,,,,,,,,,,,
56935,56935,40103,Shanghai Pudong Development Bank Co Ltd,Shanghai Pudong Development Bank Co. Ltd,,,,,,,,,,,,,,,,
56937,56937,31983,Aurinia Pharmaceuticals,Aurinia Pharmaceuticals Inc.,,,,,,,,,,,,,,,,
56938,56938,34322,Honda Motor Co Ltd,"Honda Motor Co., Ltd.",,,,,,,,,,,,,,,,
56946,56946,32763,Tivoli A/S,Tivoly SA,,,,,,,,,,,,,,,,
56955,56955,40628,TF1 Group,TFF Group,,,,,,,,,,,,,,,,
56956,56956,40195,H & A PROPERTIES (HULL) LIMITED,H & A PROPERTIES (LIVERPOOL) LTD,,,,,,,,,,,,,,,,
56958,56958,43757,Laboratory Corp of America Holdings,Laboratory Corporation Of America Holdings,,,,,,,,,,,,,,,,
56964,56964,3737,Matas,Matas A-S,,,,,,,,,,,,,,,,
56965,56965,25226,Cassina S.p.A.,Cassiopea S.p.A.,,,,,,,,,,,,,,,,
56974,56974,10017,Mercari Inc,"Mercari, Inc.",,,,,,,,,,,,,,,,
56975,56975,28619,Shanghai Zijiang Enterprise Group,Shanghai Zijiang Enterprise Group Co Ltd,,,,,,,,,,,,,,,,
56979,56979,40322,Eastern Polymer Group Public Company Ltd,Eastern Power Group Public Company Ltd,,,,,,,,,,,,,,,,
56980,56980,27198,Energy Resources Of Australia Ltd,Energy Resources of Australia Ltd,,,,,,,,,,,,,,,,
56984,56984,22692,Jyske Bank,Jyske Bank A/S,,,,,,,,,,,,,,,,
56988,56988,4169,Mitchells & Butlers,Mitchells & Butlers plc,,,,,,,,,,,,,,,,
56991,56991,6833,China Daye Non-Ferrous Metals Mining Limited,China Daye Non-Ferrous Metals Mining Ltd,,,,,,,,,,,,,,,,
56995,56995,39726,Ferrotec Holdings Corp,Ferrotec Holdings Corporation,,,,,,,,,,,,,,,,
56996,56996,34792,China Tianrui Group Cement Company,China Tianrui Group Cement Company Ltd,,,,,,,,,,,,,,,,
56997,56997,14301,GOOD COP BAD COP CONSULTANTS LTD,GOOD COP BAD COP LTD,,,,,,,,,,,,,,,,
56998,56998,30716,Sanan Optoelectronics,Sanan Optoelectronics Co. Ltd,,,,,,,,,,,,,,,,
57001,57001,4043,Hansoh Pharmaceutical Group Company,Hansoh Pharmaceutical Group Company Ltd,,,,,,,,,,,,,,,,
57051,57051,42613,Genting Singapore,Genting Singapore Ltd,,,,,,,,,,,,,,,,
57068,57068,34309,Maire Tecnimont SpA,Maire Tecnimont Spa,,,,,,,,,,,,,,,,
57078,57078,40558,Citrix Systems Inc,"Citrix Systems, Inc.",,,,,,,,,,,,,,,,
57079,57079,3378,MARCEGAGLIA SPECIALTIES SPA,MARCEGAGLIA STEEL SPA,,,,,,,,,,,,,,,,
57081,57081,21347,Zhejiang Weiming Environment Protection,Zhejiang Weiming Environment Protection Co. Ltd,,,,,,,,,,,,,,,,
57083,57083,10054,Asseco Poland,Asseco Poland SA,,,,,,,,,,,,,,,,
57084,57084,8282,T. Rowe Price Group,T. Rowe Price Group Inc,,,,,,,,,,,,,,,,
57087,57087,56118,Sigurd Microelectronics Corp,Sigurd Microelectronics Corporation,,,,,,,,,,,,,,,,
57101,57101,54936,The North West Co Inc,"The North West Company, Inc.",,,,,,,,,,,,,,,,
57102,57102,50554,RemeGen Co. Ltd,"Remegen Co., Ltd.",,,,,,,,,,,,,,,,
57103,57103,2183,Hexagon,Hexagon AB,,,,,,,,,,,,,,,,
57106,57106,39900,DuPont de Nemours Inc,"DuPont de Nemours, Inc.",,,,,,,,,,,,,,,,
57107,57107,17682,Greencore,Greencore Group,,,,,,,,,,,,,,,,
57118,57118,24187,Ahli United Bank,Ahli United Bank BSc,,,,,,,,,,,,,,,,
57124,57124,47770,Groupimo,Groupm,,,,,,,,,,,,,,,,
57135,57135,36891,Xinte Energy Co Ltd,Xinte Energy Co. Ltd,,,,,,,,,,,,,,,,
57144,57144,25639,Public Power Corporation,Public Power Corporation S.a.,,,,,,,,,,,,,,,,
57151,57151,37810,Seino Holdings,Seino Holdings Co. Ltd,,,,,,,,,,,,,,,,
57155,57155,22281,Zhejiang Narada Power Source,Zhejiang Narada Power Source Co. Ltd,,,,,,,,,,,,,,,,
57158,57158,42532,FirstGroup Plc,FirstGroup plc,,,,,,,,,,,,,,,,
57160,57160,47865,Parker Hannifin Corp,Parker-Hannifin,,,,,,,,,,,,,,,,
57162,57162,12118,Jindal Stainless (hisar),Jindal Stainless Ltd,,,,,,,,,,,,,,,,
57182,57182,55689,DexCom,DexCom Inc,,,,,,,,,,,,,,,,
57190,57190,29304,Pure Storage,Pure Storage Inc,,,,,,,,,,,,,,,,
57192,57192,14791,Suncor Energy Inc,Suncor Energy Inc.,,,,,,,,,,,,,,,,
57219,57219,1528,Ballard Power Systems,Ballard Power Systems Inc.,,,,,,,,,,,,,,,,
57224,57224,9580,China Petrochemical Corp,China Petrochemical Development Corp,,,,,,,,,,,,,,,,
57225,57225,16,Maccura Biotechnology Co.Ltd,Maccura Biotechnology Co.ltd,,,,,,,,,,,,,,,,
57236,57236,50315,Toll Brothers,Toll Brothers Inc,,,,,,,,,,,,,,,,
57237,57237,18254,Zhejiang Tianyu Pharmaceutical,Zhejiang Tianyu Pharmaceutical Co. Ltd,,,,,,,,,,,,,,,,
57241,57241,21346,Public Joint Stock Company ALROSA-Nurba,Public Joint Stock Company Abrau-Durso,,,,,,,,,,,,,,,,
57254,57254,27465,Gaumont,Gaumont SA,,,,,,,,,,,,,,,,
57257,57257,13834,TI Fluid Systems Plc,TI Fluid Systems plc,,,,,,,,,,,,,,,,
57265,57265,50859,Maxar Technologies,Maxar Technologies Inc,,,,,,,,,,,,,,,,
57266,57266,46938,Banca Mediolanum S.p.A.,Banca Mediolanum SpA,,,,,,,,,,,,,,,,
57267,57267,13180,Pou Chen Corp,Pou Chen Corporation,,,,,,,,,,,,,,,,
57284,57284,46231,Kyocera,Kyocera Corp,,,,,,,,,,,,,,,,
57293,57293,3341,Great-West Lifeco Inc.,Great-west Lifeco,,,,,,,,,,,,,,,,
57295,57295,33371,America Movil,America Movil SAB DE CV,,,,,,,,,,,,,,,,
57300,57300,57293,Great-West Lifeco Inc,Great-West Lifeco Inc.,,,,,,,,,,,,,,,,
57304,57304,57128,Shanghai Fudan Microelectronics Group Company,Shanghai Fudan Microelectronics Group Company Ltd,,,,,,,,,,,,,,,,
57308,57308,26899,United Bankshares,United Bankshares Inc,,,,,,,,,,,,,,,,
57318,57318,3742,"NBCUNIVERSAL MEDIA, LLC","NBCUNIVERSAL, LLC",,,,,,,,,,,,,,,,
57322,57322,2696,China Jinmao Holdings Group,China Jinmao Holdings Group Ltd,,,,,,,,,,,,,,,,
57328,57328,34901,SOFTWARE INFORMATICS LIMITED,SOFTWARE INFOTECH LTD,,,,,,,,,,,,,,,,
57338,57338,19768,Thor Industries,Thor Industries Inc,,,,,,,,,,,,,,,,
57340,57340,49349,North Pacific Bank,North Pacific Bank Ltd,,,,,,,,,,,,,,,,
57357,57357,16743,Unity Software,Unity Software Inc.,,,,,,,,,,,,,,,,
57363,57363,48172,Sinopharm Group,Sinopharm Group Co Ltd,,,,,,,,,,,,,,,,
57370,57370,26529,Watsco,Watsco Inc,,,,,,,,,,,,,,,,
57377,57377,2781,Adani Transmission Ltd,Adani Transmissions,,,,,,,,,,,,,,,,
57379,57379,4165,Huntington Ingalls Industries Inc,"Huntington Ingalls Industries, Inc.",,,,,,,,,,,,,,,,
57394,57394,42455,Bayerische Motoren Werke (bmw),Bayerische Motoren Werke AG,,,,,,,,,,,,,,,,
57398,57398,15619,SOFTWARE MACHINES LIMITED,SOFTWARE MAINTENANCE LIMITED,,,,,,,,,,,,,,,,
57406,57406,39463,Daito Trust Construction,Daito Trust Construction Co Ltd,,,,,,,,,,,,,,,,
57429,57429,51823,Jiangsu Changshu Rural Commercial Bank Co Ltd,Jiangsu Changshu Rural Commercial Bank Co. Ltd,,,,,,,,,,,,,,,,
57432,57432,4430,"Pershing Square Holdings, Ltd.","Pershing Square Tontine Holdings, Ltd.",,,,,,,,,,,,,,,,
57446,57446,15296,Koninklijke KPN N.V.,Koninklijke KPN NV,,,,,,,,,,,,,,,,
57450,57450,44039,Banco Bilbao Vizcaya Argentaria,Banco Bilbao Vizcaya Argentaria (BBVA),,,,,,,,,,,,,,,,
57451,57451,44213,Hoshine Silicon Industry,Hoshine Silicon Industry Co. Ltd,,,,,,,,,,,,,,,,
57462,57462,35422,Unieuro SPA,Unieuro Spa,,,,,,,,,,,,,,,,
57463,57463,42690,Hanwha Aerospace,Hanwha Aerospace Co Ltd,,,,,,,,,,,,,,,,
57470,57470,36014,Commerce Bancshares,Commerce Bancshares Inc,,,,,,,,,,,,,,,,
57472,57472,5985,Vitro SAB de CV,"Vitro, S.A.B. de C.V.",,,,,,,,,,,,,,,,
57475,57475,6617,Digital Arts,"Digital Arts, Inc.",,,,,,,,,,,,,,,,
57479,57479,20851,Yamato Holdings Co Ltd,"Yamato Holdings Co., Ltd.",,,,,,,,,,,,,,,,
57493,57493,12356,Denison Mines,Denison Mines Corp.,,,,,,,,,,,,,,,,
57496,57496,24346,Trane Technologies Plc,Trane Technologies plc,,,,,,,,,,,,,,,,
57497,57497,17677,ICE DATA SERVICES EUROPE LIMITED,ICE DATA SERVICES LIMITED,,,,,,,,,,,,,,,,
57500,57500,22403,Leidos Holdings Inc,"Leidos Holdings, Inc.",,,,,,,,,,,,,,,,
57504,57504,41205,Inter Pipeline Ltd,Inter Pipeline Ltd.,,,,,,,,,,,,,,,,
57509,57509,44846,Shanghai Haohai Biological Technology,Shanghai Haohai Biological Technology Co. Ltd,,,,,,,,,,,,,,,,
57513,57513,13387,Shapir Engineering And Industry Ltd,Shapir Engineering and Industry Ltd,,,,,,,,,,,,,,,,
57516,57516,53150,SOFTWARE ASSOCIATES INTERNATIONAL LTD,SOFTWARE ASSOCIATES LIMITED,,,,,,,,,,,,,,,,
57541,57541,18297,Standard Lithium Ltd,Standard Lithium Ltd.,,,,,,,,,,,,,,,,
57544,57544,37243,Universal Corp,Universal Corporation,,,,,,,,,,,,,,,,
57556,57556,33633,Firefly,Firefly AB,,,,,,,,,,,,,,,,
57560,57560,40554,"Anhui Wanwei Updated High-Tech Material Industry Co.,Ltd","Anhui Wanwei Updated High-tech Material Industry Co.,ltd",,,,,,,,,,,,,,,,
57561,57561,49833,Winning Health Technology Group,Winning Health Technology Group Co. Ltd,,,,,,,,,,,,,,,,
57564,57564,23312,"Grupo Pochteca, S.A.B. de C.V.","Grupo Posadas, S.A.B. de C.V.",,,,,,,,,,,,,,,,
57566,57566,17174,Sumitomo Chemical,Sumitomo Chemical Co Ltd,,,,,,,,,,,,,,,,
57567,57567,6099,Freightways,Freightways Ltd,,,,,,,,,,,,,,,,
57573,57573,17364,Constellation Software,Constellation Software Inc,,,,,,,,,,,,,,,,
57577,57577,51344,Transcend Information,"Transcend Information, Inc.",,,,,,,,,,,,,,,,
57580,57580,21513,Central Japan Railway,Central Japan Railway Co,,,,,,,,,,,,,,,,
57585,57585,28385,Banco Santander Río SA,Banco Santander SA,,,,,,,,,,,,,,,,
57617,57617,1207,Wuerth,Wuerth Srl,,,,,,,,,,,,,,,,
57624,57624,15052,ALL ABOUT STONE LTD,ALL ABOUT STOVES LTD,,,,,,,,,,,,,,,,
57625,57625,13239,Korian,Korian SE,,,,,,,,,,,,,,,,
57628,57628,57417,Synopsys Inc,"Synopsys, Inc.",,,,,,,,,,,,,,,,
57631,57631,19005,Moody's Corp,Moody's Corporation,,,,,,,,,,,,,,,,
57634,57634,3507,Roku Inc,"Roku, Inc.",,,,,,,,,,,,,,,,
57649,57649,36053,Williams Sonoma Inc,Williams-Sonoma,,,,,,,,,,,,,,,,
57663,57663,56370,Shanghai Zhenhua Heavy Industries Co Ltd,Shanghai Zhenhua Heavy Industries Co. Ltd,,,,,,,,,,,,,,,,
57667,57667,24512,Spectrum Brands Holdings,Spectrum Brands Holdings Inc,,,,,,,,,,,,,,,,
57670,57670,35473,Skanska,Skanska AB,,,,,,,,,,,,,,,,
57673,57673,56314,Veritiv Corp,Veritiv Corporation,,,,,,,,,,,,,,,,
57681,57681,48166,Beijer Ref Ab,Beijer Ref Ab (publ),,,,,,,,,,,,,,,,
57691,57691,36183,Shaanxi Coal Industry Co Ltd,Shaanxi Coal Industry Company,,,,,,,,,,,,,,,,
57707,57707,43383,Pegasus Hava Tasimaciligi AS,Pegasus Hava Tasimaciligi Anonim Sirketi,,,,,,,,,,,,,,,,
57718,57718,29807,Usinas Siderurgicas de Minas Gerais SA,Usinas Siderúrgicas de Minas Gerais SA,,,,,,,,,,,,,,,,
57729,57729,26020,Zendesk Inc,"Zendesk, Inc.",,,,,,,,,,,,,,,,
57733,57733,26030,Hongta Securities,Hongta Securities Co. Ltd,,,,,,,,,,,,,,,,
57734,57734,14913,SITC International Holdings,SITC International Holdings Co Ltd,,,,,,,,,,,,,,,,
57738,57738,9002,Swiss Prime Site AG,Swiss Prime Site Ag,,,,,,,,,,,,,,,,
57743,57743,17881,Inspire Medical Systems,"Inspire Medical Systems, Inc.",,,,,,,,,,,,,,,,
57751,57751,21948,PRA Health Sciences Inc,"PRA Health Sciences, Inc.",,,,,,,,,,,,,,,,
57755,57755,25914,ALL ABOUT THE DOG ACADEMY LTD,ALL ABOUT THE DOG LTD,,,,,,,,,,,,,,,,
57756,57756,13463,Blackrock Science And Technology Trust,Blackrock Science And Technology Trust Ii,,,,,,,,,,,,,,,,
57763,57763,17795,T & A BROTHERS INT LTD,T & A BROTHERS LTD,,,,,,,,,,,,,,,,
57766,57766,46036,Alcon Inc,Alcon Inc.,,,,,,,,,,,,,,,,
57767,57767,2313,Old Mutual,Old Mutual Limited,,,,,,,,,,,,,,,,
57771,57771,33350,ZhongAn Online P&C Insurance Co Ltd,Zhongan Online P & C Insurance,,,,,,,,,,,,,,,,
57779,57779,16577,Man Group Plc,Man Group plc,,,,,,,,,,,,,,,,
57785,57785,26425,Fastenal Co,Fastenal Company,,,,,,,,,,,,,,,,
57797,57797,51336,Moelis & Co,Moelis & Company,,,,,,,,,,,,,,,,
57798,57798,22361,P & A SERVICES LIMITED,P & A SERVICES SOUTH WEST LIMITED,,,,,,,,,,,,,,,,
57801,57801,21647,SOFTWARE GENERATION HOLDINGS LIMITED,SOFTWARE GENERATION LTD,,,,,,,,,,,,,,,,
57812,57812,51412,Nilfisk Holding A-S,Nilfisk Holding A/s,,,,,,,,,,,,,,,,
57825,57825,24846,Anglo American,Anglo American Platinum,,,,,,,,,,,,,,,,
57829,57829,34129,Kweichow Moutai,Kweichow Moutai Co Ltd,,,,,,,,,,,,,,,,
57841,57841,10497,Brookfield Business Partners,Brookfield Business Partners LP,,,,,,,,,,,,,,,,
57855,57855,27650,Croda International,Croda International Plc,,,,,,,,,,,,,,,,
57865,57865,14331,Q CATERING LIMITED,Q CATERING SUPPLIES LIMITED,,,,,,,,,,,,,,,,
57878,57878,3690,Ratch Group Public Company,Ratch Group Public Company Ltd,,,,,,,,,,,,,,,,
57880,57880,29149,Packaging Corporation Of America,Packaging Corporation of America,,,,,,,,,,,,,,,,
57881,57881,33336,Recordati Industria Chimica E Farmaceutica,Recordati Industria Chimica E Farmaceutica Spa,,,,,,,,,,,,,,,,
57886,57886,51148,Berliner Effektengesellschaft AG,Berliner Effektengesellschaft Ag,,,,,,,,,,,,,,,,
57887,57887,5778,Chemplast Sanmar,Chemplast Sanmar Limited,,,,,,,,,,,,,,,,
57890,57890,23320,REVOLUT TRADING LTD,REVOLUT TRAVEL LTD,,,,,,,,,,,,,,,,
57902,57902,9782,Aedas Homes,"Aedas Homes, SA",,,,,,,,,,,,,,,,
57906,57906,52583,Canva,Canvera,,,,,,,,,,,,,,,,
57910,57910,31215,Adient,Adient Plc,,,,,,,,,,,,,,,,
57927,57927,52835,CNH Industrial,CNH Industrial N.V.,,,,,,,,,,,,,,,,
57928,57928,41495,Migdal Insurance And Financial Holdings,Migdal Insurance and Financial Holdings Ltd,,,,,,,,,,,,,,,,
57939,57939,8409,HealthAssure,HealthAsyst,,,,,,,,,,,,,,,,
57951,57951,3028,China Gas Holdings,China Gas Holdings Ltd,,,,,,,,,,,,,,,,
57960,57960,36015,UnitedHealth Group,UnitedHealth Group Inc,,,,,,,,,,,,,,,,
57965,57965,56515,Jiangsu Hengrui Medicine Co Ltd,Jiangsu Hengrui Medicine Co. Ltd,,,,,,,,,,,,,,,,
57967,57967,19943,Beijing Vantone Real Estate,Beijing Vantone Real Estate Co. Ltd,,,,,,,,,,,,,,,,
57979,57979,16832,Fuji Electric,Fuji Electric Co Ltd,,,,,,,,,,,,,,,,
57984,57984,42067,Horizon Therapeutics Plc,Horizon Therapeutics Public Company,,,,,,,,,,,,,,,,
57992,57992,49167,Neoenergia S.a.,Neoenergia SA,,,,,,,,,,,,,,,,
57996,57996,36956,MEG Energy Corp,MEG Energy Corp.,,,,,,,,,,,,,,,,
58007,58007,51596,H & A TRADING LIMITED,H & A TRADING SERVICES LTD,,,,,,,,,,,,,,,,
58015,58015,56649,US Foods Holding Corp,US Foods Holding Corp.,,,,,,,,,,,,,,,,
58029,58029,1787,Intertek Group Plc,Intertek Group plc,,,,,,,,,,,,,,,,
58030,58030,7333,Gibson Energy,Gibson Energy Inc,,,,,,,,,,,,,,,,
58035,58035,47777,Sonic Healthcare,Sonic Healthcare Limited,,,,,,,,,,,,,,,,
58037,58037,45841,Fuso Chemical,"Fuso Chemical Co.,Ltd.",,,,,,,,,,,,,,,,
58045,58045,8898,Altran Technologies,Altran Technologies SA,,,,,,,,,,,,,,,,
58047,58047,34969,Doosan Babcock,Doosan Bobcat,,,,,,,,,,,,,,,,
58055,58055,165,BEAUTY BERIE LTD,BEAUTY BET LTD,,,,,,,,,,,,,,,,
58056,58056,27112,Z & A SOLUTIONS LIMITED,Z & B CONSULTANTS LIMITED,,,,,,,,,,,,,,,,
58062,58062,38122,Delek Automotive Systems,Delek Automotive Systems Ltd,,,,,,,,,,,,,,,,
58063,58063,52160,Agnico Eagle Mines,Agnico Eagle Mines Limited,,,,,,,,,,,,,,,,
58070,58070,41916,Amilon,Amiltone,,,,,,,,,,,,,,,,
58076,58076,39105,Japan Lifeline,Japan Lifeline Co. Ltd,,,,,,,,,,,,,,,,
58079,58079,7872,Avery Dennison Corp,Avery Dennison Corporation,,,,,,,,,,,,,,,,
58095,58095,15918,TELEFONICA O2 UK LIMITED,TELEFONICA UK LIMITED,,,,,,,,,,,,,,,,
58108,58108,17609,Moneysupermarket.com Group,Moneysupermarket.com Group plc,,,,,,,,,,,,,,,,
58111,58111,31284,Amundi,Amundi SA,,,,,,,,,,,,,,,,
58134,58134,21331,Tate & Lyle PLC,Tate & Lyle plc,,,,,,,,,,,,,,,,
58138,58138,13794,United Renewable Energy,United Renewable Energy Co. Ltd,,,,,,,,,,,,,,,,
58140,58140,19977,GOOD CHEMISTRY BREWING LIMITED,GOOD CHEMISTRY PUBS LIMITED,,,,,,,,,,,,,,,,
58143,58143,30080,Info Edge (india),Info Edge India,,,,,,,,,,,,,,,,
58146,58146,57009,Draper Esprit,Draper Esprit plc,,,,,,,,,,,,,,,,
58147,58147,21949,Option Care Health Inc,"Option Care Health, Inc.",,,,,,,,,,,,,,,,
58149,58149,36149,Icahn Enterprises,Icahn Enterprises L.P.,,,,,,,,,,,,,,,,
58172,58172,22782,Aditya Birla Money,Aditya Birla Nuvo,,,,,,,,,,,,,,,,
58174,58174,27671,Archer-Daniels-Midland Company,Archer-daniels-midland Company,,,,,,,,,,,,,,,,
58190,58190,44349,Arabian Petroleum,Arabian Petroleum Limited,,,,,,,,,,,,,,,,
58191,58191,13474,China State Construction Engineering Corp Ltd,China State Construction Engineering Corporation,,,,,,,,,,,,,,,,
58192,58192,6066,China Yongda Automobiles Services Holdings,China Yongda Automobiles Services Holdings Ltd,,,,,,,,,,,,,,,,
58193,58193,54919,Banca Monte Dei Paschi Di Siena,Banca Monte Dei Paschi Di Siena Spa,,,,,,,,,,,,,,,,
58201,58201,44708,Bank of America,Bank of America Careers,,,,,,,,,,,,,,,,
58202,58202,8835,Owl Rock Capital Corp,Owl Rock Capital Corporation,,,,,,,,,,,,,,,,
58218,58218,44491,Mercadona,Mercadona SA,,,,,,,,,,,,,,,,
58222,58222,32542,Metro Inc,Metro Inc.,,,,,,,,,,,,,,,,
58223,58223,29067,Evergy,Evergy Inc,,,,,,,,,,,,,,,,
58237,58237,29955,Autobio Diagnostics,Autobio Diagnostics Co. Ltd,,,,,,,,,,,,,,,,
58247,58247,18644,Q CAFE LOUNGE LTD,Q CAFE LTD,,,,,,,,,,,,,,,,
58256,58256,4004,NEW AGE DEVELOPERS (LOTHIAN) LIMITED,NEW AGE DEVELOPERS LIMITED,,,,,,,,,,,,,,,,
58267,58267,32989,Rightmove,Rightmove plc,,,,,,,,,,,,,,,,
58281,58281,15686,Unibail-Rodamco-Westfield SE,Unibail-rodamco-westfield,,,,,,,,,,,,,,,,
58290,58290,700,Mineral Resources Limited,Mineral Resources Ltd,,,,,,,,,,,,,,,,
58301,58301,13803,Enerjisa Enerji A.S.,Enerjisa Enerji AS,,,,,,,,,,,,,,,,
58304,58304,53831,Ain Holdings Inc,"Ain Holdings, Inc.",,,,,,,,,,,,,,,,
58321,58321,23757,Jazz Pharmaceuticals Plc,Jazz Pharmaceuticals plc,,,,,,,,,,,,,,,,
58335,58335,20433,Moderna Inc,"Moderna, Inc.",,,,,,,,,,,,,,,,
58339,58339,42730,nVent Electric Plc,nVent Electric plc,,,,,,,,,,,,,,,,
58345,58345,9130,Björn Borg,Björn Borg AB,,,,,,,,,,,,,,,,
58350,58350,30900,Healthcare Services Group,Healthcare Services Group Inc,,,,,,,,,,,,,,,,
58362,58362,28927,Guangzhou Automobile Group,Guangzhou Automobile Group Co Ltd,,,,,,,,,,,,,,,,
58364,58364,17326,Haemonetics Corp,Haemonetics Corporation,,,,,,,,,,,,,,,,
58391,58391,10521,Wolong Electric Drive Group,Wolong Electric Drive Group Co. Ltd,,,,,,,,,,,,,,,,
58401,58401,25596,Toyo Seikan Group Holdings,Toyo Seikan Group Holdings Ltd,,,,,,,,,,,,,,,,
58402,58402,2033,American Airlines Group Inc,American Airlines Group Inc.,,,,,,,,,,,,,,,,
58405,58405,31028,Xiamen C&D,Xiamen C&D Inc,,,,,,,,,,,,,,,,
58408,58408,29772,NEW AGE ELECTRICAL GROUP LIMITED,NEW AGE ELECTRICAL OXFORD LIMITED,,,,,,,,,,,,,,,,
58417,58417,27851,SOFTWARE TECHNOLOGIES LTD,SOFTWARE TECHNOLOGY SOLUTIONS LTD,,,,,,,,,,,,,,,,
58421,58421,10386,Shikoku Electric Power Company,"Shikoku Electric Power Company, Inc.",,,,,,,,,,,,,,,,
58428,58428,31936,Ningbo Zhoushan Port Company,Ningbo Zhoushan Port Company Ltd,,,,,,,,,,,,,,,,
58433,58433,58269,Element Fleet Management Corp,Element Fleet Management Corp.,,,,,,,,,,,,,,,,
58437,58437,53201,Mitsui OSK Lines,Mitsui OSK Lines Ltd,,,,,,,,,,,,,,,,
58438,58438,31693,Seven West Media Limited,Seven West Media Ltd,,,,,,,,,,,,,,,,
58439,58439,53132,Brown-Forman Corp,Brown-Forman Corporation,,,,,,,,,,,,,,,,
58442,58442,21499,Maple Leaf Foods Inc,Maple Leaf Foods Inc.,,,,,,,,,,,,,,,,
58443,58443,14945,Q C ELECTRICAL HOLDINGS LIMITED,Q C ELECTRICAL LIMITED,,,,,,,,,,,,,,,,
58445,58445,33092,China United Network Communications,China United Network Communications Ltd,,,,,,,,,,,,,,,,
58449,58449,14691,United Internet AG,United Internet Ag,,,,,,,,,,,,,,,,
58453,58453,19331,Dycom Industries,Dycom Industries Inc,,,,,,,,,,,,,,,,
58454,58454,56342,Bank of India,Bank of Ireland,,,,,,,,,,,,,,,,
58471,58471,39545,X5 Retail Group Careers,X5 Retail Group NV,,,,,,,,,,,,,,,,
58478,58478,3096,Fletcher Building,Fletcher Building Limited,,,,,,,,,,,,,,,,
58479,58479,1941,Close Brothers Group Plc,Close Brothers Group plc,,,,,,,,,,,,,,,,
58490,58490,26046,Daiwa Securities Group Inc,"Daiwa Securities Group, Inc.",,,,,,,,,,,,,,,,
58491,58491,49137,Devon Energy,Devon Energy Corp,,,,,,,,,,,,,,,,
58495,58495,55001,Zurich Insurance Group,Zurich Insurance Group AG,,,,,,,,,,,,,,,,
58514,58514,21195,Country Garden Services Holdings Company,Country Garden Services Holdings Company Ltd,,,,,,,,,,,,,,,,
58525,58525,15056,Qurate Retail Group,Qurate Retail Inc,,,,,,,,,,,,,,,,
58527,58527,51925,Diageo,Diageo Plc,,,,,,,,,,,,,,,,
58534,58534,48954,American Water Works,American Water Works Co Inc,,,,,,,,,,,,,,,,
58539,58539,14801,Cherkizovo Group,Cherkizovo Group PJSC,,,,,,,,,,,,,,,,
58542,58542,50707,Bank of Zhengzhou Co Ltd,Bank of Zhengzhou Co. Ltd,,,,,,,,,,,,,,,,
58544,58544,2089,Quanta Computer Inc,"Quanta Computer, Inc.",,,,,,,,,,,,,,,,
58546,58546,42104,Kingsoft Corporation,Kingsoft Corporation Ltd,,,,,,,,,,,,,,,,
58561,58561,48759,Sto SE & Co KGaA,Sto Se & Co. Kgaa,,,,,,,,,,,,,,,,
58562,58562,8949,Siegfried Holding AG,Siegfried Holding Ag,,,,,,,,,,,,,,,,
58565,58565,8179,Xinjiang Yilite Industry,"Xinjiang Yilite Industry Co.,Ltd",,,,,,,,,,,,,,,,
58567,58567,23591,Reply SpA,Reply Spa,,,,,,,,,,,,,,,,
58569,58569,34416,Sichuan Changhong Electric,Sichuan Changhong Electric Co Ltd,,,,,,,,,,,,,,,,
58579,58579,15437,Taro Pharmaceutical Industries,Taro Pharmaceutical Industries Ltd.,,,,,,,,,,,,,,,,
58582,58582,43127,Metallurgical Corp of China,Metallurgical Corp of China Ltd,,,,,,,,,,,,,,,,
58593,58593,36390,Taiwan Fertilizer,Taiwan Fertilizer Co. Ltd,,,,,,,,,,,,,,,,
58594,58594,28843,Major Power Technology,Major-Power Technology,,,,,,,,,,,,,,,,
58596,58596,29595,Shimano,Shimano Inc,,,,,,,,,,,,,,,,
58599,58599,38936,Alibaba Health Information Technology,Alibaba Health Information Technology Ltd,,,,,,,,,,,,,,,,
58600,58600,53299,GOOD & TRUSTED STORAGE LTD,GOOD & TRUSTED WILLS LTD,,,,,,,,,,,,,,,,
58608,58608,26559,Star Petroleum Refining PCL,Star Petroleum Refining Public Company,,,,,,,,,,,,,,,,
58637,58637,23120,CALLIGARIS OM SRL,CALLIGARIS SPA,,,,,,,,,,,,,,,,
58640,58640,31889,Lincoln Pharmaceuticals,Lincoln Pharmaceuticals Ltd,,,,,,,,,,,,,,,,
58648,58648,50157,ALL ABOUT PEOPLE LIMITED,ALL ABOUT PET HEALTH LIMITED,,,,,,,,,,,,,,,,
58649,58649,13470,AmerisourceBergen,AmerisourceBergen Corp,,,,,,,,,,,,,,,,
58654,58654,50852,Infineon Technologies AG,Infineon Technologies Ag,,,,,,,,,,,,,,,,
58655,58655,23683,China Life Insurance Co Ltd,China Life Insurance Co. Ltd,,,,,,,,,,,,,,,,
58686,58686,36560,ALL ABOUT BUILD LTD,ALL ABOUT BUILDERS LTD,,,,,,,,,,,,,,,,
58693,58693,13326,IDS SA,IDSUD SA,,,,,,,,,,,,,,,,
58694,58694,34636,Chongqing Changan Automobile Co Ltd,Chongqing Changan Automobile Company,,,,,,,,,,,,,,,,
58699,58699,764,Alphawave IP Group plc,Alphawave Ip Group Plc,,,,,,,,,,,,,,,,
58708,58708,23597,Telefonica SA,Telefonica Sa,,,,,,,,,,,,,,,,
58709,58709,26848,Fukuoka Financial Group,Fukuoka Financial Group Inc,,,,,,,,,,,,,,,,
58723,58723,44499,Hyundai Motor Careers,Hyundai Motor Co,,,,,,,,,,,,,,,,
58729,58729,41157,Cimpress,Cimpress Plc,,,,,,,,,,,,,,,,
58733,58733,5168,GF Securities Co Ltd,GF Securities Co. Ltd,,,,,,,,,,,,,,,,
58739,58739,57280,"SYNEOS HEALTH, INC.","SYNEOS HEALTH, LLC",,,,,,,,,,,,,,,,
58759,58759,54811,Consolidated Edison,Consolidated Edison Inc,,,,,,,,,,,,,,,,
58762,58762,2927,Derichebourg,Derichebourg SA,,,,,,,,,,,,,,,,
58765,58765,14599,Yusys Technologies,Yusys Technologies Co. Ltd,,,,,,,,,,,,,,,,
58775,58775,43647,Xtep International Holdings,Xtep International Holdings Ltd,,,,,,,,,,,,,,,,
58776,58776,22224,The Star Entertainment Group,The Star Entertainment Group Limited,,,,,,,,,,,,,,,,
58791,58791,16708,Shandong Buchang Pharmaceutical Co Ltd,Shandong Buchang Pharmaceuticals,,,,,,,,,,,,,,,,
58808,58808,35848,Howden Joinery Group Plc,Howden Joinery Group plc,,,,,,,,,,,,,,,,
58819,58819,20167,China National Nuclear Power Co Ltd,China National Nuclear Power Co. Ltd,,,,,,,,,,,,,,,,
58834,58834,49469,Shengjing Bank,Shengjing Bank Co. Ltd,,,,,,,,,,,,,,,,
58838,58838,55119,Ferrexpo,Ferrexpo Plc,,,,,,,,,,,,,,,,
58839,58839,58522,Alba,Alba SE,,,,,,,,,,,,,,,,
58852,58852,721,Mitsui Fudosan,Mitsui Fudosan Co Ltd,,,,,,,,,,,,,,,,
58859,58859,55801,Datang International Power,Datang International Power Generation,,,,,,,,,,,,,,,,
58865,58865,11497,Isetan Mitsukoshi Holdings,Isetan Mitsukoshi Holdings Ltd,,,,,,,,,,,,,,,,
58868,58868,55440,Scentre Group,Scentre Group Ltd,,,,,,,,,,,,,,,,
58870,58870,15581,Toei Animation,"Toei Animation Co.,Ltd.",,,,,,,,,,,,,,,,
58888,58888,3271,Grifols SA,"Grifols, SA",,,,,,,,,,,,,,,,
58889,58889,50595,Glencore Plc,Glencore plc,,,,,,,,,,,,,,,,
58893,58893,15259,Zhejiang Expressway Co. Ltd,Zhejiang Expressway Co. Ltd.,,,,,,,,,,,,,,,,
58921,58921,30055,Holmen,Holmen AB,,,,,,,,,,,,,,,,
58924,58924,33453,Grendene,Grendene SA,,,,,,,,,,,,,,,,
58925,58925,17349,Triple Flag Precious Metals Corp,Triple Flag Precious Metals Corp.,,,,,,,,,,,,,,,,
58933,58933,38857,National Express Group Plc,National Express Group plc,,,,,,,,,,,,,,,,
58940,58940,42245,BRP Inc,BRP Inc.,,,,,,,,,,,,,,,,
58952,58952,24388,P & A PROPERTIES SERVICES LTD,P & A PROPERTIES WIRRAL LTD,,,,,,,,,,,,,,,,
58959,58959,17266,Sumitomo Metal Mining Co Ltd,Sumitomo Metal Mining Co. Ltd,,,,,,,,,,,,,,,,
58980,58980,10638,ASCENSION HEALTH,ASCENSION HEALTH ALLIANCE,,,,,,,,,,,,,,,,
58983,58983,33516,China Steel Corp,China Steel Corporation,,,,,,,,,,,,,,,,
58984,58984,12456,Valentino SpA,Valentino Spa,,,,,,,,,,,,,,,,
58992,58992,54782,Bajaj Capital,Bajaj Capital Insurance,,,,,,,,,,,,,,,,
59001,59001,11919,Jiangsu Yanghe Brewery JSC Ltd,Jiangsu Yanghe Brewery Joint-stock,,,,,,,,,,,,,,,,
59003,59003,46620,Advanced Drainage Systems Inc,"Advanced Drainage Systems, Inc.",,,,,,,,,,,,,,,,
59013,59013,33240,Flat Glass Group,Flat Glass Group Co Ltd,,,,,,,,,,,,,,,,
59016,59016,1272,Zebra Technologies,Zebra Technologies Corp,,,,,,,,,,,,,,,,
59020,59020,11493,Stella-Jones Inc,Stella-Jones Inc.,,,,,,,,,,,,,,,,
59027,59027,57192,Suncor Energy,Suncor Energy Inc,,,,,,,,,,,,,,,,
59034,59034,56171,Strauss Group,Strauss Group Ltd,,,,,,,,,,,,,,,,
59038,59038,28429,BEAUTY & THE BEAST PUBLISHING LTD,BEAUTY & THE BEAT LTD,,,,,,,,,,,,,,,,
59046,59046,1138,Nitori Holdings,Nitori Holdings Co Ltd,,,,,,,,,,,,,,,,
59060,59060,47036,Pan American Silver,Pan American Silver Corp,,,,,,,,,,,,,,,,
59062,59062,7143,Chung Hung Steel Corp,Chung Hung Steel Corporation,,,,,,,,,,,,,,,,
59066,59066,10140,Amcor Plc,Amcor plc,,,,,,,,,,,,,,,,
59074,59074,35205,Zhejiang Huahai Pharmaceutical Co Ltd,Zhejiang Huahai Pharmaceutical Co. Ltd,,,,,,,,,,,,,,,,
59084,59084,43970,Jubilant Pharmova,Jubilant Pharmova Limited,,,,,,,,,,,,,,,,
59088,59088,26294,Encore Capital Group,Encore Capital Group Inc,,,,,,,,,,,,,,,,
59094,59094,4567,Hellofresh,Hellofresh Se,,,,,,,,,,,,,,,,
59097,59097,20211,The New York Times Co,The New York Times Company,,,,,,,,,,,,,,,,
59106,59106,28620,HCL Technologies,HCL Technologies BPO Services,,,,,,,,,,,,,,,,
59115,59115,19759,BAD GIRL BAKERY LTD,BAD GIRL BARRE LIMITED,,,,,,,,,,,,,,,,
59116,59116,53947,tecRacer Consulting,tecRacer Consulting*,,,,,,,,,,,,,,,,
59117,59117,39927,Imperial Brands Plc,Imperial Brands plc,,,,,,,,,,,,,,,,
59122,59122,33168,ALL ABOUT JOINERY (YORKSHIRE) LTD,ALL ABOUT JOINERY LTD,,,,,,,,,,,,,,,,
59125,59125,12976,Smurfit Kappa,Smurfit Kappa Group,,,,,,,,,,,,,,,,
59129,59129,15459,Fortinet,Fortinet Inc,,,,,,,,,,,,,,,,
59131,59131,24996,GOOD CLEANING LTD,GOOD CLEANING SERVICES LIMITED,,,,,,,,,,,,,,,,
59147,59147,8042,Vetoquinol SA,Vetoquinol Sa,,,,,,,,,,,,,,,,
59151,59151,2386,ALL ABOUT PROPERTIES LTD,ALL ABOUT PROPERTY INVESTMENTS LTD,,,,,,,,,,,,,,,,
59156,59156,34544,BEAUTY AND THE BENEFIT LIMITED,BEAUTY AND THE BEST LTD,,,,,,,,,,,,,,,,
59157,59157,24714,BAD VIBRATIONS FILM LIMITED,BAD VIBRATIONS LIMITED,,,,,,,,,,,,,,,,
59162,59162,30809,OGE Energy Corp,OGE Energy Corp.,,,,,,,,,,,,,,,,
59165,59165,29983,Atlantia,Atlantia SpA,,,,,,,,,,,,,,,,
59187,59187,15513,Shandong Bohui Paper Industry Co Ltd,Shandong Bohui Paper Industry Co. Ltd,,,,,,,,,,,,,,,,
59196,59196,31167,Tor.Mec Ambrosi,TorMec Ambrosi,,,,,,,,,,,,,,,,
59199,59199,17384,Boot Barn Holdings,Boot Barn Holdings Inc,,,,,,,,,,,,,,,,
59201,59201,22821,Nippon Accommodations Fund,"Nippon Accommodations Fund, Inc.",,,,,,,,,,,,,,,,
59202,59202,49994,Transaction Capital,Transaction Capital Ltd,,,,,,,,,,,,,,,,
59211,59211,15190,Chr. Hansen Holding,Chr. Hansen Holding A/s,,,,,,,,,,,,,,,,
59217,59217,3380,Analog Devices,Analog Devices Careers,,,,,,,,,,,,,,,,
59220,59220,19217,Catcher Technology,Catcher Technology Co Ltd,,,,,,,,,,,,,,,,
59228,59228,6603,Obrascón Huarte Lain,"Obrascón Huarte Lain, SA",,,,,,,,,,,,,,,,
59237,59237,57068,Maire Tecnimont S.p.A.,Maire Tecnimont SpA,,,,,,,,,,,,,,,,
59250,59250,47096,Hengli Petrochemical Co Ltd,"Hengli Petrochemical Co.,Ltd.",,,,,,,,,,,,,,,,
59256,59256,36699,Hilton Worldwide Holdings Inc,Hilton Worldwide Holdings Inc.,,,,,,,,,,,,,,,,
59257,59257,54116,Onex Corp,Onex Corporation,,,,,,,,,,,,,,,,
59270,59270,25163,State Auto Financial Corp,State Auto Financial Corporation,,,,,,,,,,,,,,,,
59273,59273,7193,Air Products and Chemicals Inc,"Air Products and Chemicals, Inc.",,,,,,,,,,,,,,,,
59276,59276,10905,Jiangsu Xinquan Automotive Trim,"Jiangsu Xinquan Automotive Trim Co.,Ltd.",,,,,,,,,,,,,,,,
59278,59278,56377,TE Connectivity Ltd,TE Connectivity Ltd.,,,,,,,,,,,,,,,,
59284,59284,40679,LPL Financial Holdings,LPL Financial Holdings Inc,,,,,,,,,,,,,,,,
59296,59296,4556,Rising Nonferrous Metals Share,"Rising Nonferrous Metals Share Co.,Ltd.",,,,,,,,,,,,,,,,
59297,59297,31026,UNO Minda,UNO Minda Ltd,,,,,,,,,,,,,,,,
59302,59302,27623,CF Industries Holdings Inc,"CF Industries Holdings, Inc.",,,,,,,,,,,,,,,,
59309,59309,24599,Mazda Motor Corp,Mazda Motor Corporation,,,,,,,,,,,,,,,,
59320,59320,29436,JFE Holdings,JFE Holdings Inc,,,,,,,,,,,,,,,,
59328,59328,30185,Heiwado Co Ltd,Heiwado Co. Ltd,,,,,,,,,,,,,,,,
59329,59329,10131,Mohawk Industries Inc,"Mohawk Industries, Inc.",,,,,,,,,,,,,,,,
59334,59334,59082,"Cboe Global Markets, Inc","Cboe Global Markets, Inc.",,,,,,,,,,,,,,,,
59336,59336,40603,Indorama Ventures Public Company,Indorama Ventures Public Company Ltd,,,,,,,,,,,,,,,,
59349,59349,8334,Ferrovial ConstrucciÃ³n S.a.,Ferrovial Construction,,,,,,,,,,,,,,,,
59356,59356,29709,Melisron,Melisron Ltd,,,,,,,,,,,,,,,,
59383,59383,17430,Heilongjiang ZBD Pharmaceutical Co. Ltd,Heilongjiang Zbd Pharmaceutical,,,,,,,,,,,,,,,,
59386,59386,1470,Danieli & C. Officine Meccaniche,Danieli & C. Officine Meccaniche S.p.A.,,,,,,,,,,,,,,,,
59387,59387,34017,Beijing Shougang,"Beijing Shougang Co., Ltd.",,,,,,,,,,,,,,,,
59390,59390,58271,Chow Tai Fook Jewellery Group,Chow Tai Fook Jewellery Group Ltd,,,,,,,,,,,,,,,,
59397,59397,5876,China International Capital,China International Capital Corp Ltd,,,,,,,,,,,,,,,,
59402,59402,57306,Intercorp Financial Services,Intercorp Financial Services Inc,,,,,,,,,,,,,,,,
59414,59414,5938,Bangkok Dusit Medical Services PCL,Bangkok Dusit Medical Services Public Company,,,,,,,,,,,,,,,,
59415,59415,14941,Genmab A/S,Genmab A/s,,,,,,,,,,,,,,,,
59427,59427,6778,Block Inc,"Block, Inc.",,,,,,,,,,,,,,,,
59431,59431,42429,FINANCE STATION LIMITED,FINANCE STATUS GROUP LIMITED,,,,,,,,,,,,,,,,
59445,59445,471,Saputo Inc,Saputo Inc.,,,,,,,,,,,,,,,,
59447,59447,1776,Energias de Portugal (EDP),Energias de Portugal SA,,,,,,,,,,,,,,,,
59450,59450,8816,Veeva Systems Inc,Veeva Systems Inc.,,,,,,,,,,,,,,,,
59456,59456,52975,Fuji Oil Holdings Inc,"Fuji Oil Holdings, Inc.",,,,,,,,,,,,,,,,
59457,59457,19397,"Fushun Special Steel Co.,LTD.","Fushun Special Steel Co.,ltd.",,,,,,,,,,,,,,,,
59481,59481,19721,Hanwha Life Insurance,Hanwha Life Insurance Co Ltd,,,,,,,,,,,,,,,,
59482,59482,14984,Marubeni Corp,Marubeni Corporation,,,,,,,,,,,,,,,,
59494,59494,30460,Huadian Power International Corp Ltd,Huadian Power International Corporation,,,,,,,,,,,,,,,,
59501,59501,42049,Kinder Morgan,Kinder Morgan Inc,,,,,,,,,,,,,,,,
59507,59507,45161,Rothschild & Co Sca,Rothschild & Co.,,,,,,,,,,,,,,,,
59513,59513,39796,Take-Two Interactive Software Inc,"Take-Two Interactive Software, Inc.",,,,,,,,,,,,,,,,
59515,59515,57356,Yunnan Yuntianhua Co Ltd,Yunnan Yuntianhua Co. Ltd,,,,,,,,,,,,,,,,
59524,59524,24324,Taiba Investments,Taiba Investments Co.,,,,,,,,,,,,,,,,
59538,59538,35941,Central Garden & Pet Co,Central Garden & Pet Company,,,,,,,,,,,,,,,,
59543,59543,45223,EQTEC,EQTEC plc,,,,,,,,,,,,,,,,
59547,59547,39092,London Stock Exchange Group Plc,London Stock Exchange Group plc,,,,,,,,,,,,,,,,
59571,59571,52789,LondonMetric Property plc,Londonmetric Property,,,,,,,,,,,,,,,,
59574,59574,30708,The Weir Group Plc,The Weir Group plc,,,,,,,,,,,,,,,,
59585,59585,12876,FOOD DELIVERY LTD,FOOD DELIVERY SERVICE 123 LTD,,,,,,,,,,,,,,,,
59591,59591,14793,Raymond James Financial Inc,"Raymond James Financial, Inc.",,,,,,,,,,,,,,,,
59598,59598,49360,Tianjin Zhong Xin Pharmaceutical Group Corp Ltd,Tianjin Zhong Xin Pharmaceutical Group Corporation,,,,,,,,,,,,,,,,
59602,59602,17932,BEAUTY AT PERFECTIONS LTD,BEAUTY AT TANNERS LTD,,,,,,,,,,,,,,,,
59611,59611,10039,Dawning Information Industry,Dawning Information Industry Co Ltd,,,,,,,,,,,,,,,,
59632,59632,28208,Majesco,Majesco Ltd,,,,,,,,,,,,,,,,
59638,59638,37035,Whitehaven Coal,Whitehaven Coal Limited,,,,,,,,,,,,,,,,
59661,59661,7864,Merida Industry,Merida Industry Co Ltd,,,,,,,,,,,,,,,,
59663,59663,43335,Shanghai Zhangjiang Hi-Tech Park Development Co. Ltd,Shanghai Zhangjiang Hi-tech Park Development,,,,,,,,,,,,,,,,
59665,59665,19544,Suez SA,Suez Sa,,,,,,,,,,,,,,,,
59666,59666,50040,Fancl Corp,Fancl Corporation,,,,,,,,,,,,,,,,
59701,59701,41190,Fertilisers And Chemicals Travancore,Fertilisers and Chemicals Travancore,,,,,,,,,,,,,,,,
59702,59702,59570,EMERSON PROCESS MANAGEMENT,EMERSON PROCESS MANAGEMENT SRL,,,,,,,,,,,,,,,,
59710,59710,46935,"VEOLIA NORTH AMERICA, INC.","VEOLIA NORTH AMERICA, LLC",,,,,,,,,,,,,,,,
59718,59718,32083,BAD ANT LTD,BAD ANTICS LTD,,,,,,,,,,,,,,,,
59726,59726,15721,Thai Oil Public Company,Thai Oil Public Company Ltd,,,,,,,,,,,,,,,,
59729,59729,34815,NEW AFTON LTD,NEW AFTON SPICY LIMITED,,,,,,,,,,,,,,,,
59730,59730,56883,Pepsi,PepsiCo,,,,,,,,,,,,,,,,
59738,59738,20415,International Game Technology PLC,International Game Technology Plc,,,,,,,,,,,,,,,,
59739,59739,47500,Coloplast,Coloplast A/S,,,,,,,,,,,,,,,,
59741,59741,40836,Canadian Utilities,Canadian Utilities Limited,,,,,,,,,,,,,,,,
59742,59742,41854,Ackermans & Van Haaren NV,Ackermans & Van Haaren Nv,,,,,,,,,,,,,,,,
59749,59749,3879,SOFTWARE SIGNALS LIMITED,SOFTWARE SILO LTD,,,,,,,,,,,,,,,,
59756,59756,7825,Petropavlovsk PLC,Petropavlovsk plc,,,,,,,,,,,,,,,,
59760,59760,41436,Fielmann,Fielmann AG,,,,,,,,,,,,,,,,
59762,59762,31225,Legal & General Group Plc,Legal & General Group plc,,,,,,,,,,,,,,,,
59769,59769,19729,Moncler SpA,Moncler Spa,,,,,,,,,,,,,,,,
59780,59780,48369,COSMO Pharmaceuticals NV,COSMOS Pharmaceutical Corp,,,,,,,,,,,,,,,,
59782,59782,13542,FLSmidth & Co A-S,FLSmidth & Co AS,,,,,,,,,,,,,,,,
59788,59788,59278,TE Connectivity,TE Connectivity Ltd,,,,,,,,,,,,,,,,
59789,59789,48868,Zhejiang Ausun Pharmaceutical Co. Ltd,"Zhejiang CONBA Pharmaceutical Co.,Ltd.",,,,,,,,,,,,,,,,
59790,59790,45341,Activision Blizzard Careers,Activision Blizzard Inc,,,,,,,,,,,,,,,,
59793,59793,39793,Semiconductor Manufacturing International Corp,Semiconductor Manufacturing International Corporation,,,,,,,,,,,,,,,,
59800,59800,13217,Haitong International Securities Group,Haitong International Securities Group Ltd,,,,,,,,,,,,,,,,
59801,59801,13639,Sri Trang Agro-Industry Public Company Ltd,Sri Trang Agro-industry Public Company,,,,,,,,,,,,,,,,
59806,59806,42302,Harmony Gold Mining Co Ltd,Harmony Gold Mining Company,,,,,,,,,,,,,,,,
59811,59811,44637,SOFTWARE INNOVATIONS UK LIMITED,SOFTWARE INNOVATORS LTD,,,,,,,,,,,,,,,,
59822,59822,29942,P & A MANAGEMENT LIMITED,P & A MANAGEMENT SERVICES LTD,,,,,,,,,,,,,,,,
59823,59823,27546,Toei Company,Toei Company Ltd,,,,,,,,,,,,,,,,
59824,59824,32155,ALL ABOUT FRAMING LIMITED,ALL ABOUT FREIGHT LIMITED,,,,,,,,,,,,,,,,
59828,59828,21198,Expeditors International of Washington Inc,"Expeditors International of Washington, Inc.",,,,,,,,,,,,,,,,
59830,59830,18460,China State Construction International Holdings,China State Construction International Holdings Ltd,,,,,,,,,,,,,,,,
59832,59832,57953,Eurocommercial Properties,Eurocommercial Properties N.V.,,,,,,,,,,,,,,,,
59835,59835,1861,Future Corp,Future Corporation,,,,,,,,,,,,,,,,
59839,59839,51376,Shenzhen Zhongjin Lingnan Nonfemet Co Ltd,Shenzhen Zhongjin Lingnan Nonfemet Co. Ltd.,,,,,,,,,,,,,,,,
59842,59842,25272,Copart,Copart Inc,,,,,,,,,,,,,,,,
59846,59846,26027,People's United Financial Inc,"People's United Financial, Inc.",,,,,,,,,,,,,,,,
59847,59847,20260,Samy Road,SamyRoad,,,,,,,,,,,,,,,,
59854,59854,31305,India Pistons,India Post,,,,,,,,,,,,,,,,
59860,59860,5430,SK Telecom Co Ltd,"SK Telecom Co.,Ltd",,,,,,,,,,,,,,,,
59870,59870,26900,Sany Heavy Industry Co Ltd,Sany Heavy Industry Co. Ltd,,,,,,,,,,,,,,,,
59883,59883,142,DS Smith Plc,DS Smith plc,,,,,,,,,,,,,,,,
59885,59885,21847,The Charles Schwab Corp,The Charles Schwab Corporation,,,,,,,,,,,,,,,,
59894,59894,25748,Power Construction Corp of China Ltd,Power Construction Corporation Of China Ltd,,,,,,,,,,,,,,,,
59895,59895,4615,ALL ABOUT CLADDING LTD,ALL ABOUT CLAIMS LTD,,,,,,,,,,,,,,,,
59897,59897,33078,Ultrapar Participacoes,Ultrapar Participacoes SA,,,,,,,,,,,,,,,,
59898,59898,23462,Citizens Financial Group,Citizens Financial Group Inc,,,,,,,,,,,,,,,,
59899,59899,34458,Lagercrantz Group AB,Lagercrantz Group Ab (publ),,,,,,,,,,,,,,,,
59900,59900,18389,Norwegian Cruise Line Holdings,Norwegian Cruise Line Holdings Ltd.,,,,,,,,,,,,,,,,
59911,59911,18066,Brenntag Ag,Brenntag SE,,,,,,,,,,,,,,,,
59935,59935,18407,Balkanstroy,Balkanton,,,,,,,,,,,,,,,,
59948,59948,28631,T & A CONSTRUCTION LTD,T & A CONSULT LTD,,,,,,,,,,,,,,,,
59970,59970,55138,Taiheiyo Cement Corp,Taiheiyo Cement Corporation,,,,,,,,,,,,,,,,
59973,59973,42065,Korea Gas,Korea Gas Corp,,,,,,,,,,,,,,,,
59976,59976,31048,FOOD CHAIN KITCHEN LIMITED,FOOD CHAIN PARTNERSHIPS LIMITED,,,,,,,,,,,,,,,,
59982,59982,237,Industrial Bank,Industrial Bank Co Ltd,,,,,,,,,,,,,,,,
59985,59985,14388,Edison S.p.A.,Edison S.p.a,,,,,,,,,,,,,,,,
59987,59987,41453,Anhui Golden Seed Winery,Anhui Golden Seed Winery Co. Ltd,,,,,,,,,,,,,,,,
59993,59993,14660,Expedia Group Inc,"Expedia Group, Inc.",,,,,,,,,,,,,,,,
60001,60001,23421,Travis Perkins,Travis Perkins Plc,,,,,,,,,,,,,,,,
60006,60006,18902,Klockner & Co SE,Klockner & Co Se,,,,,,,,,,,,,,,,
60012,60012,11035,Target Healthcare REIT plc,Target Healthcare Reit,,,,,,,,,,,,,,,,
60023,60023,31534,Hanjin Kal,Hanjin Kal Corp,,,,,,,,,,,,,,,,
60029,60029,15326,Teradata,Teradata Corp,,,,,,,,,,,,,,,,
60042,60042,43374,Aquafin,Aquafina,,,,,,,,,,,,,,,,
629,629,211,Itochu Enex Co Ltd,Itochu Enex,,,,,,,,,,,,,,,,
801,801,688,"MISUMI Group, Inc.",MISUMI Group Inc,,,,,,,,,,,,,,,,
1025,1025,379,Ashtead Group Plc,Ashtead Group,,,,,,,,,,,,,,,,
1036,1036,445,Seven & i Holdings Co. Ltd,Seven & i Holdings Co Ltd,,,,,,,,,,,,,,,,
1201,1201,1098,Q & F CARE SOLUTIONS LTD,Q & E KEY SOLUTIONS LTD,,,,,,,,,,,,,,,,
1409,1409,756,"Siemens Gamesa Renewable Energy, SA",Siemens Gamesa Renewable Energy SA,,,,,,,,,,,,,,,,
1555,1555,909,Bilibili Inc.,Bilibili,,,,,,,,,,,,,,,,
1616,1616,886,Lupin Ltd,Lupin,,,,,,,,,,,,,,,,
1720,1720,1449,Smart Adserver,Smart AdServer,,,,,,,,,,,,,,,,
2070,2070,1088,HeidelbergCement AG,HeidelbergCement,,,,,,,,,,,,,,,,
2455,2455,2320,FOOD & SAFETY ON A PLATE LTD,FOOD & SAFETY LTD,,,,,,,,,,,,,,,,
2874,2874,2034,Ducati,Ducat,,,,,,,,,,,,,,,,
2929,2929,1081,Law Debenture Corporation plc,Law Debenture Corporation,,,,,,,,,,,,,,,,
2971,2971,2187,Olectra Greentech Limited,Olectra Greentech,,,,,,,,,,,,,,,,
3095,3095,482,Xylem Inc.,Xylem Inc,,,,,,,,,,,,,,,,
3184,3184,2550,Italmobiliare S.p.A.,Italmobiliare,,,,,,,,,,,,,,,,
3190,3190,2097,Petrochina Company,Petrochina,,,,,,,,,,,,,,,,
3249,3249,2709,Acer India,Acer Inc,,,,,,,,,,,,,,,,
3422,3422,301,Perrigo Company plc,Perrigo Company,,,,,,,,,,,,,,,,
3464,3464,141,AvalonBay Communities Inc,AvalonBay Communities,,,,,,,,,,,,,,,,
3490,3490,2386,ALL ABOUT PROPERTY LIMITED,ALL ABOUT PROPERTY INVESTMENTS LTD,,,,,,,,,,,,,,,,
3652,3652,3266,Vattenfall AB,Vattenfall,,,,,,,,,,,,,,,,
3664,3664,651,Antares Vision S.p.A.,Antares Vision,,,,,,,,,,,,,,,,
3792,3792,3699,Isracard Ltd,Isracard,,,,,,,,,,,,,,,,
4120,4120,3797,Novatek Microelectronics Corp.,Novatek Microelectronics Corp,,,,,,,,,,,,,,,,
4193,4193,499,Rosbank PAO,Rosbank,,,,,,,,,,,,,,,,
4212,4212,3995,Weihai Guangwei Composites Co. Ltd,Weihai Guangwei Composites,,,,,,,,,,,,,,,,
4353,4353,1204,Elektro Redes S.a.,Elektro Redes,,,,,,,,,,,,,,,,
4429,4429,2658,Jacobs Engineering Group,Jacobs Engineering,,,,,,,,,,,,,,,,
4596,4596,4257,Bawag Group Ag,Bawag Group,,,,,,,,,,,,,,,,
4626,4626,2563,Bangkok Bank Public Company,Bangkok Bank Public Co Ltd,,,,,,,,,,,,,,,,
4735,4735,1137,Banca Generali SpA,Banca Generali S.p.A.,,,,,,,,,,,,,,,,
4743,4743,3975,TP ICAP plc,TP ICAP Group plc,,,,,,,,,,,,,,,,
4746,4746,3615,The Yokohama Rubber Company Ltd,The Yokohama Rubber Co Ltd,,,,,,,,,,,,,,,,
4784,4784,4087,"Duck Creek Technologies, Inc.",Duck Creek Technologies,,,,,,,,,,,,,,,,
4841,4841,3327,"Fitipower Integrated Technology, Inc.",Fitipower Integrated Technology,,,,,,,,,,,,,,,,
4893,4893,2746,Equinox Gold Corp.,Equinox Gold Corp,,,,,,,,,,,,,,,,
4920,4920,2920,Yes Bank Ltd,Yes Bank,,,,,,,,,,,,,,,,
4948,4948,827,Burelle Sa,Burelle SA,,,,,,,,,,,,,,,,
5047,5047,4386,Chongqing Rural Commercial Bank,Chongqing Rural Bank,,,,,,,,,,,,,,,,
5099,5099,2666,Copa Holdings SA,Copa Holdings,,,,,,,,,,,,,,,,
5344,5344,4439,Willis Towers Watson plc,Willis Towers Watson Public Company,,,,,,,,,,,,,,,,
5410,5410,1228,Delta Electronics (thailand) Public Company,Delta Electronics (Thailand) PCL,,,,,,,,,,,,,,,,
5446,5446,3506,"Wintime Energy Co.,Ltd.",Wintime Energy,,,,,,,,,,,,,,,,
5473,5473,3221,Dassault Systemes SE,Dassault Systemes,,,,,,,,,,,,,,,,
5495,5495,788,Rabigh Refining and Petrochemical Company,Rabigh Refining And Petrochemical Company,,,,,,,,,,,,,,,,
5625,5625,2377,Livingstone Health Holdings Ltd,Livingstone Health,,,,,,,,,,,,,,,,
5659,5659,2928,Foshan Haitian Flavouring and Food Company Ltd,Foshan Haitian Flavouring and Food,,,,,,,,,,,,,,,,
5707,5707,4502,Lanco Anpara Power,Lanco Amarkantak Power,,,,,,,,,,,,,,,,
5731,5731,2611,"Inner Mongolia First Machinery Group Co.,Ltd.",Inner Mongolia First Machinery Group,,,,,,,,,,,,,,,,
5736,5736,1006,Nobina AB,Nobina,,,,,,,,,,,,,,,,
5769,5769,507,Crown Holdings Inc,Crown Holdings,,,,,,,,,,,,,,,,
5803,5803,3366,"Center Laboratories, Inc.",Center Laboratories,,,,,,,,,,,,,,,,
5988,5988,3643,Humana Inc.,Humana Inc,,,,,,,,,,,,,,,,
6004,6004,4942,Taiwan Business Bank Co Ltd,Taiwan Business Bank,,,,,,,,,,,,,,,,
6031,6031,4465,Per Aarsleff Holding A/s,Per Aarsleff Holding A/S,,,,,,,,,,,,,,,,
6170,6170,4224,Deutsche Bank AG,Deutsche Bank,,,,,,,,,,,,,,,,
6331,6331,2350,Boise Cascade Company,Boise Cascade Co,,,,,,,,,,,,,,,,
6476,6476,1631,"First Citizens BancShares, Inc.",First Citizens BancShares Inc,,,,,,,,,,,,,,,,
6480,6480,5371,FOOD CONNECTS LTD,FOOD CONNECTIONS LIMITED,,,,,,,,,,,,,,,,
6492,6492,1134,R A CONSTRUCTION SERVICES LTD,R A CONSTRUCTION LIMITED,,,,,,,,,,,,,,,,
6515,6515,5807,Bank Pekao SA,Bank Pekao,,,,,,,,,,,,,,,,
6540,6540,69,Royal Unibrew A/s,Royal Unibrew A-S,,,,,,,,,,,,,,,,
6570,6570,6233,Pampa Energía SA,Pampa Energia SA,,,,,,,,,,,,,,,,
6607,6607,3910,Information Services International-dentsu,Information Services International-Dentsu Ltd,,,,,,,,,,,,,,,,
6755,6755,5990,Tripod Technology Corporation,Tripod Technology Corp,,,,,,,,,,,,,,,,
6929,6929,6074,V AESTHETICS LTD,V AESTHETICA LTD,,,,,,,,,,,,,,,,
6939,6939,6492,R A CONSTRUCTIONS LIMITED,R A CONSTRUCTION SERVICES LTD,,,,,,,,,,,,,,,,
7003,7003,334,"Fluence Energy, Inc.",Fluence Energy Inc,,,,,,,,,,,,,,,,
7037,7037,784,Alaska Air Group Inc,Alaska Air Group,,,,,,,,,,,,,,,,
7155,7155,653,Cognizant Technology Solutions Corp,Cognizant Technology Solutions,,,,,,,,,,,,,,,,
7246,7246,4172,Asbury Automotive Group Inc,Asbury Automotive Group,,,,,,,,,,,,,,,,
7362,7362,2189,Ferguson Plc,Ferguson,,,,,,,,,,,,,,,,
7385,7385,5366,Carrier Global Corp,Carrier Global,,,,,,,,,,,,,,,,
7496,7496,3016,Open Joint Stock Company Omz,Open Joint Stock Company OMZ,,,,,,,,,,,,,,,,
7511,7511,6097,Siam Commercial Bank Public Company,Siam Commercial Bank,,,,,,,,,,,,,,,,
7592,7592,5311,"Nomura Real Estate Holdings, Inc.",Nomura Real Estate Holdings Inc,,,,,,,,,,,,,,,,
7599,7599,1701,Nihon Parkerizing Co. Ltd,Nihon Parkerizing Co Ltd,,,,,,,,,,,,,,,,
7667,7667,6157,Celestica Inc,Celestica,,,,,,,,,,,,,,,,
7675,7675,1149,Wustenrot & Wurttembergische Ag,Wustenrot & Wurttembergische AG,,,,,,,,,,,,,,,,
7691,7691,1945,Salvatore Ferragamo SpA,Salvatore Ferragamo S.p.A.,,,,,,,,,,,,,,,,
7731,7731,4458,Ono Pharmaceutical Co. Ltd,Ono Pharmaceutical Co Ltd,,,,,,,,,,,,,,,,
7840,7840,90,Whitbread Plc,Whitbread,,,,,,,,,,,,,,,,
8050,8050,4206,Group 1 Automotive Inc,Group 1 Automotive,,,,,,,,,,,,,,,,
8072,8072,2554,SOFTWARE DYNAMIX LTD,SOFTWARE DYNAMICS LIMITED,,,,,,,,,,,,,,,,
8182,8182,5240,Incyte Corporation,Incyte Corp,,,,,,,,,,,,,,,,
8308,8308,4336,Inphi Corporation,Inpex Corporation,,,,,,,,,,,,,,,,
8321,8321,5111,Home Reit plc,Home Reit Plc,,,,,,,,,,,,,,,,
8377,8377,7366,China Shenhua Energy Company,China Shenhua Energy Co Ltd,,,,,,,,,,,,,,,,
8389,8389,6580,Puma Se,Puma SE,,,,,,,,,,,,,,,,
8429,8429,7479,Ricoh Leasing Company Ltd,Ricoh Leasing Company,,,,,,,,,,,,,,,,
8490,8490,3338,Maeda Corporation,Maeda Corp,,,,,,,,,,,,,,,,
8635,8635,5421,China Grand Automotive Services Group Co. Ltd,China Grand Automotive Services Group Co Ltd,,,,,,,,,,,,,,,,
8639,8639,7303,Cinemark Holdings Inc,Cinemark Holdings,,,,,,,,,,,,,,,,
8689,8689,5356,Poonawalla Fincorp Limited,Poonawalla Fincorp,,,,,,,,,,,,,,,,
8712,8712,1345,Q & N LTD,Q & MORE LTD,,,,,,,,,,,,,,,,
8758,8758,2812,PALANTIR TECHNOLOGIES INC.,PALANTIR TECHNOLOGIES HOLDINGS LLC,,,,,,,,,,,,,,,,
8774,8774,6359,Neoen SA,Neoen,,,,,,,,,,,,,,,,
8801,8801,8487,Motor Oil (hellas) Corinth Refineries S.a.,Motor Oil (Hellas) Corinth Refineries SA,,,,,,,,,,,,,,,,
8847,8847,4546,RUBIX INTERNATIONAL LIMITED,RUBIX GROUP INTERNATIONAL LIMITED,,,,,,,,,,,,,,,,
8853,8853,7926,ISG UK LIMITED,ISG LIMITED,,,,,,,,,,,,,,,,
8869,8869,2170,"Monolithic Power Systems, Inc.",Monolithic Power Systems Inc,,,,,,,,,,,,,,,,
8925,8925,4425,Brookfield Asset Management Inc.,Brookfield Asset Management,,,,,,,,,,,,,,,,
8995,8995,6327,Wistron Information Technology and,Wistron Information Technology & Services Corp,,,,,,,,,,,,,,,,
9034,9034,791,Kyoritsu Maintenance Co. Ltd,Kyoritsu Maintenance Co Ltd,,,,,,,,,,,,,,,,
9087,9087,7457,Kikkoman Corporation,Kikkoman Corp,,,,,,,,,,,,,,,,
9137,9137,7895,American International Group (aig),American International Group,,,,,,,,,,,,,,,,
9148,9148,8778,"Henry Schein, Inc.",Henry Schein Inc,,,,,,,,,,,,,,,,
9259,9259,6700,Dominion Energy Inc,Dominion Energy,,,,,,,,,,,,,,,,
9276,9276,1159,"Mebuki Financial Group, Inc.",Mebuki Financial Group Inc,,,,,,,,,,,,,,,,
9337,9337,4100,Megaworld Corp,Megaworld,,,,,,,,,,,,,,,,
9413,9413,5701,Chaozhou Three-circle (group),Chaozhou Three-Circle,,,,,,,,,,,,,,,,
9452,9452,7156,Global One Real Estate Investment Corp,Global One Real Estate Investment,,,,,,,,,,,,,,,,
9534,9534,6184,Investor Ab (publ),Investor Ab,,,,,,,,,,,,,,,,
9599,9599,4056,ALL ABOUT ANGLING MAD LTD,ALL ABOUT ANGLING LTD,,,,,,,,,,,,,,,,
9606,9606,3683,Eniro AB,Eniro,,,,,,,,,,,,,,,,
9618,9618,3170,Foxconn Industrial Internet Co. Ltd,Foxconn Industrial Internet,,,,,,,,,,,,,,,,
9649,9649,1278,Jiangsu Zhongtian Technology Co Ltd,Jiangsu Zhongtian Technology,,,,,,,,,,,,,,,,
9726,9726,6578,SOFTWARE DESIGN PLUS LTD,SOFTWARE DESIGN LTD,,,,,,,,,,,,,,,,
9768,9768,4376,Enel Generación Chile SA,Enel Generacion Chile SA,,,,,,,,,,,,,,,,
9791,9791,8998,"Albertsons Companies, Inc.",Albertsons Companies Inc,,,,,,,,,,,,,,,,
9820,9820,8645,Newell Brands Inc.,Newell Brands Inc,,,,,,,,,,,,,,,,
9824,9824,6844,Flagstar Bancorp Inc,Flagstar Bancorp,,,,,,,,,,,,,,,,
9870,9870,9191,SG Holdings Co Ltd,SG Holdings,,,,,,,,,,,,,,,,
9874,9874,9804,"Kolon Industries, Inc.",Kolon Industries,,,,,,,,,,,,,,,,
9954,9954,8623,Metso Outotec Corp,Metso Outotec,,,,,,,,,,,,,,,,
10059,10059,8048,Life Corporation,Life Corp,,,,,,,,,,,,,,,,
10065,10065,1904,Greenland Holdings Corporation,Greenland Holdings Corp Ltd,,,,,,,,,,,,,,,,
10078,10078,8484,Da.Dif. Consulting,Da.Dif Consulting,,,,,,,,,,,,,,,,
10107,10107,6839,Neurocrine Biosciences Inc,Neurocrine Biosciences,,,,,,,,,,,,,,,,
10113,10113,9043,Ping An Healthcare And Technology Company,Ping An Healthcare And Technology Co Ltd,,,,,,,,,,,,,,,,
10128,10128,819,Ever Sunshine Lifestyle Services Group Ltd,Ever Sunshine Lifestyle Services Group,,,,,,,,,,,,,,,,
10148,10148,6691,China Coal Energy Co Ltd,China Coal Energy,,,,,,,,,,,,,,,,
10158,10158,389,Algonquin Power & Utilities Corp.,Algonquin Power & Utilities Corp,,,,,,,,,,,,,,,,
10175,10175,3256,Steel Dynamics Inc,Steel Dynamics,,,,,,,,,,,,,,,,
10226,10226,2340,U AND A LOCUMS LIMITED,U AND A LIMITED,,,,,,,,,,,,,,,,
10299,10299,3309,CNA Financial Corporation,CNA Financial Corp,,,,,,,,,,,,,,,,
10304,10304,8109,"Jafron Biomedical Co.,Ltd.",Jafron Biomedical,,,,,,,,,,,,,,,,
10348,10348,5333,Southwestern Energy Company,Southwestern Energy Co,,,,,,,,,,,,,,,,
10394,10394,8469,"Beijing Huafeng Test & Control Technology Co., Ltd.",Beijing Huafeng Test & Control Technology Co. Ltd,,,,,,,,,,,,,,,,
10559,10559,9902,Fufeng Group Ltd,Fufeng Group Limited,,,,,,,,,,,,,,,,
10676,10676,1535,Transcontinental Inc,Transcontinental,,,,,,,,,,,,,,,,
10681,10681,364,Z DESIGN UK LIMITED,Z DESIGN LIMITED,,,,,,,,,,,,,,,,
10694,10694,6304,GOOD COOKING LIMITED,GOOD COOK INN LIMITED,,,,,,,,,,,,,,,,
10719,10719,7040,Marlowe plc,Marlowe Plc,,,,,,,,,,,,,,,,
10753,10753,9327,"Hirose Electric Co.,Ltd.",Hirose Electric Co Ltd,,,,,,,,,,,,,,,,
10757,10757,1762,H AND A UNIVERSAL LIMITED,H AND A RETAIL LIMITED,,,,,,,,,,,,,,,,
10770,10770,9662,Frontdoor Inc,Frontdoor,,,,,,,,,,,,,,,,
10795,10795,7627,Towa Pharmaceutical Co. Ltd,Towa Pharmaceutical Co Ltd,,,,,,,,,,,,,,,,
10828,10828,9202,Shandong Hualu-Hengsheng Chemical Co. Ltd,Shandong Hualu-Hengsheng Chemical,,,,,,,,,,,,,,,,
10839,10839,4594,Fox Factory Holding Corp,Fox Factory Holding,,,,,,,,,,,,,,,,
10877,10877,1078,UnipolSai Assicurazioni SpA,UnipolSai Assicurazioni S.p.A.,,,,,,,,,,,,,,,,
10878,10878,9401,Shoprite Holdings Ltd,Shoprite Holdings,,,,,,,,,,,,,,,,
10908,10908,877,Integra LifeSciences Holdings Corporation,Integra LifeSciences Holdings Corp,,,,,,,,,,,,,,,,
10992,10992,6901,O'reilly Automotive,"O'Reilly Automotive, Inc.",,,,,,,,,,,,,,,,
11021,11021,6562,"OneMain Holdings, Inc.",OneMain Holdings Inc,,,,,,,,,,,,,,,,
11025,11025,1341,Royalty Pharma Plc,Royalty Pharma,,,,,,,,,,,,,,,,
11104,11104,7975,Interfor Corporation,Interfor Corp,,,,,,,,,,,,,,,,
11117,11117,1045,SOFTWARE CRAFTSMANSHIP LIMITED,SOFTWARE CRAFTS LIMITED,,,,,,,,,,,,,,,,
11177,11177,690,"Grupo Nacional Provincial, S.a.b.","Grupo Nacional Provincial, S.A.B.",,,,,,,,,,,,,,,,
11229,11229,5846,"Atresmedia Corporación de Medios de Comunicación, SA",Atresmedia Corporacion de Medios de Comunicacion SA,,,,,,,,,,,,,,,,
11302,11302,441,Carrefour SA,Carrefour,,,,,,,,,,,,,,,,
11374,11374,340,Want Want China Holdings Ltd,Want Want China Holdings,,,,,,,,,,,,,,,,
11415,11415,3741,Hangzhou First Applied Material Co Ltd,Hangzhou First Applied Material,,,,,,,,,,,,,,,,
11435,11435,3612,Vibhavadi Medical Center Public Company Ltd,Vibhavadi Medical Center Public Company,,,,,,,,,,,,,,,,
11510,11510,5761,Fresenius Medical Care AG & Co KGaA,Fresenius Medical Care,,,,,,,,,,,,,,,,
11516,11516,3520,ZTO Express (Cayman) Inc.,ZTO Express (Cayman),,,,,,,,,,,,,,,,
11592,11592,11375,Ingersoll Rand Inc,Ingersoll Rand,,,,,,,,,,,,,,,,
11688,11688,3220,Sakata Seed Corporation,Sakata Seed Corp,,,,,,,,,,,,,,,,
11708,11708,2693,Guangzhou Development Group Co Ltd,Guangzhou Development Group,,,,,,,,,,,,,,,,
11721,11721,8036,Amano Corporation,Amano Corp,,,,,,,,,,,,,,,,
11740,11740,10908,Integra Lifesciences Holdings Corporation,Integra LifeSciences Holdings Corporation,,,,,,,,,,,,,,,,
11743,11743,30,Williams-sonoma,"Williams-Sonoma, Inc.",,,,,,,,,,,,,,,,
11749,11749,10148,China Coal Energy Company,China Coal Energy Co Ltd,,,,,,,,,,,,,,,,
11756,11756,494,IDBI Bank Ltd,IDBI Bank,,,,,,,,,,,,,,,,
11759,11759,6984,Canon Marketing Japan Inc,Canon Marketing Japan,,,,,,,,,,,,,,,,
11760,11760,5228,Foresee Pharmaceuticals Co. Ltd,Foresee Pharmaceuticals,,,,,,,,,,,,,,,,
11793,11793,6220,Texas Instruments Inc,Texas Instruments,,,,,,,,,,,,,,,,
11799,11799,4375,Shanxi Lu'an Environmental Energy Development Co. Ltd,Shanxi Lu'an Environmental Energy Development,,,,,,,,,,,,,,,,
11854,11854,1682,Reliance Power,Reliance Petroleum,,,,,,,,,,,,,,,,
11864,11864,11117,SOFTWARE CREATIONS LIMITED,SOFTWARE CRAFTSMANSHIP LIMITED,,,,,,,,,,,,,,,,
11876,11876,11734,Inghams Group Limited,Inghams Group,,,,,,,,,,,,,,,,
11965,11965,11307,CSPC Pharmaceutical Group Ltd,CSPC Pharmaceutical Group,,,,,,,,,,,,,,,,
12059,12059,1826,Raytheon Technologies Corp,Raytheon Technologies,,,,,,,,,,,,,,,,
12064,12064,505,"Acuity Brands, Inc.",Acuity Brands Inc,,,,,,,,,,,,,,,,
12073,12073,10094,Carlsberg AS,Carlsberg A/s,,,,,,,,,,,,,,,,
12076,12076,1574,Tsinghua Tongfang Co. Ltd,Tsinghua Tongfang,,,,,,,,,,,,,,,,
12099,12099,11005,Noctuai,Noctua,,,,,,,,,,,,,,,,
12169,12169,4566,Mizuho Financial Group,Mizuho Financial,,,,,,,,,,,,,,,,
12181,12181,3082,Vaisala Oyj,Vaisala,,,,,,,,,,,,,,,,
12218,12218,415,Shanghai Jin Jiang Capital Company Ltd,Shanghai Jin Jiang Capital Company,,,,,,,,,,,,,,,,
12278,12278,11003,Churchill Capital Corp Ii,Churchill Capital Corp IV,,,,,,,,,,,,,,,,
12311,12311,2597,Atacadao SA,Atacadao,,,,,,,,,,,,,,,,
12337,12337,1627,Kirin Holdings Company,Kirin Holdings Co Ltd,,,,,,,,,,,,,,,,
12441,12441,6919,Sino Wealth Electronic Ltd,Sino Wealth Electronic,,,,,,,,,,,,,,,,
12461,12461,9273,SOFTWARE IMAGING TECHNOLOGY LIMITED,SOFTWARE IMAGING LIMITED,,,,,,,,,,,,,,,,
12463,12463,3371,Stroer Se & Co. Kgaa,Stroer SE & Co KGaA,,,,,,,,,,,,,,,,
12500,12500,9305,AMBITION JOB,AMBITION,,,,,,,,,,,,,,,,
12503,12503,4293,"Hubei Dinglong CO.,Ltd.",Hubei Dinglong,,,,,,,,,,,,,,,,
12508,12508,6801,CPFL Energia SA,CPFL Energia,,,,,,,,,,,,,,,,
12541,12541,10092,China Bohai Bank Co. Ltd,China Bohai Bank Co Ltd,,,,,,,,,,,,,,,,
12553,12553,8870,Klepierre Sa,Klepierre SA,,,,,,,,,,,,,,,,
12577,12577,3250,O'Reilly Automotive Inc,O'Reilly Automotive,,,,,,,,,,,,,,,,
12659,12659,10368,Doosan Corporation,Doosan Corp,,,,,,,,,,,,,,,,
12660,12660,892,Grupo Elektra SAB de CV,Grupo Elektra SAB DE CV,,,,,,,,,,,,,,,,
12669,12669,12663,Long Yuan Construction Group Co Ltd,Long Yuan Construction Group,,,,,,,,,,,,,,,,
12715,12715,7241,Eternal Asia Supply Chain Management LTD,Eternal Asia Supply Chain Management,,,,,,,,,,,,,,,,
12741,12741,678,Capita Plc,Capita,,,,,,,,,,,,,,,,
12757,12757,4323,Cambricon Technologies Corporation Limited,Cambricon Technologies Corp Ltd,,,,,,,,,,,,,,,,
12759,12759,9027,Premier Investments Limited,Premier Investments,,,,,,,,,,,,,,,,
12782,12782,4233,Conocophillips,ConocoPhillips,,,,,,,,,,,,,,,,
12802,12802,11708,"Guangzhou Development Group, Inc.",Guangzhou Development Group Co Ltd,,,,,,,,,,,,,,,,
12808,12808,5643,North Media AS,North Media,,,,,,,,,,,,,,,,
12827,12827,1458,Jenoptik Ag,Jenoptik AG,,,,,,,,,,,,,,,,
12844,12844,7037,"Alaska Air Group, Inc.",Alaska Air Group Inc,,,,,,,,,,,,,,,,
12858,12858,1508,FOOD ALLERGY IMMUNOTHERAPY LIMITED,FOOD ALLERGY IMMUNOTHERAPY EDUCATION LTD,,,,,,,,,,,,,,,,
12882,12882,9597,Hyundai Steel Co,Hyundai Steel,,,,,,,,,,,,,,,,
12927,12927,2714,SBI Holdings Inc-Japan,SBI Holdings Inc,,,,,,,,,,,,,,,,
13018,13018,7314,Teleflex Inc,Teleflex,,,,,,,,,,,,,,,,
13066,13066,5026,Adbri Ltd,Adbri Limited,,,,,,,,,,,,,,,,
13093,13093,6215,Q & H PROPERTY LTD,Q & H PROPERTIES LTD,,,,,,,,,,,,,,,,
13124,13124,2517,Mitsubishi Materials Corp,Mitsubishi Materials,,,,,,,,,,,,,,,,
13135,13135,12743,Samsung Securities Co Ltd,Samsung Securities,,,,,,,,,,,,,,,,
13158,13158,10246,British Airways Plc,British Airways,,,,,,,,,,,,,,,,
13204,13204,13080,Zhejiang Expressway Co Ltd,Zhejiang Expressway,,,,,,,,,,,,,,,,
13215,13215,3126,"Idemitsu Kosan Co.,Ltd.",Idemitsu Kosan Co Ltd,,,,,,,,,,,,,,,,
13227,13227,9642,"Industrias Bachoco, S.A.B. de C.V.",Industrias Bachoco SAB de CV,,,,,,,,,,,,,,,,
13272,13272,496,Serco Group plc,Serco Group,,,,,,,,,,,,,,,,
13299,13299,11466,Affiliated Managers Group Inc,Affiliated Managers Group,,,,,,,,,,,,,,,,
13300,13300,7998,Johnson Controls International plc,Johnson Controls International Plc,,,,,,,,,,,,,,,,
13302,13302,11216,ISS A/S,ISS A-S,,,,,,,,,,,,,,,,
13357,13357,4520,"Chongqing Department Store Co.,Ltd.",Chongqing Department Store,,,,,,,,,,,,,,,,
13393,13393,12614,"Brogent Technologies, Inc.",Brogent Technologies,,,,,,,,,,,,,,,,
13397,13397,4167,Prairiesky Royalty,PrairieSky Royalty Ltd.,,,,,,,,,,,,,,,,
13420,13420,7860,Vossloh Ag,Vossloh AG,,,,,,,,,,,,,,,,
13483,13483,547,Nippon Kanzai Co. Ltd,Nippon Kanzai,,,,,,,,,,,,,,,,
13492,13492,814,Centamin plc,Centamin,,,,,,,,,,,,,,,,
13494,13494,4033,Skyworks Solutions Inc,Skyworks Solutions,,,,,,,,,,,,,,,,
13560,13560,7667,Celestica Inc.,Celestica Inc,,,,,,,,,,,,,,,,
13607,13607,11592,Ingersoll Rand Inc.,Ingersoll Rand Inc,,,,,,,,,,,,,,,,
13651,13651,6921,National Grid Transco,National Grid Plc,,,,,,,,,,,,,,,,
13747,13747,2487,"Shenzhen Inovance Technology Co.,Ltd",Shenzhen Inovance Technology Co Ltd,,,,,,,,,,,,,,,,
13760,13760,4538,Voltas Ltd,Voltas,,,,,,,,,,,,,,,,
13766,13766,930,"Marssenger Kitchenware Co., Ltd.",Marssenger Kitchenware Co. Ltd,,,,,,,,,,,,,,,,
13795,13795,12101,Carpenter Technology Corporation,Carpenter Technology Corp,,,,,,,,,,,,,,,,
13876,13876,7902,China Mengniu Dairy Company,China Mengniu Dairy Co Ltd,,,,,,,,,,,,,,,,
13914,13914,12773,Fuchs Petrolub Se,Fuchs Petrolub SE,,,,,,,,,,,,,,,,
13917,13917,4312,Inter RAO UES PJSC,Inter RAO UES,,,,,,,,,,,,,,,,
13928,13928,2644,Bed Bath & Beyond Inc,Bed Bath & Beyond,,,,,,,,,,,,,,,,
13970,13970,4543,Fideicomiso Irrevocable F/2061 Fhipo,Fideicomiso Irrevocable F/2061 FHipo,,,,,,,,,,,,,,,,
14012,14012,9302,China Water Affairs Group Ltd,China Water Affairs Group,,,,,,,,,,,,,,,,
14021,14021,9345,Mitsubishi Motors Corporation,Mitsubishi Motors Corp,,,,,,,,,,,,,,,,
14031,14031,3997,Maschinenfabrik Berthold Hermle Ag,Maschinenfabrik Berthold Hermle AG,,,,,,,,,,,,,,,,
14039,14039,3914,Xiaomi Corporation,Xiaomi Corp,,,,,,,,,,,,,,,,
14047,14047,11228,New China Life Insurance Company,New China Life Insurance Co Ltd,,,,,,,,,,,,,,,,
14052,14052,4190,Hoya Corporation,Hoya Corp,,,,,,,,,,,,,,,,
14069,14069,8168,GOOD BARBERS LTD,GOOD BARBERS GUIDE LIMITED,,,,,,,,,,,,,,,,
14096,14096,9029,"Hulic Reit, Inc.",Hulic Reit,,,,,,,,,,,,,,,,
14166,14166,3955,T ADOMAKOH LIMITED,T ADAM LIMITED,,,,,,,,,,,,,,,,
14206,14206,8852,Alpha Group,Alpha Fx Group,,,,,,,,,,,,,,,,
14213,14213,7497,Fonterra Co-operative Group Ltd,Fonterra Co-operative Group,,,,,,,,,,,,,,,,
14237,14237,9392,Rieter Holding Ag,Rieter Holding AG,,,,,,,,,,,,,,,,
14238,14238,5292,China Fortune Land Development Co. Ltd,China Fortune Land Development Co Ltd,,,,,,,,,,,,,,,,
14259,14259,7542,"Halozyme Therapeutics, Inc.",Halozyme Therapeutics,,,,,,,,,,,,,,,,
14284,14284,4407,Hainan Airlines Co Ltd,Hainan Airlines,,,,,,,,,,,,,,,,
14304,14304,8395,Kimco Realty Corporation,Kimco Realty Corp,,,,,,,,,,,,,,,,
14325,14325,9031,Umpqua Holdings Corporation,Umpqua Holdings Corp,,,,,,,,,,,,,,,,
14383,14383,11547,Redefine Properties Ltd,Redefine Properties,,,,,,,,,,,,,,,,
14394,14394,10022,CyrusOne Inc.,CyrusOne Inc,,,,,,,,,,,,,,,,
14395,14395,10889,Comer Industries Spa,Comer Industries S.p.A.,,,,,,,,,,,,,,,,
14427,14427,12976,Smurfit Kappa Group Plc,Smurfit Kappa Group,,,,,,,,,,,,,,,,
14452,14452,13691,Azul SA,Azul,,,,,,,,,,,,,,,,
14457,14457,10828,Shandong Hualu-hengsheng Chemical,Shandong Hualu-Hengsheng Chemical Co. Ltd,,,,,,,,,,,,,,,,
14532,14532,12616,Sichuan Kelun Pharmaceutical Co Ltd,Sichuan Kelun Pharmaceutical,,,,,,,,,,,,,,,,
14572,14572,6471,Shenzhen Capchem Technology Co. Ltd,Shenzhen Capchem Technology,,,,,,,,,,,,,,,,
14648,14648,367,Generac Holdings Inc,Generac Holdings,,,,,,,,,,,,,,,,
14698,14698,13742,Oracle Corp Japan,Oracle Corp,,,,,,,,,,,,,,,,
14704,14704,7836,Zhejiang China Commodities City Group Co. Ltd,Zhejiang China Commodities City Group,,,,,,,,,,,,,,,,
14707,14707,1252,QBE Insurance Group Limited,QBE Insurance Group,,,,,,,,,,,,,,,,
14711,14711,13913,Rovio Entertainment Oyj,Rovio Entertainment,,,,,,,,,,,,,,,,
14744,14744,12333,Bank of Ireland Group plc,Bank of Ireland Group Plc,,,,,,,,,,,,,,,,
14827,14827,7397,General Electric Co,General Electric (GE),,,,,,,,,,,,,,,,
14836,14836,6676,Beijing Easpring Material Technology Co Ltd,"Beijing Easpring Material Technology CO.,LTD.",,,,,,,,,,,,,,,,
14838,14838,3710,BEAUTY AND THE BAKE LTD,BEAUTY AND THE BABE LTD,,,,,,,,,,,,,,,,
14922,14922,14009,Technicolor SA,Technicolor,,,,,,,,,,,,,,,,
14924,14924,1146,Airbus SE,Airbus,,,,,,,,,,,,,,,,
15023,15023,1034,VolkerWessels UK Ltd,VolkerWessels,,,,,,,,,,,,,,,,
15064,15064,12087,Henan Mingtai Al.industrial,"Henan Mingtai Al.Industrial Co.,Ltd.",,,,,,,,,,,,,,,,
15097,15097,2303,Growthpoint Properties Ltd,Growthpoint Properties Australia,,,,,,,,,,,,,,,,
15109,15109,13179,A. O. Smith Corporation,A. O. Smith Corp,,,,,,,,,,,,,,,,
15118,15118,9954,Metso Outotec Oyj,Metso Outotec Corp,,,,,,,,,,,,,,,,
15134,15134,8717,Aker Solutions ASA,Aker Solutions,,,,,,,,,,,,,,,,
15163,15163,4812,Virgin Money UK Plc,Virgin Money UK,,,,,,,,,,,,,,,,
15204,15204,3559,Indian Railway Finance Corp Ltd,Indian Railway Finance,,,,,,,,,,,,,,,,
15355,15355,14913,SITC International Holdings Company Ltd,SITC International Holdings Co Ltd,,,,,,,,,,,,,,,,
15405,15405,409,SOFTWARE SOLUTIONS MANAGEMENT LTD,SOFTWARE SOLUTIONS INTERNATIONAL LIMITED,,,,,,,,,,,,,,,,
15413,15413,12341,Science Applications International Corporation,Science Applications International Corp,,,,,,,,,,,,,,,,
15424,15424,952,Anima Holding S.p.a.,Anima Holding S.p.A.,,,,,,,,,,,,,,,,
15444,15444,10107,"Neurocrine Biosciences, Inc.",Neurocrine Biosciences Inc,,,,,,,,,,,,,,,,
15489,15489,9681,"Allegro Microsystems, Inc.","Allegro MicroSystems, Inc.",,,,,,,,,,,,,,,,
15522,15522,12816,Qube Holdings Ltd,Qube Holdings Limited,,,,,,,,,,,,,,,,
15556,15556,7462,Tata Consumer Products Ltd,Tata Consumer Products Limited,,,,,,,,,,,,,,,,
15561,15561,4184,Korea Electric Power Corp,Korea Electric Power,,,,,,,,,,,,,,,,
15566,15566,8472,Apartment Income Reit Corp.,Apartment Income REIT Corp.,,,,,,,,,,,,,,,,
15569,15569,11340,Concentric AB,Concentric,,,,,,,,,,,,,,,,
15595,15595,15468,"Hangzhou Lion Electronics Co.,ltd","Hangzhou Lion Electronics Co.,Ltd",,,,,,,,,,,,,,,,
15611,15611,15136,Localiza Rent A Car SA,Localiza Rent A Car,,,,,,,,,,,,,,,,
15614,15614,1086,Formosa Sumco Technology Corporation,Formosa Sumco Technology Corp,,,,,,,,,,,,,,,,
15637,15637,13348,Lamar Advertising Company (REIT),Lamar Advertising Co,,,,,,,,,,,,,,,,
15640,15640,2584,Patterson Companies Inc,Patterson Companies,,,,,,,,,,,,,,,,
15667,15667,13226,ALL ABOUT WEDDINGS LTD,ALL ABOUT WEDDINGS GROUP LTD,,,,,,,,,,,,,,,,
15684,15684,6143,Accor Sa,Accor SA,,,,,,,,,,,,,,,,
15707,15707,12401,Aurubis Ag,Aurubis AG,,,,,,,,,,,,,,,,
15711,15711,10607,China Communications Construction Co Ltd,China Communications Construction,,,,,,,,,,,,,,,,
15719,15719,6610,"Saia, Inc.",Saia Inc,,,,,,,,,,,,,,,,
15722,15722,12472,Housing Development Finance Corporation Ltd,Housing Development Finance Corporation,,,,,,,,,,,,,,,,
15752,15752,12019,Ningbo Boway Alloy Material Company Ltd,Ningbo Boway Alloy Material Company,,,,,,,,,,,,,,,,
15756,15756,6609,Public Joint-Stock Company UTair Aviation,Public Joint-Stock Company The Likhachov Plant,,,,,,,,,,,,,,,,
15764,15764,14819,BEAUTY BASKET LTD,BEAUTY BASIS LTD,,,,,,,,,,,,,,,,
15770,15770,14257,Ashok Leyland Ltd,Ashok Leyland,,,,,,,,,,,,,,,,
15782,15782,1019,Workspace Group plc,Workspace Group,,,,,,,,,,,,,,,,
15786,15786,13632,Tainan Spinning Co. Ltd,Tainan Spinning,,,,,,,,,,,,,,,,
15791,15791,15132,Synthomer plc,Synthomer,,,,,,,,,,,,,,,,
15809,15809,7840,Whitbread plc,Whitbread Plc,,,,,,,,,,,,,,,,
15897,15897,6905,"Hirogin Holdings, Inc.",Hirogin Holdings,,,,,,,,,,,,,,,,
15943,15943,885,Huntsman Corp,Huntsman,,,,,,,,,,,,,,,,
15950,15950,7282,China Suntien Green Energy Corporation,China Suntien Green Energy Corp Ltd,,,,,,,,,,,,,,,,
16030,16030,1218,Celanese Corporation,Celanese Corp,,,,,,,,,,,,,,,,
16035,16035,7248,Talkingdata,TalkingData,,,,,,,,,,,,,,,,
16062,16062,1316,ALL ABOUT SAFES LTD,ALL ABOUT ROSE LIMITED,,,,,,,,,,,,,,,,
16074,16074,14284,Hainan Airlines Holding,Hainan Airlines Co Ltd,,,,,,,,,,,,,,,,
16089,16089,7195,Carabao Group Public Company Ltd,Carabao Group Public Company,,,,,,,,,,,,,,,,
16179,16179,2384,Poly Property Services Co. Ltd,Poly Property Group Co. Ltd,,,,,,,,,,,,,,,,
16204,16204,1812,BASF SE,BASF,,,,,,,,,,,,,,,,
16267,16267,12340,"Advanced Energy Solution Holding Co., Ltd.",Advanced Energy Solution Holding Co. Ltd,,,,,,,,,,,,,,,,
16271,16271,128,Bruker Corporation,Bruker Corp,,,,,,,,,,,,,,,,
16312,16312,13167,"Automatic Data Processing, Inc.",Automatic Data Processing Inc,,,,,,,,,,,,,,,,
16321,16321,6384,Tonghua Dongbao Pharmaceutical Co. Ltd,Tonghua Dongbao Pharmaceutical,,,,,,,,,,,,,,,,
16326,16326,12702,BAD WOLF LTD,BAD WOLF HORIZON LTD,,,,,,,,,,,,,,,,
16333,16333,5839,"Sompo Holdings, Inc.",Sompo Holdings,,,,,,,,,,,,,,,,
16352,16352,3848,Viatris Inc.,Viatris Inc,,,,,,,,,,,,,,,,
16368,16368,12886,China Northern Rare Earth Group High-Tech Co Ltd,China Northern Rare Earth (group) High-tech,,,,,,,,,,,,,,,,
16430,16430,5040,AMP Ltd,AMP Limited,,,,,,,,,,,,,,,,
16517,16517,14074,Tennant Company,Tennant Co,,,,,,,,,,,,,,,,
16580,16580,7523,Air China Ld,Air China,,,,,,,,,,,,,,,,
16582,16582,3767,Daiwabo Holdings Co Ltd,Daiwabo Holdings,,,,,,,,,,,,,,,,
16583,16583,14824,BEAUTY AND SKIN LTD,BEAUTY AND SERENITY LTD,,,,,,,,,,,,,,,,
16623,16623,14062,Razer Inc,Razer,,,,,,,,,,,,,,,,
16645,16645,4303,Guotai Junan Securities Co. Ltd,Guotai Junan Securities Co Ltd,,,,,,,,,,,,,,,,
16661,16661,1839,Equifax Inc.,Equifax Inc,,,,,,,,,,,,,,,,
16663,16663,2339,San Miguel Corp,San Miguel,,,,,,,,,,,,,,,,
16680,16680,9182,Toshiba Corp,Toshiba,,,,,,,,,,,,,,,,
16695,16695,681,J Sainsbury plc,J Sainsbury Plc,,,,,,,,,,,,,,,,
16710,16710,9280,Bajaj Finserv Ltd,Bajaj Finserv,,,,,,,,,,,,,,,,
16725,16725,2513,Saudi Pharmaceutical Industries and Medical Appliances Corp,Saudi Pharmaceutical Industries & Medical Appliances Corporation,,,,,,,,,,,,,,,,
16734,16734,2995,The Bank of London,The Bank of Kyoto Ltd,,,,,,,,,,,,,,,,
16789,16789,15318,Rayonier Inc.,Rayonier Inc,,,,,,,,,,,,,,,,
16803,16803,16335,Boyd Group Services Inc.,Boyd Group Services,,,,,,,,,,,,,,,,
16855,16855,3538,Obiz Concept SAS,Obiz Concept,,,,,,,,,,,,,,,,
16874,16874,5623,"Hill-Rom Holdings, Inc.",Hill-Rom Holdings Inc,,,,,,,,,,,,,,,,
16902,16902,13963,Huaibei Miningholdings,"Huaibei Mining Holdings Co.,Ltd.",,,,,,,,,,,,,,,,
16908,16908,7321,Heiwa Corporation,Heiwa Corp,,,,,,,,,,,,,,,,
16940,16940,9565,Amadeus IT Group SA,Amadeus IT Group,,,,,,,,,,,,,,,,
16962,16962,931,Astral Polytechnik,Astral Poly Technik,,,,,,,,,,,,,,,,
16990,16990,3505,Aier Eye Hospital Group Co. Ltd,Aier Eye Hospital Group Co Ltd,,,,,,,,,,,,,,,,
17044,17044,3051,Burford Capital Limited,Burford Capital,,,,,,,,,,,,,,,,
17079,17079,11945,Bytedance,ByteDance,,,,,,,,,,,,,,,,
17111,17111,13606,Polaris Inc.,Polaris Inc,,,,,,,,,,,,,,,,
17213,17213,3035,"East West Bancorp, Inc.",East West Bancorp Inc,,,,,,,,,,,,,,,,
17232,17232,15142,Transat A.T. Inc.,Transat A.T. Inc,,,,,,,,,,,,,,,,
17233,17233,15239,Chart Industries Inc,Chart Industries,,,,,,,,,,,,,,,,
17239,17239,4448,Bombardier Inc.,Bombardier Inc,,,,,,,,,,,,,,,,
17257,17257,5407,Belden Inc,Belden,,,,,,,,,,,,,,,,
17264,17264,16074,Hainan Airlines Holding Co. Ltd,Hainan Airlines Holding,,,,,,,,,,,,,,,,
17307,17307,7696,ENEOS Holdings Inc,ENEOS Holdings,,,,,,,,,,,,,,,,
17386,17386,10149,NEW AGE INTERNATIONAL MARKETING LTD,NEW AGE INTERNATIONAL (UK) LTD,,,,,,,,,,,,,,,,
17403,17403,5127,Severstal PJSC,Severstal,,,,,,,,,,,,,,,,
17404,17404,13402,Cranswick plc,Cranswick,,,,,,,,,,,,,,,,
17423,17423,15171,Novorossiysk Commercial Sea Port PJSC,Novorossiysk Commercial Sea Port,,,,,,,,,,,,,,,,
17437,17437,11851,Surgical Science Sweden Ab (publ),Surgical Science Sweden AB,,,,,,,,,,,,,,,,
17469,17469,2655,BEAUTY AND THE BULLZ LIMITED,BEAUTY AND THE BULLYS LTD,,,,,,,,,,,,,,,,
17471,17471,1284,Xpressbees,XpressBees,,,,,,,,,,,,,,,,
17505,17505,2200,ALL ABOUT ROOFING SERVICES LIMITED,ALL ABOUT ROOFING LIMITED,,,,,,,,,,,,,,,,
17523,17523,6182,Poste Italiane Spa,Poste Italiane SpA,,,,,,,,,,,,,,,,
17539,17539,10041,Sirius Xm Holdings,Sirius XM Holdings Inc.,,,,,,,,,,,,,,,,
17548,17548,7995,Banco Pan SA,Banco Pan,,,,,,,,,,,,,,,,
17572,17572,16064,Aurelius Equity Opportunities Se & Co. Kgaa,Aurelius Equity Opportunities SE & Co KGaA,,,,,,,,,,,,,,,,
17608,17608,6110,"Shanying International Holdings Co.,ltd","Shanying International Holdings Co.,Ltd",,,,,,,,,,,,,,,,
17631,17631,11775,Tobu Railway Co Ltd,Tobu Railway,,,,,,,,,,,,,,,,
17639,17639,11225,Lincoln National Corp,Lincoln National,,,,,,,,,,,,,,,,
17683,17683,13968,Flughafen Zürich AG,Flughafen Zurich Ag,,,,,,,,,,,,,,,,
17688,17688,13478,Lojas Renner SA,Lojas Renner,,,,,,,,,,,,,,,,
17697,17697,7965,Alpha FX Group plc,Alpha FX Group,,,,,,,,,,,,,,,,
17713,17713,416,Pointsbet Holdings,PointsBet Holdings Limited,,,,,,,,,,,,,,,,
17745,17745,11125,Falabella SA,Falabella,,,,,,,,,,,,,,,,
17789,17789,9649,Jiangsu Zhongtian Technology Co. Ltd,Jiangsu Zhongtian Technology Co Ltd,,,,,,,,,,,,,,,,
17802,17802,16583,BEAUTY AND SLIM ART LTD,BEAUTY AND SKIN LTD,,,,,,,,,,,,,,,,
17803,17803,6150,Monro Inc,Monro,,,,,,,,,,,,,,,,
17837,17837,13920,Western Mining Co Ltd,Western Mining,,,,,,,,,,,,,,,,
17939,17939,9526,Nippon Shinyaku Co. Ltd,Nippon Shinyaku Co Ltd,,,,,,,,,,,,,,,,
17950,17950,6448,Daibiru Corporation,Daibiru Corp,,,,,,,,,,,,,,,,
18001,18001,14528,Meitec Corporation,Meitec Corp,,,,,,,,,,,,,,,,
18058,18058,4301,Kumba Iron Ore Ltd,Kumba Iron Ore,,,,,,,,,,,,,,,,
18091,18091,7673,Montana Aerospace Ag,Montana Aerospace AG,,,,,,,,,,,,,,,,
18097,18097,16306,"Novavax, Inc.",Novavax Inc,,,,,,,,,,,,,,,,
18107,18107,7630,AEM Holdings Ltd,AEM Holdings,,,,,,,,,,,,,,,,
18149,18149,2609,T A GREEN LIMITED,T A GRANT LIMITED,,,,,,,,,,,,,,,,
18173,18173,13910,Tatva Chintan Pharma Chem Limited,Tatva Chintan Pharma Chem,,,,,,,,,,,,,,,,
18179,18179,7951,NEW ADVENTURES SERVICES LIMITED,NEW ADVENTURES RED SHOES LIMITED,,,,,,,,,,,,,,,,
18197,18197,4490,Exide Industries Ltd,Exide Industries,,,,,,,,,,,,,,,,
18200,18200,4818,"Ferrovial, SA",Ferrovial SA,,,,,,,,,,,,,,,,
18223,18223,16136,Central Holding Group Co. Ltd,Central Holding Group,,,,,,,,,,,,,,,,
18225,18225,6714,"Caitong Securities Co.,Ltd.",Caitong Securities,,,,,,,,,,,,,,,,
18239,18239,9558,Avantor Inc,Avantor,,,,,,,,,,,,,,,,
18256,18256,16612,KBC Group NV,KBC Group,,,,,,,,,,,,,,,,
18268,18268,5773,"Arrow Electronics, Inc.",Arrow Electronics Inc,,,,,,,,,,,,,,,,
18285,18285,11651,Industrial Bank of Korea,Industrial Bank Of Korea,,,,,,,,,,,,,,,,
18310,18310,14705,Equinor ASA,Equinor,,,,,,,,,,,,,,,,
18366,18366,10708,SNC-Lavalin Group Inc.,SNC-Lavalin Group Inc,,,,,,,,,,,,,,,,
18367,18367,5930,Fundo de Investimento Imobiliário - FII Floripa Shopping,Fundo de Investimento Imobiliário - FII Anhanguera Educacional,,,,,,,,,,,,,,,,
18398,18398,4564,Wienerberger Ag,Wienerberger AG,,,,,,,,,,,,,,,,
18437,18437,16402,Arcadis Nv,Arcadis NV,,,,,,,,,,,,,,,,
18442,18442,4793,China Resources Double-crane Pharmaceutical,"China Resources Double-Crane Pharmaceutical Co.,Ltd.",,,,,,,,,,,,,,,,
18453,18453,2530,Gjensidige Forsikring ASA,Gjensidige Forsikring,,,,,,,,,,,,,,,,
18461,18461,6629,Badger Daylighting Ltd.,Badger Daylighting,,,,,,,,,,,,,,,,
18472,18472,15714,Chongqing Brewery Co. Ltd,Chongqing Brewery,,,,,,,,,,,,,,,,
18548,18548,126,Garmin Ltd.,Garmin Ltd,,,,,,,,,,,,,,,,
18549,18549,5905,Palantir Technologies Inc,Palantir Technologies,,,,,,,,,,,,,,,,
18560,18560,232,Foot Locker Careers,Foot Locker,,,,,,,,,,,,,,,,
18563,18563,9712,Nabtesco Corporation,Nabtesco Corp,,,,,,,,,,,,,,,,
18578,18578,7733,Vinacapital Vietnam Opportunity Fund Ld,VinaCapital Vietnam Opportunity Fund Limited,,,,,,,,,,,,,,,,
18582,18582,2038,ALL ABOUT THAT GLASS LTD,ALL ABOUT THAT CASE LTD,,,,,,,,,,,,,,,,
18621,18621,8838,Haier Smart Home Co Ltd,Haier Smart Home,,,,,,,,,,,,,,,,
18622,18622,2956,Pirelli & C,Pirelli,,,,,,,,,,,,,,,,
18662,18662,17214,Alps Alpine Co Ltd,Alps Alpine,,,,,,,,,,,,,,,,
18672,18672,580,Baker Hughes Co,Baker Hughes,,,,,,,,,,,,,,,,
18674,18674,12761,ALL ABOUT LOYALTY LIMITED,ALL ABOUT LOVE LIMITED,,,,,,,,,,,,,,,,
18684,18684,7327,Feiniko,Fein,,,,,,,,,,,,,,,,
18697,18697,15555,Nokia Corporation,Nokia Corp,,,,,,,,,,,,,,,,
18775,18775,2577,Far East Horizon Ltd,Far East Horizon,,,,,,,,,,,,,,,,
18794,18794,10683,Huali Industrial Group Company Limited,Huali Industrial Group,,,,,,,,,,,,,,,,
18812,18812,8202,Shenergy Company Ltd,Shenergy Company,,,,,,,,,,,,,,,,
18847,18847,5248,Renew Holdings plc,Renew Holdings Plc,,,,,,,,,,,,,,,,
18893,18893,13906,Japan Airlines (JAL),Japan Airlines,,,,,,,,,,,,,,,,
18915,18915,439,Booking Holdings Inc.,Booking Holdings Inc,,,,,,,,,,,,,,,,
18982,18982,1677,Alibaba Group Holding Ltd,Alibaba Group Holding,,,,,,,,,,,,,,,,
18989,18989,10414,NEW AGE RESOURCE LTD,NEW AGE RESOURCE LIMITED,,,,,,,,,,,,,,,,
18994,18994,9326,Dorel Industries Inc.,Dorel Industries Inc,,,,,,,,,,,,,,,,
19033,19033,13189,Adobute,Adobe,,,,,,,,,,,,,,,,
19041,19041,16178,Nikkon Holdings Co. Ltd,Nikkon Holdings Co Ltd,,,,,,,,,,,,,,,,
19064,19064,9395,"Tenable Holdings, Inc.",Tenable Holdings,,,,,,,,,,,,,,,,
19109,19109,2498,"Chengdu Kanghua Biological Products Co., Ltd.",Chengdu Kanghua Biological Products Co. Ltd,,,,,,,,,,,,,,,,
19121,19121,14928,Topcon Corporation,Topcon Corp,,,,,,,,,,,,,,,,
19142,19142,17705,M31 Technology Corp,M31 Technology,,,,,,,,,,,,,,,,
19145,19145,18149,T A GREEN ROOFING LIMITED,T A GREEN LIMITED,,,,,,,,,,,,,,,,
19150,19150,11419,Wilmar International Ltd,Wilmar International,,,,,,,,,,,,,,,,
19160,19160,15654,Q CLEANERS LTD,Q CLEAN SERVICES LTD,,,,,,,,,,,,,,,,
19221,19221,8642,Vodafone Idea Limited,Vodafone Idea,,,,,,,,,,,,,,,,
19320,19320,15105,Telefonica Deutschland Holding Ag,Telefonica Deutschland Holding AG,,,,,,,,,,,,,,,,
19343,19343,538,BLATCHFORD LIMITED,BLATCHFORD GROUP LIMITED,,,,,,,,,,,,,,,,
19347,19347,4474,"Beijing Roborock Technology Co., Ltd.",Beijing Roborock Technology Co. Ltd,,,,,,,,,,,,,,,,
19370,19370,5902,Danaher Corp,Danaher,,,,,,,,,,,,,,,,
19398,19398,14795,Solus Advanced Materials Co. Ltd,Solus Advanced Materials,,,,,,,,,,,,,,,,
19427,19427,15163,Virgin Money UK plc,Virgin Money UK Plc,,,,,,,,,,,,,,,,
19447,19447,18477,Edinburgh Worldwide Investment Trust plc,Edinburgh Worldwide Investment Trust,,,,,,,,,,,,,,,,
19448,19448,15346,Ulta Beauty Inc,Ulta Beauty,,,,,,,,,,,,,,,,
19451,19451,16109,Indiamart Intermesh Limited,Indiamart Intermesh,,,,,,,,,,,,,,,,
19454,19454,15561,Korea Electric Power Corporation,Korea Electric Power Corp,,,,,,,,,,,,,,,,
19468,19468,10467,Tata Consultancy Services (tcs),Tata Consultancy Services,,,,,,,,,,,,,,,,
19470,19470,10693,"Comforia Residential REIT, Inc.",Comforia Residential,,,,,,,,,,,,,,,,
19505,19505,2849,Boohoo Group Plc,Boohoo Group,,,,,,,,,,,,,,,,
19519,19519,13970,Fideicomiso Irrevocable No. F/1523,Fideicomiso Irrevocable F/2061 Fhipo,,,,,,,,,,,,,,,,
19520,19520,2687,Fortive Corporation,Fortive Corp,,,,,,,,,,,,,,,,
19532,19532,16072,West Fraser Timber Co Ltd,West Fraser Timber,,,,,,,,,,,,,,,,
19533,19533,18846,Bureau Veritas SA,Bureau Veritas,,,,,,,,,,,,,,,,
19541,19541,11545,China Gezhouba Group Company Ltd,China Gezhouba Group Co Ltd,,,,,,,,,,,,,,,,
19555,19555,14915,Anhui Yingjia Distillery Co. Ltd,Anhui Yingjia Distillery,,,,,,,,,,,,,,,,
19564,19564,10548,China Unicom,China Ums,,,,,,,,,,,,,,,,
19588,19588,6586,Bank of Tianjin,Bank of Taiwan,,,,,,,,,,,,,,,,
19592,19592,12370,R A COLLIN LIMITED,R A COATINGS LIMITED,,,,,,,,,,,,,,,,
19593,19593,16744,Asahi Group Holdings Ltd,Asahi Group Holdings,,,,,,,,,,,,,,,,
19628,19628,14350,Sihuan Pharmaceutical Holdings Group Ltd.,Sihuan Pharmaceutical Holdings Group Ltd,,,,,,,,,,,,,,,,
19656,19656,18094,"Infraestructura Energética Nova, S.A.B. de C.V.",Infraestructura Energetica Nova SAB de CV,,,,,,,,,,,,,,,,
19688,19688,11093,Muthoot Capital Services Ltd,Muthoot Capital Services,,,,,,,,,,,,,,,,
19691,19691,19157,FINANCE SOLUTIONS 4U LIMITED,FINANCE SOLUTIONS (UK) LIMITED,,,,,,,,,,,,,,,,
19737,19737,7171,Swedish Orphan Biovitrum AB,Swedish Orphan Biovitrum,,,,,,,,,,,,,,,,
19739,19739,3205,Evotec Se,Evotec SE,,,,,,,,,,,,,,,,
19755,19755,18777,ManpowerGroup Inc,ManpowerGroup,,,,,,,,,,,,,,,,
19771,19771,11267,Storebrand Asa,Storebrand ASA,,,,,,,,,,,,,,,,
19810,19810,18945,BAD BOY BARBER LTD,BAD BOY BABY LTD,,,,,,,,,,,,,,,,
19839,19839,7884,Clavia,Claveria,,,,,,,,,,,,,,,,
19857,19857,16782,Okuma Corporation,Okuma Corp,,,,,,,,,,,,,,,,
19860,19860,2734,Carlisle Companies Inc,Carlisle Companies,,,,,,,,,,,,,,,,
19874,19874,16984,BEAUTY & THE JUICE LTD,BEAUTY & THE BROW LTD,,,,,,,,,,,,,,,,
19906,19906,10443,"Brighthouse Financial, Inc.",Brighthouse Financial,,,,,,,,,,,,,,,,
19984,19984,14094,Consolidated Contractors Co,Consolidated Contractors,,,,,,,,,,,,,,,,
19999,19999,2395,Turkiye Garanti Bankasi A.S.,Turkiye Garanti Bankasi,,,,,,,,,,,,,,,,
20004,20004,5860,Polskie Górnictwo Naftowe i Gazownictwo SA,Polskie Gornictwo Naftowe i Gazownictwo SA,,,,,,,,,,,,,,,,
20030,20030,876,Xinyu Iron & Steel Co. Ltd,Xinyu Iron & Steel Co Ltd,,,,,,,,,,,,,,,,
20032,20032,15247,Italtile Ltd,Italtile,,,,,,,,,,,,,,,,
20038,20038,15062,FactSet Research Systems Inc.,FactSet Research Systems Inc,,,,,,,,,,,,,,,,
20090,20090,8758,PALANTIR TECHNOLOGIES QFC LLC,PALANTIR TECHNOLOGIES INC.,,,,,,,,,,,,,,,,
20109,20109,13177,Ibstock plc,Ibstock,,,,,,,,,,,,,,,,
20111,20111,12258,Cable One Inc,Cable One,,,,,,,,,,,,,,,,
20114,20114,16911,Precot Meridian Ltd,Precot Meridian,,,,,,,,,,,,,,,,
20198,20198,9995,Companhia Brasileira de Distribuição,Companhia Brasileira de Distribuicao,,,,,,,,,,,,,,,,
20231,20231,13935,Ubisoft Entertainment SA,Ubisoft Entertainment,,,,,,,,,,,,,,,,
20238,20238,10295,"Hasbro, Inc.",Hasbro Inc,,,,,,,,,,,,,,,,
20268,20268,15523,Mechel PAO,Mechel,,,,,,,,,,,,,,,,
20272,20272,9879,Aeroports de Paris,Aeroports De Paris Sa,,,,,,,,,,,,,,,,
20283,20283,10627,On Holding Ag,On Holding AG,,,,,,,,,,,,,,,,
20333,20333,19413,NEW AGE MOTORS LIMITED,NEW AGE MOTOR SALES LIMITED,,,,,,,,,,,,,,,,
20339,20339,17626,Sherwin-williams Company,Sherwin-Williams Co,,,,,,,,,,,,,,,,
20344,20344,4405,Permanent Tsb Group Holdings,Permanent TSB Group Holdings plc,,,,,,,,,,,,,,,,
20349,20349,20223,Crocs Inc,Crocs,,,,,,,,,,,,,,,,
20380,20380,8463,Ube Industries Ltd,Ube Industries,,,,,,,,,,,,,,,,
20388,20388,10918,General Mills Inc,General Mills,,,,,,,,,,,,,,,,
20408,20408,19836,Associated British Foods Plc,Associated British Foods,,,,,,,,,,,,,,,,
20413,20413,17788,"International Games System Co.,Ltd.",International Games System Co. Ltd,,,,,,,,,,,,,,,,
20446,20446,2566,Wolverine World Wide Inc,Wolverine World Wide,,,,,,,,,,,,,,,,
20483,20483,20181,Prudential plc,Prudential Plc,,,,,,,,,,,,,,,,
20496,20496,5593,Saudi Basic Industries Corporation (sabic),Saudi Basic Industries Corp,,,,,,,,,,,,,,,,
20498,20498,14682,Keysight Technologies Careers,Keysight Technologies,,,,,,,,,,,,,,,,
20508,20508,3464,"AvalonBay Communities, Inc.",AvalonBay Communities Inc,,,,,,,,,,,,,,,,
20511,20511,13611,Lintes Technology Co. Ltd,Lintes Technology,,,,,,,,,,,,,,,,
20533,20533,16207,Digital Realty Trust Inc,Digital Realty Trust,,,,,,,,,,,,,,,,
20536,20536,12582,Seven Group Holdings Limited,Seven Group Holdings,,,,,,,,,,,,,,,,
20549,20549,17052,Central Depository Services (india) Limited,Central Depository Services,,,,,,,,,,,,,,,,
20582,20582,4377,Bharat Heavy Electricals Ltd,Bharat Heavy Electricals,,,,,,,,,,,,,,,,
20587,20587,10052,Barco Nv,Barco NV,,,,,,,,,,,,,,,,
20710,20710,10626,Orica Ltd,Orica Limited,,,,,,,,,,,,,,,,
20749,20749,12225,Liaoning Cheng Da Co. Ltd,Liaoning Cheng Da Co Ltd,,,,,,,,,,,,,,,,
20791,20791,2240,Comarch SA,Comarch,,,,,,,,,,,,,,,,
20810,20810,20133,Perfect World Co Ltd,Perfect World,,,,,,,,,,,,,,,,
20811,20811,15089,Bystronic Ag,Bystronic AG,,,,,,,,,,,,,,,,
20862,20862,13838,BEAUTY AND THE BUTTON LIMITED,BEAUTY AND THE BUMP MATERNITY LIMITED,,,,,,,,,,,,,,,,
20873,20873,17902,Spritzer,Sprite,,,,,,,,,,,,,,,,
20878,20878,10855,Tadano Ltd,Tadano,,,,,,,,,,,,,,,,
20896,20896,8246,Omnicell Inc,Omnicell,,,,,,,,,,,,,,,,
20898,20898,19591,Cachet Pharmaceuticals,Cachet Pharmaceutical Co Ltd,,,,,,,,,,,,,,,,
20903,20903,4614,Flow Traders N.V.,Flow Traders,,,,,,,,,,,,,,,,
20912,20912,11924,Sofina SA,Sofina,,,,,,,,,,,,,,,,
21012,21012,14495,Eaton Vance Tax-advantaged Global Dividend Income Fund,Eaton Vance Tax-advantaged Dividend Income Fund,,,,,,,,,,,,,,,,
21014,21014,6977,Hikma Pharmaceuticals Plc,Hikma Pharmaceuticals,,,,,,,,,,,,,,,,
21093,21093,7620,Harbour Energy Plc,Harbour Energy PLC,,,,,,,,,,,,,,,,
21165,21165,147,NGK Spark Plugs,NGK Spark Plug Co. Ltd,,,,,,,,,,,,,,,,
21172,21172,8216,BAD BOY BURGERS MOBILE LTD,BAD BOY BURGERS LTD,,,,,,,,,,,,,,,,
21209,21209,20531,Shenzhen Hepalink Pharmaceutical Group Co Ltd,Shenzhen Hepalink Pharmaceutical Group,,,,,,,,,,,,,,,,
21213,21213,11845,"Monex Group, Inc.",Monex Group,,,,,,,,,,,,,,,,
21215,21215,19479,Shandong Shida Shenghua Chemical Group Company Ltd,Shandong Shida Shenghua Chemical Group Company,,,,,,,,,,,,,,,,
21240,21240,9160,eila consulting,eila Consulting,,,,,,,,,,,,,,,,
21292,21292,13728,Yango Group Co. Ltd,Yango Group,,,,,,,,,,,,,,,,
21296,21296,13458,Netflix Inc,Netflix,,,,,,,,,,,,,,,,
21328,21328,2824,Fukuda Denshi Co. Ltd,Fukuda Denshi Co Ltd,,,,,,,,,,,,,,,,
21329,21329,12241,Cathay Financial Holding Co. Ltd,Cathay Financial Holding Co Ltd,,,,,,,,,,,,,,,,
21343,21343,13292,Mobile Telesystems PJSC,Mobile Telesystems,,,,,,,,,,,,,,,,
21356,21356,7597,thinkout IT,think about IT,,,,,,,,,,,,,,,,
21364,21364,7178,Ratnamani Metals and Tubes,Ratnamani Metals & Tubes,,,,,,,,,,,,,,,,
21401,21401,6358,Wesdome Gold Mines Ltd.,Wesdome Gold Mines,,,,,,,,,,,,,,,,
21416,21416,2076,Livzon Pharmaceutical Group Co Ltd,Livzon Pharmaceutical Group,,,,,,,,,,,,,,,,
21418,21418,4693,WillScot Mobile Mini Holdings Corp.,WillScot Mobile Mini Holdings Corp,,,,,,,,,,,,,,,,
21419,21419,3627,FOOD CABARET LTD,FOOD CAB LTD,,,,,,,,,,,,,,,,
21420,21420,3935,New Hope Liuhe Co Ltd,New Hope Liuhe,,,,,,,,,,,,,,,,
21443,21443,4008,Ardentec Corporation,Ardentec Corp,,,,,,,,,,,,,,,,
21448,21448,2440,Salcef Group S.p.a.,Salcef Group S.p.A.,,,,,,,,,,,,,,,,
21463,21463,6464,Ryanair Holdings Plc,Ryanair Holdings,,,,,,,,,,,,,,,,
21489,21489,16025,Buzzi Unicem S.p.A.,Buzzi Unicem,,,,,,,,,,,,,,,,
21512,21512,5279,Banco Inter SA,Banco Inter,,,,,,,,,,,,,,,,
21561,21561,14387,Jiangling Motors Corporation Ltd,Jiangling Motors Corporation,,,,,,,,,,,,,,,,
21606,21606,20709,"CDK Global, Inc.",CDK Global Inc,,,,,,,,,,,,,,,,
21701,21701,2823,Keio Corporation,Keio Corp,,,,,,,,,,,,,,,,
21745,21745,1550,Pt Indofood Sukses Makmur Tbk,Pt Indofood Cbp Sukses Makmur Tbk,,,,,,,,,,,,,,,,
21778,21778,13625,SOFTWARE CONTRACTORS LTD,SOFTWARE CONTRACTING LTD,,,,,,,,,,,,,,,,
21785,21785,12973,Dillard's Inc,Dillard's,,,,,,,,,,,,,,,,
21804,21804,238,Acciona,Accion Labs,,,,,,,,,,,,,,,,
21828,21828,14384,Fabryka Samochodów Osobowych,Fabryka Samochodów Małolitrażowych,,,,,,,,,,,,,,,,
21831,21831,247,Cenovus Energy Inc.,Cenovus Energy Inc,,,,,,,,,,,,,,,,
21882,21882,18796,"Chubu Electric Power Company, Inc.",Chubu Electric Power Company,,,,,,,,,,,,,,,,
21887,21887,8404,Nanosonics Limited,Nanosonics,,,,,,,,,,,,,,,,
21891,21891,11139,Powerlong Real Estate Holdings Ltd,Powerlong Real Estate Holdings,,,,,,,,,,,,,,,,
21896,21896,5542,Eurazeo Se,Eurazeo SE,,,,,,,,,,,,,,,,
21906,21906,20134,Big Hit Entertainment Co. Ltd,Big Hit Entertainment,,,,,,,,,,,,,,,,
21913,21913,10435,"Leader Harmonious Drive Systems Co., Ltd.",Leader Harmonious Drive Systems Co. Ltd,,,,,,,,,,,,,,,,
21929,21929,17189,ASML Holding NV,ASML Holding,,,,,,,,,,,,,,,,
21942,21942,639,Tabcorp Holdings Limited,Tabcorp Holdings,,,,,,,,,,,,,,,,
21946,21946,18463,Wartsila Corp,Wartsila,,,,,,,,,,,,,,,,
21997,21997,7557,BEAUTY ANGELS GROUP LTD,BEAUTY ANGELS (NW) LTD,,,,,,,,,,,,,,,,
22000,22000,16595,Daewoong Pharmaceutical Co Ltd,Daewoong Pharmaceutical,,,,,,,,,,,,,,,,
22014,22014,10261,Bradespar SA,Bradespar,,,,,,,,,,,,,,,,
22031,22031,6722,Southern Copper Corporation,Southern Copper Corp,,,,,,,,,,,,,,,,
22050,22050,20604,Prudential Financial Inc,Prudential Financial,,,,,,,,,,,,,,,,
22051,22051,493,S A CATERING SUPPLIES LTD,S A CATERING SERVICES LTD,,,,,,,,,,,,,,,,
22059,22059,2178,Yeti Holdings Inc,Yeti Holdings,,,,,,,,,,,,,,,,
22096,22096,17638,Medios AG,Medios,,,,,,,,,,,,,,,,
22105,22105,10199,Hero Motocorp,Hero MotoCorp Ltd,,,,,,,,,,,,,,,,
22129,22129,7401,Targa Resources Corp,Targa Resources,,,,,,,,,,,,,,,,
22180,22180,21158,Katrina Group Ltd,Katrina Group,,,,,,,,,,,,,,,,
22206,22206,15190,Chr. Hansen Holding AS,Chr. Hansen Holding A/s,,,,,,,,,,,,,,,,
22211,22211,19827,Morinaga Milk Industry Co Ltd,Morinaga Milk Industry,,,,,,,,,,,,,,,,
22257,22257,17177,Annaly Capital Management Inc,Annaly Capital Management,,,,,,,,,,,,,,,,
22259,22259,6894,BEAUTY AT THE BAY LTD,BEAUTY AT THE BARN LTD,,,,,,,,,,,,,,,,
22280,22280,16426,"Kailuan Energy Chemical Co.,Ltd.",Kailuan Energy Chemical,,,,,,,,,,,,,,,,
22284,22284,16731,SOFTWARE MOUNTAIN LIMITED,SOFTWARE MOSAIC LIMITED,,,,,,,,,,,,,,,,
22289,22289,10963,SOFTWARE BOX LIMITED,SOFTWARE BASE LIMITED,,,,,,,,,,,,,,,,
22310,22310,15060,IHS Markit Ltd.,IHS Markit Ltd,,,,,,,,,,,,,,,,
22325,22325,7830,CME Group Inc,CME Group,,,,,,,,,,,,,,,,
22337,22337,7132,Forterra plc,Forterra Inc,,,,,,,,,,,,,,,,
22353,22353,10745,Jones Lang LaSalle Incorporated,Jones Lang LaSalle Inc,,,,,,,,,,,,,,,,
22366,22366,16519,Casio Computer Co Ltd,Casio Computer,,,,,,,,,,,,,,,,
22396,22396,18752,China Marine Information Electronics Company Ltd,China Marine Information Electronics Company,,,,,,,,,,,,,,,,
22428,22428,8377,China Shenhua Energy Company Ltd,China Shenhua Energy Company,,,,,,,,,,,,,,,,
22433,22433,19116,Shanghai Belling Co. Ltd,Shanghai Belling,,,,,,,,,,,,,,,,
22444,22444,3270,Bridgetown Holdings Limited,Bridgetown 2 Holdings Limited,,,,,,,,,,,,,,,,
22456,22456,10442,R. A. GLASS ASSOCIATES (LARNE) LTD,R. A. GLASS ASSOCIATES (COMBER) LTD,,,,,,,,,,,,,,,,
22500,22500,5851,Gold Fields Limited,Gold Fields,,,,,,,,,,,,,,,,
22587,22587,5392,Biogen Inc,Biogen,,,,,,,,,,,,,,,,
22600,22600,13586,Adecco Group A.G.,Adecco Group,,,,,,,,,,,,,,,,
22606,22606,11979,Illinois Tool Works Inc,Illinois Tool Works,,,,,,,,,,,,,,,,
22609,22609,6871,Vardhman Textiles Ltd,Vardhman Textiles,,,,,,,,,,,,,,,,
22612,22612,22421,V & A VENTURES LTD,V & A STAR LTD,,,,,,,,,,,,,,,,
22628,22628,20296,Koenig & Bauer AG,Koenig & Bauer,,,,,,,,,,,,,,,,
22634,22634,19388,adidas AG,adidas,,,,,,,,,,,,,,,,
22654,22654,11469,Melitta,Melita,,,,,,,,,,,,,,,,
22656,22656,9939,Formula One Group,Formula Group,,,,,,,,,,,,,,,,
22682,22682,15964,BAD BEES LTD,BAD BEE LTD,,,,,,,,,,,,,,,,
22750,22750,7086,Groupe Bruxelles Lambert SA,Groupe Bruxelles Lambert,,,,,,,,,,,,,,,,
22766,22766,19090,Tingyi (cayman Islands) Holding,Tingyi (Cayman Islands) Holding Corp,,,,,,,,,,,,,,,,
22770,22770,10361,Varta Ag,Varta AG,,,,,,,,,,,,,,,,
22776,22776,8747,Amarin Corporation plc,Amarin Corporation,,,,,,,,,,,,,,,,
22779,22779,17274,Gree Electric Appliances Inc of Zhuhai,Gree Electric Appliances,,,,,,,,,,,,,,,,
22785,22785,1307,Tokyo Electron Device Ltd,Tokyo Electron,,,,,,,,,,,,,,,,
22793,22793,20356,FOOD & DRINK ZONE UK LTD,FOOD & DRINK TOURS LTD,,,,,,,,,,,,,,,,
22810,22810,14547,Intermediate Capital Group Plc,Intermediate Capital Group,,,,,,,,,,,,,,,,
22811,22811,6520,Goodman Group,Goodland Group Ltd,,,,,,,,,,,,,,,,
22818,22818,22204,SSH Communications Security Oyj,SSH Communications Security,,,,,,,,,,,,,,,,
22819,22819,20200,Indus Holding Ag,Indus Holding AG,,,,,,,,,,,,,,,,
22848,22848,520,"Dropbox, Inc.",Dropbox Inc,,,,,,,,,,,,,,,,
22882,22882,1444,UNIVERSITA' DEGLI STUDI ROMA TRE,UNIVERSITA' DEGLI STUDI DI VERONA,,,,,,,,,,,,,,,,
22883,22883,166,Principal Financial Group Inc,Principal Financial Group,,,,,,,,,,,,,,,,
22981,22981,19160,Q CLEANING LTD,Q CLEANERS LTD,,,,,,,,,,,,,,,,
23032,23032,14219,Japan Petroleum Exploration Co. Ltd,Japan Petroleum Exploration Co Ltd,,,,,,,,,,,,,,,,
23064,23064,444,Earth Corporation,Earth Corp,,,,,,,,,,,,,,,,
23086,23086,18487,Consultatio SA,Consultatio,,,,,,,,,,,,,,,,
23088,23088,10892,"Asahi Holdings, Inc.",Asahi Holdings,,,,,,,,,,,,,,,,
23091,23091,7632,FOOD AND DRINK SECTOR SKILLS,FOOD AND DRINK SECTOR COUNCIL LIMITED,,,,,,,,,,,,,,,,
23138,23138,14519,"Cardinal Health, Inc.",Cardinal Health Inc,,,,,,,,,,,,,,,,
23152,23152,15116,Swire Properties Ltd,Swire Properties,,,,,,,,,,,,,,,,
23161,23161,22063,State Street Bank,State Street,,,,,,,,,,,,,,,,
23197,23197,20706,Public Joint Stock Company Magnitogorsk Iron & Steel Works,Public Joint Stock Company Magnit,,,,,,,,,,,,,,,,
23199,23199,22338,Tibet Rhodiola Pharmaceutical Holding Co.,Tibet Rhodiola Pharmaceutical Holding,,,,,,,,,,,,,,,,
23201,23201,1087,Mediobanca Banca Di Credito Finanziario,Mediobanca - Banca di Credito Finanziario SpA,,,,,,,,,,,,,,,,
23214,23214,11996,Jiangsu New Energy Development Co. Ltd,Jiangsu New Energy Development,,,,,,,,,,,,,,,,
23236,23236,1612,Hunter Douglas NV,Hunter Douglas N.V.,,,,,,,,,,,,,,,,
23264,23264,3101,Capital One Financial Corporation,Capital One Financial Corp,,,,,,,,,,,,,,,,
23267,23267,8668,"Greatek Electronics, Inc.",Greatek Electronics,,,,,,,,,,,,,,,,
23274,23274,22757,Craneware plc,Craneware,,,,,,,,,,,,,,,,
23281,23281,7252,Continental AG,Continental,,,,,,,,,,,,,,,,
23285,23285,3952,Rosneft Oil Co PJSC,Rosneft Oil Co,,,,,,,,,,,,,,,,
23319,23319,629,"Itochu Enex Co.,Ltd.",Itochu Enex Co Ltd,,,,,,,,,,,,,,,,
23326,23326,4584,Legend Holdings Corporation,Legend Holdings Corp,,,,,,,,,,,,,,,,
23335,23335,16735,"MedPeer,Inc.",MedPeer,,,,,,,,,,,,,,,,
23375,23375,49,Keywords Studios plc,Keywords Studios,,,,,,,,,,,,,,,,
23379,23379,19496,Haldex AB,Haldex,,,,,,,,,,,,,,,,
23408,23408,20474,Exxaro Resources Ltd,Exxaro Resources,,,,,,,,,,,,,,,,
23432,23432,10991,Phoenix Group Holdings plc,Phoenix Group Holdings Plc,,,,,,,,,,,,,,,,
23435,23435,12804,Sunny Optical Technology Group Co Ltd,Sunny Optical Technology Group,,,,,,,,,,,,,,,,
23456,23456,1348,"Yangmei Chemical Co.,ltd","Yangmei Chemical Co.,Ltd",,,,,,,,,,,,,,,,
23460,23460,4151,Globaltrans Investment PLC,Globaltrans Investment,,,,,,,,,,,,,,,,
23479,23479,6093,"Walgreens Boots Alliance, Inc.",Walgreens Boots Alliance Inc,,,,,,,,,,,,,,,,
23486,23486,3117,Chow Tai Fook Jewellery,Chow Tai Fook,,,,,,,,,,,,,,,,
23487,23487,4675,Teijin Ltd,Teijin,,,,,,,,,,,,,,,,
23509,23509,7257,Birla Tyres Ltd,Birla Tyres,,,,,,,,,,,,,,,,
23552,23552,20108,Twilio Inc,Twilio,,,,,,,,,,,,,,,,
23579,23579,13203,Thermador Groupe Sa,Thermador Groupe,,,,,,,,,,,,,,,,
23661,23661,21757,Ebara Corporation,Ebara Corp,,,,,,,,,,,,,,,,
23668,23668,22738,Cadence Design Systems,Cadence Design,,,,,,,,,,,,,,,,
23673,23673,9911,Genius Sports Ltd,Genius Sports Limited,,,,,,,,,,,,,,,,
23684,23684,1494,China Pacific Insurance Group (cpic),China Pacific Insurance (Group) Co Ltd,,,,,,,,,,,,,,,,
23699,23699,21108,Federal Mogul Powertrain,Federal Mogul Goetze,,,,,,,,,,,,,,,,
23704,23704,18150,GN Store Nord A-S,GN Store Nord,,,,,,,,,,,,,,,,
23709,23709,20528,Neonode Inc.,Neonode,,,,,,,,,,,,,,,,
23710,23710,7337,Hastings Group Holdings plc,Hastings Group Holdings,,,,,,,,,,,,,,,,
23716,23716,10493,Interparfums Sa,Interparfums SA,,,,,,,,,,,,,,,,
23726,23726,9665,P A HAMBLING LIMITED,P A H TRADING LIMITED,,,,,,,,,,,,,,,,
23740,23740,2472,LVMH Moët Hennessy Louis Vuitton,LVMH Moet Hennessy Louis Vuitton SE,,,,,,,,,,,,,,,,
23772,23772,381,Savola Group Company,Savola Group Co,,,,,,,,,,,,,,,,
23823,23823,6424,ITDS Polska,ITDS Poland,,,,,,,,,,,,,,,,
23827,23827,22827,Celestia,Celesio,,,,,,,,,,,,,,,,
23841,23841,18111,U DREAM LIMITED,U DRAIN LIMITED,,,,,,,,,,,,,,,,
23847,23847,10482,Pirelli & C. Spa,Pirelli & C. S.p.a.,,,,,,,,,,,,,,,,
23860,23860,5726,Fujian Funeng Co. Ltd,Fujian Funeng Co Ltd,,,,,,,,,,,,,,,,
23865,23865,11027,KGHM Polska Miedz SA,KGHM Polska Miedz,,,,,,,,,,,,,,,,
23866,23866,18793,Exscientia AI,Exscientia,,,,,,,,,,,,,,,,
23869,23869,8310,James Hardie Industries plc,James Hardie Industries Plc,,,,,,,,,,,,,,,,
23923,23923,15677,Old Republic International Corporation,Old Republic International Corp,,,,,,,,,,,,,,,,
23932,23932,6032,Saudi Electricity Company,Saudi Electricity Co,,,,,,,,,,,,,,,,
23944,23944,15795,Summerset Group Holdings Limited,Summerset Group Holdings,,,,,,,,,,,,,,,,
23951,23951,3840,Ecolab Inc.,Ecolab Inc,,,,,,,,,,,,,,,,
23971,23971,6288,Prestige Consumer Healthcare Inc,Prestige Consumer Healthcare,,,,,,,,,,,,,,,,
23978,23978,11712,Life Insurance Corporation of India,Life Insurance Corporation Of India,,,,,,,,,,,,,,,,
23982,23982,18182,Citigroup Inc,Citigroup,,,,,,,,,,,,,,,,
23983,23983,8665,Allegis Group Inc,Allegis Group,,,,,,,,,,,,,,,,
23988,23988,13946,R A K CONSTRUCTION (SOUTH WEST) LTD,R A K CONSTRUCTION (COTSWOLDS) LTD,,,,,,,,,,,,,,,,
23995,23995,20439,Daimler AG,Daimler,,,,,,,,,,,,,,,,
24002,24002,16992,Smith & Nephew Careers,Smith & Nephew,,,,,,,,,,,,,,,,
24046,24046,21028,Brioni,Brio,,,,,,,,,,,,,,,,
24099,24099,8339,ALL ABOUT CREATIVITY LTD,ALL ABOUT CREATIVE LTD,,,,,,,,,,,,,,,,
24124,24124,9720,"Caesars Entertainment, Inc.",Caesars Entertainment Inc,,,,,,,,,,,,,,,,
24176,24176,16168,Nizhnekamskneftekhim PJSC,Nizhnekamskneftekhim,,,,,,,,,,,,,,,,
24184,24184,3169,Kinden Corporation,Kinden Corp,,,,,,,,,,,,,,,,
24188,24188,5510,SOFTWARE SOLUTIONS INDIA LIMITED,SOFTWARE SOLUTIONS IG LIMITED,,,,,,,,,,,,,,,,
24190,24190,2562,Chongqing Three Gorges Water Conservancy and Electric Power Co. Ltd,Chongqing Three Gorges Water Conservancy And Electric Power,,,,,,,,,,,,,,,,
24204,24204,7792,P & A DEVELOPMENTS (LONDON) LTD,P & A DEVELOPMENTS (DEVON) LTD,,,,,,,,,,,,,,,,
24218,24218,5958,Deutz AG,Deutz,,,,,,,,,,,,,,,,
24223,24223,12718,Dufry Ag,Dufry AG,,,,,,,,,,,,,,,,
24231,24231,19141,"Ningbo Orient Wires & Cables Co.,Ltd.",Ningbo Orient Wires & Cables,,,,,,,,,,,,,,,,
24234,24234,23927,Anhui Expressway Company Ltd,Anhui Expressway Company,,,,,,,,,,,,,,,,
24239,24239,17556,"Zhejiang Jiahua Energy Chemical Industry Co.,Ltd.",Zhejiang Jiahua Energy Chemical Industry Co Ltd,,,,,,,,,,,,,,,,
24261,24261,20822,Barrick Gold Corp,Barrick Gold,,,,,,,,,,,,,,,,
24275,24275,12541,"China Bohai Bank Co., Ltd.",China Bohai Bank Co. Ltd,,,,,,,,,,,,,,,,
24281,24281,289,Deutsche Post Ag,Deutsche Post AG,,,,,,,,,,,,,,,,
24315,24315,19765,Daiwa Securities Group,Daiwa Securities,,,,,,,,,,,,,,,,
24347,24347,20307,Q ASSOCIATES LIMITED,Q ASSETS LIMITED,,,,,,,,,,,,,,,,
24355,24355,17951,Hakuhodo Dy Holdings,"Hakuhodo DY Holdings, Inc.",,,,,,,,,,,,,,,,
24363,24363,3994,Groupe SFPI SA,Groupe SEB SA,,,,,,,,,,,,,,,,
24364,24364,14069,GOOD BARE LTD,GOOD BARBERS LTD,,,,,,,,,,,,,,,,
24374,24374,916,China Unicom Hong Kong Ltd,China Unicom (hong Kong),,,,,,,,,,,,,,,,
24379,24379,13253,SOFTWARE ALLIANCE SERVICES LIMITED,SOFTWARE ALLIANCE LIMITED,,,,,,,,,,,,,,,,
24383,24383,20353,Mizuho Leasing Company,Mizuho Leasing Co Ltd,,,,,,,,,,,,,,,,
24399,24399,7879,Aalberts Nv,Aalberts N.V.,,,,,,,,,,,,,,,,
24426,24426,4608,Yanlord Land Group Ltd,Yanlord Land Group,,,,,,,,,,,,,,,,
24431,24431,14247,Scania AB,Scania,,,,,,,,,,,,,,,,
24437,24437,22245,Pembina Pipeline Corp,Pembina Pipeline,,,,,,,,,,,,,,,,
24438,24438,14648,Generac Holdings Inc.,Generac Holdings Inc,,,,,,,,,,,,,,,,
24449,24449,9162,Caisse Regionale de Credit Agricole Mutuel du Languedoc SCCV,Caisse Regionale de Credit Agricole Mutuel de la Touraine et du Poitou,,,,,,,,,,,,,,,,
24496,24496,19504,Sailun Group Co Ltd,Sailun Group,,,,,,,,,,,,,,,,
24537,24537,9599,ALL ABOUT ANIMALS LTD,ALL ABOUT ANGLING MAD LTD,,,,,,,,,,,,,,,,
24541,24541,8811,Kabel Deutschland Holding Ag,Kabel Deutschland Holding AG,,,,,,,,,,,,,,,,
24546,24546,22261,China Merchants Port Holdings Company Ltd,China Merchants Port Holdings Company,,,,,,,,,,,,,,,,
24550,24550,14962,Stifel Financial Corp.,Stifel Financial Corp,,,,,,,,,,,,,,,,
24569,24569,1433,Standard Life Private Equity Trust plc,Standard Life Private Equity Trust,,,,,,,,,,,,,,,,
24580,24580,12002,Gruppo Mutuionline S.p.a,Gruppo MutuiOnline S.p.A.,,,,,,,,,,,,,,,,
24591,24591,6882,"mixi, Inc.",mixi Inc,,,,,,,,,,,,,,,,
24607,24607,12453,Glarun Technology Co. Ltd,Glarun Technology,,,,,,,,,,,,,,,,
24633,24633,10870,Somfy Sa,Somfy SA,,,,,,,,,,,,,,,,
24646,24646,20254,"Yum China Holdings, Inc.",Yum China Holdings Inc,,,,,,,,,,,,,,,,
24661,24661,7423,EBOS Group Ltd,EBOS Group Limited,,,,,,,,,,,,,,,,
24690,24690,8006,British American Tobacco Careers,British American Tobacco,,,,,,,,,,,,,,,,
24710,24710,21911,V & R CONTRACTS LIMITED,V & R CATERING LIMITED,,,,,,,,,,,,,,,,
24718,24718,21839,Central China Securities Co. Ltd,Central China Securities,,,,,,,,,,,,,,,,
24725,24725,22464,Venture Corporation Ltd,Venture Corporation,,,,,,,,,,,,,,,,
24763,24763,6472,Commonwealth Bank Of Australia,Commonwealth Bank,,,,,,,,,,,,,,,,
24766,24766,12366,Larsen & Toubro Group,Larsen & Toubro,,,,,,,,,,,,,,,,
24770,24770,3637,Guangzhou Baiyun International Airport Co. Ltd,Guangzhou Baiyun International Airport,,,,,,,,,,,,,,,,
24803,24803,598,Patrick Industries Inc,Patrick Industries,,,,,,,,,,,,,,,,
24804,24804,3913,FOOD DOOD LIMITED,FOOD DOJO LIMITED,,,,,,,,,,,,,,,,
24816,24816,18453,Gjensidige Forsikring Asa,Gjensidige Forsikring ASA,,,,,,,,,,,,,,,,
24820,24820,3854,Cinda Real Estate Co. Ltd,Cinda Real Estate,,,,,,,,,,,,,,,,
24827,24827,15564,Graco Inc.,Graco Inc,,,,,,,,,,,,,,,,
24829,24829,23617,MOTT MACDONALD LIMITED,MOTT MACDONALD GROUP LIMITED,,,,,,,,,,,,,,,,
24858,24858,23209,NEW ADVENTURES TRAVEL LIMITED,NEW ADVENTURES SWAN LAKE LIMITED,,,,,,,,,,,,,,,,
24861,24861,5616,Yadong Group Holdings Ltd,Yadea Group Holdings Ltd,,,,,,,,,,,,,,,,
24865,24865,11294,Continental Wood Kft.,Continental Wood,,,,,,,,,,,,,,,,
24866,24866,3813,"LG Electronics, Inc.",LG Electronics Inc,,,,,,,,,,,,,,,,
24879,24879,6205,Zhongliang Holdings Group Company,Zhongliang Holdings,,,,,,,,,,,,,,,,
24880,24880,19102,Mastek,Mastec,,,,,,,,,,,,,,,,
24898,24898,11701,Grupo Financiero Banorte SAB de CV,Grupo Financiero Banorte,,,,,,,,,,,,,,,,
24910,24910,22313,Sodexo SA,Sodexo,,,,,,,,,,,,,,,,
24916,24916,16022,Sumitomo Corporation,Sumitomo Corp,,,,,,,,,,,,,,,,
24949,24949,21766,Z Holdings Corporation,Z Holdings Corp,,,,,,,,,,,,,,,,
24966,24966,13527,Mitsui Mining & Smelting Co Ltd,Mitsui Mining & Smelting,,,,,,,,,,,,,,,,
24967,24967,7590,First Advantage Corp,First Advantage Careers,,,,,,,,,,,,,,,,
24974,24974,5368,"Risen Energy Co.,Ltd.",Risen Energy Co Ltd,,,,,,,,,,,,,,,,
24987,24987,19419,Green Dot Corporation,Green Dot Corp,,,,,,,,,,,,,,,,
24988,24988,13689,JONES LANG LASALLE LIMITED,JONES LANG LASALLE EUROPE LIMITED,,,,,,,,,,,,,,,,
25002,25002,14789,Legrand Sa,Legrand SA,,,,,,,,,,,,,,,,
25017,25017,5948,Aurizon Holdings Limited,Aurizon Holdings,,,,,,,,,,,,,,,,
25021,25021,23692,Aspen Group Ltd,Aspen Group,,,,,,,,,,,,,,,,
25100,25100,16822,Honeywell International India,Honeywell International Inc,,,,,,,,,,,,,,,,
25102,25102,13129,Beach Energy Ltd,Beach Energy Limited,,,,,,,,,,,,,,,,
25127,25127,11395,Enel Américas SA,Enel Americas SA,,,,,,,,,,,,,,,,
25128,25128,11057,Sinotrans Ltd,Sinotrans,,,,,,,,,,,,,,,,
25148,25148,13427,UltraTech Cement Ltd,UltraTech Cement,,,,,,,,,,,,,,,,
25149,25149,3929,Kwan Yong Holdings Ltd,Kwan On Holdings Ltd,,,,,,,,,,,,,,,,
25174,25174,1813,Suzhou Gold Mantis Construction Decoration Co Ltd,Suzhou Gold Mantis Construction Decoration,,,,,,,,,,,,,,,,
25177,25177,1567,Grandblue Environment Co. Ltd,Grandblue Environment,,,,,,,,,,,,,,,,
25209,25209,5500,Harley-Davidson,Harley Davidson,,,,,,,,,,,,,,,,
25291,25291,9239,Triton International Ltd,Triton International,,,,,,,,,,,,,,,,
25305,25305,15925,Luzerner Kantonalbank Ag,Luzerner Kantonalbank AG,,,,,,,,,,,,,,,,
25312,25312,17699,GOOD CHOICE CLEANING SERVICE LTD,GOOD CHOICE CATERING LTD,,,,,,,,,,,,,,,,
25318,25318,4119,North China Pharmaceutical Company. Ltd,North China Pharmaceutical Company Ltd,,,,,,,,,,,,,,,,
25340,25340,23072,Republic Services Inc,Republic Services,,,,,,,,,,,,,,,,
25364,25364,17267,Kinsus Interconnect Technology Corp,Kinsus Interconnect Technology,,,,,,,,,,,,,,,,
25366,25366,10597,NEW ACCESS UK LTD,NEW ACCESS GROUP LTD,,,,,,,,,,,,,,,,
25372,25372,4452,"Despegar.com, Corp.",Despegar.com,,,,,,,,,,,,,,,,
25382,25382,24278,Q CONSULTING LTD,Q CONSULTING GROUP LTD,,,,,,,,,,,,,,,,
25384,25384,17356,Invibes Advertising N.V.,Invibes Advertising,,,,,,,,,,,,,,,,
25402,25402,190,T ACCOUNTS SERVICES LIMITED,T ACCOUNTS LIMITED,,,,,,,,,,,,,,,,
25407,25407,231,Yamaha Motor Co Ltd,Yamaha Motor,,,,,,,,,,,,,,,,
25415,25415,19317,Capital Gearing Trust plc,Capital Gearing Trust,,,,,,,,,,,,,,,,
25428,25428,19563,The Bank of New York Mellon Corporation,The Bank of New York Mellon Corp,,,,,,,,,,,,,,,,
25434,25434,5618,ICICI Bank Limited,ICICI Bank,,,,,,,,,,,,,,,,
25436,25436,7977,Fagron Nv,Fagron NV,,,,,,,,,,,,,,,,
25455,25455,24132,Wipro Infotech Limited,Wipro Infotech,,,,,,,,,,,,,,,,
25492,25492,1529,Starbucks Corporation,Starbucks Corp,,,,,,,,,,,,,,,,
25501,25501,11702,Microsoft Corp,Microsoft,,,,,,,,,,,,,,,,
25503,25503,12875,Align Technology Inc,Align Technology,,,,,,,,,,,,,,,,
25530,25530,13361,"East Group Co.,Ltd",East Group,,,,,,,,,,,,,,,,
25542,25542,18989,NEW AGE RETRO LTD,NEW AGE RESOURCE LTD,,,,,,,,,,,,,,,,
25559,25559,5512,BAD TASTE RECORDS LIMITED,BAD TASTE RECORDINGS LIMITED,,,,,,,,,,,,,,,,
25562,25562,18122,Source Central Partners,Source Central,,,,,,,,,,,,,,,,
25588,25588,1530,Air New Zealand Ltd,Air New Zealand Limited,,,,,,,,,,,,,,,,
25594,25594,24025,Hubei Xingfa Chemicals Group Co Ltd,Hubei Xingfa Chemicals Group,,,,,,,,,,,,,,,,
25609,25609,8067,T-Mobile US Inc,T-Mobile US,,,,,,,,,,,,,,,,
25676,25676,10181,Beijing Jingyuntong Technology Co. Ltd,Beijing Jingyuntong Technology,,,,,,,,,,,,,,,,
25737,25737,3049,Kape Technologies plc,Kape Technologies,,,,,,,,,,,,,,,,
25747,25747,8743,Oneok Inc,Oneok,,,,,,,,,,,,,,,,
25750,25750,17611,BEAUTY AFFIRMATIONS LTD,BEAUTY AFFAIR LTD,,,,,,,,,,,,,,,,
25772,25772,25380,Pruksa Holding Public Company Ltd,Pruksa Holding Public Company,,,,,,,,,,,,,,,,
25787,25787,1618,S A JONES CONTRACTS LIMITED,S A JONES CONSTRUCTION LTD,,,,,,,,,,,,,,,,
25795,25795,1640,Hillenbrand Inc,Hillenbrand,,,,,,,,,,,,,,,,
25801,25801,18338,SOFTWARE 64 LTD,SOFTWARE 51 LTD,,,,,,,,,,,,,,,,
25805,25805,16715,Shangri-la Asia Limited,Shangri-la Asia,,,,,,,,,,,,,,,,
25852,25852,22615,Entegris Inc,Entegris,,,,,,,,,,,,,,,,
25886,25886,25063,Cosmo Oil,Cosmo Films,,,,,,,,,,,,,,,,
25901,25901,12586,"Seibu Holdings, Inc.",Seibu Holdings Inc,,,,,,,,,,,,,,,,
25910,25910,2877,V & L CONSULTING LTD,V & L CONSTRUCTION LTD,,,,,,,,,,,,,,,,
25913,25913,6762,Aevis Victoria Sa,Aevis Victoria SA,,,,,,,,,,,,,,,,
25927,25927,200,Trusco Nakayama Corporation,Trusco Nakayama Corp,,,,,,,,,,,,,,,,
25930,25930,24889,Staffbase,Staff,,,,,,,,,,,,,,,,
25932,25932,16027,V & S CONSULTING LIMITED,V & S CONSULTANCY LIMITED,,,,,,,,,,,,,,,,
25939,25939,12321,Varroc Engineering Ltd,"Varroc Engineering Limited, VEL-PN",,,,,,,,,,,,,,,,
25959,25959,12717,AIA Group Ltd,AIA Group,,,,,,,,,,,,,,,,
25966,25966,18805,Banca Transilvania SA,Banca Transilvania,,,,,,,,,,,,,,,,
25987,25987,8270,"Martin Marietta Materials, Inc.",Martin Marietta Materials Inc,,,,,,,,,,,,,,,,
25999,25999,8815,VICI Properties Inc.,VICI Properties,,,,,,,,,,,,,,,,
26003,26003,16391,Bird Construction Inc.,Bird Construction Inc,,,,,,,,,,,,,,,,
26006,26006,3836,Evergreen Marine Corp. (Taiwan),Evergreen Marine Corp Taiwan Ltd,,,,,,,,,,,,,,,,
26018,26018,5878,Tech Mahindra Careers,Tech Mahindra,,,,,,,,,,,,,,,,
26019,26019,5347,"Making Science Group, SA",Making Science Group,,,,,,,,,,,,,,,,
26045,26045,10064,Visio Nerf,Visier,,,,,,,,,,,,,,,,
26072,26072,24403,Vivendi SA,Vivendi,,,,,,,,,,,,,,,,
26078,26078,19874,BEAUTY & THE LABEL LTD,BEAUTY & THE JUICE LTD,,,,,,,,,,,,,,,,
26094,26094,733,Huabao Flavours & Fragrances Co. Ltd,Huabao Flavours & Fragrances,,,,,,,,,,,,,,,,
26115,26115,20319,Grupo Nutresa SA,Grupo Nutresa S. A.,,,,,,,,,,,,,,,,
26127,26127,19523,China Resources Microelectronics Ltd,China Resources Microelectronics Limited,,,,,,,,,,,,,,,,
26138,26138,4359,Energinet.dk,Energineo,,,,,,,,,,,,,,,,
26150,26150,17034,Watkin Jones plc,Watkin Jones Plc,,,,,,,,,,,,,,,,
26176,26176,12109,IGM Financial Inc.,IGM Financial Inc,,,,,,,,,,,,,,,,
26185,26185,14787,Eregli Demir ve Çelik Fabrikalari T.A.S.,Eregli Demir ve Celik Fabrikalari TAS,,,,,,,,,,,,,,,,
26204,26204,13571,RTL Group SA,RTL Group,,,,,,,,,,,,,,,,
26219,26219,15081,Mcule.com Kft.,Mcule.com,,,,,,,,,,,,,,,,
26259,26259,23888,Hua Xia Bank Co Ltd,Hua Xia Bank,,,,,,,,,,,,,,,,
26270,26270,3131,Fukuyama Transporting Co Ltd,Fukuyama Transporting,,,,,,,,,,,,,,,,
26323,26323,19810,BAD BOY BOSSES LTD,BAD BOY BARBER LTD,,,,,,,,,,,,,,,,
26333,26333,11511,Nomad Foods Ltd,Nomad Foods Limited,,,,,,,,,,,,,,,,
26336,26336,12782,Conocophillips Company,Conocophillips,,,,,,,,,,,,,,,,
26375,26375,9869,V & J ONLINE LTD,V & J LTD,,,,,,,,,,,,,,,,
26383,26383,20773,Hilton Grand Vacations Inc,Hilton Grand Vacations,,,,,,,,,,,,,,,,
26389,26389,11611,Redes Energéticas Nacionais (REN),Redes Energeticas Nacionais SA,,,,,,,,,,,,,,,,
26390,26390,14224,"Wuhan Raycus Fiber Laser Technologies Co.,Ltd.",Wuhan Raycus Fiber Laser Technologies,,,,,,,,,,,,,,,,
26400,26400,12680,Bank of Changsha Co Ltd,Bank of Changsha,,,,,,,,,,,,,,,,
26408,26408,4623,GEA Group AG,GEA Group,,,,,,,,,,,,,,,,
26409,26409,25280,"Fuji Seal International, Inc.",Fuji Seal International Inc,,,,,,,,,,,,,,,,
26455,26455,5253,Royal BAM Group NV,Royal BAM Group,,,,,,,,,,,,,,,,
26460,26460,205,"Sun Communities, Inc.",Sun Communities Inc,,,,,,,,,,,,,,,,
26502,26502,24319,Iren Spa,Iren SpA,,,,,,,,,,,,,,,,
26526,26526,15545,Carraro,Carranco,,,,,,,,,,,,,,,,
26527,26527,1583,Avi Global Trust plc,Avi Global Trust,,,,,,,,,,,,,,,,
26538,26538,21968,Panasonic Corporation,Panasonic Corp,,,,,,,,,,,,,,,,
26544,26544,9710,Shriram Finance Ltd,Shriram Finance,,,,,,,,,,,,,,,,
26565,26565,15712,Mouser Electronics Careers,Mouser Electronics,,,,,,,,,,,,,,,,
26588,26588,4840,Brunello Cucinelli Spa,Brunello Cucinelli S.p.A.,,,,,,,,,,,,,,,,
26600,26600,18824,Dominos Pizza,"Domino's Pizza, Inc.",,,,,,,,,,,,,,,,
26604,26604,22330,Asia Pacific Telecom Co. Ltd,Asia Pacific Telecom,,,,,,,,,,,,,,,,
26611,26611,12315,Huatai Securities Co Ltd,Huatai Securities,,,,,,,,,,,,,,,,
26625,26625,6109,Turk Telekomunikasyon Anonim Sirketi,Turk Telekomunikasyon AS,,,,,,,,,,,,,,,,
26630,26630,24749,Notre Dame Intermedica Participacoes SA,Notre Dame Intermedica Participacoes,,,,,,,,,,,,,,,,
26640,26640,8372,Sensient Technologies Corporation,Sensient Technologies Corp,,,,,,,,,,,,,,,,
26643,26643,11963,Jastrzebska Spólka Weglowa SA,Jastrzebska Spolka Weglowa SA,,,,,,,,,,,,,,,,
26654,26654,19373,Countryside Properties,Countryside Partnerships Plc,,,,,,,,,,,,,,,,
26657,26657,24668,Bloomin' Brands Inc,Bloomin' Brands,,,,,,,,,,,,,,,,
26668,26668,9379,Abbvie Srl,Abbvie,,,,,,,,,,,,,,,,
26731,26731,8656,Nutrien Ltd.,Nutrien Ltd,,,,,,,,,,,,,,,,
26748,26748,23885,Tsim Sha Tsui Properties Limited,Tsim Sha Tsui Properties,,,,,,,,,,,,,,,,
26789,26789,20871,Dundee Precious Metals Inc.,Dundee Precious Metals,,,,,,,,,,,,,,,,
26792,26792,8102,Quest Diagnostics Inc,Quest Diagnostics,,,,,,,,,,,,,,,,
26796,26796,18533,Banca Nazionale del Lavoro,Banca Nazionale Del Lavoro Spa,,,,,,,,,,,,,,,,
26803,26803,13868,GOOD BEHAVIOUR LIMITED,GOOD BEHAVIOUR EDUCATION LIMITED,,,,,,,,,,,,,,,,
26842,26842,23981,Norbord Inc.,Norbord Inc,,,,,,,,,,,,,,,,
26867,26867,24442,Dollar General Corp,Dollar General,,,,,,,,,,,,,,,,
26880,26880,24002,Smith & Nephew Healthcare,Smith & Nephew Careers,,,,,,,,,,,,,,,,
26894,26894,10519,Central Bank of Ireland,Central Bank of India,,,,,,,,,,,,,,,,
26919,26919,22298,Canadian Imperial Bank Of Commerce,Canadian Imperial Bank,,,,,,,,,,,,,,,,
26922,26922,3588,Powermatic Data Systems Ltd,Powermatic Data Systems,,,,,,,,,,,,,,,,
26940,26940,26695,Centuria Industrial Reit,Centuria Industrial REIT,,,,,,,,,,,,,,,,
26965,26965,6117,Domino's Pizza Group plc,Domino's Pizza Group,,,,,,,,,,,,,,,,
26967,26967,20338,Empresas Copec SA,Empresas Copec,,,,,,,,,,,,,,,,
26971,26971,16368,China Northern Rare Earth High-Tech,China Northern Rare Earth Group High-Tech Co Ltd,,,,,,,,,,,,,,,,
26995,26995,11387,"Orbia Advance Corp, S.A.B. de C.V.",Orbia Advance Corp SAB de CV,,,,,,,,,,,,,,,,
27054,27054,25914,ALL ABOUT THE DOLL LIMITED,ALL ABOUT THE DOG LTD,,,,,,,,,,,,,,,,
27087,27087,14480,Kiwi Property Group Ltd,Kiwi Property Group,,,,,,,,,,,,,,,,
27088,27088,20537,S A GROCERS LTD,S A GROCERIES LTD,,,,,,,,,,,,,,,,
27090,27090,25091,First Pacific Co Ltd,First Pacific,,,,,,,,,,,,,,,,
27093,27093,24177,Autogrill Spa,Autogrill SpA,,,,,,,,,,,,,,,,
27094,27094,4958,"Cheniere Energy Partners, L.P.",Cheniere Energy Partners LP,,,,,,,,,,,,,,,,
27096,27096,20530,China Shanshui Cement Group Ltd,China Shanshui Cement Group Limited,,,,,,,,,,,,,,,,
27102,27102,24129,Jarir Marketing Company,Jarir Marketing Co,,,,,,,,,,,,,,,,
27129,27129,15364,Peab AB,Peab,,,,,,,,,,,,,,,,
27159,27159,22381,Landis+Gyr Careers,Landis+Gyr,,,,,,,,,,,,,,,,
27164,27164,5317,Exxon Mobil Corporation,Exxon Mobil Corp,,,,,,,,,,,,,,,,
27174,27174,14587,"The Chugoku Electric Power Co., Inc.",The Chugoku Electric Power Co Inc,,,,,,,,,,,,,,,,
27178,27178,4979,Poly Developments and Holdings Group Co. Ltd,Poly Developments And Holdings Group,,,,,,,,,,,,,,,,
27201,27201,16681,Gazprom Neft PJSC,Gazprom Neft,,,,,,,,,,,,,,,,
27202,27202,2832,Kingdom Holding Company,Kingdom Holding,,,,,,,,,,,,,,,,
27225,27225,6291,Watches Of Switzerland Group PLC,Watches Of Switzerland Group,,,,,,,,,,,,,,,,
27246,27246,21618,ThyssenKrupp Group,ThyssenKrupp AG,,,,,,,,,,,,,,,,
27264,27264,18789,Innergex Renewable Energy Inc.,Innergex Renewable Energy,,,,,,,,,,,,,,,,
27266,27266,7827,Jiangxi Hongdu Aviation Industry Co. Ltd,Jiangxi Hongdu Aviation Industry,,,,,,,,,,,,,,,,
27287,27287,5608,Interpublic Group Of Companies,Interpublic Group,,,,,,,,,,,,,,,,
27299,27299,13124,Mitsubishi Materials Corporation,Mitsubishi Materials Corp,,,,,,,,,,,,,,,,
27325,27325,14827,General Electric Company,General Electric Co,,,,,,,,,,,,,,,,
27330,27330,17192,De Agostini Spa,De Agostini,,,,,,,,,,,,,,,,
27333,27333,14619,Cargojet Inc.,Cargojet,,,,,,,,,,,,,,,,
27343,27343,5830,NEW AGE FUNDING LIMITED,NEW AGE FLOORING LIMITED,,,,,,,,,,,,,,,,
27347,27347,9580,China Petrochemical Development Corporation,China Petrochemical Development Corp,,,,,,,,,,,,,,,,
27353,27353,17174,Sumitomo Chemical Company,Sumitomo Chemical Co Ltd,,,,,,,,,,,,,,,,
27397,27397,237,Industrial Bank Co. Ltd,Industrial Bank Co Ltd,,,,,,,,,,,,,,,,
27398,27398,9798,Yourparkingspace,YourParkingSpace,,,,,,,,,,,,,,,,
27428,27428,13587,Schweiter Technologies Ag,Schweiter Technologies AG,,,,,,,,,,,,,,,,
27445,27445,11206,"New York Community Bancorp, Inc.",New York Community Bancorp Inc,,,,,,,,,,,,,,,,
27460,27460,4831,Ameresco Inc,Ameresco,,,,,,,,,,,,,,,,
27479,27479,16445,Harvey Norman Holdings Limited,Harvey Norman Holdings,,,,,,,,,,,,,,,,
27481,27481,23637,Challenger Ltd,Challenger Limited,,,,,,,,,,,,,,,,
27495,27495,6312,Samsung C&T Corp,Samsung C&T,,,,,,,,,,,,,,,,
27501,27501,15793,Stevanato Group S.p.a.,Stevanato Group S.p.A.,,,,,,,,,,,,,,,,
27502,27502,20231,Ubisoft Entertainment Sa,Ubisoft Entertainment SA,,,,,,,,,,,,,,,,
27512,27512,20268,Mechel Pao,Mechel PAO,,,,,,,,,,,,,,,,
27527,27527,12928,BillerudKorsnas AB,Billerud AB,,,,,,,,,,,,,,,,
27528,27528,15208,Haitong Securities Co Ltd,Haitong Securities,,,,,,,,,,,,,,,,
27557,27557,14680,Scale Ai,Scale AI,,,,,,,,,,,,,,,,
27564,27564,15879,Cielo SA,Cielo,,,,,,,,,,,,,,,,
27566,27566,5532,"Harley-Davidson, Inc.",Harley-Davidson Inc,,,,,,,,,,,,,,,,
27571,27571,16330,Hithink Royalflush Information Network,Hithink RoyalFlush Information Network Co. Ltd,,,,,,,,,,,,,,,,
27614,27614,14244,Bper Banca Spa,Bper Banca,,,,,,,,,,,,,,,,
27621,27621,9857,ABN AMRO Bank NV,ABN AMRO Bank N.V.,,,,,,,,,,,,,,,,
27638,27638,26792,Quest Diagnostics Incorporated,Quest Diagnostics Inc,,,,,,,,,,,,,,,,
27642,27642,10415,Qatar Islamic Bank (q.p.s.c.),Qatar Islamic Bank,,,,,,,,,,,,,,,,
27652,27652,11238,China Petroleum Engineering Corporation,China Petroleum Engineering Corp,,,,,,,,,,,,,,,,
27717,27717,3970,"E Ink Holdings, Inc.",E Ink Holdings,,,,,,,,,,,,,,,,
27729,27729,6649,BAD HABITS LTD,BAD HABITS LONDON LTD,,,,,,,,,,,,,,,,
27756,27756,20696,Spin Master Corp,Spin Master,,,,,,,,,,,,,,,,
27760,27760,15234,SB Supply Europe,SB Supply,,,,,,,,,,,,,,,,
27777,27777,1279,Plenus Company Ltd,Plenus Co Ltd,,,,,,,,,,,,,,,,
27788,27788,12592,Fiskars Corp,Fiskars,,,,,,,,,,,,,,,,
27799,27799,4637,Rumo SA,Rumo,,,,,,,,,,,,,,,,
27816,27816,15302,Future Generation Investment Company Limited,Future Generation Global Investment Company Limited,,,,,,,,,,,,,,,,
27849,27849,8114,Schroder Japan Growth Fund plc,Schroder Income Growth Fund plc,,,,,,,,,,,,,,,,
27857,27857,9983,Whirlpool China,Whirlpool,,,,,,,,,,,,,,,,
27872,27872,14707,QBE Insurance Group Ltd,QBE Insurance Group Limited,,,,,,,,,,,,,,,,
27904,27904,9463,Singapore Press Holdings Ltd,Singapore Press Holdings,,,,,,,,,,,,,,,,
27931,27931,4313,Genting Malaysia Bhd,Genting Malaysia Berhad,,,,,,,,,,,,,,,,
27935,27935,19198,Hitachi Transport System Ltd,Hitachi Transport System,,,,,,,,,,,,,,,,
27936,27936,8622,Solvay,Solvac,,,,,,,,,,,,,,,,
27995,27995,10710,"Inner Mongolia Junzheng Energy & Chemical Group Co.,ltd.","Inner Mongolia Junzheng Energy & Chemical Group Co.,Ltd.",,,,,,,,,,,,,,,,
28005,28005,12760,Terminix Global Holdings Inc,Terminix Global Holdings,,,,,,,,,,,,,,,,
28015,28015,25855,Resolute Forest Products Inc.,Resolute Forest Products Inc,,,,,,,,,,,,,,,,
28018,28018,13193,"Luenmei Quantum Co.,Ltd",Luenmei Quantum,,,,,,,,,,,,,,,,
28031,28031,3107,JACCS Co. Ltd,JACCS Co Ltd,,,,,,,,,,,,,,,,
28043,28043,11959,Alliance Healthcare Italia Spa,Alliance Healthcare Italia Distribuzione Spa,,,,,,,,,,,,,,,,
28047,28047,26559,Star Petroleum Refining Public Company Ltd,Star Petroleum Refining Public Company,,,,,,,,,,,,,,,,
28049,28049,18668,GOOD ADVICE LTD,GOOD ADVICE FOR LIVING LTD,,,,,,,,,,,,,,,,
28056,28056,1653,Access Healthcare Services,Access Healthcare,,,,,,,,,,,,,,,,
28063,28063,10390,Universal Health Services Inc,Universal Health Services,,,,,,,,,,,,,,,,
28108,28108,21592,Yang Ming Marine Transport Corp,Yang Ming Marine Transport,,,,,,,,,,,,,,,,
28113,28113,22309,U AND I DIRECTOR 2 LIMITED,U AND I DIRECTOR 1 LIMITED,,,,,,,,,,,,,,,,
28114,28114,20725,"EirGenix, Inc.",EirGenix,,,,,,,,,,,,,,,,
28138,28138,10568,"Grupo Televisa, S.A.B.",Grupo Televisa SAB,,,,,,,,,,,,,,,,
28139,28139,20192,Andritz AG,Andritz,,,,,,,,,,,,,,,,
28155,28155,6451,Prada Spa,Prada S.p.A.,,,,,,,,,,,,,,,,
28159,28159,46,National Building and Marketing Co.,National Building And Marketing,,,,,,,,,,,,,,,,
28185,28185,17466,Public joint stock company ROSBANK,Public joint stock company NPO Nauka,,,,,,,,,,,,,,,,
28193,28193,15179,Kintetsu Groupholdings,"Kintetsu Group Holdings Co.,Ltd.",,,,,,,,,,,,,,,,
28220,28220,7963,Ipsen SA,Ipsen,,,,,,,,,,,,,,,,
28227,28227,13022,Ross Stores Inc,Ross Stores,,,,,,,,,,,,,,,,
28231,28231,17581,Scor Se,Scor,,,,,,,,,,,,,,,,
28238,28238,22452,Trend Micro Inc,Trend Micro,,,,,,,,,,,,,,,,
28248,28248,10417,World Fuel Services,World Class Services,,,,,,,,,,,,,,,,
28254,28254,8944,Ezaki Glico Co Ltd,Ezaki Glico,,,,,,,,,,,,,,,,
28265,28265,79,Temenos AG,Temenos,,,,,,,,,,,,,,,,
28303,28303,20896,"Omnicell, Inc.",Omnicell Inc,,,,,,,,,,,,,,,,
28319,28319,7167,Washington H. Soul Pattinson and Company Limited,Washington H. Soul Pattinson And Company,,,,,,,,,,,,,,,,
28327,28327,12528,Independent Bank Group,Independent Bank,,,,,,,,,,,,,,,,
28359,28359,17183,Unicharm Corp,Unicharm,,,,,,,,,,,,,,,,
28361,28361,22891,Kunlun Energy Company,Kunlun Energy Co Ltd,,,,,,,,,,,,,,,,
28367,28367,10931,"Frontier Communications Parent, Inc.",Frontier Communications Parent Inc,,,,,,,,,,,,,,,,
28373,28373,20367,Comet Holding Ag,Comet Holding AG,,,,,,,,,,,,,,,,
28376,28376,10065,Greenland Holdings Group,Greenland Holdings Corporation,,,,,,,,,,,,,,,,
28387,28387,24926,Yaskawa Electric Corporation,Yaskawa Electric Corp,,,,,,,,,,,,,,,,
28402,28402,15711,China Communications Construction Company,China Communications Construction Co Ltd,,,,,,,,,,,,,,,,
28409,28409,789,Tokio Marine Holdings Inc,Tokio Marine Holdings,,,,,,,,,,,,,,,,
28433,28433,10670,FOOD AND DESSERTS LTD,FOOD AND DESSERT STATION LTD,,,,,,,,,,,,,,,,
28445,28445,12883,Blackmores Limited,Blackmores,,,,,,,,,,,,,,,,
28455,28455,15718,Sonova Holding Ag,Sonova Holding AG,,,,,,,,,,,,,,,,
28464,28464,10172,"Dollar Tree, Inc.",Dollar Tree Inc,,,,,,,,,,,,,,,,
28468,28468,21710,Davide Campari-milano,Davide Campari-Milano NV,,,,,,,,,,,,,,,,
28534,28534,27794,Postal Savings Bank of China Co Ltd,Postal Savings Bank Of China (PSBC),,,,,,,,,,,,,,,,
28539,28539,8530,Tamburi Investment Partners S.p.A.,Tamburi Investment Partners,,,,,,,,,,,,,,,,
28550,28550,16062,ALL ABOUT SAFETY LIMITED,ALL ABOUT SAFES LTD,,,,,,,,,,,,,,,,
28566,28566,16689,Swedish Match AB,Swedish Match,,,,,,,,,,,,,,,,
28567,28567,5634,H & A PATISSERIE LTD,H & A PARTNERS LTD,,,,,,,,,,,,,,,,
28618,28618,26296,"Husky Energy, Inc.",Husky Energy,,,,,,,,,,,,,,,,
28637,28637,24449,Caisse Regionale de Credit Agricole du Morbihan,Caisse Regionale de Credit Agricole Mutuel du Languedoc SCCV,,,,,,,,,,,,,,,,
28638,28638,21572,Tryg A/s,Tryg A/S,,,,,,,,,,,,,,,,
28673,28673,4468,Public Bank Berhad,Public Bank,,,,,,,,,,,,,,,,
28713,28713,3901,Kolinpharma S.p.A.,Kolinpharma,,,,,,,,,,,,,,,,
28716,28716,20218,Dubai Electricity and Water Authority,Dubai Electricity & Water Authority (DEWA),,,,,,,,,,,,,,,,
28746,28746,20111,"Cable One, Inc.",Cable One Inc,,,,,,,,,,,,,,,,
28764,28764,20135,THE J W T PARTNERSHIP LTD,THE J T L PARTNERSHIP LIMITED,,,,,,,,,,,,,,,,
28768,28768,27988,PT Unilever Indonesia Tbk,PT Uni-Charm Indonesia Tbk,,,,,,,,,,,,,,,,
28791,28791,6140,Q DENT LTD,Q DELTA LTD,,,,,,,,,,,,,,,,
28815,28815,16622,Gecina Sa,Gecina SA,,,,,,,,,,,,,,,,
28823,28823,22096,Medios Ag,Medios AG,,,,,,,,,,,,,,,,
28825,28825,23700,Arbonia Ag,Arbonia AG,,,,,,,,,,,,,,,,
28827,28827,23681,"Compal Electronics, Inc.",Compal Electronics Inc,,,,,,,,,,,,,,,,
28829,28829,27868,BEAUTY BLESSED LTD,BEAUTY BLENDS SKIN CARE LTD,,,,,,,,,,,,,,,,
28833,28833,20471,R A EDWARDS LTD,R A EDWARDS & SON LTD.,,,,,,,,,,,,,,,,
28849,28849,6521,"Nissin Foods Holdings Co.,Ltd.",Nissin Foods Holdings Co Ltd,,,,,,,,,,,,,,,,
28864,28864,12576,Nissin Electric Co Ltd,Nissin Electric,,,,,,,,,,,,,,,,
28871,28871,5540,Adani Power Ltd,Adani Power,,,,,,,,,,,,,,,,
28888,28888,21096,Breville Group Limited,Breville Group,,,,,,,,,,,,,,,,
28891,28891,15352,Saudi Telecom Company,Saudi Telecom Co,,,,,,,,,,,,,,,,
28906,28906,12151,"Illumina, Inc.",Illumina Inc,,,,,,,,,,,,,,,,
28912,28912,9870,"SG Holdings Co.,Ltd.",SG Holdings Co Ltd,,,,,,,,,,,,,,,,
28935,28935,24162,Plus500 Ltd.,Plus500,,,,,,,,,,,,,,,,
28949,28949,8283,Tokyu Fudosan Holdings Corporation,Tokyu Fudosan Holdings Corp,,,,,,,,,,,,,,,,
28962,28962,28820,Gansu Qilianshan Cement Group Co Ltd,Gansu Qilianshan Cement Group,,,,,,,,,,,,,,,,
28967,28967,17160,Bouygues Sa,Bouygues SA,,,,,,,,,,,,,,,,
28979,28979,4949,ENN Energy Holdings Ltd,ENN Energy Holdings,,,,,,,,,,,,,,,,
28988,28988,6459,ALL ABOUT THE BEES LIMITED,ALL ABOUT THE BEER LTD,,,,,,,,,,,,,,,,
28990,28990,7911,Gibraltar Industries Inc,Gibraltar Industries,,,,,,,,,,,,,,,,
28995,28995,3043,T & A TRADERS LIMITED,T & A TRADELINE LTD,,,,,,,,,,,,,,,,
29001,29001,18019,Fuji Kyuko Co. Ltd,Fuji Kyuko,,,,,,,,,,,,,,,,
29007,29007,3810,Renishaw plc,Renishaw,,,,,,,,,,,,,,,,
29027,29027,20196,Sally Beauty Holdings Inc,Sally Beauty Holdings,,,,,,,,,,,,,,,,
29057,29057,15783,"CyberAgent, Inc.",CyberAgent Inc,,,,,,,,,,,,,,,,
29066,29066,4855,Nexity Sa,Nexity SA,,,,,,,,,,,,,,,,
29078,29078,13995,NEW ALLEY LIMITED,NEW ALL GEARS LIMITED,,,,,,,,,,,,,,,,
29080,29080,486,"Nantong Jiangshan Agrochemical & Chemicals Co.,Ltd.",Nantong Jiangshan Agrochemical & Chemicals,,,,,,,,,,,,,,,,
29087,29087,1084,China Communications Services Corp Ltd,China Communications Services,,,,,,,,,,,,,,,,
29091,29091,17256,"Anhui Jianghuai Automobile Group Corp,Ltd.",Anhui Jianghuai Automobile Group,,,,,,,,,,,,,,,,
29100,29100,21708,Juniper Networks Inc,Juniper Networks,,,,,,,,,,,,,,,,
29107,29107,5968,Ichor Holdings Ltd,Ichor Holdings,,,,,,,,,,,,,,,,
29108,29108,15459,"Fortinet, Inc.",Fortinet Inc,,,,,,,,,,,,,,,,
29112,29112,24966,Mitsui Mining & Smelting Co. Ltd,Mitsui Mining & Smelting Co Ltd,,,,,,,,,,,,,,,,
29133,29133,6166,Jubilant Foods Works,Jubilant FoodWorks,,,,,,,,,,,,,,,,
29137,29137,20808,Samsung Card Co Ltd,Samsung Card,,,,,,,,,,,,,,,,
29148,29148,10067,Multiplan Empreendimentos Imobiliarios SA,Multiplan Empreendimentos Imobiliarios,,,,,,,,,,,,,,,,
29165,29165,15878,Tohoku Electric Power Company,Tohoku Electric Power Co Inc,,,,,,,,,,,,,,,,
29192,29192,10371,Applied Industrial Technologies Inc,Applied Industrial Technologies,,,,,,,,,,,,,,,,
29199,29199,25298,"Tianjin You Fa Steel Pipe Group Stock Co., Ltd.",Tianjin You Fa Steel Pipe Group Stock Co. Ltd,,,,,,,,,,,,,,,,
29203,29203,26217,Internet Initiative Japan Inc,Internet Initiative Japan,,,,,,,,,,,,,,,,
29206,29206,25130,P & A PROPERTIES LIMITED,P & A PROPERTIES (SW) LIMITED,,,,,,,,,,,,,,,,
29209,29209,16946,Havells India Ltd,Havells India,,,,,,,,,,,,,,,,
29246,29246,16444,Starling Bank Careers,Starling Bank,,,,,,,,,,,,,,,,
29263,29263,3452,Vestel Elektronik Sanayi ve Ticaret Anonim Sirketi,Vestel Elektronik Sanayi Ve Ticaret AS,,,,,,,,,,,,,,,,
29276,29276,25669,PT Bank Rakyat Indonesia Persero Tbk,PT Bank Rakyat Indonesia Agroniaga Tbk,,,,,,,,,,,,,,,,
29283,29283,26193,Veroniki Holding Spa,Veronesi Holding Spa,,,,,,,,,,,,,,,,
29289,29289,22850,Magyar Telekom Plc,Magyar Telekom,,,,,,,,,,,,,,,,
29300,29300,1257,Ares Capital Corporation,Ares Capital Corp,,,,,,,,,,,,,,,,
29313,29313,4309,Medigen Vaccine Biologics Corporation,Medigen Vaccine Biologics Corp,,,,,,,,,,,,,,,,
29320,29320,16135,Hamamatsu Photonics K.k,Hamamatsu Photonics K.K.,,,,,,,,,,,,,,,,
29327,29327,7002,Bank of Qingdao Co Ltd,Bank of Qingdao,,,,,,,,,,,,,,,,
29337,29337,4551,Shanghai Waigaoqiao Free Trade Zone Group Co. Ltd,Shanghai Waigaoqiao Free Trade Zone Group,,,,,,,,,,,,,,,,
29338,29338,20477,Keyence Corporation,Keyence Corp,,,,,,,,,,,,,,,,
29339,29339,1024,Bank of Jiangsu Co. Ltd,Bank of Jiangsu Co Ltd,,,,,,,,,,,,,,,,
29362,29362,19867,Home Product Center Public Company Ltd,Home Product Center Public Company,,,,,,,,,,,,,,,,
29366,29366,11069,BEAUTY ADDICTION NAILS LTD,BEAUTY ADDICTION LTD,,,,,,,,,,,,,,,,
29369,29369,9214,Simon Property Group Inc,Simon Property Group,,,,,,,,,,,,,,,,
29423,29423,14084,Generali Group,Generali,,,,,,,,,,,,,,,,
29433,29433,15650,ALL ABOUT THE BUILDINGS LIMITED,ALL ABOUT THE BRAND LIMITED,,,,,,,,,,,,,,,,
29468,29468,13353,Quebecor Inc.,Quebecor Inc,,,,,,,,,,,,,,,,
29470,29470,18494,Bank Leumi le-Israel BM,Bank Leumi le- Israel B.M.,,,,,,,,,,,,,,,,
29474,29474,9538,Indusind Bank,IndusInd Bank Ltd,,,,,,,,,,,,,,,,
29476,29476,29346,AltaGas Ltd.,AltaGas Ltd,,,,,,,,,,,,,,,,
29481,29481,11493,Stella-jones,Stella-Jones Inc.,,,,,,,,,,,,,,,,
29515,29515,9965,Kyushu Financial Group Inc,Kyushu Financial Group,,,,,,,,,,,,,,,,
29537,29537,262,Jollibee Foods Corporation,Jollibee Foods Corp,,,,,,,,,,,,,,,,
29546,29546,22563,SOFTWARE SERVICES GROUP LTD,SOFTWARE SERVICES (UK) LIMITED,,,,,,,,,,,,,,,,
29549,29549,24242,Vidrala SA,Vidrala,,,,,,,,,,,,,,,,
29556,29556,13248,China Taiping Insurance Holdings Co Ltd,China Taiping Insurance,,,,,,,,,,,,,,,,
29575,29575,15642,Alimentation Couche-tard,Alimentation Couche-Tard Inc.,,,,,,,,,,,,,,,,
29603,29603,16975,Shenzhen Kaifa Technology Co Ltd,Shenzhen Kaifa Technology,,,,,,,,,,,,,,,,
29606,29606,27231,P & A CARPENTRY LTD,P & A CARPENTRY AND JOINERY LTD,,,,,,,,,,,,,,,,
29609,29609,15127,Konecranes Plc,Konecranes,,,,,,,,,,,,,,,,
29622,29622,21437,Zimmer Biomet Holdings,Zimmer Biomet,,,,,,,,,,,,,,,,
29638,29638,10838,Minerals Technologies Inc,Minerals Technologies,,,,,,,,,,,,,,,,
29648,29648,5667,State Bank of India (SBI),State Bank of India,,,,,,,,,,,,,,,,
29672,29672,9470,HSBC Holdings Plc,HSBC Holdings,,,,,,,,,,,,,,,,
29679,29679,11659,"Alexandria Real Estate Equities, Inc.",Alexandria Real Estate Equities Inc,,,,,,,,,,,,,,,,
29689,29689,15229,"Suzhou Crystal Clear Chemical Co.,Ltd.",Suzhou Crystal Clear Chemical,,,,,,,,,,,,,,,,
29703,29703,11566,Oriental Aromatics Limite,Oriental Aromatics,,,,,,,,,,,,,,,,
29710,29710,14090,QNB Finansbank A.S.,QNB Finansbank,,,,,,,,,,,,,,,,
29713,29713,11222,Novozymes A/s,Novozymes A-S,,,,,,,,,,,,,,,,
29728,29728,28115,EATON ELECTRICAL SYSTEMS LIMITED,EATON ELECTRIC LIMITED,,,,,,,,,,,,,,,,
29754,29754,22606,Illinois Tool Works Inc.,Illinois Tool Works Inc,,,,,,,,,,,,,,,,
29760,29760,14811,China Development Financial Holding Corporation,China Development Financial Holding Corp,,,,,,,,,,,,,,,,
29762,29762,21928,Shandong Jinjing Science and Technology Stock Co. Ltd,"Shandong Jinjing Science And Technology Stock Co., Ltd.",,,,,,,,,,,,,,,,
29783,29783,17944,Renesas Electronics Corp,Renesas Electronics,,,,,,,,,,,,,,,,
29834,29834,21164,Valiant Holding Ag,Valiant Holding AG,,,,,,,,,,,,,,,,
29853,29853,3781,NEW AGE CONTRACTORS LIMITED,NEW AGE CONTRACTING LIMITED,,,,,,,,,,,,,,,,
29900,29900,7863,Aviva plc,Aviva Plc,,,,,,,,,,,,,,,,
29911,29911,3424,Lepu Medical Technology (beijing),Lepu Medical Technology,,,,,,,,,,,,,,,,
29937,29937,16618,Maiora Srl,Maior Srl,,,,,,,,,,,,,,,,
29940,29940,159,Tourmaline Oil Corp,Tourmaline Oil,,,,,,,,,,,,,,,,
29960,29960,10949,GOOD COMMUNICATIONS LTD,GOOD COMMODITIES LTD,,,,,,,,,,,,,,,,
29965,29965,15204,Indian Railway Finance Corporation Limited,Indian Railway Finance Corp Ltd,,,,,,,,,,,,,,,,
30009,30009,6513,Impresa Pizzarotti & C. Spa,Impresa Pizzarotti,,,,,,,,,,,,,,,,
30017,30017,23566,First Resources Ltd,First Resources,,,,,,,,,,,,,,,,
30018,30018,24890,Stepan Company,Stepan Co,,,,,,,,,,,,,,,,
30027,30027,22404,BCE Inc.,BCE Inc,,,,,,,,,,,,,,,,
30039,30039,18549,Palantir Technologies Inc.,Palantir Technologies Inc,,,,,,,,,,,,,,,,
30060,30060,8699,Nyrstar NV,Nyrstar,,,,,,,,,,,,,,,,
30099,30099,27680,Yamaha Corporation,Yamaha Corp,,,,,,,,,,,,,,,,
30109,30109,13421,Allegiant Travel Company,Allegiant Travel Co,,,,,,,,,,,,,,,,
30131,30131,16287,Spire Healthcare Group plc,Spire Healthcare Group Plc,,,,,,,,,,,,,,,,
30145,30145,21729,Banque Cantonale du Jura SA,Banque Cantonale de Genève SA,,,,,,,,,,,,,,,,
30183,30183,7691,Salvatore Ferragamo Spa,Salvatore Ferragamo SpA,,,,,,,,,,,,,,,,
30184,30184,29949,United Urban Investment Corporation,United Urban Investment Corp,,,,,,,,,,,,,,,,
30187,30187,9627,U AND I IPA SC LIMITED,U AND I IPA LIMITED,,,,,,,,,,,,,,,,
30198,30198,13899,"Hubei Feilihua Quartz Glass Co.,Ltd",Hubei Feilihua Quartz Glass,,,,,,,,,,,,,,,,
30202,30202,16885,Nippon Paper Industries Co. Ltd,Nippon Paper Industries Co Ltd,,,,,,,,,,,,,,,,
30244,30244,1285,"Itoham Yonekyu Holdings, Inc.",Itoham Yonekyu Holdings,,,,,,,,,,,,,,,,
30291,30291,4545,ALL ABOUT TOYS LTD,ALL ABOUT TOURS LIMITED,,,,,,,,,,,,,,,,
30295,30295,19947,Ampol Ltd,Ampol Limited,,,,,,,,,,,,,,,,
30299,30299,20533,"Digital Realty Trust, Inc.",Digital Realty Trust Inc,,,,,,,,,,,,,,,,
30312,30312,24201,Kinepolis Group Nv,Kinepolis Group NV,,,,,,,,,,,,,,,,
30317,30317,23211,Canvest Environmental Protection Group Company Ltd,Canvest Environmental Protection Group Company,,,,,,,,,,,,,,,,
30353,30353,23785,Fundo de Investimento Imobiliario Rio Negro,Fundo de Investimento Imobiliario Projeto Agua Branca,,,,,,,,,,,,,,,,
30421,30421,12736,Zscaler Inc,Zscaler,,,,,,,,,,,,,,,,
30467,30467,18594,Oriental Bank of Commerce,Oriental Bank Of Commerce,,,,,,,,,,,,,,,,
30469,30469,11194,Steinhoff International Holdings NV,Steinhoff International Holdings,,,,,,,,,,,,,,,,
30470,30470,25056,Harsco Corporation,Harsco Corp,,,,,,,,,,,,,,,,
30474,30474,1460,Vestas Wind Systems A-S,Vestas Wind Systems,,,,,,,,,,,,,,,,
30494,30494,27122,Fujitsu Ltd,Fujitsu General Ltd,,,,,,,,,,,,,,,,
30534,30534,13772,TPK Holding Co. Ltd,TPK Holding Co Ltd,,,,,,,,,,,,,,,,
30536,30536,27577,Better Collective A/s,Better Collective A/S,,,,,,,,,,,,,,,,
30539,30539,3470,BAD MAGIC LIMITED,BAD MADAM LIMITED,,,,,,,,,,,,,,,,
30557,30557,13294,Truist Financial Corporation,Truist Financial Corp,,,,,,,,,,,,,,,,
30580,30580,20772,Swisscom AG,Swisscom,,,,,,,,,,,,,,,,
30581,30581,26161,Sino-American Silicon Products Inc,Sino-American Silicon Products,,,,,,,,,,,,,,,,
30584,30584,875,Bilfinger Se,Bilfinger SE,,,,,,,,,,,,,,,,
30617,30617,4881,T & B LEISURE LTD,T & B LEE LTD,,,,,,,,,,,,,,,,
30618,30618,2063,ALL ABOUT FLOORING LIMITED,ALL ABOUT FLIGHTS LIMITED,,,,,,,,,,,,,,,,
30621,30621,17152,Takasago Thermal Engineering Co Ltd,Takasago Thermal Engineering,,,,,,,,,,,,,,,,
30644,30644,17294,Ford Otomotiv Sanayi A.S.,Ford Otomotiv Sanayi,,,,,,,,,,,,,,,,
30659,30659,10397,Kontoor Brands Inc,Kontoor Brands,,,,,,,,,,,,,,,,
30665,30665,16527,"J.B. Hunt Transport Services, Inc.",J.B. Hunt Transport Services Inc,,,,,,,,,,,,,,,,
30677,30677,9926,Banco de Credito e Inversiones SA,Banco de Credito del Peru SA,,,,,,,,,,,,,,,,
30680,30680,9394,Eurocash S.A.,Eurocash,,,,,,,,,,,,,,,,
30682,30682,11084,"Zhejiang Xinan Chemical Industrial Group Co.,Ltd",Zhejiang Xinan Chemical Industrial Group,,,,,,,,,,,,,,,,
30683,30683,2048,Visteon Corp,Visteon,,,,,,,,,,,,,,,,
30694,30694,22121,Sweetgreen Careers,Sweetgreen,,,,,,,,,,,,,,,,
30709,30709,9015,Penske Automotive Group Inc,Penske Automotive Group,,,,,,,,,,,,,,,,
30715,30715,18314,Magic Leap Careers,Magic Leap,,,,,,,,,,,,,,,,
30723,30723,23235,Hiwin Technologies Corp,Hiwin Technologies,,,,,,,,,,,,,,,,
30739,30739,15708,Koei Tecmo Holdings Co. Ltd,Koei Tecmo Holdings,,,,,,,,,,,,,,,,
30795,30795,19468,Tata Consultancy Services Ltd,Tata Consultancy Services (tcs),,,,,,,,,,,,,,,,
30803,30803,21700,Energiedienst Holding Ag,Energiedienst Holding AG,,,,,,,,,,,,,,,,
30830,30830,14902,NEW AGE CLIMBING LTD,NEW AGE CLEANING LTD,,,,,,,,,,,,,,,,
30834,30834,8803,Automatic Data Processing (adp),Automatic Data Processing (ADP),,,,,,,,,,,,,,,,
30842,30842,4701,John Wood Group plc,John Wood Group Plc,,,,,,,,,,,,,,,,
30882,30882,13225,Murray Income Trust plc,Murray Income Trust,,,,,,,,,,,,,,,,
30888,30888,12364,"UDR, Inc.",UDR Inc,,,,,,,,,,,,,,,,
30909,30909,22049,Gildan Activewear Inc,Gildan Activewear,,,,,,,,,,,,,,,,
30920,30920,7990,Dexerials Corporation,Dexerials Corp,,,,,,,,,,,,,,,,
30989,30989,17279,Lintec Corporation,Lintec Corp,,,,,,,,,,,,,,,,
31000,31000,22236,Sika Ag,Sika AG,,,,,,,,,,,,,,,,
31002,31002,10995,Softbank Corp.,Softbank,,,,,,,,,,,,,,,,
31006,31006,4991,Transmissora Alianca de Energia Eletrica SA,Transmissora Alianca De Energia Eletrica,,,,,,,,,,,,,,,,
31022,31022,27084,China Huarong Asset Management Co. Ltd,China Huarong Asset Management,,,,,,,,,,,,,,,,
31067,31067,17588,Camping World Holdings Inc,Camping World Holdings,,,,,,,,,,,,,,,,
31080,31080,11231,Atmos Energy Corporation,Atmos Energy Corp,,,,,,,,,,,,,,,,
31093,31093,21261,Nuvoton Technology Corporation,Nuvoton Technology Corp,,,,,,,,,,,,,,,,
31117,31117,23008,ARC Resources Ltd.,ARC Resources Ltd,,,,,,,,,,,,,,,,
31123,31123,10505,Shen You Holdings Ltd,Shen Yao Holdings Ltd,,,,,,,,,,,,,,,,
31124,31124,29293,Toho Holdings Co Ltd,Toho Holdings,,,,,,,,,,,,,,,,
31128,31128,21037,Hana Financial Group Inc,Hana Financial Group,,,,,,,,,,,,,,,,
31147,31147,21788,Omnicom Media Group Srl,Omnicom Media Group,,,,,,,,,,,,,,,,
31153,31153,5627,Feng Tay Enterprises Co. Ltd,Feng Tay Enterprises,,,,,,,,,,,,,,,,
31159,31159,17291,Coty Inc.,Coty Inc,,,,,,,,,,,,,,,,
31163,31163,20048,Accent Group Limited,Accent Group,,,,,,,,,,,,,,,,
31177,31177,5012,Beijing Jingneng Power Co. Ltd,Beijing Jingneng Power,,,,,,,,,,,,,,,,
31187,31187,25048,P A BROOKS LTD,P A BROCK LTD,,,,,,,,,,,,,,,,
31202,31202,21310,Eli Lilly and Company,Eli Lilly and Co,,,,,,,,,,,,,,,,
31233,31233,28903,China International Marine Containers (Group) Co. Ltd,China International Marine Containers (Group) Co Ltd,,,,,,,,,,,,,,,,
31237,31237,21223,Cosco Shipping Development Co Ltd,Cosco Shipping Development,,,,,,,,,,,,,,,,
31243,31243,21309,Aselsan Elektronik Sanayi ve Ticaret Anonim Sirketi,Aselsan Elektronik Sanayi Ve Ticaret Anonim Sirketi,,,,,,,,,,,,,,,,
31247,31247,17835,Deutsche Telekom AG,Deutsche Telekom,,,,,,,,,,,,,,,,
31268,31268,15483,Triumph Group Inc,Triumph Group,,,,,,,,,,,,,,,,
31269,31269,25975,"Fibocom Wireless, Inc.",Fibocom Wireless,,,,,,,,,,,,,,,,
31297,31297,22406,"CENTRIC DENIM USA, LLC",CENTRIC BRANDS LLC,,,,,,,,,,,,,,,,
31311,31311,29515,"Kyushu Financial Group, Inc.",Kyushu Financial Group Inc,,,,,,,,,,,,,,,,
31330,31330,19284,ALL ABOUT BUILDING SERVICES LTD,ALL ABOUT BUILDING LTD,,,,,,,,,,,,,,,,
31353,31353,10029,China Southern Airlines Co Ltd,China Southern Airlines,,,,,,,,,,,,,,,,
31359,31359,13470,AmerisourceBergen Corporation,AmerisourceBergen Corp,,,,,,,,,,,,,,,,
31391,31391,18023,Royal Boskalis Westminster N.V.,Royal Boskalis Westminster,,,,,,,,,,,,,,,,
31407,31407,16098,R. ADAMS & SONS LTD,R. ADAMS & SONS HOLDINGS LTD,,,,,,,,,,,,,,,,
31411,31411,24571,Hrvatska poštanska banka,Hrvatska pošta,,,,,,,,,,,,,,,,
31459,31459,6207,Victory Giant Technology (huizhou)co,Victory Giant Technology,,,,,,,,,,,,,,,,
31470,31470,187,The Home Depot Inc,The Home Depot,,,,,,,,,,,,,,,,
31476,31476,27398,Yourparkingspace Limited,Yourparkingspace,,,,,,,,,,,,,,,,
31486,31486,15891,Saudi Ceramic Company,Saudi Cement Company,,,,,,,,,,,,,,,,
31489,31489,28063,"Universal Health Services, Inc.",Universal Health Services Inc,,,,,,,,,,,,,,,,
31510,31510,9574,Jiayuan International Group Ltd,Jiayuan International Group,,,,,,,,,,,,,,,,
31525,31525,4941,"Chewy, Inc.",Chewy Inc,,,,,,,,,,,,,,,,
31526,31526,20758,TALLINK GRUPP AS,TALLINK AS,,,,,,,,,,,,,,,,
31535,31535,5161,Mercury General Corporation,Mercury General Corp,,,,,,,,,,,,,,,,
31542,31542,2583,Startek,Start,,,,,,,,,,,,,,,,
31547,31547,22598,Corporate Travel Management Limited,Corporate Travel Management,,,,,,,,,,,,,,,,
31553,31553,28821,China Evergrande New Energy Vehicle Group Ltd,China Evergrande New Energy Vehicle Group,,,,,,,,,,,,,,,,
31559,31559,4692,BEAUTY AND THE BARISTA LTD,BEAUTY AND THE BARBELL LTD,,,,,,,,,,,,,,,,
31561,31561,12400,Sinotruk Hong Kong,Sinotruk (hong Kong),,,,,,,,,,,,,,,,
31615,31615,13415,FINANCES4YOU LIMITED,FINANCES4U LIMITED,,,,,,,,,,,,,,,,
31632,31632,6236,"Feng Hsin Steel Co.,Ltd",Feng Hsin Steel Co Ltd,,,,,,,,,,,,,,,,
31675,31675,29536,Giant Manufacturing Co Ltd,Giant Manufacturing,,,,,,,,,,,,,,,,
31686,31686,7018,Metropolis Healthcare Limited,Metropolis Healthcare,,,,,,,,,,,,,,,,
31699,31699,10942,Chevron Corp,Chevron,,,,,,,,,,,,,,,,
31703,31703,26880,Smith & Nephew Plc,Smith & Nephew Healthcare,,,,,,,,,,,,,,,,
31724,31724,29933,Ralph Lauren Corp,Ralph Lauren,,,,,,,,,,,,,,,,
31725,31725,28021,Yankuang Energy Group Co Ltd,Yankuang Energy Group,,,,,,,,,,,,,,,,
31726,31726,24956,BEAUTY AND THE NEEDLE LTD,BEAUTY AND THE INK LTD,,,,,,,,,,,,,,,,
31727,31727,14468,Brown & Brown Inc,Brown & Brown,,,,,,,,,,,,,,,,
31738,31738,15525,Colliers International Group Inc.,Colliers International Group Inc,,,,,,,,,,,,,,,,
31750,31750,10195,Cnp Vita Assicurazione Spa,Cnp Vita Assicura Spa,,,,,,,,,,,,,,,,
31754,31754,5938,Bangkok Dusit Medical Services Public Company Ltd,Bangkok Dusit Medical Services Public Company,,,,,,,,,,,,,,,,
31757,31757,8868,"Jiangsu Goodwe Power Supply Technology Co.,Ltd.","Jiangsu Goodwe Power Supply Technology Co., Ltd",,,,,,,,,,,,,,,,
31761,31761,5960,BAD WOLF (DG) LTD,BAD WOLF (ADOW3) LIMITED,,,,,,,,,,,,,,,,
31770,31770,13436,Alupar Investimento SA,Alupar Investimento,,,,,,,,,,,,,,,,
31796,31796,20408,Associated British Foods plc,Associated British Foods Plc,,,,,,,,,,,,,,,,
31804,31804,4786,FINANCE SOLUTIONS LIMITED,FINANCE SOLUTIONS JACEK LIMITED,,,,,,,,,,,,,,,,
31817,31817,4107,Tokyo Tatemono Co. Ltd,Tokyo Tatemono Co Ltd,,,,,,,,,,,,,,,,
31837,31837,2113,Sumitomo Mitsui Financial Group Inc,Sumitomo Mitsui Financial Group,,,,,,,,,,,,,,,,
31846,31846,20421,"The Hanover Insurance Group, Inc.",The Hanover Insurance Group Inc,,,,,,,,,,,,,,,,
31856,31856,2729,Polymetal International Plc,Polymetal International,,,,,,,,,,,,,,,,
31866,31866,3721,"Shanghai Medicilon, Inc.",Shanghai Medicilon,,,,,,,,,,,,,,,,
31874,31874,2158,Tesco plc,Tesco Plc,,,,,,,,,,,,,,,,
31883,31883,19092,Abrdn plc,Abrdn Plc,,,,,,,,,,,,,,,,
31899,31899,813,United Parcel Service (ups),United Parcel Service,,,,,,,,,,,,,,,,
31900,31900,637,Jardine Matheson Holdings,Jardine Matheson,,,,,,,,,,,,,,,,
31907,31907,31259,Cracker Barrel Old Country Store Inc,Cracker Barrel Old Country Store,,,,,,,,,,,,,,,,
31913,31913,16665,Atlas Arteria Limited,Atlas Arteria,,,,,,,,,,,,,,,,
31937,31937,11510,Fresenius Medical Care AG & Co. KGaA,Fresenius Medical Care AG & Co KGaA,,,,,,,,,,,,,,,,
31959,31959,6130,Shanghai Junshi Biosciences Co. Ltd,Shanghai Junshi Biosciences,,,,,,,,,,,,,,,,
31961,31961,5474,Tradegate Ag Wertpapierhandelsbank,Tradegate AG Wertpapierhandelsbank,,,,,,,,,,,,,,,,
31966,31966,3085,Yieh Phui Enterprise Co. Ltd,Yieh Phui Enterprise,,,,,,,,,,,,,,,,
31990,31990,755,Almarai Company,Almarai Co,,,,,,,,,,,,,,,,
31999,31999,17775,Michelin,Miche,,,,,,,,,,,,,,,,
32001,32001,18895,Tav Havalimanlari Holding A.s.,Tav Havalimanlari Holding,,,,,,,,,,,,,,,,
32002,32002,14740,Tencent Holdings Ltd,Tencent Holdings,,,,,,,,,,,,,,,,
32006,32006,25652,Palfinger AG,Palfinger,,,,,,,,,,,,,,,,
32028,32028,3895,Northrop Grumman Corporation,Northrop Grumman Corp,,,,,,,,,,,,,,,,
32048,32048,26654,Countryside Properties plc,Countryside Properties,,,,,,,,,,,,,,,,
32051,32051,29896,Volkswagen Group Italia Spa,Volkswagen Group,,,,,,,,,,,,,,,,
32060,32060,11645,Chongqing Zhifei Biological Products Co Ltd,Chongqing Zhifei Biological Products,,,,,,,,,,,,,,,,
32097,32097,17958,Anhui Construction Engineering Group Co Ltd,Anhui Construction Engineering Group,,,,,,,,,,,,,,,,
32101,32101,6547,SOFTWARE CONSULTANCY SERVICE LIMITED,SOFTWARE CONSULTANCY LTD,,,,,,,,,,,,,,,,
32102,32102,26277,Detsky Mir PJSC,Detsky Mir,,,,,,,,,,,,,,,,
32106,32106,26945,Daewoo Shipbuilding & Marine Engineering Co Ltd,Daewoo Shipbuilding & Marine Engineering,,,,,,,,,,,,,,,,
32120,32120,18893,Japan Airlines Co Ltd,Japan Airlines (JAL),,,,,,,,,,,,,,,,
32153,32153,11207,Aeon Mall Co Ltd,Aeon Mall,,,,,,,,,,,,,,,,
32179,32179,2378,BEAUTY BOUTIQUE FIFE LTD,BEAUTY BOUTIQUE FAIR OAK LIMITED,,,,,,,,,,,,,,,,
32223,32223,31385,Fresenius Kabi AG,Fresenius Kabi,,,,,,,,,,,,,,,,
32255,32255,22838,M&T Bank Corp,M&T Bank,,,,,,,,,,,,,,,,
32264,32264,9070,TopBuild Corp.,TopBuild Corp,,,,,,,,,,,,,,,,
32291,32291,15917,Emergent Biosolutions,Emergent BioSolutions Inc,,,,,,,,,,,,,,,,
32292,32292,14898,GOOD BABY UK LTD,GOOD BABY PTE. LTD,,,,,,,,,,,,,,,,
32294,32294,5992,Prosegur Compania De Seguridad SA,Prosegur Compania De Seguridad,,,,,,,,,,,,,,,,
32296,32296,5493,Australian Ethical Investment Ltd.,Australian Ethical Investment Ltd,,,,,,,,,,,,,,,,
32311,32311,13163,Bega Cheese Ltd,Bega Cheese Limited,,,,,,,,,,,,,,,,
32333,32333,15477,"Fuzhou Rockchip Electronics Co.,ltd.","Fuzhou Rockchip Electronics Co.,Ltd.",,,,,,,,,,,,,,,,
32352,32352,7974,Fioulreduc,FioulReduc,,,,,,,,,,,,,,,,
32384,32384,12938,Kowloon Development Company Ltd,Kowloon Development Company,,,,,,,,,,,,,,,,
32386,32386,24338,Lifestyle Communities Limited,Lifestyle Communities,,,,,,,,,,,,,,,,
32416,32416,22058,Mitsubishi UFJ Financial Group Inc,Mitsubishi UFJ Financial,,,,,,,,,,,,,,,,
32438,32438,2771,Univar Solutions Inc.,Univar Solutions Inc,,,,,,,,,,,,,,,,
32445,32445,23421,Travis Perkins plc,Travis Perkins Plc,,,,,,,,,,,,,,,,
32451,32451,15206,Peloton Interactive Inc,Peloton Interactive,,,,,,,,,,,,,,,,
32466,32466,26854,First Quantum Minerals Ltd,First Quantum Minerals,,,,,,,,,,,,,,,,
32486,32486,31191,Maxscend Microelectronics Company Ltd,Maxscend Microelectronics Company,,,,,,,,,,,,,,,,
32502,32502,19516,Qantas Airways Limited,Qantas Airways,,,,,,,,,,,,,,,,
32503,32503,29426,Q & A MEDICAL LIMITED,Q & A MECHANICAL LIMITED,,,,,,,,,,,,,,,,
32504,32504,3819,Omnicom Group Inc.,Omnicom Group Inc,,,,,,,,,,,,,,,,
32536,32536,11984,New Jersey Resources Corporation,New Jersey Resources Corp,,,,,,,,,,,,,,,,
32545,32545,27568,Sinopac Financial Holdings Company Ltd,Sinopac Financial Holdings Company,,,,,,,,,,,,,,,,
32561,32561,29990,Aldrees Petroleum and Transport Services Company,Aldrees Petroleum And Transport Services Company,,,,,,,,,,,,,,,,
32569,32569,122,Eclat Textile Co. Ltd,Eclat Textile Co Ltd,,,,,,,,,,,,,,,,
32570,32570,2750,VETROELITE SRL,VETROELITE PACKAGING SRL,,,,,,,,,,,,,,,,
32592,32592,29592,Zai Lab Ltd,Zai Lab Limited,,,,,,,,,,,,,,,,
32608,32608,22423,NALCO ITALIANA SRL,NALCO ITALIANA HOLDINGS SRL,,,,,,,,,,,,,,,,
32609,32609,1212,Cineworld Group plc,Cineworld Group Plc,,,,,,,,,,,,,,,,
32612,32612,12722,GOOD CLEAN WORDS LTD,GOOD CLEAN LTD,,,,,,,,,,,,,,,,
32622,32622,17272,ROINET Solution,ROI NET Solution,,,,,,,,,,,,,,,,
32631,32631,11691,Clearcover,Clearco,,,,,,,,,,,,,,,,
32640,32640,21932,Xiamen Tungsten Co. Ltd,Xiamen Tungsten,,,,,,,,,,,,,,,,
32646,32646,1074,North West Company Inc.,North West Company,,,,,,,,,,,,,,,,
32676,32676,26965,Domino's Pizza Inc,Domino's Pizza Group plc,,,,,,,,,,,,,,,,
32682,32682,5617,Citic Securities Company,Citic Securities,,,,,,,,,,,,,,,,
32695,32695,28454,GS Holdings Corp,GS Holdings,,,,,,,,,,,,,,,,
32697,32697,28731,V & J CONSULTANTS LTD,V & J CONSULTANCY LTD,,,,,,,,,,,,,,,,
32702,32702,31699,Chevron Corporation,Chevron Corp,,,,,,,,,,,,,,,,
32714,32714,24809,Beijing Haohua Energy Resource Co. Ltd,Beijing Haohua Energy Resource,,,,,,,,,,,,,,,,
32722,32722,972,Sedana Medical Ab (publ),Sedana Medical AB,,,,,,,,,,,,,,,,
32726,32726,30623,Mueller Industries Inc,Mueller Industries,,,,,,,,,,,,,,,,
32747,32747,31872,Fresnillo Plc,Fresnillo,,,,,,,,,,,,,,,,
32757,32757,23073,U DRIVE MSM LIMITED,U DRIVE LANCS LIMITED,,,,,,,,,,,,,,,,
32758,32758,1773,BEAUTY AND THE FEAST LTD,BEAUTY AND THE BUZZ LTD,,,,,,,,,,,,,,,,
32769,32769,24164,BEAUTY AND THE YEAST LTD,BEAUTY AND THE THEORY LTD,,,,,,,,,,,,,,,,
32775,32775,19895,Russel Metals Inc,Russel Metals,,,,,,,,,,,,,,,,
32780,32780,23089,Aurora Cannabis Inc.,Aurora Cannabis,,,,,,,,,,,,,,,,
32804,32804,4639,Krung Thai Bank PCL,Krung Thai Bank,,,,,,,,,,,,,,,,
32808,32808,14453,Aeon Hokkaido Corporation,Aeon Hokkaido Corp,,,,,,,,,,,,,,,,
32812,32812,22584,Glenmark Pharmaceuticals Ltd,Glenmark Pharmaceuticals,,,,,,,,,,,,,,,,
32825,32825,15637,Lamar Advertising Company (reit),Lamar Advertising Company (REIT),,,,,,,,,,,,,,,,
32829,32829,28108,Yang Ming Marine Transport Corporation,Yang Ming Marine Transport Corp,,,,,,,,,,,,,,,,
32849,32849,9092,"Jinko Power Technology Co.,ltd.","Jinko Power Technology Co.,Ltd.",,,,,,,,,,,,,,,,
32866,32866,9765,ICICI Lombard General Insurance Company,ICICI Lombard General Insurance Co Ltd,,,,,,,,,,,,,,,,
32873,32873,32006,Palfinger Ag,Palfinger AG,,,,,,,,,,,,,,,,
32876,32876,27297,Vienna Insurance Group AG,Vienna Insurance Group,,,,,,,,,,,,,,,,
32892,32892,6732,United Parcel Service Italia Srl,United Parcel Service Inc,,,,,,,,,,,,,,,,
32895,32895,21042,Zhongjin Gold Corp Ltd,Zhongjin Gold,,,,,,,,,,,,,,,,
32923,32923,1517,Wyndham Hotels & Resorts Inc,Wyndham Hotels & Resorts,,,,,,,,,,,,,,,,
32962,32962,11660,Sydney Airport Limited,Sydney Airport,,,,,,,,,,,,,,,,
32963,32963,32277,Tokai Rika Co. Ltd,Tokai Rika Co Ltd,,,,,,,,,,,,,,,,
32965,32965,898,Randon SA Implementos e Participacoes,Randon S.A. Implementos e Participacoes,,,,,,,,,,,,,,,,
32967,32967,11421,Arcosa Inc,Arcosa,,,,,,,,,,,,,,,,
32973,32973,8414,Veoneer,Veon,,,,,,,,,,,,,,,,
32975,32975,9157,Jiangsu Expressway Company Ltd,Jiangsu Expressway Company,,,,,,,,,,,,,,,,
32984,32984,21127,"The Cooper Companies, Inc.",The Cooper Companies Inc,,,,,,,,,,,,,,,,
33006,33006,25544,Pantheon International plc,Pantheon International,,,,,,,,,,,,,,,,
33020,33020,16263,Oversea-Chinese Banking Corp Ltd,Oversea-Chinese Banking,,,,,,,,,,,,,,,,
33024,33024,22005,Chailease Holding Company,Chailease Holding Co Ltd,,,,,,,,,,,,,,,,
33030,33030,31345,ALL ABOUT SHOPPING LTD,ALL ABOUT SHIPPING LIMITED,,,,,,,,,,,,,,,,
33040,33040,17344,SOFTWARE SOLUTIONS SOUTH WEST LIMITED,SOFTWARE SOLUTIONS NORTH WEST LIMITED,,,,,,,,,,,,,,,,
33049,33049,17656,Oneness Biotech Co. Ltd,Oneness Biotech,,,,,,,,,,,,,,,,
33071,33071,15807,China Tobacco International (hk) Company,China Tobacco International,,,,,,,,,,,,,,,,
33077,33077,18295,Chunghwa Precision Test Tech. Co. Ltd,Chunghwa Precision Test Tech,,,,,,,,,,,,,,,,
33079,33079,26615,"Huaneng Power International, Inc.",Huaneng Power International Inc,,,,,,,,,,,,,,,,
33084,33084,11928,Alleanza Assicurazioni Spa,Alleanza Assicurazioni,,,,,,,,,,,,,,,,
33087,33087,29299,FirstRand Ltd,FirstRand,,,,,,,,,,,,,,,,
33111,33111,20088,Ecoslops SA,Ecoslops,,,,,,,,,,,,,,,,
33115,33115,8976,GOOD COMPANY EVENTS LTD,GOOD COMPANY ESCORTS LTD,,,,,,,,,,,,,,,,
33120,33120,28840,Nanjing King-friend Biochemical Pharmaceutical Co. Ltd,Nanjing King-Friend Biochemical Pharmaceutical Co. Ltd,,,,,,,,,,,,,,,,
33145,33145,8552,Deutsche Börse AG,Deutsche Börse,,,,,,,,,,,,,,,,
33151,33151,10636,Vir Biotechnology Inc,Vir Biotechnology,,,,,,,,,,,,,,,,
33153,33153,14966,FleetCor Technologies Inc,FleetCor Technologies,,,,,,,,,,,,,,,,
33161,33161,3862,Waters Corporation,Waters Corp,,,,,,,,,,,,,,,,
33167,33167,721,Mitsui Fudosan Co. Ltd,Mitsui Fudosan Co Ltd,,,,,,,,,,,,,,,,
33227,33227,22533,Dormakaba Holding Ag,Dormakaba Holding AG,,,,,,,,,,,,,,,,
33229,33229,23829,U GRAND LTD,U GRAND K LIMITED,,,,,,,,,,,,,,,,
33230,33230,8186,Clean Harbors Inc,Clean Harbors,,,,,,,,,,,,,,,,
33236,33236,20434,Super Retail Group Ltd,Super Retail Group Limited,,,,,,,,,,,,,,,,
33249,33249,22636,Blue Moon Group Holdings Ltd,Blue Moon Group Holdings Limited,,,,,,,,,,,,,,,,
33275,33275,12057,Check Point Software Technologies,Check Point Software,,,,,,,,,,,,,,,,
33276,33276,28214,Drax Group Plc,Drax Group,,,,,,,,,,,,,,,,
33277,33277,14163,Zhejiang Huayou Cobalt Co. Ltd,Zhejiang Huayou Cobalt Co Ltd,,,,,,,,,,,,,,,,
33289,33289,7562,Cogeco Communications Inc,Cogeco Communications,,,,,,,,,,,,,,,,
33291,33291,6373,Banque Nationale de Belgique SA,Banque Nationale de Belgique,,,,,,,,,,,,,,,,
33298,33298,14305,Matador Resources Company,Matador Resources Co,,,,,,,,,,,,,,,,
33311,33311,181,Thinkon Semiconductor Jinzhou Corp.,Thinkon Semiconductor Jinzhou Corp,,,,,,,,,,,,,,,,
33312,33312,28885,Applegreen plc,Applegreen,,,,,,,,,,,,,,,,
33329,33329,17585,"Etsy, Inc.",Etsy Inc,,,,,,,,,,,,,,,,
33346,33346,28556,Asahi Kasei Corporation,Asahi Kasei Corp,,,,,,,,,,,,,,,,
33381,33381,19653,Balfour Beatty plc,Balfour Beatty Plc,,,,,,,,,,,,,,,,
33385,33385,1304,Toyota Industries Corporation,Toyota Industries Corp,,,,,,,,,,,,,,,,
33391,33391,2233,Industries Spa,Industries Qatar,,,,,,,,,,,,,,,,
33393,33393,12493,"Catalent, Inc.",Catalent Inc,,,,,,,,,,,,,,,,
33411,33411,12854,Axiata Group Bhd,Axiata Group Berhad,,,,,,,,,,,,,,,,
33418,33418,27090,First Pacific Company,First Pacific Co Ltd,,,,,,,,,,,,,,,,
33436,33436,8375,Sistemas Informáticos de Negocio (SIDN),Sistemas Informáticos de Negocio,,,,,,,,,,,,,,,,
33466,33466,18720,Puregold Price Club Inc,Puregold Price Club,,,,,,,,,,,,,,,,
33471,33471,1642,Cofinimmo Sa,Cofinimmo SA,,,,,,,,,,,,,,,,
33478,33478,29451,"Syneos Health, Inc.",Syneos Health Inc,,,,,,,,,,,,,,,,
33490,33490,20347,China Merchants Securities Co Ltd,China Merchants Securities,,,,,,,,,,,,,,,,
33499,33499,20632,Japan Tobacco Inc,Japan Tobacco,,,,,,,,,,,,,,,,
33530,33530,7969,Ford Motor Co,Ford Motor,,,,,,,,,,,,,,,,
33563,33563,10744,"SDIC Capital Co.,Ltd",SDIC Capital,,,,,,,,,,,,,,,,
33577,33577,7771,Advanced Info Service Public Co Ltd,Advanced Info Service PCL,,,,,,,,,,,,,,,,
33601,33601,20786,Global Power Synergy Public Company Ltd,Global Power Synergy Public Company,,,,,,,,,,,,,,,,
33634,33634,12037,Geberit AG,Geberit,,,,,,,,,,,,,,,,
33642,33642,12396,Royal Mail plc,Royal Mail,,,,,,,,,,,,,,,,
33644,33644,14669,Daiichi Sankyo Company,Daiichi Sankyo Co Ltd,,,,,,,,,,,,,,,,
33690,33690,26908,"Hovnanian Enterprises, Inc. Pfd Dep1/1000a",Hovnanian Enterprises Inc,,,,,,,,,,,,,,,,
33705,33705,26920,Genting Bhd,Genting Berhad,,,,,,,,,,,,,,,,
33728,33728,4053,Berner Kantonalbank Ag,Berner Kantonalbank AG,,,,,,,,,,,,,,,,
33749,33749,6476,First Citizens Bancshares,"First Citizens BancShares, Inc.",,,,,,,,,,,,,,,,
33760,33760,21416,"Livzon Pharmaceutical Group, Inc.",Livzon Pharmaceutical Group Co Ltd,,,,,,,,,,,,,,,,
33768,33768,25718,Hangzhou Robam Appliances Co Ltd,Hangzhou Robam Appliances,,,,,,,,,,,,,,,,
33773,33773,16696,GNI Group Ltd,GNI Group,,,,,,,,,,,,,,,,
33786,33786,27699,Astellas Pharma Inc,Astellas Pharma,,,,,,,,,,,,,,,,
33794,33794,9137,American International Group Inc (AIG),American International Group (aig),,,,,,,,,,,,,,,,
33806,33806,17693,Popular Inc,Popular,,,,,,,,,,,,,,,,
33817,33817,7566,Curaleaf Holdings Inc,Curaleaf Holdings,,,,,,,,,,,,,,,,
33818,33818,26655,Valio Ltd,Valio,,,,,,,,,,,,,,,,
33831,33831,17906,Advantech Co Ltd,Advantech,,,,,,,,,,,,,,,,
33839,33839,17536,Bulgarian Posts,Bulgarian Postbank,,,,,,,,,,,,,,,,
33863,33863,27477,Muthoot Finance Ltd,Muthoot Finance,,,,,,,,,,,,,,,,
33864,33864,17957,BEAUTY BOSS LTD,BEAUTY BOSS LONDON LTD,,,,,,,,,,,,,,,,
33877,33877,24031,Mahindra CIE Automotive,Mahindra Automotives,,,,,,,,,,,,,,,,
33916,33916,11280,BEAUTY ACCESSORIES LTD,BEAUTY ACCESS LIMITED,,,,,,,,,,,,,,,,
33919,33919,13651,National Grid plc,National Grid Transco,,,,,,,,,,,,,,,,
33920,33920,14092,Aluminum Corporation Of China,Aluminum Corp of China,,,,,,,,,,,,,,,,
33927,33927,11081,Pegatron Corporation,Pegatron Corp,,,,,,,,,,,,,,,,
33930,33930,33072,"Sankyu, Inc.",Sankyu Inc,,,,,,,,,,,,,,,,
33946,33946,12190,Restaurant Brands New Zealand Limited,Restaurant Brands New Zealand,,,,,,,,,,,,,,,,
33971,33971,29304,"Pure Storage, Inc.",Pure Storage Inc,,,,,,,,,,,,,,,,
33989,33989,14933,"Bizlink Holding, Inc.",Bizlink Holding,,,,,,,,,,,,,,,,
33993,33993,11113,Donaldson Company,Donaldson Co Inc,,,,,,,,,,,,,,,,
34003,34003,315,Seiko Epson Corporation,Seiko Epson Corp,,,,,,,,,,,,,,,,
34011,34011,6606,AIB Group plc,AIB Group,,,,,,,,,,,,,,,,
34018,34018,11016,Aristocrat Leisure Limited,Aristocrat Leisure,,,,,,,,,,,,,,,,
34039,34039,28740,Scholastic Corp,Scholastic Careers,,,,,,,,,,,,,,,,
34047,34047,11323,ALL ABOUT DAMP LTD,ALL ABOUT DA VAPE LTD,,,,,,,,,,,,,,,,
34061,34061,10947,Polo Fundo de Investimento Imobiliario - Recebiveis Imobiliarios II - FII,Polo Fundo de Investimento Imobiliario - FII Recebiveis Imobiliarios IMO - Cotas Fund,,,,,,,,,,,,,,,,
34062,34062,29345,Chinese Universe Publishing and Media Group Co. Ltd,Chinese Universe Publishing And Media Group,,,,,,,,,,,,,,,,
34070,34070,21324,Arnoldo Mondadori Editore S.p.A.,Arnoldo Mondadori Editore,,,,,,,,,,,,,,,,
34076,34076,2366,Absolute Clean Energy Public Company Ltd,Absolute Clean Energy Public Company,,,,,,,,,,,,,,,,
34086,34086,9776,Kernel Holding SA,Kernel Holding S.a.,,,,,,,,,,,,,,,,
34106,34106,22169,Profixsystemleasing,ProfixSystemleasing,,,,,,,,,,,,,,,,
34115,34115,13936,Huadong Medicine Co. Ltd,Huadong Medicine Co Ltd,,,,,,,,,,,,,,,,
34152,34152,10598,Cadence Bancorporation,Cadence Bancorp,,,,,,,,,,,,,,,,
34158,34158,9083,NEW AGE CLOTHING LIMITED,NEW AGE CLOTHES LTD,,,,,,,,,,,,,,,,
34209,34209,28620,HCL Technologies Careers,HCL Technologies BPO Services,,,,,,,,,,,,,,,,
34210,34210,6974,Dermapharm Holding Se,Dermapharm Holding SE,,,,,,,,,,,,,,,,
34212,34212,30479,THK Co. Ltd,THK Co Ltd,,,,,,,,,,,,,,,,
34233,34233,3011,ASR Nederland NV,ASR Nederland N.V.,,,,,,,,,,,,,,,,
34236,34236,15519,DMG Mori Seiki Co Ltd,DMG Mori Co. Ltd,,,,,,,,,,,,,,,,
34250,34250,2819,"Huaneng Lancang River Hydropower, Inc.",Huaneng Lancang River Hydropower Co Ltd,,,,,,,,,,,,,,,,
34253,34253,24498,Intertape Polymer Group Inc,Intertape Polymer Group,,,,,,,,,,,,,,,,
34267,34267,24437,Pembina Pipeline Corporation,Pembina Pipeline Corp,,,,,,,,,,,,,,,,
34278,34278,28361,Kunlun Energy Company Ltd,Kunlun Energy Company,,,,,,,,,,,,,,,,
34287,34287,32978,Eagle Materials Inc.,Eagle Materials Inc,,,,,,,,,,,,,,,,
34292,34292,32359,"Nanjing Hanrui Cobalt Co.,Ltd.",Nanjing Hanrui Cobalt,,,,,,,,,,,,,,,,
34298,34298,454,BEAUTY AND FASHION LIMITED,BEAUTY AND CRUSH LIMITED,,,,,,,,,,,,,,,,
34303,34303,10907,BEAUTY & STYLE LTD,BEAUTY & STYLE DIRECT LTD,,,,,,,,,,,,,,,,
34335,34335,13037,Aarvi Encon Ltd,Aarvi Encon,,,,,,,,,,,,,,,,
34336,34336,3254,Techtronic Industries Company,Techtronic Industries Co Ltd,,,,,,,,,,,,,,,,
34380,34380,5874,Wafer Works Corporation,Wafer Works Corp,,,,,,,,,,,,,,,,
34425,34425,21241,GOOD AND USEFUL TRADING LTD,GOOD AND USEFUL LTD,,,,,,,,,,,,,,,,
34429,34429,13116,H & A PROPERTIES LTD,H & A PROPERTIES (MALVERN) LIMITED,,,,,,,,,,,,,,,,
34436,34436,31215,Adient plc,Adient Plc,,,,,,,,,,,,,,,,
34465,34465,10113,Ping An Healthcare Technology,Ping An Healthcare And Technology Company,,,,,,,,,,,,,,,,
34469,34469,26282,Jupiter Fund Management plc,Jupiter Fund Management,,,,,,,,,,,,,,,,
34481,34481,18032,"Magellan Midstream Partners, L.P.",Magellan Midstream Partners LP,,,,,,,,,,,,,,,,
34504,34504,18823,McDonald's Corp,McDonald's,,,,,,,,,,,,,,,,
34524,34524,22442,Wangfujing Group Co Ltd,Wangfujing Group,,,,,,,,,,,,,,,,
34600,34600,7978,Coface Sa,Coface SA,,,,,,,,,,,,,,,,
34618,34618,19289,Bank Millennium S.a.,Bank Millennium,,,,,,,,,,,,,,,,
34627,34627,15981,SOFTWARE & DESIGN LIMITED,SOFTWARE & DESIGN INNOVATIONS LTD,,,,,,,,,,,,,,,,
34637,34637,15312,Micro Focus International Plc,Micro Focus International,,,,,,,,,,,,,,,,
34646,34646,2506,Realty Income Corp,Realty Income,,,,,,,,,,,,,,,,
34670,34670,29019,Mahindra First Choice Wheels,Mahindra First Choice,,,,,,,,,,,,,,,,
34676,34676,15474,Axfood AB,Axfood,,,,,,,,,,,,,,,,
34679,34679,24999,Arquimea Group,Arquimea,,,,,,,,,,,,,,,,
34680,34680,25610,Capital Power Corporation,Capital Power Corp,,,,,,,,,,,,,,,,
34690,34690,4414,Tullow Oil plc,Tullow Oil Plc,,,,,,,,,,,,,,,,
34692,34692,19755,ManpowerGroup Inc.,ManpowerGroup Inc,,,,,,,,,,,,,,,,
34697,34697,17467,American Tower Corp,American Tower,,,,,,,,,,,,,,,,
34702,34702,16285,nib holdings limited,nib Holdings Ltd,,,,,,,,,,,,,,,,
34711,34711,22224,The Star Entertainment Group Ltd,The Star Entertainment Group Limited,,,,,,,,,,,,,,,,
34719,34719,10621,Wells Fargo & Company,Wells Fargo & Co,,,,,,,,,,,,,,,,
34734,34734,713,Guosen Securities Co Ltd,Guosen Securities,,,,,,,,,,,,,,,,
34756,34756,26962,"Daeduck Electronics Co.,ltd.",Daeduck Electronics,,,,,,,,,,,,,,,,
34761,34761,22185,Cavco Industries Inc,Cavco Industries,,,,,,,,,,,,,,,,
34821,34821,17307,"ENEOS Holdings, Inc.",ENEOS Holdings Inc,,,,,,,,,,,,,,,,
34826,34826,8227,Reliance Steel & Aluminum,Reliance Steel,,,,,,,,,,,,,,,,
34836,34836,8610,DaVita Inc.,DaVita Inc,,,,,,,,,,,,,,,,
34859,34859,8952,Fujifilm Holdings Corporation,Fujifilm Holdings Corp,,,,,,,,,,,,,,,,
34874,34874,5668,Flex Lng,Flex Legal,,,,,,,,,,,,,,,,
34878,34878,32785,Plantronics Inc,Plantronics,,,,,,,,,,,,,,,,
34886,34886,497,Safilo Group SpA,Safilo Group S.p.A.,,,,,,,,,,,,,,,,
34887,34887,19571,Atoss Software Ag,Atoss Software AG,,,,,,,,,,,,,,,,
34892,34892,24112,Musashi Seimitsu Industry Co. Ltd,Musashi Seimitsu Industry,,,,,,,,,,,,,,,,
34903,34903,18894,"Broadridge Financial Solutions, Inc.",Broadridge Financial Solutions Inc,,,,,,,,,,,,,,,,
34915,34915,5508,Octopus Titan Vct,Octopus Titan VCT plc,,,,,,,,,,,,,,,,
34945,34945,29888,Raydium Semiconductor Corporation,Raydium Semiconductor Corp,,,,,,,,,,,,,,,,
34968,34968,13811,Weifu High-technology Group,Weifu High-Technology Group Co Ltd,,,,,,,,,,,,,,,,
34975,34975,771,Murphy USA Inc.,Murphy USA Inc,,,,,,,,,,,,,,,,
34982,34982,2617,China Construction Bank Corp,China Construction Bank,,,,,,,,,,,,,,,,
34990,34990,16182,CK Asset Holdings Limited,CK Asset Holdings,,,,,,,,,,,,,,,,
35001,35001,16288,Mitsubishi Gas Chemical Company,Mitsubishi Gas Chemical Co Inc,,,,,,,,,,,,,,,,
35012,35012,23956,Taiwan Mobile Co. Ltd,Taiwan Mobile Co Ltd,,,,,,,,,,,,,,,,
35026,35026,3420,H & B CONTRACTS LTD,H & B CONTRACTORS LIMITED,,,,,,,,,,,,,,,,
35028,35028,13982,Clicks Group Ltd,Clicks Group,,,,,,,,,,,,,,,,
35039,35039,7885,Yamana Gold Inc,Yamana Gold,,,,,,,,,,,,,,,,
35040,35040,27008,Orange SA,Orange S.a,,,,,,,,,,,,,,,,
35050,35050,501,International Paper Company,International Paper Co,,,,,,,,,,,,,,,,
35065,35065,16839,Reliance Industries Careers,Reliance Industries,,,,,,,,,,,,,,,,
35072,35072,2759,Wens Foodstuff Group Co. Ltd,Wens Foodstuff Group Co Ltd,,,,,,,,,,,,,,,,
35079,35079,4828,IMImobile plc,IMImobile,,,,,,,,,,,,,,,,
35091,35091,22113,Enbridge Inc.,Enbridge Inc,,,,,,,,,,,,,,,,
35111,35111,10820,QinetiQ Group plc,QinetiQ Group Plc,,,,,,,,,,,,,,,,
35114,35114,218,Compass Minerals International Inc,Compass Minerals International,,,,,,,,,,,,,,,,
35122,35122,27377,Indian Oil Corporation,Indian Oil Corp Ltd,,,,,,,,,,,,,,,,
35128,35128,17059,Dream Unlimited Corp.,Dream Unlimited,,,,,,,,,,,,,,,,
35138,35138,20620,"Interactive Brokers Group, Inc.",Interactive Brokers Group Inc,,,,,,,,,,,,,,,,
35147,35147,2760,SOFTWARE SAFETY LIMITED,SOFTWARE SAFARI LIMITED,,,,,,,,,,,,,,,,
35164,35164,4058,R A BARLEY LIMITED,R A BALDOCK LIMITED,,,,,,,,,,,,,,,,
35171,35171,18810,Hyundai Marine & Fire Insurance Co Ltd,Hyundai Marine & Fire Insurance,,,,,,,,,,,,,,,,
35180,35180,9338,Mitsubishi Logistics Corporation,Mitsubishi Logistics Corp,,,,,,,,,,,,,,,,
35192,35192,23092,Nippon Steel Corp,Nippon Steel,,,,,,,,,,,,,,,,
35195,35195,17325,Sensirion Holding Ag,Sensirion Holding AG,,,,,,,,,,,,,,,,
35202,35202,689,Sumitomo Forestry Co. Ltd,Sumitomo Forestry Co Ltd,,,,,,,,,,,,,,,,
35203,35203,15629,Aeon Delight Co Ltd,Aeon Delight,,,,,,,,,,,,,,,,
35206,35206,33106,Quilter plc,Quilter Plc,,,,,,,,,,,,,,,,
35210,35210,16052,Fujian Kuncai Material Technology Co. Ltd,Fujian Kuncai Material Technology,,,,,,,,,,,,,,,,
35231,35231,15743,Trinity Industries Inc,Trinity Industries,,,,,,,,,,,,,,,,
35248,35248,3210,Marathon Petroleum Careers,Marathon Petroleum,,,,,,,,,,,,,,,,
35252,35252,12282,EPAM Systems Inc,EPAM Systems,,,,,,,,,,,,,,,,
35255,35255,29747,Amphenol Corp,Amphenol,,,,,,,,,,,,,,,,
35264,35264,28640,"Kulicke and Soffa Industries, Inc.",Kulicke And Soffa Industries,,,,,,,,,,,,,,,,
35275,35275,1608,Heineken NV,Heineken N.V.,,,,,,,,,,,,,,,,
35279,35279,13020,Winpak Ltd.,Winpak Ltd,,,,,,,,,,,,,,,,
35284,35284,16680,Toshiba Corporation,Toshiba Corp,,,,,,,,,,,,,,,,
35287,35287,33656,Jointown Pharmaceutical Group Co Ltd,Jointown Pharmaceutical Group,,,,,,,,,,,,,,,,
35310,35310,15115,Itau Unibanco Holding SA,Itau Unibanco Holding,,,,,,,,,,,,,,,,
35323,35323,29549,"Vidrala, SA",Vidrala SA,,,,,,,,,,,,,,,,
35339,35339,8626,Currys plc,Currys Plc,,,,,,,,,,,,,,,,
35341,35341,19876,Apollo Global Management Inc,Apollo Global Management,,,,,,,,,,,,,,,,
35360,35360,3311,"Cellnex Telecom, SA",Cellnex Telecom SA,,,,,,,,,,,,,,,,
35371,35371,11286,Television Francaise 1 Societe Anonyme,Television Francaise 1 SA,,,,,,,,,,,,,,,,
35380,35380,16596,Vinda International Holdings Ltd,Vinda International Holdings,,,,,,,,,,,,,,,,
35385,35385,3048,"ServiceNow, Inc.",ServiceNow Inc,,,,,,,,,,,,,,,,
35420,35420,14391,Bright Horizons Family Solutions Inc.,Bright Horizons Family Solutions Inc,,,,,,,,,,,,,,,,
35427,35427,27679,ALL ABOUT WINE LIMITED,ALL ABOUT WINDOWS LIMITED,,,,,,,,,,,,,,,,
35436,35436,22274,Thai Wah Public Company Ltd,Thai Wacoal Public Company Ltd,,,,,,,,,,,,,,,,
35438,35438,23533,Western Alliance Bancorporation,Western Alliance Bancorp.,,,,,,,,,,,,,,,,
35444,35444,12103,Altarea SCA,Altarea,,,,,,,,,,,,,,,,
35459,35459,14078,Starwood Property Trust Inc,Starwood Property Trust,,,,,,,,,,,,,,,,
35484,35484,2268,Guinness,Guineys,,,,,,,,,,,,,,,,
35485,35485,25620,"Benchmark Electronics, Inc.",Benchmark Electronics Inc,,,,,,,,,,,,,,,,
35492,35492,16175,Xiangtan Electric Manufacturing Co. Ltd,Xiangtan Electric Manufacturing,,,,,,,,,,,,,,,,
35494,35494,9927,Mochida Pharmaceutical Co. Ltd,Mochida Pharmaceutical,,,,,,,,,,,,,,,,
35496,35496,15241,ALL ABOUT MEDIA LIMITED,ALL ABOUT MECHANICAL LIMITED,,,,,,,,,,,,,,,,
35503,35503,4273,Kotak Mahindra Bank Ltd,Kotak Mahindra Bank,,,,,,,,,,,,,,,,
35505,35505,9651,Kyowa Exeo Corporation,Kyowa Exeo Corp,,,,,,,,,,,,,,,,
35557,35557,32644,Carl Zeiss Meditec AG,Carl Zeiss AG,,,,,,,,,,,,,,,,
35574,35574,19731,Western Digital Corp,Western Digital,,,,,,,,,,,,,,,,
35595,35595,28060,Sanwa Holdings Corporation,Sanwa Holdings Corp,,,,,,,,,,,,,,,,
35607,35607,16242,Franco-Nevada Corporation,Franco-Nevada Corp,,,,,,,,,,,,,,,,
35611,35611,32118,SONY INTERACTIVE ENTERTAINMENT NETWORK EUROPE LIMITED,SONY INTERACTIVE ENTERTAINMENT EUROPE LIMITED,,,,,,,,,,,,,,,,
35616,35616,21436,Kingspan Group Plc,Kingspan Group PLC,,,,,,,,,,,,,,,,
35624,35624,32024,Deliveroo Plc,Deliveroo,,,,,,,,,,,,,,,,
35627,35627,11719,Daqin Railway Co. Ltd,Daqin Railway,,,,,,,,,,,,,,,,
35670,35670,19244,Capital One,Capital On Tap,,,,,,,,,,,,,,,,
35683,35683,33383,"Gansu Jiu Steel Group Hongxing Iron & Steel Co.,ltd.","Gansu Jiu Steel Group Hongxing Iron & Steel Co.,Ltd.",,,,,,,,,,,,,,,,
35684,35684,17753,Fincantieri SpA,Fincantieri S.p.a.,,,,,,,,,,,,,,,,
35696,35696,6265,CapitaLand Investment Ltd,CapitaLand Investment,,,,,,,,,,,,,,,,
35704,35704,230,Riyue Heavy Industry Coltd,Riyue Heavy Industry Co. Ltd,,,,,,,,,,,,,,,,
35707,35707,7556,Lloyds Banking Group Plc,Lloyds Banking Group,,,,,,,,,,,,,,,,
35733,35733,24373,SIAN Wholesale Ltd,SIAN Wholesale,,,,,,,,,,,,,,,,
35754,35754,1457,Royal Caribbean Cruises Ltd,Royal Caribbean Cruises,,,,,,,,,,,,,,,,
35794,35794,33398,Amoy Diagnostics Co. Ltd,Amoy Diagnostics,,,,,,,,,,,,,,,,
35804,35804,19100,DoorDash Inc,DoorDash,,,,,,,,,,,,,,,,
35807,35807,4957,Guideline Geo AB,Guideline,,,,,,,,,,,,,,,,
35819,35819,2264,ALL ABOUT CASHMERE LIMITED,ALL ABOUT CASH LTD,,,,,,,,,,,,,,,,
35824,35824,45,Kumulus Vape SA,Kumulus Vape,,,,,,,,,,,,,,,,
35827,35827,4901,China Zheshang Bank Co Ltd,China Zheshang Bank,,,,,,,,,,,,,,,,
35845,35845,10223,T & A KERNOGHAN LIMITED,T & A KERNOGHAN (HOLDINGS) LIMITED,,,,,,,,,,,,,,,,
35852,35852,10270,"Hitachi Metals, Ltd.",Hitachi Metals,,,,,,,,,,,,,,,,
35866,35866,14632,Riskified Ltd.,Riskified Ltd,,,,,,,,,,,,,,,,
35892,35892,27536,Softcat Plc,Softcat,,,,,,,,,,,,,,,,
35896,35896,20661,Tokyo Gas Co Ltd,Tokyo Gas,,,,,,,,,,,,,,,,
35898,35898,4428,Kaken Pharmaceutical Co. Ltd,Kaken Pharmaceutical,,,,,,,,,,,,,,,,
35900,35900,4605,ON Semiconductor Corporation,ON Semiconductor Corp.,,,,,,,,,,,,,,,,
35901,35901,11446,Blackrock Muniyield Quality Fund Iii,Blackrock Muniyield Quality Fund,,,,,,,,,,,,,,,,
35924,35924,3199,Scandinavian Tobacco Group A-S,Scandinavian Tobacco Group,,,,,,,,,,,,,,,,
35928,35928,15007,NiSource Inc,NiSource,,,,,,,,,,,,,,,,
35931,35931,24290,Melia Hotels International SA,Melia Hotels International,,,,,,,,,,,,,,,,
35944,35944,3215,LyondellBasell Industries N.V.,LyondellBasell Industries,,,,,,,,,,,,,,,,
35947,35947,9545,Jefferies Financial Group Inc,Jefferies Financial Group,,,,,,,,,,,,,,,,
35962,35962,34324,Jiangsu Hengli Hydraulic Co. Ltd,Jiangsu Hengli Hydraulic Co Ltd,,,,,,,,,,,,,,,,
35963,35963,35881,Treasury Wine Estates Limited,Treasury Wine Estates,,,,,,,,,,,,,,,,
35969,35969,15121,Trimble Inc,Trimble,,,,,,,,,,,,,,,,
35975,35975,1972,Mangalore Refinery and Petrochemicals Ltd,Mangalore Refinery and Petrochemicals,,,,,,,,,,,,,,,,
35979,35979,35430,Hunan Aihua Group Co. Ltd,Hunan Aihua Group,,,,,,,,,,,,,,,,
35981,35981,9354,REA Group Ltd,REA Group Limited,,,,,,,,,,,,,,,,
35992,35992,4844,BNK Financial Group Inc,BNK Financial Group,,,,,,,,,,,,,,,,
35996,35996,563,CI Financial Corp.,CI Financial Corp,,,,,,,,,,,,,,,,
36056,36056,22964,KB Financial Group Inc,KB Financial Group,,,,,,,,,,,,,,,,
36062,36062,12294,OFFICINE MACCAFERRI SPA,OFFICINE MACCAFERRI ITALIA SRL,,,,,,,,,,,,,,,,
36082,36082,19974,"The PNC Financial Services Group, Inc.",The PNC Financial Services Group Inc,,,,,,,,,,,,,,,,
36107,36107,9679,Government of Haryana,Government of Gujarat,,,,,,,,,,,,,,,,
36109,36109,8901,Hilltop Holdings Inc,Hilltop Holdings,,,,,,,,,,,,,,,,
36113,36113,35404,New World Development Company Ltd,New World Development Company,,,,,,,,,,,,,,,,
36119,36119,8085,"Ventas, Inc.",Ventas Inc,,,,,,,,,,,,,,,,
36165,36165,4353,Elektro Redes SA,Elektro Redes S.a.,,,,,,,,,,,,,,,,
36194,36194,6809,Nippon Telegraph And Telephone Corporation,Nippon Telegraph & Telephone Corp,,,,,,,,,,,,,,,,
36197,36197,8569,"Raytron Technology Co.,Ltd.",Raytron Technology,,,,,,,,,,,,,,,,
36203,36203,32596,Verbund Ag,Verbund AG,,,,,,,,,,,,,,,,
36206,36206,10643,ING Bank Śląski,ING Bank Slaski SA,,,,,,,,,,,,,,,,
36229,36229,5876,China International Capital Corporation,China International Capital Corp Ltd,,,,,,,,,,,,,,,,
36235,36235,16549,Buzzi Unicem Spa,Buzzi Unicem SpA,,,,,,,,,,,,,,,,
36253,36253,32343,Kimberly-Clark Corp,Kimberly-Clark,,,,,,,,,,,,,,,,
36302,36302,25006,Hyundai Heavy Industries Holdings,Hyundai Heavy Industries,,,,,,,,,,,,,,,,
36320,36320,1001,PBF Energy Inc,PBF Energy,,,,,,,,,,,,,,,,
36322,36322,24125,PGE Polska Grupa Energetyczna SA,PGE Polska Grupa Energetyczna,,,,,,,,,,,,,,,,
36327,36327,11416,Brunel International NV,Brunel International N.V.,,,,,,,,,,,,,,,,
36334,36334,30036,Sega Sammy Holdings Inc,Sega Sammy Holdings,,,,,,,,,,,,,,,,
36339,36339,17943,Companhiade Eletricidade do Estado da Bahia - COELBA,Companhiade Eletricidade Do Estado Da Bahia - Coelba,,,,,,,,,,,,,,,,
36354,36354,16927,BEAUTY AESTHETIC LOUNGE LTD,BEAUTY AESTHETIC LOUNGE LIMITED,,,,,,,,,,,,,,,,
36364,36364,12829,OutSystems Careers,OutSystems,,,,,,,,,,,,,,,,
36404,36404,14742,"360 Security Technology, Inc.",360 Security Technology Inc,,,,,,,,,,,,,,,,
36419,36419,9518,Ubiquiti Inc,Ubiquiti,,,,,,,,,,,,,,,,
36433,36433,8428,Fanuc Corporation,Fanuc Corp,,,,,,,,,,,,,,,,
36452,36452,18589,Swiss Steel Holding Ag,Swiss Steel Holding AG,,,,,,,,,,,,,,,,
36492,36492,12449,Izertis SA,Izertis,,,,,,,,,,,,,,,,
36502,36502,1418,Beijing Yuanliu Hongyuan Electronic Technology Co. Ltd,Beijing Yuanliu Hongyuan Electronic Technology,,,,,,,,,,,,,,,,
36507,36507,8299,Shanghai Maling Aquarius Co Ltd,Shanghai Maling Aquarius,,,,,,,,,,,,,,,,
36511,36511,20907,V & M EVENTS LTD,V & M ESTATES LTD,,,,,,,,,,,,,,,,
36528,36528,20162,Grupa Lotos SA,Grupa Lotos,,,,,,,,,,,,,,,,
36530,36530,8005,Gerresheimer Ag,Gerresheimer AG,,,,,,,,,,,,,,,,
36570,36570,4745,BEAUTY ALLURE LIMITED,BEAUTY ALICE LIMITED,,,,,,,,,,,,,,,,
36584,36584,22092,China Feihe Ltd,China Feihe,,,,,,,,,,,,,,,,
36585,36585,18277,Huntington Bancshares Inc,Huntington Bancshares,,,,,,,,,,,,,,,,
36607,36607,27740,Ningbo Tuopu Group Co. Ltd,Ningbo Tuopu Group,,,,,,,,,,,,,,,,
36612,36612,945,GOOD CHAT LTD,GOOD CHAOS LTD,,,,,,,,,,,,,,,,
36613,36613,5964,Noratis AG,Noratis,,,,,,,,,,,,,,,,
36619,36619,9803,Taisho Pharmaceutical Holdings Co Ltd,Taisho Pharmaceutical Holdings,,,,,,,,,,,,,,,,
36634,36634,24894,V & N PROPERTY SERVICES LIMITED,V & N PROPERTIES LIMITED,,,,,,,,,,,,,,,,
36637,36637,13169,Sinopec Shanghai Petrochemical Company Limited,Sinopec Shanghai Petrochemical Company,,,,,,,,,,,,,,,,
36650,36650,35944,LyondellBasell Industries NV,LyondellBasell Industries N.V.,,,,,,,,,,,,,,,,
36671,36671,26274,Liontrust Asset Management plc,Liontrust Asset Management,,,,,,,,,,,,,,,,
36674,36674,20855,Barry Callebaut Ag,Barry Callebaut AG,,,,,,,,,,,,,,,,
36675,36675,33585,Hitachi High-technologies Corporation,Hitachi High-Technologies Corp,,,,,,,,,,,,,,,,
36676,36676,22394,"CoreLogic, Inc.",CoreLogic Inc,,,,,,,,,,,,,,,,
36686,36686,27826,Northern 3 VCT PLC,Northern 2 VCT PLC,,,,,,,,,,,,,,,,
36700,36700,11302,Carrefour Sa,Carrefour SA,,,,,,,,,,,,,,,,
36711,36711,5138,Constellation Energy Corp,Constellation Energy,,,,,,,,,,,,,,,,
36720,36720,18129,Everbright Securities Company,Everbright Securities Co Ltd,,,,,,,,,,,,,,,,
36755,36755,25579,"Kakaku.com, Inc.",Kakaku.com,,,,,,,,,,,,,,,,
36761,36761,35657,Renaissancere Holdings,RenaissanceRe Holdings Ltd,,,,,,,,,,,,,,,,
36779,36779,449,Thai President Foods Public Company Ltd,Thai President Foods Public Company,,,,,,,,,,,,,,,,
36780,36780,16119,Macquarie Group Ltd,Macquarie Group Limited,,,,,,,,,,,,,,,,
36794,36794,19136,Britvic plc,Britvic Plc,,,,,,,,,,,,,,,,
36797,36797,17819,"Indra Sistemas, SA",Indra Sistemas SA,,,,,,,,,,,,,,,,
36821,36821,13590,Kloeckner & Co SE,Kloeckner & Co,,,,,,,,,,,,,,,,
36823,36823,12191,Ahlada Engineers Ltd,Ahlada Engineers,,,,,,,,,,,,,,,,
36827,36827,26315,"HubSpot, Inc.",HubSpot Inc,,,,,,,,,,,,,,,,
36828,36828,25809,ALL ABOUT LOGISTICS LTD,ALL ABOUT LOFTS LIMITED,,,,,,,,,,,,,,,,
36831,36831,23287,Sabre Corporation,Sabre Corp,,,,,,,,,,,,,,,,
36838,36838,15381,Komerční banka Bratislava,Komerční banka,,,,,,,,,,,,,,,,
36850,36850,8698,Tianshui Huatian Technology Co Ltd,Tianshui Huatian Technology,,,,,,,,,,,,,,,,
36858,36858,20274,TPG Telecom Ltd,TPG Telecom Limited,,,,,,,,,,,,,,,,
36886,36886,11199,BAD WOLF (HDM3) LIMITED,BAD WOLF (HDM) LTD,,,,,,,,,,,,,,,,
36895,36895,9906,China Cinda Asset Management Co Ltd,China Cinda Asset Management,,,,,,,,,,,,,,,,
36922,36922,28094,KPIT Technologies Ltd,KPIT Technologies,,,,,,,,,,,,,,,,
36942,36942,3858,Birchcliff Energy Ltd.,Birchcliff Energy,,,,,,,,,,,,,,,,
36944,36944,36543,Caplin Point Laboratories Ltd,Caplin Point Laboratories,,,,,,,,,,,,,,,,
36948,36948,4494,Stryker Corporation,Stryker Corp,,,,,,,,,,,,,,,,
36949,36949,19905,"Becle, S.A.B. de C.V.",Becle SAB de CV,,,,,,,,,,,,,,,,
36950,36950,30111,"Jack Henry & Associates, Inc.",Jack Henry & Associates Inc,,,,,,,,,,,,,,,,
36963,36963,19131,NEW AGE HEALTHCARE LIMITED,NEW AGE HEALTH LTD,,,,,,,,,,,,,,,,
36978,36978,16826,"Sinofibers Technology Co.,Ltd.",Sinofibers Technology,,,,,,,,,,,,,,,,
36983,36983,20978,Pegavision Corp,Pegavision,,,,,,,,,,,,,,,,
36990,36990,26902,PostNL NV,PostNL N.V.,,,,,,,,,,,,,,,,
36994,36994,11698,FOOD AND BEVERAGE MARKETING LTD,FOOD AND BEVERAGE LTD,,,,,,,,,,,,,,,,
37001,37001,5591,Gongwin Biopharm Holdings Co. Ltd,Gongwin Biopharm Holdings,,,,,,,,,,,,,,,,
37006,37006,26996,Shiny Chemical Industrial Company Ltd,Shiny Chemical Industrial Company,,,,,,,,,,,,,,,,
37007,37007,28089,Hindustan Petroleum Corp Ltd,Hindustan Petroleum,,,,,,,,,,,,,,,,
37013,37013,19812,Hutchison Telecommunications (australia) Limited,Hutchison Telecommunications (Australia) Limited,,,,,,,,,,,,,,,,
37040,37040,12542,National Instruments Corporation,National Instruments Corp,,,,,,,,,,,,,,,,
37050,37050,21508,Invesco Ltd.,Invesco Ltd,,,,,,,,,,,,,,,,
37069,37069,13755,FOOD DEVELOPMENT SOLUTIONS LIMITED,FOOD DEVELOPMENT SERVICES LIMITED,,,,,,,,,,,,,,,,
37071,37071,12609,Dangote Cement Plc,Dangote Cement,,,,,,,,,,,,,,,,
37083,37083,22219,Xinjiang Tianshan Cement Co Ltd,Xinjiang Tianshan Cement,,,,,,,,,,,,,,,,
37090,37090,8044,ALL ABOUT NATA LIMITED,ALL ABOUT NAMES LIMITED,,,,,,,,,,,,,,,,
37113,37113,6076,Charles River Laboratories International Inc,Charles River Laboratories International,,,,,,,,,,,,,,,,
37122,37122,1410,Minth Group Ltd,Minth Group,,,,,,,,,,,,,,,,
37127,37127,12167,Chubb Ltd,Chubb Limited,,,,,,,,,,,,,,,,
37139,37139,35341,"Apollo Global Management, Inc.",Apollo Global Management Inc,,,,,,,,,,,,,,,,
37173,37173,18515,Hubei Biocause Pharmaceutical Co Ltd,Hubei Biocause Pharmaceutical,,,,,,,,,,,,,,,,
37174,37174,28398,Sto Express Co Ltd,Sto Express,,,,,,,,,,,,,,,,
37187,37187,19592,R A COLLINS RIGGING LIMITED,R A COLLIN LIMITED,,,,,,,,,,,,,,,,
37191,37191,20292,"American Electric Power Company, Inc.",American Electric Power Company,,,,,,,,,,,,,,,,
37195,37195,26180,Zhongyuan Bank Co Ltd,Zhongyuan Bank,,,,,,,,,,,,,,,,
37199,37199,11632,Canadian Pacific Railway Careers,Canadian Pacific Railway,,,,,,,,,,,,,,,,
37203,37203,24899,Helvetia Holding Ag,Helvetia Holding AG,,,,,,,,,,,,,,,,
37207,37207,9940,Wuling Motors Holdings Ltd,Wuling Motor Holdings,,,,,,,,,,,,,,,,
37213,37213,20320,Caledonia Investments plc,Caledonia Investments,,,,,,,,,,,,,,,,
37258,37258,1908,Bakkavor Group plc,Bakkavor Group Plc,,,,,,,,,,,,,,,,
37268,37268,1120,Investis Holding Sa,Investis Holding SA,,,,,,,,,,,,,,,,
37271,37271,14112,Shanghai Chinafortune Co. Ltd,Shanghai Chinafortune,,,,,,,,,,,,,,,,
37281,37281,29327,Bank of Qingdao Co. Ltd,Bank of Qingdao Co Ltd,,,,,,,,,,,,,,,,
37285,37285,25060,South State Corporation,South State Corp,,,,,,,,,,,,,,,,
37304,37304,10789,Nobia AB,Nobia,,,,,,,,,,,,,,,,
37348,37348,30863,Zheshang Securities Co. Ltd,Zheshang Securities,,,,,,,,,,,,,,,,
37349,37349,14629,Sao Martinho SA,Sao Martinho,,,,,,,,,,,,,,,,
37362,37362,15479,PT Saratoga Investama Sedaya Tbk,PT Saratoga Investama Sedaya,,,,,,,,,,,,,,,,
37367,37367,20828,Treatt plc,Treatt,,,,,,,,,,,,,,,,
37377,37377,26698,Healthpeak Properties Inc,Healthpeak Properties,,,,,,,,,,,,,,,,
37397,37397,22119,"Chongqing Sokon Industry Group Stock Co.,Ltd.",Chongqing Sokon Industry Group Stock,,,,,,,,,,,,,,,,
37422,37422,26471,Formosa Taffeta Co Ltd,Formosa Taffeta,,,,,,,,,,,,,,,,
37432,37432,23994,Itron Inc,Itron,,,,,,,,,,,,,,,,
37433,37433,33338,Cheil Worldwide Inc.,Cheil Worldwide,,,,,,,,,,,,,,,,
37434,37434,19794,PT Indospring Tbk,PT Indosat Tbk,,,,,,,,,,,,,,,,
37445,37445,6223,"Proeduca Altus, SA","Proeduca Altus, S.a.",,,,,,,,,,,,,,,,
37448,37448,12439,ALL ABOUT MUSIC LTD,ALL ABOUT MUGS LTD,,,,,,,,,,,,,,,,
37469,37469,33132,Six Flags Entertainment Corporation,Six Flags Entertainment Corp,,,,,,,,,,,,,,,,
37475,37475,14101,Actic Group AB,Actia Group,,,,,,,,,,,,,,,,
37493,37493,5664,P & A BARTON LIMITED,P & A BARRATT LIMITED,,,,,,,,,,,,,,,,
37496,37496,17480,Mediclinic International Plc,Mediclinic International,,,,,,,,,,,,,,,,
37510,37510,970,FOOD AND WINE LTD,FOOD AND WINE FINCHLEY LTD,,,,,,,,,,,,,,,,
37520,37520,14485,Teleperformance Se,Teleperformance SE,,,,,,,,,,,,,,,,
37540,37540,29239,Nordex Se,Nordex SE,,,,,,,,,,,,,,,,
37548,37548,6723,Stitch Fix Inc,Stitch Fix,,,,,,,,,,,,,,,,
37566,37566,16317,Bobst Group Sa,Bobst Group SA,,,,,,,,,,,,,,,,
37567,37567,12325,Hangzhou Silan Microelectronics Co. Ltd,Hangzhou Silan Microelectronics Co Ltd,,,,,,,,,,,,,,,,
37573,37573,36419,Ubiquiti Inc.,Ubiquiti Inc,,,,,,,,,,,,,,,,
37574,37574,35252,"EPAM Systems, Inc.",EPAM Systems Inc,,,,,,,,,,,,,,,,
37580,37580,31370,SOFTWARE DESIGN & CONSULTING LIMITED,SOFTWARE DESIGN & BUILD LIMITED,,,,,,,,,,,,,,,,
37606,37606,4213,Zhejiang Orient Financial Holdings Group Co. Ltd,Zhejiang Orient Financial Holdings Group,,,,,,,,,,,,,,,,
37623,37623,33974,The Clorox Company,The Clorox Co,,,,,,,,,,,,,,,,
37688,37688,35144,Bharat Sanchar Nigam Limited (bsnl),Bharat Sanchar Nigam,,,,,,,,,,,,,,,,
37693,37693,3724,RELX,RELEX,,,,,,,,,,,,,,,,
37700,37700,22164,Storagevault Canada,"StorageVault Canada, Inc.",,,,,,,,,,,,,,,,
37702,37702,8720,Sirius Real Estate Limited,Sirius Real Estate,,,,,,,,,,,,,,,,
37706,37706,17682,Greencore Group Plc,Greencore Group,,,,,,,,,,,,,,,,
37713,37713,14606,Sunrun Inc,Sunrun,,,,,,,,,,,,,,,,
37719,37719,18883,Loomis,Loom,,,,,,,,,,,,,,,,
37726,37726,8,Lawson Inc,Lawson,,,,,,,,,,,,,,,,
37749,37749,17630,Tractor Supply Co,Tractor Supply,,,,,,,,,,,,,,,,
37757,37757,30127,La Francaise Des Jeux Societe Anonyme,La Francaise Des Jeux SA,,,,,,,,,,,,,,,,
37764,37764,28771,"Imeik Technology Development Co.,ltd.","Imeik Technology Development Co.,Ltd.",,,,,,,,,,,,,,,,
37770,37770,33455,Aurobindo Pharma Ltd,Aurobindo Pharma,,,,,,,,,,,,,,,,
37795,37795,35903,"American Campus Communities, Inc.",American Campus Communities,,,,,,,,,,,,,,,,
37806,37806,34608,Mabuchi Motor Co Ltd,Mabuchi Motor,,,,,,,,,,,,,,,,
37814,37814,30306,Valmont Industries Inc,Valmont Industries,,,,,,,,,,,,,,,,
37830,37830,37769,Energisme SA,Energisa SA,,,,,,,,,,,,,,,,
37843,37843,33240,Flat Glass Group Co. Ltd,Flat Glass Group Co Ltd,,,,,,,,,,,,,,,,
37847,37847,4635,Elisa,Elis Sa,,,,,,,,,,,,,,,,
37857,37857,23705,Steel Authority of India Ltd,Steel Authority of India,,,,,,,,,,,,,,,,
37869,37869,22973,Ogrodosfera.pl,Ogrodosfera,,,,,,,,,,,,,,,,
37871,37871,37727,"Mitsui High-tec, Inc.",Mitsui High-tec,,,,,,,,,,,,,,,,
37881,37881,10088,Beijing Enterprises Holdings Ltd,Beijing Enterprises Holdings,,,,,,,,,,,,,,,,
37894,37894,8526,Mentos,Mentorsity,,,,,,,,,,,,,,,,
37920,37920,36712,Federal Signal Corporation,Federal Signal Corp,,,,,,,,,,,,,,,,
37934,37934,414,"Paychex, Inc.",Paychex Inc,,,,,,,,,,,,,,,,
37939,37939,26879,Technip Energies N.v.,Technip Energies N.V.,,,,,,,,,,,,,,,,
37958,37958,30353,Fundo de Investimento Imobiliario The One Fund,Fundo de Investimento Imobiliario Rio Negro,,,,,,,,,,,,,,,,
37970,37970,34995,"Oriental Land Co., Ltd.",Oriental Land Co. Ltd,,,,,,,,,,,,,,,,
37984,37984,36272,Itochu Corporation,Itochu Corp,,,,,,,,,,,,,,,,
37998,37998,18622,Pirelli & C SpA,Pirelli & C,,,,,,,,,,,,,,,,
38008,38008,28910,"Qorvo, Inc.",Qorvo Inc,,,,,,,,,,,,,,,,
38025,38025,32655,Kosmos Energy Ltd,Kosmos Energy,,,,,,,,,,,,,,,,
38026,38026,24430,Willis Towers Watson PLC,Willis Towers Watson,,,,,,,,,,,,,,,,
38035,38035,9773,Coal India Ltd,Coal India,,,,,,,,,,,,,,,,
38039,38039,2313,Old Mutual Ltd,Old Mutual Limited,,,,,,,,,,,,,,,,
38054,38054,19588,Bank of Tianjin Co Ltd,Bank of Tianjin,,,,,,,,,,,,,,,,
38060,38060,8003,Power Finance Corporation,Power Finance Corp Ltd,,,,,,,,,,,,,,,,
38063,38063,26314,Azimut Holding S.p.A.,Azimut Holding,,,,,,,,,,,,,,,,
38083,38083,18811,Remgro Ltd,Remgro,,,,,,,,,,,,,,,,
38109,38109,21379,Akzo Nobel NV,Akzo Nobel N.V.,,,,,,,,,,,,,,,,
38110,38110,15690,Sinochem International Corporation,Sinochem International Corp,,,,,,,,,,,,,,,,
38114,38114,10864,"Daikin Industries,Ltd.",Daikin Industries Ltd,,,,,,,,,,,,,,,,
38115,38115,35677,Giga-byte Technology,Giga-Byte Technology Co. Ltd,,,,,,,,,,,,,,,,
38118,38118,18008,Telenor ASA,Telenor,,,,,,,,,,,,,,,,
38125,38125,16709,Air France-KLM,Air France,,,,,,,,,,,,,,,,
38130,38130,37113,"Charles River Laboratories International, Inc.",Charles River Laboratories International Inc,,,,,,,,,,,,,,,,
38150,38150,25042,Samsung Electro-mechanics,Samsung Electro-Mechanics Co Ltd,,,,,,,,,,,,,,,,
38160,38160,25032,Alten Sa,Alten SA,,,,,,,,,,,,,,,,
38163,38163,33913,BAD TRIP LIMITED,BAD TRI LTD,,,,,,,,,,,,,,,,
38165,38165,24259,Chuan Hup Holdings Ltd,Chuan Holdings Ltd,,,,,,,,,,,,,,,,
38168,38168,37698,NATIONWIDE MUTUAL INSURANCE COMPANY,NATIONWIDE LIFE INSURANCE COMPANY,,,,,,,,,,,,,,,,
38175,38175,2115,CSL Ltd,CSL Limited,,,,,,,,,,,,,,,,
38189,38189,1686,St. James's Place plc,St. James's Place,,,,,,,,,,,,,,,,
38195,38195,12337,Kirin Holdings Company Ltd,Kirin Holdings Company,,,,,,,,,,,,,,,,
38226,38226,14366,Sosei Group Corporation,Sosei Group Corp,,,,,,,,,,,,,,,,
38242,38242,11025,Royalty Pharma plc,Royalty Pharma Plc,,,,,,,,,,,,,,,,
38244,38244,26838,National Australia Bank Ltd,National Australia Bank Limited,,,,,,,,,,,,,,,,
38262,38262,37719,Loomis AB,Loomis,,,,,,,,,,,,,,,,
38267,38267,15111,"Alpha Metallurgical Resources, Inc.",Alpha Metallurgical Resources Inc,,,,,,,,,,,,,,,,
38274,38274,29601,Booz Allen Hamilton Holding Corporation,Booz Allen Hamilton Holding Corp,,,,,,,,,,,,,,,,
38278,38278,9337,Megaworld Corporation,Megaworld Corp,,,,,,,,,,,,,,,,
38294,38294,21885,The Carlyle Group Inc.,The Carlyle Group,,,,,,,,,,,,,,,,
38297,38297,34930,General Motors Co,General Motors,,,,,,,,,,,,,,,,
38307,38307,23929,BEAUTY BLUSHES LTD,BEAUTY BLUSH LIMITED,,,,,,,,,,,,,,,,
38329,38329,31210,Silgan Holdings Inc,Silgan Holdings,,,,,,,,,,,,,,,,
38343,38343,36250,"Grupo Financiero Inbursa, S.A.B. de C.V.",Grupo Financiero Inbursa SAB de CV,,,,,,,,,,,,,,,,
38359,38359,13403,Aecon Group Inc.,Aecon Group Inc,,,,,,,,,,,,,,,,
38370,38370,24276,Black Knight Inc,Black Knight,,,,,,,,,,,,,,,,
38371,38371,23876,Fevertree Drinks plc,Fevertree Drinks,,,,,,,,,,,,,,,,
38382,38382,20665,ALL ABOUT THE BEAN LTD,ALL ABOUT THE BAIZE LTD,,,,,,,,,,,,,,,,
38398,38398,19638,"Wynn Resorts, Limited",Wynn Resorts Ltd,,,,,,,,,,,,,,,,
38400,38400,22141,RICOH EUROPE PLC,RICOH EUROPE HOLDINGS PLC,,,,,,,,,,,,,,,,
38408,38408,22190,Vilmorin & Cie SA,Vilmorin & Cie,,,,,,,,,,,,,,,,
38413,38413,30783,Zug Estates Holding Ag,Zug Estates Holding AG,,,,,,,,,,,,,,,,
38415,38415,6669,Japan Post Insurance Co. Ltd,Japan Post Insurance Co Ltd,,,,,,,,,,,,,,,,
38430,38430,32442,Ryder System Inc,Ryder System,,,,,,,,,,,,,,,,
38443,38443,21340,Rheinmetall Ag,Rheinmetall AG,,,,,,,,,,,,,,,,
38450,38450,15146,"Rackspace Technology, Inc.",Rackspace Technology Inc,,,,,,,,,,,,,,,,
38460,38460,25340,"Republic Services, Inc.",Republic Services Inc,,,,,,,,,,,,,,,,
38483,38483,21909,Nexans SA,Nexans S.a.,,,,,,,,,,,,,,,,
38493,38493,14941,Genmab AS,Genmab A/s,,,,,,,,,,,,,,,,
38506,38506,12317,Kier Group plc,Kier Group Plc,,,,,,,,,,,,,,,,
38512,38512,30800,Oil India Ltd,Oil India,,,,,,,,,,,,,,,,
38516,38516,6369,GTT COMMUNICATIONS SRL,GTT COMMUNICATIONS ITALY SRL,,,,,,,,,,,,,,,,
38523,38523,35083,Wuhu Token Sciences Co. Ltd,Wuhu Token Sciences,,,,,,,,,,,,,,,,
38525,38525,23027,"POLA Orbis Holdings, Inc.",POLA Orbis Holdings Inc,,,,,,,,,,,,,,,,
38531,38531,28429,BEAUTY & THE BLEND LTD,BEAUTY & THE BEAT LTD,,,,,,,,,,,,,,,,
38540,38540,8424,Acerinox SA,Acerinox,,,,,,,,,,,,,,,,
38541,38541,19186,"Konica Minolta, Inc.",Konica Minolta Inc,,,,,,,,,,,,,,,,
38555,38555,11904,PT Aneka Tambang Tbk,PT Aneka Tambang Persero Tbk,,,,,,,,,,,,,,,,
38556,38556,24110,Ningbo Ronbay New Energy Technology Co. Ltd,Ningbo Ronbay New Energy Technology,,,,,,,,,,,,,,,,
38578,38578,21120,Bright Dairy & Food Co Ltd,Bright Dairy & Food,,,,,,,,,,,,,,,,
38610,38610,12615,CurrentBody,Current,,,,,,,,,,,,,,,,
38635,38635,10877,Unipolsai Assicurazioni,UnipolSai Assicurazioni SpA,,,,,,,,,,,,,,,,
38641,38641,314,Q BOX MEDIA LTD,Q BOX DIGITAL LTD,,,,,,,,,,,,,,,,
38642,38642,23143,Huhtamaki Oyj,Huhtamaki,,,,,,,,,,,,,,,,
38648,38648,17049,Kahoot! Asa,Kahoot! As,,,,,,,,,,,,,,,,
38657,38657,2799,Southwest Securities Co. Ltd,Southwest Securities,,,,,,,,,,,,,,,,
38680,38680,7518,Medacta Group Sa,Medacta Group SA,,,,,,,,,,,,,,,,
38692,38692,17665,Polar Capital Holdings plc,Polar Capital Holdings,,,,,,,,,,,,,,,,
38699,38699,29771,Carvana Co.,Carvana Co,,,,,,,,,,,,,,,,
38705,38705,38681,Jasmine Telecom Systems Public Company Ltd,Jasmine Telecom Systems Public Company,,,,,,,,,,,,,,,,
38711,38711,26541,"Lincoln Electric Holdings, Inc.",Lincoln Electric Holdings Inc,,,,,,,,,,,,,,,,
38720,38720,4480,NextEra Energy Inc,NextEra Energy,,,,,,,,,,,,,,,,
38722,38722,184,"PulteGroup, Inc.",PulteGroup Inc,,,,,,,,,,,,,,,,
38739,38739,14204,"Ricoh Company, Ltd.",Ricoh Company,,,,,,,,,,,,,,,,
38742,38742,4579,Wipro Ltd,Wipro Limited,,,,,,,,,,,,,,,,
38743,38743,10042,Doha Bank QSC,Doha Bank,,,,,,,,,,,,,,,,
38748,38748,26533,Stantec Inc,Stantec,,,,,,,,,,,,,,,,
38753,38753,29764,Edwards Lifesciences Corp,Edwards Lifesciences,,,,,,,,,,,,,,,,
38758,38758,15876,Investec Bank,Investec,,,,,,,,,,,,,,,,
38774,38774,27199,China Transinfo Technology,China TransInfo Technology Co Ltd,,,,,,,,,,,,,,,,
38775,38775,13454,Federal Grid Company of Unified Energy System PJSC,Federal Grid Company Of Unified Energy System,,,,,,,,,,,,,,,,
38776,38776,28373,Comet Holding Spa,Comet Holding Ag,,,,,,,,,,,,,,,,
38795,38795,17904,Alto Pharmacy Careers,Alto Pharmacy,,,,,,,,,,,,,,,,
38797,38797,12291,"Sohgo Security Services Co.,Ltd.",Sohgo Security Services,,,,,,,,,,,,,,,,
38798,38798,2872,Essilorluxottica,EssilorLuxottica SA,,,,,,,,,,,,,,,,
38801,38801,20874,"Uber Technologies, Inc.",Uber Technologies Inc,,,,,,,,,,,,,,,,
38851,38851,26414,Cleveland-Cliffs Inc.,Cleveland-Cliffs Inc,,,,,,,,,,,,,,,,
38893,38893,6550,Seagen Inc,Seagen,,,,,,,,,,,,,,,,
38896,38896,13843,Beijing Jingneng Clean Energy Co Ltd,Beijing Jingneng Clean Energy,,,,,,,,,,,,,,,,
38908,38908,21403,Maxim Integrated Products Inc,Maxim Integrated Products,,,,,,,,,,,,,,,,
38911,38911,31685,Criteo SA,Criteo,,,,,,,,,,,,,,,,
38938,38938,27709,BAD BEHAVIOUR LTD,BAD BEHAVIOUR FILMS LTD,,,,,,,,,,,,,,,,
38942,38942,34253,Intertape Polymer Group Inc.,Intertape Polymer Group Inc,,,,,,,,,,,,,,,,
38947,38947,5824,Winall Hi-tech Seed Co. Ltd,Winall Hi-tech Seed,,,,,,,,,,,,,,,,
38961,38961,16580,Air China Ltd,Air China Ld,,,,,,,,,,,,,,,,
38963,38963,4735,Banca Generali Spa,Banca Generali SpA,,,,,,,,,,,,,,,,
38970,38970,36662,Baillie Gifford Us Growth Trust,Baillie Gifford US Growth Trust plc,,,,,,,,,,,,,,,,
38979,38979,19737,Swedish Orphan Biovitrum Ab (publ),Swedish Orphan Biovitrum AB,,,,,,,,,,,,,,,,
38982,38982,35073,ALL ABOUT RENTALS LTD,ALL ABOUT REHAB LTD,,,,,,,,,,,,,,,,
38985,38985,9822,Guess Inc,Guess,,,,,,,,,,,,,,,,
38991,38991,28443,Pernod Ricard SA,Pernod Ricard,,,,,,,,,,,,,,,,
38996,38996,10695,Noevir Holdings Co. Ltd,Noevir Holdings,,,,,,,,,,,,,,,,
39008,39008,34982,China Construction Bank Corporation,China Construction Bank Corp,,,,,,,,,,,,,,,,
39022,39022,1069,China Shipbuilding Industry Company,China Shipbuilding Industry Co Ltd,,,,,,,,,,,,,,,,
39036,39036,35259,Hugo Boss AG,Hugo Boss,,,,,,,,,,,,,,,,
39044,39044,18476,Deutsche Euroshop Ag,Deutsche EuroShop AG,,,,,,,,,,,,,,,,
39046,39046,34599,Direct Line Insurance Group Plc,Direct Line Insurance Group,,,,,,,,,,,,,,,,
39049,39049,37332,Bentley Systems Inc,Bentley Systems,,,,,,,,,,,,,,,,
39056,39056,38758,Investec Bank Ltd,Investec Bank,,,,,,,,,,,,,,,,
39064,39064,15813,"Nomura Real Estate Master Fund, Inc.",Nomura Real Estate Master Fund,,,,,,,,,,,,,,,,
39075,39075,19189,Fullshare Holdings Ltd,Fullshare Holdings Limited,,,,,,,,,,,,,,,,
39085,39085,18291,Iskenderun Demir ve Celik AS,Iskenderun Demir Ve Celik,,,,,,,,,,,,,,,,
39087,39087,21047,Tsubakimoto Chain Co.,Tsubakimoto Chain Co,,,,,,,,,,,,,,,,
39088,39088,33499,"Japan Tobacco, Inc.",Japan Tobacco Inc,,,,,,,,,,,,,,,,
39089,39089,35802,Pilot Corporation,Pilot Corp,,,,,,,,,,,,,,,,
39098,39098,1367,FOOD AND BEVERAGE LIMITED,FOOD AND BEVERAGE CONSULTANTS LIMITED,,,,,,,,,,,,,,,,
39102,39102,34560,Lululemon Athletica Inc.,Lululemon Athletica Inc,,,,,,,,,,,,,,,,
39119,39119,5290,Yangzhou Yangjie Electronic Technology Co. Ltd,Yangzhou Yangjie Electronic Technology,,,,,,,,,,,,,,,,
39126,39126,6094,Boral Ltd,Boral Limited,,,,,,,,,,,,,,,,
39127,39127,20959,K. Wah International Holdings Ltd,K. Wah International Holdings,,,,,,,,,,,,,,,,
39128,39128,16316,"China Hainan Rubber Industry Group Co., Ltd.",China Hainan Rubber Industry Group Co. Ltd,,,,,,,,,,,,,,,,
39139,39139,28153,People.cn Co. Ltd,People.cn CO. Ltd,,,,,,,,,,,,,,,,
39155,39155,36370,Resorttrust Inc,Resorttrust,,,,,,,,,,,,,,,,
39164,39164,21825,MSCI Inc.,MSCI Inc,,,,,,,,,,,,,,,,
39238,39238,4509,Aritzia Inc,Aritzia,,,,,,,,,,,,,,,,
39257,39257,9453,Hexaware Technologies Ltd,Hexaware Technologies,,,,,,,,,,,,,,,,
39261,39261,27035,Wacker Chemie Ag,Wacker Chemie AG,,,,,,,,,,,,,,,,
39270,39270,7928,Euronet Worldwide Inc,Euronet Worldwide,,,,,,,,,,,,,,,,
39279,39279,36698,Deere & Company,Deere & Co,,,,,,,,,,,,,,,,
39281,39281,19104,Zalando SE,Zalando,,,,,,,,,,,,,,,,
39283,39283,25256,Caterpillar Inc.,Caterpillar Inc,,,,,,,,,,,,,,,,
39304,39304,7385,Carrier Global Corporation,Carrier Global Corp,,,,,,,,,,,,,,,,
39306,39306,36881,Nuance Communications Inc,Nuance Communications Careers,,,,,,,,,,,,,,,,
39330,39330,19742,Wayfair Inc.,Wayfair Inc,,,,,,,,,,,,,,,,
39336,39336,5494,Old Dominion Freight Line Inc,Old Dominion Freight Line,,,,,,,,,,,,,,,,
39342,39342,35761,Pressance Corporation,Pressance Corp,,,,,,,,,,,,,,,,
39344,39344,14656,H A ACCOUNTANCY SERVICES LTD,H A ACCOUNTANCY LIMITED,,,,,,,,,,,,,,,,
39348,39348,36478,Henan Shenhuo Coal & Power Co Ltd,Henan Shenhuo Coal & Power,,,,,,,,,,,,,,,,
39353,39353,17169,"Telefónica, SA",Telefónica Chile SA,,,,,,,,,,,,,,,,
39354,39354,27025,Nippon Light Metal Holdings Company Ltd,Nippon Light Metal Holdings Company,,,,,,,,,,,,,,,,
39364,39364,15078,Covestro AG,Covestro,,,,,,,,,,,,,,,,
39365,39365,14818,ALS Ltd,ALS Limited,,,,,,,,,,,,,,,,
39372,39372,21817,Samsung SDS Co Ltd,Samsung SDS,,,,,,,,,,,,,,,,
39385,39385,30092,La Doria SpA,La Doria S.p.A.,,,,,,,,,,,,,,,,
39394,39394,12349,Zumiez,Zume,,,,,,,,,,,,,,,,
39425,39425,20814,Canadian Natural Resources Ltd,Canadian Natural Resources Limited,,,,,,,,,,,,,,,,
39427,39427,26910,Intouch Holdings Public Company Ltd,Intouch Holdings Public Company,,,,,,,,,,,,,,,,
39431,39431,35739,Arista Networks Inc,Arista Networks,,,,,,,,,,,,,,,,
39439,39439,8481,"S Foods, Inc.",S Foods Inc,,,,,,,,,,,,,,,,
39449,39449,23690,Star Bulk Carriers Corp,Star Bulk Carriers,,,,,,,,,,,,,,,,
39462,39462,39122,Pennon Group Plc,Pennon Group,,,,,,,,,,,,,,,,
39470,39470,36122,"JinkoSolar Holding Co., Ltd.",JinkoSolar Holding Co Ltd,,,,,,,,,,,,,,,,
39483,39483,24528,Ashland Global Holdings Inc.,Ashland Global Holdings,,,,,,,,,,,,,,,,
39493,39493,12420,Q ANNE MIDCO 2 LIMITED,Q ANNE MIDCO 1 LIMITED,,,,,,,,,,,,,,,,
39510,39510,15695,Kering SA,Kering,,,,,,,,,,,,,,,,
39520,39520,4034,Caisse Regionale de Credit Agricole Mutuel de Normandie-Seine,Caisse Regionale de Credit Agricole Mutuel d'Ille-et-Vilaine,,,,,,,,,,,,,,,,
39530,39530,2843,WNS (Holdings) Ltd,WNS (Holdings) Limited,,,,,,,,,,,,,,,,
39531,39531,21640,DP World Ltd,DP World,,,,,,,,,,,,,,,,
39536,39536,36919,CoStar Group Inc,CoStar Group,,,,,,,,,,,,,,,,
39546,39546,35787,Suntory Beverage & Food Ltd,Suntory Beverage & Food,,,,,,,,,,,,,,,,
39551,39551,32200,Hyundai Engineering & Construction Co Ltd,Hyundai Engineering & Construction,,,,,,,,,,,,,,,,
39558,39558,9772,Del Monte Foods,Del Monte,,,,,,,,,,,,,,,,
39559,39559,10633,P & A CONTRACTS LTD,P & A CONTRACTS (UKI) LTD,,,,,,,,,,,,,,,,
39564,39564,10977,Swiss Life Holding Ltd,Swiss Life Holding Ag,,,,,,,,,,,,,,,,
39568,39568,39561,ALL ABOUT ELECTRICALS LIMITED,ALL ABOUT ELECTRIC SERVICES LIMITED,,,,,,,,,,,,,,,,
39570,39570,8301,SJB FINANCES LIMITED,SJA FINANCES LIMITED,,,,,,,,,,,,,,,,
39571,39571,30777,Titan Cement International SA,Titan Cement International,,,,,,,,,,,,,,,,
39587,39587,18715,Downer EDI Ltd,Downer EDI Limited,,,,,,,,,,,,,,,,
39594,39594,9234,Shandong Iron and Steel Company Ltd,Shandong Iron and Steel,,,,,,,,,,,,,,,,
39595,39595,32487,Auto Trader Group plc,Auto Trader Group,,,,,,,,,,,,,,,,
39611,39611,30559,Fraport Ag,Fraport AG,,,,,,,,,,,,,,,,
39612,39612,21128,Soochow Securities Co. Ltd,Soochow Securities,,,,,,,,,,,,,,,,
39618,39618,33624,First Financial Holding Co Ltd,First Financial Holding,,,,,,,,,,,,,,,,
39621,39621,22007,Pt Bank Rakyat Indonesia Agroniaga Tbk,Pt Bank Rakyat Indonesia (persero) Tbk,,,,,,,,,,,,,,,,
39623,39623,27927,Vistra Energy Corp,Vistra Energy,,,,,,,,,,,,,,,,
39631,39631,8174,Svenska Handelsbanken AB,Svenska Handelsbanken,,,,,,,,,,,,,,,,
39640,39640,12759,Premier Investments Ltd,Premier Investments Limited,,,,,,,,,,,,,,,,
39649,39649,29534,Shenzhen Expressway Company,Shenzhen Expressway Co Ltd,,,,,,,,,,,,,,,,
39656,39656,31445,FOOD CONCEPTS ONE LTD,FOOD CONCEPTS LTD,,,,,,,,,,,,,,,,
39668,39668,20818,Louisiana-Pacific Corporation,Louisiana-Pacific Corp,,,,,,,,,,,,,,,,
39676,39676,14328,Kornit Digital Ltd.,Kornit Digital,,,,,,,,,,,,,,,,
39678,39678,14146,Hyatt Hotels Corporation,Hyatt Hotels Corp,,,,,,,,,,,,,,,,
39679,39679,12152,"Hangzhou Changchuan Technology Co.,Ltd",Hangzhou Changchuan Technology,,,,,,,,,,,,,,,,
39685,39685,9369,Rockwool International A/S,Rockwool International A-S,,,,,,,,,,,,,,,,
39693,39693,18183,Hudbay Minerals Inc,Hudbay Minerals,,,,,,,,,,,,,,,,
39703,39703,8407,Lennar Corporation,Lennar Corp,,,,,,,,,,,,,,,,
39704,39704,12552,Chongqing Iron & Steel Company Ltd,Chongqing Iron & Steel Company Limited,,,,,,,,,,,,,,,,
39705,39705,12121,Grainger plc,Grainger,,,,,,,,,,,,,,,,
39716,39716,11460,CaixaBank SA,CaixaBank,,,,,,,,,,,,,,,,
39719,39719,6395,Archingest,Archies,,,,,,,,,,,,,,,,
39720,39720,28631,T & A CONSULTANCY LIMITED,T & A CONSULT LTD,,,,,,,,,,,,,,,,
39723,39723,16544,Schneider Electric india,Schneider Electric Spa,,,,,,,,,,,,,,,,
39730,39730,39394,Zumiez Inc,Zumiez,,,,,,,,,,,,,,,,
39767,39767,29805,Alcoa Corporation,Alcoa Corp,,,,,,,,,,,,,,,,
39775,39775,35905,Farglory Land Development Co. Ltd,Farglory Land Development Co Ltd,,,,,,,,,,,,,,,,
39778,39778,6952,Micro-Star International Co. Ltd,Micro-Star International Co Ltd,,,,,,,,,,,,,,,,
39791,39791,4246,United Utilities Group Plc,United Utilities Group,,,,,,,,,,,,,,,,
39797,39797,20244,Mediamint,Mediamath,,,,,,,,,,,,,,,,
39802,39802,8585,Gartner Inc,Gartner,,,,,,,,,,,,,,,,
39814,39814,39631,Svenska Handelsbanken Ab (publ),Svenska Handelsbanken AB,,,,,,,,,,,,,,,,
39817,39817,7238,Huaxin Cement Co. Ltd,Huaxin Cement Co Ltd,,,,,,,,,,,,,,,,
39821,39821,17469,BEAUTY AND THE BULLZ LTD,BEAUTY AND THE BULLZ LIMITED,,,,,,,,,,,,,,,,
39827,39827,659,United Airlines Inc,"United Airlines Holdings, Inc.",,,,,,,,,,,,,,,,
39836,39836,34755,Yuanta Financial Holding Co. Ltd,Yuanta Financial Holding Co Ltd,,,,,,,,,,,,,,,,
39837,39837,20868,Hengtong Optic-electric,Hengtong Optic-Electric Co. Ltd,,,,,,,,,,,,,,,,
39842,39842,25437,Asia Vital Components Co. Ltd,Asia Vital Components,,,,,,,,,,,,,,,,
39846,39846,10400,Takeda Pharmaceutical Co Ltd,Takeda Pharmaceutical,,,,,,,,,,,,,,,,
39851,39851,22894,Korn Ferry Careers,Korn Ferry,,,,,,,,,,,,,,,,
39860,39860,3790,MOL Hungarian Oil and Gas Plc,MOL Hungarian Oil,,,,,,,,,,,,,,,,
39869,39869,4565,"Faes Farma, SA",Faes Farma,,,,,,,,,,,,,,,,
39881,39881,35741,"Hunan Valin Steel Co., Ltd.",Hunan Valin Steel,,,,,,,,,,,,,,,,
39888,39888,9646,Global Payments Inc.,Global Payments Inc,,,,,,,,,,,,,,,,
39891,39891,38034,Equital Ltd,Equital,,,,,,,,,,,,,,,,
39893,39893,14731,Magazine Luiza SA,Magazine Luiza,,,,,,,,,,,,,,,,
39926,39926,19228,Umicore SA,Umicore NV/SA,,,,,,,,,,,,,,,,
39946,39946,18842,Xinjiang Goldwind Science&technology,Xinjiang Goldwind Science & Technology Co Ltd,,,,,,,,,,,,,,,,
39967,39967,34716,Hemnet Group Ab (publ),Hemnet Group AB,,,,,,,,,,,,,,,,
39973,39973,38297,General Motors Company,General Motors Co,,,,,,,,,,,,,,,,
39976,39976,12059,Raytheon Technologies Corporation,Raytheon Technologies Corp,,,,,,,,,,,,,,,,
39990,39990,13150,Streets,Streetec,,,,,,,,,,,,,,,,
39995,39995,7721,Zijin Mining Group Co Ltd,Zijin Mining Group,,,,,,,,,,,,,,,,
40000,40000,23281,Continental Ag,Continental AG,,,,,,,,,,,,,,,,
40009,40009,14631,Trinseo Plc,Trinseo,,,,,,,,,,,,,,,,
40027,40027,32280,Pinnacle Financial Partners Inc,Pinnacle Financial Partners,,,,,,,,,,,,,,,,
40040,40040,8401,Kyushu Electric Power Company,Kyushu Electric Power Co Inc,,,,,,,,,,,,,,,,
40047,40047,320,Agricultural Bank of China,Agricultural Bank Of China,,,,,,,,,,,,,,,,
40059,40059,26131,"Lumen Technologies, Inc.",Lumen Technologies Inc,,,,,,,,,,,,,,,,
40061,40061,14141,"Marvell Technology, Inc.",Marvell Technology Inc,,,,,,,,,,,,,,,,
40065,40065,1989,L E Lundbergföretagen,L E Lundbergforetagen Ab (publ),,,,,,,,,,,,,,,,
40074,40074,6800,PT Indofood Sukses Makmur Tbk,PT Indofood CBP Sukses Makmur Tbk,,,,,,,,,,,,,,,,
40077,40077,6346,George Weston Limited,George Weston,,,,,,,,,,,,,,,,
40078,40078,6294,"MDU Resources Group, Inc.",MDU Resources Group Inc,,,,,,,,,,,,,,,,
40085,40085,13367,Clear Capital Careers,Clear C2 Careers,,,,,,,,,,,,,,,,
40099,40099,24752,ALL ABOUT CIVILS LTD,ALL ABOUT CIRCLES GROUP LTD,,,,,,,,,,,,,,,,
40117,40117,38243,Vulcan Materials Co,Vulcan Materials,,,,,,,,,,,,,,,,
40138,40138,29204,Calbee Inc,Calbee,,,,,,,,,,,,,,,,
40150,40150,33762,Anhui Conch Cement Company,Anhui Conch Cement,,,,,,,,,,,,,,,,
40160,40160,6371,Voya Financial Careers,Voya Financial,,,,,,,,,,,,,,,,
40169,40169,4483,Pentair Plc,Pentair,,,,,,,,,,,,,,,,
40184,40184,19297,Pfizer India,Pfizer Inc,,,,,,,,,,,,,,,,
40197,40197,26743,Star Charge,Star Channel,,,,,,,,,,,,,,,,
40201,40201,274,Focus Media Information Technology Co Ltd,Focus Media Information Technology,,,,,,,,,,,,,,,,
40204,40204,27338,Qingdao Rural Commercial Bank Corporation,Qingdao Rural Commercial Bank,,,,,,,,,,,,,,,,
40210,40210,33336,Recordati Industria Chimica e Farmaceutica S.p.A.,Recordati Industria Chimica E Farmaceutica Spa,,,,,,,,,,,,,,,,
40220,40220,11862,Tianjin Chase Sun Pharmaceutical Co Ltd,Tianjin Chase Sun Pharmaceutical,,,,,,,,,,,,,,,,
40254,40254,35813,S A ELECTRICAL NORTHAMPTON LIMITED,S A ELECTRICAL CONTRACTORS LTD,,,,,,,,,,,,,,,,
40261,40261,28586,Snam Spa,Snam SpA,,,,,,,,,,,,,,,,
40264,40264,33498,"KBR, Inc.",KBR Inc,,,,,,,,,,,,,,,,
40285,40285,37221,Triangle Tyre Co. Ltd,Triangle Tyre Co Ltd,,,,,,,,,,,,,,,,
40301,40301,2607,Texas Pacific Land Corporation,Texas Pacific Land Corp,,,,,,,,,,,,,,,,
40304,40304,23477,Migros Ticaret AS,Migros Ticaret A.S.,,,,,,,,,,,,,,,,
40308,40308,18318,Yapi ve Kredi Bankasi AS,Yapi ve Kredi Bankasi A.S.,,,,,,,,,,,,,,,,
40312,40312,24897,Centerpoint Energy,"CenterPoint Energy, Inc.",,,,,,,,,,,,,,,,
40333,40333,14714,Zhangzhou Pientzehuang Pharmaceutical. Ltd,Zhangzhou Pientzehuang Pharmaceutical,,,,,,,,,,,,,,,,
40363,40363,28527,"Zimmer Biomet Holdings, Inc.",Zimmer Biomet Holdings Inc,,,,,,,,,,,,,,,,
40370,40370,2180,Builders FirstSource Inc,Builders FirstSource,,,,,,,,,,,,,,,,
40379,40379,3216,Toromont Industries Ltd,Toromont Industries,,,,,,,,,,,,,,,,
40390,40390,29203,"Internet Initiative Japan, Inc.",Internet Initiative Japan Inc,,,,,,,,,,,,,,,,
40399,40399,5814,Tsuruha Holdings Inc,Tsuruha Holdings,,,,,,,,,,,,,,,,
40404,40404,10560,NEW ADVENTURES MIDNIGHT BELL LIMITED,NEW ADVENTURES LIMITED,,,,,,,,,,,,,,,,
40421,40421,28013,Potlatchdeltic Corporation,PotlatchDeltic Corp,,,,,,,,,,,,,,,,
40425,40425,15167,Jiangsu Yulong Steel Pipe Co. Ltd,Jiangsu Yulong Steel Pipe,,,,,,,,,,,,,,,,
40433,40433,16260,East Japan Railway Company,East Japan Railway Co,,,,,,,,,,,,,,,,
40439,40439,8961,Petrofac Ltd,Petrofac Limited,,,,,,,,,,,,,,,,
40468,40468,10452,Under Armour Careers,Under Armour,,,,,,,,,,,,,,,,
40469,40469,18238,Southwest Airlines Co.,Southwest Airlines Co,,,,,,,,,,,,,,,,
40471,40471,27324,"Sumo Logic, Inc.",Sumo Logic,,,,,,,,,,,,,,,,
40479,40479,28249,Foxconn Technology Co Ltd,Foxconn Technology,,,,,,,,,,,,,,,,
40484,40484,18943,Royal Orchid Hotels,Royal Orchid Hotel,,,,,,,,,,,,,,,,
40492,40492,5276,Boston Scientific Corporation,Boston Scientific Corp,,,,,,,,,,,,,,,,
40497,40497,35111,Qinetiq Group,QinetiQ Group plc,,,,,,,,,,,,,,,,
40507,40507,4228,"Bic Camera, Inc.",Bic Camera Inc,,,,,,,,,,,,,,,,
40509,40509,27967,Beijing Enlight Media Co. Ltd,Beijing Enlight Media,,,,,,,,,,,,,,,,
40511,40511,33536,The Estée Lauder Companies Inc.,The Estée Lauder Companies,,,,,,,,,,,,,,,,
40515,40515,21966,Sitronix Technology Corporation,Sitronix Technology Corp,,,,,,,,,,,,,,,,
40516,40516,11501,Barnes Group Inc,Barnes Group,,,,,,,,,,,,,,,,
40530,40530,28009,Danske Bank A-S,Danske Bank,,,,,,,,,,,,,,,,
40531,40531,27078,Costco Wholesale Corp,Costco Wholesale,,,,,,,,,,,,,,,,
40536,40536,16535,Canada Goose Holdings Inc.,Canada Goose Holdings,,,,,,,,,,,,,,,,
40538,40538,1796,Credito Emiliano SpA,Credito Emiliano S.p.A.,,,,,,,,,,,,,,,,
40560,40560,6393,Mold-Tek Technologies Ltd,Mold-Tek Technologies,,,,,,,,,,,,,,,,
40575,40575,26924,FINANCE SYSTEMS LIMITED,FINANCE SYSTEMS INTEGRATION LTD.,,,,,,,,,,,,,,,,
40577,40577,34048,Pretium Resources Inc.,Pretium Resources,,,,,,,,,,,,,,,,
40587,40587,24681,Okamura Corporation,Okamura Corp,,,,,,,,,,,,,,,,
40592,40592,39465,AntarChile SA,AntarChile,,,,,,,,,,,,,,,,
40602,40602,4807,Fujian Anjoy Foods Co. Ltd,Fujian Anjoy Foods Co Ltd,,,,,,,,,,,,,,,,
40647,40647,32747,Fresnillo plc,Fresnillo Plc,,,,,,,,,,,,,,,,
40658,40658,13716,Treasury Intelligences Solutions,Treasury Intelligence Solutions,,,,,,,,,,,,,,,,
40659,40659,8749,BAD MONKEY EXPRESS LTD,BAD MONKEY CONVERSIONS LTD,,,,,,,,,,,,,,,,
40678,40678,23233,Bangkok Life Assurance Public Company Ltd,Bangkok Life Assurance Public Company,,,,,,,,,,,,,,,,
40680,40680,18759,MSA Safety Incorporated,MSA Safety Inc,,,,,,,,,,,,,,,,
40692,40692,33993,"Donaldson Company, Inc.",Donaldson Company,,,,,,,,,,,,,,,,
40698,40698,14139,Bharti Airtel Ltd,Bharti Airtel,,,,,,,,,,,,,,,,
40702,40702,16280,YOUR FINANCES SIMPLIFIED LTD,YOUR FINANCES LIMITED,,,,,,,,,,,,,,,,
40703,40703,34948,AGL Energy Ltd,AGL Energy Limited,,,,,,,,,,,,,,,,
40711,40711,6193,Australia and New Zealand Banking Group Limited,Australia and New Zealand Banking Group,,,,,,,,,,,,,,,,
40712,40712,3103,Cincinnati Financial Corporation,Cincinnati Financial Corp,,,,,,,,,,,,,,,,
40730,40730,2689,"First Solar, Inc.",First Solar Inc,,,,,,,,,,,,,,,,
40740,40740,10783,Secure Energy Services Inc,Secure Energy Services,,,,,,,,,,,,,,,,
40755,40755,6309,Sinocelltech Group Ltd,Sinocelltech Group Limited,,,,,,,,,,,,,,,,
40768,40768,603,Cheniere Energy Partners,Cheniere Energy Inc,,,,,,,,,,,,,,,,
40776,40776,20422,Powertech Technology Inc,Powertech Technology,,,,,,,,,,,,,,,,
40777,40777,28427,SOFTWARE BY DESIGN LTD,SOFTWARE BY ADAM LIMITED,,,,,,,,,,,,,,,,
40792,40792,26075,Kerry Logistics Network Ltd,Kerry Logistics Network,,,,,,,,,,,,,,,,
40798,40798,39018,Century Communities Inc,Century Communities,,,,,,,,,,,,,,,,
40801,40801,26708,Deckers Outdoor Corporation,Deckers Outdoor Corp,,,,,,,,,,,,,,,,
40805,40805,28269,Public Joint Stock Company Pavlovo Bus,Public Joint Stock Company Nauka-Telecom,,,,,,,,,,,,,,,,
40813,40813,24118,"Yunnan Chihong Zinc & Germanium Co., Ltd.",Yunnan Chihong Zinc & Germanium Co. Ltd,,,,,,,,,,,,,,,,
40820,40820,14562,Chocoladefabriken Lindt & Sprüngli AG,Chocoladefabriken Lindt & Sprungli Ag,,,,,,,,,,,,,,,,
40821,40821,14283,Eternal Materials Co. Ltd,Eternal Materials Co Ltd,,,,,,,,,,,,,,,,
40825,40825,24622,ASM International NV,ASM International,,,,,,,,,,,,,,,,
40842,40842,1509,BEAUTY ANGELS UK LIMITED,BEAUTY ANGELS STORE UK LTD,,,,,,,,,,,,,,,,
40849,40849,30133,Gansu Shangfeng Cement Co Ltd,Gansu Shangfeng Cement,,,,,,,,,,,,,,,,
40854,40854,17612,Tiger Brands Ltd,Tiger Brands,,,,,,,,,,,,,,,,
40881,40881,10129,Furukawa Electric Co Ltd,Furukawa Electric,,,,,,,,,,,,,,,,
40883,40883,15674,BEAUTY AT THE CIRCLE LTD,BEAUTY AT THE CHOP LIMITED,,,,,,,,,,,,,,,,
40885,40885,33003,AutoZone Inc,AutoZone,,,,,,,,,,,,,,,,
40910,40910,25646,Novo Nordisk A/s,Novo Nordisk,,,,,,,,,,,,,,,,
40912,40912,9541,Molson Coors Beverage Company,Molson Coors Beverage Co,,,,,,,,,,,,,,,,
40914,40914,35382,Christian Dior SE,Christian Dior,,,,,,,,,,,,,,,,
40936,40936,38904,"Public Joint Stock Company ""ROSSETI South""","Public Joint Stock Company ""ROSSETI Northern Caucasus""",,,,,,,,,,,,,,,,
40939,40939,38061,DCM Holdings Co. Ltd,DCM Holdings Co Ltd,,,,,,,,,,,,,,,,
40942,40942,1865,Shanghai Industrial Holdings Ltd,Shanghai Industrial Holdings,,,,,,,,,,,,,,,,
40943,40943,36195,Guangzhou Port Company Ltd,Guangzhou Port Company,,,,,,,,,,,,,,,,
40944,40944,38773,Equites Property Fund Ltd,Equites Property Fund,,,,,,,,,,,,,,,,
40947,40947,21615,Betsson AB,Betsson,,,,,,,,,,,,,,,,
40955,40955,12810,Australian Foundation Investment Company Limited,Australian Foundation Investment Company,,,,,,,,,,,,,,,,
40958,40958,37007,Hindustan Petroleum Corporation,Hindustan Petroleum Corp Ltd,,,,,,,,,,,,,,,,
40965,40965,37195,Zhongyuan Bank Co. Ltd,Zhongyuan Bank Co Ltd,,,,,,,,,,,,,,,,
40977,40977,6807,Nova Ljubljanska banka dd,Nova Ljubljanska Banka D.d,,,,,,,,,,,,,,,,
40989,40989,15379,"Xi'an Triangle Defense Co.,Ltd",Xi'an Triangle Defense,,,,,,,,,,,,,,,,
40999,40999,22009,Samvardhana Motherson International Ltd,Samvardhana Motherson International,,,,,,,,,,,,,,,,
41004,41004,4083,Taishin Financial Holdings,Taishin Financial Holding Co. Ltd,,,,,,,,,,,,,,,,
41031,41031,20897,"MGM HOLDINGS, INC.","MGM HOLDINGS II, INC.",,,,,,,,,,,,,,,,
41035,41035,6040,Rizhao Port Co Ltd,Rizhao Port,,,,,,,,,,,,,,,,
41045,41045,34427,CLP Holdings Ltd,CLP Holdings,,,,,,,,,,,,,,,,
41047,41047,10512,Deppon Logistics Co Ltd,Deppon Logistics,,,,,,,,,,,,,,,,
41070,41070,32077,Castellum AB,Castellum,,,,,,,,,,,,,,,,
41092,41092,19137,Lancaster Colony Corporation,Lancaster Colony Corp,,,,,,,,,,,,,,,,
41097,41097,39093,Grand Pacific Petrochemical Corporation,Grand Pacific Petrochemical Corp,,,,,,,,,,,,,,,,
41120,41120,24604,Iamgold Corporation,Iamgold Corp,,,,,,,,,,,,,,,,
41122,41122,16434,Nippo Corporation,Nippo Corp,,,,,,,,,,,,,,,,
41128,41128,24312,Alior Bank SA,Alior Bank,,,,,,,,,,,,,,,,
41145,41145,36711,Constellation Energy Corporation,Constellation Energy Corp,,,,,,,,,,,,,,,,
41151,41151,21456,Citizen Watch Co. Ltd,Citizen Watch Co Ltd,,,,,,,,,,,,,,,,
41152,41152,31283,Phison Electronics Corp,Phison Electronics,,,,,,,,,,,,,,,,
41154,41154,34001,Northam Platinum Ltd,Northam Platinum Holdings,,,,,,,,,,,,,,,,
41162,41162,19619,ALL ABOUT THE BOY LTD,ALL ABOUT THE BOUNCE LTD,,,,,,,,,,,,,,,,
41198,41198,26255,Masraf Al Rayan (Q.S.C.),Masraf Al Rayan,,,,,,,,,,,,,,,,
41213,41213,422,Ohsho Food Service Corp,Ohsho Food Service,,,,,,,,,,,,,,,,
41231,41231,5844,"Guizhou Panjiang Refined Coal Co.,Ltd.",Guizhou Panjiang Refined Coal,,,,,,,,,,,,,,,,
41242,41242,9259,"Dominion Energy, Inc.",Dominion Energy Inc,,,,,,,,,,,,,,,,
41254,41254,11776,Volvo Car Gent,Volvo Car,,,,,,,,,,,,,,,,
41268,41268,19533,Bureau Veritas Sa,Bureau Veritas SA,,,,,,,,,,,,,,,,
41278,41278,4626,Bangkok Bank Public Company Ltd,Bangkok Bank Public Company,,,,,,,,,,,,,,,,
41282,41282,27059,"Shaanxi Construction Engineering Group Co.,ltd.",Shaanxi Construction Engineering Group,,,,,,,,,,,,,,,,
41286,41286,7831,H. Lundbeck AS,H. Lundbeck A/s,,,,,,,,,,,,,,,,
41297,41297,2676,Ruchi Soya Industries Limited,Ruchi Soya Industries,,,,,,,,,,,,,,,,
41333,41333,5808,Titan Wind Energy (suzhou),Titan Wind Energy (Suzhou) Co Ltd,,,,,,,,,,,,,,,,
41339,41339,17400,Regions Financial Corp,Regions Financial,,,,,,,,,,,,,,,,
41340,41340,31760,Union Bank Of Taiwan,Union Bank Of India,,,,,,,,,,,,,,,,
41341,41341,24487,Rush Enterprises Inc,Rush Enterprises,,,,,,,,,,,,,,,,
41349,41349,27782,Shriram Transport Finance Company,Shriram Transport Finance,,,,,,,,,,,,,,,,
41376,41376,14556,Plazza AG,Plaza SA,,,,,,,,,,,,,,,,
41382,41382,34607,Schroders Plc,Schroders,,,,,,,,,,,,,,,,
41394,41394,27270,National Beverage Corp,National Beverage,,,,,,,,,,,,,,,,
41411,41411,7426,Kansai Paint Co. Ltd,Kansai Paint Co Ltd,,,,,,,,,,,,,,,,
41419,41419,34117,Sensata Technologies Holding plc,Sensata Technologies Holding,,,,,,,,,,,,,,,,
41433,41433,28282,"Value Grupo Financiero, S.A.B. de C.V.",Value Grupo Financiero Sab De Cv,,,,,,,,,,,,,,,,
41435,41435,24342,DTE Energy Co,DTE Energy,,,,,,,,,,,,,,,,
41466,41466,1114,"Sinyi Realty, Inc.",Sinyi Realty,,,,,,,,,,,,,,,,
41474,41474,32717,Thai Union Group Public Company Ltd,Thai Union Group Public Company,,,,,,,,,,,,,,,,
41478,41478,874,Jiangsu Nata Opto-electronic Material Co. Ltd,Jiangsu Nata Opto-electronic Material,,,,,,,,,,,,,,,,
41484,41484,7275,Boralex Inc.,Boralex,,,,,,,,,,,,,,,,
41488,41488,2769,Hyundai Rotem Company,Hyundai Rotem Co,,,,,,,,,,,,,,,,
41494,41494,7152,CNSIG Inner Mongolia Chemical Industry Co. Ltd,CNSIG Inner Mongolia Chemical Industry Co Ltd,,,,,,,,,,,,,,,,
41498,41498,21394,Bachem Holding Ag,Bachem Holding AG,,,,,,,,,,,,,,,,
41499,41499,1372,NEW AGE DRYCLEANING LTD,NEW AGE DRY CLEANERS LTD,,,,,,,,,,,,,,,,
41506,41506,23621,"BROWN & BROWN, INC.","BROWN & BROWN OF FLORIDA, INC.",,,,,,,,,,,,,,,,
41517,41517,1226,Dividend 15 Split Corp. II,Dividend 15 Split Corp.,,,,,,,,,,,,,,,,
41518,41518,2422,Encompass Health Corporation,Encompass Health Corp,,,,,,,,,,,,,,,,
41528,41528,10297,"Hankyu Hanshin Holdings, Inc.",Hankyu Hanshin Holdings Inc,,,,,,,,,,,,,,,,
41539,41539,24912,Ebro Foods SA,Ebro Foods,,,,,,,,,,,,,,,,
41565,41565,31999,Michelin Group,Michelin,,,,,,,,,,,,,,,,
41569,41569,28039,Yuexiu Property Co Ltd,Yuexiu Property,,,,,,,,,,,,,,,,
41571,41571,11863,ALL ABOUT FEET LTD,ALL ABOUT FEET FRANCHISING LTD,,,,,,,,,,,,,,,,
41574,41574,24445,Poly Property Group Co Ltd,Poly Property Group,,,,,,,,,,,,,,,,
41583,41583,30276,Hyosung Corporation,Hyosung Corp,,,,,,,,,,,,,,,,
41587,41587,40521,Inventec Corp,Inventec,,,,,,,,,,,,,,,,
41604,41604,9185,Viohalco SA,Viohalco S.a.,,,,,,,,,,,,,,,,
41613,41613,38732,Maeda Kosen Co. Ltd,Maeda Kosen,,,,,,,,,,,,,,,,
41640,41640,30187,U AND I IPB LTD,U AND I IPA SC LIMITED,,,,,,,,,,,,,,,,
41653,41653,2656,Ubisoft,Ubis,,,,,,,,,,,,,,,,
41660,41660,28314,"Polaris Bay Group Co.,Ltd.",Polaris Bay Group,,,,,,,,,,,,,,,,
41675,41675,23398,Invincible Investment Corporation,Invincible Investment Corp,,,,,,,,,,,,,,,,
41703,41703,29189,Standard Chartered plc,Standard Chartered Plc,,,,,,,,,,,,,,,,
41708,41708,10421,Ningbo Huaxiang Electronic Co Ltd,Ningbo Huaxiang Electronic,,,,,,,,,,,,,,,,
41721,41721,10632,Precinct Properties New Zealand Ltd,Precinct Properties New Zealand,,,,,,,,,,,,,,,,
41727,41727,20548,ASSA ABLOY AB,ASSA ABLOY,,,,,,,,,,,,,,,,
41734,41734,24689,Fuyo General Lease Co Ltd,Fuyo General Lease,,,,,,,,,,,,,,,,
41737,41737,21581,Bucher Industries Ag,Bucher Industries AG,,,,,,,,,,,,,,,,
41745,41745,15420,Costain Group plc,Costain Group Plc,,,,,,,,,,,,,,,,
41766,41766,21515,Guangzhou Baiyunshan Pharmaceutical Holdings Company,Guangzhou Baiyunshan Pharmaceutical Holdings Co Ltd,,,,,,,,,,,,,,,,
41777,41777,38376,HDFC Bank Ltd,HDFC Bank,,,,,,,,,,,,,,,,
41790,41790,7333,Gibson Energy Inc.,Gibson Energy Inc,,,,,,,,,,,,,,,,
41793,41793,6674,Open Text Corporation,Open Text Corp,,,,,,,,,,,,,,,,
41801,41801,20190,GOOD CORP LTD,GOOD COPY LTD,,,,,,,,,,,,,,,,
41817,41817,35202,"Sumitomo Forestry Co.,",Sumitomo Forestry Co. Ltd,,,,,,,,,,,,,,,,
41819,41819,14446,SOFTWARE AUTOMATION SOLUTIONS LTD,SOFTWARE AUTOMATION INTERNATIONAL LTD,,,,,,,,,,,,,,,,
41830,41830,40172,Julius Baer Group,Julius Baer,,,,,,,,,,,,,,,,
41835,41835,6154,Yunnan Baiyao Group Co Ltd,Yunnan Baiyao Group,,,,,,,,,,,,,,,,
41840,41840,38239,"Colowide Co.,Ltd.",Colowide Co Ltd,,,,,,,,,,,,,,,,
41866,41866,35566,Bridgestone Corporation,Bridgestone Corp,,,,,,,,,,,,,,,,
41868,41868,31544,Z DES LTD,Z DEC LTD,,,,,,,,,,,,,,,,
41869,41869,25749,American Express Co,American Express,,,,,,,,,,,,,,,,
41889,41889,9038,Schindler Group,Schindler,,,,,,,,,,,,,,,,
41900,41900,18267,McKesson Corp,McKesson,,,,,,,,,,,,,,,,
41901,41901,36650,Lyondellbasell Industries,LyondellBasell Industries NV,,,,,,,,,,,,,,,,
41903,41903,2716,New World Development Co Ltd,New World Development,,,,,,,,,,,,,,,,
41904,41904,22883,"Principal Financial Group, Inc.",Principal Financial Group Inc,,,,,,,,,,,,,,,,
41907,41907,35549,Gemdale Corp,Gemdale,,,,,,,,,,,,,,,,
41912,41912,30580,Swisscom Ag,Swisscom AG,,,,,,,,,,,,,,,,
41929,41929,16807,Kumiai Chemical Industry Co. Ltd,Kumiai Chemical Industry Co Ltd,,,,,,,,,,,,,,,,
41937,41937,16141,Z & M CONSULTING LTD,Z & M CONSULTANCY LIMITED,,,,,,,,,,,,,,,,
41947,41947,25846,Exelixis Inc,Exelixis,,,,,,,,,,,,,,,,
41979,41979,40399,"Tsuruha Holdings, Inc.",Tsuruha Holdings Inc,,,,,,,,,,,,,,,,
42029,42029,22149,Intertek Group,Intertek,,,,,,,,,,,,,,,,
42043,42043,7458,Shenzhen Mindray Bio-Medical Electronics Co. Ltd,Shenzhen Mindray Bio-Medical Electronics Co Ltd,,,,,,,,,,,,,,,,
42059,42059,12706,Formosa Chemicals & Fibre Corp,Formosa Chemicals,,,,,,,,,,,,,,,,
42069,42069,31800,Hylink Digital Solutions Careers,Hylink Digital Solution,,,,,,,,,,,,,,,,
42075,42075,41798,Gongniu Group Co. Ltd,Gongniu Group,,,,,,,,,,,,,,,,
42096,42096,26916,StarHub Ltd,StarHub,,,,,,,,,,,,,,,,
42099,42099,7130,ValueMomentum Careers,ValueMomentum,,,,,,,,,,,,,,,,
42120,42120,35178,Toppan Forms Co Ltd,Toppan Forms,,,,,,,,,,,,,,,,
42139,42139,24711,China Animal Husbandry Industry Co. Ltd,China Animal Husbandry Industry,,,,,,,,,,,,,,,,
42145,42145,37516,Kingfa Sci. & Tech. Co. Ltd,Kingfa Sci. & Tech,,,,,,,,,,,,,,,,
42147,42147,17898,ALL ABOUT ACCOUNTING (UK) LIMITED,ALL ABOUT ACCOUNTANTS LIMITED,,,,,,,,,,,,,,,,
42158,42158,40646,Berkshire Hathaway Inc,Berkshire Hathaway Energy Co,,,,,,,,,,,,,,,,
42187,42187,9116,BEAUTY UN LIMITED,BEAUTY LTD,,,,,,,,,,,,,,,,
42192,42192,9049,Sichuan Road & Bridge Co. Ltd,Sichuan Road & Bridge,,,,,,,,,,,,,,,,
42242,42242,25850,Bora Pharmaceuticals Co. Ltd,Bora Pharmaceuticals,,,,,,,,,,,,,,,,
42255,42255,34838,Avanza Bank Holding Ab (publ),Avanza Bank Holding AB,,,,,,,,,,,,,,,,
42290,42290,10061,Yuexiu Property Company Ltd,Yuexiu Property Company,,,,,,,,,,,,,,,,
42299,42299,36802,Infosys BPM,Infosys,,,,,,,,,,,,,,,,
42306,42306,10488,"Komeri Co.,Ltd.",Komeri Co Ltd,,,,,,,,,,,,,,,,
42312,42312,7945,Unisys Corporation,Unisys Corp,,,,,,,,,,,,,,,,
42329,42329,31751,Zimplats Holdings Limited,Zimplats Holdings,,,,,,,,,,,,,,,,
42353,42353,34913,Hongfa Technology Co. Ltd,Hongfa Technology,,,,,,,,,,,,,,,,
42357,42357,631,Aptus Value Housing Finance India Limited,Aptus Value Housing Finance India,,,,,,,,,,,,,,,,
42373,42373,19559,Century Pacific Food Inc,Century Pacific Food,,,,,,,,,,,,,,,,
42378,42378,28777,Tiffany & Co.,Tiffany & Co,,,,,,,,,,,,,,,,
42399,42399,5620,Minor International Public Company Ltd,Minor International Public Company,,,,,,,,,,,,,,,,
42400,42400,23532,Chugai Pharmaceutical Co. Ltd,Chugai Pharmaceutical Co Ltd,,,,,,,,,,,,,,,,
42406,42406,40946,Continental Hotels,Continental Hospitals,,,,,,,,,,,,,,,,
42407,42407,26845,Hainan Poly Pharm. Co. Ltd,Hainan Poly Pharm,,,,,,,,,,,,,,,,
42411,42411,30221,"Qingdao Gaoce Technology Co., Ltd",Qingdao Gaoce Technology Co. Ltd,,,,,,,,,,,,,,,,
42415,42415,6443,Johnson Electric Holdings Limited,Johnson Electric Holdings,,,,,,,,,,,,,,,,
42431,42431,35287,Jointown Pharmaceutical Group Co. Ltd,Jointown Pharmaceutical Group Co Ltd,,,,,,,,,,,,,,,,
42446,42446,34390,China Molybdenum Co Ltd,China Molybdenum,,,,,,,,,,,,,,,,
42458,42458,26716,Crescent Point Energy Corp,Crescent Point Energy,,,,,,,,,,,,,,,,
42459,42459,15068,Nankai Electric Railway Co Ltd,Nankai Electric Railway,,,,,,,,,,,,,,,,
42461,42461,27256,Hokuhoku Financial Group Inc,Hokuhoku Financial Group,,,,,,,,,,,,,,,,
42462,42462,31051,China Mobile (HK),China Mobile,,,,,,,,,,,,,,,,
42478,42478,36869,Mando Corporation,Mando Corp,,,,,,,,,,,,,,,,
42486,42486,4404,Eastman Chemical Company,Eastman Chemical Co,,,,,,,,,,,,,,,,
42494,42494,28834,Centrica plc,Centrica Plc,,,,,,,,,,,,,,,,
42498,42498,22139,Saudi Arabian Oil Company (saudi Aramco),Saudi Arabian Oil Company (Saudi Aramco),,,,,,,,,,,,,,,,
42500,42500,19984,Consolidated Contractors Company,Consolidated Contractors Co,,,,,,,,,,,,,,,,
42503,42503,3094,Rollins Inc,Rollins,,,,,,,,,,,,,,,,
42512,42512,36099,Dr. Martens plc,Dr. Martens Plc,,,,,,,,,,,,,,,,
42515,42515,14769,Gaztransport & Technigaz Sa,Gaztransport & Technigaz SA,,,,,,,,,,,,,,,,
42525,42525,9663,Valvoline Inc.,Valvoline Inc,,,,,,,,,,,,,,,,
42528,42528,4304,Invitation Homes Inc.,Invitation Homes Inc,,,,,,,,,,,,,,,,
42539,42539,29067,"Evergy, Inc.",Evergy Inc,,,,,,,,,,,,,,,,
42562,42562,40911,United Energy Group Ltd,United Energy Group,,,,,,,,,,,,,,,,
42565,42565,36326,Bharat Electronics Ltd,Bharat Electronics,,,,,,,,,,,,,,,,
42567,42567,34429,H & A PROPERTIES MANAGEMENT LTD,H & A PROPERTIES LTD,,,,,,,,,,,,,,,,
42593,42593,5349,Business-intelligence of Oriental Nations Corp Ltd,Business-intelligence Of Oriental Nations Corporation,,,,,,,,,,,,,,,,
42624,42624,36002,BEAUTY AND BUBBLES LTD,BEAUTY AND BUBBLES LONDON LTD,,,,,,,,,,,,,,,,
42648,42648,26586,Albemarle Corp,Albemarle,,,,,,,,,,,,,,,,
42662,42662,3363,"Harmonic Drive Systems, Inc.",Harmonic Drive Systems,,,,,,,,,,,,,,,,
42669,42669,37684,Mitsubishi Estate,Mitsubishi Elevators,,,,,,,,,,,,,,,,
42674,42674,33496,Elecnor SA,Elecnor,,,,,,,,,,,,,,,,
42683,42683,40301,Texas Pacific Land Trust,Texas Pacific Land Corporation,,,,,,,,,,,,,,,,
42694,42694,9729,ALL ABOUT TELECOMS LTD,ALL ABOUT TECHNOLOGY LTD,,,,,,,,,,,,,,,,
42704,42704,10631,Yangtze Optical Fibre And Cable Joint Stock Ltd Company,Yangtze Optical Fibre And Cable Joint Stock Company,,,,,,,,,,,,,,,,
42708,42708,11106,Ryohin Keikaku Co. Ltd,Ryohin Keikaku Co Ltd,,,,,,,,,,,,,,,,
42710,42710,31804,FINANCE SOLUTIONS PLUS LIMITED,FINANCE SOLUTIONS LIMITED,,,,,,,,,,,,,,,,
42711,42711,39195,Hon Hai Precision Industry Co Ltd,Hon Hai Precision Industry,,,,,,,,,,,,,,,,
42717,42717,5660,Mercedes-Benz Group AG,Mercedes-Benz Group,,,,,,,,,,,,,,,,
42725,42725,23257,Beijing Capital International Airport Company,Beijing Capital International Airport Co Ltd,,,,,,,,,,,,,,,,
42734,42734,25058,"Regeneron Pharmaceuticals, Inc.",Regeneron Pharmaceuticals Inc,,,,,,,,,,,,,,,,
42735,42735,36058,Flexium Interconnect Inc,Flexium Interconnect,,,,,,,,,,,,,,,,
42749,42749,29690,Electrocomponents plc,Electrocomponents,,,,,,,,,,,,,,,,
42753,42753,38484,National Gas & Industerialization Co.,National Gas & Industerialization,,,,,,,,,,,,,,,,
42760,42760,14743,Cummins India,Cummins Inc.,,,,,,,,,,,,,,,,
42763,42763,41908,Korea Zinc Co Ltd,Korea Zinc,,,,,,,,,,,,,,,,
42783,42783,21969,Technogym Spa,Technogym S.p.A.,,,,,,,,,,,,,,,,
42785,42785,28450,SOFTWARE EVOLUTION LIMITED,SOFTWARE EVERYTHING LIMITED,,,,,,,,,,,,,,,,
42793,42793,17163,Granite Construction Inc,Granite Construction,,,,,,,,,,,,,,,,
42805,42805,21476,Fubon Financial Holding Co Ltd,Fubon Financial Holding,,,,,,,,,,,,,,,,
42814,42814,13201,Advance Auto Parts Inc,Advance Auto Parts,,,,,,,,,,,,,,,,
42816,42816,28175,Antong Holdings Co. Ltd,Antong Holdings,,,,,,,,,,,,,,,,
42821,42821,32297,Hindustan Aeronautics Limited,Hindustan Aeronautics,,,,,,,,,,,,,,,,
42828,42828,36108,Contact Energy Limited,Contact Energy,,,,,,,,,,,,,,,,
42831,42831,33323,Associated Banc-corp,Associated Banc-Corp,,,,,,,,,,,,,,,,
42833,42833,14211,"Senao International Co., Ltd.",Senao International Co. Ltd,,,,,,,,,,,,,,,,
42846,42846,38151,Paragon Banking Group plc,Paragon Banking Group,,,,,,,,,,,,,,,,
42857,42857,16801,Las Vegas Sands Corp,Las Vegas Sands,,,,,,,,,,,,,,,,
42860,42860,12155,Carnival Corporation & Plc,Carnival Corporation,,,,,,,,,,,,,,,,
42874,42874,854,Smiths Group plc,Smiths Group Plc,,,,,,,,,,,,,,,,
42883,42883,24359,Electric Connector Technology Co. Ltd,Electric Connector Technology,,,,,,,,,,,,,,,,
42897,42897,7189,Splunk Inc.,Splunk Inc,,,,,,,,,,,,,,,,
42910,42910,12176,Z & S (PORTSLADE) LTD,Z & S (POETS) LTD,,,,,,,,,,,,,,,,
42947,42947,36715,ATS Automation Tooling Systems Inc.,ATS Automation Tooling Systems Inc,,,,,,,,,,,,,,,,
42949,42949,2906,First Citizens Bank Careers,First Citizens Bank (NC),,,,,,,,,,,,,,,,
42955,42955,42327,ASE Technology Holding Co Ltd,ASE Technology Holding,,,,,,,,,,,,,,,,
42956,42956,15354,Porsche Automobil Holding SE,Porsche Automobil Holding,,,,,,,,,,,,,,,,
42959,42959,14961,Outokumpu Oyj,Outokumpu,,,,,,,,,,,,,,,,
42966,42966,36367,Asiana Airlines Inc,Asiana Airlines,,,,,,,,,,,,,,,,
42982,42982,11168,Rotork plc,Rotork,,,,,,,,,,,,,,,,
42987,42987,29181,Sweco AB,Sweco,,,,,,,,,,,,,,,,
42988,42988,14245,Innolux Corp,Innolux,,,,,,,,,,,,,,,,
43000,43000,15533,CNP Assurances SA,CNP Assurances,,,,,,,,,,,,,,,,
43007,43007,23738,Z CONSULTING LTD,Z CONSULTANTS LIMITED,,,,,,,,,,,,,,,,
43011,43011,41009,Synovus Financial Corp,Synovus Financial,,,,,,,,,,,,,,,,
43012,43012,4092,"Continental Resources, Inc.",Continental Resources Inc,,,,,,,,,,,,,,,,
43013,43013,37149,Global-e Online Ltd,Global-e Online,,,,,,,,,,,,,,,,
43015,43015,38505,China Merchants Port Holdings,China Merchants Port Group,,,,,,,,,,,,,,,,
43027,43027,40732,Vcanbio Cell & Gene Engineering Ltd,Vcanbio Cell & Gene Engineering Corp Ltd,,,,,,,,,,,,,,,,
43030,43030,39306,"Nuance Communications, Inc.",Nuance Communications Inc,,,,,,,,,,,,,,,,
43036,43036,41900,McKesson Corporation,McKesson Corp,,,,,,,,,,,,,,,,
43062,43062,38891,"Guangxi Wuzhou Zhongheng Group Co.,Ltd",Guangxi Wuzhou Zhongheng Group,,,,,,,,,,,,,,,,
43063,43063,22473,Shin Kong Financial Holding Co Ltd,Shin Kong Financial Holding,,,,,,,,,,,,,,,,
43066,43066,13584,Traktech Construccions Mecàniques,Traktech Construccions Mecaniques,,,,,,,,,,,,,,,,
43076,43076,39270,"Euronet Worldwide, Inc.",Euronet Worldwide Inc,,,,,,,,,,,,,,,,
43078,43078,9847,Banca Monte dei Paschi di Siena S.p.A.,Banca Monte dei Paschi di Siena,,,,,,,,,,,,,,,,
43082,43082,16364,Edenred SA,Edenred,,,,,,,,,,,,,,,,
43086,43086,17700,Safilo,Safi,,,,,,,,,,,,,,,,
43094,43094,35970,Phillips 66 Partners Lp,Phillips 66 Partners LP,,,,,,,,,,,,,,,,
43102,43102,21881,"East Money Information Co.,Ltd.",East Money Information,,,,,,,,,,,,,,,,
43131,43131,24243,Bath & Body Works Inc,Bath & Body Works,,,,,,,,,,,,,,,,
43133,43133,34618,Bank Millennium SA,Bank Millennium S.a.,,,,,,,,,,,,,,,,
43147,43147,19288,Air Transport Services Group Inc,Air Transport Services Group,,,,,,,,,,,,,,,,
43150,43150,25978,Sinopec Kantons Holdings Ltd,Sinopec Kantons Holdings,,,,,,,,,,,,,,,,
43159,43159,11811,Adecco Group Ag,Adecco Group AG,,,,,,,,,,,,,,,,
43190,43190,37159,Z A CATERING LIMITED,Z A CARE LIMITED,,,,,,,,,,,,,,,,
43216,43216,709,Wuxi Shangji Automation Co. Ltd,Wuxi Shangji Automation,,,,,,,,,,,,,,,,
43232,43232,20042,China Nonferrous Mining Corporation Limited,China Nonferrous Mining Corp Ltd,,,,,,,,,,,,,,,,
43242,43242,27596,Dunelm Group plc,Dunelm Group,,,,,,,,,,,,,,,,
43249,43249,20256,Bolsas y Mercados Españoles (BME),Bolsas y Mercados Espanoles SHMSF SA,,,,,,,,,,,,,,,,
43256,43256,1789,Provident Financial Services,Provident Financial,,,,,,,,,,,,,,,,
43258,43258,37200,Kenedix Residential Next Investment Corporation,Kenedix Residential Next Investment Corp,,,,,,,,,,,,,,,,
43260,43260,21111,SVOA Public Company Ltd,SVI Public Company Ltd,,,,,,,,,,,,,,,,
43278,43278,33630,Great Eastern Holdings Ltd,Great Eastern Holdings,,,,,,,,,,,,,,,,
43279,43279,24156,FATER SPA,FATA SPA,,,,,,,,,,,,,,,,
43283,43283,4819,Brickworks,Brickwork Ratings,,,,,,,,,,,,,,,,
43296,43296,42462,China Mobile Ltd,China Mobile (HK),,,,,,,,,,,,,,,,
43324,43324,28786,"Okta, Inc.",Okta Inc,,,,,,,,,,,,,,,,
43338,43338,25501,Microsoft Corporation,Microsoft Corp,,,,,,,,,,,,,,,,
43339,43339,6569,Pat Mcgrath Labs,Pat McGrath Labs,,,,,,,,,,,,,,,,
43352,43352,19719,Humanwell Healthcare (group),Humanwell Healthcare,,,,,,,,,,,,,,,,
43355,43355,32736,Lotte Shopping Co Ltd,Lotte Shopping,,,,,,,,,,,,,,,,
43373,43373,24186,"Delta Electronics, Inc.",Delta Electronics Inc,,,,,,,,,,,,,,,,
43381,43381,21804,Acciona SA,Acciona,,,,,,,,,,,,,,,,
43392,43392,6204,AerCap Holdings N.V.,AerCap Holdings,,,,,,,,,,,,,,,,
43402,43402,19464,Dentsply Sirona Inc,Dentsply Sirona,,,,,,,,,,,,,,,,
43406,43406,14934,Aramis Group Sas,Aramis Group SAS,,,,,,,,,,,,,,,,
43428,43428,9903,"Sacyr, SA",Sacyr SA,,,,,,,,,,,,,,,,
43438,43438,26843,Shanghai Jahwa United Co Ltd,Shanghai Jahwa United,,,,,,,,,,,,,,,,
43455,43455,36537,Lion Corporation,Lion Corp,,,,,,,,,,,,,,,,
43457,43457,35067,Samsung Electronics Co Ltd,Samsung Electronics,,,,,,,,,,,,,,,,
43463,43463,18785,NRG Energy Inc,NRG Energy,,,,,,,,,,,,,,,,
43478,43478,7702,Jumia Technologies Ag,Jumia Technologies AG,,,,,,,,,,,,,,,,
43500,43500,586,NETSCOUT SYSTEMS UK HOLDINGS LIMITED,NETSCOUT SYSTEMS (UK) LIMITED,,,,,,,,,,,,,,,,
43506,43506,23866,Exscientia Plc,Exscientia AI,,,,,,,,,,,,,,,,
43540,43540,26275,Taiwan Secom Co. Ltd,Taiwan Secom,,,,,,,,,,,,,,,,
43548,43548,39565,"Chongqing Water Group Co.,Ltd.",Chongqing Water Group,,,,,,,,,,,,,,,,
43551,43551,15736,Spar Nord Bank A/s,Spar Nord Bank A-S,,,,,,,,,,,,,,,,
43557,43557,4966,Melrose Industries PLC,Melrose Industries,,,,,,,,,,,,,,,,
43560,43560,5301,"Twitter, Inc.",Twitter Inc,,,,,,,,,,,,,,,,
43564,43564,14296,Unipol Gruppo SpA,Unipol Gruppo S.p.A.,,,,,,,,,,,,,,,,
43567,43567,27895,Abdullah Al-Othaim Markets Company,Abdullah Al-Othaim Markets Co,,,,,,,,,,,,,,,,
43571,43571,33964,NEW ACRE ELECTRICAL LIMITED,NEW ACRE ELECTRICAL HOLDINGS LIMITED,,,,,,,,,,,,,,,,
43592,43592,12694,Dechra Pharmaceuticals plc,Dechra Pharmaceuticals,,,,,,,,,,,,,,,,
43610,43610,75,"El Puerto de Liverpool, S.A.B. de C.V.",El Puerto de Liverpool SAB de CV,,,,,,,,,,,,,,,,
43614,43614,4716,DISH Network Corporation,DISH Network Corp,,,,,,,,,,,,,,,,
43626,43626,23001,"Suzhou Jinhong Gas Co., Ltd.",Suzhou Jinhong Gas Co. Ltd,,,,,,,,,,,,,,,,
43633,43633,24635,Calumet Specialty Products Partners LP,Calumet Specialty Products Partners,,,,,,,,,,,,,,,,
43645,43645,43319,Banco Santander Mexico SA,Banco Santander Mexico,,,,,,,,,,,,,,,,
43655,43655,13152,Shanghai Lujiazui Finance & Trade Zone Development Co Ltd,Shanghai Lujiazui Finance & Trade Zone Development,,,,,,,,,,,,,,,,
43656,43656,20817,Regency Centers Corporation,Regency Centers Corp,,,,,,,,,,,,,,,,
43663,43663,25249,Qianhe Condiment and Food Co. Ltd,Qianhe Condiment And Food,,,,,,,,,,,,,,,,
43666,43666,673,BEAUTY AESTHETICS LTD,BEAUTY AESTHETICS FIFE LIMITED,,,,,,,,,,,,,,,,
43670,43670,33877,Mahindra Cie Automotive,Mahindra CIE Automotive,,,,,,,,,,,,,,,,
43679,43679,35916,Meridian Energy Limited,Meridian Energy,,,,,,,,,,,,,,,,
43701,43701,10715,"Tyson Foods, Inc.",Tyson Foods Inc,,,,,,,,,,,,,,,,
43710,43710,3598,Mitsui Chemicals Inc,Mitsui Chemicals,,,,,,,,,,,,,,,,
43718,43718,9693,Avaya Holdings Corp,Avaya Holdings,,,,,,,,,,,,,,,,
43720,43720,25196,Legato Health Technology,Legato Health Technologies,,,,,,,,,,,,,,,,
43721,43721,24211,Buyingpeers,BuyingPeers,,,,,,,,,,,,,,,,
43722,43722,19014,Dolce & Gabbana Holding Srl,Dolce & Gabbana,,,,,,,,,,,,,,,,
43732,43732,25639,Public Power Corporation SA,Public Power Corporation S.a.,,,,,,,,,,,,,,,,
43764,43764,35444,Altarea Sca,Altarea SCA,,,,,,,,,,,,,,,,
43771,43771,41971,Cablevisión Holding SA,Cablevision Holding,,,,,,,,,,,,,,,,
43772,43772,18518,STMicroelectronics NV,STMicroelectronics N.V.,,,,,,,,,,,,,,,,
43776,43776,22703,Xinyi Glass Holdings Ltd,Xinyi Glass Holdings,,,,,,,,,,,,,,,,
43782,43782,35198,Meta Platforms (facebook),Meta Platforms,,,,,,,,,,,,,,,,
43796,43796,29165,"Tohoku Electric Power Company, Inc.",Tohoku Electric Power Company,,,,,,,,,,,,,,,,
43797,43797,19738,Eisai Co. Ltd,Eisai Co Ltd,,,,,,,,,,,,,,,,
43802,43802,6347,Vetropack Holding Ag,Vetropack Holding AG,,,,,,,,,,,,,,,,
43804,43804,43758,Kenedix Retail Reit Corporation,Kenedix Retail REIT Corp,,,,,,,,,,,,,,,,
43808,43808,36541,MTN Group Ltd,MTN Group,,,,,,,,,,,,,,,,
43812,43812,9899,"Sumitomo Mitsui Trust Holdings, Inc.",Sumitomo Mitsui Trust Holdings Inc,,,,,,,,,,,,,,,,
43841,43841,11112,Salzgitter Ag,Salzgitter AG,,,,,,,,,,,,,,,,
43860,43860,7808,Centene,Centelon,,,,,,,,,,,,,,,,
43869,43869,3344,Reliance Steel & Aluminum Co.,Reliance Steel & Aluminum Co,,,,,,,,,,,,,,,,
43875,43875,37974,Shanghai Bright Power Semiconductor Co. Ltd,Shanghai Bright Power Semiconductor,,,,,,,,,,,,,,,,
43897,43897,4144,Yamaguchi Financial Group,Yamaguchi Financial,,,,,,,,,,,,,,,,
43904,43904,39433,Leroy Seafood Group Asa,Leroy Seafood Group ASA,,,,,,,,,,,,,,,,
43929,43929,3785,Sotetsu Holdings Inc,Sotetsu Holdings,,,,,,,,,,,,,,,,
43938,43938,7686,Takeda Pharmaceutical Company Limited,Takeda Pharmaceutical Company,,,,,,,,,,,,,,,,
43944,43944,33390,Hibbett Sports Inc,Hibbett Sports,,,,,,,,,,,,,,,,
43961,43961,2121,Vedanta Resources Ltd,Vedanta Resources,,,,,,,,,,,,,,,,
43963,43963,17302,Tongkun Group Co. Ltd,Tongkun Group,,,,,,,,,,,,,,,,
43980,43980,21654,G5 Entertainment AB,G5 Entertainment,,,,,,,,,,,,,,,,
44003,44003,16582,Daiwabo Holdings Co. Ltd,Daiwabo Holdings Co Ltd,,,,,,,,,,,,,,,,
44017,44017,42081,Helios Towers plc,Helios Towers,,,,,,,,,,,,,,,,
44026,44026,24602,VirtusLab,Virtus Lab,,,,,,,,,,,,,,,,
44027,44027,34630,Shimamura Co Ltd,Shimamura,,,,,,,,,,,,,,,,
44028,44028,37961,Matsumotokiyoshi Holdings Co. Ltd,Matsumotokiyoshi Holdings Co Ltd,,,,,,,,,,,,,,,,
44030,44030,34666,China Youzan Ltd,China Youzan,,,,,,,,,,,,,,,,
44038,44038,21317,Berger Paints India Ltd,Berger Paints India,,,,,,,,,,,,,,,,
44040,44040,16591,Radico Khaitan Ltd,Radico Khaitan,,,,,,,,,,,,,,,,
44041,44041,16300,First Tractor Company Ltd,First Tractor Company,,,,,,,,,,,,,,,,
44048,44048,30043,Teva Pharmaceuticals,Teva Pharmaceutical Industries Ltd,,,,,,,,,,,,,,,,
44050,44050,20140,"Opko Health, Inc.",Opko Health,,,,,,,,,,,,,,,,
44065,44065,9178,Spirax-sarco Engineering,Spirax-Sarco Engineering plc,,,,,,,,,,,,,,,,
44067,44067,13993,The Walt Disney Company,The Walt Disney Co,,,,,,,,,,,,,,,,
44071,44071,5602,CreditAccess Grameen Ltd,CreditAccess Grameen,,,,,,,,,,,,,,,,
44074,44074,17401,Wintrust Financial Corporation,Wintrust Financial Corp,,,,,,,,,,,,,,,,
44079,44079,40351,Cargotec Corp,Cargotec,,,,,,,,,,,,,,,,
44082,44082,22785,Tokyo Electron Limited,Tokyo Electron Device Ltd,,,,,,,,,,,,,,,,
44089,44089,15676,Wesfarmers Ltd,Wesfarmers Limited,,,,,,,,,,,,,,,,
44096,44096,8925,Brookfield Asset Management Reinsurance Partners Ltd.,Brookfield Asset Management Inc.,,,,,,,,,,,,,,,,
44120,44120,8134,Jinchuan Group International Resources Co. Ltd,Jinchuan Group International Resources,,,,,,,,,,,,,,,,
44135,44135,5556,Kuala Lumpur Kepong Bhd,Kuala Lumpur Kepong Berhad,,,,,,,,,,,,,,,,
44168,44168,9149,eBay Inc.,eBay Inc,,,,,,,,,,,,,,,,
44173,44173,12735,S A HALE LIMITED,S A HALAL MEAT LIMITED,,,,,,,,,,,,,,,,
44174,44174,19129,Zhefu Holding Group Co Ltd,Zhefu Holding Group,,,,,,,,,,,,,,,,
44176,44176,39780,Kobayashi Pharmaceutical Co. Ltd,Kobayashi Pharmaceutical Co Ltd,,,,,,,,,,,,,,,,
44183,44183,8423,Daqo New Energy Corp.,Daqo New Energy,,,,,,,,,,,,,,,,
44193,44193,2225,Chiesi Farmaceutici SpA,Chiesi Farmaceutici S.p.A.,,,,,,,,,,,,,,,,
44212,44212,44167,Burlington Stores Inc,Burlington Stores,,,,,,,,,,,,,,,,
44224,44224,28205,Liberty Latin America Ltd,Liberty Latin America,,,,,,,,,,,,,,,,
44236,44236,41854,Ackermans & van Haaren,Ackermans & Van Haaren Nv,,,,,,,,,,,,,,,,
44242,44242,179,Ta Chen Stainless Pipe Co. Ltd,Ta Chen Stainless Pipe Co Ltd,,,,,,,,,,,,,,,,
44249,44249,41707,China Lesso Group Holdings Ltd,China Lesso Group Holdings,,,,,,,,,,,,,,,,
44261,44261,19477,Quanta Services Inc,Quanta Services,,,,,,,,,,,,,,,,
44265,44265,27771,Indian Railway Catering & Tourism Corporation Limited,Indian Railway Catering & Tourism Corp Ltd,,,,,,,,,,,,,,,,
44266,44266,7320,Jiangsu Lihua Animal Husbandry Co Ltd,Jiangsu Lihua Animal Husbandry,,,,,,,,,,,,,,,,
44279,44279,1057,H & A MOTORSS LTD,H & A MOTOR SERVICES LTD,,,,,,,,,,,,,,,,
44283,44283,10724,China Power International Development Ltd,China Power International Development,,,,,,,,,,,,,,,,
44289,44289,6637,Sanyo Chemical Industries Ltd,Sanyo Chemical Industries,,,,,,,,,,,,,,,,
44291,44291,24213,Arkema SA,Arkema,,,,,,,,,,,,,,,,
44297,44297,37555,BEAUTY AND SYMMETRY LTD,BEAUTY AND SURGERY LTD,,,,,,,,,,,,,,,,
44298,44298,38440,Orient Group Incorporation,Orient Group InCorp,,,,,,,,,,,,,,,,
44299,44299,1140,National Healthcare Corporation,National HealthCare Corp,,,,,,,,,,,,,,,,
44308,44308,2188,ALL ABOUT THE HAIR LTD,ALL ABOUT THE GRIND LTD,,,,,,,,,,,,,,,,
44318,44318,13551,Relativity Space,Relativity,,,,,,,,,,,,,,,,
44332,44332,22529,Fujikura Ltd,Fujikura,,,,,,,,,,,,,,,,
44333,44333,32060,Chongqing Zhifei Biological Products Co. Ltd,Chongqing Zhifei Biological Products Co Ltd,,,,,,,,,,,,,,,,
44350,44350,41867,Zoetis Inc.,Zoetis Inc,,,,,,,,,,,,,,,,
44362,44362,28988,ALL ABOUT THE BENJAMINS LTD,ALL ABOUT THE BEES LIMITED,,,,,,,,,,,,,,,,
44366,44366,20412,Austevoll Seafood Asa,Austevoll Seafood ASA,,,,,,,,,,,,,,,,
44386,44386,12764,Swiss Re AG,Swiss Re,,,,,,,,,,,,,,,,
44390,44390,25242,Guangzhou R&f Properties,Guangzhou R&F Properties Co Ltd,,,,,,,,,,,,,,,,
44393,44393,25160,Central Pattana Public Company Ltd,Central Pattana Public Company,,,,,,,,,,,,,,,,
44407,44407,18620,GlaxoSmithKline Consumer Healthcare Ltd,GlaxoSmithKline Consumer Healthcare,,,,,,,,,,,,,,,,
44413,44413,33696,"First Industrial Realty Trust, Inc.",First Industrial Realty Trust,,,,,,,,,,,,,,,,
44432,44432,39685,Rockwool International A/s,Rockwool International A/S,,,,,,,,,,,,,,,,
44434,44434,23191,GOOD AS NEW LTD,GOOD AS NEW GIFTS LTD,,,,,,,,,,,,,,,,
44440,44440,1466,GOOD BROTHERS LTD,GOOD BROTHERS BOYD LTD,,,,,,,,,,,,,,,,
44450,44450,24159,"Reinsurance Group of America, Incorporated",Reinsurance Group of America Inc,,,,,,,,,,,,,,,,
44451,44451,29792,Aozora Bank Ltd,Aozora Bank,,,,,,,,,,,,,,,,
44457,44457,2773,Will Semiconductor Co Ltd,Will Semiconductor,,,,,,,,,,,,,,,,
44471,44471,1882,Topsports International Holdings Ltd,Topsports International Holdings,,,,,,,,,,,,,,,,
44480,44480,40211,ArcelorMittal Careers,ArcelorMittal,,,,,,,,,,,,,,,,
44487,44487,36308,BEAUTY AND THE BOOK LTD,BEAUTY AND THE BLOG LTD,,,,,,,,,,,,,,,,
44509,44509,25935,BEAUTY BEAN LTD,BEAUTY BE LTD,,,,,,,,,,,,,,,,
44515,44515,17837,"Western Mining Co.,Ltd",Western Mining Co Ltd,,,,,,,,,,,,,,,,
44519,44519,9958,Amada Co. Ltd,Amada Co Ltd,,,,,,,,,,,,,,,,
44541,44541,21688,New Oriental Education & Technology Group Inc.,New Oriental Education & Technology Group,,,,,,,,,,,,,,,,
44542,44542,6301,Heidelberger Druckmaschinen AG,Heidelberger Druckmaschinen,,,,,,,,,,,,,,,,
44543,44543,42956,Porsche Automobil Holding Se,Porsche Automobil Holding SE,,,,,,,,,,,,,,,,
44555,44555,41849,Odakyu Electric Railway Co Ltd,Odakyu Electric Railway,,,,,,,,,,,,,,,,
44580,44580,26450,F&C Investment Trust plc,F&C Investment Trust PLC,,,,,,,,,,,,,,,,
44594,44594,25594,Hubei Xingfa Chemicals Group Co. Ltd,Hubei Xingfa Chemicals Group Co Ltd,,,,,,,,,,,,,,,,
44598,44598,34443,Freudenberg Group Careers,Freudenberg Group,,,,,,,,,,,,,,,,
44608,44608,22692,Jyske Bank A/s,Jyske Bank A/S,,,,,,,,,,,,,,,,
44609,44609,7791,Dell Technologies Inc.,Dell Technologies Inc,,,,,,,,,,,,,,,,
44610,44610,11758,Nano Dimension Ltd.,Nano Dimension,,,,,,,,,,,,,,,,
44620,44620,42709,Marriott International Inc,Marriott International,,,,,,,,,,,,,,,,
44629,44629,41880,84codes.com,84codes,,,,,,,,,,,,,,,,
44630,44630,43891,McKinsey & Company Careers,McKinsey & Company,,,,,,,,,,,,,,,,
44631,44631,33386,Anglogold Ashanti,AngloGold Ashanti Ltd,,,,,,,,,,,,,,,,
44632,44632,34528,Fidelity National Information Services,Fidelity National Information (FIS),,,,,,,,,,,,,,,,
44644,44644,19039,"Shinhan Financial Group Co., Ltd.",Shinhan Financial Group Co Ltd,,,,,,,,,,,,,,,,
44658,44658,26206,Levi Strauss & Co.,Levi Strauss & Co,,,,,,,,,,,,,,,,
44665,44665,27500,Primary Health Properties,Primary Health Centre,,,,,,,,,,,,,,,,
44671,44671,37796,BAD MONKEY PICTURES LIMITED,BAD MONKEY MEDIA LIMITED,,,,,,,,,,,,,,,,
44683,44683,15440,"The Goldman Sachs Group, Inc.",The Goldman Sachs Group Inc,,,,,,,,,,,,,,,,
44704,44704,18629,Kureha Corporation,Kureha Corp,,,,,,,,,,,,,,,,
44706,44706,41196,China Jushi Co. Ltd,China Jushi,,,,,,,,,,,,,,,,
44714,44714,28097,Parsons Corporation,Parsons Corp,,,,,,,,,,,,,,,,
44723,44723,39207,"Chongqing Sanfeng Environment Group Corp., Ltd.",Chongqing Sanfeng Environment Group Corp Ltd,,,,,,,,,,,,,,,,
44725,44725,34353,"Planet Fitness, Inc.",Planet Fitness,,,,,,,,,,,,,,,,
44732,44732,40385,Elastic N.V.,Elastic,,,,,,,,,,,,,,,,
44733,44733,27495,Samsung C&t Corporation,Samsung C&T Corp,,,,,,,,,,,,,,,,
44735,44735,39256,Offshore Oil Engineering Co. Ltd,Offshore Oil Engineering,,,,,,,,,,,,,,,,
44748,44748,13578,Rogers Communications Inc,Rogers Communications,,,,,,,,,,,,,,,,
44781,44781,12624,ALL ABOUT CHIMNEYS LIMITED,ALL ABOUT CHILDREN LIMITED,,,,,,,,,,,,,,,,
44785,44785,43788,Guangdong Investment Ltd,Guangdong Investment,,,,,,,,,,,,,,,,
44792,44792,24059,Nielsen Holdings plc,Nielsen Holdings,,,,,,,,,,,,,,,,
44804,44804,17734,Centrais Eletricas Brasileiras S.A.,Centrais Eletricas Brasileiras - Eletrobras,,,,,,,,,,,,,,,,
44808,44808,5420,"Bumble, Inc.",Bumble Inc.,,,,,,,,,,,,,,,,
44825,44825,37549,Marvell Technology Group,Marvell Technology,,,,,,,,,,,,,,,,
44830,44830,2891,Stadler Rail Ag,Stadler Rail AG,,,,,,,,,,,,,,,,
44832,44832,28845,Atos Syntel,Atos Se,,,,,,,,,,,,,,,,
44837,44837,32745,China Enterprise Company Ltd,China Enterprise Company,,,,,,,,,,,,,,,,
44851,44851,37148,Tokyo Electric Power Co Holdings Inc,Tokyo Electric Power,,,,,,,,,,,,,,,,
44861,44861,33920,Aluminum Corporation of China Limited,Aluminum Corporation Of China,,,,,,,,,,,,,,,,
44868,44868,13008,Paytm Money Careers,Paytm Money,,,,,,,,,,,,,,,,
44869,44869,40154,Chesapeake Energy Corp,Chesapeake Energy,,,,,,,,,,,,,,,,
44871,44871,5081,INTESA SANPAOLO SPA,INTESA SANPAOLO ASSICURA SPA,,,,,,,,,,,,,,,,
44883,44883,2406,Imerys SA,Imerys,,,,,,,,,,,,,,,,
44885,44885,23552,Twilio Inc.,Twilio Inc,,,,,,,,,,,,,,,,
44891,44891,7589,Sapphire Foods India Limited,Sapphire Foods India,,,,,,,,,,,,,,,,
44912,44912,15681,"Machvision, Inc.",Machvision,,,,,,,,,,,,,,,,
44914,44914,9719,SOFTWARE CONSULTANTS (TETBURY) LIMITED,SOFTWARE CONSULTANT LTD,,,,,,,,,,,,,,,,
44918,44918,4568,"Ryman Hospitality Properties, Inc.",Ryman Hospitality Properties,,,,,,,,,,,,,,,,
44921,44921,34771,Penguin International Ltd,Penguin International,,,,,,,,,,,,,,,,
44925,44925,34168,SOFTWARE ENGINEERING TECHNOLOGY LTD,SOFTWARE ENGINEERING SOLUTIONS LTD,,,,,,,,,,,,,,,,
44949,44949,4014,ZIM Integrated Shipping Services Ltd,ZIM Integrated Shipping Services,,,,,,,,,,,,,,,,
44953,44953,27054,ALL ABOUT THE DOOR LIMITED,ALL ABOUT THE DOLL LIMITED,,,,,,,,,,,,,,,,
44964,44964,32279,Brady Corporation,Brady Corp,,,,,,,,,,,,,,,,
44971,44971,23517,"Global Dominion Access, SA",Global Dominion Access SA,,,,,,,,,,,,,,,,
44974,44974,20183,Argosy Property Ltd,Argosy Property,,,,,,,,,,,,,,,,
44977,44977,2830,China Risun Group Ltd,China Risun Group Limited,,,,,,,,,,,,,,,,
44989,44989,6186,Telefonica Brasil SA,Telefonica Brasil,,,,,,,,,,,,,,,,
44992,44992,22562,Cullen/Frost Bankers Inc,Cullen/Frost Bankers,,,,,,,,,,,,,,,,
45006,45006,40224,Sigdo Koppers SA,Sigdo Koppers S.a.,,,,,,,,,,,,,,,,
45009,45009,30660,"Uipath, Inc.","UiPath, Inc.",,,,,,,,,,,,,,,,
45012,45012,8444,Shikun & Binui Ltd,Shikun & Binui,,,,,,,,,,,,,,,,
45017,45017,15338,Supalai Public Company Ltd,Supalai Public Company,,,,,,,,,,,,,,,,
45028,45028,35130,Q AND QUAINT LIMITED,Q AND Q LIMITED,,,,,,,,,,,,,,,,
45029,45029,8857,Anupam Rasayan India Limited,Anupam Rasayan India,,,,,,,,,,,,,,,,
45056,45056,29398,Altria Group Inc,Altria Group,,,,,,,,,,,,,,,,
45076,45076,33528,BEAUTY BEAT LTD,BEAUTY BEAT EVENTS LTD,,,,,,,,,,,,,,,,
45083,45083,7352,Engie Brasil Energia SA,Engie Brasil Energia,,,,,,,,,,,,,,,,
45091,45091,5023,Megmilk Snow Brand Co Ltd,Megmilk Snow Brand,,,,,,,,,,,,,,,,
45112,45112,33771,NEW AGE CARE SOLUTIONS LIMITED,NEW AGE CARE LIMITED,,,,,,,,,,,,,,,,
45113,45113,22652,Jason Furniture (hangzhou),Jason Furniture,,,,,,,,,,,,,,,,
45115,45115,23374,Zhen Ding Technology Holding Ltd,Zhen Ding Technology Holding,,,,,,,,,,,,,,,,
45122,45122,8074,Beijing North Star Company,Beijing North Star Co Ltd,,,,,,,,,,,,,,,,
45150,45150,11240,Atlassian Corporation Plc,Atlassian Corporation,,,,,,,,,,,,,,,,
45153,45153,7164,Arch Capital Group Ltd,Arch Capital Group,,,,,,,,,,,,,,,,
45156,45156,38408,Vilmorin & Cie Sa,Vilmorin & Cie SA,,,,,,,,,,,,,,,,
45160,45160,31391,Royal Boskalis Westminster NV,Royal Boskalis Westminster N.V.,,,,,,,,,,,,,,,,
45167,45167,15161,Colbun SA,Colbun,,,,,,,,,,,,,,,,
45169,45169,33119,Intesa Sanpaolo SpA,Intesa Sanpaolo S.p.A.,,,,,,,,,,,,,,,,
45170,45170,21351,Public Joint Stock Company United Credit Systems,Public Joint Stock Company United Aircraft Corp,,,,,,,,,,,,,,,,
45176,45176,15326,Teradata Corporation,Teradata Corp,,,,,,,,,,,,,,,,
45198,45198,28415,Toshiba Tec Corporation,Toshiba Tec Corp,,,,,,,,,,,,,,,,
45201,45201,37458,Bechtle AG,Bechtle,,,,,,,,,,,,,,,,
45205,45205,172,Ansaldo Energia Spa,Ansaldo Energia,,,,,,,,,,,,,,,,
45206,45206,11619,Bank of Communications Co. Ltd,Bank of Communications Co Ltd,,,,,,,,,,,,,,,,
45217,45217,7342,Anhui Anke Biotechnology (group),Anhui Anke Biotechnology,,,,,,,,,,,,,,,,
45220,45220,28248,World Fuel Services Corp,World Fuel Services,,,,,,,,,,,,,,,,
45256,45256,28254,Ezaki Glico Co. Ltd,Ezaki Glico Co Ltd,,,,,,,,,,,,,,,,
45258,45258,37835,Telecom Egypt Company,Telecom Egypt Co,,,,,,,,,,,,,,,,
45267,45267,16940,"Amadeus IT Group, SA",Amadeus IT Group SA,,,,,,,,,,,,,,,,
45279,45279,20674,United Microelectronics Corp,United Microelectronics,,,,,,,,,,,,,,,,
45292,45292,35834,"NVR, Inc.",NVR Inc,,,,,,,,,,,,,,,,
45298,45298,31258,Daido Steel Co Ltd,Daido Steel,,,,,,,,,,,,,,,,
45299,45299,21682,Skyworth Group Ltd,Skyworth Group,,,,,,,,,,,,,,,,
45307,45307,23649,American Financial Group Inc,American Financial Group,,,,,,,,,,,,,,,,
45326,45326,35948,Northern Star Resources Limited,Northern Star Resources,,,,,,,,,,,,,,,,
45328,45328,20234,"Pescanova, SA",Pescanova,,,,,,,,,,,,,,,,
45346,45346,21190,Haci Omer Sabanci Holding AS,Haci Omer Sabanci Holding,,,,,,,,,,,,,,,,
45349,45349,40910,Novo Nordisk AS,Novo Nordisk A/s,,,,,,,,,,,,,,,,
45360,45360,12567,Alamo Group Inc,Alamo Group,,,,,,,,,,,,,,,,
45362,45362,32896,3i Group plc,3i Group Plc,,,,,,,,,,,,,,,,
45363,45363,2489,Materion Corporation,Materion Corp,,,,,,,,,,,,,,,,
45367,45367,38405,Bank Of America Corporation,Bank Of America,,,,,,,,,,,,,,,,
45379,45379,3410,"Medpace Holdings, Inc.",Medpace Holdings,,,,,,,,,,,,,,,,
45380,45380,22948,Tsumura & Co.,Tsumura & Co,,,,,,,,,,,,,,,,
45382,45382,39922,Verizon Communications Inc,Verizon Communications,,,,,,,,,,,,,,,,
45403,45403,7615,Carter's Inc,Carter's,,,,,,,,,,,,,,,,
45404,45404,37243,Universal Display Corporation,Universal Corporation,,,,,,,,,,,,,,,,
45409,45409,14302,Dynamo6,Dynamo,,,,,,,,,,,,,,,,
45423,45423,31886,Beijing Sanyuan Foods Co Ltd,Beijing Sanyuan Foods,,,,,,,,,,,,,,,,
45429,45429,1350,Jamieson Wellness Inc.,Jamieson Wellness,,,,,,,,,,,,,,,,
45430,45430,20971,Exelon Corporation,Exelon Corp,,,,,,,,,,,,,,,,
45456,45456,5476,Orient Securities Company,Orient Securities Co Ltd,,,,,,,,,,,,,,,,
45458,45458,23147,Sun Life Financial Inc,Sun Life Financial Careers,,,,,,,,,,,,,,,,
45468,45468,24508,Equinix Inc,Equinix,,,,,,,,,,,,,,,,
45474,45474,10309,Bank of Queensland Ltd,Bank of Queensland Limited,,,,,,,,,,,,,,,,
45479,45479,28980,Assurant Inc,Assurant,,,,,,,,,,,,,,,,
45489,45489,29482,Core Laboratories N.V.,Core Laboratories,,,,,,,,,,,,,,,,
45491,45491,10373,Shenzhen Kangtai Biological Products Co. Ltd,Shenzhen Kangtai Biological Products,,,,,,,,,,,,,,,,
45499,45499,40729,"Shenzhen Hymson Laser Intelligent Equipments Co.,ltd.","Shenzhen Hymson Laser Intelligent Equipments Co.,Ltd.",,,,,,,,,,,,,,,,
45503,45503,34681,Man Wah Holdings Ltd,Man Wah Holdings,,,,,,,,,,,,,,,,
45529,45529,25387,Alfresa Holdings Corporation,Alfresa Holdings Corp,,,,,,,,,,,,,,,,
45541,45541,32464,Toyota Tsusho Corporation,Toyota Tsusho Corp,,,,,,,,,,,,,,,,
45552,45552,26356,"Schnitzer Steel Industries, Inc.",Schnitzer Steel Industries,,,,,,,,,,,,,,,,
45561,45561,32298,Prima Meat Packers Ltd,Prima Meat Packers,,,,,,,,,,,,,,,,
45565,45565,16437,ABTOT Mark & Anläggning AB,ABTOT Mark & Anläggning,,,,,,,,,,,,,,,,
45570,45570,27925,Arla Foods amba,Arla Foods,,,,,,,,,,,,,,,,
45573,45573,32619,Flutter Entertainment plc,Flutter Entertainment,,,,,,,,,,,,,,,,
45604,45604,42520,GOOD BUSINESS SUSTAINABILITY LTD,GOOD BUSINESS SOLUTIONS LTD,,,,,,,,,,,,,,,,
45610,45610,37370,Agfa-Gevaert NV,Agfa-Gevaert,,,,,,,,,,,,,,,,
45616,45616,32863,Sorgenia Spa,Sorgenia Power Spa,,,,,,,,,,,,,,,,
45620,45620,1174,Tenaga Nasional Berhad,Tenaga Nasional,,,,,,,,,,,,,,,,
45622,45622,23380,Iwatani Corporation,Iwatani Corp,,,,,,,,,,,,,,,,
45630,45630,13343,Ircon International Ltd,Ircon International,,,,,,,,,,,,,,,,
45637,45637,28954,Nexumstp,NexumStp,,,,,,,,,,,,,,,,
45643,45643,40040,"Kyushu Electric Power Company, Inc.",Kyushu Electric Power Company,,,,,,,,,,,,,,,,
45646,45646,36788,SOFTWARE FOR SALES LIMITED,SOFTWARE FOR PEOPLE LIMITED,,,,,,,,,,,,,,,,
45664,45664,164,Savills plc,Savills Plc,,,,,,,,,,,,,,,,
45665,45665,44996,Pepkor Holdings Ltd,Pepkor Holdings,,,,,,,,,,,,,,,,
45670,45670,36038,India Power Corporation,India Power Corp Ltd,,,,,,,,,,,,,,,,
45674,45674,31344,Banco do Nordeste do Brasil SA,Banco do Nordeste SA,,,,,,,,,,,,,,,,
45684,45684,16313,Scout24 Ag,Scout24 AG,,,,,,,,,,,,,,,,
45686,45686,9952,Synnex Technology International Corporation,Synnex Technology International Corp,,,,,,,,,,,,,,,,
45688,45688,8871,Falck Renewables S.p.A.,Falck Renewables,,,,,,,,,,,,,,,,
45692,45692,13328,"Topicus.com, Inc.",Topicus.com Inc.,,,,,,,,,,,,,,,,
45693,45693,15960,Naturgy Energy Group SA,Naturgy Energy Group,,,,,,,,,,,,,,,,
45700,45700,18951,"Waste Management, Inc.",Waste Management Inc,,,,,,,,,,,,,,,,
45713,45713,27478,Hydro One Ltd,Hydro One Limited,,,,,,,,,,,,,,,,
45716,45716,23303,Evoqua Water Technologies Corp,Evoqua Water Technologies,,,,,,,,,,,,,,,,
45719,45719,4549,CSR Ltd,CSR Limited,,,,,,,,,,,,,,,,
45726,45726,40242,China Eastern Airlines Corp Ltd,China Eastern Airlines,,,,,,,,,,,,,,,,
45731,45731,4412,Toyoda Gosei Co. Ltd,Toyoda Gosei Co Ltd,,,,,,,,,,,,,,,,
45756,45756,34013,SOFTWARE BUSINESS PARTNERS LIMITED,SOFTWARE BUSINESS LTD,,,,,,,,,,,,,,,,
45786,45786,31703,Smith & Nephew plc,Smith & Nephew Plc,,,,,,,,,,,,,,,,
45787,45787,33078,Ultrapar Participações SA,Ultrapar Participacoes SA,,,,,,,,,,,,,,,,
45797,45797,14209,BEAUTY BLOOM LTD,BEAUTY BLOOM CLINIC LTD,,,,,,,,,,,,,,,,
45800,45800,24006,Stillfront Group AB,Stillfront Group,,,,,,,,,,,,,,,,
45814,45814,16245,Dongfang Electric Corporation,Dongfang Electric Corp Ltd,,,,,,,,,,,,,,,,
45825,45825,7628,Textron Inc.,Textron Inc,,,,,,,,,,,,,,,,
45827,45827,30982,RCS MediaGroup S.p.A.,RCS MediaGroup,,,,,,,,,,,,,,,,
45839,45839,44900,Shandong Weigao Group Medical Polymer Company,Shandong Weigao Group Medical Polymer Co Ltd,,,,,,,,,,,,,,,,
45853,45853,30197,Shenzhen Changhong Technology Co. Ltd,Shenzhen Changhong Technology,,,,,,,,,,,,,,,,
45854,45854,27043,Alfa Laval AB,Alfa Laval,,,,,,,,,,,,,,,,
45874,45874,8290,Banco Santander Rio SA,Banco Santander Rio,,,,,,,,,,,,,,,,
45879,45879,37287,Globe Life Inc,Globe Life,,,,,,,,,,,,,,,,
45881,45881,37027,Ipsos SA,Ipsos,,,,,,,,,,,,,,,,
45885,45885,38826,Avangrid Inc,Avangrid,,,,,,,,,,,,,,,,
45887,45887,3526,Harel Insurance Investments and Financial Services Ltd,Harel Insurance Investments & Financial Services Ltd,,,,,,,,,,,,,,,,
45888,45888,24649,Zhongmin Energy Co. Ltd,Zhongmin Energy,,,,,,,,,,,,,,,,
45898,45898,16955,Restaurant Brands International Inc,Restaurant Brands International,,,,,,,,,,,,,,,,
45903,45903,42860,Carnival Corporation & plc,Carnival Corporation & Plc,,,,,,,,,,,,,,,,
45910,45910,25408,Sekisui House Reit,Sekisui House Ltd,,,,,,,,,,,,,,,,
45912,45912,17233,"Chart Industries, Inc.",Chart Industries Inc,,,,,,,,,,,,,,,,
45922,45922,19046,Harbin Bank Co Ltd,Harbin Bank,,,,,,,,,,,,,,,,
45933,45933,10329,Mahindra & Mahindra Financial Services Ltd,Mahindra & Mahindra Financial Services,,,,,,,,,,,,,,,,
45968,45968,4324,Nufarm Ltd,Nufarm Limited,,,,,,,,,,,,,,,,
45979,45979,37749,Tractor Supply Company,Tractor Supply Co,,,,,,,,,,,,,,,,
45986,45986,37060,Tosoh Corporation,Tosoh Corp,,,,,,,,,,,,,,,,
45991,45991,29401,ALL ABOUT HU LIMITED,ALL ABOUT HR LIMITED,,,,,,,,,,,,,,,,
45996,45996,6847,BT Group plc,BT Group Plc,,,,,,,,,,,,,,,,
46001,46001,38494,GOOD AS GOLD LONDON LIMITED,GOOD AS GOLD LIMITED,,,,,,,,,,,,,,,,
46004,46004,12145,Toho Gas Co. Ltd,Toho Gas Co Ltd,,,,,,,,,,,,,,,,
46016,46016,16159,PT Batavia Prosperindo Trans Tbk,PT Batavia Prosperindo Finance Tbk,,,,,,,,,,,,,,,,
46025,46025,28794,Bravida Holding Ab (publ),Bravida Holding AB,,,,,,,,,,,,,,,,
46032,46032,20122,Readly International AB,Readly International,,,,,,,,,,,,,,,,
46034,46034,14779,Global Industrial Company,Global Industrial Co,,,,,,,,,,,,,,,,
46035,46035,5473,Dassault Systèmes,Dassault Systemes SE,,,,,,,,,,,,,,,,
46037,46037,30908,Rolls-Royce Holdings plc,Rolls-Royce Holdings Plc,,,,,,,,,,,,,,,,
46041,46041,1400,Shanghai Microport Endovascular Medtech,Shanghai MicroPort Endovascular MedTech Co. Ltd,,,,,,,,,,,,,,,,
46053,46053,44081,Alternative Credit Investments plc,Alternative Credit Investments,,,,,,,,,,,,,,,,
46057,46057,14088,Brembo SpA,Brembo S.p.A.,,,,,,,,,,,,,,,,
46063,46063,11471,Ultratech Cement Ltd- Rmc Div,Ultratech Cement,,,,,,,,,,,,,,,,
46065,46065,15196,Jizhong Energy Resources Co Ltd,Jizhong Energy Resources,,,,,,,,,,,,,,,,
46069,46069,10292,Linc AB,Linc,,,,,,,,,,,,,,,,
46071,46071,30976,Saudi Arabian Mining Co,Saudi Arabian Mining,,,,,,,,,,,,,,,,
46080,46080,3238,Rohto Pharmaceutical Co Ltd,Rohto Pharmaceutical,,,,,,,,,,,,,,,,
46096,46096,43231,Marico Ltd,Marico,,,,,,,,,,,,,,,,
46097,46097,23185,Dah Sing Financial Holdings Ltd,Dah Sing Financial Holdings,,,,,,,,,,,,,,,,
46098,46098,21942,Tabcorp Holdings Ltd,Tabcorp Holdings Limited,,,,,,,,,,,,,,,,
46101,46101,3407,China Tourism Group Duty Free Corporation Limited,China Tourism Group Duty Free Corp Ltd,,,,,,,,,,,,,,,,
46111,46111,39639,Bio-Techne Corporation,Bio-Techne Corp,,,,,,,,,,,,,,,,
46122,46122,16857,Instabase,InstaSafe,,,,,,,,,,,,,,,,
46128,46128,45247,Inner Mongolia Yili Industrial Group Co Ltd,Inner Mongolia Yili Industrial Group,,,,,,,,,,,,,,,,
46134,46134,2570,Dr. Reddy's Laboratories Ltd,Dr. Reddy's Laboratories Limited,,,,,,,,,,,,,,,,
46137,46137,11304,GIORGIO ARMANI SPA,GIORGIO ARMANI RETAIL SRL,,,,,,,,,,,,,,,,
46150,46150,45449,Interpump Group SpA,Interpump Group S.p.A.,,,,,,,,,,,,,,,,
46154,46154,4952,Eckert & Ziegler Strahlen- und Medizintechnik AG,Eckert & Ziegler Strahlen- Und Medizintechnik Ag,,,,,,,,,,,,,,,,
46165,46165,42906,Eurofins Scientific Se,Eurofins Scientific SE,,,,,,,,,,,,,,,,
46186,46186,16310,Agilent Technologies Inc,Agilent Technologies,,,,,,,,,,,,,,,,
46188,46188,38558,Sambanova Systems,SambaNova Systems,,,,,,,,,,,,,,,,
46192,46192,6165,Stellantis N.V.,Stellantis,,,,,,,,,,,,,,,,
46195,46195,37282,Avicopter Plc,Avicopter,,,,,,,,,,,,,,,,
46197,46197,14388,Edison Spa,Edison S.p.a,,,,,,,,,,,,,,,,
46205,46205,43256,Provident Financial plc,Provident Financial Services,,,,,,,,,,,,,,,,
46210,46210,22325,CME Group Inc.,CME Group Inc,,,,,,,,,,,,,,,,
46215,46215,2143,Truly International Holdings Ltd,Truly International Holdings,,,,,,,,,,,,,,,,
46218,46218,23300,NEW AGE MEDICAL LIMITED,NEW AGE MEDIA LIMITED,,,,,,,,,,,,,,,,
46245,46245,14815,China National Software & Service Company,China National Software & Service Co Ltd,,,,,,,,,,,,,,,,
46254,46254,23148,Modern Times Group Mtg AB,Modern Times Group (MTG),,,,,,,,,,,,,,,,
46269,46269,14754,Tyler Technologies Inc,Tyler Technologies,,,,,,,,,,,,,,,,
46274,46274,32632,ALL ABOUT THE NOW LIMITED,ALL ABOUT THE MOVE LTD,,,,,,,,,,,,,,,,
46281,46281,17973,Zoom Video Communications Inc,Zoom Video Communications,,,,,,,,,,,,,,,,
46296,46296,19153,Barloworld Ltd,Barloworld Limited,,,,,,,,,,,,,,,,
46326,46326,11315,Ball Corporation,Ball Corp,,,,,,,,,,,,,,,,
46331,46331,1845,Shenzhou International Group Holdings Ltd,Shenzhou International Group Holdings,,,,,,,,,,,,,,,,
46337,46337,39367,King Yuan Electronics Co. Ltd,King Yuan Electronics Co Ltd,,,,,,,,,,,,,,,,
46349,46349,23846,Meghmani Organics Ltd,Meghmani Organics,,,,,,,,,,,,,,,,
46369,46369,2826,Nippon Paint Holdings Co Ltd,Nippon Paint Holdings,,,,,,,,,,,,,,,,
46371,46371,10259,Rosgosstrakh Insurance Company (public Joint Stock Company),Rosgosstrakh Insurance Company (Public Joint Stock Company),,,,,,,,,,,,,,,,
46383,46383,32508,Fosun International Ltd,Fosun International,,,,,,,,,,,,,,,,
46389,46389,11768,Speechmatics*,Speechmatics,,,,,,,,,,,,,,,,
46395,46395,30671,Lg Electronics Italia Spa,Lg Electronics,,,,,,,,,,,,,,,,
46412,46412,27650,Croda International plc,Croda International Plc,,,,,,,,,,,,,,,,
46428,46428,28385,"Banco Santander, SA",Banco Santander SA,,,,,,,,,,,,,,,,
46444,46444,27361,Global Unichip Corp,Global Unichip,,,,,,,,,,,,,,,,
46450,46450,9355,Hera Spa,Hera SpA,,,,,,,,,,,,,,,,
46457,46457,1200,"SolarEdge Technologies, Inc.",SolarEdge Technologies Inc,,,,,,,,,,,,,,,,
46460,46460,24253,SOFTWARE QUALITY LIMITED,SOFTWARE QUALITY CONSULTING LIMITED,,,,,,,,,,,,,,,,
46462,46462,18240,Cairn Homes plc,Cairn Homes,,,,,,,,,,,,,,,,
46463,46463,19963,"Verisk Analytics, Inc.",Verisk Analytics Inc,,,,,,,,,,,,,,,,
46465,46465,227,Viraj Projects,Viraj Profiles,,,,,,,,,,,,,,,,
46488,46488,1376,Dassault Aviation SA,Dassault Aviation,,,,,,,,,,,,,,,,
46505,46505,23432,Phoenix Holdings,Phoenix Group Holdings plc,,,,,,,,,,,,,,,,
46508,46508,25730,Esprinet SpA,Esprinet S.p.A.,,,,,,,,,,,,,,,,
46514,46514,6829,Xcel Energy Inc.,Xcel Energy Inc,,,,,,,,,,,,,,,,
46520,46520,41456,COMPARE YOUR FINANCES LIMITED,COMPARE MY FINANCES LTD,,,,,,,,,,,,,,,,
46526,46526,21363,Redfin Corporation,Redfin Corp,,,,,,,,,,,,,,,,
46529,46529,21072,TD SYNNEX Corp,TD SYNNEX,,,,,,,,,,,,,,,,
46556,46556,7210,Banco Comercial Portugues SA,Banco Comercial Portugues,,,,,,,,,,,,,,,,
46560,46560,22920,V & S (NO 8) LIMITED,V & S (NO 15) LIMITED,,,,,,,,,,,,,,,,
46571,46571,25106,Fibra Uno,Fibra UNO,,,,,,,,,,,,,,,,
46580,46580,36493,Paycom Software Inc,Paycom Software,,,,,,,,,,,,,,,,
46584,46584,5035,Westinghouse Air Brake Technologies Corp,Westinghouse Air Brake Technologies,,,,,,,,,,,,,,,,
46590,46590,32068,"Globus Medical, Inc.",Globus Medical,,,,,,,,,,,,,,,,
46594,46594,41288,China Banking Corp,China Bank,,,,,,,,,,,,,,,,
46602,46602,8604,Credit Saison Co. Ltd,Credit Saison Co Ltd,,,,,,,,,,,,,,,,
46606,46606,28297,Jabil Inc.,Jabil Inc,,,,,,,,,,,,,,,,
46607,46607,30305,Rostelecom PJSC,Rostelecom,,,,,,,,,,,,,,,,
46611,46611,44923,Budimex Sa,Budimex SA,,,,,,,,,,,,,,,,
46623,46623,16995,Capgemini Se,Capgemini SE,,,,,,,,,,,,,,,,
46639,46639,11577,Q CONTRACTORS LTD,Q CONTRACTING LTD,,,,,,,,,,,,,,,,
46640,46640,33024,Chailease Holding Company Ltd,Chailease Holding Company,,,,,,,,,,,,,,,,
46643,46643,44293,Worthington Industries Inc,Worthington Industries,,,,,,,,,,,,,,,,
46649,46649,18591,Viking Line ABP,Viking Line,,,,,,,,,,,,,,,,
46651,46651,10684,NEW AGE HUMAN LIMITED,NEW AGE HORIZONS LIMITED,,,,,,,,,,,,,,,,
46658,46658,1554,Vtech Holdings Ltd,Vtech Holdings,,,,,,,,,,,,,,,,
46668,46668,46329,"Fujitec Co.,Ltd.",Fujitec Co Ltd,,,,,,,,,,,,,,,,
46671,46671,38682,Palo Alto Networks Inc,Palo Alto Networks,,,,,,,,,,,,,,,,
46685,46685,4292,ALL ABOUT COMMUNITY LTD,ALL ABOUT COMMUNICATION LIMITED,,,,,,,,,,,,,,,,
46697,46697,2227,GOOD CHOSE LTD,GOOD CHOICE ZR LTD,,,,,,,,,,,,,,,,
46700,46700,28621,Audi AG,Audi,,,,,,,,,,,,,,,,
46701,46701,12551,Frasers Group plc,Frasers Group,,,,,,,,,,,,,,,,
46705,46705,12539,Biesse Spa,Biesse S.p.A.,,,,,,,,,,,,,,,,
46708,46708,45715,"MORI TRUST Sogo Reit, Inc.","MORI TRUST Hotel Reit, Inc.",,,,,,,,,,,,,,,,
46716,46716,22800,Electronic Arts Inc.,Electronic Arts Inc,,,,,,,,,,,,,,,,
46729,46729,19660,"ZOZO, Inc.",ZOZO Inc,,,,,,,,,,,,,,,,
46736,46736,17175,PT Multipolar Technology Tbk,PT Multipolar Tbk,,,,,,,,,,,,,,,,
46738,46738,24050,Shanghai International Airport Co. Ltd,Shanghai International Airport,,,,,,,,,,,,,,,,
46739,46739,43473,Sumec Corporation Ltd,Sumec Corporation,,,,,,,,,,,,,,,,
46749,46749,32572,Airtel Africa plc,Airtel Africa,,,,,,,,,,,,,,,,
46755,46755,41259,Informa Plc,Informa PLC,,,,,,,,,,,,,,,,
46790,46790,28394,Jangho Group Co Ltd,Jangho Group,,,,,,,,,,,,,,,,
46805,46805,1017,SOFTWARE HATCH LTD,SOFTWARE HAMSTERS LTD,,,,,,,,,,,,,,,,
46827,46827,29064,Inmobiliaria Colonial Socimi,Inmobiliaria Colonial,,,,,,,,,,,,,,,,
46846,46846,3545,"Hikari Tsushin, Inc.",Hikari Tsushin Inc,,,,,,,,,,,,,,,,
46850,46850,33530,Ford Motor Company,Ford Motor Co,,,,,,,,,,,,,,,,
46854,46854,24383,Mizuho Leasing Company Ltd,Mizuho Leasing Company,,,,,,,,,,,,,,,,
46855,46855,5966,Nisshin Seifun Group Inc,Nisshin Seifun Group,,,,,,,,,,,,,,,,
46870,46870,8800,ENN Natural Gas Co. Ltd,ENN Natural Gas,,,,,,,,,,,,,,,,
46888,46888,36585,Huntington Bancshares Incorporated,Huntington Bancshares Inc,,,,,,,,,,,,,,,,
46889,46889,2054,Saras Spa,Saras SpA,,,,,,,,,,,,,,,,
46905,46905,29492,Toyota Motor Corp,Toyota Motor,,,,,,,,,,,,,,,,
46917,46917,9634,China Coal Xinji Energy Co Ltd,China Coal Xinji Energy,,,,,,,,,,,,,,,,
46921,46921,31291,Shanghai Phichem Material Co. Ltd,Shanghai Phichem Material,,,,,,,,,,,,,,,,
46932,46932,23706,Sibanye Stillwater Limited,Sibanye Stillwater,,,,,,,,,,,,,,,,
46939,46939,35433,Sagen Mi Canada,Sagen MI Canada Inc.,,,,,,,,,,,,,,,,
46943,46943,16007,"Guangzhou Wondfo Biotech Co.,Ltd",Guangzhou Wondfo Biotech,,,,,,,,,,,,,,,,
46946,46946,33809,Schindler Holding AG,Schindler Holding,,,,,,,,,,,,,,,,
46947,46947,15747,Thomson Reuters Corporation,Thomson Reuters Corp,,,,,,,,,,,,,,,,
46964,46964,38064,Idacorp Inc,Idacorp,,,,,,,,,,,,,,,,
46984,46984,18010,Axis Bank Ltd,Axis Bank,,,,,,,,,,,,,,,,
46993,46993,16181,"Industrias Peñoles, S.A.B. de C.V.",Industrias Penoles SAB de CV,,,,,,,,,,,,,,,,
46994,46994,2351,"CIE Automotive, SA",CIE Automotive SA,,,,,,,,,,,,,,,,
47005,47005,6834,China Foods Ltd,China Foods,,,,,,,,,,,,,,,,
47006,47006,35192,Nippon Steel Corporation,Nippon Steel Corp,,,,,,,,,,,,,,,,
47009,47009,41705,Beijing Compass Technology Development Co. Ltd,Beijing Compass Technology Development,,,,,,,,,,,,,,,,
47014,47014,46172,China Motor Corporation,China Motor Corp,,,,,,,,,,,,,,,,
47026,47026,1887,Edgewell Personal Care Company,Edgewell Personal Care Co,,,,,,,,,,,,,,,,
47029,47029,22213,Harbin Pharmaceutical Group Co Ltd,Harbin Pharmaceutical Group,,,,,,,,,,,,,,,,
47032,47032,32112,Taiwan Cement Corp,Taiwan Cement,,,,,,,,,,,,,,,,
47038,47038,41297,Ruchi Soya Industries Ltd,Ruchi Soya Industries Limited,,,,,,,,,,,,,,,,
47043,47043,24105,Sundial Growers Inc.,Sundial Growers,,,,,,,,,,,,,,,,
47045,47045,43972,Sanne Group plc,Sanne Group,,,,,,,,,,,,,,,,
47081,47081,34631,Frasers Property Limited,Frasers Property,,,,,,,,,,,,,,,,
47093,47093,36825,CJ Cheiljedang,CJ CheilJedang Corp,,,,,,,,,,,,,,,,
47098,47098,16508,ALL ABOUT ASSETS LIMITED,ALL ABOUT ASHLEY LIMITED,,,,,,,,,,,,,,,,
47101,47101,44469,Whitecap Resources Inc,Whitecap Resources,,,,,,,,,,,,,,,,
47108,47108,13142,ALL ABOUT DOODLES LIMITED,ALL ABOUT DOGS LIMITED,,,,,,,,,,,,,,,,
47111,47111,45571,"Air Water, Inc.",Air Water Inc,,,,,,,,,,,,,,,,
47113,47113,24415,Transocean Ltd.,Transocean Ltd,,,,,,,,,,,,,,,,
47138,47138,25208,"AAC Technologies Holdings, Inc.",AAC Technologies Holdings Inc,,,,,,,,,,,,,,,,
47148,47148,13956,Altice USA Inc,Altice USA,,,,,,,,,,,,,,,,
47156,47156,43783,Bangkok Chain Hospital Public Company Ltd,Bangkok Chain Hospital Public Company,,,,,,,,,,,,,,,,
47158,47158,16792,Cascades Inc,Cascades,,,,,,,,,,,,,,,,
47169,47169,584,Aptiv Plc,Aptiv PLC,,,,,,,,,,,,,,,,
47176,47176,14595,Brack Capital Properties Nv,Brack Capital Properties NV,,,,,,,,,,,,,,,,
47177,47177,8164,Woori Financial Group Inc,Woori Financial Group,,,,,,,,,,,,,,,,
47194,47194,39974,Z & S LINKED LTD,Z & S HOLDINGS LTD,,,,,,,,,,,,,,,,
47200,47200,31900,Jardine Matheson Holdings Ltd,Jardine Matheson Holdings,,,,,,,,,,,,,,,,
47210,47210,37586,Apollo Pipes Ltd,Apollo Pipes,,,,,,,,,,,,,,,,
47216,47216,20748,BAD FORM LIMITED,BAD FOOD LIMITED,,,,,,,,,,,,,,,,
47219,47219,44260,Juventus Football Club SpA,Juventus Football Club,,,,,,,,,,,,,,,,
47238,47238,2365,ALL ABOUT EVE BRIDALS LIMITED,ALL ABOUT EVE BRIDALS CHEPSTOW LIMITED,,,,,,,,,,,,,,,,
47257,47257,27975,JD Sports Fashion Plc,JD Sports Fashion,,,,,,,,,,,,,,,,
47276,47276,19708,BEAUTY & DETOX SPA LIMITED,BEAUTY & DETOX SPA ACADEMY LTD,,,,,,,,,,,,,,,,
47279,47279,41943,Yoshinoya Holdings Co. Ltd,Yoshinoya Holdings Co Ltd,,,,,,,,,,,,,,,,
47284,47284,34918,ALL ABOUT FIREWORKS LTD,ALL ABOUT FIRES LTD,,,,,,,,,,,,,,,,
47285,47285,6786,"Under Armour, Inc.",Under Armour Inc,,,,,,,,,,,,,,,,
47288,47288,11957,Mithra Pharmaceuticals SA,Mithra Pharmaceuticals,,,,,,,,,,,,,,,,
47290,47290,14427,Smurfit Kappa Group plc,Smurfit Kappa Group Plc,,,,,,,,,,,,,,,,
47299,47299,44517,Arte e Passione,Arte E Passione,,,,,,,,,,,,,,,,
47303,47303,2754,Iluka Resources Limited,Iluka Resources,,,,,,,,,,,,,,,,
47320,47320,27363,CTBC Financial Holding Co. Ltd,CTBC Financial Holding Co Ltd,,,,,,,,,,,,,,,,
47321,47321,37011,Sundaram Clayton Ltd,Sundaram Clayton,,,,,,,,,,,,,,,,
47340,47340,29797,Comcast Corporation,Comcast Corp,,,,,,,,,,,,,,,,
47345,47345,34985,ALL ABOUT BABY LTD,ALL ABOUT AV LIMITED,,,,,,,,,,,,,,,,
47347,47347,33878,Sumitomo Realty & Development Co. Ltd,Sumitomo Realty & Development Co Ltd,,,,,,,,,,,,,,,,
47357,47357,16751,NEW ADVANCE LIMITED,NEW ADV LTD,,,,,,,,,,,,,,,,
47360,47360,45437,Thanachart Capital Public Company Ltd,Thanachart Capital Public Company,,,,,,,,,,,,,,,,
47387,47387,3693,"China Nonferrous Metal Industry's Foreign Engineering And Construction Co.,ltd.",China Non-ferrous Metal Industry’s Foreign Engineering and Construction Co Ltd,,,,,,,,,,,,,,,,
47390,47390,37121,Weyerhaeuser Co,Weyerhaeuser,,,,,,,,,,,,,,,,
47393,47393,44655,Shaw Communications Inc,Shaw Communications,,,,,,,,,,,,,,,,
47406,47406,41388,Sichuan Expressway Company,Sichuan Expressway Co Ltd,,,,,,,,,,,,,,,,
47409,47409,18035,Accedia JSC,Accedia,,,,,,,,,,,,,,,,
47426,47426,23466,Japan Retail Fund Investment Corporation,Japan Retail Fund Investment Corp,,,,,,,,,,,,,,,,
47428,47428,27337,Ares Acquisition Corporation,Ares Acquisition Corp,,,,,,,,,,,,,,,,
47441,47441,25771,ALL ABOUT TIMING LTD,ALL ABOUT TIME LIMITED,,,,,,,,,,,,,,,,
47444,47444,46189,"Canadian Tire Corporation, Limited",Canadian Tire Corporation,,,,,,,,,,,,,,,,
47452,47452,46488,Dassault Aviation Sa,Dassault Aviation SA,,,,,,,,,,,,,,,,
47454,47454,13184,New Fortress Energy Inc.,New Fortress Energy Inc,,,,,,,,,,,,,,,,
47460,47460,31062,De'Longhi SpA,De'Longhi S.p.A.,,,,,,,,,,,,,,,,
47463,47463,38658,Maharashtra State Electricity Transmission Company,Maharashtra State Electricity Distribution Company,,,,,,,,,,,,,,,,
47464,47464,22741,KION Group AG,KION Group,,,,,,,,,,,,,,,,
47467,47467,35573,Diamondback Energy Inc,Diamondback Energy,,,,,,,,,,,,,,,,
47468,47468,7362,Ferguson plc,Ferguson Plc,,,,,,,,,,,,,,,,
47485,47485,10540,Crédit Agricole SA,Crédit Agricole,,,,,,,,,,,,,,,,
47489,47489,16844,Concordia Financial Group Ltd,Concordia Financial Group,,,,,,,,,,,,,,,,
47491,47491,46525,Western Union Company,Western Union,,,,,,,,,,,,,,,,
47508,47508,40281,Witan Investment Trust plc,Witan Investment Trust,,,,,,,,,,,,,,,,
47510,47510,42674,Elecnor Sa,Elecnor SA,,,,,,,,,,,,,,,,
47511,47511,4970,CCL Industries Inc.,CCL Industries Inc,,,,,,,,,,,,,,,,
47517,47517,12042,Smart Energy Water,Smart Energy Group,,,,,,,,,,,,,,,,
47526,47526,18420,OVARRO LTD,OVARRO LD LTD,,,,,,,,,,,,,,,,
47528,47528,2833,Doro AB,Doro,,,,,,,,,,,,,,,,
47537,47537,31193,Teva Pharmaceutical Industries,Teva Pharmaceutical,,,,,,,,,,,,,,,,
47540,47540,26970,Watts Water Technologies Inc,Watts Water Technologies,,,,,,,,,,,,,,,,
47541,47541,10314,T. A. CLOUD LIMITED,T. A. CLIFFORD LIMITED,,,,,,,,,,,,,,,,
47545,47545,14137,Osaka Gas Co. Ltd,Osaka Gas Co Ltd,,,,,,,,,,,,,,,,
47561,47561,29845,Chengdu Ald Aviation Manufacturing Corporation,Chengdu ALD Aviation Manufacturing Corp,,,,,,,,,,,,,,,,
47566,47566,45139,Kirby Corporation,Kirby Corp,,,,,,,,,,,,,,,,
47576,47576,4231,BAD ANGLE LIMITED,BAD ANGELS LIMITED,,,,,,,,,,,,,,,,
47582,47582,47001,Safestore Holdings plc,Safestore Holdings,,,,,,,,,,,,,,,,
47616,47616,28940,Fifth Third Bank,Fifth Third Bancorp,,,,,,,,,,,,,,,,
47630,47630,13778,Yifeng Pharmacy Chain Co. Ltd,Yifeng Pharmacy Chain,,,,,,,,,,,,,,,,
47641,47641,35583,Voltalia Sa,Voltalia SA,,,,,,,,,,,,,,,,
47643,47643,27852,Tata Motors Finance,Tata Motors,,,,,,,,,,,,,,,,
47654,47654,2654,FirstEnergy Corp.,FirstEnergy Corp,,,,,,,,,,,,,,,,
47661,47661,28504,"Lithia Motors, Inc.",Lithia Motors Inc,,,,,,,,,,,,,,,,
47662,47662,19937,Longchen Paper & Packaging Co Ltd,Longchen Paper & Packaging,,,,,,,,,,,,,,,,
47663,47663,41239,Sumitomo Osaka Cement Co. Ltd,Sumitomo Osaka Cement Co Ltd,,,,,,,,,,,,,,,,
47676,47676,39032,Masimo Corporation,Masimo Corp,,,,,,,,,,,,,,,,
47686,47686,5386,Construcciones y Auxiliar de Ferrocarriles SA,Construcciones y Auxiliar de Ferrocarriles (CAF),,,,,,,,,,,,,,,,
47689,47689,12158,Gruppo Del Barba Consulting - Gdb,Gruppo Del Barba Consulting,,,,,,,,,,,,,,,,
47710,47710,43830,Vistry Group Plc,Vistry Group,,,,,,,,,,,,,,,,
47712,47712,16872,Playground XYZ,Playground,,,,,,,,,,,,,,,,
47713,47713,7828,Pingdingshan Tianan Coal. Mining Co. Ltd,Pingdingshan Tianan Coal. Mining,,,,,,,,,,,,,,,,
47719,47719,26959,Top Glove Corporation Bhd,Top Glove Corp Bhd.,,,,,,,,,,,,,,,,
47739,47739,743,Amdocs Ltd,Amdocs Limited,,,,,,,,,,,,,,,,
47743,47743,3998,"Power Integrations, Inc.",Power Integrations,,,,,,,,,,,,,,,,
47745,47745,25683,Graham Holdings Company,Graham Holdings Co,,,,,,,,,,,,,,,,
47754,47754,8016,GOOD BUSINESS LIMITED,GOOD BUSINESS INITIATIVE LIMITED,,,,,,,,,,,,,,,,
47759,47759,14826,Welltower Inc.,Welltower,,,,,,,,,,,,,,,,
47773,47773,11829,Compass Group Careers,Compass Group,,,,,,,,,,,,,,,,
47774,47774,41795,Taiyo Holdings Co. Ltd,Taiyo Holdings,,,,,,,,,,,,,,,,
47781,47781,35370,Oatly Group Ab,Oatly Group AB,,,,,,,,,,,,,,,,
47790,47790,38414,Werner Enterprises Inc,Werner Enterprises,,,,,,,,,,,,,,,,
47795,47795,24909,Kingboard Laminates Holdings Ltd,Kingboard Laminates Holdings,,,,,,,,,,,,,,,,
47809,47809,25465,Virtu Financial Inc,Virtu Financial,,,,,,,,,,,,,,,,
47812,47812,14838,BEAUTY AND THE BALLOONS LTD,BEAUTY AND THE BAKE LTD,,,,,,,,,,,,,,,,
47814,47814,6930,"Zhuzhou Kibing Group Co.,Ltd",Zhuzhou Kibing Group,,,,,,,,,,,,,,,,
47819,47819,17799,Archer Daniels Midland Company Careers,Archer Daniels Midland Co,,,,,,,,,,,,,,,,
47821,47821,4330,Insperity Inc,Insperity,,,,,,,,,,,,,,,,
47830,47830,26700,China Everbright Bank,China Everbright,,,,,,,,,,,,,,,,
47834,47834,16785,GOOD CHOICE LTD,GOOD CHOICE JOINERY LTD,,,,,,,,,,,,,,,,
47847,47847,40340,Federated Hermes Inc,Federated Hermes,,,,,,,,,,,,,,,,
47870,47870,42588,Zhejiang Juhua Co. Ltd,Zhejiang Juhua,,,,,,,,,,,,,,,,
47877,47877,43174,Jindal Steel & Power Ltd,Jindal Steel & Power,,,,,,,,,,,,,,,,
47888,47888,21440,Beijing Tong Ren Tang Chinese Medicine Company,Beijing Tong Ren Tang Chinese Medicine Co Ltd,,,,,,,,,,,,,,,,
47894,47894,3733,WH Group Ltd,WH Group,,,,,,,,,,,,,,,,
47901,47901,46671,"Palo Alto Networks, Inc.",Palo Alto Networks Inc,,,,,,,,,,,,,,,,
47906,47906,33980,Materialise Nv,Materialise NV,,,,,,,,,,,,,,,,
47909,47909,5439,Mednax Inc,Mednax,,,,,,,,,,,,,,,,
47925,47925,41621,Cosco Shipping Ports,Cosco Shipping Holdings,,,,,,,,,,,,,,,,
47937,47937,45186,Pan Ocean Co Ltd,Pan Ocean,,,,,,,,,,,,,,,,
47941,47941,5016,BEAUTY AT NIHA LTD,BEAUTY AT NAIL SPA LTD,,,,,,,,,,,,,,,,
47943,47943,40527,NEW ABILITY LIMITED,NEW ABILITY (TORBAY) LIMITED,,,,,,,,,,,,,,,,
47948,47948,44082,Tokyo Electron Ltd,Tokyo Electron Limited,,,,,,,,,,,,,,,,
47953,47953,34237,Zhejiang Jingsheng Mechanical & Electrical Co. Ltd,Zhejiang Jingsheng Mechanical & Electrical,,,,,,,,,,,,,,,,
47966,47966,17493,Prosperity Bancshares Inc,Prosperity Bancshares,,,,,,,,,,,,,,,,
47972,47972,27373,GA technologies,GA Technologies,,,,,,,,,,,,,,,,
47979,47979,21391,Collins Aerospace Careers,Collins Aerospace,,,,,,,,,,,,,,,,
47981,47981,16222,Trelleborg AB,Trelleborg,,,,,,,,,,,,,,,,
47994,47994,9278,Merit Medical Systems Inc,Merit Medical Systems,,,,,,,,,,,,,,,,
48000,48000,4667,Nichias Corporation,Nichias Corp,,,,,,,,,,,,,,,,
48006,48006,35286,Kiatnakin Phatra Bank Public Company Ltd,Kiatnakin Phatra Bank Public Co Ltd,,,,,,,,,,,,,,,,
48018,48018,39468,Bahnhof AB,Bahnhof,,,,,,,,,,,,,,,,
48028,48028,30994,SOFTWARE DEFENCES LTD,SOFTWARE DEALS LTD,,,,,,,,,,,,,,,,
48031,48031,37043,Cullen/frost Bankers,"Cullen/Frost Bankers, Inc.",,,,,,,,,,,,,,,,
48060,48060,47605,Schlumberger Limited,Schlumberger,,,,,,,,,,,,,,,,
48065,48065,20012,Vipshop Holdings Ltd,Vipshop Holdings Limited,,,,,,,,,,,,,,,,
48070,48070,32201,Vina Concha y Toro SA,Vina Concha Y Toro,,,,,,,,,,,,,,,,
48072,48072,21461,Sociedad Química y Minera de Chile SA,Sociedad Quimica y Minera de Chile SA,,,,,,,,,,,,,,,,
48076,48076,12978,Novartis AG,Novartis,,,,,,,,,,,,,,,,
48101,48101,31618,Xiamen Faratronic Co. Ltd,Xiamen Faratronic,,,,,,,,,,,,,,,,
48108,48108,11876,Inghams Group Ltd,Inghams Group Limited,,,,,,,,,,,,,,,,
48122,48122,8821,Elders Ltd,Elders Limited,,,,,,,,,,,,,,,,
48124,48124,34492,WESCO International Inc,WESCO International,,,,,,,,,,,,,,,,
48131,48131,46288,Taiwan Cogeneration Corporation,Taiwan Cogeneration Corp,,,,,,,,,,,,,,,,
48144,48144,14888,National Storage Reit,National Storage REIT,,,,,,,,,,,,,,,,
48146,48146,44079,Cargotec Corporation,Cargotec Corp,,,,,,,,,,,,,,,,
48149,48149,11291,Shenzhen Gas Corporation,Shenzhen Gas Corp Ltd,,,,,,,,,,,,,,,,
48161,48161,4760,Greentown Service Group Co. Ltd,Greentown Service Group,,,,,,,,,,,,,,,,
48170,48170,11988,Pacific Gas and Electric Co,Pacific Gas & Electric Corporation,,,,,,,,,,,,,,,,
48174,48174,16538,"3SBio, Inc.",3SBio Inc,,,,,,,,,,,,,,,,
48188,48188,45353,Clal Insurance Enterprises Holdings,Clal Insurance Enterprises,,,,,,,,,,,,,,,,
48200,48200,31617,Spirent Communications plc,Spirent Communications,,,,,,,,,,,,,,,,
48203,48203,15851,Sopra Steria Group,Sopra Steria,,,,,,,,,,,,,,,,
48204,48204,29795,iA Financial Corporation,iA Financial Corp Inc,,,,,,,,,,,,,,,,
48213,48213,23683,China Life Insurance Company,China Life Insurance Co. Ltd,,,,,,,,,,,,,,,,
48216,48216,10243,Taiyo Yuden Co Ltd,Taiyo Yuden,,,,,,,,,,,,,,,,
48240,48240,8482,Majar – Matzaridis Bros,Majar - Matzaridis Bros,,,,,,,,,,,,,,,,
48286,48286,39843,Guangzhou Great Power Energy and Technology Co. Ltd,Guangzhou Great Power Energy And Technology Co. Ltd,,,,,,,,,,,,,,,,
48293,48293,20472,Government of Maharashtra,Government of Madhya Pradesh,,,,,,,,,,,,,,,,
48298,48298,45889,Adtalem Global Education Inc,Adtalem Global Education,,,,,,,,,,,,,,,,
48299,48299,23186,Applied DB Public Company Ltd,Applicad Public Company Ltd,,,,,,,,,,,,,,,,
48305,48305,19923,Kanematsu Corporation,Kanematsu Corp,,,,,,,,,,,,,,,,
48312,48312,29637,Siemens Healthineers,Siemens Healthcare,,,,,,,,,,,,,,,,
48314,48314,40287,Incitec Pivot Ltd,Incitec Pivot Limited,,,,,,,,,,,,,,,,
48328,48328,8142,Sinclair Broadcast Group Inc,Sinclair Broadcast Group,,,,,,,,,,,,,,,,
48346,48346,9303,Gilead Sciences Inc,Gilead Sciences,,,,,,,,,,,,,,,,
48347,48347,42129,FOOD & WINE (LONDON) LTD,FOOD & WINE (ISLINGTON) LTD,,,,,,,,,,,,,,,,
48356,48356,12023,Deutsche Lufthansa AG,Deutsche Lufthansa,,,,,,,,,,,,,,,,
48361,48361,15434,China Reinsurance (group) Corporation,China Reinsurance (Group) Corporation,,,,,,,,,,,,,,,,
48381,48381,2446,BOEHRINGER INGELHEIM LIMITED,BOEHRINGER INGELHEIM ANIMAL HEALTH UK LIMITED,,,,,,,,,,,,,,,,
48397,48397,7030,BGI Genomics Co. Ltd,BGI Genomics Co Ltd,,,,,,,,,,,,,,,,
48398,48398,37405,Bio-Rad Laboratories Inc,Bio-Rad Laboratories,,,,,,,,,,,,,,,,
48407,48407,8619,Cisco Systems Inc,Cisco Systems,,,,,,,,,,,,,,,,
48408,48408,32416,"Mitsubishi UFJ Financial Group, Inc.",Mitsubishi UFJ Financial Group Inc,,,,,,,,,,,,,,,,
48415,48415,13925,Amazon Web Services Inc,Amazon Web Services Emea Sarl,,,,,,,,,,,,,,,,
48422,48422,42612,BEAUTY AT NO.25 LTD.,BEAUTY AT NO. 6 LTD,,,,,,,,,,,,,,,,
48432,48432,17639,Lincoln National Corporation,Lincoln National Corp,,,,,,,,,,,,,,,,
48442,48442,45443,Divi's Laboratories Ltd,Divi's Laboratories,,,,,,,,,,,,,,,,
48465,48465,14963,Herbalife Nutrition Ltd,Herbalife Nutrition,,,,,,,,,,,,,,,,
48466,48466,18435,Peabody Energy Corporation,Peabody Energy Corp,,,,,,,,,,,,,,,,
48467,48467,44879,Corem Property Group Ab (publ),Corem Property Group AB,,,,,,,,,,,,,,,,
48472,48472,43119,NEW AGE PROPERTY LTD,NEW AGE PROJECT LIMITED,,,,,,,,,,,,,,,,
48476,48476,21982,Energy Absolute Public Company Ltd,Energy Absolute Public Company,,,,,,,,,,,,,,,,
48485,48485,6506,Marathon Petroleum Corporation,Marathon Petroleum Corp,,,,,,,,,,,,,,,,
48497,48497,7148,Hill & Smith Holdings plc,Hill & Smith Holdings,,,,,,,,,,,,,,,,
48500,48500,19205,Metallurgical Corporation of China Ltd,Metallurgical Corporation Of China,,,,,,,,,,,,,,,,
48513,48513,18590,Tokuyama Corporation,Tokuyama Corp,,,,,,,,,,,,,,,,
48514,48514,5529,Superior Plus Corp.,Superior Plus Corp,,,,,,,,,,,,,,,,
48521,48521,19354,Apollo Hospitals Enterprise Ltd,Apollo Hospitals Enterprise,,,,,,,,,,,,,,,,
48524,48524,34963,Huishang Bank Corporation,Huishang Bank Corp Ltd,,,,,,,,,,,,,,,,
48535,48535,13441,Elion Energy Company Ltd,Elion Energy Company,,,,,,,,,,,,,,,,
48539,48539,8037,Aberforth Smaller Companies Trust plc,Aberforth Smaller Companies Trust,,,,,,,,,,,,,,,,
48542,48542,15691,Primerica Inc,Primerica,,,,,,,,,,,,,,,,
48550,48550,14217,Net One Systems Co Ltd,Net One Systems,,,,,,,,,,,,,,,,
48555,48555,30905,Givaudan SA,Givaudan,,,,,,,,,,,,,,,,
48563,48563,40330,THALES UK LIMITED,THALES DIS UK LIMITED,,,,,,,,,,,,,,,,
48566,48566,42556,Genuine Parts Company,Genuine Parts,,,,,,,,,,,,,,,,
48581,48581,12238,Lovisa Holdings Limited,Lovisa Holdings,,,,,,,,,,,,,,,,
48588,48588,37873,Cicor Technologies Ltd,Cico Technologies,,,,,,,,,,,,,,,,
48607,48607,36553,Lao Feng Xiang Co. Ltd,Lao Feng Xiang,,,,,,,,,,,,,,,,
48608,48608,22207,Shimizu Corporation,Shimizu Corp,,,,,,,,,,,,,,,,
48610,48610,40506,Mr Price Group Ltd,Mr Price Group,,,,,,,,,,,,,,,,
48624,48624,12741,Capita plc,Capita Plc,,,,,,,,,,,,,,,,
48626,48626,15246,"Spirit Realty Capital, Inc.",Spirit Realty Capital,,,,,,,,,,,,,,,,
48636,48636,8927,Yamazaki Baking Co Ltd,Yamazaki Baking,,,,,,,,,,,,,,,,
48637,48637,42550,Lumentum Holdings Inc.,Lumentum Holdings Inc,,,,,,,,,,,,,,,,
48653,48653,45036,The Art of Living Careers,The Art of Living,,,,,,,,,,,,,,,,
48659,48659,28611,Galenica Ag,Galenica AG,,,,,,,,,,,,,,,,
48668,48668,36129,Hawaiian Holdings Inc,Hawaiian Holdings,,,,,,,,,,,,,,,,
48677,48677,20060,Ramsay Health Care Limited,Ramsay Health Care,,,,,,,,,,,,,,,,
48680,48680,22661,Mueller Water Products Inc,Mueller Water Products,,,,,,,,,,,,,,,,
48720,48720,19607,CMS Energy Corp,CMS Energy,,,,,,,,,,,,,,,,
48739,48739,36973,Welspun Corp,Welspun,,,,,,,,,,,,,,,,
48749,48749,43341,Howmet Aerospace Inc,Howmet Aerospace,,,,,,,,,,,,,,,,
48757,48757,13897,Metropole Television SA,Metropole Television,,,,,,,,,,,,,,,,
48763,48763,43013,Global-e Online Ltd.,Global-e Online Ltd,,,,,,,,,,,,,,,,
48764,48764,6886,Jiangsu Guomao Reducer Co. Ltd,Jiangsu Guomao Reducer,,,,,,,,,,,,,,,,
48768,48768,18474,"Iberdrola, SA",Iberdrola SA,,,,,,,,,,,,,,,,
48774,48774,44646,Renewable Energy Group Inc,Renewable Energy Group,,,,,,,,,,,,,,,,
48781,48781,18151,EISLER CAPITAL (TS) LTD,EISLER CAPITAL (HC) LTD,,,,,,,,,,,,,,,,
48787,48787,18726,Silver Lake Resources Limited,Silver Lake Resources,,,,,,,,,,,,,,,,
48800,48800,18137,Heineken Holding N.V.,Heineken Holding,,,,,,,,,,,,,,,,
48819,48819,23339,Kagome Co. Ltd,Kagome Co Ltd,,,,,,,,,,,,,,,,
48831,48831,43283,Brickworks Limited,Brickworks,,,,,,,,,,,,,,,,
48843,48843,41830,Julius Bar Gruppe Ag,Julius Baer Group,,,,,,,,,,,,,,,,
48845,48845,36029,Rinnai Corporation,Rinnai Corp,,,,,,,,,,,,,,,,
48849,48849,48124,"WESCO International, Inc.",WESCO International Inc,,,,,,,,,,,,,,,,
48890,48890,10039,Dawning Information Industry Co. Ltd,Dawning Information Industry Co Ltd,,,,,,,,,,,,,,,,
48893,48893,35483,Emerson Electric Company,Emerson Electric Co.,,,,,,,,,,,,,,,,
48895,48895,12977,Construction Partners Inc,Construction Partners,,,,,,,,,,,,,,,,
48901,48901,7415,Compagnie Financière Tradition SA,Compagnie Financière Richemont SA,,,,,,,,,,,,,,,,
48902,48902,24690,British American Tobacco Plc,British American Tobacco Careers,,,,,,,,,,,,,,,,
48906,48906,46946,Schindler Holding Ag,Schindler Holding AG,,,,,,,,,,,,,,,,
48908,48908,29174,Billion Industrial Holdings Ltd,Billion Industrial Holdings,,,,,,,,,,,,,,,,
48910,48910,20253,"Sawai Group Holdings Co., Ltd.",Sawai Group Holdings Co. Ltd,,,,,,,,,,,,,,,,
48914,48914,34992,Alkermes Plc,Alkermes,,,,,,,,,,,,,,,,
48921,48921,46955,D.R. Horton Inc,D.R. Horton,,,,,,,,,,,,,,,,
48924,48924,17321,Canadian National Railway Co,Canadian National Railway,,,,,,,,,,,,,,,,
48938,48938,17825,Aluar Aluminio Argentino S.A.I.C.,Aluar Aluminio Argentino,,,,,,,,,,,,,,,,
48940,48940,43554,CIMOLAI SPA,CIMOLAI HOLDING SPA,,,,,,,,,,,,,,,,
48947,48947,13826,"Zhejiang Dingli Machinery Co.,Ltd",Zhejiang Dingli Machinery,,,,,,,,,,,,,,,,
48963,48963,38067,S A (B'HAM) LTD,S A (AAM) LTD,,,,,,,,,,,,,,,,
48972,48972,47337,Alony-hetz Properties & Investments Ltd,Alony-Hetz Properties & Investments Ltd,,,,,,,,,,,,,,,,
48976,48976,26811,Western Midstream Partners Lp,Western Midstream Partners LP,,,,,,,,,,,,,,,,
48978,48978,46519,PICC Property and Casualty Company Ltd,PICC Property and Casualty Co Ltd,,,,,,,,,,,,,,,,
48983,48983,41159,"Xiamen Meiya Pico Information Co.,LTD.",Xiamen Meiya Pico Information,,,,,,,,,,,,,,,,
48988,48988,12489,Dampskibsselskabet Torm,Dampskibsselskabet Norden AS,,,,,,,,,,,,,,,,
48998,48998,40269,Betta Pharmaceuticals Co. Ltd,Betta Pharmaceuticals,,,,,,,,,,,,,,,,
49005,49005,3552,Reinsurance Group of America,Reinsurance Group Of America,,,,,,,,,,,,,,,,
49012,49012,21822,Otter Tail Corporation,Otter Tail Corp,,,,,,,,,,,,,,,,
49042,49042,33560,Ito En Ltd,Ito En,,,,,,,,,,,,,,,,
49062,49062,36149,Icahn Enterprises LP,Icahn Enterprises L.P.,,,,,,,,,,,,,,,,
49071,49071,1991,"Landstar System, Inc.",Landstar System Inc,,,,,,,,,,,,,,,,
49072,49072,28636,SOFTWARE SHIFT LTD,SOFTWARE SHARK LTD,,,,,,,,,,,,,,,,
49079,49079,4558,Aekyung 2080,Aekyung,,,,,,,,,,,,,,,,
49088,49088,10705,SOFTWARE ENGINEERING LIMITED,SOFTWARE ENGINEERING EXPERTS LIMITED,,,,,,,,,,,,,,,,
49091,49091,46192,Stellantis N.v,Stellantis N.V.,,,,,,,,,,,,,,,,
49094,49094,6228,Northland Power Inc,Northland Power,,,,,,,,,,,,,,,,
49096,49096,16717,Mosenergo PJSC,Mosenergo,,,,,,,,,,,,,,,,
49101,49101,27605,PT Indo Straits Tbk,PT Indo Kordsa Tbk,,,,,,,,,,,,,,,,
49114,49114,13761,Turkcell Iletisim Hizmetleri AS,Turkcell Iletisim Hizmetleri A.S.,,,,,,,,,,,,,,,,
49118,49118,37070,Life Healthcare Group Holdings Ltd,Life Healthcare Group Holdings,,,,,,,,,,,,,,,,
49133,49133,32204,"WASTE MANAGEMENT, INC.","WASTE MANAGEMENT OF ILLINOIS, INC.",,,,,,,,,,,,,,,,
49149,49149,41255,H & A BELLA LIMITED,H & A BAL HAULAGE LIMITED,,,,,,,,,,,,,,,,
49154,49154,17631,"Tobu Railway Co., Ltd.",Tobu Railway Co Ltd,,,,,,,,,,,,,,,,
49156,49156,14494,Just Energy Group Inc.,Just Energy Group Inc,,,,,,,,,,,,,,,,
49191,49191,4659,ITT Inc.,ITT Inc,,,,,,,,,,,,,,,,
49213,49213,21516,Curtiss-Wright Corporation,Curtiss-Wright Corp,,,,,,,,,,,,,,,,
49219,49219,46274,ALL ABOUT THE OFFICE LIMITED,ALL ABOUT THE NOW LIMITED,,,,,,,,,,,,,,,,
49221,49221,45753,"Jingjin Environmental Protection Co.,Ltd.",Jingjin Environmental Protection,,,,,,,,,,,,,,,,
49245,49245,34459,Kaiser Aluminum Corporation,Kaiser Aluminum Corp,,,,,,,,,,,,,,,,
49264,49264,11861,Magellan Health Inc,Magellan Health,,,,,,,,,,,,,,,,
49266,49266,22544,Aisin Seiki Co. Ltd,Aisin Seiki,,,,,,,,,,,,,,,,
49268,49268,23343,Empire Company Limited,Empire Company,,,,,,,,,,,,,,,,
49269,49269,12611,Sanken Electric Co. Ltd,Sanken Electric Co Ltd,,,,,,,,,,,,,,,,
49271,49271,19532,West Fraser Timber Co.,West Fraser Timber Co Ltd,,,,,,,,,,,,,,,,
49282,49282,10392,"Three's Company Media Group Co., Ltd.",Three's Company Media Group Co. Ltd,,,,,,,,,,,,,,,,
49285,49285,15305,Bestseller A/S,Bestseller,,,,,,,,,,,,,,,,
49292,49292,22350,"Host Hotels & Resorts, Inc.",Host Hotels & Resorts Inc,,,,,,,,,,,,,,,,
49301,49301,1749,Himax Technologies Inc,Himax Technologies,,,,,,,,,,,,,,,,
49313,49313,19091,Yara International Asa,Yara International ASA,,,,,,,,,,,,,,,,
49315,49315,22674,PT Fortune Mate Indonesia Tbk,PT Fortune Indonesia Tbk,,,,,,,,,,,,,,,,
49316,49316,40169,Pentair plc,Pentair Plc,,,,,,,,,,,,,,,,
49342,49342,3017,China Overseas Land And Investment,China Overseas Land & Investment Ltd,,,,,,,,,,,,,,,,
49353,49353,10696,NEW AGE REBEL LTD,NEW AGE REALTY LTD,,,,,,,,,,,,,,,,
49365,49365,21503,Beijing Tiantan Biological Products Co. Ltd,Beijing Tiantan Biological Products,,,,,,,,,,,,,,,,
49372,49372,1809,Starts Corporation Inc,Starts Corporation,,,,,,,,,,,,,,,,
49374,49374,1440,Hilton Food Group Plc,Hilton Food Group,,,,,,,,,,,,,,,,
49376,49376,37953,Shanghai Tofflon Science and Technology Co. Ltd,Shanghai Tofflon Science And Technology,,,,,,,,,,,,,,,,
49378,49378,28662,Navient Corporation,Navient Corp,,,,,,,,,,,,,,,,
49389,49389,17149,BAD BETTY MEDIA LTD,BAD BETTY DESIGNS LTD,,,,,,,,,,,,,,,,
49392,49392,18539,Xinjiang Zhongtai Chemical Co Ltd,Xinjiang Zhongtai Chemical,,,,,,,,,,,,,,,,
49425,49425,8437,Plains Group Holdings,Plains GP Holdings LP,,,,,,,,,,,,,,,,
49439,49439,720,BEAUTY & HOLISTIC TREATMENTS LTD,BEAUTY & HOLISTIC THERAPY LTD,,,,,,,,,,,,,,,,
49440,49440,3630,"Shanxi Xinghuacun Fen Wine Factory Co.,Ltd.",Shanxi Xinghuacun Fen Wine Factory,,,,,,,,,,,,,,,,
49442,49442,1377,Partners Group Holding Ag,Partners Group Holding AG,,,,,,,,,,,,,,,,
49455,49455,49291,Murphy Oil Corporation,Murphy Oil Corp,,,,,,,,,,,,,,,,
49463,49463,30267,"EMCOR Group, Inc.",EMCOR Group Inc,,,,,,,,,,,,,,,,
49486,49486,8106,Axalta Coating Systems Ltd,Axalta Coating Systems,,,,,,,,,,,,,,,,
49504,49504,3981,Biffa plc,Biffa,,,,,,,,,,,,,,,,
49508,49508,22650,"Mitsui Fudosan Logistics Park, Inc.",Mitsui Fudosan Logistics Park,,,,,,,,,,,,,,,,
49509,49509,47390,Weyerhaeuser Company,Weyerhaeuser Co,,,,,,,,,,,,,,,,
49511,49511,22357,Commerzbank AG,Commerzbank,,,,,,,,,,,,,,,,
49529,49529,9405,Qiagen NV,Qiagen,,,,,,,,,,,,,,,,
49540,49540,22223,HITACHI RAIL STS SPA,HITACHI RAIL SPA,,,,,,,,,,,,,,,,
49557,49557,41935,Qatar Insurance Company QSPC,Qatar Insurance Company Q.s.p.c,,,,,,,,,,,,,,,,
49565,49565,27497,Micron Technology Inc,Micron Technology,,,,,,,,,,,,,,,,
49566,49566,40508,Hoesch,Hoechst,,,,,,,,,,,,,,,,
49572,49572,31359,Amerisourcebergen Corporation,AmerisourceBergen Corporation,,,,,,,,,,,,,,,,
49590,49590,12254,Trencadis Corp,Trencadis,,,,,,,,,,,,,,,,
49601,49601,25496,Software Ag,Software AG,,,,,,,,,,,,,,,,
49604,49604,34021,Forbo Holding Ag,Forbo Holding AG,,,,,,,,,,,,,,,,
49612,49612,11681,Trina Solar Co. Ltd,Trina Solar Co Ltd,,,,,,,,,,,,,,,,
49619,49619,43139,Luk Fook Holdings (international),Luk Fook Holdings (International) Ltd,,,,,,,,,,,,,,,,
49638,49638,17732,Restaurant Brands International Limited Partnership,Restaurant Brands International Inc.,,,,,,,,,,,,,,,,
49641,49641,14164,Banco de Sabadell SA,Banco de Sabadell,,,,,,,,,,,,,,,,
49647,49647,40669,"Tianneng Battery Group Co., Ltd.",Tianneng Battery Group Co. Ltd,,,,,,,,,,,,,,,,
49649,49649,49348,Omega Healthcare Investors,Omega Healthcare,,,,,,,,,,,,,,,,
49654,49654,36551,Nippon Gas Co Ltd,Nippon Gas,,,,,,,,,,,,,,,,
49663,49663,400,Shin-Etsu Chemical Co Ltd,Shin-Etsu Chemical,,,,,,,,,,,,,,,,
49688,49688,4390,Adyen NV,Adyen N.V.,,,,,,,,,,,,,,,,
49690,49690,28493,China Petroleum & Chemical Corporation (sinopec),China Petroleum & Chemical Corporation,,,,,,,,,,,,,,,,
49694,49694,37383,Kingdee International Software Group Company,Kingdee International Software Group Co Ltd,,,,,,,,,,,,,,,,
49715,49715,16979,China Resources Beer (Holdings) Company Ltd,China Resources Beer (Holdings) Co Ltd,,,,,,,,,,,,,,,,
49718,49718,43232,China Nonferrous Mining Corporation Ltd,China Nonferrous Mining Corporation Limited,,,,,,,,,,,,,,,,
49734,49734,42776,BAD HAT MEDIA LTD,BAD HAT LTD,,,,,,,,,,,,,,,,
49758,49758,18006,Chicony Electronics Co. Ltd,Chicony Electronics Co Ltd,,,,,,,,,,,,,,,,
49769,49769,37124,Red Electrica Corporacion SA,Red Electrica Corporacion,,,,,,,,,,,,,,,,
49773,49773,12118,Jindal Stainless Steelway,Jindal Stainless Ltd,,,,,,,,,,,,,,,,
49785,49785,28401,Aem Holdings Ltd,Aem Holdings,,,,,,,,,,,,,,,,
49788,49788,21254,Sogefi Spa,Sogefi S.p.A.,,,,,,,,,,,,,,,,
49793,49793,15859,United Spirits Ltd,United Spirits,,,,,,,,,,,,,,,,
49806,49806,3732,Reckitt Benckiser Group Plc,Reckitt Benckiser Group,,,,,,,,,,,,,,,,
49822,49822,20178,Sumitomo Electric Industries Ltd,Sumitomo Electric Industries,,,,,,,,,,,,,,,,
49827,49827,40146,Fujian Longking Co. Ltd,Fujian Longking Co Ltd,,,,,,,,,,,,,,,,
49831,49831,42420,Boliden AB,Boliden,,,,,,,,,,,,,,,,
49836,49836,45171,Telecom Italia S.p.A.,Telecom Italia,,,,,,,,,,,,,,,,
49851,49851,9543,Floor & Decor Holdings Inc,Floor & Decor Holdings,,,,,,,,,,,,,,,,
49865,49865,944,"STATE STREET GLOBAL ADVISORS, INC.",STATE STREET GLOBAL ADVISORS TRUST COMPANY,,,,,,,,,,,,,,,,
49875,49875,39818,Bharat Petroleum Corp Ltd,Bharat Petroleum,,,,,,,,,,,,,,,,
49883,49883,7537,China Everbright Bank Company Ltd,China Everbright Bank Company,,,,,,,,,,,,,,,,
49895,49895,14868,Oxford Industries Inc,Oxford Industries,,,,,,,,,,,,,,,,
49896,49896,33577,Advanced Info Service Public Company,Advanced Info Service Public Co Ltd,,,,,,,,,,,,,,,,
49909,49909,23668,Cadence Design Systems Careers,Cadence Design Systems,,,,,,,,,,,,,,,,
49914,49914,9946,"DyDo Group Holdings, Inc.",DyDo Group Holdings Inc,,,,,,,,,,,,,,,,
49915,49915,83,Richelieu Hardware Ltd.,Richelieu Hardware Ltd,,,,,,,,,,,,,,,,
49924,49924,17103,Orkla Asa,Orkla ASA,,,,,,,,,,,,,,,,
49928,49928,30495,Bunzl plc,Bunzl,,,,,,,,,,,,,,,,
49929,49929,3154,London Stock Exchange Group,London Stock Exchange,,,,,,,,,,,,,,,,
49930,49930,49088,SOFTWARE ENGINEERING LOGIC LTD,SOFTWARE ENGINEERING LIMITED,,,,,,,,,,,,,,,,
49932,49932,8190,Arena Star Group Ltd,Arena Star Group,,,,,,,,,,,,,,,,
49935,49935,27267,Star Asia Investment Corporation,Star Asia Investment Corp,,,,,,,,,,,,,,,,
49937,49937,23539,Yamato Kogyo Co. Ltd,Yamato Kogyo Co Ltd,,,,,,,,,,,,,,,,
49958,49958,11417,Hang Lung Properties Ltd,Hang Lung Properties,,,,,,,,,,,,,,,,
49966,49966,36111,WATCHES OF SWITZERLAND OPERATIONS LIMITED,WATCHES OF SWITZERLAND COMPANY LIMITED,,,,,,,,,,,,,,,,
49971,49971,37422,Formosa Taffeta Co. Ltd,Formosa Taffeta Co Ltd,,,,,,,,,,,,,,,,
49973,49973,40440,RusHydro PJSC,RusHydro,,,,,,,,,,,,,,,,
49974,49974,7738,Seagate Technology Holdings PLC,Seagate Technology,,,,,,,,,,,,,,,,
49979,49979,9420,Fiberhome Telecommunication Technologies Co. Ltd,Fiberhome Telecommunication Technologies,,,,,,,,,,,,,,,,
49999,49999,20721,BAD APPLE HAIR LICHFIELD LIMITED,BAD APPLE HAIR DERBY LIMITED,,,,,,,,,,,,,,,,
50005,50005,25221,Objective Corporation Limited,Objective Corporation,,,,,,,,,,,,,,,,
50010,50010,48976,"Western Midstream Partners, LP",Western Midstream Partners Lp,,,,,,,,,,,,,,,,
50012,50012,24033,James Halstead plc,James Halstead,,,,,,,,,,,,,,,,
50017,50017,2565,Jade Global Careers,Jade Global,,,,,,,,,,,,,,,,
50026,50026,1339,"Zardoya Otis, SA","Zardoya Otis, S.a.",,,,,,,,,,,,,,,,
50032,50032,11823,Exact Sciences Corporation,Exact Sciences Corp,,,,,,,,,,,,,,,,
50046,50046,22750,Groupe Bruxelles Lambert Sa,Groupe Bruxelles Lambert SA,,,,,,,,,,,,,,,,
50047,50047,16085,LeoVegas AB,LeoVegas,,,,,,,,,,,,,,,,
50050,50050,1138,Nitori Holdings Co. Ltd,Nitori Holdings Co Ltd,,,,,,,,,,,,,,,,
50061,50061,17503,Nojima Corporation,Nojima Corp,,,,,,,,,,,,,,,,
50069,50069,20987,The Wharf (Holdings) Ltd.,The Wharf (Holdings) Ltd,,,,,,,,,,,,,,,,
50073,50073,29058,T & B INVESTMENTS LIMITED,T & B INVESTMENT PROPERTIES LTD,,,,,,,,,,,,,,,,
50078,50078,46245,China National Software & Service Company Ltd,China National Software & Service Company,,,,,,,,,,,,,,,,
50087,50087,16142,The a2 Milk Company Ltd,The a2 Milk Company Limited,,,,,,,,,,,,,,,,
50102,50102,44430,Suzuki Motor Corp,Suzuki Motor,,,,,,,,,,,,,,,,
50105,50105,22620,China Minsheng Banking,China Minsheng Bank,,,,,,,,,,,,,,,,
50114,50114,7389,"TriNet Group, Inc.",TriNet Group Inc,,,,,,,,,,,,,,,,
50130,50130,16713,Fundo de Investimento Imobiliario Presidente Vargas,Fundo de Investimento Imobiliario Panamby,,,,,,,,,,,,,,,,
50154,50154,26713,Asia Cement Corp,"Asia Cement Co.,Ltd.",,,,,,,,,,,,,,,,
50169,50169,48475,888 Holdings Plc,888 Holdings,,,,,,,,,,,,,,,,
50177,50177,40896,Prysmian SpA,Prysmian S.p.A.,,,,,,,,,,,,,,,,
50195,50195,12302,Magna International Inc.,Magna International Inc,,,,,,,,,,,,,,,,
50199,50199,43031,Ceragon Networks Ltd.,Ceragon Networks,,,,,,,,,,,,,,,,
50240,50240,46072,China National Building Material Co Ltd,China National Building,,,,,,,,,,,,,,,,
50243,50243,46474,Occidental Petroleum Corp,Occidental Petroleum,,,,,,,,,,,,,,,,
50246,50246,40361,Manolete Partners plc,Manolete Partners,,,,,,,,,,,,,,,,
50253,50253,39359,Clarkson plc,Clarkson,,,,,,,,,,,,,,,,
50254,50254,22671,Ares Management Corporation,Ares Management Corp,,,,,,,,,,,,,,,,
50258,50258,35707,Lloyds Banking Group plc,Lloyds Banking Group Plc,,,,,,,,,,,,,,,,
50271,50271,19994,"American National Group, Inc.","American National Group, Inc",,,,,,,,,,,,,,,,
50288,50288,48639,Matsui Securities Co. Ltd,Matsui Securities,,,,,,,,,,,,,,,,
50296,50296,9356,ALL ABOUT RESULTS LIMITED,ALL ABOUT RESTO LTD,,,,,,,,,,,,,,,,
50299,50299,42313,Jiumaojiu International Holdings Ltd,Jiumaojiu International Holdings Limited,,,,,,,,,,,,,,,,
50300,50300,74,Tianqi Lithium Corporation,Tianqi Lithium Corp,,,,,,,,,,,,,,,,
50314,50314,48665,China Nuclear Engineering Corporation,China Nuclear Engineering Corp Ltd,,,,,,,,,,,,,,,,
50320,50320,3028,China Gem Holdings Ltd,China Gas Holdings Ltd,,,,,,,,,,,,,,,,
50340,50340,692,Evercore Inc,Evercore,,,,,,,,,,,,,,,,
50354,50354,17681,Jinyu Bio-technology Co. Ltd,Jinyu Bio-technology,,,,,,,,,,,,,,,,
50355,50355,47210,Apollo Power Ltd,Apollo Pipes Ltd,,,,,,,,,,,,,,,,
50361,50361,38851,Cleveland-cliffs,Cleveland-Cliffs Inc.,,,,,,,,,,,,,,,,
50367,50367,1944,Bossard Holding Ag,Bossard Holding AG,,,,,,,,,,,,,,,,
50382,50382,37313,SOFTWARE EXPERTS LTD,SOFTWARE EXPERTS GROUP LTD,,,,,,,,,,,,,,,,
50397,50397,22211,Morinaga Milk Industry Co. Ltd,Morinaga Milk Industry Co Ltd,,,,,,,,,,,,,,,,
50399,50399,39877,Tarkett SA,Tarkett,,,,,,,,,,,,,,,,
50402,50402,12274,Crane Co.,Crane,,,,,,,,,,,,,,,,
50403,50403,34143,Captivea,CaptivateIQ,,,,,,,,,,,,,,,,
50406,50406,38286,Electric Power Development Co Ltd,Electric Power Development,,,,,,,,,,,,,,,,
50414,50414,2762,Spectris Plc,Spectris,,,,,,,,,,,,,,,,
50424,50424,31808,"WEC Energy Group, Inc.",WEC Energy Group Inc,,,,,,,,,,,,,,,,
50442,50442,8592,Forever Entertainment SA,Forever Entertainment,,,,,,,,,,,,,,,,
50448,50448,13668,"Arbor Realty Trust, Inc.",Arbor Realty Trust,,,,,,,,,,,,,,,,
50450,50450,9817,"Akamai Technologies, Inc.",Akamai Technologies Inc,,,,,,,,,,,,,,,,
50452,50452,3684,Hulic Co. Ltd,Hulic Co Ltd,,,,,,,,,,,,,,,,
50454,50454,24948,Redde Northgate plc,Redde Northgate Plc,,,,,,,,,,,,,,,,
50463,50463,17100,Guangzhou Rural Commercial Bank Co Ltd,Guangzhou Rural Commercial Bank,,,,,,,,,,,,,,,,
50470,50470,30389,Intco Medical Technology Co Ltd,Intco Medical Technology,,,,,,,,,,,,,,,,
50471,50471,31584,Universal Music Group Careers,Universal Music Group,,,,,,,,,,,,,,,,
50480,50480,13018,Teleflex Incorporated,Teleflex Inc,,,,,,,,,,,,,,,,
50481,50481,31348,Systena Corporation,Systena Corp,,,,,,,,,,,,,,,,
50497,50497,6332,Valor Holdings Co Ltd,Valor Holdings,,,,,,,,,,,,,,,,
50504,50504,18368,Fundo de Investimento Imobiliario - FII Vila Olimpia Corporate,Fundo de Investimento Imobiliario - FII Shopping Jardim Sul,,,,,,,,,,,,,,,,
50508,50508,10175,"Steel Dynamics, Inc.",Steel Dynamics Inc,,,,,,,,,,,,,,,,
50509,50509,9707,Walmart Inc,Walmart,,,,,,,,,,,,,,,,
50510,50510,21104,K & M INVESTMENTS AND FINANCES.EGYPT LTD,K & M INVESTMENTS AND FINANCES LTD.,,,,,,,,,,,,,,,,
50517,50517,9577,California Resources Corporation,California Resources Corp,,,,,,,,,,,,,,,,
50520,50520,6267,"CBRE Group, Inc.",CBRE Group Inc,,,,,,,,,,,,,,,,
50525,50525,3411,Robertet Sa,Robertet SA,,,,,,,,,,,,,,,,
50526,50526,4512,NetApp Inc,NetApp,,,,,,,,,,,,,,,,
50535,50535,5354,T & A DEVELOPMENTS 2019 LIMITED,T & A DEVELOPMENTS,,,,,,,,,,,,,,,,
50539,50539,17828,Iida Group Holdings Co. Ltd,Iida Group Holdings Co Ltd,,,,,,,,,,,,,,,,
50560,50560,26155,GomSpace Group AB,GomSpace Group,,,,,,,,,,,,,,,,
50561,50561,15798,Cnh Industrial Italia Spa,Cnh Industrial,,,,,,,,,,,,,,,,
50577,50577,47054,Shede Spirits Co. Ltd,Shede Spirits,,,,,,,,,,,,,,,,
50585,50585,2186,Impax Asset Management Group plc,Impax Asset Management Group,,,,,,,,,,,,,,,,
50589,50589,48798,Shanghai Jinqiao Export Processing Zone Development Co. Ltd,Shanghai Jinqiao Export Processing Zone Development,,,,,,,,,,,,,,,,
50599,50599,1878,V & J PROPERTY LTD,V & J PROPERTIES LIMITED,,,,,,,,,,,,,,,,
50602,50602,23886,Trip.com Group Limited,Trip.com Group,,,,,,,,,,,,,,,,
50603,50603,37270,Keisei Electric Railway Co Ltd,Keisei Electric Railway,,,,,,,,,,,,,,,,
50606,50606,4628,"MULESOFT, LLC","MULESOFT, INC.",,,,,,,,,,,,,,,,
50608,50608,31161,"Beijing-shanghai High-speed Railway Co.,ltd.","Beijing-Shanghai High-Speed Railway Co.,Ltd.",,,,,,,,,,,,,,,,
50609,50609,686,Horace Mann Educators Corporation,Horace Mann Educators Corp,,,,,,,,,,,,,,,,
50611,50611,13462,Colgate-Palmolive Company,Colgate-Palmolive Co,,,,,,,,,,,,,,,,
50618,50618,25722,GOOD DATA SOLUTIONS LTD,GOOD DATA PRODUCTION LTD,,,,,,,,,,,,,,,,
50623,50623,2391,Littelfuse Inc,Littelfuse,,,,,,,,,,,,,,,,
50645,50645,7421,Hangzhou Great Star Industrial Co Ltd,Hangzhou Great Star Industrial,,,,,,,,,,,,,,,,
50657,50657,28410,Par Pacific Holdings Inc,Par Pacific Holdings,,,,,,,,,,,,,,,,
50668,50668,6630,Hapag-Lloyd AG,Hapag-Lloyd,,,,,,,,,,,,,,,,
50678,50678,12139,Air Liquide SA,Air Liquide,,,,,,,,,,,,,,,,
50703,50703,36353,Standard Chartered Bank,Standard Chartered,,,,,,,,,,,,,,,,
50715,50715,1132,Amkor Technology Inc,Amkor Technology,,,,,,,,,,,,,,,,
50731,50731,45631,Nanjing Securities Co. Ltd,Nanjing Securities,,,,,,,,,,,,,,,,
50734,50734,4028,Financial Street Holdings Co Ltd,Financial Street Holdings,,,,,,,,,,,,,,,,
50736,50736,37736,"Plains All American Pipeline, L.P.",Plains All American Pipeline LP,,,,,,,,,,,,,,,,
50737,50737,37884,StoneX Group Inc,StoneX Group,,,,,,,,,,,,,,,,
50763,50763,43852,Inner Mongolia Baotou Steel Union Co. Ltd,Inner Mongolia Baotou Steel,,,,,,,,,,,,,,,,
50776,50776,31940,Nu Holdings Ltd.,Nu Holdings,,,,,,,,,,,,,,,,
50790,50790,3381,Aareal Bank AG,Aareal Bank,,,,,,,,,,,,,,,,
50792,50792,35957,"Young & Co.'s Brewery, plc",Young & Co's Brewery,,,,,,,,,,,,,,,,
50804,50804,45038,Seazen Group Ltd,Seazen Group,,,,,,,,,,,,,,,,
50817,50817,17191,R.R. Donnelley Careers,R.R. Donnelley,,,,,,,,,,,,,,,,
50818,50818,22621,BYD Electronic International Co Ltd,BYD Electronic (International) Co Ltd,,,,,,,,,,,,,,,,
50825,50825,22814,Towngas China Company Ltd,Towngas China Company,,,,,,,,,,,,,,,,
50828,50828,40125,Kkr & Co.,Kkr & Co,,,,,,,,,,,,,,,,
50841,50841,7538,Shenzhen Everwin Precision Technology Co Ltd,Shenzhen Everwin Precision Technology,,,,,,,,,,,,,,,,
50860,50860,42458,Crescent Point Energy Corp.,Crescent Point Energy Corp,,,,,,,,,,,,,,,,
50897,50897,3688,Dow Inc.,Dow Inc,,,,,,,,,,,,,,,,
50902,50902,36253,Kimberly-Clark Corporation,Kimberly-Clark Corp,,,,,,,,,,,,,,,,
50907,50907,17097,"Mattel, Inc.",Mattel Inc,,,,,,,,,,,,,,,,
50911,50911,23867,Singapore O&G Ltd,Singapore O&G,,,,,,,,,,,,,,,,
50920,50920,44306,Brookfield Renewable Corporation,Brookfield Renewable,,,,,,,,,,,,,,,,
50921,50921,50821,GOOD CHANCE THEATRE,GOOD CHANCE LTD,,,,,,,,,,,,,,,,
50931,50931,47239,Guanghui Energy Co. Ltd,Guanghui Energy,,,,,,,,,,,,,,,,
50938,50938,29753,Grupa Kety SA,Grupa Kety S.a.,,,,,,,,,,,,,,,,
50942,50942,28710,United States Cellular Corporation,United States Cellular Corp,,,,,,,,,,,,,,,,
50953,50953,36561,Public Joint Stock Company TNS Energo Yaroslavl,Public Joint Stock Company Saratovenergo,,,,,,,,,,,,,,,,
50963,50963,84,Seaboard Corporation,Seaboard Corp,,,,,,,,,,,,,,,,
50964,50964,25601,Proximus Group,Proximus,,,,,,,,,,,,,,,,
50974,50974,26151,Datang International Power Generation Co. Ltd,Datang International Power Generation Co Ltd,,,,,,,,,,,,,,,,
50975,50975,27537,SOFTWARE COMPLIANCE PROPERTIES LTD,SOFTWARE COMPLIANCE LIMITED,,,,,,,,,,,,,,,,
50980,50980,25711,First Majestic Silver Corp.,First Majestic Silver,,,,,,,,,,,,,,,,
50992,50992,31820,News Corporation,News Corp,,,,,,,,,,,,,,,,
51013,51013,49125,Nihon Unisys Ltd,Nihon Unisys,,,,,,,,,,,,,,,,
51026,51026,31274,BEAUTY BOMBSHELL LIMITED,BEAUTY BOMB LTD,,,,,,,,,,,,,,,,
51039,51039,20498,Keysight Technologies Inc,Keysight Technologies Careers,,,,,,,,,,,,,,,,
51046,51046,40972,Hokkaido Electric Power Company,Hokkaido Electric Power Co Inc,,,,,,,,,,,,,,,,
51050,51050,35868,"Kintetsu World Express, Inc.",Kintetsu World Express Inc,,,,,,,,,,,,,,,,
51053,51053,38370,"Black Knight, Inc.",Black Knight Inc,,,,,,,,,,,,,,,,
51054,51054,22420,ALL ABOUT THE FACE LTD,ALL ABOUT THE FACE ESSEX LTD,,,,,,,,,,,,,,,,
51087,51087,48853,CD Projekt SA,CD Projekt,,,,,,,,,,,,,,,,
51089,51089,31722,Raiffeisen Bank International AG,Raiffeisen Bank International,,,,,,,,,,,,,,,,
51094,51094,10260,Greentown China Holdings Ltd,Greentown China Holdings,,,,,,,,,,,,,,,,
51110,51110,40630,Jay Mart Public Company Ltd,Jay Mart Public Company,,,,,,,,,,,,,,,,
51115,51115,1952,Nasdaq Inc,Nasdaq,,,,,,,,,,,,,,,,
51118,51118,50635,"Amvis Holdings, Inc.",Amvis Holdings,,,,,,,,,,,,,,,,
51120,51120,1170,Solvay SA,Solvay S.A.,,,,,,,,,,,,,,,,
51138,51138,12246,"China Industrial Securities Co.,Ltd.",China Industrial Securities,,,,,,,,,,,,,,,,
51162,51162,26487,Dohome Public Company Ltd,Dohome Public Company Limited,,,,,,,,,,,,,,,,
51171,51171,38875,"Becton, Dickinson and Company",Becton Dickinson and Co,,,,,,,,,,,,,,,,
51208,51208,45966,Jiangsu Broadcasting Cable Information Network Corporation,Jiangsu Broadcasting Cable Information Network Corp Ltd,,,,,,,,,,,,,,,,
51212,51212,23039,Finning International Inc,Finning International,,,,,,,,,,,,,,,,
51219,51219,26932,P & A MAINTENANCE SERVICES LTD,P & A MAINTENANCE LTD,,,,,,,,,,,,,,,,
51222,51222,34807,Weller Media Agency (WMA),Weller Media Agency,,,,,,,,,,,,,,,,
51230,51230,44833,"The Williams Companies, Inc.",The Williams Companies Inc,,,,,,,,,,,,,,,,
51231,51231,22202,United Airlines Holdings Inc,United Airlines Holdings,,,,,,,,,,,,,,,,
51236,51236,16617,Hankook Tire & Technology Co. Ltd,Hankook Tire & Technology Co Ltd,,,,,,,,,,,,,,,,
51247,51247,27730,Babcock International Group plc,Babcock International Group Plc,,,,,,,,,,,,,,,,
51266,51266,31312,ALL ABOUT EVENTS MANAGEMENT LIMITED,ALL ABOUT EVENTS LIMITED,,,,,,,,,,,,,,,,
51292,51292,14340,China Oriental Group Company Ltd,China Oriental Group Company Limited,,,,,,,,,,,,,,,,
51293,51293,5828,Verkkokauppa.com Oyj,Verkkokauppa.com,,,,,,,,,,,,,,,,
51310,51310,50150,"China-singapore Suzhou Industrial Park Development Group Co., Ltd.",China-Singapore Suzhou Industrial Park Development Group Co. Ltd,,,,,,,,,,,,,,,,
51314,51314,38952,Taiwan High Speed Rail Corporation,Taiwan High Speed Rail Corp,,,,,,,,,,,,,,,,
51324,51324,31758,SOFTWARE ACQUISITIONS LTD,SOFTWARE ACQUISITIONS & LICENSING LIMITED,,,,,,,,,,,,,,,,
51338,51338,48312,Siemens Healthineers AG,Siemens Healthineers,,,,,,,,,,,,,,,,
51340,51340,50693,Land and Houses Public Company Ltd,Land and Houses Public Co Ltd,,,,,,,,,,,,,,,,
51342,51342,40548,Faurecia S.e,Faurecia,,,,,,,,,,,,,,,,
51353,51353,3735,Discovery Ltd,Discovery Limited,,,,,,,,,,,,,,,,
51374,51374,10609,Dai-ichi Life Holdings Inc,Dai-ichi Life Holdings,,,,,,,,,,,,,,,,
51379,51379,26424,BEAUTY AND THE BROWS ESSEX LIMITED,BEAUTY AND THE BRIDE LIMITED,,,,,,,,,,,,,,,,
51416,51416,31559,BEAUTY AND THE BEAST LIMITED,BEAUTY AND THE BARISTA LTD,,,,,,,,,,,,,,,,
51417,51417,27678,SOFTWARE CITY LIMITED,SOFTWARE CENTRE LIMITED,,,,,,,,,,,,,,,,
51422,51422,26632,"Nuode Investment Co.,Ltd",Nuode Investment,,,,,,,,,,,,,,,,
51437,51437,10697,Altareit Sca,Altareit SCA,,,,,,,,,,,,,,,,
51444,51444,26257,Mitsui & Co.,Mitsui & Co Ltd,,,,,,,,,,,,,,,,
51456,51456,21359,Aston Martin Lagonda Global Holdings Plc,Aston Martin Lagonda Global Holdings,,,,,,,,,,,,,,,,
51473,51473,13494,"Skyworks Solutions, Inc.",Skyworks Solutions Inc,,,,,,,,,,,,,,,,
51476,51476,46201,Zhejiang Wolwo Bio-pharmaceutical,Zhejiang Wolwo Bio-Pharmaceutical Co. Ltd,,,,,,,,,,,,,,,,
51479,51479,24713,Santander Consumer USA Holdings Inc.,Santander Consumer USA Holdings Inc,,,,,,,,,,,,,,,,
51485,51485,33141,Derwent London plc,Derwent London,,,,,,,,,,,,,,,,
51492,51492,34512,Paramount Bed Holdings Co. Ltd,Paramount Bed Holdings,,,,,,,,,,,,,,,,
51497,51497,28140,Sequoia Economic Infrastructure Income Fund Limited,Sequoia Economic Infrastructure Inc Ord,,,,,,,,,,,,,,,,
51498,51498,28864,"Nissin Electric Co.,Ltd.",Nissin Electric Co Ltd,,,,,,,,,,,,,,,,
51516,51516,8611,Live Nation Entertainment Inc,Live Nation Entertainment,,,,,,,,,,,,,,,,
51525,51525,7485,Z CATERING LIMITED,Z CATERING EQUIPMENT LTD,,,,,,,,,,,,,,,,
51533,51533,7368,Oil Refineries Ltd,Oil Refineries,,,,,,,,,,,,,,,,
51542,51542,36560,ALL ABOUT BUILDING HOMES LIMITED,ALL ABOUT BUILDERS LTD,,,,,,,,,,,,,,,,
51551,51551,25948,Athene Holding Ltd,Athene Holding,,,,,,,,,,,,,,,,
51570,51570,20774,United Company Rusal,United Company RUSAL Plc,,,,,,,,,,,,,,,,
51598,51598,17637,China Resources Gas Group Ltd,China Resources Gas Group,,,,,,,,,,,,,,,,
51603,51603,24630,ALL ABOUT ME FITNESS LTD,ALL ABOUT ME ENTERPRISES LIMITED,,,,,,,,,,,,,,,,
51607,51607,18568,Bankinter SA,Bankinter,,,,,,,,,,,,,,,,
51615,51615,9065,Mortgage Advice Bureau (holdings),Mortgage Advice Bureau (Holdings) plc,,,,,,,,,,,,,,,,
51619,51619,44734,Liberty Broadband Corporation,Liberty Broadband,,,,,,,,,,,,,,,,
51620,51620,17733,Metro Ag,Metro AG,,,,,,,,,,,,,,,,
51624,51624,33533,Jilin Jiutai Rural Commercial Bank Corporation Limited,Jilin Jiutai Rural Commercial Bank Corporation,,,,,,,,,,,,,,,,
51625,51625,5340,Q AND S PHARMA SOLUTIONS LIMITED,Q AND S PHARMA LIMITED,,,,,,,,,,,,,,,,
51643,51643,49409,BAD LUCK LTD,BAD LUCK GROUP LTD,,,,,,,,,,,,,,,,
51645,51645,29459,Sandvik AB,Sandvik,,,,,,,,,,,,,,,,
51646,51646,25141,Country Garden Holdings Company,Country Garden Holdings Co Ltd,,,,,,,,,,,,,,,,
51651,51651,21925,Diploma plc,Diploma Plc,,,,,,,,,,,,,,,,
51660,51660,45839,Shandong Weigao Group Medical Polymer Company Ltd,Shandong Weigao Group Medical Polymer Company,,,,,,,,,,,,,,,,
51663,51663,29854,Kenedix Office Investment Corporation,Kenedix Office Investment Corp,,,,,,,,,,,,,,,,
51664,51664,19203,Teck Resources Ltd,Teck Resources Limited,,,,,,,,,,,,,,,,
51670,51670,23096,Qingdao Port International Co. Ltd,Qingdao Port International,,,,,,,,,,,,,,,,
51671,51671,15021,Metropolitan Bank & Trust Co,Metropolitan Bank & Trust,,,,,,,,,,,,,,,,
51674,51674,42663,Befimmo SA,Befimmo,,,,,,,,,,,,,,,,
51682,51682,25952,Distell Group Holdings Ltd,Distell Group Holdings,,,,,,,,,,,,,,,,
51709,51709,12958,Caisse Regionale de Credit Agricole Mutuel Alpes Provence,Caisse Regionale De Credit Agricole Mutuel Toulouse 31,,,,,,,,,,,,,,,,
51714,51714,10401,Kyowa Kirin Co. Ltd,Kyowa Kirin Co Ltd,,,,,,,,,,,,,,,,
51717,51717,30862,SM Investments Corp,SM Investments,,,,,,,,,,,,,,,,
51720,51720,39441,Airports of Thailand,Airports Of Thailand,,,,,,,,,,,,,,,,
51724,51724,12335,Zoomlion Heavy Industry Science and Technology Co Ltd,Zoomlion Heavy Industry Science And Technology,,,,,,,,,,,,,,,,
51726,51726,27186,Hyosung Chemical Corporation,Hyosung Chemical Corp,,,,,,,,,,,,,,,,
51738,51738,42415,Johnson Electric Holdings Ltd,Johnson Electric Holdings Limited,,,,,,,,,,,,,,,,
51752,51752,24691,Wacker Neuson Se,Wacker Neuson SE,,,,,,,,,,,,,,,,
51758,51758,2173,Zhejiang Zheneng Electric Power CO Ltd,Zhejiang Zheneng Electric Power,,,,,,,,,,,,,,,,
51766,51766,14267,Kokuyo Co. Ltd,Kokuyo Co Ltd,,,,,,,,,,,,,,,,
51768,51768,20112,Veoneer India,Veoneer Inc,,,,,,,,,,,,,,,,
51773,51773,42898,Rain Industries Ltd,Rain Industries,,,,,,,,,,,,,,,,
51777,51777,20571,Familymart,FamilyMart,,,,,,,,,,,,,,,,
51780,51780,588,"Beijing Kingsoft Office Software, Inc.",Beijing Kingsoft Office Software,,,,,,,,,,,,,,,,
51783,51783,39645,Moonpig Group Plc,Moonpig Group,,,,,,,,,,,,,,,,
51812,51812,41086,Exclaimer Group,Exclaimer,,,,,,,,,,,,,,,,
51821,51821,28292,Travelex,Travelers,,,,,,,,,,,,,,,,
51836,51836,3282,Grupo Carso,Grupo Calvo,,,,,,,,,,,,,,,,
51839,51839,207,Rockwell Automation Inc,Rockwell Automation,,,,,,,,,,,,,,,,
51850,51850,38669,Mobimo Holding Ag,Mobimo Holding AG,,,,,,,,,,,,,,,,
51866,51866,14075,Strategic Education Inc,Strategic Education,,,,,,,,,,,,,,,,
51867,51867,19886,Nissan Shatai Co. Ltd,Nissan Shatai Co Ltd,,,,,,,,,,,,,,,,
51872,51872,43666,BEAUTY AESTHETICS SALON LTD,BEAUTY AESTHETICS LTD,,,,,,,,,,,,,,,,
51880,51880,1272,Zebra Technologies Corporation,Zebra Technologies Corp,,,,,,,,,,,,,,,,
51882,51882,6731,Coterra Energy Inc,Coterra Energy,,,,,,,,,,,,,,,,
51891,51891,28775,Stiltz Lifts,Stiltz Homelifts,,,,,,,,,,,,,,,,
51892,51892,46548,Octopus Energy Ltd,Octopus Energy,,,,,,,,,,,,,,,,
51895,51895,29778,Cathay Pacific Airways,Cathay Pacific,,,,,,,,,,,,,,,,
51908,51908,10268,Unilumin Group Co Ltd,Unilumin Group,,,,,,,,,,,,,,,,
51921,51921,33322,SOFTWARE ASIA LTD,SOFTWARE ARTISTS LTD,,,,,,,,,,,,,,,,
51930,51930,45373,Sun Hung Kai Properties Ltd,Sun Hung Kai Properties,,,,,,,,,,,,,,,,
51938,51938,15959,Industrias Ch S. A. B. De C. V,"Industrias CH, S. A. B. de C. V.",,,,,,,,,,,,,,,,
51945,51945,8030,Nexus Ag,Nexus AG,,,,,,,,,,,,,,,,
51951,51951,28265,Temenos Ag,Temenos AG,,,,,,,,,,,,,,,,
51952,51952,42337,Duke Energy Corp,Duke Energy,,,,,,,,,,,,,,,,
51961,51961,35146,Wynn Macau Ltd,Wynn Macau,,,,,,,,,,,,,,,,
51969,51969,45054,Nidec Corporation,Nidec Corp,,,,,,,,,,,,,,,,
51973,51973,14058,S S Enterprises,S R Enterprises,,,,,,,,,,,,,,,,
51978,51978,32432,"Nankang Rubber Tire Corp,Ltd.",Nankang Rubber Tire,,,,,,,,,,,,,,,,
51982,51982,33148,Indigo Paints Limited,Indigo Paints,,,,,,,,,,,,,,,,
51983,51983,35369,Auction Technology Group plc,Auction Technology Group Plc,,,,,,,,,,,,,,,,
52032,52032,30680,Eurocash SA,Eurocash S.A.,,,,,,,,,,,,,,,,
52042,52042,36055,Beijing Hotgen Biotech Co. Ltd,Beijing Hotgen Biotech,,,,,,,,,,,,,,,,
52053,52053,9728,Tradeweb Markets Inc,Tradeweb Markets,,,,,,,,,,,,,,,,
52057,52057,48797,Sands China Ltd,Sands China,,,,,,,,,,,,,,,,
52064,52064,2600,ASOS plc,ASOS Plc,,,,,,,,,,,,,,,,
52080,52080,4529,Park Hotels & Resorts Inc,Park Hotels & Resorts,,,,,,,,,,,,,,,,
52091,52091,18102,"Intercontinental Exchange, Inc.",Intercontinental Exchange Inc,,,,,,,,,,,,,,,,
52094,52094,38898,TransAlta Corporation,TransAlta Corp,,,,,,,,,,,,,,,,
52095,52095,7183,Goco Group plc,Goco Group,,,,,,,,,,,,,,,,
52101,52101,19029,"PerkinElmer, Inc.",PerkinElmer Inc,,,,,,,,,,,,,,,,
52105,52105,28955,Bank of Guizhou Co. Ltd,Bank of Guizhou,,,,,,,,,,,,,,,,
52126,52126,46560,V & S (NO 9) LIMITED,V & S (NO 8) LIMITED,,,,,,,,,,,,,,,,
52131,52131,21978,"Hunan Goke Microelectronics Co.,Ltd.",Hunan Goke Microelectronics,,,,,,,,,,,,,,,,
52136,52136,26117,SOFTWARE STRATEGY LIMITED,SOFTWARE STATEMENTS LIMITED,,,,,,,,,,,,,,,,
52142,52142,49203,Vermilion Energy Inc,Vermilion Energy,,,,,,,,,,,,,,,,
52143,52143,14187,The Berkeley Group Holdings plc,The Berkeley Group Holdings Plc,,,,,,,,,,,,,,,,
52147,52147,177,Hyundai Mobis Co Ltd,Hyundai Mobis,,,,,,,,,,,,,,,,
52152,52152,43396,Anker Innovations Ltd,Anker Innovations Limited,,,,,,,,,,,,,,,,
52159,52159,14716,Compeq Manufacturing Co. Ltd,Compeq Manufacturing Co Ltd,,,,,,,,,,,,,,,,
52175,52175,29556,China Taiping Insurance Holdings Company,China Taiping Insurance Holdings Co Ltd,,,,,,,,,,,,,,,,
52182,52182,1370,Chipotle Mexican Grill Inc,Chipotle Mexican Grill,,,,,,,,,,,,,,,,
52186,52186,36351,Longfor Group Holdings Ltd,Longfor Group Holdings,,,,,,,,,,,,,,,,
52187,52187,31531,Chong Kun Dang Pharmaceutical Corporation,Chong Kun Dang Pharmaceutical Corp,,,,,,,,,,,,,,,,
52191,52191,50112,DeNA Co. Ltd,DeNA Co Ltd,,,,,,,,,,,,,,,,
52193,52193,17388,"Benesse Holdings, Inc.",Benesse Holdings Inc,,,,,,,,,,,,,,,,
52199,52199,26388,O2 Czech Republic AS,O2 Czech Republic,,,,,,,,,,,,,,,,
52201,52201,7757,Intel Corporation,Intel Corp,,,,,,,,,,,,,,,,
52203,52203,35629,BRIDGEPOINT ADVISERS GROUP LIMITED,BRIDGEPOINT ADVISERS EUROPE LIMITED,,,,,,,,,,,,,,,,
52206,52206,23282,Big Lots Inc,Big Lots,,,,,,,,,,,,,,,,
52218,52218,28900,Admiral Group Plc,Admiral Group,,,,,,,,,,,,,,,,
52225,52225,31791,Etn. Fr. Colruyt Nv,Etn. Fr. Colruyt NV,,,,,,,,,,,,,,,,
52232,52232,45285,Maximus,Maxims,,,,,,,,,,,,,,,,
52252,52252,43866,Lagardere SCA,Lagardere SA,,,,,,,,,,,,,,,,
52257,52257,14167,Gujarat Fluorochemicals Limited,Gujarat Fluorochemicals,,,,,,,,,,,,,,,,
52265,52265,1025,Ashtead Group plc,Ashtead Group Plc,,,,,,,,,,,,,,,,
52273,52273,5751,Ramkhamhaeng Hospital Public Company Ltd,Ramkhamhaeng Hospital Public Company,,,,,,,,,,,,,,,,
52284,52284,4858,Dana India,Dana Inc,,,,,,,,,,,,,,,,
52287,52287,41541,Prosegur Cash,Prosegur,,,,,,,,,,,,,,,,
52292,52292,17865,Advantage Oil & Gas Ltd.,Advantage Oil & Gas,,,,,,,,,,,,,,,,
52293,52293,51374,"Dai-ichi Life Holdings, Inc.",Dai-ichi Life Holdings Inc,,,,,,,,,,,,,,,,
52318,52318,33609,"Wuxi Autowell Technology Co.,ltd.","Wuxi Autowell Technology Co.,Ltd.",,,,,,,,,,,,,,,,
52320,52320,52048,"Yangling Metron New Material, Inc.",Yangling Metron New Material Inc.,,,,,,,,,,,,,,,,
52330,52330,8282,"T. Rowe Price Group, Inc.",T. Rowe Price Group Inc,,,,,,,,,,,,,,,,
52340,52340,38153,"Douglas Emmett, Inc.",Douglas Emmett,,,,,,,,,,,,,,,,
52342,52342,17298,China Tower Corp.,China Tower Corp Ltd,,,,,,,,,,,,,,,,
52349,52349,21772,Macy's Inc,Macy's,,,,,,,,,,,,,,,,
52353,52353,31276,First American Financial Corp,First American Financial,,,,,,,,,,,,,,,,
52363,52363,16973,Alamos Gold Inc.,Alamos Gold,,,,,,,,,,,,,,,,
52370,52370,30258,Q DESIGN HOUSE LTD,Q DESIGN HOMES LTD,,,,,,,,,,,,,,,,
52384,52384,10004,AMWAY INTERNATIONAL INC.,"AMWAY INTERNATIONAL DEVELOPMENT, INC.",,,,,,,,,,,,,,,,
52386,52386,278,"Endesa, SA",Endesa SA,,,,,,,,,,,,,,,,
52394,52394,36424,Chubu Electric Power Co Inc,Chubu Electric Power,,,,,,,,,,,,,,,,
52398,52398,4616,Repsol SA,Repsol,,,,,,,,,,,,,,,,
52410,52410,23201,Mediobanca Banca di Credito Finanziario S.p.A.,Mediobanca Banca Di Credito Finanziario,,,,,,,,,,,,,,,,
52415,52415,7543,P & A MEDICAL LIMITED,P & A MCGUIGAN LIMITED,,,,,,,,,,,,,,,,
52416,52416,627,Gulf Energy Development Public Company Ltd,Gulf Energy Development Public Company,,,,,,,,,,,,,,,,
52444,52444,17548,Banco Patagonia SA,Banco Pan SA,,,,,,,,,,,,,,,,
52446,52446,41430,China Railway Hi-tech Industry Corporation,China Railway Hi-tech Industry Corp Ltd,,,,,,,,,,,,,,,,
52449,52449,21749,Darktrace Plc,Darktrace,,,,,,,,,,,,,,,,
52455,52455,40665,Loblaw Companies Ltd,Loblaw Companies Limited,,,,,,,,,,,,,,,,
52459,52459,36884,Kingboard Holdings Ltd,Kingboard Holdings,,,,,,,,,,,,,,,,
52466,52466,805,AviChina Industry & Technology Co Ltd,AviChina Industry & Technology,,,,,,,,,,,,,,,,
52471,52471,38320,PVH Corp.,PVH Corp,,,,,,,,,,,,,,,,
52484,52484,29151,Pandora A/s,Pandora A-S,,,,,,,,,,,,,,,,
52492,52492,13955,Sea Ltd,Sea Limited,,,,,,,,,,,,,,,,
52505,52505,21737,Ecometrica,Ecomedica,,,,,,,,,,,,,,,,
52508,52508,6958,NXP Semiconductors N.V.,NXP Semiconductors,,,,,,,,,,,,,,,,
52522,52522,44212,"Burlington Stores, Inc.",Burlington Stores Inc,,,,,,,,,,,,,,,,
52524,52524,36501,Nippon Steel Trading Corp,Nippon Steel Trading,,,,,,,,,,,,,,,,
52525,52525,7621,BEAUTY BASE NW LTD,BEAUTY BASE LIMITED,,,,,,,,,,,,,,,,
52526,52526,46847,Sampo Group,Sampo Corp,,,,,,,,,,,,,,,,
52529,52529,5819,Zhejiang Longsheng Group Co. Ltd,Zhejiang Longsheng Group Co Ltd,,,,,,,,,,,,,,,,
52532,52532,50475,Meritor Inc,Meritor,,,,,,,,,,,,,,,,
52537,52537,26342,PT Bank BTPN Tbk,PT Bank BTPN Syariah Tbk,,,,,,,,,,,,,,,,
52560,52560,26198,Hebei Yangyuan Zhihui Beverage,Hebei Yangyuan ZhiHui Beverage Co. Ltd,,,,,,,,,,,,,,,,
52568,52568,398,Shenzhen Goodix Technology Co. Ltd,Shenzhen Goodix Technology,,,,,,,,,,,,,,,,
52569,52569,4669,Revlon Inc,Revlon,,,,,,,,,,,,,,,,
52570,52570,44243,Colliers International Group,Colliers International,,,,,,,,,,,,,,,,
52575,52575,31727,"Brown & Brown, Inc.",Brown & Brown Inc,,,,,,,,,,,,,,,,
52585,52585,37357,Redrow Plc,Redrow,,,,,,,,,,,,,,,,
52596,52596,9192,Ceconomy Ag,Ceconomy AG,,,,,,,,,,,,,,,,
52610,52610,49528,China CSSC Holdings Ltd,China CSSC Holdings,,,,,,,,,,,,,,,,
52615,52615,6349,Mazda Ltd,Mazda,,,,,,,,,,,,,,,,
52620,52620,18278,Teradyne Inc,Teradyne,,,,,,,,,,,,,,,,
52622,52622,28694,Guangdong Kinlong Hardware Products Co Ltd,Guangdong Kinlong Hardware Products,,,,,,,,,,,,,,,,
52647,52647,41641,FINANCE SERVICES LIMITED,FINANCE SECURE LTD,,,,,,,,,,,,,,,,
52655,52655,36257,West Pharmaceutical Services Inc,West Pharmaceutical Services,,,,,,,,,,,,,,,,
52656,52656,4065,Elanco Animal Health Incorporated,Elanco Animal Health Inc,,,,,,,,,,,,,,,,
52657,52657,13779,National General Holdings Corp,National General Holdings,,,,,,,,,,,,,,,,
52658,52658,46405,"Parlem Telecom Companyia de Telecomunicacions, SA",Parlem Telecom Companyia de Telecomunicacions,,,,,,,,,,,,,,,,
52662,52662,19485,Westrock Company,Westrock Co,,,,,,,,,,,,,,,,
52670,52670,8385,BAD PENNY LIMITED,BAD PENNY FILMS LIMITED,,,,,,,,,,,,,,,,
52678,52678,40831,Cyprus College of Art,Cyprus College,,,,,,,,,,,,,,,,
52703,52703,14970,VMware Inc,VMware,,,,,,,,,,,,,,,,
52706,52706,27527,BillerudKorsnäs,BillerudKorsnas AB,,,,,,,,,,,,,,,,
52718,52718,6185,GOOD BURGER LIMITED,GOOD BURGER 1 LTD,,,,,,,,,,,,,,,,
52723,52723,26867,Dollar General Corporation,Dollar General Corp,,,,,,,,,,,,,,,,
52729,52729,44142,Yieh United Steel Corp,Yieh United Steel,,,,,,,,,,,,,,,,
52745,52745,34465,Ping An Healthcare and Technology Co Ltd,Ping An Healthcare Technology,,,,,,,,,,,,,,,,
52756,52756,41858,Ajinomoto Co Inc,Ajinomoto,,,,,,,,,,,,,,,,
52770,52770,1042,Bank of Beijing Co. Ltd,Bank of Beijing Co Ltd,,,,,,,,,,,,,,,,
52783,52783,20357,"Kinsale Capital Group, Inc.",Kinsale Capital Group,,,,,,,,,,,,,,,,
52785,52785,26141,Shinkong Synthetic Fibers Corporation,Shinkong Synthetic Fibers Corp,,,,,,,,,,,,,,,,
52787,52787,47057,GD Power Development Co Ltd,GD Power Development,,,,,,,,,,,,,,,,
52796,52796,49649,Omega Healthcare Investors Inc,Omega Healthcare Investors,,,,,,,,,,,,,,,,
52817,52817,26259,Hua Xia Bank Co. Ltd,Hua Xia Bank Co Ltd,,,,,,,,,,,,,,,,
52822,52822,25097,WPP plc,WPP Plc,,,,,,,,,,,,,,,,
52831,52831,30884,Dno Asa,Dnb Asa,,,,,,,,,,,,,,,,
52849,52849,43598,"Bandai Namco Holdings, Inc.",Bandai Namco Holdings Inc,,,,,,,,,,,,,,,,
52850,52850,29619,BEAUTY AT THE VINERY LIMITED,BEAUTY AT THE UBER LTD,,,,,,,,,,,,,,,,
52851,52851,27036,WPG Holdings Ltd,WPG Holdings,,,,,,,,,,,,,,,,
52857,52857,8058,Siltronic Ag,Siltronic AG,,,,,,,,,,,,,,,,
52859,52859,5490,Doosan Infracore Co Ltd,Doosan Infracore,,,,,,,,,,,,,,,,
52868,52868,21558,Serum Institute of India,Serum Institute Of India,,,,,,,,,,,,,,,,
52872,52872,34113,Pershing Square Holdings Ord,Pershing Square Holdings,,,,,,,,,,,,,,,,
52880,52880,24003,The New India Assurance Co.,The New India Assurance Co Ltd,,,,,,,,,,,,,,,,
52884,52884,2638,Johnson Matthey Plc,Johnson Matthey,,,,,,,,,,,,,,,,
52887,52887,2027,Mapfre SA,Mapfre,,,,,,,,,,,,,,,,
52891,52891,115,"Fuji Media Holdings, Inc.",Fuji Media Holdings Inc,,,,,,,,,,,,,,,,
52905,52905,31569,Tongling Nonferrous Metals Group Co Ltd,Tongling Nonferrous Metals,,,,,,,,,,,,,,,,
52911,52911,51134,Grupo Catalana Occidente SA,Grupo Catalana Occidente,,,,,,,,,,,,,,,,
52927,52927,12588,Monster Beverage Corp,Monster Beverage,,,,,,,,,,,,,,,,
52945,52945,5265,Sealed Air Corporation,Sealed Air Corp,,,,,,,,,,,,,,,,
52948,52948,40600,Enertime SA,Enertime,,,,,,,,,,,,,,,,
52954,52954,7992,Danske Bank AS,Danske Bank A/s,,,,,,,,,,,,,,,,
52957,52957,41896,Mitsubishi Corporation,Mitsubishi Corp,,,,,,,,,,,,,,,,
52966,52966,39060,Shanghai Electric Group Co Ltd,Shanghai Electric Group,,,,,,,,,,,,,,,,
52979,52979,31675,Giant Manufacturing Co. Ltd,Giant Manufacturing Co Ltd,,,,,,,,,,,,,,,,
52983,52983,22457,Crown Castle International Corp. (REIT),Crown Castle International,,,,,,,,,,,,,,,,
52986,52986,34375,RB Capital Renda II Fundo de Investimento Imobiliario - FII,RB Capital Renda I Fundo de Investimento Imobiliário - FII,,,,,,,,,,,,,,,,
52997,52997,29460,Loro Piana Spa,Loro Piana,,,,,,,,,,,,,,,,
53002,53002,36647,Seven Bank Ltd,Seven Bank,,,,,,,,,,,,,,,,
53004,53004,22911,L3Harris Technologies Inc,L3Harris Technologies,,,,,,,,,,,,,,,,
53006,53006,24611,"Topco Scientific Co.,Ltd.",Topco Scientific,,,,,,,,,,,,,,,,
53014,53014,17510,Z & M TRADING LTD,Z & M TRADE LIMITED,,,,,,,,,,,,,,,,
53015,53015,37209,Grasim Industries Ltd,Grasim Industries,,,,,,,,,,,,,,,,
53029,53029,29675,S&P GLOBAL MARKET INTELLIGENCE LLC,S&P GLOBAL MARKET INTELLIGENCE INC.,,,,,,,,,,,,,,,,
53034,53034,21402,BEAUTY BASE (SLOUGH) LIMITED,BEAUTY BASE (BLACKPOOL) LIMITED,,,,,,,,,,,,,,,,
53039,53039,40580,BEAUTY AVENUE SALON & SPA LTD,BEAUTY AVENUE LTD,,,,,,,,,,,,,,,,
53042,53042,33715,Sai Service Station,Sai Service,,,,,,,,,,,,,,,,
53056,53056,42521,SBM Offshore N.V.,SBM Offshore,,,,,,,,,,,,,,,,
53069,53069,18937,Durr AG,Durr,,,,,,,,,,,,,,,,
53076,53076,29568,Gold Circuit Electronics Ltd,Gold Circuit Electronics,,,,,,,,,,,,,,,,
53084,53084,47158,Cascades Inc.,Cascades Inc,,,,,,,,,,,,,,,,
53088,53088,15811,IMPERIAL TOBACCO OVERSEAS LIMITED,IMPERIAL TOBACCO OVERSEAS HOLDINGS (2) LIMITED,,,,,,,,,,,,,,,,
53093,53093,25703,Hisense Home Appliances Group Co. Ltd,Hisense Home Appliances Group,,,,,,,,,,,,,,,,
53114,53114,39908,Kumagai Gumi Co Ltd,Kumagai Gumi,,,,,,,,,,,,,,,,
53116,53116,12504,Nanofilm Technologies International Limited,Nanofilm Technologies International,,,,,,,,,,,,,,,,
53120,53120,14955,Hua Nan Financial Holdings Co Ltd,Hua Nan Financial Holdings,,,,,,,,,,,,,,,,
53126,53126,31552,Sembcorp Marine Ltd,Sembcorp Marine,,,,,,,,,,,,,,,,
53138,53138,28412,Shanghai Fosun Pharmaceutical (Group) Co Ltd,Shanghai Fosun Pharmaceutical,,,,,,,,,,,,,,,,
53147,53147,35065,Reliance Industries Ltd,Reliance Industries Careers,,,,,,,,,,,,,,,,
53156,53156,4574,Parkland Corp,Parkland,,,,,,,,,,,,,,,,
53166,53166,36618,Columbus A/S,Columbus,,,,,,,,,,,,,,,,
53178,53178,43415,"Nanjing Iron & Steel Co., Ltd.",Nanjing Iron & Steel Co. Ltd,,,,,,,,,,,,,,,,
53180,53180,41734,Fuyo General Lease Co. Ltd,Fuyo General Lease Co Ltd,,,,,,,,,,,,,,,,
53187,53187,13075,"Alfa, S.A.B. de C.V.",Alfa SAB de CV,,,,,,,,,,,,,,,,
53195,53195,2768,Lenovo Group Ltd,Lenovo Group,,,,,,,,,,,,,,,,
53196,53196,2075,CIFI Holdings Group,CIFI Holdings (Group) Co. Ltd,,,,,,,,,,,,,,,,
53197,53197,20688,Zensho Holdings Co. Ltd,Zensho Holdings Co Ltd,,,,,,,,,,,,,,,,
53222,53222,31089,Joincare Pharmaceutical Group Industry Co Ltd,Joincare Pharmaceutical Group Industry,,,,,,,,,,,,,,,,
53226,53226,12300,Enterprise Products Partners L.P.,Enterprise Products Partners,,,,,,,,,,,,,,,,
53230,53230,22343,Jeronimo Martins SGPS SA,Jeronimo Martins,,,,,,,,,,,,,,,,
53233,53233,29516,Cibus Nordic Real Estate Ab (publ),Cibus Nordic Real Estate AB,,,,,,,,,,,,,,,,
53235,53235,20544,Meyer Burger Technology Ag,Meyer Burger Technology AG,,,,,,,,,,,,,,,,
53247,53247,4242,Taylor Wimpey Plc,Taylor Wimpey,,,,,,,,,,,,,,,,
53249,53249,4225,Advanced Micro-fabrication Equipment China,"Advanced Micro-Fabrication Equipment, Inc. China",,,,,,,,,,,,,,,,
53252,53252,16525,Tofas Turk Otomobil Fabrikasi AS,Tofas Turk Otomobil Fabrikasi,,,,,,,,,,,,,,,,
53258,53258,7445,Darling Ingredients Inc,Darling Ingredients,,,,,,,,,,,,,,,,
53266,53266,2595,Freshworks Inc,Freshworks,,,,,,,,,,,,,,,,
53276,53276,16488,Makalot Industrial Co. Ltd,Makalot Industrial Co Ltd,,,,,,,,,,,,,,,,
53285,53285,7412,ALL ABOUT PIES LIMITED,ALL ABOUT PHONES LTD,,,,,,,,,,,,,,,,
53287,53287,47857,Youngone Corporation,Youngone Corp,,,,,,,,,,,,,,,,
53296,53296,42049,"Kinder Morgan, Inc.",Kinder Morgan Inc,,,,,,,,,,,,,,,,
53320,53320,48422,BEAUTY AT NO.26 LTD,BEAUTY AT NO.25 LTD.,,,,,,,,,,,,,,,,
53323,53323,41744,Unicaja Banco SA,Unicaja Banco,,,,,,,,,,,,,,,,
53334,53334,23295,Ingredion Inc,Ingredion,,,,,,,,,,,,,,,,
53369,53369,1916,Lonza Group Ltd,Lonza Group,,,,,,,,,,,,,,,,
53374,53374,27252,Olam International Ltd,Olam International,,,,,,,,,,,,,,,,
53375,53375,20888,Allianz Technology Trust plc,Allianz Technology Trust,,,,,,,,,,,,,,,,
53377,53377,47783,Partner Communications Company,Partner Communications Co Ltd,,,,,,,,,,,,,,,,
53392,53392,28143,China Telecom Corp Ltd,China Telecom,,,,,,,,,,,,,,,,
53393,53393,19641,Union Pacific Corp,Union Pacific,,,,,,,,,,,,,,,,
53401,53401,46165,Eurofins Scientific Societe Europeenne,Eurofins Scientific Se,,,,,,,,,,,,,,,,
53404,53404,20153,"Lushang Health Industry Development Co.,Ltd.",Lushang Health Industry Development,,,,,,,,,,,,,,,,
53417,53417,45008,United Rentals Inc,United Rentals,,,,,,,,,,,,,,,,
53418,53418,43486,Energisa Mato Grosso - Distribuidora de Energia S/A,Energisa Mato Grosso - Distribuidora De Energia S/a,,,,,,,,,,,,,,,,
53424,53424,26473,Ningbo Yunsheng Co. Ltd,Ningbo Yunsheng,,,,,,,,,,,,,,,,
53425,53425,40704,Team17 Group plc,Team17 Group,,,,,,,,,,,,,,,,
53438,53438,42070,Sims Ltd,Sims Limited,,,,,,,,,,,,,,,,
53446,53446,9726,SOFTWARE DESIGN SMART LTD,SOFTWARE DESIGN PLUS LTD,,,,,,,,,,,,,,,,
53449,53449,4372,Toyo Ink Sc Holdings,Toyo Ink SC Holdings Co. Ltd,,,,,,,,,,,,,,,,
53480,53480,6307,The Mosaic Company,The Mosaic Co,,,,,,,,,,,,,,,,
53490,53490,11710,Myovant Sciences Ltd.,Myovant Sciences,,,,,,,,,,,,,,,,
53492,53492,32327,Anheuser-Busch InBev NV/SA,Anheuser-Busch InBev,,,,,,,,,,,,,,,,
53494,53494,14721,Schaeffler AG,Schaeffler,,,,,,,,,,,,,,,,
53503,53503,5440,AU Optronics Corp,AU Optronics,,,,,,,,,,,,,,,,
53506,53506,30841,Leonardo SpA,Leonardo S.p.A.,,,,,,,,,,,,,,,,
53507,53507,48120,"PKSHA Technology, Inc.",PKSHA Technology,,,,,,,,,,,,,,,,
53509,53509,15195,Manpasand Beverages Ltd,Manpasand Beverages,,,,,,,,,,,,,,,,
53532,53532,22731,Aerojet Rocketdyne Holdings Inc,Aerojet Rocketdyne Holdings,,,,,,,,,,,,,,,,
53534,53534,44362,ALL ABOUT THE BIRDS LTD,ALL ABOUT THE BENJAMINS LTD,,,,,,,,,,,,,,,,
53536,53536,21681,PT Victoria Insurance Tbk,PT Victoria Care Indonesia Tbk,,,,,,,,,,,,,,,,
53537,53537,13222,Cold Storage,Cold Stone,,,,,,,,,,,,,,,,
53544,53544,52927,Monster Beverage Corporation,Monster Beverage Corp,,,,,,,,,,,,,,,,
53555,53555,45790,Fidelity European Values plc,Fidelity European Values,,,,,,,,,,,,,,,,
53559,53559,8612,S&P Global Inc,S&P Global,,,,,,,,,,,,,,,,
53588,53588,21361,Paramount Resources,Paramount Products,,,,,,,,,,,,,,,,
53591,53591,44507,Charter Hall Long Wale Reit,Charter Hall Long WALE REIT,,,,,,,,,,,,,,,,
53600,53600,43098,"National Retail Properties, Inc.",National Retail Properties,,,,,,,,,,,,,,,,
53605,53605,42322,Cembra Money Bank Ag,Cembra Money Bank AG,,,,,,,,,,,,,,,,
53612,53612,7253,Extreme Networks Inc,Extreme Networks,,,,,,,,,,,,,,,,
53618,53618,50623,"Littelfuse, Inc.",Littelfuse Inc,,,,,,,,,,,,,,,,
53624,53624,52121,Alleghany Corp,Alleghany,,,,,,,,,,,,,,,,
53627,53627,26748,Tsim Sha Tsui Properties Ltd,Tsim Sha Tsui Properties Limited,,,,,,,,,,,,,,,,
53633,53633,30677,Banco de Crédito e Inversiones,Banco de Credito e Inversiones SA,,,,,,,,,,,,,,,,
53642,53642,17883,Veidekke Asa,Veidekke ASA,,,,,,,,,,,,,,,,
53646,53646,7870,Beijing Originwater Technology Co Ltd,Beijing Originwater Technology,,,,,,,,,,,,,,,,
53647,53647,38945,Stamps.com Inc.,Stamps.com,,,,,,,,,,,,,,,,
53648,53648,5057,AGC Inc.,AGC Inc,,,,,,,,,,,,,,,,
53651,53651,13054,Crown Resorts Ltd,Crown Resorts Limited,,,,,,,,,,,,,,,,
53660,53660,2857,"Bestore Co.,ltd.","Bestore Co.,Ltd.",,,,,,,,,,,,,,,,
53661,53661,10718,Mitsubishi Chemical Holdings Corporation,Mitsubishi Chemical Holdings Corp,,,,,,,,,,,,,,,,
53668,53668,53232,Beijing Cuiwei Tower Co. Ltd,Beijing Cuiwei Tower,,,,,,,,,,,,,,,,
53680,53680,29250,UNIVERSITA' DEGLI STUDI DI PARMA,UNIVERSITA' DEGLI STUDI DI FOGGIA,,,,,,,,,,,,,,,,
53681,53681,34885,Melexis Nv,Melexis NV,,,,,,,,,,,,,,,,
53705,53705,12871,"Solaria Energía y Medio Ambiente, SA",Solaria Energia Y Medio Ambiente,,,,,,,,,,,,,,,,
53708,53708,47104,Public Joint Stock Company Krasnoyarskenergosbyt,Public Joint Stock Company Kamchatskenergo,,,,,,,,,,,,,,,,
53716,53716,30364,Acushnet Holdings Corp,Acushnet Holdings,,,,,,,,,,,,,,,,
53717,53717,8156,Galliford Try Holdings plc,Galliford Try Holdings Plc,,,,,,,,,,,,,,,,
53718,53718,2253,"Manhattan Associates, Inc.",Manhattan Associates,,,,,,,,,,,,,,,,
53720,53720,41102,Taiyo Nippon Sanso Corporation,Taiyo Nippon Sanso Corp,,,,,,,,,,,,,,,,
53747,53747,12016,CDK Global Careers,CDK Global,,,,,,,,,,,,,,,,
53748,53748,19127,E*trade Financial Corporation,E*Trade Financial Corp,,,,,,,,,,,,,,,,
53751,53751,23278,Ping An Insurance (group) Company Of China,Ping An Insurance (Group) Company of China Ltd,,,,,,,,,,,,,,,,
53763,53763,28891,Saudi Telecom Company (stc),Saudi Telecom Company,,,,,,,,,,,,,,,,
53772,53772,23546,Bangkok Expressway and Metro Public Company Ltd,Bangkok Expressway And Metro Public Company,,,,,,,,,,,,,,,,
53773,53773,5337,Genesis Energy Lp,Genesis Energy Limited,,,,,,,,,,,,,,,,
53779,53779,6864,"Sunwoda Electronic Co.,Ltd",Sunwoda Electronic,,,,,,,,,,,,,,,,
53780,53780,4216,Itochu Techno-solutions Corporation,Itochu Techno-Solutions Corp,,,,,,,,,,,,,,,,
53784,53784,48620,Hanwha Systems Co. Ltd,Hanwha Systems,,,,,,,,,,,,,,,,
53796,53796,43696,Credit Suisse Group,Credit Suisse,,,,,,,,,,,,,,,,
53806,53806,18076,G R Infraprojects Limited,G R Infraprojects,,,,,,,,,,,,,,,,
53807,53807,7683,Victrex plc,Victrex,,,,,,,,,,,,,,,,
53811,53811,42557,Maanshan Iron & Steel Company Limited,Maanshan Iron & Steel Co Ltd,,,,,,,,,,,,,,,,
53830,53830,50441,Cloudflare,Cloudera,,,,,,,,,,,,,,,,
53835,53835,12876,FOOD DELIVERY SERVICES LTD,FOOD DELIVERY SERVICE 123 LTD,,,,,,,,,,,,,,,,
53836,53836,52053,Tradeweb Markets Inc.,Tradeweb Markets Inc,,,,,,,,,,,,,,,,
53838,53838,18162,Rand Merchant Investment Holdings Ltd,Rand Merchant Investment Holdings,,,,,,,,,,,,,,,,
53839,53839,41368,Headhunter Group,HeadHunter Group PLC,,,,,,,,,,,,,,,,
53840,53840,23192,Tesla Inc,Tesla,,,,,,,,,,,,,,,,
53842,53842,6043,Kinnevik AB,Kinnevik,,,,,,,,,,,,,,,,
53847,53847,6059,Absa Group Ltd,Absa Group,,,,,,,,,,,,,,,,
53850,53850,1245,"Chunghwa Telecom Co., Ltd.",Chunghwa Telecom Co Ltd,,,,,,,,,,,,,,,,
53856,53856,42003,Advantest Corp,Advantest,,,,,,,,,,,,,,,,
53905,53905,53867,Western Superconducting Technologies Co. Ltd,Western Superconducting Technologies,,,,,,,,,,,,,,,,
53906,53906,43966,Mitani Sekisan Co. Ltd,Mitani Sekisan,,,,,,,,,,,,,,,,
53914,53914,5732,Capri Holdings Ltd,Capri Holdings Limited,,,,,,,,,,,,,,,,
53916,53916,50846,ResMed Inc,ResMed,,,,,,,,,,,,,,,,
53918,53918,14542,Reach plc,Reach Plc,,,,,,,,,,,,,,,,
53925,53925,30208,Far Eastern New Century Corporation,Far Eastern New Century Corp,,,,,,,,,,,,,,,,
53928,53928,26427,Xinyi Energy Holdings Ltd,Xinyi Energy Holdings,,,,,,,,,,,,,,,,
53934,53934,3815,GAIL India,GAIL (India) Ltd,,,,,,,,,,,,,,,,
53939,53939,2064,Origin Energy Limited,Origin Energy,,,,,,,,,,,,,,,,
53940,53940,4651,StillKom*,StillKom,,,,,,,,,,,,,,,,
53941,53941,29213,ALL ABOUT THE ENERGY LIMITED,ALL ABOUT THE E LIMITED,,,,,,,,,,,,,,,,
53959,53959,44418,Unibel SA,Unibel,,,,,,,,,,,,,,,,
53974,53974,25399,Trainline plc,Trainline,,,,,,,,,,,,,,,,
53976,53976,44436,Hellenic Seaways,Hellenic Seaplanes,,,,,,,,,,,,,,,,
53984,53984,33641,JOYY Inc.,JOYY Inc,,,,,,,,,,,,,,,,
54003,54003,23697,Perion Network Ltd.,Perion Network,,,,,,,,,,,,,,,,
54006,54006,44592,China Yangtze Power Co Ltd,China Yangtze Power,,,,,,,,,,,,,,,,
54032,54032,46734,Euronext N.V.,Euronext,,,,,,,,,,,,,,,,
54038,54038,15584,Subsea 7 SA,Subsea 7,,,,,,,,,,,,,,,,
54051,54051,32877,Kunming Yunnei Power Co Ltd,Kunming Yunnei Power,,,,,,,,,,,,,,,,
54076,54076,27353,Sumitomo Chemical Company Ltd,Sumitomo Chemical Company,,,,,,,,,,,,,,,,
54078,54078,40679,LPL Financial Holdings Inc.,LPL Financial Holdings Inc,,,,,,,,,,,,,,,,
54084,54084,42873,LONGi Green Energy Technology Co. Ltd,LONGi Green Energy Technology Co Ltd,,,,,,,,,,,,,,,,
54098,54098,23939,Sligro Food Group N.V.,Sligro Food Group,,,,,,,,,,,,,,,,
54104,54104,25852,"Entegris, Inc.",Entegris Inc,,,,,,,,,,,,,,,,
54112,54112,33644,Daiichi Sankyo Company Ltd,Daiichi Sankyo Company,,,,,,,,,,,,,,,,
54119,54119,22841,Signify NV,Signify N.V.,,,,,,,,,,,,,,,,
54123,54123,33131,Foshan Haitian Flavouring And Food Company,Foshan Haitian Flavoring Food Co Ltd,,,,,,,,,,,,,,,,
54156,54156,12522,Stanley Electric Co. Ltd,Stanley Electric,,,,,,,,,,,,,,,,
54168,54168,19221,Vodafone Idea Ltd,Vodafone Idea Limited,,,,,,,,,,,,,,,,
54170,54170,29731,Becton Dickinson And Company,Becton Dickinson,,,,,,,,,,,,,,,,
54172,54172,20333,NEW AGE MUSIC LIMITED,NEW AGE MOTORS LIMITED,,,,,,,,,,,,,,,,
54183,54183,12342,FOOD ASIA LTD,FOOD ASIA GROUP LIMITED,,,,,,,,,,,,,,,,
54195,54195,35840,"Abiomed, Inc.",Abiomed Inc,,,,,,,,,,,,,,,,
54197,54197,46742,Greencoat Uk Wind,Greencoat UK Wind plc,,,,,,,,,,,,,,,,
54198,54198,17975,Just Eat Takeawaycom NV,Just Eat Takeaway.com N.V.,,,,,,,,,,,,,,,,
54209,54209,24474,Rengo Co. Ltd,Rengo Co Ltd,,,,,,,,,,,,,,,,
54226,54226,51129,Performance Food Group Co,Performance Food Group,,,,,,,,,,,,,,,,
54242,54242,37441,Jadestone Energy plc,Jadestone Energy Inc.,,,,,,,,,,,,,,,,
54252,54252,5652,LOMBARD ODIER ASSET MANAGEMENT (USA) CORP,LOMBARD ODIER ASSET MANAGEMENT (EUROPE) LIMITED,,,,,,,,,,,,,,,,
54254,54254,9173,Ping An Bank Co Ltd,Ping An Bank,,,,,,,,,,,,,,,,
54261,54261,36710,Gaming And Leisure Properties,Gaming & Leisure Properties Inc,,,,,,,,,,,,,,,,
54262,54262,47439,Warehouses De Pauw NV,Warehouses De Pauw,,,,,,,,,,,,,,,,
54263,54263,29320,Hamamatsu Photonics KK,Hamamatsu Photonics K.k,,,,,,,,,,,,,,,,
54265,54265,4874,Fastned B.V.,Fastned,,,,,,,,,,,,,,,,
54281,54281,53073,Azbil Corporation,Azbil Corp,,,,,,,,,,,,,,,,
54291,54291,36716,Q & Q CONSULTANT LTD,Q & Q CONSTRUCTION LTD,,,,,,,,,,,,,,,,
54295,54295,30705,China Railway Signal & Communication Corporation,China Railway Signal & Communication Corp Ltd,,,,,,,,,,,,,,,,
54301,54301,15134,Aker Solutions Asa,Aker Solutions ASA,,,,,,,,,,,,,,,,
54303,54303,41897,ILLVA SARONNO SPA,ILLVA SARONNO HOLDING SPA,,,,,,,,,,,,,,,,
54313,54313,23984,Beijing Wandong Medical Technology Co. Ltd,Beijing Wandong Medical Technology,,,,,,,,,,,,,,,,
54314,54314,20163,Wistron Corp,Wistron,,,,,,,,,,,,,,,,
54324,54324,53417,"United Rentals, Inc.",United Rentals Inc,,,,,,,,,,,,,,,,
54325,54325,43298,Guotai Junan International Holdings Ltd,Guotai Junan International Holdings,,,,,,,,,,,,,,,,
54334,54334,50433,Riken Keiki Co. Ltd,Riken Keiki,,,,,,,,,,,,,,,,
54337,54337,46505,Phoenix Holdings Ltd,Phoenix Holdings,,,,,,,,,,,,,,,,
54341,54341,39416,JD.com Inc,JD.com,,,,,,,,,,,,,,,,
54349,54349,49851,"Floor & Decor Holdings, Inc.",Floor & Decor Holdings Inc,,,,,,,,,,,,,,,,
54350,54350,28888,Breville Group Ltd,Breville Group Limited,,,,,,,,,,,,,,,,
54351,54351,13677,China Aoyuan Group Ltd,China Aoyuan Group,,,,,,,,,,,,,,,,
54361,54361,32270,Pets at Home Group Plc,Pets At Home Group,,,,,,,,,,,,,,,,
54363,54363,12169,Mizuho Financial Group Inc,Mizuho Financial Group,,,,,,,,,,,,,,,,
54365,54365,28880,Showa Sangyo Co. Ltd,Showa Sangyo Co Ltd,,,,,,,,,,,,,,,,
54371,54371,17322,Atlas Air Worldwide Holdings Inc,Atlas Air Worldwide Holdings,,,,,,,,,,,,,,,,
54376,54376,23249,XCMG Construction Machinery Co Ltd,XCMG Construction Machinery,,,,,,,,,,,,,,,,
54382,54382,51462,NOV Inc.,NOV Inc,,,,,,,,,,,,,,,,
54388,54388,14858,Marui Group Co. Ltd,Marui Group Co Ltd,,,,,,,,,,,,,,,,
54395,54395,49953,Bonduelle Sca,Bonduelle SCA,,,,,,,,,,,,,,,,
54415,54415,16631,"Wuxi Lead Intelligent Equipment CO.,LTD.",Wuxi Lead Intelligent Equipment,,,,,,,,,,,,,,,,
54416,54416,27584,Hellenic Telecommunications Organization SA,Hellenic Telecommunications Organization,,,,,,,,,,,,,,,,
54439,54439,19633,Franklin Resources Inc,Franklin Resources,,,,,,,,,,,,,,,,
54445,54445,4768,BAD BOYS CORNER UK LTD,BAD BOYS CHICKEN LTD,,,,,,,,,,,,,,,,
54446,54446,12878,Nisshinbo Holdings Inc,Nisshinbo Holdings,,,,,,,,,,,,,,,,
54456,54456,29665,Stelco Holdings Inc.,Stelco Holdings,,,,,,,,,,,,,,,,
54474,54474,12882,Hyundai Steel Company,Hyundai Steel Co,,,,,,,,,,,,,,,,
54477,54477,8733,"Mediaset España Comunicación, SA",Mediaset España Comunicación,,,,,,,,,,,,,,,,
54484,54484,39940,Sekisui Chemical Co Ltd,Sekisui Chemical,,,,,,,,,,,,,,,,
54485,54485,37259,Sonic Automotive Inc,Sonic Automotive,,,,,,,,,,,,,,,,
54486,54486,24893,"Nippon Electric Glass Co., Ltd.",Nippon Electric Glass Co Ltd,,,,,,,,,,,,,,,,
54487,54487,2804,SOFTWARE SPV 2 LIMITED,SOFTWARE SPV 1 LIMITED,,,,,,,,,,,,,,,,
54491,54491,7399,Taiwan Semiconductor Manufacturing Company (tsmc),Taiwan Semiconductor Manufacturing Co Ltd,,,,,,,,,,,,,,,,
54497,54497,42682,Flowserve Corp,Flowserve,,,,,,,,,,,,,,,,
54500,54500,35775,Selsey,Sellsy,,,,,,,,,,,,,,,,
54503,54503,12954,Caltagirone SpA,Caltagirone Editore SpA,,,,,,,,,,,,,,,,
54505,54505,25746,Videocon Industries Ltd.,Videocon Industries Ltd,,,,,,,,,,,,,,,,
54522,54522,17797,"Zhejiang Gongdong Medical Technology Co.,ltd.","Zhejiang Gongdong Medical Technology Co.,Ltd.",,,,,,,,,,,,,,,,
54528,54528,22969,BAD MOON LTD,BAD MOON CAFÉ LIMITED,,,,,,,,,,,,,,,,
54529,54529,2085,Light & Wonder Inc,Light & Wonder,,,,,,,,,,,,,,,,
54537,54537,17074,Mainova Ag,Mainova AG,,,,,,,,,,,,,,,,
54541,54541,34701,City Developments Ltd,City Developments,,,,,,,,,,,,,,,,
54546,54546,571,Metlifecare,Metlife,,,,,,,,,,,,,,,,
54550,54550,48333,Thai Beverage Public Company Ltd,Thai Beverage Public Co Ltd,,,,,,,,,,,,,,,,
54551,54551,43426,Samsung Sds,Samsung Sdi,,,,,,,,,,,,,,,,
54553,54553,15543,Siam Makro Public Company,Siam Makro Public Co Ltd,,,,,,,,,,,,,,,,
54555,54555,21065,Fast Retailing Co Ltd,Fast Retailing,,,,,,,,,,,,,,,,
54562,54562,41983,Saipem SpA,Saipem,,,,,,,,,,,,,,,,
54563,54563,53393,Union Pacific Corporation,Union Pacific Corp,,,,,,,,,,,,,,,,
54568,54568,27110,Halfords Group plc,Halfords Group,,,,,,,,,,,,,,,,
54587,54587,11171,Formosa Plastics Corp,Formosa Plastics,,,,,,,,,,,,,,,,
54588,54588,38988,Aperam SA,Aperam,,,,,,,,,,,,,,,,
54590,54590,17147,ALL ABOUT SPORTS EVENTS LTD,ALL ABOUT SPORT LIMITED,,,,,,,,,,,,,,,,
54598,54598,39402,First Horizon Corp,First Horizon,,,,,,,,,,,,,,,,
54599,54599,9919,Petronet LNG Ltd,Petronet LNG,,,,,,,,,,,,,,,,
54602,54602,26191,Mavi Giyim Sanayi ve Ticaret A.S.,Mavi Giyim Sanayi Ve Ticaret,,,,,,,,,,,,,,,,
54610,54610,44308,ALL ABOUT THE HOME LIMITED,ALL ABOUT THE HAIR LTD,,,,,,,,,,,,,,,,
54624,54624,20813,Rongsheng Petrochemical Co Ltd,Rongsheng Petrochemical,,,,,,,,,,,,,,,,
54628,54628,32651,Denbury Inc.,Denbury Inc,,,,,,,,,,,,,,,,
54636,54636,8228,Nagarjuna Fertilizers and Chemicals Ltd,Nagarjuna Fertilizers and Chemicals,,,,,,,,,,,,,,,,
54646,54646,16130,Amazon.com Inc,Amazon.com,,,,,,,,,,,,,,,,
54651,54651,38962,E-L Financial Corp Ltd,E-L Financial,,,,,,,,,,,,,,,,
54652,54652,46617,Constellation Brands Inc,Constellation Brands,,,,,,,,,,,,,,,,
54653,54653,8900,Universal Scientific Industrial (shanghai),Universal Scientific Industrial,,,,,,,,,,,,,,,,
54661,54661,29280,Northern Trust Corp,Northern Trust,,,,,,,,,,,,,,,,
54668,54668,19976,Chicony Power Technology Co. Ltd,Chicony Power Technology,,,,,,,,,,,,,,,,
54679,54679,18911,Aegis Logistics Ltd,Aegis Logistics,,,,,,,,,,,,,,,,
54682,54682,36078,Farfetch Ltd,Farfetch Limited,,,,,,,,,,,,,,,,
54684,54684,23997,Alstom Sa,Alstom SA,,,,,,,,,,,,,,,,
54686,54686,43050,Shockwave Medical,"ShockWave Medical, Inc.",,,,,,,,,,,,,,,,
54688,54688,53328,SonderMind,Sonder,,,,,,,,,,,,,,,,
54689,54689,48226,Clearway Energy Inc,Clearway Energy,,,,,,,,,,,,,,,,
54692,54692,40356,Freeport-McMoRan Inc,Freeport-McMoRan,,,,,,,,,,,,,,,,
54694,54694,41482,Shenzhen Energy Group Co Ltd,Shenzhen Energy Group,,,,,,,,,,,,,,,,
54702,54702,23642,Assa Abloy AB,Assa Abloy,,,,,,,,,,,,,,,,
54706,54706,1593,BioNTech SE,BioNTech,,,,,,,,,,,,,,,,
54709,54709,34059,International Paper APPM,International Paper,,,,,,,,,,,,,,,,
54712,54712,44303,Baxter International Inc,Baxter International,,,,,,,,,,,,,,,,
54713,54713,22712,Clas Ohlson AB,Clas Ohlson,,,,,,,,,,,,,,,,
54728,54728,52179,Netwealth Group Limited,Netwealth Group,,,,,,,,,,,,,,,,
54733,54733,19553,Dah Sing Banking Group Ltd,Dah Sing Banking Group,,,,,,,,,,,,,,,,
54743,54743,22300,"Pinterest, Inc.",Pinterest Inc,,,,,,,,,,,,,,,,
54745,54745,48990,Patrizia Ag,Patrizia AG,,,,,,,,,,,,,,,,
54751,54751,25953,BEAUTY BAR NW LTD,BEAUTY BAR LDN LTD,,,,,,,,,,,,,,,,
54756,54756,24846,Anglo American Platinum Ltd,Anglo American Platinum,,,,,,,,,,,,,,,,
54771,54771,42917,TEGNA Inc.,TEGNA Inc,,,,,,,,,,,,,,,,
54783,54783,4141,CSSC Offshore & Marine Engineering Group Co Ltd,CSSC Offshore & Marine Engineering (Group) Company Ltd,,,,,,,,,,,,,,,,
54785,54785,424,Mettler-Toledo International Inc.,Mettler-Toledo International Inc,,,,,,,,,,,,,,,,
54788,54788,1263,Chengtun Mining Group Co. Ltd,Chengtun Mining Group,,,,,,,,,,,,,,,,
54791,54791,9107,Shandong Linglong Tyre,Shandong Linglong Tire Co Ltd,,,,,,,,,,,,,,,,
54794,54794,39923,NEW ADVENTURES PARTNERSHIPS LIMITED,NEW ADVENTURES NUTCRACKER LIMITED,,,,,,,,,,,,,,,,
54796,54796,38205,"MediaTek, Inc.",MediaTek Inc,,,,,,,,,,,,,,,,
54805,54805,36321,Vail Resorts Inc,Vail Resorts,,,,,,,,,,,,,,,,
54807,54807,741,Born Stahlbau*,Born Stahlbau,,,,,,,,,,,,,,,,
54829,54829,13597,Builders Firstsource,"Builders FirstSource, Inc.",,,,,,,,,,,,,,,,
54837,54837,12284,BEAUTY & AESTHETICS BY CARLA LTD,BEAUTY & AESTHETICS BY BONNIE LTD,,,,,,,,,,,,,,,,
54840,54840,264,"Tempur Sealy International, Inc.",Tempur Sealy International Inc,,,,,,,,,,,,,,,,
54842,54842,45023,Tenneco Inc,Tenneco,,,,,,,,,,,,,,,,
54852,54852,23770,Orexo AB,Orexo,,,,,,,,,,,,,,,,
54855,54855,12600,Melco Resorts & Entertainment Limited,Melco Resorts & Entertainment,,,,,,,,,,,,,,,,
54862,54862,33713,Minera Valparaiso SA,Minera Valparaiso,,,,,,,,,,,,,,,,
54865,54865,2793,Mercury NZ Ltd,Mercury NZ Limited,,,,,,,,,,,,,,,,
54881,54881,2355,Personiv,Personio,,,,,,,,,,,,,,,,
54888,54888,36227,Procter & Gamble Company,Procter & Gamble,,,,,,,,,,,,,,,,
54890,54890,28983,Obayashi Corp,Obayashi,,,,,,,,,,,,,,,,
54896,54896,45093,U GROW HYDROPONICS LIMITED,U GROW HYDRO LTD,,,,,,,,,,,,,,,,
54909,54909,14578,Malibu Boats Inc,Malibu Boats,,,,,,,,,,,,,,,,
54923,54923,52708,Sundaram Finance Holdings Ltd,Sundaram Finance,,,,,,,,,,,,,,,,
54931,54931,9330,Imperial Hotel Ltd,Imperial Hotel,,,,,,,,,,,,,,,,
54943,54943,32324,Digital 9 Infrastructure Plc,Digital 9 Infrastructure PLC,,,,,,,,,,,,,,,,
54944,54944,12733,Insurance Australia Group Limited,Insurance Australia Group,,,,,,,,,,,,,,,,
54960,54960,46971,Maxis Bhd,Maxis,,,,,,,,,,,,,,,,
54975,54975,40002,Grinm Advanced Materials Co. Ltd,Grinm Advanced Materials,,,,,,,,,,,,,,,,
54976,54976,25203,Zhejiang Medicine Co Ltd,Zhejiang Medicine,,,,,,,,,,,,,,,,
54981,54981,10909,Ryman Healthcare Ltd,Ryman Healthcare,,,,,,,,,,,,,,,,
54994,54994,1510,S A CONSULTANCY LIMITED,S A CONSULTANCIES LIMITED,,,,,,,,,,,,,,,,
55003,55003,38839,"Eoptolink Technology, Inc. Ltd",Eoptolink Technology,,,,,,,,,,,,,,,,
55020,55020,28170,Grupo LALA SAB de CV,Grupo Kuo SAB de CV,,,,,,,,,,,,,,,,
55022,55022,10732,"Dentsu Group, Inc.",Dentsu Group Inc,,,,,,,,,,,,,,,,
55024,55024,27774,Amg Advanced Metallurgical Group N.v.,Amg Advanced Metallurgical Group,,,,,,,,,,,,,,,,
55025,55025,48847,Santen Pharmaceutical Co Ltd,Santen Pharmaceutical,,,,,,,,,,,,,,,,
55026,55026,54428,Eicher Motors Ltd,Eicher Motors,,,,,,,,,,,,,,,,
55029,55029,50771,Caesars Entertainment Corporation,Caesars Entertainment,,,,,,,,,,,,,,,,
55034,55034,12536,Samsung Biologics Co Ltd,Samsung Biologics,,,,,,,,,,,,,,,,
55037,55037,43371,"Jiangsu Zongyi Co.,LTD",Jiangsu Zongyi,,,,,,,,,,,,,,,,
55042,55042,38704,ERG SpA,ERG S.p.A.,,,,,,,,,,,,,,,,
55047,55047,21145,Bread Financial Holdings Inc,Bread Financial Holdings,,,,,,,,,,,,,,,,
55057,55057,42866,NEW ACTON LIMITED,NEW ACTION LIMITED,,,,,,,,,,,,,,,,
55058,55058,40117,Vulcan Materials Company,Vulcan Materials Co,,,,,,,,,,,,,,,,
55061,55061,4004,NEW AGE DEVELOPERS RENTALS LIMITED,NEW AGE DEVELOPERS LIMITED,,,,,,,,,,,,,,,,
55073,55073,5185,Vertex Pharmaceuticals Inc,Vertex Pharmaceuticals,,,,,,,,,,,,,,,,
55079,55079,23848,Sunny Optical Technology (group) Company,Sunny Optical Technology (Group) Co Ltd,,,,,,,,,,,,,,,,
55082,55082,32458,Wing Tai Holdings Ltd,Wing Tai Holdings,,,,,,,,,,,,,,,,
55084,55084,48052,Skandinaviska Enskilda Banken Ab (publ.),Skandinaviska Enskilda Banken AB,,,,,,,,,,,,,,,,
55100,55100,1131,Roche Holding Ag,Roche Holding,,,,,,,,,,,,,,,,
55115,55115,15943,Huntsman Corporation,Huntsman Corp,,,,,,,,,,,,,,,,
55131,55131,38428,Luxshare Precision Industry Co Ltd,Luxshare Precision Industry,,,,,,,,,,,,,,,,
55134,55134,25120,Franchise India Holdings,Franchise India Brands,,,,,,,,,,,,,,,,
55135,55135,12605,Woolworths Group,Woolworths,,,,,,,,,,,,,,,,
55136,55136,32026,Abeo SA,Abengoa SA,,,,,,,,,,,,,,,,
55140,55140,1693,"Autoliv, Inc.",Autoliv Inc,,,,,,,,,,,,,,,,
55142,55142,51165,H & A PROPERTY VENTURES LIMITED,H & A PROPERTY SERVICES LTD,,,,,,,,,,,,,,,,
55170,55170,26611,"Huatai Securities Co., Ltd.",Huatai Securities Co Ltd,,,,,,,,,,,,,,,,
55178,55178,15091,Just Eat Takeaway.com,Just Eat Takeaway,,,,,,,,,,,,,,,,
55180,55180,11856,Q BAR CRO LTD,Q BAR BR3 LTD,,,,,,,,,,,,,,,,
55184,55184,35969,Trimble Inc.,Trimble Inc,,,,,,,,,,,,,,,,
55185,55185,32554,Smart Metering Systems plc,Smart Metering Systems,,,,,,,,,,,,,,,,
55187,55187,37323,Smarkets,Smarketer,,,,,,,,,,,,,,,,
55191,55191,22968,American Tower Corporation (reit),American Tower Corporation,,,,,,,,,,,,,,,,
55215,55215,43168,Keikyu Corporation,Keikyu Corp,,,,,,,,,,,,,,,,
55216,55216,50023,Nitto Denko Corporation,Nitto Denko Corp,,,,,,,,,,,,,,,,
55222,55222,51607,"Bankinter, SA",Bankinter SA,,,,,,,,,,,,,,,,
55228,55228,1470,Danieli & C. Officine Meccaniche SpA,Danieli & C. Officine Meccaniche S.p.A.,,,,,,,,,,,,,,,,
55236,55236,26774,ALL ABOUT OATS LTD,ALL ABOUT NEWPORT LTD,,,,,,,,,,,,,,,,
55237,55237,27095,TOTAL MARKETING SUPPORT LIMITED,TOTAL MARKETING SUPPORT GLOBAL LIMITED,,,,,,,,,,,,,,,,
55244,55244,37655,Infosys Ltd,Infosys Limited,,,,,,,,,,,,,,,,
55246,55246,8676,Trex Company Inc,Trex Company,,,,,,,,,,,,,,,,
55252,55252,3402,SoftBank Group Corp.,SoftBank Group Corp,,,,,,,,,,,,,,,,
55261,55261,22564,Sahara International Petrochemical Company,Sahara International Petrochemical,,,,,,,,,,,,,,,,
55263,55263,4131,Trustpower Ltd,Trustpower,,,,,,,,,,,,,,,,
55277,55277,266,Installed Building Products Inc,Installed Building Products,,,,,,,,,,,,,,,,
55280,55280,5528,Bausch Health Companies Inc,Bausch Health Companies,,,,,,,,,,,,,,,,
55284,55284,41027,Acciaierie D'italia Spa,Acciaierie D'italia Holding Spa,,,,,,,,,,,,,,,,
55294,55294,5661,Haier Electronics Group Co Ltd,Haier Electronics Group,,,,,,,,,,,,,,,,
55295,55295,43911,Yuasa Trading Co. Ltd,Yuasa Trading Co Ltd,,,,,,,,,,,,,,,,
55301,55301,9991,Nanjing Gaoke Company Ltd,Nanjing Gaoke Company,,,,,,,,,,,,,,,,
55304,55304,4554,T & A TAXIS (TWO) LTD.,T & A TAXIS (THREE) LTD.,,,,,,,,,,,,,,,,
55323,55323,38392,Nippon Express Co Ltd,Nippon Express,,,,,,,,,,,,,,,,
55327,55327,4298,Stef SA,Stef,,,,,,,,,,,,,,,,
55334,55334,504,Zions Bancorporation NA,Zions Bancorp,,,,,,,,,,,,,,,,
55335,55335,37852,Nippon Kayaku Co. Ltd,Nippon Kayaku Co Ltd,,,,,,,,,,,,,,,,
55349,55349,7058,SABIC Agri-Nutrients Company,SABIC Agri-Nutrients Co,,,,,,,,,,,,,,,,
55360,55360,35456,Pilgrim's Pride Corporation,Pilgrim's Pride Corp,,,,,,,,,,,,,,,,
55361,55361,40968,NEW ALPHABET LIMITED,NEW ALPHABET GROUP LIMITED,,,,,,,,,,,,,,,,
55362,55362,52836,Mondelez International Inc,Mondelez International,,,,,,,,,,,,,,,,
55372,55372,7014,Dongfeng Motor Group Company,Dongfeng Motor Group Co Ltd,,,,,,,,,,,,,,,,
55375,55375,14047,New China Life Insurance Company Ltd,New China Life Insurance Company,,,,,,,,,,,,,,,,
55420,55420,20915,Computacenter plc,Computacenter,,,,,,,,,,,,,,,,
55423,55423,42653,Heartland Group Holdings Limited,Heartland Group Holdings,,,,,,,,,,,,,,,,
55427,55427,13938,Delegat Group Ltd,Delegat Group,,,,,,,,,,,,,,,,
55435,55435,21085,FOOD COMA LTD,FOOD COG LIMITED,,,,,,,,,,,,,,,,
55439,55439,31244,Simplo Technology Co Ltd,Simplo Technology,,,,,,,,,,,,,,,,
55441,55441,52835,CNH Industrial NV,CNH Industrial N.V.,,,,,,,,,,,,,,,,
55463,55463,19,SS&C Technologies Holdings Inc,SS&C Technologies,,,,,,,,,,,,,,,,
55474,55474,8919,Vietnam Technological and Commercial Joint Stock Bank,Vietnam Technological & Commercial Joint Stock Bank,,,,,,,,,,,,,,,,
55490,55490,5313,Radiant Opto-electronics Corporation,Radiant Opto-Electronics Corp,,,,,,,,,,,,,,,,
55493,55493,37966,Wanhua Chemical Group Co. Ltd,Wanhua Chemical Group,,,,,,,,,,,,,,,,
55497,55497,16196,Varian Medical Systems Inc,Varian Medical Systems,,,,,,,,,,,,,,,,
55511,55511,7768,BAD WOLF (IHS2) LTD,BAD WOLF (IHS) LTD,,,,,,,,,,,,,,,,
55515,55515,302,AVIVA INSURANCE SERVICES UK LIMITED,AVIVA INSURANCE LIMITED,,,,,,,,,,,,,,,,
55518,55518,40996,Merkkur*,Merkkur,,,,,,,,,,,,,,,,
55528,55528,5047,Chongqing Rural Commercial Bank Co Ltd,Chongqing Rural Commercial Bank,,,,,,,,,,,,,,,,
55529,55529,41618,Chunghwa Telecom (CHT),Chunghwa Telecom,,,,,,,,,,,,,,,,
55533,55533,42517,Santander Bank Polska SA,Santander Bank Polska,,,,,,,,,,,,,,,,
55545,55545,34125,Denso Corporation,Denso Corp,,,,,,,,,,,,,,,,
55558,55558,2831,Atlas Copco AB,Atlas Copco,,,,,,,,,,,,,,,,
55564,55564,9183,Feiniko Handelsgesellschaft mbH,Feiniko Handelsgesellschaft,,,,,,,,,,,,,,,,
55571,55571,41025,EFG International AG,EFG International,,,,,,,,,,,,,,,,
55574,55574,27548,Alm. Brand A/s,Alm. Brand,,,,,,,,,,,,,,,,
55576,55576,1862,Pearson plc,Pearson Plc,,,,,,,,,,,,,,,,
55582,55582,16616,BAD WOLF (ADOW2) LIMITED,BAD WOLF (ADOW) LTD,,,,,,,,,,,,,,,,
55586,55586,18864,Pimco Dynamic Income Opportunities Fund,Pimco Dynamic Income Fund,,,,,,,,,,,,,,,,
55594,55594,15251,easyJet plc,easyJet Plc,,,,,,,,,,,,,,,,
55597,55597,48341,FBD Holdings plc,FBD Holdings,,,,,,,,,,,,,,,,
55604,55604,7436,Shennan Circuits Co Ltd,Shennan Circuit Company,,,,,,,,,,,,,,,,
55615,55615,26871,Siemens Energy AG,Siemens Energy,,,,,,,,,,,,,,,,
55636,55636,14967,NN Group N.V.,NN Group,,,,,,,,,,,,,,,,
55643,55643,43226,Koninklijke Philips NV,Koninklijke Philips N.V.,,,,,,,,,,,,,,,,
55650,55650,50240,China National Building Material Company,China National Building Material Co Ltd,,,,,,,,,,,,,,,,
55654,55654,27995,Inner Mongolia Junzheng Energy and Chemical Group Co Ltd,"Inner Mongolia Junzheng Energy & Chemical Group Co.,ltd.",,,,,,,,,,,,,,,,
55666,55666,14345,Shenzhen Hopewind Electric Co. Ltd,Shenzhen Hopewind Electric,,,,,,,,,,,,,,,,
55667,55667,45974,Arad Investment & Industrial Development Ltd,Arad Investment & Industrial Development,,,,,,,,,,,,,,,,
55672,55672,21273,Marcus & Millichap Inc,Marcus & Millichap,,,,,,,,,,,,,,,,
55674,55674,41933,Shenzhen International Holdings Ltd,Shenzhen International Holdings,,,,,,,,,,,,,,,,
55678,55678,12510,OZ Minerals Ltd,OZ Minerals Limited,,,,,,,,,,,,,,,,
55690,55690,15043,Amorepacific Corporation,Amorepacific Corp,,,,,,,,,,,,,,,,
55699,55699,54756,Anglo American Plc,Anglo American Platinum Ltd,,,,,,,,,,,,,,,,
55710,55710,43957,U AND I (GVP) LIMITED,U AND I (GOLF) LIMITED,,,,,,,,,,,,,,,,
55716,55716,34454,Designer Brands Inc,Designer Brands,,,,,,,,,,,,,,,,
55718,55718,26529,"Watsco, Inc.",Watsco Inc,,,,,,,,,,,,,,,,
55721,55721,20508,Avalonbay Communities,"AvalonBay Communities, Inc.",,,,,,,,,,,,,,,,
55726,55726,10040,Leon's Furniture Ltd,Leon's Furniture Limited,,,,,,,,,,,,,,,,
55739,55739,29033,Tokyo Electric Power Company Holdings,"Tokyo Electric Power Co Holdings, Inc.",,,,,,,,,,,,,,,,
55743,55743,54610,ALL ABOUT THE HOUSE LTD,ALL ABOUT THE HOME LIMITED,,,,,,,,,,,,,,,,
55755,55755,44403,"Shanghai Wanye Enterprises Co.,Ltd",Shanghai Wanye Enterprises,,,,,,,,,,,,,,,,
55760,55760,17431,"BJ's Wholesale Club Holdings, Inc.",BJ's Wholesale Club,,,,,,,,,,,,,,,,
55771,55771,31102,Deep Industries Ltd,Deep Industries,,,,,,,,,,,,,,,,
55772,55772,44466,Tetra Tech Inc,Tetra Tech,,,,,,,,,,,,,,,,
55791,55791,53152,Shengyi Technology Co. Ltd,Shengyi Technology,,,,,,,,,,,,,,,,
55796,55796,43219,Essex Property Trust Inc,Essex Property Trust,,,,,,,,,,,,,,,,
55805,55805,8122,Shanxi Coking Co. Ltd,Shanxi Coking,,,,,,,,,,,,,,,,
55806,55806,26028,Zhejiang Chint Electrics Co Ltd,Zhejiang Chint Electrics,,,,,,,,,,,,,,,,
55811,55811,51022,Gimv Nv,Gimv,,,,,,,,,,,,,,,,
55823,55823,44548,Altansia,Altana,,,,,,,,,,,,,,,,
55824,55824,45411,Halma Plc,Halma,,,,,,,,,,,,,,,,
55831,55831,44093,Brother Industries Ltd,Brother Industries,,,,,,,,,,,,,,,,
55845,55845,50413,Bristol-myers Squibb,Bristol-Myers Squibb Co,,,,,,,,,,,,,,,,
55854,55854,31275,Kindred Group plc,Kindred Group,,,,,,,,,,,,,,,,
55867,55867,38887,Persol Holdings Co Ltd,Persol Holdings,,,,,,,,,,,,,,,,
55908,55908,38847,Chularat Hospital Public Company Ltd,Chularat Hospital Public Company,,,,,,,,,,,,,,,,
55914,55914,16757,Nan Ya Printed Circuit Board Corporation,Nan Ya Printed Circuit Board Corp,,,,,,,,,,,,,,,,
55920,55920,21086,Baoding Tianwei Baobian Electric Co. Ltd,Baoding Tianwei Baobian Electric,,,,,,,,,,,,,,,,
55936,55936,48284,Telekom Austria AG,Telekom Austria,,,,,,,,,,,,,,,,
55939,55939,24988,JONES LANG LASALLE SERVICES LIMITED,JONES LANG LASALLE LIMITED,,,,,,,,,,,,,,,,
55942,55942,4665,ALL ABOUT FILM LTD,ALL ABOUT FILM ARTISTS LTD,,,,,,,,,,,,,,,,
55951,55951,28046,Banco Bpm Vita Spa,Banco Bpm Spa,,,,,,,,,,,,,,,,
55953,55953,50534,INEOS INDUSTRIES LIMITED,INEOS INDUSTRIES HOLDINGS LIMITED,,,,,,,,,,,,,,,,
55966,55966,30460,Huadian Power International Corporation Ltd,Huadian Power International Corporation,,,,,,,,,,,,,,,,
55968,55968,24576,Invocare,Invoca,,,,,,,,,,,,,,,,
55969,55969,2955,P & A MORGAN LTD,P & A MOORE LTD,,,,,,,,,,,,,,,,
55970,55970,55945,Powszechny Zaklad Ubezpieczen Sa,Powszechny Zaklad Ubezpieczen SA,,,,,,,,,,,,,,,,
55976,55976,12032,Choice Hotels International Inc,Choice Hotels International,,,,,,,,,,,,,,,,
55982,55982,49713,Beiersdorf AG,Beiersdorf,,,,,,,,,,,,,,,,
56001,56001,5718,HomeServe plc,HomeServe Plc,,,,,,,,,,,,,,,,
56011,56011,23788,Guangzhou Kingmed Diagnostics Group Co Ltd,Guangzhou Kingmed Diagnostics Group,,,,,,,,,,,,,,,,
56030,56030,16491,Winner Medical Co. Ltd,Winner Medical Co. Limited,,,,,,,,,,,,,,,,
56031,56031,36580,DS SMITH PACKAGING LIMITED,DS SMITH PACKAGING ITALIA SPA,,,,,,,,,,,,,,,,
56038,56038,9143,Yealink Network Technology Co. Ltd,Yealink Network Technology,,,,,,,,,,,,,,,,
56046,56046,53405,Haohua Chemical Science & Technology Corp Ltd,Haohua Chemical Science & Technology,,,,,,,,,,,,,,,,
56059,56059,51355,Enel Chile SA,Enel Chile,,,,,,,,,,,,,,,,
56061,56061,21574,FRoSTA AG,FRoSTA,,,,,,,,,,,,,,,,
56062,56062,10854,Fortescue Metals Group Limited,Fortescue Metals Group,,,,,,,,,,,,,,,,
56063,56063,3503,Torrent Power Ltd,Torrent Power,,,,,,,,,,,,,,,,
56072,56072,22129,Targa Resources Corp.,Targa Resources Corp,,,,,,,,,,,,,,,,
56079,56079,12711,Centerra Gold Inc.,Centerra Gold,,,,,,,,,,,,,,,,
56085,56085,17859,Tan Chong International Ltd,Tan Chong International,,,,,,,,,,,,,,,,
56088,56088,55399,Mayr-melnhof Karton Ag,Mayr-Melnhof Karton AG,,,,,,,,,,,,,,,,
56091,56091,47760,Bonfiglioli Spa,Bonfiglioli Riduttori Spa,,,,,,,,,,,,,,,,
56095,56095,40252,Bank of Jiujiang Co. Ltd,Bank of Jiujiang,,,,,,,,,,,,,,,,
56123,56123,45056,"Altria Group, Inc.",Altria Group Inc,,,,,,,,,,,,,,,,
56127,56127,31958,"Sangfor Technologies, Inc.",Sangfor Technologies,,,,,,,,,,,,,,,,
56138,56138,11917,"Gestamp Automoción, SA",Gestamp Automocion SA,,,,,,,,,,,,,,,,
56144,56144,18828,Commercial Metals Co,Commercial Metals,,,,,,,,,,,,,,,,
56152,56152,48302,Embraer SA,Embraer,,,,,,,,,,,,,,,,
56164,56164,6625,Acast AB,Acast,,,,,,,,,,,,,,,,
56169,56169,49122,BioGaia AB,BioGaia,,,,,,,,,,,,,,,,
56170,56170,21513,Central Japan Railway Company,Central Japan Railway Co,,,,,,,,,,,,,,,,
56174,56174,26930,Accton Technology Corporation,Accton Technology Corp,,,,,,,,,,,,,,,,
56178,56178,2822,Q & K CONSTRUCTION LTD,Q & J CONSTRUCTION LTD,,,,,,,,,,,,,,,,
56182,56182,27283,Intact Financial Corp,Intact Financial,,,,,,,,,,,,,,,,
56184,56184,18423,West Japan Railway Co,West Japan Railway,,,,,,,,,,,,,,,,
56185,56185,9014,Wan Hai Lines Ltd,Wan Hai Lines,,,,,,,,,,,,,,,,
56188,56188,6972,Great Wall Motor Co Ltd,Great Wall Motor,,,,,,,,,,,,,,,,
56209,56209,22856,Demant A/s,Demant A/S,,,,,,,,,,,,,,,,
56210,56210,46128,Inner Mongolia Yili Industrial Group Co. Ltd,Inner Mongolia Yili Industrial Group Co Ltd,,,,,,,,,,,,,,,,
56211,56211,32446,New Wave Group Ab (publ),New Wave Group AB,,,,,,,,,,,,,,,,
56218,56218,43756,"Banco Bilbao Vizcaya Argentaria, SA",Banco Bilbao Vizcaya Argentaria Colombia SA,,,,,,,,,,,,,,,,
56223,56223,15620,Murata Manufacturing Co. Ltd,Murata Manufacturing Co Ltd,,,,,,,,,,,,,,,,
56231,56231,35185,"Nihon M&A Center, Inc.",Nihon M&A Center,,,,,,,,,,,,,,,,
56233,56233,15435,Electricity Generating Public Company,Electricity Generating Public Co Ltd,,,,,,,,,,,,,,,,
56238,56238,19008,Mitsubishi Shokuhin Co Ltd,Mitsubishi Shokuhin,,,,,,,,,,,,,,,,
56246,56246,37751,Synapsy*,Synapsy,,,,,,,,,,,,,,,,
56267,56267,40222,"ASUSTeK Computer, Inc.",ASUSTeK Computer Inc,,,,,,,,,,,,,,,,
56277,56277,11183,Delek Group Ltd,Delek Group,,,,,,,,,,,,,,,,
56279,56279,1946,Nemetschek SE,Nemetschek,,,,,,,,,,,,,,,,
56283,56283,28359,Unicharm Corporation,Unicharm Corp,,,,,,,,,,,,,,,,
56287,56287,41724,Tianjin Port Co. Ltd,Tianjin Port,,,,,,,,,,,,,,,,
56288,56288,55214,Huber+suhner Ag,Huber+Suhner AG,,,,,,,,,,,,,,,,
56290,56290,18926,Japan Post Holdings Co. Ltd,Japan Post Holdings Co Ltd,,,,,,,,,,,,,,,,
56291,56291,40876,RevolutionRace,Revolution Race,,,,,,,,,,,,,,,,
56299,56299,26323,BAD BOY BROWNIES LTD,BAD BOY BOSSES LTD,,,,,,,,,,,,,,,,
56300,56300,32775,Russel Metals Inc.,Russel Metals Inc,,,,,,,,,,,,,,,,
56320,56320,11621,Avis Budget Group Inc,Avis Budget Group,,,,,,,,,,,,,,,,
56322,56322,3418,Fantastico,Fantastic,,,,,,,,,,,,,,,,
56325,56325,3662,Eiffage SA,Eiffage,,,,,,,,,,,,,,,,
56326,56326,21658,"Airbnb, Inc.",Airbnb Inc,,,,,,,,,,,,,,,,
56327,56327,33699,Takeuchi Mfg. Co Ltd,Takeuchi Mfg,,,,,,,,,,,,,,,,
56347,56347,6108,Dowa Holdings Co Ltd,Dowa Holdings,,,,,,,,,,,,,,,,
56352,56352,54937,Sleep Number Corporation,Sleep Number Corp,,,,,,,,,,,,,,,,
56366,56366,27225,Watches of Switzerland Group plc,Watches Of Switzerland Group PLC,,,,,,,,,,,,,,,,
56368,56368,22988,Datadog Inc,Datadog,,,,,,,,,,,,,,,,
56372,56372,33345,United Overseas Bank Ltd,United Overseas Bank,,,,,,,,,,,,,,,,
56375,56375,6628,Zhong Yang Technology Co. Ltd,Zhong Yang Technology,,,,,,,,,,,,,,,,
56381,56381,50206,Huhtamäki Oyj,Huhtamäki,,,,,,,,,,,,,,,,
56390,56390,46769,Digital China Holdings Ltd,Digital China Holdings,,,,,,,,,,,,,,,,
56393,56393,6640,Argo Investments Limited,Argo Investments,,,,,,,,,,,,,,,,
56394,56394,19843,Banca Popolare di Sondrio,Banca Popolare di Milano,,,,,,,,,,,,,,,,
56396,56396,38136,Pan German Universal Motors Ltd,Pan German Universal Motors,,,,,,,,,,,,,,,,
56398,56398,3155,United Natural Foods Inc,United Natural Foods,,,,,,,,,,,,,,,,
56407,56407,30042,"Thryv Holdings, Inc.",Thryv Holdings Inc,,,,,,,,,,,,,,,,
56421,56421,42961,Deutsche Bahn AG,Deutsche Bahn,,,,,,,,,,,,,,,,
56429,56429,2996,Topdanmark AS,Topdanmark A/s,,,,,,,,,,,,,,,,
56441,56441,36385,Zydus Lifesciences Limited,Zydus Lifesciences,,,,,,,,,,,,,,,,
56448,56448,36294,Cleanaway Waste Management Limited,Cleanaway Waste Management,,,,,,,,,,,,,,,,
56456,56456,28012,Akzo Nobel India,Akzo Nobel,,,,,,,,,,,,,,,,
56463,56463,46083,Toyo Tire Corporation,Toyo Tire Corp,,,,,,,,,,,,,,,,
56464,56464,19678,"Darden Restaurants, Inc.",Darden Restaurants,,,,,,,,,,,,,,,,
56471,56471,4421,Knorr-Bremse AG,Knorr-Bremse,,,,,,,,,,,,,,,,
56479,56479,54854,Galaxy Entertainment Group,Galaxy Entertainment,,,,,,,,,,,,,,,,
56485,56485,37110,Centene Corporation,Centene Corp,,,,,,,,,,,,,,,,
56486,56486,14362,Doosan Fuel Cell Co. Ltd,Doosan Fuel Cell,,,,,,,,,,,,,,,,
56493,56493,33891,Computershare,Computers Parts,,,,,,,,,,,,,,,,
56501,56501,1361,Grupo Mateus SA,Grupo Mateus S.a.,,,,,,,,,,,,,,,,
56502,56502,15345,Shenzhen Kingdom Sci-tech,Shenzhen Kingdom Sci-Tech Co. Ltd,,,,,,,,,,,,,,,,
56514,56514,53120,Hua Nan Financial Holdings Co. Ltd,Hua Nan Financial Holdings Co Ltd,,,,,,,,,,,,,,,,
56519,56519,51762,China Galaxy Securities Co Ltd,China Galaxy Securities,,,,,,,,,,,,,,,,
56523,56523,46100,MetLife Inc,MetLife,,,,,,,,,,,,,,,,
56525,56525,20910,Erste Group Bank Ag,Erste Group Bank AG,,,,,,,,,,,,,,,,
56530,56530,39462,Pennon Group plc,Pennon Group Plc,,,,,,,,,,,,,,,,
56532,56532,39022,China Shipbuilding Industry Company Ltd,China Shipbuilding Industry Company,,,,,,,,,,,,,,,,
56550,56550,5054,V & M CONSULTING LTD,V & M CONSULTANCY LTD,,,,,,,,,,,,,,,,
56551,56551,45408,Is Yatirim Menkul Degerler Anonim Sirketi,Is Yatirim Menkul Degerler A.S.,,,,,,,,,,,,,,,,
56552,56552,46175,Guangzhou Restaurant Group Company Ltd,Guangzhou Restaurant Group Company,,,,,,,,,,,,,,,,
56553,56553,13433,Chemours Company,Chemours Co,,,,,,,,,,,,,,,,
56557,56557,38540,"Acerinox, SA",Acerinox SA,,,,,,,,,,,,,,,,
56558,56558,31854,Axiom Space Careers,Axiom Space,,,,,,,,,,,,,,,,
56564,56564,6111,TKH Group NV,TKH Group N.V.,,,,,,,,,,,,,,,,
56565,56565,33890,Lennox International Inc,Lennox International,,,,,,,,,,,,,,,,
56568,56568,4429,Jacobs Engineering Group Inc.,Jacobs Engineering Group,,,,,,,,,,,,,,,,
56572,56572,26780,Nutanix Inc,Nutanix,,,,,,,,,,,,,,,,
56577,56577,332,Skylark Holdings Co. Ltd,Skylark Holdings Co Ltd,,,,,,,,,,,,,,,,
56583,56583,38802,PT Bank Tabungan Negara (Persero) Tbk,PT Bank Tabungan Negara,,,,,,,,,,,,,,,,
56599,56599,25835,Brinker International Inc,Brinker International,,,,,,,,,,,,,,,,
56602,56602,20487,Dover Corporation,Dover Corp,,,,,,,,,,,,,,,,
56615,56615,36994,FOOD AND BEVERAGE NETWORK LTD,FOOD AND BEVERAGE MARKETING LTD,,,,,,,,,,,,,,,,
56632,56632,22257,"Annaly Capital Management, Inc.",Annaly Capital Management Inc,,,,,,,,,,,,,,,,
56637,56637,35694,H A CHUNU & CO LIMITED,H A CHEN LIMITED,,,,,,,,,,,,,,,,
56638,56638,24906,Dilip Buildcon Ltd,Dilip Buildcon,,,,,,,,,,,,,,,,
56640,56640,32518,SOFTWARE FUSION TECHNOLOGIES LIMITED,SOFTWARE FUSION LIMITED,,,,,,,,,,,,,,,,
56643,56643,5486,GOOD BARGAINS LTD,GOOD BARGAIN TRADERS LTD,,,,,,,,,,,,,,,,
56651,56651,52999,Sul America SA,Sul America,,,,,,,,,,,,,,,,
56666,56666,54691,Medinex Ltd,Medinet,,,,,,,,,,,,,,,,
56677,56677,13027,Nine Dragons Paper Holdings,Nine Dragons Paper (holdings),,,,,,,,,,,,,,,,
56680,56680,32178,Tapestry Inc,Tapestry,,,,,,,,,,,,,,,,
56683,56683,51584,The Travelers Companies Inc,The Travelers Companies,,,,,,,,,,,,,,,,
56696,56696,34206,Siasun Robot&automation,"Siasun Robot&Automation Co.,Ltd.",,,,,,,,,,,,,,,,
56698,56698,26023,Pegasystems Inc.,Pegasystems Inc,,,,,,,,,,,,,,,,
56729,56729,47610,Atrys Health SA,Atrys Health,,,,,,,,,,,,,,,,
56730,56730,28766,Meiji Holdings Co Ltd,Meiji Holdings,,,,,,,,,,,,,,,,
56731,56731,19197,Allreal Holding Ag,Allreal Holding AG,,,,,,,,,,,,,,,,
56733,56733,19927,EOG Resources Inc,EOG Resources,,,,,,,,,,,,,,,,
56741,56741,28672,Pool Corporation,Pool Corp,,,,,,,,,,,,,,,,
56768,56768,18310,Equinor Asa,Equinor ASA,,,,,,,,,,,,,,,,
56770,56770,8268,Berry Global Group Inc,Berry Global Group,,,,,,,,,,,,,,,,
56788,56788,21947,Imperial Oil Ltd,Imperial Oil Limited,,,,,,,,,,,,,,,,
56789,56789,15756,Public Joint-Stock Company Unipro,Public Joint-Stock Company UTair Aviation,,,,,,,,,,,,,,,,
56794,56794,33261,"FTI Consulting, Inc.",FTI Consulting Inc,,,,,,,,,,,,,,,,
56816,56816,32985,Vitol,Vitl,,,,,,,,,,,,,,,,
56818,56818,42974,Administradora de Fondos de Pensiones ProVida SA,Administradora de Fondos de Pensiones PlanVital SA,,,,,,,,,,,,,,,,
56825,56825,24376,S A CONTRACTORS LIMITED,S A CONTRACT LTD,,,,,,,,,,,,,,,,
56827,56827,41171,Regal Rexnord Corporation,Regal Rexnord Corp,,,,,,,,,,,,,,,,
56832,56832,46307,"J. Front Retailing Co., Ltd.",J. Front Retailing,,,,,,,,,,,,,,,,
56851,56851,47344,Israel Discount Bank Ltd,Israel Discount Bank,,,,,,,,,,,,,,,,
56862,56862,15255,Wharf Real Estate Investment Company Ltd,Wharf Real Estate Investment Company,,,,,,,,,,,,,,,,
56881,56881,44272,Canadian Tire Corp Ltd,Canadian Tire,,,,,,,,,,,,,,,,
56885,56885,30394,Home Capital Group Inc.,Home Capital Group,,,,,,,,,,,,,,,,
56888,56888,33557,Magellan Financial Group Limited,Magellan Financial Group,,,,,,,,,,,,,,,,
56889,56889,46066,Yandex NV,Yandex N.V.,,,,,,,,,,,,,,,,
56892,56892,42667,Applied Materials Inc,Applied Materials,,,,,,,,,,,,,,,,
56898,56898,41143,Public Joint Stock Company GAZ,Public Joint Stock Company Buryatzoloto,,,,,,,,,,,,,,,,
56904,56904,25464,Riocan Real Estate Investment Trust,RioCan Real Estate Investment Trust,,,,,,,,,,,,,,,,
56910,56910,21425,Norsk Hydro Asa,Norsk Hydro ASA,,,,,,,,,,,,,,,,
56911,56911,40980,Bank of China Ltd,Bank of China,,,,,,,,,,,,,,,,
56916,56916,22766,Tingyi Cayman Islands Holding Corp,Tingyi (cayman Islands) Holding,,,,,,,,,,,,,,,,
56917,56917,5101,Token Corporation,Token Corp,,,,,,,,,,,,,,,,
56920,56920,10476,North Navigation Control Technology Co. Ltd,North Navigation Control Technology,,,,,,,,,,,,,,,,
56933,56933,4099,InterContinental Hotels Group plc,InterContinental Hotels Group Plc,,,,,,,,,,,,,,,,
56935,56935,55127,Shanghai Pudong Development Bank Co Ltd,Shanghai Pudong Development Bank,,,,,,,,,,,,,,,,
56938,56938,1142,Honda Motor Co Ltd,Honda Motor,,,,,,,,,,,,,,,,
56943,56943,46638,Navistar International Corporation,Navistar International Corp,,,,,,,,,,,,,,,,
56952,56952,26035,Doordash,Doordarshan,,,,,,,,,,,,,,,,
56961,56961,18874,BOE Technology Group Co Ltd,BOE Technology Group,,,,,,,,,,,,,,,,
56979,56979,42944,Eastern Polymer Group Public Company Ltd,Eastern Polymer Group Public Company,,,,,,,,,,,,,,,,
57008,57008,7432,Aica Kogyo Company Ltd,Aica Kogyo Company,,,,,,,,,,,,,,,,
57010,57010,46052,BEAUTY BOX BOUTIQUE LTD,BEAUTY BOX BOUTIQUE (2020) LTD,,,,,,,,,,,,,,,,
57015,57015,29223,BPER Banca Spa,BPER Banca S.p.A.,,,,,,,,,,,,,,,,
57019,57019,24322,Shriram Pistons & Rings Ltd,Shriram Pistons & Rings,,,,,,,,,,,,,,,,
57028,57028,10799,Hunan Zhongke Electric Co. Ltd,Hunan Zhongke Electric,,,,,,,,,,,,,,,,
57031,57031,16708,Shandong Buchang Pharmaceuticals Co. Ltd,Shandong Buchang Pharmaceuticals,,,,,,,,,,,,,,,,
57060,57060,50706,"Alnylam Pharmaceuticals, Inc.",Alnylam Pharmaceuticals,,,,,,,,,,,,,,,,
57078,57078,9042,Citrix Systems Inc,Citrix Systems,,,,,,,,,,,,,,,,
57079,57079,12913,MARCEGAGLIA SPECIALTIES SPA,MARCEGAGLIA PLATES SPA,,,,,,,,,,,,,,,,
57088,57088,45989,Plan B Media Public Company Ltd,Plan B Media Public Company,,,,,,,,,,,,,,,,
57090,57090,29160,Zhongyu Gas Holdings Ltd,Zhongyu Gas Holdings,,,,,,,,,,,,,,,,
57095,57095,13041,West Holdings Corporation,West Holdings Corp,,,,,,,,,,,,,,,,
57104,57104,37537,"NH Hotel Group, SA",NH Hotel Group,,,,,,,,,,,,,,,,
57105,57105,28795,SOFTWARE DEVELOPMENTS LIMITED,SOFTWARE DEVELOPMENT SOLUTIONS LIMITED,,,,,,,,,,,,,,,,
57106,57106,51322,DuPont de Nemours Inc,DuPont de Nemours,,,,,,,,,,,,,,,,
57121,57121,44468,Henderson Land Development Company,Henderson Land Development Co Ltd,,,,,,,,,,,,,,,,
57135,57135,54131,Xinte Energy Co Ltd,Xinte Energy,,,,,,,,,,,,,,,,
57138,57138,22104,Phenom People Careers,Phenom People,,,,,,,,,,,,,,,,
57156,57156,21965,BEAUTY & WHOLENESS BAR LTD,BEAUTY & WELLNESS LTD,,,,,,,,,,,,,,,,
57160,57160,46411,Parker Hannifin Corp,Parker Hannifin,,,,,,,,,,,,,,,,
57162,57162,43182,Jindal Stainless (hisar),Jindal Stainless,,,,,,,,,,,,,,,,
57169,57169,7505,Showa Denko K.k,Showa Denko K.K.,,,,,,,,,,,,,,,,
57170,57170,29059,BEAUTY BEAUTY HAIR LTD,BEAUTY BEAUTIQUE LTD,,,,,,,,,,,,,,,,
57193,57193,30404,"National Silicon Industry Group Co., Ltd.",National Silicon Industry Group Co. Ltd,,,,,,,,,,,,,,,,
57194,57194,19215,Grocery Outlet Inc,Grocery Outlet Holding,,,,,,,,,,,,,,,,
57199,57199,51671,Metropolitan Bank & Trust Company,Metropolitan Bank & Trust Co,,,,,,,,,,,,,,,,
57201,57201,17989,"Audax Renovables, SA",Audax Renovables SA,,,,,,,,,,,,,,,,
57222,57222,22793,FOOD & DRINKS GRÜN LTD,FOOD & DRINK ZONE UK LTD,,,,,,,,,,,,,,,,
57241,57241,6576,Public Joint Stock Company ALROSA-Nurba,"Public Joint Stock Company ""ingrad""",,,,,,,,,,,,,,,,
57243,57243,48793,Empire State Realty Trust,Empire State Realty Op,,,,,,,,,,,,,,,,
57249,57249,11875,Bellway plc,Bellway Plc,,,,,,,,,,,,,,,,
57253,57253,33153,Fleetcor Technologies,FleetCor Technologies Inc,,,,,,,,,,,,,,,,
57258,57258,28558,Premier Foods plc,Premier Foods,,,,,,,,,,,,,,,,
57266,57266,38298,Banca Mediolanum S.p.A.,Banca Mediolanum,,,,,,,,,,,,,,,,
57268,57268,10822,Cerner Corporation,Cerner Corp,,,,,,,,,,,,,,,,
57274,57274,45298,Daido Steel Co. Ltd,Daido Steel Co Ltd,,,,,,,,,,,,,,,,
57282,57282,46469,Asset World Corp Public Company Ltd,Asset World Corp Public Company,,,,,,,,,,,,,,,,
57283,57283,4531,Domino's Pizza Enterprises Ltd,Domino's Pizza Enterprises Limited,,,,,,,,,,,,,,,,
57294,57294,49537,BEAUTY AT MINE LTD,BEAUTY AT MINARIK LIMITED,,,,,,,,,,,,,,,,
57296,57296,34336,Techtronic Industries Company Ltd,Techtronic Industries Company,,,,,,,,,,,,,,,,
57302,57302,4973,The Progressive Corporation,The Progressive Corp,,,,,,,,,,,,,,,,
57303,57303,45652,Morneau Shepell Inc.,Morneau Shepell,,,,,,,,,,,,,,,,
57320,57320,19917,Odontoprev SA,Odontoprev,,,,,,,,,,,,,,,,
57321,57321,50440,Harness Code,Harness,,,,,,,,,,,,,,,,
57351,57351,29777,Primoris Services Corporation,Primoris Services Corp,,,,,,,,,,,,,,,,
57377,57377,19208,Adani Transmission Ltd,Adani Transmission,,,,,,,,,,,,,,,,
57379,57379,55151,Huntington Ingalls Industries Inc,Huntington Ingalls Industries,,,,,,,,,,,,,,,,
57386,57386,29026,Munters Group Ab (publ),Munters Group AB,,,,,,,,,,,,,,,,
57421,57421,38709,Vivo Energy plc,Vivo Energy Plc,,,,,,,,,,,,,,,,
57427,57427,8370,Japan Airport Terminal Co. Ltd,Japan Airport Terminal,,,,,,,,,,,,,,,,
57428,57428,54462,"Dolby Laboratories, Inc.",Dolby Laboratories Inc,,,,,,,,,,,,,,,,
57429,57429,46287,Jiangsu Changshu Rural Commercial Bank Co Ltd,Jiangsu Changshu Rural Commercial Bank,,,,,,,,,,,,,,,,
57432,57432,52872,"Pershing Square Holdings, Ltd.",Pershing Square Holdings Ord,,,,,,,,,,,,,,,,
57435,57435,6031,Per Aarsleff Holding AS,Per Aarsleff Holding A/s,,,,,,,,,,,,,,,,
57440,57440,55787,Q A CONTRACTORS LIMITED,Q A COATINGS LIMITED,,,,,,,,,,,,,,,,
57442,57442,35001,"Mitsubishi Gas Chemical Company, Inc.",Mitsubishi Gas Chemical Company,,,,,,,,,,,,,,,,
57445,57445,25138,Japan Real Estate Investment Corporation,Japan Real Estate Investment Corp,,,,,,,,,,,,,,,,
57446,57446,54580,Koninklijke KPN N.V.,Koninklijke DSM N.V.,,,,,,,,,,,,,,,,
57456,57456,41842,GARNET UK 7 NEW LIMITED,GARNET UK 23 NEW LIMITED,,,,,,,,,,,,,,,,
57462,57462,16821,Unieuro SPA,Unieuro S.p.A.,,,,,,,,,,,,,,,,
57465,57465,35624,Deliveroo plc,Deliveroo Plc,,,,,,,,,,,,,,,,
57468,57468,52585,Redrow plc,Redrow Plc,,,,,,,,,,,,,,,,
57469,57469,2726,Sumitomo Bakelite Company Ltd,Sumitomo Bakelite Company,,,,,,,,,,,,,,,,
57479,57479,16571,Yamato Holdings Co Ltd,Yamato Holdings,,,,,,,,,,,,,,,,
57490,57490,38866,Singapore Exchange Ltd,Singapore Exchange,,,,,,,,,,,,,,,,
57496,57496,32538,Trane Technologies Plc,Trane Technologies,,,,,,,,,,,,,,,,
57500,57500,41633,Leidos Holdings Inc,Leidos Holdings,,,,,,,,,,,,,,,,
57511,57511,49230,Hindustan Construction Company,Hindustan Construction Co Ltd,,,,,,,,,,,,,,,,
57514,57514,23490,Ritchie Bros. Auctioneers Incorporated,Ritchie Bros. Auctioneers,,,,,,,,,,,,,,,,
57519,57519,35319,Walker & Dunlop Inc,Walker & Dunlop,,,,,,,,,,,,,,,,
57533,57533,5007,Red Avenue New Materials Group Co. Ltd,Red Avenue New Materials Group,,,,,,,,,,,,,,,,
57535,57535,31233,China International Marine Containers (group),China International Marine Containers (Group) Co. Ltd,,,,,,,,,,,,,,,,
57536,57536,18482,Cosmei,Cosmed,,,,,,,,,,,,,,,,
57539,57539,45597,New Hope Corporation Limited,New Hope Corporation,,,,,,,,,,,,,,,,
57542,57542,55777,Power Corporation of Canada,Power Corporation Of Canada,,,,,,,,,,,,,,,,
57551,57551,48811,Tongyu Heavy Industry Co. Ltd,Tongyu Heavy Industry,,,,,,,,,,,,,,,,
57559,57559,19217,Catcher Technology Co. Ltd,Catcher Technology Co Ltd,,,,,,,,,,,,,,,,
57563,57563,44911,T A CONSULTANCY LIMITED,T A CONSULTANCIES LTD,,,,,,,,,,,,,,,,
57565,57565,19699,Juewei Food Co. Ltd,Juewei Food,,,,,,,,,,,,,,,,
57571,57571,23028,Urban Logistics Reit,Urban Logistics REIT plc,,,,,,,,,,,,,,,,
57576,57576,53517,BOC Hong Kong Holdings Ltd,BOC Hong Kong (Holdings) Ltd,,,,,,,,,,,,,,,,
57584,57584,28182,Mitsui,Mitsufuji,,,,,,,,,,,,,,,,
57585,57585,45874,Banco Santander Río SA,Banco Santander Rio SA,,,,,,,,,,,,,,,,
57590,57590,46765,The Kroger Co.,The Kroger Co,,,,,,,,,,,,,,,,
57593,57593,37753,Regional Container Lines Public Company Limited,Regional Container Lines Public Company,,,,,,,,,,,,,,,,
57595,57595,13089,Capital Numbers Infotech,Capital Numbers,,,,,,,,,,,,,,,,
57602,57602,50523,Allison Transmission Holdings Inc,Allison Transmission Holdings,,,,,,,,,,,,,,,,
57604,57604,17231,Interglobe Aviation Ltd,Interglobe Aviation,,,,,,,,,,,,,,,,
57610,57610,209,Beijing Urban Construction Investment & Development Co. Ltd,Beijing Urban Construction Investment & Development,,,,,,,,,,,,,,,,
57623,57623,203,Melco International Development Ltd,Melco International Development,,,,,,,,,,,,,,,,
57624,57624,6968,ALL ABOUT STONE LTD,ALL ABOUT STEM LIMITED,,,,,,,,,,,,,,,,
57628,57628,16629,Synopsys Inc,Synopsys,,,,,,,,,,,,,,,,
57636,57636,4406,Torrent Pharmaceuticals Ltd,Torrent Pharmaceuticals,,,,,,,,,,,,,,,,
57644,57644,250,Celulosa Argentina SA,Celulosa Argentina,,,,,,,,,,,,,,,,
57660,57660,46829,NKT AS,NKT A-S,,,,,,,,,,,,,,,,
57661,57661,40855,Nucor Corporation,Nucor Corp,,,,,,,,,,,,,,,,
57663,57663,35042,Shanghai Zhenhua Heavy Industries Co Ltd,Shanghai Zhenhua Heavy Industries,,,,,,,,,,,,,,,,
57666,57666,35203,Aeon Delight Co. Ltd,Aeon Delight Co Ltd,,,,,,,,,,,,,,,,
57677,57677,27086,PT Metropolitan Land Tbk,PT Metropolitan Kentjana Tbk,,,,,,,,,,,,,,,,
57680,57680,24268,Ivanhoe Mines Ltd.,Ivanhoe Mines,,,,,,,,,,,,,,,,
57681,57681,17135,Beijer Ref Ab,Beijer Ref AB,,,,,,,,,,,,,,,,
57691,57691,25353,Shaanxi Coal Industry Co Ltd,Shaanxi Coal Industry,,,,,,,,,,,,,,,,
57693,57693,30974,Enaex SA,Enaex,,,,,,,,,,,,,,,,
57715,57715,35684,Fincantieri Spa,Fincantieri SpA,,,,,,,,,,,,,,,,
57716,57716,23664,Intuit Inc,Intuit,,,,,,,,,,,,,,,,
57718,57718,16611,Usinas Siderurgicas de Minas Gerais SA,Usinas Siderurgicas De Minas Gerais,,,,,,,,,,,,,,,,
57727,57727,13095,"TIS, Inc.",TIS Inc,,,,,,,,,,,,,,,,
57729,57729,28861,Zendesk Inc,Zendesk,,,,,,,,,,,,,,,,
57732,57732,46855,"Nisshin Seifun Group, Inc.",Nisshin Seifun Group Inc,,,,,,,,,,,,,,,,
57766,57766,48211,Alcon Inc,Alcon,,,,,,,,,,,,,,,,
57778,57778,28950,Nortonlifelock,NortonLifeLock's,,,,,,,,,,,,,,,,
57785,57785,6604,Fastenal Co,Fastenal,,,,,,,,,,,,,,,,
57788,57788,21479,Ogury*,Ogury,,,,,,,,,,,,,,,,
57798,57798,39120,P & A SERVICES LIMITED,P & A SERVICES (ESSEX) LIMITED,,,,,,,,,,,,,,,,
57804,57804,18615,"Essential Utilities, Inc.",Essential Utilities Inc,,,,,,,,,,,,,,,,
57808,57808,42434,Unicoop Tirreno Soc Coop,Unicoop Firenze Soc Coop,,,,,,,,,,,,,,,,
57810,57810,6145,GOOD COFFEE N7 LTD,GOOD COFFEE N16 LTD,,,,,,,,,,,,,,,,
57813,57813,16106,Xiamen Xiangyu Co. Ltd,Xiamen Xiangyu,,,,,,,,,,,,,,,,
57822,57822,4230,Ascential plc,Ascential,,,,,,,,,,,,,,,,
57823,57823,3096,Fletcher Building Ltd,Fletcher Building Limited,,,,,,,,,,,,,,,,
57834,57834,48938,Aluar Aluminio Argentino SAIC,Aluar Aluminio Argentino S.A.I.C.,,,,,,,,,,,,,,,,
57840,57840,39628,Luxi Chemical Group Co Ltd,Luxi Chemical Group,,,,,,,,,,,,,,,,
57842,57842,10676,Transcontinental Inc.,Transcontinental Inc,,,,,,,,,,,,,,,,
57843,57843,54661,Northern Trust Corporation,Northern Trust Corp,,,,,,,,,,,,,,,,
57851,57851,26907,Sumitomo Dainippon Pharma Co. Ltd,Sumitomo Dainippon Pharma,,,,,,,,,,,,,,,,
57880,57880,6531,Packaging Corporation Of America,Packaging Corp of America,,,,,,,,,,,,,,,,
57883,57883,41815,Faurecia SE,Faurecia SA,,,,,,,,,,,,,,,,
57884,57884,26975,Fresh Del Monte Produce Inc,Fresh Del Monte Produce,,,,,,,,,,,,,,,,
57889,57889,508,Tilt Renewables Limited,Tilt Renewables,,,,,,,,,,,,,,,,
57891,57891,27017,"Roper Technologies, Inc.",Roper Technologies Inc,,,,,,,,,,,,,,,,
57893,57893,6689,Zhejiang Hisun Pharmaceutical Co. Ltd,Zhejiang Hisun Pharmaceutical Co Ltd,,,,,,,,,,,,,,,,
57896,57896,40163,Comfort Systems Usa,Comfort Systems USA Inc,,,,,,,,,,,,,,,,
57899,57899,3839,Svenska Cellulosa Aktiebolaget Sca (publ),Svenska Cellulosa Aktiebolaget,,,,,,,,,,,,,,,,
57911,57911,48346,"Gilead Sciences, Inc.",Gilead Sciences Inc,,,,,,,,,,,,,,,,
57915,57915,54555,Fast Retailing Co. Ltd,Fast Retailing Co Ltd,,,,,,,,,,,,,,,,
57917,57917,50752,Itausa - Investimentos Itau SA,Itausa - Investimentos Itau,,,,,,,,,,,,,,,,
57920,57920,40488,ALL ABOUT CARS LIMITED,ALL ABOUT CARING LTD.,,,,,,,,,,,,,,,,
57924,57924,49794,Jihua Group Corporation Limited,Jihua Group Corp Ltd,,,,,,,,,,,,,,,,
57926,57926,36876,Welcia Holdings Co. Ltd,Welcia Holdings,,,,,,,,,,,,,,,,
57929,57929,40843,DL Holdings Group Ltd,DL Holdings Co Ltd,,,,,,,,,,,,,,,,
57932,57932,18430,Blue Sail Medical Co Ltd,Blue Sail Medical,,,,,,,,,,,,,,,,
57950,57950,40407,"The Interpublic Group of Companies, Inc.",The Interpublic Group of Companies Inc,,,,,,,,,,,,,,,,
57960,57960,13174,UnitedHealth Group,UnitedHealth,,,,,,,,,,,,,,,,
57965,57965,33569,Jiangsu Hengrui Medicine Co Ltd,Jiangsu Hengrui Medicine,,,,,,,,,,,,,,,,
57969,57969,30525,Pactiv Evergreen Inc.,Pactiv Evergreen Inc,,,,,,,,,,,,,,,,
57970,57970,19829,Shionogi & Co. Ltd,Shionogi & Co Ltd,,,,,,,,,,,,,,,,
57972,57972,13989,SOFTWARE DESIGNS (SOUTHERN) LIMITED,SOFTWARE DESIGN SYSTEMS LTD,,,,,,,,,,,,,,,,
57973,57973,42955,"ASE Technology Holding Co., Ltd.",ASE Technology Holding Co Ltd,,,,,,,,,,,,,,,,
57984,57984,34162,Horizon Therapeutics Plc,Horizon Therapeutics,,,,,,,,,,,,,,,,
57987,57987,29024,Mitsubishi Logisnext Co Ltd,Mitsubishi Logisnext,,,,,,,,,,,,,,,,
57997,57997,7177,GL EVENTS ITALIA SPA,GL EVENTS ITALIA EXPO SRL,,,,,,,,,,,,,,,,
58002,58002,4572,JCDecaux SA,JCDecaux,,,,,,,,,,,,,,,,
58007,58007,12326,H & A TRADING LIMITED,H & A TRADERS LIMITED,,,,,,,,,,,,,,,,
58013,58013,22279,Knoll Inc,Knoll,,,,,,,,,,,,,,,,
58024,58024,41877,Astec Industries Inc,Astec Industries,,,,,,,,,,,,,,,,
58025,58025,28407,Pfeiffer Vacuum Technology Ag,Pfeiffer Vacuum Technology AG,,,,,,,,,,,,,,,,
58028,58028,21184,FOOD ALIVE LIMITED,FOOD ALERT LIMITED,,,,,,,,,,,,,,,,
58029,58029,42029,Intertek Group Plc,Intertek Group,,,,,,,,,,,,,,,,
58042,58042,57972,SOFTWARE DESIGNS LIMITED,SOFTWARE DESIGNS (SOUTHERN) LIMITED,,,,,,,,,,,,,,,,
58044,58044,29561,Intershop Holding Ag,Intershop Holding AG,,,,,,,,,,,,,,,,
58052,58052,38570,Fattal Holdings (1998) Ltd,Fattal Holdings,,,,,,,,,,,,,,,,
58055,58055,45149,BEAUTY BERIE LTD,BEAUTY BENEFITS LTD,,,,,,,,,,,,,,,,
58060,58060,48188,Clal Insurance Enterprises Holdings Ltd,Clal Insurance Enterprises Holdings,,,,,,,,,,,,,,,,
58068,58068,38329,Silgan Holdings Inc.,Silgan Holdings Inc,,,,,,,,,,,,,,,,
58069,58069,47512,FOOD AND THOUGHTS TECH LTD,FOOD AND THOUGHT CIC,,,,,,,,,,,,,,,,
58073,58073,32604,"Five Below, Inc.",Five Below Inc,,,,,,,,,,,,,,,,
58074,58074,56830,Alerion Clean Power S.p.A.,Alerion Clean Power,,,,,,,,,,,,,,,,
58079,58079,49359,Avery Dennison Corp,Avery Dennison,,,,,,,,,,,,,,,,
58088,58088,25527,ALL ABOUT ALZHEIMERS LTD,ALL ABOUT ALE LTD,,,,,,,,,,,,,,,,
58099,58099,51900,SDIC Power Holdings CO. Ltd,SDIC Power Holdings,,,,,,,,,,,,,,,,
58104,58104,54363,"Mizuho Financial Group, Inc.",Mizuho Financial Group Inc,,,,,,,,,,,,,,,,
58109,58109,4720,"Flowers Foods, Inc.",Flowers Foods Inc,,,,,,,,,,,,,,,,
58122,58122,151,S A CONSTRUCTION CO LIMITED,S A CONSTRUCTION 247 LTD,,,,,,,,,,,,,,,,
58130,58130,10481,Tower Semiconductor Ltd.,Tower Semiconductor Ltd,,,,,,,,,,,,,,,,
58134,58134,25794,Tate & Lyle PLC,Tate & Lyle,,,,,,,,,,,,,,,,
58135,58135,14725,Barratt Developments plc,Barratt Developments Plc,,,,,,,,,,,,,,,,
58141,58141,34189,"Grupo Carso, S.A.B. de C.V.",Grupo Carso SA de CV,,,,,,,,,,,,,,,,
58147,58147,55730,Option Care Health Inc,Option Care Health,,,,,,,,,,,,,,,,
58151,58151,56848,Viscofan SA,Viscofan,,,,,,,,,,,,,,,,
58157,58157,17933,Fidelity Special Values plc,Fidelity Special Values,,,,,,,,,,,,,,,,
58158,58158,24101,Summit Materials Inc,Summit Materials,,,,,,,,,,,,,,,,
58167,58167,35896,"Tokyo Gas Co.,Ltd.",Tokyo Gas Co Ltd,,,,,,,,,,,,,,,,
58172,58172,37105,Aditya Birla Money,Aditya Birla Minacs,,,,,,,,,,,,,,,,
58182,58182,53481,Bristow Group Inc.,Bristow Group Inc,,,,,,,,,,,,,,,,
58191,58191,36237,China State Construction Engineering Corp Ltd,China State Construction Engineering,,,,,,,,,,,,,,,,
58201,58201,25839,Bank of America,Bank of Africa,,,,,,,,,,,,,,,,
58205,58205,1314,Smoore International Holdings Ltd,Smoore International Holdings,,,,,,,,,,,,,,,,
58232,58232,51952,Duke Energy Corporation,Duke Energy Corp,,,,,,,,,,,,,,,,
58241,58241,53865,CRH plc,CRH Plc,,,,,,,,,,,,,,,,
58248,58248,28227,"Ross Stores, Inc.",Ross Stores Inc,,,,,,,,,,,,,,,,
58272,58272,4317,Daelim Industrial Co.,Daelim Industrial,,,,,,,,,,,,,,,,
58273,58273,42904,"DCP Midstream, LP",DCP Midstream LP,,,,,,,,,,,,,,,,
58285,58285,16738,Ausnutria Dairy Corporation Ltd,Ausnutria Dairy Corp Ltd,,,,,,,,,,,,,,,,
58289,58289,55323,"Nippon Express Co., Ltd.",Nippon Express Co Ltd,,,,,,,,,,,,,,,,
58290,58290,30851,Mineral Resources Limited,Mineral Resources,,,,,,,,,,,,,,,,
58301,58301,20626,Enerjisa Enerji A.S.,Enerjisa Enerji,,,,,,,,,,,,,,,,
58304,58304,34634,Ain Holdings Inc,Ain Holdings,,,,,,,,,,,,,,,,
58308,58308,120,Xinhua Winshare Publishing and Media Co. Ltd,Xinhua Winshare Publishing and Media Co Ltd,,,,,,,,,,,,,,,,
58313,58313,25235,Tecon Biology Co.ltd,Tecon Biology Co Ltd,,,,,,,,,,,,,,,,
58321,58321,29540,Jazz Pharmaceuticals Plc,Jazz Pharmaceuticals,,,,,,,,,,,,,,,,
58332,58332,6170,Deutsche Bank Spa,Deutsche Bank AG,,,,,,,,,,,,,,,,
58335,58335,1927,Moderna Inc,Moderna,,,,,,,,,,,,,,,,
58336,58336,27305,Q ELECTRICALS SERVICES LTD,Q ELECTRICAL SERVICES LTD,,,,,,,,,,,,,,,,
58342,58342,2868,Philip Morris International Inc,Philip Morris International,,,,,,,,,,,,,,,,
58357,58357,17954,Daifuku Co. Ltd,Daifuku Co Ltd,,,,,,,,,,,,,,,,
58363,58363,18087,PT Sekar Laut Tbk,PT Sekar Bumi Tbk,,,,,,,,,,,,,,,,
58366,58366,20308,Breedon Group plc,Breedon Group PLC,,,,,,,,,,,,,,,,
58371,58371,24078,McAfee Corp.,McAfee Corp,,,,,,,,,,,,,,,,
58372,58372,3822,"BERRY GLOBAL, INC.","BERRY GLOBAL GROUP, INC.",,,,,,,,,,,,,,,,
58379,58379,4155,Shenzhen Comix Group Co Ltd,Shenzhen Comix Group,,,,,,,,,,,,,,,,
58397,58397,51120,Solvay Sa,Solvay SA,,,,,,,,,,,,,,,,
58399,58399,42809,Opto Tech Corporation,Opto Tech Corp,,,,,,,,,,,,,,,,
58402,58402,33073,American Airlines Group Inc,American Airlines Group,,,,,,,,,,,,,,,,
58415,58415,6289,Sysmex Corporation,Sysmex Corp,,,,,,,,,,,,,,,,
58417,58417,31381,SOFTWARE TECHNOLOGIES LTD,SOFTWARE TECHNOLOGIES CONSULTING LIMITED,,,,,,,,,,,,,,,,
58420,58420,45114,Tecma Solutions S.p.A.,Tecma Solutions,,,,,,,,,,,,,,,,
58421,58421,3945,Shikoku Electric Power Company,Shikoku Electric Power Co Inc,,,,,,,,,,,,,,,,
58433,58433,35428,Element Fleet Management Corp,Element Fleet Management,,,,,,,,,,,,,,,,
58439,58439,21131,Brown-Forman Corp,Brown-Forman,,,,,,,,,,,,,,,,
58442,58442,29640,Maple Leaf Foods Inc,Maple Leaf Foods,,,,,,,,,,,,,,,,
58448,58448,9055,Flex Ltd.,Flex Ltd,,,,,,,,,,,,,,,,
58449,58449,41359,United Internet AG,United Internet,,,,,,,,,,,,,,,,
58450,58450,51062,U HIRE LIMITED,U HIRE (NI) LIMITED,,,,,,,,,,,,,,,,
58452,58452,25352,Medibank Private Limited,Medibank Private,,,,,,,,,,,,,,,,
58471,58471,52704,X5 Retail Group Careers,X5 Retail Group,,,,,,,,,,,,,,,,
58479,58479,22342,Close Brothers Group Plc,Close Brothers Group,,,,,,,,,,,,,,,,
58480,58480,1270,"MercadoLibre, Inc.",MercadoLibre,,,,,,,,,,,,,,,,
58481,58481,50556,Hindustan Unilever Ltd,Hindustan Unilever,,,,,,,,,,,,,,,,
58490,58490,24315,Daiwa Securities Group Inc,Daiwa Securities Group,,,,,,,,,,,,,,,,
58494,58494,51521,"XPO Logistics, Inc.",XPO Logistics,,,,,,,,,,,,,,,,
58502,58502,57868,Steven Madden Ltd,Steven Madden,,,,,,,,,,,,,,,,
58507,58507,16046,Muyuan Foodstuff,Muyuan Foods,,,,,,,,,,,,,,,,
58514,58514,51646,Country Garden Services Holdings Company,Country Garden Holdings Company,,,,,,,,,,,,,,,,
58525,58525,14138,Qurate Retail Group,Qurate Retail,,,,,,,,,,,,,,,,
58534,58534,30533,American Water Works,American Water Careers,,,,,,,,,,,,,,,,
58542,58542,54824,Bank of Zhengzhou Co Ltd,Bank of Zhengzhou,,,,,,,,,,,,,,,,
58544,58544,51119,Quanta Computer Inc,Quanta Computer,,,,,,,,,,,,,,,,
58548,58548,18520,Kapston Facilities Management Ltd,Kapston Facilities Management,,,,,,,,,,,,,,,,
58554,58554,8145,Vesuvius plc,Vesuvius,,,,,,,,,,,,,,,,
58555,58555,44154,Hnac Technology,Hna Technology,,,,,,,,,,,,,,,,
58557,58557,54752,Altus Group Limited,Altus Group,,,,,,,,,,,,,,,,
58567,58567,45302,Reply SpA,Reply S.p.A.,,,,,,,,,,,,,,,,
58570,58570,54098,Sligro Food Group NV,Sligro Food Group N.V.,,,,,,,,,,,,,,,,
58576,58576,55806,Zhejiang Chint Electrics Co. Ltd,Zhejiang Chint Electrics Co Ltd,,,,,,,,,,,,,,,,
58586,58586,31247,Deutsche Telekom Ag,Deutsche Telekom AG,,,,,,,,,,,,,,,,
58590,58590,5010,Walvax Biotechnology Co. Ltd,Walvax Biotechnology,,,,,,,,,,,,,,,,
58591,58591,649,Kaisa Group Holdings Ltd,Kaisa Group Holdings,,,,,,,,,,,,,,,,
58592,58592,41878,Alitalia,Alita,,,,,,,,,,,,,,,,
58598,58598,7450,Sappi Ltd,Sappi Limited,,,,,,,,,,,,,,,,
58603,58603,27983,Morgan Advanced Materials Plc,Morgan Advanced Materials,,,,,,,,,,,,,,,,
58606,58606,24339,Academy Sports + Outdoors,"Academy Sports & Outdoors, Inc.",,,,,,,,,,,,,,,,
58611,58611,20440,Huazhu Group Limited,Huazhu Group,,,,,,,,,,,,,,,,
58612,58612,21106,Länsförsäkringar Bank,Länsförsäkringar,,,,,,,,,,,,,,,,
58615,58615,36514,"United Super Markets Holdings, Inc.",United Super Markets Holdings,,,,,,,,,,,,,,,,
58630,58630,21888,Guangxi Guiguan Electric Powerco,"Guangxi Guiguan Electric PowerCo.,Ltd.",,,,,,,,,,,,,,,,
58632,58632,47705,Daiwa House Industry Co Ltd,Daiwa House Industry,,,,,,,,,,,,,,,,
58642,58642,35993,"American Water Works Company, Inc.",American Water Works Company,,,,,,,,,,,,,,,,
58647,58647,38141,Gungho Online Entertainment,"GungHo Online Entertainment, Inc.",,,,,,,,,,,,,,,,
58654,58654,19995,Infineon Technologies AG,Infineon Technologies,,,,,,,,,,,,,,,,
58655,58655,54090,China Life Insurance Co Ltd,China Life Insurance,,,,,,,,,,,,,,,,
58675,58675,26546,H & A HOLDINGS LIMITED,H & A HOLDINGS (NI) LIMITED,,,,,,,,,,,,,,,,
58688,58688,13354,Kinaxis Inc.,Kinaxis,,,,,,,,,,,,,,,,
58694,58694,53977,Chongqing Changan Automobile Co Ltd,Chongqing Changan Auto,,,,,,,,,,,,,,,,
58698,58698,56192,Cellcom Israel Ltd,Cellcom Israel,,,,,,,,,,,,,,,,
58703,58703,57593,Regional Container Lines Public Company Ltd,Regional Container Lines Public Company Limited,,,,,,,,,,,,,,,,
58706,58706,31301,WuXi Biologics Cayman Inc,WuXi Biologics,,,,,,,,,,,,,,,,
58713,58713,35992,"BNK Financial Group, Inc.",BNK Financial Group Inc,,,,,,,,,,,,,,,,
58714,58714,44827,Warner Music Group Corp.,Warner Music Group Corp,,,,,,,,,,,,,,,,
58718,58718,37053,Far Eastern Department Stores Ltd,Far Eastern Department Stores,,,,,,,,,,,,,,,,
58723,58723,24674,Hyundai Motor Careers,Hyundai Motor,,,,,,,,,,,,,,,,
58727,58727,8489,TotalEnergies SE,TotalEnergies,,,,,,,,,,,,,,,,
58733,58733,13947,GF Securities Co Ltd,GF Securities,,,,,,,,,,,,,,,,
58734,58734,30734,Carzonrent,Carzone,,,,,,,,,,,,,,,,
58736,58736,49995,NEW AGE SPORT MANAGEMENT LTD,NEW AGE SPORT MANAGEMENT (UK) LTD,,,,,,,,,,,,,,,,
58741,58741,23372,Lasertec Corporation,Lasertec Corp,,,,,,,,,,,,,,,,
58742,58742,27780,Hitachi Zosen Corporation,Hitachi Zosen Corp,,,,,,,,,,,,,,,,
58749,58749,36097,Fundo De Investimento Imobiliario - FII BTG Pactual Fundo De Fundos,Fundo De Investimento Imobiliario - FII BTG Pactual Fundo De CRI,,,,,,,,,,,,,,,,
58750,58750,48076,Novartis Ag,Novartis AG,,,,,,,,,,,,,,,,
58754,58754,47224,Piramal Enterprises Ltd,Piramal Enterprises,,,,,,,,,,,,,,,,
58766,58766,38109,AkzoNobel,Akzo Nobel NV,,,,,,,,,,,,,,,,
58773,58773,514,Daio Paper Corporation,Daio Paper Corp,,,,,,,,,,,,,,,,
58774,58774,5605,Cassa Depositi e Prestiti SpA,Cassa Depositi E Prestiti Spa,,,,,,,,,,,,,,,,
58797,58797,12269,H & A CONSTRUCTION LTD,H & A CONSORTIUM LTD,,,,,,,,,,,,,,,,
58806,58806,44513,"Weihai City Commercial Bank Co., Ltd.",Weihai City Commercial Bank Co. Ltd,,,,,,,,,,,,,,,,
58808,58808,48684,Howden Joinery Group Plc,Howden Joinery Group,,,,,,,,,,,,,,,,
58812,58812,8793,Natura &Co Holding SA,Natura & Co Holding SA,,,,,,,,,,,,,,,,
58819,58819,7054,China National Nuclear Power Co Ltd,China National Nuclear Power,,,,,,,,,,,,,,,,
58825,58825,22118,"Tokyotokeiba Co.,Ltd.",Tokyotokeiba,,,,,,,,,,,,,,,,
58869,58869,47547,Cyrela Brazil Realty S.A. Empreendimentos e Participacoes,Cyrela Brazil Realty Empreendimentos E Participacoes,,,,,,,,,,,,,,,,
58878,58878,43439,Sartorius Stedim Biotech SA,Sartorius Stedim Biotech,,,,,,,,,,,,,,,,
58882,58882,10946,Canadian Western Bank Group,Canadian Western Bank,,,,,,,,,,,,,,,,
58884,58884,31537,CANVAS HOLIDAYS LIMITED,CANVAS HOLDINGS LIMITED,,,,,,,,,,,,,,,,
58888,58888,30475,Grifols SA,Grifols,,,,,,,,,,,,,,,,
58892,58892,3438,Digital Value S.p.A.,Digital Value,,,,,,,,,,,,,,,,
58893,58893,13204,Zhejiang Expressway Co. Ltd,Zhejiang Expressway Co Ltd,,,,,,,,,,,,,,,,
58897,58897,4460,"Laboratorios Farmaceuticos Rovi, SA",Laboratorios Farmaceuticos Rovi,,,,,,,,,,,,,,,,
58913,58913,41964,AstraZeneca Plc,AstraZeneca,,,,,,,,,,,,,,,,
58920,58920,3326,Macronix International Co. Ltd,Macronix International Co Ltd,,,,,,,,,,,,,,,,
58923,58923,49954,Kansai Electric Power Company,Kansai Electric Power,,,,,,,,,,,,,,,,
58929,58929,25128,Sinotrans Ltd.,Sinotrans Ltd,,,,,,,,,,,,,,,,
58933,58933,57949,National Express Group Plc,National Express Group,,,,,,,,,,,,,,,,
58937,58937,33842,Vale Sa,Vale SA,,,,,,,,,,,,,,,,
58939,58939,18790,"Royal Gold, Inc.",Royal Gold,,,,,,,,,,,,,,,,
58941,58941,43252,Crown Castle Inc,Crown Castle,,,,,,,,,,,,,,,,
58943,58943,58744,"Ruentex Development Co.,Ltd.",Ruentex Development,,,,,,,,,,,,,,,,
58945,58945,55107,Cameco Corporation,Cameco Corp,,,,,,,,,,,,,,,,
58946,58946,56476,Stolt-Nielsen Ltd,Stolt-Nielsen Limited Careers,,,,,,,,,,,,,,,,
58951,58951,36983,Pegavision Corporation,Pegavision Corp,,,,,,,,,,,,,,,,
58952,58952,29206,P & A PROPERTIES SERVICES LTD,P & A PROPERTIES LIMITED,,,,,,,,,,,,,,,,
58953,58953,6457,Guangdong Hec Technologyholding Co. Ltd,Guangdong Hec Technologyholding,,,,,,,,,,,,,,,,
58956,58956,35718,Oshkosh Corporation,Oshkosh Corp,,,,,,,,,,,,,,,,
58957,58957,48204,iA Financial Corporation Inc.,iA Financial Corporation,,,,,,,,,,,,,,,,
58959,58959,54902,Sumitomo Metal Mining Co Ltd,Sumitomo Metal Mining,,,,,,,,,,,,,,,,
58972,58972,15792,Tianneng Power International Ltd,Tianneng Power International,,,,,,,,,,,,,,,,
58973,58973,57570,S ADU LTD,S ADEN LTD,,,,,,,,,,,,,,,,
58974,58974,16161,"Resona Holdings, Inc.",Resona Holdings Inc,,,,,,,,,,,,,,,,
58996,58996,8671,United Therapeutics Corporation,United Therapeutics Corp,,,,,,,,,,,,,,,,
59001,59001,49910,Jiangsu Yanghe Brewery JSC Ltd,Jiangsu Yanghe Brewery,,,,,,,,,,,,,,,,
59003,59003,58758,Advanced Drainage Systems Inc,Advanced Drainage Systems,,,,,,,,,,,,,,,,
59018,59018,2026,Duke Realty Corporation,Duke Realty Corp,,,,,,,,,,,,,,,,
59030,59030,11748,"SiteOne Landscape Supply, Inc.",SiteOne Landscape Supply Inc,,,,,,,,,,,,,,,,
59037,59037,21860,Robert Half International Inc.,Robert Half International Inc,,,,,,,,,,,,,,,,
59044,59044,4089,INTEL CORPORATION (UK) LIMITED,INTEL CORPORATION,,,,,,,,,,,,,,,,
59063,59063,6173,Goldsun Building Materials Co. Ltd,Goldsun Building Materials,,,,,,,,,,,,,,,,
59072,59072,2742,LIC Housing Finance Ltd,LIC Housing Finance,,,,,,,,,,,,,,,,
59074,59074,44334,Zhejiang Huahai Pharmaceutical Co Ltd,Zhejiang Huahai Pharmaceutical,,,,,,,,,,,,,,,,
59092,59092,1633,National Fuel Gas Company,National Fuel Gas Co,,,,,,,,,,,,,,,,
59094,59094,8252,Hellofresh,HelloFresh SE,,,,,,,,,,,,,,,,
59101,59101,8896,Fossil Group Inc,Fossil Group,,,,,,,,,,,,,,,,
59103,59103,41893,Vista Outdoor Inc,Vista Outdoor,,,,,,,,,,,,,,,,
59112,59112,49289,Credit Corp Group Limited,Credit Corp Group,,,,,,,,,,,,,,,,
59114,59114,49312,Woolworths Holdings Ltd,Woolworths Holdings,,,,,,,,,,,,,,,,
59117,59117,1052,Imperial Brands Plc,Imperial Brands,,,,,,,,,,,,,,,,
59120,59120,6841,Tokyo Century Corporation,Tokyo Century Corp,,,,,,,,,,,,,,,,
59127,59127,2930,Beazley plc,Beazley,,,,,,,,,,,,,,,,
59150,59150,19789,Pan Pacific International Holdings Corporation,Pan Pacific International Holdings Corp,,,,,,,,,,,,,,,,
59151,59151,17021,ALL ABOUT PROPERTIES LTD,ALL ABOUT PROMOTIONS LTD,,,,,,,,,,,,,,,,
59156,59156,51080,BEAUTY AND THE BENEFIT LIMITED,BEAUTY AND THE BEEF LTD,,,,,,,,,,,,,,,,
59165,59165,18043,Atlantia,Atlante,,,,,,,,,,,,,,,,
59171,59171,38914,Tutor2you,Tutor2You,,,,,,,,,,,,,,,,
59179,59179,3426,Reconnaissance Energy Africa Ltd,Reconnaissance Energy Africa,,,,,,,,,,,,,,,,
59187,59187,45702,Shandong Bohui Paper Industry Co Ltd,Shandong Bohui Paper Industry,,,,,,,,,,,,,,,,
59193,59193,15471,Integrated Diagnostics Holdings plc,Integrated Diagnostics Holdings,,,,,,,,,,,,,,,,
59195,59195,39525,Tangoe,TangoMe,,,,,,,,,,,,,,,,
59197,59197,50229,Allied Group Ltd,Allied Group,,,,,,,,,,,,,,,,
59200,59200,43505,Seabridge Gold Inc.,Seabridge Gold,,,,,,,,,,,,,,,,
59211,59211,40997,Chr. Hansen Holding,Chr. Hansen,,,,,,,,,,,,,,,,
59227,59227,1590,Vestas Wind Systems AS,Vestas Wind Systems A/s,,,,,,,,,,,,,,,,
59228,59228,33683,Obrascón Huarte Lain,Obrascon Huarte Lain SA,,,,,,,,,,,,,,,,
59231,59231,29126,TALKING FINANCES LTD.,TALKING FINANCES LIMITED,,,,,,,,,,,,,,,,
59237,59237,47944,Maire Tecnimont S.p.A.,Maire Tecnimont,,,,,,,,,,,,,,,,
59241,59241,37656,BEAUTY & MELODY KNIGHTSBRIDGE LIMITED,BEAUTY & MELODY KENSINGTON LIMITED,,,,,,,,,,,,,,,,
59247,59247,24496,Sailun Group Co. Ltd,Sailun Group Co Ltd,,,,,,,,,,,,,,,,
59250,59250,6328,Hengli Petrochemical Co Ltd,Hengli Petrochemical,,,,,,,,,,,,,,,,
59256,59256,52848,Hilton Worldwide Holdings Inc,Hilton Worldwide Holdings,,,,,,,,,,,,,,,,
59259,59259,44730,Enova International Inc,Enova International,,,,,,,,,,,,,,,,
59260,59260,52116,"Zhejiang Daily Digital Culture Group Co.,Ltd.",Zhejiang Daily Digital Culture Group,,,,,,,,,,,,,,,,
59261,59261,12200,NEW AGE STORE LTD,NEW AGE STONE LTD,,,,,,,,,,,,,,,,
59273,59273,23324,Air Products and Chemicals Inc,Air Products And Chemicals,,,,,,,,,,,,,,,,
59275,59275,4576,"Songcheng Performance Development Co.,Ltd",Songcheng Performance Development,,,,,,,,,,,,,,,,
59281,59281,6577,Kenda Rubber Industrial Co. Ltd,Kenda Rubber Industrial,,,,,,,,,,,,,,,,
59283,59283,52685,Eni Spa,Eni SpA,,,,,,,,,,,,,,,,
59294,59294,58603,Morgan Advanced Materials plc,Morgan Advanced Materials Plc,,,,,,,,,,,,,,,,
59302,59302,3605,CF Industries Holdings Inc,CF Industries Holdings,,,,,,,,,,,,,,,,
59307,59307,57987,Mitsubishi Logisnext Co. Ltd,Mitsubishi Logisnext Co Ltd,,,,,,,,,,,,,,,,
59309,59309,58184,Mazda Motor Corp,Mazda Motor,,,,,,,,,,,,,,,,
59315,59315,27079,"Técnicas Reunidas, SA",Técnicas Reunidas,,,,,,,,,,,,,,,,
59325,59325,53536,PT Victoria Investama Tbk,PT Victoria Insurance Tbk,,,,,,,,,,,,,,,,
59329,59329,8517,Mohawk Industries Inc,Mohawk Industries,,,,,,,,,,,,,,,,
59331,59331,59006,Norma Group Se,Norma Group SE,,,,,,,,,,,,,,,,
59334,59334,45642,"Cboe Global Markets, Inc",Cboe Global Markets,,,,,,,,,,,,,,,,
59336,59336,27732,Indorama Ventures Public Company,Indorama Ventures PCL,,,,,,,,,,,,,,,,
59339,59339,35410,Japan Prime Realty Investment Corporation,Japan Prime Realty Investment Corp,,,,,,,,,,,,,,,,
59340,59340,41640,U AND I IPC LIMITED,U AND I IPB LTD,,,,,,,,,,,,,,,,
59345,59345,48902,British American Tobacco plc,British American Tobacco Plc,,,,,,,,,,,,,,,,
59347,59347,39053,Pacific Century Regional Developments Ltd,Pacific Century Premium Developments Ltd,,,,,,,,,,,,,,,,
59350,59350,13400,"Jenkem Technology Co., Ltd.",Jenkem Technology Co. Ltd,,,,,,,,,,,,,,,,
59351,59351,2789,ALL ABOUT THE CORE LIMITED,ALL ABOUT THE COOKS LTD,,,,,,,,,,,,,,,,
59353,59353,15162,Euronav Nv,Euronav NV,,,,,,,,,,,,,,,,
59368,59368,21594,Hollyfrontier Corporation,HollyFrontier Corporation,,,,,,,,,,,,,,,,
59372,59372,19395,ALL ABOUT AGGREGATES LTD,ALL ABOUT AGGREG8 LTD,,,,,,,,,,,,,,,,
59375,59375,3617,Top Frontier Investment Holdings Inc,Top Frontier Investment Holdings,,,,,,,,,,,,,,,,
59379,59379,55119,Ferrexpo plc,Ferrexpo Plc,,,,,,,,,,,,,,,,
59390,59390,23486,Chow Tai Fook Jewellery Group,Chow Tai Fook Jewellery,,,,,,,,,,,,,,,,
59399,59399,45827,RCS MediaGroup SpA,RCS MediaGroup S.p.A.,,,,,,,,,,,,,,,,
59404,59404,24316,Genworth Financial Inc,Genworth Financial,,,,,,,,,,,,,,,,
59406,59406,38921,Capital Securities Corporation,Capital Securities Corp,,,,,,,,,,,,,,,,
59408,59408,55385,Wharf (holdings),Wharf (Holdings),,,,,,,,,,,,,,,,
59415,59415,11602,Genmab A/S,Genmab,,,,,,,,,,,,,,,,
59427,59427,41856,Block Inc,Block,,,,,,,,,,,,,,,,
59435,59435,56389,Equatorial Energia SA,Equatorial Energia,,,,,,,,,,,,,,,,
59445,59445,43071,Saputo Inc,Saputo,,,,,,,,,,,,,,,,
59450,59450,30158,Veeva Systems Inc,Veeva Systems,,,,,,,,,,,,,,,,
59451,59451,26977,Unipar Carbocloro SA,Unipar Carbocloro,,,,,,,,,,,,,,,,
59456,59456,5132,Fuji Oil Holdings Inc,Fuji Oil Holdings,,,,,,,,,,,,,,,,
59462,59462,43476,Lam Research Corporation,Lam Research Corp,,,,,,,,,,,,,,,,
59465,59465,33318,"Fidelity National Information Services, Inc.",Fidelity National Information Services Inc,,,,,,,,,,,,,,,,
59476,59476,5987,China Travel International Investment Hong Kong Ltd,China Travel International Investment Hong Kong,,,,,,,,,,,,,,,,
59479,59479,11529,"Henan Yuguang Gold&lead Co., Ltd.",Henan Yuguang Gold and Lead Co Ltd,,,,,,,,,,,,,,,,
59482,59482,19012,Marubeni Corp,Marubeni,,,,,,,,,,,,,,,,
59489,59489,28035,Raspadskaya OJSC,Raspadskaya,,,,,,,,,,,,,,,,
59494,59494,256,Huadian Power International Corp Ltd,Huadian Power International,,,,,,,,,,,,,,,,
59497,59497,9081,CIT Group Inc.,CIT Group Inc,,,,,,,,,,,,,,,,
59499,59499,51223,Royale Furniture Holdings Ltd,Royale Furniture Holdings,,,,,,,,,,,,,,,,
59504,59504,29418,United States Steel Corporation,United States Steel Corp,,,,,,,,,,,,,,,,
59507,59507,2129,Rothschild & Co Sca,Rothschild & Co SCA,,,,,,,,,,,,,,,,
59515,59515,6428,Yunnan Yuntianhua Co Ltd,Yunnan Yuntianhua,,,,,,,,,,,,,,,,
59517,59517,9757,Piedmont Lithium Limited,Piedmont Lithium,,,,,,,,,,,,,,,,
59520,59520,40776,"Powertech Technology, Inc.",Powertech Technology Inc,,,,,,,,,,,,,,,,
59521,59521,31566,Chow Sang Sang Holdings International Ltd,Chow Sang Sang Holdings International,,,,,,,,,,,,,,,,
59529,59529,24644,PG&E Corporation,PG&E Corp,,,,,,,,,,,,,,,,
59540,59540,17027,Strabag Se,Strabag,,,,,,,,,,,,,,,,
59547,59547,49929,London Stock Exchange Group Plc,London Stock Exchange Group,,,,,,,,,,,,,,,,
59557,59557,31752,"Motorola Solutions, Inc.",Motorola Solutions Inc,,,,,,,,,,,,,,,,
59560,59560,40178,Titan Company Ltd,Titan Company,,,,,,,,,,,,,,,,
59577,59577,20843,Hangzhou Hikvision Digital Technology Co Ltd,Hangzhou Hikvision Digital Technology,,,,,,,,,,,,,,,,
59582,59582,21280,Public Joint Stock Company RBC,Public Joint Stock Company Polyus,,,,,,,,,,,,,,,,
59585,59585,37225,FOOD DELIVERY LTD,FOOD DELIVERY DERBY LTD,,,,,,,,,,,,,,,,
59590,59590,21113,Sumco Corporation,Sumco Corp,,,,,,,,,,,,,,,,
59591,59591,42973,Raymond James Financial Inc,Raymond James Financial,,,,,,,,,,,,,,,,
59592,59592,21315,China Airlines Ltd,China Airlines,,,,,,,,,,,,,,,,
59594,59594,51949,Terumo Corporation,Terumo Corp,,,,,,,,,,,,,,,,
59605,59605,44442,"Contec Medical Systems Co.,ltd","Contec Medical Systems Co.,Ltd",,,,,,,,,,,,,,,,
59614,59614,9431,Daicel Corporation,Daicel Corp,,,,,,,,,,,,,,,,
59615,59615,48384,SOFTWARE PERIMETERS LTD,SOFTWARE PARTNERS LIMITED,,,,,,,,,,,,,,,,
59621,59621,13386,Synergie Se,Synergie SA,,,,,,,,,,,,,,,,
59631,59631,43913,VEON Ltd.,VEON Ltd,,,,,,,,,,,,,,,,
59634,59634,41414,Hexatronic Group Ab (publ),Hexatronic Group AB,,,,,,,,,,,,,,,,
59641,59641,56770,"Berry Global Group, Inc.",Berry Global Group Inc,,,,,,,,,,,,,,,,
59642,59642,52233,Digital China Group Co Ltd,Digital China Group,,,,,,,,,,,,,,,,
59665,59665,42829,Suez SA,Suez,,,,,,,,,,,,,,,,
59668,59668,31454,GOOD COMPANY CREATIVE LTD,GOOD COMPANY COLLECTIVE LTD,,,,,,,,,,,,,,,,
59680,59680,9936,Arthur J. Gallagher & Co.,Arthur J. Gallagher & Co,,,,,,,,,,,,,,,,
59683,59683,10792,Corbion NV,Corbion N.V.,,,,,,,,,,,,,,,,
59685,59685,5455,Greenlight Planet,Greenlight,,,,,,,,,,,,,,,,
59695,59695,13014,"Nippon Television Holdings, Inc.",Nippon Television Holdings Inc,,,,,,,,,,,,,,,,
59703,59703,49561,Talwalkars Better value Fitness,Talwalkars Better Value Fitness Ltd,,,,,,,,,,,,,,,,
59704,59704,32939,Silergy Corp,Silergy,,,,,,,,,,,,,,,,
59712,59712,9263,ROHM Co. Ltd,ROHM Co Ltd,,,,,,,,,,,,,,,,
59726,59726,37495,Thai Oil Public Company,Thai Oil Public Co Ltd,,,,,,,,,,,,,,,,
59736,59736,7477,Severn Trent plc,Severn Trent Plc,,,,,,,,,,,,,,,,
59737,59737,6613,FERRO SA,FERRERO SPA,,,,,,,,,,,,,,,,
59738,59738,36106,International Game Technology PLC,International Game Technology,,,,,,,,,,,,,,,,
59743,59743,44993,Banco Santander Brasil Sa,Banco Santander (Brasil) SA,,,,,,,,,,,,,,,,
59756,59756,41566,Petropavlovsk PLC,Petropavlovsk,,,,,,,,,,,,,,,,
59758,59758,33325,Lindab International Ab,Lindab International AB,,,,,,,,,,,,,,,,
59762,59762,42291,Legal & General Group Plc,Legal & General Group,,,,,,,,,,,,,,,,
59768,59768,8559,SOFTWARE MEDIA LTD,SOFTWARE MB LIMITED,,,,,,,,,,,,,,,,
59769,59769,26978,Moncler SpA,Moncler S.p.A.,,,,,,,,,,,,,,,,
59781,59781,49641,"Banco de Sabadell, SA",Banco de Sabadell SA,,,,,,,,,,,,,,,,
59784,59784,55551,Minderest,Mindcrest,,,,,,,,,,,,,,,,
59787,59787,54129,BAD DINOSAUR LIMITED,BAD DINOS LTD,,,,,,,,,,,,,,,,
59789,59789,4005,Zhejiang Ausun Pharmaceutical Co. Ltd,Zhejiang Ausun Pharmaceutical,,,,,,,,,,,,,,,,
59790,59790,20123,Activision Blizzard Careers,Activision Blizzard,,,,,,,,,,,,,,,,
59791,59791,31815,Nippon Densetsu Kogyo Co. Ltd,Nippon Densetsu Kogyo Co Ltd,,,,,,,,,,,,,,,,
59793,59793,34665,Semiconductor Manufacturing International Corp,Semiconductor Manufacturing International,,,,,,,,,,,,,,,,
59801,59801,55201,Sri Trang Agro-Industry Public Company Ltd,Sri Trang Agro-Industry Public Co Ltd,,,,,,,,,,,,,,,,
59808,59808,41247,Martinrea International Inc.,Martinrea International Inc,,,,,,,,,,,,,,,,
59809,59809,32132,KUKA AG,KUKA,,,,,,,,,,,,,,,,
59810,59810,26158,Lectra Sa,Lectra SA,,,,,,,,,,,,,,,,
59811,59811,2043,SOFTWARE INNOVATIONS UK LIMITED,SOFTWARE INNOVATIONS LIMITED,,,,,,,,,,,,,,,,
59816,59816,17521,New Work Se,New Work SE,,,,,,,,,,,,,,,,
59824,59824,37930,ALL ABOUT FRAMING LIMITED,ALL ABOUT FRAMES LIMITED,,,,,,,,,,,,,,,,
59828,59828,2174,Expeditors International of Washington Inc,Expeditors International Of Washington,,,,,,,,,,,,,,,,
59835,59835,8446,Future Corp,Future Consumer,,,,,,,,,,,,,,,,
59838,59838,8273,"Toray Industries, Inc.",Toray Industries Inc,,,,,,,,,,,,,,,,
59846,59846,22916,People's United Financial Inc,People's United Financial,,,,,,,,,,,,,,,,
59850,59850,58822,Türkiye Is Bankasi A.S.,Türkiye Halk Bankasi A.S.,,,,,,,,,,,,,,,,
59859,59859,5740,Burberry Group plc,Burberry Group Plc,,,,,,,,,,,,,,,,
59860,59860,36406,SK Telecom Co Ltd,SK Telecom,,,,,,,,,,,,,,,,
59870,59870,35515,Sany Heavy Industry Co Ltd,Sany Heavy Industry,,,,,,,,,,,,,,,,
59871,59871,33817,"Curaleaf Holdings, Inc.",Curaleaf Holdings Inc,,,,,,,,,,,,,,,,
59876,59876,24885,Getlink Se,Getlink SE,,,,,,,,,,,,,,,,
59878,59878,1828,"Oscar Health, Inc.",Oscar Health,,,,,,,,,,,,,,,,
59887,59887,32055,Baytex Energy Corp.,Baytex Energy Corp,,,,,,,,,,,,,,,,
59891,59891,20419,Finecobank Banca Fineco,FinecoBank Banca Fineco S.p.A.,,,,,,,,,,,,,,,,
59900,59900,9479,Norwegian Cruise Line Holdings,Norwegian Cruise Line,,,,,,,,,,,,,,,,
59911,59911,11339,Brenntag Ag,Brenntag AG,,,,,,,,,,,,,,,,
59918,59918,4593,Dave & Buster's Entertainment Inc,Dave & Buster's Entertainment,,,,,,,,,,,,,,,,
59923,59923,22233,Porton Pharma Solutions Ltd,Porton Pharma Solutions,,,,,,,,,,,,,,,,
59932,59932,58585,Tessenderlo Group Nv,Tessenderlo Group NV,,,,,,,,,,,,,,,,
59936,59936,6495,Cementir Holding NV,Cementir Holding N.V.,,,,,,,,,,,,,,,,
59941,59941,46057,Brembo Spa,Brembo SpA,,,,,,,,,,,,,,,,
59942,59942,32834,"Alsea, S.A.B. de C.V.",Alsea SAB de CV,,,,,,,,,,,,,,,,
59957,59957,14107,"Sansure Biotech, Inc.",Sansure Biotech Inc.,,,,,,,,,,,,,,,,
59993,59993,49367,Expedia Group Inc,Expedia Group,,,,,,,,,,,,,,,,
60008,60008,12646,PT Kalbe Farma Tbk.,PT Kalbe Farma Tbk,,,,,,,,,,,,,,,,
60023,60023,37746,Hanjin Kal,Hanjin,,,,,,,,,,,,,,,,
60027,60027,23063,Welbilt Inc,Welbilt,,,,,,,,,,,,,,,,
60038,60038,15784,Nien Made Enterprise Co. Ltd,Nien Made Enterprise Co Ltd,,,,,,,,,,,,,,,,
60043,60043,47067,Signet Industries Ltd,Signet Industries,,,,,,,,,,,,,,,,
