id,left_row_index,right_row_index,left_name_company,right_name_company,left_industryname,right_industryname,left_sector,right_sector,left_address,right_address,left_city,right_city,left_state,right_state,left_country,right_country,left_continent,right_continent,left_other,right_other
799,799,588,Biffa,Biffa plc,,,,,,,,,,,,,,,,
926,926,894,Ogury,Ogury*,,,,,,,,,,,,,,,,
984,984,548,Hyundai Motor Careers,Hyundai Motor Co,,,,,,,,,,,,,,,,
1377,1377,409,World Fuel Services,World Fuel Services Corp,,,,,,,,,,,,,,,,
1713,1713,108,Sasol Limited,Sasol Ltd,,,,,,,,,,,,,,,,
1840,1840,931,Keyence,Keyence Corp,,,,,,,,,,,,,,,,
2146,2146,1862,S&P Global,S&P Global Inc,,,,,,,,,,,,,,,,
2214,2214,758,China United Network Communications,China United Network Communications Ltd,,,,,,,,,,,,,,,,
2547,2547,10,Fubon Financial Holding,Fubon Financial Holding Co Ltd,,,,,,,,,,,,,,,,
2645,2645,1305,Yihai International Holding,Yihai International Holding Ltd,,,,,,,,,,,,,,,,
2762,2762,254,Beiqi Foton Motor,Beiqi Foton Motor Co Ltd,,,,,,,,,,,,,,,,
3112,3112,1265,Digital Value,Digital Value S.p.A.,,,,,,,,,,,,,,,,
3122,3122,1109,Indus Towers,Indus Towers Ltd,,,,,,,,,,,,,,,,
3125,3125,903,Mueller Industries,Mueller Industries Inc,,,,,,,,,,,,,,,,
3132,3132,2108,Hua Nan Financial Holdings Co Ltd,Hua Nan Financial Holdings Co. Ltd,,,,,,,,,,,,,,,,
3205,3205,2378,3i Group,3i Group Plc,,,,,,,,,,,,,,,,
3223,3223,173,"Pershing Square Holdings, Ltd.","Pershing Square Tontine Holdings, Ltd.",,,,,,,,,,,,,,,,
3244,3244,2371,Chipotle Mexican Grill,Chipotle Mexican Grill Inc,,,,,,,,,,,,,,,,
3480,3480,974,Orient Securities Company,Orient Securities Company Ltd,,,,,,,,,,,,,,,,
3588,3588,120,GOOD & HONEST LIMITED,GOOD & NOVEL LIMITED,,,,,,,,,,,,,,,,
3598,3598,1271,Subsea 7,Subsea 7 SA,,,,,,,,,,,,,,,,
3708,3708,2676,ALL ABOUT TECHNOLOGY LTD,ALL ABOUT TELECOMS LTD,,,,,,,,,,,,,,,,
3837,3837,2605,Nestea,Nestle,,,,,,,,,,,,,,,,
3913,3913,2435,Inaba Denki Sangyo,Inaba Denki Sangyo Co Ltd,,,,,,,,,,,,,,,,
3933,3933,482,Cofinimmo,Cofinimmo SA,,,,,,,,,,,,,,,,
4145,4145,2960,Takkt AG,Takkt Ag,,,,,,,,,,,,,,,,
4172,4172,1087,SOFTWARE DESIGN LABORATORY LIMITED,SOFTWARE DESIGN LTD,,,,,,,,,,,,,,,,
4196,4196,1183,Chiesi Farmaceutici SpA,Chiesi Farmaceutici Spa,,,,,,,,,,,,,,,,
4475,4475,4192,Hindustan Unilever,Hindustan Unilever Ltd,,,,,,,,,,,,,,,,
4935,4935,3458,Ahli United Bank,Ahli United Bank BSc,,,,,,,,,,,,,,,,
5014,5014,3763,Pan Ocean,Pan Ocean Co Ltd,,,,,,,,,,,,,,,,
5116,5116,5105,Nissan Motor,Nissan Motor Co Ltd,,,,,,,,,,,,,,,,
5182,5182,664,Caesars Entertainment Corporation,Caesars Entertainment Inc,,,,,,,,,,,,,,,,
5212,5212,2700,Crédit Agricole,Crédit Agricole SA,,,,,,,,,,,,,,,,
5265,5265,4485,C&C Group,C&C Group plc,,,,,,,,,,,,,,,,
5335,5335,4693,Grupa Zywiec S.a.,Grupa Zywiec SA,,,,,,,,,,,,,,,,
5346,5346,3799,China Taiping Insurance Holdings Co Ltd,China Taiping Insurance Holdings Company,,,,,,,,,,,,,,,,
5366,5366,1983,Hyundai Department Store,Hyundai Department Store Co Ltd,,,,,,,,,,,,,,,,
5400,5400,1886,Hotai Finance Co. Ltd,"Hotai Finance Co., Ltd.",,,,,,,,,,,,,,,,
5443,5443,3104,Taishin Financial Holding Co Ltd,Taishin Financial Holding Co. Ltd,,,,,,,,,,,,,,,,
5451,5451,4246,S A JONES CONSTRUCTION LTD,S A JONES CONTRACTS LIMITED,,,,,,,,,,,,,,,,
5569,5569,3194,Topchoice Medical Corp,Topchoice Medical Corporation,,,,,,,,,,,,,,,,
5657,5657,5,Conduent,Conduent Inc,,,,,,,,,,,,,,,,
5817,5817,3346,Stella-Jones Inc.,Stella-jones,,,,,,,,,,,,,,,,
5912,5912,4442,United Parcel Service (ups),United Parcel Service Inc,,,,,,,,,,,,,,,,
5944,5944,3544,S Foods,S Foods Inc,,,,,,,,,,,,,,,,
6102,6102,897,BLATCHFORD GROUP LIMITED,BLATCHFORD LIMITED,,,,,,,,,,,,,,,,
6127,6127,4734,Bloomin' Brands,Bloomin' Brands Inc,,,,,,,,,,,,,,,,
6150,6150,5792,GOOD BUYS LIMITED,GOOD BUYYS LIMITED,,,,,,,,,,,,,,,,
6173,6173,3004,Hostess Brands,Hostess Brands Inc,,,,,,,,,,,,,,,,
6759,6759,6119,Atrium European Real Estate,Atrium European Real Estate Ltd,,,,,,,,,,,,,,,,
6781,6781,3318,Start,Startek,,,,,,,,,,,,,,,,
6782,6782,3923,Itochu Corp,Itochu Corporation,,,,,,,,,,,,,,,,
6992,6992,1098,Colas SA,Colas Sa,,,,,,,,,,,,,,,,
7191,7191,2266,Brunswick Corp,Brunswick Corporation,,,,,,,,,,,,,,,,
7282,7282,2722,First Quantum Minerals Ltd,First Quantum Minerals Ltd.,,,,,,,,,,,,,,,,
7299,7299,970,Capri Holdings Limited,Capri Holdings Ltd,,,,,,,,,,,,,,,,
7323,7323,2526,Newell Brands,Newell Brands Inc,,,,,,,,,,,,,,,,
7387,7387,6671,Singapore Press Holdings,Singapore Press Holdings Ltd,,,,,,,,,,,,,,,,
7404,7404,7380,The Cooper Companies Inc,"The Cooper Companies, Inc.",,,,,,,,,,,,,,,,
7454,7454,2985,Target Corp,Target Corporation,,,,,,,,,,,,,,,,
7564,7564,3161,Nisshin Seifun Group Inc,"Nisshin Seifun Group, Inc.",,,,,,,,,,,,,,,,
7581,7581,3257,Exelon Corp,Exelon Corporation,,,,,,,,,,,,,,,,
7700,7700,5989,Digital Garage,"Digital Garage, Inc.",,,,,,,,,,,,,,,,
7748,7748,5201,Stanley Black & Decker Inc,"Stanley Black & Decker, Inc.",,,,,,,,,,,,,,,,
7812,7812,2965,SOFTWARE MB LIMITED,SOFTWARE MEDIA LTD,,,,,,,,,,,,,,,,
7846,7846,2996,Green Dot Corp,Green Dot Corporation,,,,,,,,,,,,,,,,
7931,7931,5937,Liberty Latin America,Liberty Latin America Ltd,,,,,,,,,,,,,,,,
7955,7955,5206,"Shenzhen Hymson Laser Intelligent Equipments Co.,Ltd.","Shenzhen Hymson Laser Intelligent Equipments Co.,ltd.",,,,,,,,,,,,,,,,
8101,8101,7227,Koenig & Bauer,Koenig & Bauer AG,,,,,,,,,,,,,,,,
8113,8113,5898,Hikma Pharmaceuticals Plc,Hikma Pharmaceuticals plc,,,,,,,,,,,,,,,,
8220,8220,2097,Lojas Renner,Lojas Renner SA,,,,,,,,,,,,,,,,
8254,8254,1283,Gold Fields Limited,Gold Fields Ltd,,,,,,,,,,,,,,,,
8266,8266,1016,Eastern Polymer Group Public Company,Eastern Polymer Group Public Company Ltd,,,,,,,,,,,,,,,,
8284,8284,5182,Caesars Entertainment,Caesars Entertainment Corporation,,,,,,,,,,,,,,,,
8326,8326,6452,AGC Inc,AGC Inc.,,,,,,,,,,,,,,,,
8493,8493,4727,West Pharmaceutical Services,West Pharmaceutical Services Inc,,,,,,,,,,,,,,,,
8543,8543,3503,Shinsegae,Shinsegae Inc,,,,,,,,,,,,,,,,
8591,8591,8524,ALL ABOUT PETS LTD,ALL ABOUT PHONES LTD,,,,,,,,,,,,,,,,
8643,8643,798,Evotec SE,Evotec Se,,,,,,,,,,,,,,,,
8726,8726,2589,Valor Holdings Co Ltd,Valor Holdings Co. Ltd,,,,,,,,,,,,,,,,
8788,8788,3409,Bennet Holding Spa,Bennet Spa,,,,,,,,,,,,,,,,
8796,8796,1203,BEAUTY BAR LDN LTD,BEAUTY BAR NW LTD,,,,,,,,,,,,,,,,
8849,8849,3152,M Square Media,M Squared,,,,,,,,,,,,,,,,
8884,8884,6303,1&1 AG,1&1 Ag,,,,,,,,,,,,,,,,
8949,8949,2329,China Merchants Securities Co Ltd,China Merchants Securities Co. Ltd,,,,,,,,,,,,,,,,
9076,9076,2917,T ADAM LIMITED,T ADOMAKOH LIMITED,,,,,,,,,,,,,,,,
9085,9085,2547,Fubon Financial,Fubon Financial Holding,,,,,,,,,,,,,,,,
9121,9121,7009,FOOD ALLERGY IMMUNOTHERAPY EDUCATION LTD,FOOD ALLERGY IMMUNOTHERAPY LIMITED,,,,,,,,,,,,,,,,
9212,9212,7353,Colgate-Palmolive,Colgate-Palmolive Co,,,,,,,,,,,,,,,,
9293,9293,8711,Hisense Home Appliances Group,Hisense Home Appliances Group Co. Ltd,,,,,,,,,,,,,,,,
9414,9414,6808,Matas,Matas A-S,,,,,,,,,,,,,,,,
9452,9452,6181,Xinjiang Daqo New Energy,"Xinjiang Daqo New Energy Co.,ltd.",,,,,,,,,,,,,,,,
9629,9629,5132,R A COLLIN LIMITED,R A COLLINS RIGGING LIMITED,,,,,,,,,,,,,,,,
9676,9676,4829,ZOZO Inc,"ZOZO, Inc.",,,,,,,,,,,,,,,,
9713,9713,6461,United Urban Investment Corp,United Urban Investment Corporation,,,,,,,,,,,,,,,,
9730,9730,4599,Multiplan Empreendimentos Imobiliarios,Multiplan Empreendimentos Imobiliarios SA,,,,,,,,,,,,,,,,
9745,9745,9484,KEC International,KEC International Ltd,,,,,,,,,,,,,,,,
9775,9775,4120,trivago,trivago N.V.,,,,,,,,,,,,,,,,
9812,9812,1640,Revlon,Revlon Inc,,,,,,,,,,,,,,,,
9817,9817,8374,Prosperity Bancshares,Prosperity Bancshares Inc,,,,,,,,,,,,,,,,
9836,9836,4306,People's United Financial Inc,"People's United Financial, Inc.",,,,,,,,,,,,,,,,
9950,9950,3539,3SBio Inc,"3SBio, Inc.",,,,,,,,,,,,,,,,
9974,9974,8177,Hyundai Steel Co,Hyundai Steel Company,,,,,,,,,,,,,,,,
9984,9984,7701,Suzuki Motor,Suzuki Motor Corp,,,,,,,,,,,,,,,,
10008,10008,5895,Materialise NV,Materialise Nv,,,,,,,,,,,,,,,,
10015,10015,6044,Acea SpA,Acea Spa,,,,,,,,,,,,,,,,
10059,10059,6346,Fukuoka Financial Group Inc,"Fukuoka Financial Group, Inc.",,,,,,,,,,,,,,,,
10082,10082,760,Viscofan,Viscofan SA,,,,,,,,,,,,,,,,
10127,10127,7826,Papa John's International,Papa John's International Inc,,,,,,,,,,,,,,,,
10162,10162,7446,Soochow Securities,Soochow Securities Co. Ltd,,,,,,,,,,,,,,,,
10230,10230,5021,Kolmar Korea Co Ltd,Kolmar Korea Co. Ltd,,,,,,,,,,,,,,,,
10258,10258,8772,BEAUTY BEAN LTD,BEAUTY BEAST LTD,,,,,,,,,,,,,,,,
10272,10272,9696,Maytronics,Maytronics Ltd,,,,,,,,,,,,,,,,
10371,10371,6177,Equinor ASA,Equinor Asa,,,,,,,,,,,,,,,,
10506,10506,6529,Carrier Global,Carrier Global Corp,,,,,,,,,,,,,,,,
10605,10605,3057,Azbil Corp,Azbil Corporation,,,,,,,,,,,,,,,,
10614,10614,8956,Everflow,Everflow Group,,,,,,,,,,,,,,,,
10657,10657,3473,Arabian Petroleum,Arabian Petroleum Limited,,,,,,,,,,,,,,,,
10706,10706,4765,Yonghui Superstores,Yonghui Superstores Co. Ltd,,,,,,,,,,,,,,,,
10725,10725,2548,Logan Property Holdings,Logan Property Holdings Company,,,,,,,,,,,,,,,,
10740,10740,10266,Mitsubishi Estate Co Ltd,Mitsubishi Estate Co. Ltd,,,,,,,,,,,,,,,,
10767,10767,3438,Com7 Public Company,Com7 Public Company Ltd,,,,,,,,,,,,,,,,
10786,10786,3403,CRH Plc,CRH plc,,,,,,,,,,,,,,,,
10790,10790,6681,Capita Plc,Capita plc,,,,,,,,,,,,,,,,
10794,10794,10093,Delta Electronics (Thailand) PCL,Delta Electronics (thailand) Public Company,,,,,,,,,,,,,,,,
10833,10833,4430,ELECTROAIR GROUP AS,ELECTROAIR OU,,,,,,,,,,,,,,,,
10845,10845,9895,Meritz Financial Group,"Meritz Financial Group, Inc.",,,,,,,,,,,,,,,,
10881,10881,9459,Asahi Intecc,Asahi Intecc Co. Ltd,,,,,,,,,,,,,,,,
10909,10909,5840,Bavarian Nordic A-S,Bavarian Nordic A/s,,,,,,,,,,,,,,,,
10954,10954,10210,Royal Caribbean Cruises Ltd,Royal Caribbean Cruises Ltd.,,,,,,,,,,,,,,,,
10976,10976,7896,Grupo Nutresa S. A.,Grupo Nutresa SA,,,,,,,,,,,,,,,,
11022,11022,9442,Takeuchi Mfg,Takeuchi Mfg. Co Ltd,,,,,,,,,,,,,,,,
11071,11071,10374,FINANCESOL LTD,FINANCESOLUTIONSNW LTD,,,,,,,,,,,,,,,,
11081,11081,11035,Saizeriya Co Ltd,"Saizeriya Co.,Ltd.",,,,,,,,,,,,,,,,
11082,11082,4849,Moderna Inc,"Moderna, Inc.",,,,,,,,,,,,,,,,
11083,11083,3303,Nordea Bank,Nordea Bank Abp,,,,,,,,,,,,,,,,
11135,11135,7796,Oshkosh Corp,Oshkosh Corporation,,,,,,,,,,,,,,,,
11144,11144,10715,Cathay Financial Holding Co Ltd,Cathay Financial Holding Co. Ltd,,,,,,,,,,,,,,,,
11184,11184,11170,Granite Construction,Granite Construction Inc,,,,,,,,,,,,,,,,
11276,11276,944,Credit Agricole SA,Credit Agricole Vita Spa,,,,,,,,,,,,,,,,
11290,11290,8276,Bure Equity,Bure Equity AB,,,,,,,,,,,,,,,,
11295,11295,3464,Intershop Holding AG,Intershop Holding Ag,,,,,,,,,,,,,,,,
11314,11314,4807,Seazen Group,Seazen Group Ltd,,,,,,,,,,,,,,,,
11321,11321,2956,Zhejiang Windey,Zhejiang Windey Co Ltd,,,,,,,,,,,,,,,,
11344,11344,3387,Motor Oil (Hellas) Corinth Refineries SA,Motor Oil (hellas) Corinth Refineries S.a.,,,,,,,,,,,,,,,,
11386,11386,8083,"Tokyo Electric Power Co Holdings, Inc.",Tokyo Electric Power Company Holdings,,,,,,,,,,,,,,,,
11442,11442,1809,East Japan Railway,East Japan Railway Co,,,,,,,,,,,,,,,,
11496,11496,11228,Edion Corp,Edion Corporation,,,,,,,,,,,,,,,,
11520,11520,3223,Pershing Square Holdings Ord,"Pershing Square Holdings, Ltd.",,,,,,,,,,,,,,,,
11524,11524,7183,Gecina,Gecina SA,,,,,,,,,,,,,,,,
11539,11539,1510,Sansure Biotech Inc.,"Sansure Biotech, Inc.",,,,,,,,,,,,,,,,
11569,11569,4910,FINANCESCRIP LTD,FINANCESECTOR LIMITED,,,,,,,,,,,,,,,,
11583,11583,4354,Bunzl,Bunzl plc,,,,,,,,,,,,,,,,
11586,11586,8028,Delek Group,Delek Group Ltd,,,,,,,,,,,,,,,,
11588,11588,6407,Nelnet,Nelnet Inc,,,,,,,,,,,,,,,,
11596,11596,1898,Fidelity National Information Services,Fidelity National Information Services Inc,,,,,,,,,,,,,,,,
11603,11603,8831,Shandong Chenming Paper Holdings,Shandong Chenming Paper Holdings Ltd,,,,,,,,,,,,,,,,
11619,11619,594,Federal Signal Corp,Federal Signal Corporation,,,,,,,,,,,,,,,,
11649,11649,10052,Dowa Holdings Co Ltd,Dowa Holdings Co. Ltd,,,,,,,,,,,,,,,,
11723,11723,7113,"Guangxi Guiguan Electric PowerCo.,Ltd.",Guangxi Guiguan Electric Powerco,,,,,,,,,,,,,,,,
11731,11731,6318,S A ELECTRICAL CONTRACTORS LTD,S A ELECTRICAL NORTHAMPTON LIMITED,,,,,,,,,,,,,,,,
11737,11737,99,Center International Group,"Center International Group Co.,Ltd.",,,,,,,,,,,,,,,,
11756,11756,6861,BOK Financial,BOK Financial Corp,,,,,,,,,,,,,,,,
11769,11769,4019,Dropbox,Dropbox Inc,,,,,,,,,,,,,,,,
11773,11773,1796,Dohome Public Company Limited,Dohome Public Company Ltd,,,,,,,,,,,,,,,,
11806,11806,6956,BEAUTY ACCESS LIMITED,BEAUTY ACCESSORIES LTD,,,,,,,,,,,,,,,,
11811,11811,8368,"GETTY IMAGES (SEATTLE), INC.","GETTY IMAGES, INC.",,,,,,,,,,,,,,,,
11812,11812,4607,Grupo Kuo SAB de CV,Grupo LALA SAB de CV,,,,,,,,,,,,,,,,
11842,11842,6928,Impax Environmental Markets,Impax Environmental Markets Trust plc,,,,,,,,,,,,,,,,
11859,11859,11411,Voltronic Power Technology,Voltronic Power Technology Corp,,,,,,,,,,,,,,,,
11863,11863,4114,Falabella,Falabella SA,,,,,,,,,,,,,,,,
11867,11867,8948,U AND I IPA LIMITED,U AND I IPA SC LIMITED,,,,,,,,,,,,,,,,
11918,11918,8648,Under Armour,Under Armour Careers,,,,,,,,,,,,,,,,
11928,11928,4470,Precinct Properties New Zealand,Precinct Properties New Zealand Ltd,,,,,,,,,,,,,,,,
11953,11953,2223,Z & Z PROPERTIES INVESTMENT LTD,Z & Z PROPERTIES LIMITED,,,,,,,,,,,,,,,,
11987,11987,546,Bharat Petroleum Corp Ltd,Bharat Petroleum Corporation,,,,,,,,,,,,,,,,
12030,12030,3712,Fluence Energy Inc,"Fluence Energy, Inc.",,,,,,,,,,,,,,,,
12052,12052,5097,Digital Realty Trust,Digital Realty Trust Inc,,,,,,,,,,,,,,,,
12067,12067,2120,GENERAL ELECTRIC INTERNATIONAL INC.,"GENERAL ELECTRIC INTERNATIONAL OPERATIONS COMPANY, INC.",,,,,,,,,,,,,,,,
12077,12077,10147,Viva China Holdings Limited,Viva China Holdings Ltd,,,,,,,,,,,,,,,,
12083,12083,6166,Intouch Holdings Public Company,Intouch Holdings Public Company Ltd,,,,,,,,,,,,,,,,
12090,12090,10954,Royal Caribbean Cruises,Royal Caribbean Cruises Ltd,,,,,,,,,,,,,,,,
12095,12095,2884,Hanwha Corp,Hanwha Corporation,,,,,,,,,,,,,,,,
12096,12096,8900,Bank Millennium S.a.,Bank Millennium SA,,,,,,,,,,,,,,,,
12154,12154,1764,Maxi Renda Fundo De Investimento Imobiliaro - FII,Maxi Renda Fundo de Investimento Imobiliario - FII,,,,,,,,,,,,,,,,
12177,12177,991,Bossard Holding AG,Bossard Holding Ag,,,,,,,,,,,,,,,,
12275,12275,11137,ALL ABOUT ROSE LIMITED,ALL ABOUT SAFES LTD,,,,,,,,,,,,,,,,
12285,12285,3232,Adani Transmission Ltd,Adani Transmissions,,,,,,,,,,,,,,,,
12365,12365,11384,UDG Healthcare,UDG Healthcare Plc,,,,,,,,,,,,,,,,
12375,12375,9100,Luxi Chemical Group,Luxi Chemical Group Co Ltd,,,,,,,,,,,,,,,,
12396,12396,5333,Medline Industries,Medline Industries Inc,,,,,,,,,,,,,,,,
12398,12398,2592,Paychex Inc,"Paychex, Inc.",,,,,,,,,,,,,,,,
12401,12401,11474,Sirius Real Estate,Sirius Real Estate Limited,,,,,,,,,,,,,,,,
12446,12446,8910,Dentsu Group Inc,"Dentsu Group, Inc.",,,,,,,,,,,,,,,,
12460,12460,5839,National Aluminium Co Ltd,National Aluminium Company,,,,,,,,,,,,,,,,
12470,12470,9437,Tech Mahindra,Tech Mahindra Careers,,,,,,,,,,,,,,,,
12471,12471,9379,Dividend 15 Split Corp.,Dividend 15 Split Corp. II,,,,,,,,,,,,,,,,
12497,12497,5912,United Parcel Service,United Parcel Service (ups),,,,,,,,,,,,,,,,
12505,12505,7223,Jiangsu Zhongtian Technology,Jiangsu Zhongtian Technology Co Ltd,,,,,,,,,,,,,,,,
12520,12520,10321,Vertu Motors Plc,Vertu Motors plc,,,,,,,,,,,,,,,,
12579,12579,9050,Realty Income Corp,Realty Income Corporation,,,,,,,,,,,,,,,,
12610,12610,8829,Tibet Urban Development And Investment,"Tibet Urban Development and Investment Co.,LTD",,,,,,,,,,,,,,,,
12697,12697,1363,Heilongjiang Agriculture Company,Heilongjiang Agriculture Company Ltd,,,,,,,,,,,,,,,,
12726,12726,9836,People's United Financial,People's United Financial Inc,,,,,,,,,,,,,,,,
12889,12889,12097,Kunming Yunnei Power,Kunming Yunnei Power Co Ltd,,,,,,,,,,,,,,,,
12909,12909,1199,Thryv Holdings Inc,"Thryv Holdings, Inc.",,,,,,,,,,,,,,,,
12918,12918,10738,Jabil Inc,Jabil Inc.,,,,,,,,,,,,,,,,
12949,12949,1046,T. & B. CONTAINERS HOLDINGS LTD,T. & B. CONTAINERS LIMITED,,,,,,,,,,,,,,,,
12970,12970,1965,Public Joint Stock Company Nauka-Telecom,Public Joint Stock Company Pavlovo Bus,,,,,,,,,,,,,,,,
13027,13027,445,Lam Research Corp,Lam Research Corporation,,,,,,,,,,,,,,,,
13090,13090,10336,Aerojet Rocketdyne Holdings,Aerojet Rocketdyne Holdings Inc,,,,,,,,,,,,,,,,
13103,13103,2902,THK Co Ltd,THK Co. Ltd,,,,,,,,,,,,,,,,
13188,13188,338,V & M ESTATES LTD,V & M EVENTS LTD,,,,,,,,,,,,,,,,
13210,13210,5882,Chung Hung Steel Corp,Chung Hung Steel Corporation,,,,,,,,,,,,,,,,
13229,13229,10105,DGB Financial Group,DGB Financial Group Co. Ltd,,,,,,,,,,,,,,,,
13232,13232,12588,Migdal Insurance And Financial Holdings,Migdal Insurance and Financial Holdings Ltd,,,,,,,,,,,,,,,,
13256,13256,511,Getlink SE,Getlink Se,,,,,,,,,,,,,,,,
13270,13270,10136,China Feihe,China Feihe Ltd,,,,,,,,,,,,,,,,
13316,13316,7598,SOFTWARE CRAFTS LIMITED,SOFTWARE CRAFTSMANSHIP LIMITED,,,,,,,,,,,,,,,,
13320,13320,8826,Daewoo Shipbuilding & Marine Engineering,Daewoo Shipbuilding & Marine Engineering Co Ltd,,,,,,,,,,,,,,,,
13331,13331,2597,BAD APPLE HAIR DERBY LIMITED,BAD APPLE HAIR LICHFIELD LIMITED,,,,,,,,,,,,,,,,
13371,13371,7395,Saia Inc,"Saia, Inc.",,,,,,,,,,,,,,,,
13376,13376,4587,Fiverr International,Fiverr International Ltd.,,,,,,,,,,,,,,,,
13383,13383,3768,Telekom Austria,Telekom Austria AG,,,,,,,,,,,,,,,,
13385,13385,12758,TECO Electric & Machinery Co Ltd,TECO Electric & Machinery Co. Ltd,,,,,,,,,,,,,,,,
13451,13451,11368,Merck & Co,Merck & Co Inc,,,,,,,,,,,,,,,,
13569,13569,11434,Japan Tobacco Inc,"Japan Tobacco, Inc.",,,,,,,,,,,,,,,,
13627,13627,2210,New Hope Corporation,New Hope Corporation Limited,,,,,,,,,,,,,,,,
13681,13681,6476,Nomad Foods,Nomad Foods Limited,,,,,,,,,,,,,,,,
13686,13686,465,First Majestic Silver,First Majestic Silver Corp.,,,,,,,,,,,,,,,,
13715,13715,8922,Penta-Ocean Construction Co Ltd,Penta-Ocean Construction Co. Ltd,,,,,,,,,,,,,,,,
13744,13744,5871,U BEAUTIE LIMITED,U BEAUTY LIMITED,,,,,,,,,,,,,,,,
13775,13775,12359,Consumers Energy Co,Consumers Energy Company,,,,,,,,,,,,,,,,
13830,13830,5948,Shaanxi Coal Industry,Shaanxi Coal Industry Co Ltd,,,,,,,,,,,,,,,,
13837,13837,9142,Savor Ltd,SavorEat Ltd,,,,,,,,,,,,,,,,
13876,13876,13012,Fukuyama Transporting Co Ltd,Fukuyama Transporting Co. Ltd,,,,,,,,,,,,,,,,
13900,13900,8957,Ahlada Engineers,Ahlada Engineers Ltd,,,,,,,,,,,,,,,,
13981,13981,885,Altshuler Shaham Provident Funds And Pension Ltd,Altshuler Shaham Provident Funds and Pension Ltd,,,,,,,,,,,,,,,,
13985,13985,5303,Shanghai Baosight Software,"Shanghai Baosight Software Co.,Ltd.",,,,,,,,,,,,,,,,
13999,13999,11518,Greatek Electronics,"Greatek Electronics, Inc.",,,,,,,,,,,,,,,,
14002,14002,3013,Shanghai International Port,Shanghai International Port (group),,,,,,,,,,,,,,,,
14023,14023,11959,Shandong Weigao Group Medical Polymer Company,Shandong Weigao Group Medical Polymer Company Ltd,,,,,,,,,,,,,,,,
14032,14032,6663,T ALLEN HOLDINGS LIMITED,T ALLEN HOMES LTD,,,,,,,,,,,,,,,,
14068,14068,5666,Toppan Forms Co Ltd,Toppan Forms Co. Ltd,,,,,,,,,,,,,,,,
14107,14107,13621,Analog Devices,Analog Devices Careers,,,,,,,,,,,,,,,,
14117,14117,4040,Parker Hannifin Corp,Parker-Hannifin,,,,,,,,,,,,,,,,
14124,14124,12206,Wheel,Wheels,,,,,,,,,,,,,,,,
14128,14128,6306,Transat A.T. Inc,Transat A.T. Inc.,,,,,,,,,,,,,,,,
14213,14213,8840,Thai President Foods Public Company,Thai President Foods Public Company Ltd,,,,,,,,,,,,,,,,
14238,14238,11998,Yankuang Energy Group,Yankuang Energy Group Co Ltd,,,,,,,,,,,,,,,,
14255,14255,5750,Nitto Denko Corp,Nitto Denko Corporation,,,,,,,,,,,,,,,,
14257,14257,251,"Cboe Global Markets, Inc","Cboe Global Markets, Inc.",,,,,,,,,,,,,,,,
14378,14378,3505,Zhejiang Wanliyang,Zhejiang Wanma,,,,,,,,,,,,,,,,
14451,14451,12217,Tata Consumer Products,Tata Consumer Products Limited,,,,,,,,,,,,,,,,
14534,14534,10254,Mitsubishi Shokuhin Co Ltd,Mitsubishi Shokuhin Co. Ltd,,,,,,,,,,,,,,,,
14558,14558,8618,Royalty Pharma,Royalty Pharma Plc,,,,,,,,,,,,,,,,
14578,14578,13848,Hamamatsu Photonics K.k,Hamamatsu Photonics KK,,,,,,,,,,,,,,,,
14583,14583,1549,Gongniu Group,Gongniu Group Co. Ltd,,,,,,,,,,,,,,,,
14585,14585,4886,Anker Innovations Limited,Anker Innovations Ltd,,,,,,,,,,,,,,,,
14620,14620,5754,ALL ABOUT HR LIMITED,ALL ABOUT HU LIMITED,,,,,,,,,,,,,,,,
14629,14629,7196,Singapore Airlines,Singapore Airlines Ltd,,,,,,,,,,,,,,,,
14642,14642,13754,Abrdn Plc,Abrdn plc,,,,,,,,,,,,,,,,
14655,14655,11353,Domain Holdings Australia,Domain Holdings Australia Limited,,,,,,,,,,,,,,,,
14678,14678,8099,JFE Holdings Inc,"JFE Holdings, Inc.",,,,,,,,,,,,,,,,
14702,14702,7074,Watches Of Switzerland Group PLC,Watches of Switzerland Group plc,,,,,,,,,,,,,,,,
14714,14714,11994,Shinko Electric Industries Co Ltd,Shinko Electric Industries Co. Ltd,,,,,,,,,,,,,,,,
14746,14746,13118,Sai Service,Sai Service Station,,,,,,,,,,,,,,,,
14749,14749,8794,Tate & Lyle PLC,Tate & Lyle plc,,,,,,,,,,,,,,,,
14754,14754,5394,Dollarama,Dollarama Inc,,,,,,,,,,,,,,,,
14784,14784,13107,Absolut,AbsolutData,,,,,,,,,,,,,,,,
14793,14793,13863,Salcef Group S.p.A.,Salcef Group S.p.a.,,,,,,,,,,,,,,,,
14814,14814,4692,Cargotec Corp,Cargotec Corporation,,,,,,,,,,,,,,,,
14840,14840,8102,"Marsh & McLennan Companies, Inc.",Marsh & Mclennan Companies,,,,,,,,,,,,,,,,
14845,14845,10679,Fluidra SA,"Fluidra, SA",,,,,,,,,,,,,,,,
14860,14860,13011,Guotai Junan International Holdings,Guotai Junan International Holdings Ltd,,,,,,,,,,,,,,,,
14894,14894,4518,Analog Devices Inc,"Analog Devices, Inc.",,,,,,,,,,,,,,,,
14930,14930,5712,Power Grid Corporation of India,Power Grid Corporation of India Ltd,,,,,,,,,,,,,,,,
14943,14943,168,Wheaton Precious Metals,Wheaton Precious Metals Corp,,,,,,,,,,,,,,,,
15048,15048,2312,BAD WOLF (ADOW3) LIMITED,BAD WOLF (DG) LTD,,,,,,,,,,,,,,,,
15062,15062,13888,Banca Popolare di Milano,Banca Popolare di Sondrio,,,,,,,,,,,,,,,,
15068,15068,6610,"Corporativo Fragua, S.A.B. de C.V.","Corporativo GBM, S.A.B. de C.V.",,,,,,,,,,,,,,,,
15072,15072,14873,Maruti Suzuki India,Maruti Suzuki India Ltd,,,,,,,,,,,,,,,,
15101,15101,9686,Casino Guichard-perrachon Societe Anonyme,"Casino, Guichard-Perrachon SA",,,,,,,,,,,,,,,,
15115,15115,3204,Elecnor SA,Elecnor Sa,,,,,,,,,,,,,,,,
15173,15173,2850,Gree Real Estate,Gree Real Estate Co. Ltd,,,,,,,,,,,,,,,,
15181,15181,8929,Ebro Foods SA,"Ebro Foods, SA",,,,,,,,,,,,,,,,
15197,15197,6856,Caisse Regionale de Credit Agricole Mutuel de la Touraine et du Poitou,Caisse Regionale de Credit Agricole Mutuel du Languedoc SCCV,,,,,,,,,,,,,,,,
15200,15200,12478,BT Group,BT Group Plc,,,,,,,,,,,,,,,,
15202,15202,2405,ALL ABOUT APPLIANCES LTD,ALL ABOUT APPS LTD,,,,,,,,,,,,,,,,
15232,15232,2893,FOOD & SAFETY LTD,FOOD & SAFETY ON A PLATE LTD,,,,,,,,,,,,,,,,
15255,15255,14429,BAD BILLY LTD,BAD BILLY STUDIO LTD,,,,,,,,,,,,,,,,
15313,15313,14792,BEAUTY ANGELS (NW) LTD,BEAUTY ANGELS GROUP LTD,,,,,,,,,,,,,,,,
15393,15393,631,Qube Holdings Limited,Qube Holdings Ltd,,,,,,,,,,,,,,,,
15396,15396,7704,Pendal Group,Pendal Group Limited,,,,,,,,,,,,,,,,
15481,15481,11090,Hotai Motor,Hotai Motor Co Ltd,,,,,,,,,,,,,,,,
15503,15503,5567,Chuan Holdings Ltd,Chuan Hup Holdings Ltd,,,,,,,,,,,,,,,,
15525,15525,14645,BEAUTY AESTHETICS FIFE LIMITED,BEAUTY AESTHETICS LTD,,,,,,,,,,,,,,,,
15539,15539,2302,CNOOC Limited,CNOOC Ltd,,,,,,,,,,,,,,,,
15566,15566,14758,International Flavors & Fragrances,International Flavors & Fragrances Inc,,,,,,,,,,,,,,,,
15572,15572,1192,Swisscom,Swisscom AG,,,,,,,,,,,,,,,,
15591,15591,7257,Huatai Securities Co Ltd,"Huatai Securities Co., Ltd.",,,,,,,,,,,,,,,,
15606,15606,2016,Quinenco,Quinnox,,,,,,,,,,,,,,,,
15622,15622,12294,First Tractor Company,First Tractor Company Ltd,,,,,,,,,,,,,,,,
15674,15674,9992,Tokai Rika Co Ltd,Tokai Rika Co. Ltd,,,,,,,,,,,,,,,,
15681,15681,10016,Towa Pharmaceutical Co Ltd,Towa Pharmaceutical Co. Ltd,,,,,,,,,,,,,,,,
15689,15689,11827,Audax Renovables SA,"Audax Renovables, SA",,,,,,,,,,,,,,,,
15699,15699,9182,Daito Trust Construction Co Ltd,"Daito Trust Construction Co.,Ltd.",,,,,,,,,,,,,,,,
15724,15724,4372,Linc,Linc AB,,,,,,,,,,,,,,,,
15727,15727,11447,Q CAFE LOUNGE LTD,Q CAFE LTD,,,,,,,,,,,,,,,,
15737,15737,13970,Getinge AB,Getinge Ab,,,,,,,,,,,,,,,,
15749,15749,5104,Shanghai Medicilon,"Shanghai Medicilon, Inc.",,,,,,,,,,,,,,,,
15813,15813,9286,Aeon Delight Co Ltd,Aeon Delight Co. Ltd,,,,,,,,,,,,,,,,
15836,15836,11216,Kawasaki Kisen Kaisha,Kawasaki Kisen Kaisha Ltd,,,,,,,,,,,,,,,,
15837,15837,15294,Washington H Soul Pattinson and Co Ltd,Washington H. Soul Pattinson And Company,,,,,,,,,,,,,,,,
15889,15889,13563,China CSSC Holdings,China CSSC Holdings Ltd,,,,,,,,,,,,,,,,
15899,15899,4941,Svenska Cellulosa Aktiebolaget,Svenska Cellulosa Aktiebolaget Sca (publ),,,,,,,,,,,,,,,,
15957,15957,1497,Wihlborgs Fastigheter AB,Wihlborgs Fastigheter Ab (publ),,,,,,,,,,,,,,,,
15964,15964,7082,Bristol-Myers Squibb Co,Bristol-myers Squibb,,,,,,,,,,,,,,,,
15968,15968,5046,Tianfeng Securities,Tianfeng Securities Co. Ltd,,,,,,,,,,,,,,,,
15969,15969,4360,Somfy SA,Somfy Sa,,,,,,,,,,,,,,,,
15971,15971,14242,Sigurd Microelectronics Corp,Sigurd Microelectronics Corporation,,,,,,,,,,,,,,,,
15982,15982,9229,Manchester United,Manchester United plc,,,,,,,,,,,,,,,,
15995,15995,10998,Ruchi Soya Industries Limited,Ruchi Soya Industries Ltd,,,,,,,,,,,,,,,,
16056,16056,12608,China TransInfo Technology Co Ltd,China Transinfo Technology,,,,,,,,,,,,,,,,
16073,16073,7123,Central Retail Corp PCL,Central Retail Corp Public Company Ltd,,,,,,,,,,,,,,,,
16112,16112,10096,ALL ABOUT BUILDING LTD,ALL ABOUT BUILDING SERVICES LTD,,,,,,,,,,,,,,,,
16125,16125,15400,Shimano Inc,"Shimano, Inc.",,,,,,,,,,,,,,,,
16127,16127,695,NEW AGE CONTRACTING LIMITED,NEW AGE CONTRACTORS LIMITED,,,,,,,,,,,,,,,,
16135,16135,12435,Fibocom Wireless,"Fibocom Wireless, Inc.",,,,,,,,,,,,,,,,
16140,16140,9651,"JinkoSolar Holding Co., Ltd.",Jinkosolar Holding,,,,,,,,,,,,,,,,
16144,16144,5499,Smart Eye,Smart Eye AB,,,,,,,,,,,,,,,,
16155,16155,12455,Hydro One Limited,Hydro One Ltd,,,,,,,,,,,,,,,,
16179,16179,2356,Powertech Technology Inc,"Powertech Technology, Inc.",,,,,,,,,,,,,,,,
16199,16199,15092,Energy Resources Of Australia Ltd,Energy Resources of Australia Ltd,,,,,,,,,,,,,,,,
16200,16200,2418,Hoya Corp,Hoya Corporation,,,,,,,,,,,,,,,,
16206,16206,2711,First American Financial,First American Financial Corp,,,,,,,,,,,,,,,,
16229,16229,3355,Goldsun Building Materials,Goldsun Building Materials Co. Ltd,,,,,,,,,,,,,,,,
16249,16249,3052,S4 Capital,S4 Capital plc,,,,,,,,,,,,,,,,
16252,16252,13964,Starts Corporation,Starts Corporation Inc,,,,,,,,,,,,,,,,
16286,16286,12224,American Equity Investment,American Equity Investment Life Holding Company,,,,,,,,,,,,,,,,
16310,16310,6202,BEAUTY AT NAIL SPA LTD,BEAUTY AT NIHA LTD,,,,,,,,,,,,,,,,
16325,16325,11562,GOOD CARMA LIMITED,GOOD CARS LTD,,,,,,,,,,,,,,,,
16348,16348,15197,Caisse Regionale de Credit Agricole Mutuel de Normandie-Seine,Caisse Regionale de Credit Agricole Mutuel de la Touraine et du Poitou,,,,,,,,,,,,,,,,
16386,16386,3046,Kotak Mahindra Bank,Kotak Mahindra Bank Ltd,,,,,,,,,,,,,,,,
16396,16396,4788,NEW AGE SPORT MANAGEMENT (UK) LTD,NEW AGE SPORT MANAGEMENT LTD,,,,,,,,,,,,,,,,
16397,16397,14245,Prudential Financial Inc,"Prudential Financial, Inc.",,,,,,,,,,,,,,,,
16400,16400,11970,Graphic Packaging Holding Co,Graphic Packaging Holding Company,,,,,,,,,,,,,,,,
16408,16408,14789,Citrix Systems Inc,"Citrix Systems, Inc.",,,,,,,,,,,,,,,,
16429,16429,13435,Formosa Sumco Technology Corp,Formosa Sumco Technology Corporation,,,,,,,,,,,,,,,,
16445,16445,14255,Nitto Denko,Nitto Denko Corp,,,,,,,,,,,,,,,,
16483,16483,6729,Ningbo Sanxing Medical Electric,"Ningbo Sanxing Medical Electric Co.,Ltd.",,,,,,,,,,,,,,,,
16503,16503,8869,AmerisourceBergen Corporation,Amerisourcebergen Corporation,,,,,,,,,,,,,,,,
16504,16504,11910,State Auto Financial Corp,State Auto Financial Corporation,,,,,,,,,,,,,,,,
16546,16546,16267,Onex Corp,Onex Corporation,,,,,,,,,,,,,,,,
16553,16553,13941,V & S NO.(1) LIMITED,V & SC LIMITED,,,,,,,,,,,,,,,,
16560,16560,3006,Moody's Corp,Moody's Corporation,,,,,,,,,,,,,,,,
16576,16576,7860,Alpha FX Group,Alpha FX Group plc,,,,,,,,,,,,,,,,
16619,16619,16598,Barnes Group,Barnes Group Inc,,,,,,,,,,,,,,,,
16673,16673,7641,Rizhao Port,Rizhao Port Co Ltd,,,,,,,,,,,,,,,,
16682,16682,9006,OCI N.V.,OCI NV,,,,,,,,,,,,,,,,
16709,16709,2748,Jiangsu Xinquan Automotive Trim,"Jiangsu Xinquan Automotive Trim Co.,Ltd.",,,,,,,,,,,,,,,,
16816,16816,14714,Shinko Electric Industries,Shinko Electric Industries Co Ltd,,,,,,,,,,,,,,,,
16827,16827,9538,Teleflex Inc,Teleflex Incorporated,,,,,,,,,,,,,,,,
16832,16832,12380,Cracker Barrel Old Country Store,Cracker Barrel Old Country Store Inc,,,,,,,,,,,,,,,,
16851,16851,15600,Fisher & Paykel Healthcare Corporation,Fisher & Paykel Healthcare Corporation Limited,,,,,,,,,,,,,,,,
16922,16922,12276,Signet Industries,Signet Industries Ltd,,,,,,,,,,,,,,,,
16928,16928,16742,Elior Group,Elior Group SA,,,,,,,,,,,,,,,,
16967,16967,14690,Havas,Havas SA,,,,,,,,,,,,,,,,
16992,16992,12969,Vicat SA,Vicat Sa,,,,,,,,,,,,,,,,
16996,16996,9623,easyJet Plc,easyJet plc,,,,,,,,,,,,,,,,
17000,17000,11293,Actia Group,Actic Group AB,,,,,,,,,,,,,,,,
17017,17017,14549,BEAUTY BLUSH LIMITED,BEAUTY BLUSHES LTD,,,,,,,,,,,,,,,,
17038,17038,5346,China Taiping Insurance,China Taiping Insurance Holdings Co Ltd,,,,,,,,,,,,,,,,
17045,17045,1119,Fundo de Investimento Imobiliario Rio Negro,Fundo de Investimento Imobiliario The One Fund,,,,,,,,,,,,,,,,
17059,17059,3660,FleetCor Technologies,FleetCor Technologies Inc,,,,,,,,,,,,,,,,
17096,17096,13004,Teradyne Inc,"Teradyne, Inc.",,,,,,,,,,,,,,,,
17112,17112,1289,Old Mutual Limited,Old Mutual Ltd,,,,,,,,,,,,,,,,
17122,17122,12831,Furukawa Electric Co Ltd,"Furukawa Electric Co., Ltd.",,,,,,,,,,,,,,,,
17134,17134,16235,Rockwell Automation,Rockwell Automation Inc,,,,,,,,,,,,,,,,
17179,17179,906,Scholastic,Scholastic Careers,,,,,,,,,,,,,,,,
17209,17209,9087,China-Singapore Suzhou Industrial Park Development Group Co. Ltd,"China-singapore Suzhou Industrial Park Development Group Co., Ltd.",,,,,,,,,,,,,,,,
17212,17212,16605,Orange Polska,Orange Polska SA,,,,,,,,,,,,,,,,
17254,17254,7488,Matsumotokiyoshi Holdings,Matsumotokiyoshi Holdings Co Ltd,,,,,,,,,,,,,,,,
17263,17263,218,Fulgent Genetics,Fulgent Genetics Inc,,,,,,,,,,,,,,,,
17303,17303,4584,Sumitomo Forestry Co Ltd,Sumitomo Forestry Co. Ltd,,,,,,,,,,,,,,,,
17342,17342,6186,Toll Brothers Inc,"Toll Brothers, Inc.",,,,,,,,,,,,,,,,
17404,17404,12190,Yunnan Baiyao Group,Yunnan Baiyao Group Co Ltd,,,,,,,,,,,,,,,,
17411,17411,11429,Advanced Info Service Public Co Ltd,Advanced Info Service Public Company,,,,,,,,,,,,,,,,
17469,17469,6492,Tongyu Heavy Industry,Tongyu Heavy Industry Co. Ltd,,,,,,,,,,,,,,,,
17471,17471,7568,Davide Campari-Milano NV,Davide Campari-milano,,,,,,,,,,,,,,,,
17508,17508,7646,Richelieu Hardware,Richelieu Hardware Ltd,,,,,,,,,,,,,,,,
17518,17518,4210,DFDS LOGISTICS CONTRACTS LIMITED,DFDS LOGISTICS LIMITED,,,,,,,,,,,,,,,,
17534,17534,5931,Nilfisk Holding A-S,Nilfisk Holding A/s,,,,,,,,,,,,,,,,
17538,17538,13192,Holmen,Holmen AB,,,,,,,,,,,,,,,,
17539,17539,9129,Century Communities,Century Communities Inc,,,,,,,,,,,,,,,,
17636,17636,15175,PennyMac Financial Services Inc,Pennymac Financial Services,,,,,,,,,,,,,,,,
17637,17637,6998,Tianjin Port,Tianjin Port Co. Ltd,,,,,,,,,,,,,,,,
17643,17643,4990,Opto Tech Corp,Opto Tech Corporation,,,,,,,,,,,,,,,,
17688,17688,11263,Tokyo Gas Co Ltd,"Tokyo Gas Co.,Ltd.",,,,,,,,,,,,,,,,
17725,17725,13400,Quidel Corp,Quidel Corporation,,,,,,,,,,,,,,,,
17776,17776,4588,Wm Morrison Supermarkets Ltd,Wm Morrison Supermarkets plc,,,,,,,,,,,,,,,,
17796,17796,15751,Performance Food Group Co,Performance Food Group Company,,,,,,,,,,,,,,,,
17836,17836,9674,Inghams Group Limited,Inghams Group Ltd,,,,,,,,,,,,,,,,
17858,17858,2053,Amcor Plc,Amcor plc,,,,,,,,,,,,,,,,
17895,17895,11961,Continental AG,Continental Ag,,,,,,,,,,,,,,,,
17933,17933,17738,Jollibee Foods Corp,Jollibee Foods Corporation,,,,,,,,,,,,,,,,
17950,17950,15138,Associated Banc-Corp,Associated Banc-corp,,,,,,,,,,,,,,,,
17957,17957,8462,Siam Makro Public Company,Siam Makro Public Company Ltd,,,,,,,,,,,,,,,,
17959,17959,15227,Augustin Bau,Augustinus Bader,,,,,,,,,,,,,,,,
17965,17965,17949,Eastern Province Cement Co.,Eastern Province Cement Company,,,,,,,,,,,,,,,,
17973,17973,15459,ZTO Express (Cayman),ZTO Express (Cayman) Inc.,,,,,,,,,,,,,,,,
17976,17976,15790,Nippon Steel Corp,Nippon Steel Corporation,,,,,,,,,,,,,,,,
18003,18003,8660,Xiamen C&D,Xiamen C&D Inc,,,,,,,,,,,,,,,,
18061,18061,14631,K3 Capital Group,K3 Capital Group plc,,,,,,,,,,,,,,,,
18073,18073,4635,Hill & Smith Holdings,Hill & Smith Holdings plc,,,,,,,,,,,,,,,,
18150,18150,11522,Bank Of America,Bank Of America Corporation,,,,,,,,,,,,,,,,
18165,18165,13721,Symrise,Symrise AG,,,,,,,,,,,,,,,,
18179,18179,7584,George Weston Limited,George Weston Ltd,,,,,,,,,,,,,,,,
18195,18195,4742,Haseko Corp,Haseko Corporation,,,,,,,,,,,,,,,,
18250,18250,375,Meiko Electronics,Meiko Electronics Co. Ltd,,,,,,,,,,,,,,,,
18300,18300,15538,Poly Property Group Co Ltd,Poly Property Group Co. Ltd,,,,,,,,,,,,,,,,
18394,18394,9691,CNP Assurances,CNP Assurances SA,,,,,,,,,,,,,,,,
18412,18412,8690,Frontdoor,Frontdoor Inc,,,,,,,,,,,,,,,,
18417,18417,10296,Rio Tinto,Rio Tinto Group,,,,,,,,,,,,,,,,
18475,18475,14625,Textron,Textron Inc,,,,,,,,,,,,,,,,
18496,18496,10708,Idacorp,Idacorp Inc,,,,,,,,,,,,,,,,
18502,18502,18189,Universal Health Services Inc,"Universal Health Services, Inc.",,,,,,,,,,,,,,,,
18517,18517,4255,Advantage Oil & Gas,Advantage Oil & Gas Ltd.,,,,,,,,,,,,,,,,
18576,18576,5565,China Shipbuilding Industry,China Shipbuilding Industry Co Ltd,,,,,,,,,,,,,,,,
18641,18641,6594,Fincantieri SpA,Fincantieri Spa,,,,,,,,,,,,,,,,
18663,18663,18016,Laurentian Bank Of Canada,Laurentian Bank of Canada,,,,,,,,,,,,,,,,
18680,18680,3249,Fresenius Medical Care AG & Co. KGaA,Fresenius Medical Care Ag & Co. Kgaa,,,,,,,,,,,,,,,,
18683,18683,17751,Webster Financial Corp,Webster Financial Corporation,,,,,,,,,,,,,,,,
18712,18712,3483,Standard Lithium Ltd,Standard Lithium Ltd.,,,,,,,,,,,,,,,,
18713,18713,5447,SOFTWARE DYNAMICS LIMITED,SOFTWARE DYNAMIX LTD,,,,,,,,,,,,,,,,
18719,18719,8402,Thomson Reuters,Thomson Reuters Careers,,,,,,,,,,,,,,,,
18728,18728,2892,Ecovacs Robotics,Ecovacs Robotics Co Ltd,,,,,,,,,,,,,,,,
18767,18767,17582,Hubbell,Hubbell Inc,,,,,,,,,,,,,,,,
18768,18768,11267,Ingenic Semiconductor,"Ingenic Semiconductor Co.,Ltd.",,,,,,,,,,,,,,,,
18777,18777,3000,Maire Tecnimont S.p.A.,Maire Tecnimont SpA,,,,,,,,,,,,,,,,
18784,18784,13705,Suncorp Group,Suncorp Group Limited,,,,,,,,,,,,,,,,
18790,18790,6218,Perfect World,Perfect World Co Ltd,,,,,,,,,,,,,,,,
18796,18796,15742,Atoss Software AG,Atoss Software Ag,,,,,,,,,,,,,,,,
18813,18813,11173,SoftBank Group Corp,SoftBank Group Corp.,,,,,,,,,,,,,,,,
18816,18816,7210,Telefónica Chile SA,"Telefónica, SA",,,,,,,,,,,,,,,,
18852,18852,15181,Ebro Foods,Ebro Foods SA,,,,,,,,,,,,,,,,
18853,18853,14858,RTL Group,RTL Group SA,,,,,,,,,,,,,,,,
18907,18907,14362,Huaneng Power International Inc,"Huaneng Power International, Inc.",,,,,,,,,,,,,,,,
18929,18929,5062,The New York Times Co,The New York Times Company,,,,,,,,,,,,,,,,
19004,19004,4182,ZIM Integrated Shipping Services,ZIM Integrated Shipping Services Ltd,,,,,,,,,,,,,,,,
19007,19007,16573,REA Group Limited,REA Group Ltd,,,,,,,,,,,,,,,,
19013,19013,16520,Magna International Inc,Magna International Inc.,,,,,,,,,,,,,,,,
19043,19043,4671,Korn Ferry,Korn Ferry Careers,,,,,,,,,,,,,,,,
19048,19048,4382,Homepal,Homeplus,,,,,,,,,,,,,,,,
19050,19050,5509,Brighthouse Financial,"Brighthouse Financial, Inc.",,,,,,,,,,,,,,,,
19089,19089,2140,Growthpoint Properties,Growthpoint Properties Australia,,,,,,,,,,,,,,,,
19102,19102,3974,ALL ABOUT CHILDREN LIMITED,ALL ABOUT CHIMNEYS LIMITED,,,,,,,,,,,,,,,,
19117,19117,3271,Secure Energy Services Inc,Secure Energy Services Inc.,,,,,,,,,,,,,,,,
19200,19200,7318,Reply S.p.A.,Reply SpA,,,,,,,,,,,,,,,,
19263,19263,6064,Olam International,Olam International Ltd,,,,,,,,,,,,,,,,
19297,19297,5524,Omnicom Group Inc,Omnicom Group Inc.,,,,,,,,,,,,,,,,
19301,19301,513,Alma Media,Alma Media Oyj,,,,,,,,,,,,,,,,
19323,19323,10705,China National Software & Service Company,China National Software & Service Company Ltd,,,,,,,,,,,,,,,,
19332,19332,14878,PIK Group,PIK Group PJSC,,,,,,,,,,,,,,,,
19334,19334,4616,Hanjin,Hanjin Kal,,,,,,,,,,,,,,,,
19339,19339,2057,Mosenergo,Mosenergo PJSC,,,,,,,,,,,,,,,,
19366,19366,3968,Royal Unibrew A-S,Royal Unibrew A/s,,,,,,,,,,,,,,,,
19412,19412,12614,LyondellBasell Industries NV,Lyondellbasell Industries,,,,,,,,,,,,,,,,
19415,19415,11845,IDEXX Laboratories,"IDEXX Laboratories, Inc.",,,,,,,,,,,,,,,,
19420,19420,12415,Current,CurrentBody,,,,,,,,,,,,,,,,
19446,19446,19196,Capital Numbers,Capital Numbers Infotech,,,,,,,,,,,,,,,,
19453,19453,14881,Admiral Group Plc,Admiral Group plc,,,,,,,,,,,,,,,,
19495,19495,17302,Spirit AeroSystems Holdings Inc,"Spirit AeroSystems Holdings, Inc.",,,,,,,,,,,,,,,,
19520,19520,15950,Drax Group,Drax Group Plc,,,,,,,,,,,,,,,,
19637,19637,12071,Jefferies Financial Group,Jefferies Financial Group Inc,,,,,,,,,,,,,,,,
19646,19646,8160,Nanosonics,Nanosonics Limited,,,,,,,,,,,,,,,,
19670,19670,18265,Phoenix Group Holdings Plc,Phoenix Group Holdings plc,,,,,,,,,,,,,,,,
19712,19712,12787,Intuit,Intuit Inc,,,,,,,,,,,,,,,,
19754,19754,13089,Teledyne Technologies Inc,Teledyne Technologies Incorporated,,,,,,,,,,,,,,,,
19760,19760,13510,Toda Corp,Toda Corporation,,,,,,,,,,,,,,,,
19804,19804,312,Vale,Vale SA,,,,,,,,,,,,,,,,
19815,19815,13297,Wacoal Holdings,Wacoal Holdings Corp,,,,,,,,,,,,,,,,
19867,19867,2753,Materion Corp,Materion Corporation,,,,,,,,,,,,,,,,
19885,19885,4867,Tongkun Group,Tongkun Group Co. Ltd,,,,,,,,,,,,,,,,
19891,19891,11787,Sonova Holding,Sonova Holding AG,,,,,,,,,,,,,,,,
19908,19908,3146,Targa Resources Corp,Targa Resources Corp.,,,,,,,,,,,,,,,,
19916,19916,15829,General Motors,General Motors Co,,,,,,,,,,,,,,,,
19933,19933,13967,Ping An Healthcare And Technology Co Ltd,Ping An Healthcare And Technology Company,,,,,,,,,,,,,,,,
19952,19952,9426,"Azorim-Investment, Development & Construction Co. Ltd",Azorim-investment Development & Construction Co. Ltd,,,,,,,,,,,,,,,,
19966,19966,7633,Shaw Communications Inc,Shaw Communications Inc.,,,,,,,,,,,,,,,,
19993,19993,19143,Three Squirrels,Three Squirrels Co Ltd,,,,,,,,,,,,,,,,
20023,20023,3351,Thanachart Capital Public Company,Thanachart Capital Public Company Ltd,,,,,,,,,,,,,,,,
20036,20036,16408,Citrix Systems,Citrix Systems Inc,,,,,,,,,,,,,,,,
20045,20045,5307,Everbright Securities Company,Everbright Securities Company Ltd,,,,,,,,,,,,,,,,
20047,20047,12446,Dentsu Group,Dentsu Group Inc,,,,,,,,,,,,,,,,
20078,20078,4356,Zhejiang China Commodities City Group,Zhejiang China Commodities City Group Co. Ltd,,,,,,,,,,,,,,,,
20112,20112,4747,REVOLUT TRADING LTD,REVOLUT TRAVEL LTD,,,,,,,,,,,,,,,,
20117,20117,6824,P & A SERVICES LIMITED,P & A SERVICES SOUTH WEST LIMITED,,,,,,,,,,,,,,,,
20136,20136,15560,Hyundai Marine & Fire,Hyundai Marine & Fire Insurance,,,,,,,,,,,,,,,,
20153,20153,10741,China Water Affairs Group,China Water Affairs Group Ltd,,,,,,,,,,,,,,,,
20155,20155,3288,Galp Energia,Galp Energia SGPS SA,,,,,,,,,,,,,,,,
20167,20167,15484,Inventec,Inventec Corp,,,,,,,,,,,,,,,,
20178,20178,1799,Lupin,Lupin Ltd,,,,,,,,,,,,,,,,
20181,20181,16179,Powertech Technology,Powertech Technology Inc,,,,,,,,,,,,,,,,
20194,20194,6320,Canadian Pacific Railway Careers,Canadian Pacific Railway Limited,,,,,,,,,,,,,,,,
20198,20198,15215,Elanco Animal Health Inc,Elanco Animal Health Incorporated,,,,,,,,,,,,,,,,
20222,20222,19942,Autoliv Inc,"Autoliv, Inc.",,,,,,,,,,,,,,,,
20228,20228,4460,John Bean Technologies Corp,John Bean Technologies Corporation,,,,,,,,,,,,,,,,
20243,20243,12869,Rexel,Rexel SA,,,,,,,,,,,,,,,,
20270,20270,15591,Huatai Securities,Huatai Securities Co Ltd,,,,,,,,,,,,,,,,
20273,20273,7247,Garo Aktiebolag,Garo Aktiebolag (publ),,,,,,,,,,,,,,,,
20301,20301,9681,Redrow,Redrow Plc,,,,,,,,,,,,,,,,
20340,20340,5902,Zai Lab Limited,Zai Lab Ltd,,,,,,,,,,,,,,,,
20352,20352,12554,Munters Group AB,Munters Group Ab (publ),,,,,,,,,,,,,,,,
20355,20355,18494,Superior Plus Corp,Superior Plus Corp.,,,,,,,,,,,,,,,,
20358,20358,17030,Shanghai Lujiazui Finance & Trade Zone Development,Shanghai Lujiazui Finance & Trade Zone Development Co Ltd,,,,,,,,,,,,,,,,
20360,20360,8469,Evoqua Water Technologies Corp,Evoqua Water Technologies Corp.,,,,,,,,,,,,,,,,
20366,20366,14759,Himax Technologies,Himax Technologies Inc,,,,,,,,,,,,,,,,
20389,20389,7332,American Finance Trust,American Financial Group,,,,,,,,,,,,,,,,
20400,20400,6258,First Pacific Co Ltd,First Pacific Company,,,,,,,,,,,,,,,,
20401,20401,6622,CentralNic Group,CentralNic Group plc,,,,,,,,,,,,,,,,
20415,20415,13956,Summit Real Estate Holdings,Summit Real Estate Holdings Ltd,,,,,,,,,,,,,,,,
20425,20425,3417,FOOD AND DRINK SECTOR COUNCIL LIMITED,FOOD AND DRINK SECTOR SKILLS,,,,,,,,,,,,,,,,
20446,20446,17303,Sumitomo Forestry,Sumitomo Forestry Co Ltd,,,,,,,,,,,,,,,,
20450,20450,8289,Keurig Dr Pepper,Keurig Dr Pepper Inc,,,,,,,,,,,,,,,,
20475,20475,19264,Ayala Corp,Ayala Corporation,,,,,,,,,,,,,,,,
20489,20489,13610,Tata Motors Limited,Tata Motors Ltd,,,,,,,,,,,,,,,,
20505,20505,225,Phenofarm,Phenom,,,,,,,,,,,,,,,,
20527,20527,18460,Bachem Holding AG,Bachem Holding Ag,,,,,,,,,,,,,,,,
20529,20529,2545,Home Capital Group,Home Capital Group Inc.,,,,,,,,,,,,,,,,
20542,20542,19204,Zhongyu Gas Holdings,Zhongyu Gas Holdings Ltd,,,,,,,,,,,,,,,,
20546,20546,15624,Cabot Corp,Cabot Corporation,,,,,,,,,,,,,,,,
20556,20556,20422,Avanza Bank Holding AB,Avanza Bank Holding Ab (publ),,,,,,,,,,,,,,,,
20558,20558,14502,Sundrug Co Ltd,"Sundrug Co.,Ltd.",,,,,,,,,,,,,,,,
20580,20580,18541,Banca Nazionale Del Lavoro Spa,Banca Nazionale del Lavoro,,,,,,,,,,,,,,,,
20583,20583,5535,Banca Popolare Di Sondrio S.c.p.a,Banca Popolare Di Sondrio Spa,,,,,,,,,,,,,,,,
20584,20584,17342,Toll Brothers,Toll Brothers Inc,,,,,,,,,,,,,,,,
20615,20615,18573,Flowserve Corp,Flowserve Corporation,,,,,,,,,,,,,,,,
20664,20664,5817,Stella-Jones Inc,Stella-Jones Inc.,,,,,,,,,,,,,,,,
20665,20665,3184,Ingevity Corp,Ingevity Corporation,,,,,,,,,,,,,,,,
20693,20693,1987,Innergex Renewable Energy,Innergex Renewable Energy Inc.,,,,,,,,,,,,,,,,
20703,20703,2046,Zhejiang Jiecang Linear Motion Technology,Zhejiang Jiecang Linear Motion Technology Co. Ltd,,,,,,,,,,,,,,,,
20718,20718,15944,Ticon Freehold And Leasehold Real Estate Investment Trust,Ticon Freehold and Leasehold Real Estate Investment Trust,,,,,,,,,,,,,,,,
20750,20750,11701,Cairn Energy,Cairn Energy plc,,,,,,,,,,,,,,,,
20757,20757,18088,Chailease Holding Co Ltd,Chailease Holding Company,,,,,,,,,,,,,,,,
20764,20764,901,Devon Energy,Devon Energy Corp,,,,,,,,,,,,,,,,
20784,20784,2061,ALL ABOUT ALE LTD,ALL ABOUT ALZHEIMERS LTD,,,,,,,,,,,,,,,,
20785,20785,11152,ALL ABOUT THE BEATS LTD,ALL ABOUT THE BEER LTD,,,,,,,,,,,,,,,,
20855,20855,12574,Tsingtao Brewery Co Ltd,Tsingtao Brewery Company,,,,,,,,,,,,,,,,
20856,20856,8279,Lundin Gold,Lundin Gold Inc.,,,,,,,,,,,,,,,,
20872,20872,14642,Abrdn,Abrdn Plc,,,,,,,,,,,,,,,,
20894,20894,14424,Renesas Electronics Corp,Renesas Electronics Corporation,,,,,,,,,,,,,,,,
20898,20898,18448,Power Integrations,"Power Integrations, Inc.",,,,,,,,,,,,,,,,
20916,20916,17346,Mitsubishi Estate Logistics REIT Investment Corp,Mitsubishi Estate Logistics Reit Investment Corporation,,,,,,,,,,,,,,,,
20918,20918,2880,Lindab International AB,Lindab International Ab,,,,,,,,,,,,,,,,
20953,20953,1172,Stryker,Stryker Corp,,,,,,,,,,,,,,,,
20954,20954,3927,Gulf Contracting,Gulf Contracting Co. WLL,,,,,,,,,,,,,,,,
20978,20978,3020,H AND A RETAIL LIMITED,H AND A UNIVERSAL LIMITED,,,,,,,,,,,,,,,,
20980,20980,15340,Jinxin Fertility Group,Jinxin Fertility Group Ltd,,,,,,,,,,,,,,,,
20992,20992,20095,Las Vegas Sands,Las Vegas Sands Corp,,,,,,,,,,,,,,,,
20997,20997,10258,BEAUTY BE LTD,BEAUTY BEAN LTD,,,,,,,,,,,,,,,,
20998,20998,14431,ALL ABOUT WEDDINGS GROUP LTD,ALL ABOUT WEDDINGS LTD,,,,,,,,,,,,,,,,
21088,21088,51,Anhui Golden Seed Winery,Anhui Golden Seed Winery Co. Ltd,,,,,,,,,,,,,,,,
21107,21107,12420,Antofagasta Plc,Antofagasta plc,,,,,,,,,,,,,,,,
21120,21120,19901,Sapporo Holdings,Sapporo Holdings Ltd,,,,,,,,,,,,,,,,
21142,21142,14361,Razer,Razer Inc,,,,,,,,,,,,,,,,
21204,21204,5698,Steven Madden,Steven Madden Ltd,,,,,,,,,,,,,,,,
21285,21285,2703,Vita Group,Vita Group Limited,,,,,,,,,,,,,,,,
21292,21292,11146,Mitsubishi Corp,Mitsubishi Corporation,,,,,,,,,,,,,,,,
21303,21303,15005,LG Innotek Co Ltd,"LG Innotek Co.,",,,,,,,,,,,,,,,,
21306,21306,3201,Meiji Holdings,Meiji Holdings Co Ltd,,,,,,,,,,,,,,,,
21320,21320,11082,Moderna,Moderna Inc,,,,,,,,,,,,,,,,
21323,21323,1739,Maschinenfabrik Berthold Hermle AG,Maschinenfabrik Berthold Hermle Ag,,,,,,,,,,,,,,,,
21366,21366,8517,Constellation Software,Constellation Software Inc,,,,,,,,,,,,,,,,
21390,21390,14653,Livingstone Health,Livingstone Health Holdings Ltd,,,,,,,,,,,,,,,,
21397,21397,18316,The Kraft Heinz Company,The Kraft Heinz Company Careers,,,,,,,,,,,,,,,,
21402,21402,10121,Temenos,Temenos AG,,,,,,,,,,,,,,,,
21415,21415,15861,Tenova,Tenova Spa,,,,,,,,,,,,,,,,
21418,21418,700,Sunwoda Electronic,"Sunwoda Electronic Co.,Ltd",,,,,,,,,,,,,,,,
21442,21442,21172,Leonteq AG,Leonteq Ag,,,,,,,,,,,,,,,,
21479,21479,4762,SOFTWARE REFLECTIONS LIMITED,SOFTWARE RENTALS LIMITED,,,,,,,,,,,,,,,,
21485,21485,17914,China Grand Automotive Services,China Grand Automotive Services Group,,,,,,,,,,,,,,,,
21500,21500,7724,Argo Group International Holdings,Argo Group International Holdings Ltd,,,,,,,,,,,,,,,,
21501,21501,20416,Remgro,Remgro Ltd,,,,,,,,,,,,,,,,
21503,21503,4620,Kingspan Group PLC,Kingspan Group Plc,,,,,,,,,,,,,,,,
21575,21575,14358,CommerceIQ,CommerceIQ Careers,,,,,,,,,,,,,,,,
21592,21592,11070,Beijing Yuanliu Hongyuan Electronic Technology,Beijing Yuanliu Hongyuan Electronic Technology Co. Ltd,,,,,,,,,,,,,,,,
21594,21594,12734,Unipolsai Assicurazioni,Unipolsai Assicurazioni Spa,,,,,,,,,,,,,,,,
21600,21600,1654,GF Securities,GF Securities Co Ltd,,,,,,,,,,,,,,,,
21608,21608,15382,Hive Blockchain Technologies,Hive Blockchain Technologies Ltd,,,,,,,,,,,,,,,,
21637,21637,9294,Hanesbrands Inc,Hanesbrands Inc.,,,,,,,,,,,,,,,,
21677,21677,17830,Allwinnertech Technology,"Allwinnertech Technology Co.,Ltd.",,,,,,,,,,,,,,,,
21696,21696,14807,ALL ABOUT THE LOVE BRIDAL LTD,ALL ABOUT THE LOVE LTD,,,,,,,,,,,,,,,,
21701,21701,17471,Davide Campari-Milano N.V.,Davide Campari-Milano NV,,,,,,,,,,,,,,,,
21726,21726,10620,BAD MONKEY MEDIA LIMITED,BAD MONKEY PICTURES LIMITED,,,,,,,,,,,,,,,,
21734,21734,6104,Kimberly-Clark Corp,Kimberly-Clark Corporation,,,,,,,,,,,,,,,,
21738,21738,18116,Murata Manufacturing,Murata Manufacturing Co Ltd,,,,,,,,,,,,,,,,
21849,21849,154,Fresnillo Plc,Fresnillo plc,,,,,,,,,,,,,,,,
21856,21856,17391,SOFTWARE DESIGNS (SOUTHERN) LIMITED,SOFTWARE DESIGNS LIMITED,,,,,,,,,,,,,,,,
21869,21869,9493,Clearcover,Clearcover Careers,,,,,,,,,,,,,,,,
21871,21871,9105,Chevron Corp,Chevron Corporation,,,,,,,,,,,,,,,,
21965,21965,16046,Z & T LIMITED,Z & T OPS UK LIMITED,,,,,,,,,,,,,,,,
21967,21967,1904,Nordex SE,Nordex Se,,,,,,,,,,,,,,,,
22030,22030,18857,BOC Hong Kong (Holdings) Ltd,BOC Hong Kong Holdings Ltd,,,,,,,,,,,,,,,,
22042,22042,15832,Hugo Boss,Hugo Boss AG,,,,,,,,,,,,,,,,
22045,22045,10745,Rockwool International A/S,Rockwool International A/s,,,,,,,,,,,,,,,,
22046,22046,19375,FINANCE SOS LIMITED,FINANCE SOUTH EAST LIMITED,,,,,,,,,,,,,,,,
22047,22047,16686,Hornbach Baumarkt AG,Hornbach Baumarkt Ag,,,,,,,,,,,,,,,,
22054,22054,10304,Manitou BF SA,Manitou Bf Sa,,,,,,,,,,,,,,,,
22078,22078,4229,Woolworths,Woolworths Group,,,,,,,,,,,,,,,,
22086,22086,2383,Tikkurila,Tikkurila Oyj,,,,,,,,,,,,,,,,
22103,22103,14136,Tongwei Co. Ltd,Tongwei Group Co Ltd,,,,,,,,,,,,,,,,
22110,22110,16005,Hewlett Packard Enterprise,Hewlett Packard Enterprise Co,,,,,,,,,,,,,,,,
22113,22113,1804,Pantheon International,Pantheon International plc,,,,,,,,,,,,,,,,
22125,22125,1673,ValueMomentum,ValueMomentum Careers,,,,,,,,,,,,,,,,
22155,22155,11746,Daiwa Securities Group,Daiwa Securities Group Inc,,,,,,,,,,,,,,,,
22162,22162,14305,Elis Sa,Elisa,,,,,,,,,,,,,,,,
22168,22168,8254,Gold Fields,Gold Fields Limited,,,,,,,,,,,,,,,,
22170,22170,2638,Nanjing Iron & Steel,Nanjing Iron & Steel Co. Ltd,,,,,,,,,,,,,,,,
22172,22172,6932,Advanced Energy Solution Holding Co. Ltd,"Advanced Energy Solution Holding Co., Ltd.",,,,,,,,,,,,,,,,
22173,22173,15449,Emerson Electric,Emerson Electric Co,,,,,,,,,,,,,,,,
22197,22197,14956,Eternal Materials Co Ltd,Eternal Materials Co. Ltd,,,,,,,,,,,,,,,,
22223,22223,4845,Zignago Vetro,Zignago Vetro S.p.A.,,,,,,,,,,,,,,,,
22244,22244,8744,Halma,Halma Plc,,,,,,,,,,,,,,,,
22261,22261,8197,Mitsubishi Electric Corp,Mitsubishi Electric Corporation,,,,,,,,,,,,,,,,
22266,22266,4851,Activision Blizzard Careers,Activision Blizzard Inc,,,,,,,,,,,,,,,,
22280,22280,13622,Reliance Petroleum,Reliance Power,,,,,,,,,,,,,,,,
22290,22290,19022,Eurocommercial Properties,Eurocommercial Properties N.V.,,,,,,,,,,,,,,,,
22296,22296,9960,Emerson Electric Co.,Emerson Electric Company,,,,,,,,,,,,,,,,
22310,22310,6870,Kyocera Corp,Kyocera Corporation,,,,,,,,,,,,,,,,
22353,22353,2304,First Gen Corp,First Gen Corporation,,,,,,,,,,,,,,,,
22383,22383,14375,Hoechst,Hoesch,,,,,,,,,,,,,,,,
22411,22411,4142,Jiangxi Copper,Jiangxi Copper Co Ltd,,,,,,,,,,,,,,,,
22430,22430,15048,BAD WOLF (ADOW2) LIMITED,BAD WOLF (ADOW3) LIMITED,,,,,,,,,,,,,,,,
22441,22441,18033,China Petrochemical Development Corp,China Petrochemical Development Corporation,,,,,,,,,,,,,,,,
22462,22462,12595,Betta Pharmaceuticals,Betta Pharmaceuticals Co. Ltd,,,,,,,,,,,,,,,,
22478,22478,4703,Tokyo Electron Device Ltd,Tokyo Electron Limited,,,,,,,,,,,,,,,,
22481,22481,8183,FOOD DIRECT LIMITED,FOOD DIRECT YORK LIMITED,,,,,,,,,,,,,,,,
22524,22524,16776,Virtu Financial,Virtu Financial Inc,,,,,,,,,,,,,,,,
22554,22554,9804,Compania Cervecerias Unidas,Compania Cervecerias Unidas SA,,,,,,,,,,,,,,,,
22564,22564,20224,Tongling Nonferrous Metals Group Co Ltd,"Tongling Nonferrous Metals Group Co.,ltd.",,,,,,,,,,,,,,,,
22584,22584,13256,Getlink,Getlink SE,,,,,,,,,,,,,,,,
22611,22611,15091,CCL Industries Inc,CCL Industries Inc.,,,,,,,,,,,,,,,,
22624,22624,10956,Royale Furniture Holdings,Royale Furniture Holdings Ltd,,,,,,,,,,,,,,,,
22674,22674,8008,Schlumberger,Schlumberger Limited,,,,,,,,,,,,,,,,
22683,22683,16733,Azimut Holding,Azimut Holding S.p.A.,,,,,,,,,,,,,,,,
22686,22686,15241,Birchcliff Energy,Birchcliff Energy Ltd.,,,,,,,,,,,,,,,,
22709,22709,2554,"Huaibei Mining Holdings Co.,Ltd.",Huaibei Miningholdings,,,,,,,,,,,,,,,,
22750,22750,19265,Straumann Holding AG,Straumann Holding Ag,,,,,,,,,,,,,,,,
22780,22780,6839,Compagnie Plastic Omnium SA,Compagnie Plastic Omnium Sa,,,,,,,,,,,,,,,,
22785,22785,8414,Parex Resources,Parex Resources Inc.,,,,,,,,,,,,,,,,
22792,22792,21545,Snap-on,Snap-on Inc,,,,,,,,,,,,,,,,
22794,22794,12930,Astellas Pharma Inc,"Astellas Pharma, Inc.",,,,,,,,,,,,,,,,
22795,22795,12339,Qorvo,Qorvo Inc,,,,,,,,,,,,,,,,
22804,22804,6506,Faurecia SA,Faurecia SE,,,,,,,,,,,,,,,,
22822,22822,20654,Sushiro Global Holdings,Sushiro Global Holdings Ltd,,,,,,,,,,,,,,,,
22856,22856,14257,Cboe Global Markets,"Cboe Global Markets, Inc",,,,,,,,,,,,,,,,
22868,22868,6267,FiloBlu,Filoblu,,,,,,,,,,,,,,,,
22881,22881,16028,Daewoo Engineering & Construction,Daewoo Engineering & Construction Co Ltd,,,,,,,,,,,,,,,,
22897,22897,19727,Sumitomo Rubber Industries,Sumitomo Rubber Industries Ltd,,,,,,,,,,,,,,,,
22977,22977,10023,Fiberhome Telecommunication Technologies,Fiberhome Telecommunication Technologies Co. Ltd,,,,,,,,,,,,,,,,
22994,22994,17048,Edp - Energias De Portugal,Edp - Energias Do Brasil,,,,,,,,,,,,,,,,
23011,23011,15356,Deutsche Bahn AG,Deutsche Balaton AG,,,,,,,,,,,,,,,,
23018,23018,20349,Mitsubishi Heavy Industries,Mitsubishi Heavy Industries Ltd,,,,,,,,,,,,,,,,
23057,23057,21435,T & B BUILDING LTD,T & B BUILDING SERVICES LTD,,,,,,,,,,,,,,,,
23077,23077,2183,Mcule.com,Mcule.com Kft.,,,,,,,,,,,,,,,,
23124,23124,5231,Ferroamp Elektronik,Ferroamp Elektronik AB,,,,,,,,,,,,,,,,
23135,23135,8662,Peloton Interactive Inc,"Peloton Interactive, Inc.",,,,,,,,,,,,,,,,
23144,23144,20098,Skandinaviska Enskilda Banken AB,Skandinaviska Enskilda Banken Ab (publ.),,,,,,,,,,,,,,,,
23145,23145,15890,Ubiquiti Inc,Ubiquiti Inc.,,,,,,,,,,,,,,,,
23172,23172,509,Galapagos NV,Galapagos Nv,,,,,,,,,,,,,,,,
23178,23178,11914,Joyful Honda Co Ltd,Joyful Honda Co. Ltd,,,,,,,,,,,,,,,,
23182,23182,3580,Option Care Health,Option Care Health Inc,,,,,,,,,,,,,,,,
23189,23189,3419,think about IT,thinkout IT,,,,,,,,,,,,,,,,
23228,23228,12784,Quanta Services Inc,"Quanta Services, Inc.",,,,,,,,,,,,,,,,
23230,23230,14038,Nate,Natech,,,,,,,,,,,,,,,,
23231,23231,14493,Collins Foods,Collins Foods Limited,,,,,,,,,,,,,,,,
23245,23245,2460,Equifax Inc,Equifax Inc.,,,,,,,,,,,,,,,,
23254,23254,22197,Eternal Materials,Eternal Materials Co Ltd,,,,,,,,,,,,,,,,
23268,23268,14930,Power Grid Corporation Of India,Power Grid Corporation of India,,,,,,,,,,,,,,,,
23269,23269,6696,Swedish Orphan Biovitrum,Swedish Orphan Biovitrum AB,,,,,,,,,,,,,,,,
23279,23279,6124,NEW ACRE ELECTRICAL HOLDINGS LIMITED,NEW ACRE ELECTRICAL LIMITED,,,,,,,,,,,,,,,,
23298,23298,13483,ALL ABOUT TOURS LIMITED,ALL ABOUT TOYS LTD,,,,,,,,,,,,,,,,
23323,23323,8363,Mitsubishi Logisnext Co Ltd,Mitsubishi Logisnext Co. Ltd,,,,,,,,,,,,,,,,
23344,23344,18042,Aluminum Corporation of China Limited,Aluminum Corporation of China Ltd,,,,,,,,,,,,,,,,
23371,23371,21208,Oceaneering International,Oceaneering International Inc,,,,,,,,,,,,,,,,
23406,23406,17552,Samvardhana Motherson International,Samvardhana Motherson International Ltd,,,,,,,,,,,,,,,,
23412,23412,20532,Clean Harbors Inc,"Clean Harbors, Inc.",,,,,,,,,,,,,,,,
23424,23424,12287,Kanematsu Corp,Kanematsu Corporation,,,,,,,,,,,,,,,,
23427,23427,17943,Chart Industries,Chart Industries Inc,,,,,,,,,,,,,,,,
23429,23429,19992,Nutanix Inc,"Nutanix, Inc.",,,,,,,,,,,,,,,,
23451,23451,3178,AIB Group,AIB Group plc,,,,,,,,,,,,,,,,
23465,23465,9299,UDR Inc,"UDR, Inc.",,,,,,,,,,,,,,,,
23513,23513,21397,The Kraft Heinz Co,The Kraft Heinz Company,,,,,,,,,,,,,,,,
23520,23520,16902,National Instruments Corp,National Instruments Corporation,,,,,,,,,,,,,,,,
23537,23537,13329,Suzhou Crystal Clear Chemical,"Suzhou Crystal Clear Chemical Co.,Ltd.",,,,,,,,,,,,,,,,
23545,23545,22471,PT Uni-Charm Indonesia Tbk,PT Unilever Indonesia Tbk,,,,,,,,,,,,,,,,
23556,23556,2033,Tata Play,Tata Play Fiber,,,,,,,,,,,,,,,,
23594,23594,16932,Hangzhou First Applied Material Co Ltd,Hangzhou First Applied Material Co. Ltd,,,,,,,,,,,,,,,,
23596,23596,3041,Knight-Swift Transportation Holdings Inc,Knight-Swift Transportation Holdings Inc.,,,,,,,,,,,,,,,,
23614,23614,11752,Banco Santander Mexico,Banco Santander Mexico SA,,,,,,,,,,,,,,,,
23724,23724,11876,Fortive,Fortive Corp,,,,,,,,,,,,,,,,
23728,23728,7770,H & A CONSORTIUM LTD,H & A CONSTRUCTION LTD,,,,,,,,,,,,,,,,
23774,23774,18549,Genmab A/s,Genmab AS,,,,,,,,,,,,,,,,
23783,23783,15574,Baoshan Iron & Steel,Baoshan Iron & Steel Co. Ltd,,,,,,,,,,,,,,,,
23794,23794,4256,Chocoladefabriken Lindt & Sprungli Ag,Chocoladefabriken Lindt & Sprüngli AG,,,,,,,,,,,,,,,,
23799,23799,16355,NEW AGE INTERNATIONAL (UK) LTD,NEW AGE INTERNATIONAL MARKETING LTD,,,,,,,,,,,,,,,,
23800,23800,963,BEAUTY BOX BOUTIQUE (2020) LTD,BEAUTY BOX BOUTIQUE LTD,,,,,,,,,,,,,,,,
23823,23823,19304,MEG Energy Corp,MEG Energy Corp.,,,,,,,,,,,,,,,,
23838,23838,13217,Fujian Kuncai Material Technology,Fujian Kuncai Material Technology Co. Ltd,,,,,,,,,,,,,,,,
23840,23840,17668,FERRERO SPA,FERRO SA,,,,,,,,,,,,,,,,
23844,23844,20484,Adyen N.V.,Adyen NV,,,,,,,,,,,,,,,,
23855,23855,3785,BANCA SELLA HOLDING SPA,BANCA SELLA SPA,,,,,,,,,,,,,,,,
23870,23870,2218,Star Bulk Carriers,Star Bulk Carriers Corp,,,,,,,,,,,,,,,,
23875,23875,5049,Aurobindo Pharma,Aurobindo Pharma Ltd,,,,,,,,,,,,,,,,
23880,23880,6685,Japan Airlines Co Ltd,Japan Airlines Co. Ltd,,,,,,,,,,,,,,,,
23908,23908,12737,SOFTWARE DEVELOPMENT CONSULTANCY LTD,SOFTWARE DEVELOPMENT CONSULTANTS LTD,,,,,,,,,,,,,,,,
23935,23935,11808,Daibiru Corp,Daibiru Corporation,,,,,,,,,,,,,,,,
23958,23958,2152,Giga-Byte Technology Co. Ltd,Giga-byte Technology,,,,,,,,,,,,,,,,
23964,23964,7135,Shanghai Jin Jiang International Hotels Development,Shanghai Jin Jiang International Hotels Development Co. Ltd,,,,,,,,,,,,,,,,
24025,24025,16847,Resona Holdings,Resona Holdings Inc,,,,,,,,,,,,,,,,
24047,24047,11874,Compuage Infocom,Compuage Infocom Ltd,,,,,,,,,,,,,,,,
24074,24074,81,Future Consumer,Future Corp,,,,,,,,,,,,,,,,
24078,24078,15392,Primo Water Corp,Primo Water Corporation,,,,,,,,,,,,,,,,
24091,24091,21820,World Wrestling Entertainment,World Wrestling Entertainment Inc,,,,,,,,,,,,,,,,
24115,24115,4375,Jinyu Bio-technology,Jinyu Bio-technology Co. Ltd,,,,,,,,,,,,,,,,
24208,24208,20857,Dubai Electricity & Water Authority (DEWA),Dubai Electricity and Water Authority,,,,,,,,,,,,,,,,
24210,24210,18620,Gilead Sciences Inc,"Gilead Sciences, Inc.",,,,,,,,,,,,,,,,
24240,24240,19276,Brio,Brioni,,,,,,,,,,,,,,,,
24251,24251,11986,PT Perusahaan Gas Negara (Persero) Tbk,PT Perusahaan Gas Negara Tbk,,,,,,,,,,,,,,,,
24271,24271,11772,China Everbright Bank,China Everbright Bank Co Ltd,,,,,,,,,,,,,,,,
24275,24275,1381,Nemetschek SE,Nemetschek Se,,,,,,,,,,,,,,,,
24286,24286,16945,Delek Automotive Systems,Delek Automotive Systems Ltd,,,,,,,,,,,,,,,,
24292,24292,8113,Hikma Pharmaceuticals,Hikma Pharmaceuticals Plc,,,,,,,,,,,,,,,,
24300,24300,18364,Mercury Systems,Mercury Systems Inc,,,,,,,,,,,,,,,,
24301,24301,3338,Britannia Industries,Britannia Industries Ltd,,,,,,,,,,,,,,,,
24325,24325,23298,ALL ABOUT TIMING LTD,ALL ABOUT TOURS LIMITED,,,,,,,,,,,,,,,,
24358,24358,16651,"Beijing-Shanghai High-Speed Railway Co.,Ltd.","Beijing-shanghai High-speed Railway Co.,ltd.",,,,,,,,,,,,,,,,
24386,24386,24096,Ube Industries,Ube Industries Ltd,,,,,,,,,,,,,,,,
24394,24394,13823,Mavi Giyim Sanayi Ve Ticaret,Mavi Giyim Sanayi ve Ticaret A.S.,,,,,,,,,,,,,,,,
24398,24398,1427,China Youran Dairy Group Limited,China Youran Dairy Group Ltd,,,,,,,,,,,,,,,,
24403,24403,18534,Celestica,Celestica Inc,,,,,,,,,,,,,,,,
24406,24406,12776,Zurich Insurance Group Ag,Zurich Insurance Group Ltd,,,,,,,,,,,,,,,,
24409,24409,18261,Agfa-Gevaert,Agfa-Gevaert NV,,,,,,,,,,,,,,,,
24419,24419,3992,Otsuka Holdings Co Ltd,Otsuka Holdings Co. Ltd,,,,,,,,,,,,,,,,
24436,24436,7404,The Cooper Companies,The Cooper Companies Inc,,,,,,,,,,,,,,,,
24444,24444,22572,V & J DRINKS LIMITED,V & J HOLDINGS LIMITED,,,,,,,,,,,,,,,,
24478,24478,6857,Doosan Bobcat,"Doosan Bobcat, Inc.",,,,,,,,,,,,,,,,
24519,24519,16302,Chongqing Zhifei Biological Products,Chongqing Zhifei Biological Products Co Ltd,,,,,,,,,,,,,,,,
24522,24522,14343,Nichiha Corp,Nichiha Corporation,,,,,,,,,,,,,,,,
24524,24524,20087,Toyota Tsusho Corp,Toyota Tsusho Corporation,,,,,,,,,,,,,,,,
24528,24528,22626,Shanghai Wanye Enterprises,"Shanghai Wanye Enterprises Co.,Ltd",,,,,,,,,,,,,,,,
24534,24534,12868,Lisi,Lisi SA,,,,,,,,,,,,,,,,
24571,24571,5325,Galaxy Entertainment,Galaxy Entertainment Group,,,,,,,,,,,,,,,,
24590,24590,17553,Cosmo Films,Cosmo Oil,,,,,,,,,,,,,,,,
24592,24592,11520,Pershing Square Holdings,Pershing Square Holdings Ord,,,,,,,,,,,,,,,,
24595,24595,24068,Macquarie Group,Macquarie Group Limited,,,,,,,,,,,,,,,,
24610,24610,2750,Yungtay Engineering,Yungtay Engineering Co. Ltd,,,,,,,,,,,,,,,,
24627,24627,22962,Cambricon Technologies Corp Ltd,Cambricon Technologies Corporation Limited,,,,,,,,,,,,,,,,
24680,24680,11333,Nishi-Nippon Railroad Co Ltd,Nishi-Nippon Railroad Co. Ltd,,,,,,,,,,,,,,,,
24719,24719,11683,Crown Resorts Limited,Crown Resorts Ltd,,,,,,,,,,,,,,,,
24772,24772,15511,Shandong Shida Shenghua Chemical Group Company,Shandong Shida Shenghua Chemical Group Company Ltd,,,,,,,,,,,,,,,,
24779,24779,13893,CGN Power,CGN Power Co Ltd,,,,,,,,,,,,,,,,
24781,24781,535,"MORI TRUST Hotel Reit, Inc.","MORI TRUST Sogo Reit, Inc.",,,,,,,,,,,,,,,,
24786,24786,16496,Advanced Micro Devices,Advanced Micro Devices (amd),,,,,,,,,,,,,,,,
24803,24803,15588,Aker Solutions ASA,Aker Solutions Asa,,,,,,,,,,,,,,,,
24819,24819,17017,BEAUTY BLUSH BAR LIMITED,BEAUTY BLUSH LIMITED,,,,,,,,,,,,,,,,
24829,24829,2787,Disco Corp,Disco Corporation,,,,,,,,,,,,,,,,
24831,24831,10156,Ab Sagax (publ),Ab Skf (publ),,,,,,,,,,,,,,,,
24843,24843,12247,Clarkson,Clarkson plc,,,,,,,,,,,,,,,,
24849,24849,17487,Vertiv Holdings Co,Vertiv Holdings Co.,,,,,,,,,,,,,,,,
24882,24882,14334,Scottish Mortgage Investment Trust,Scottish Mortgage Investment Trust plc,,,,,,,,,,,,,,,,
24885,24885,10625,Carzone,Carzonrent,,,,,,,,,,,,,,,,
24956,24956,14572,Lecron Industrial Development Group Co. Ltd,"Lecron Industrial Development Group Co., Ltd.",,,,,,,,,,,,,,,,
24996,24996,3360,Air Products and Chemicals Inc,"Air Products and Chemicals, Inc.",,,,,,,,,,,,,,,,
25003,25003,15797,Digital Arts,"Digital Arts, Inc.",,,,,,,,,,,,,,,,
25006,25006,5870,Nomura Holdings Inc,"Nomura Holdings, Inc.",,,,,,,,,,,,,,,,
25015,25015,15156,Relaxo Footwear,Relaxo Footwears,,,,,,,,,,,,,,,,
25030,25030,18720,APL Apollo Tubes,APL Apollo Tubes Ltd,,,,,,,,,,,,,,,,
25031,25031,16579,Mazda,Mazda Ltd,,,,,,,,,,,,,,,,
25032,25032,23232,Raytheon Technologies,Raytheon Technologies Corp,,,,,,,,,,,,,,,,
25043,25043,5722,NatWest Group,NatWest Group Plc,,,,,,,,,,,,,,,,
25055,25055,3376,Caterpillar,Caterpillar Inc,,,,,,,,,,,,,,,,
25062,25062,3148,Misko,Miso,,,,,,,,,,,,,,,,
25063,25063,196,Frontier Developments,Frontier Developments plc,,,,,,,,,,,,,,,,
25106,25106,11649,Dowa Holdings,Dowa Holdings Co Ltd,,,,,,,,,,,,,,,,
25110,25110,6442,Iberdrola,Iberdrola SA,,,,,,,,,,,,,,,,
25190,25190,20854,Porsche Automobil Holding SE,Porsche Automobil Holding Se,,,,,,,,,,,,,,,,
25212,25212,15812,Pinterest,Pinterest Inc,,,,,,,,,,,,,,,,
25217,25217,24728,Home Product Center Public Company,Home Product Center Public Company Ltd,,,,,,,,,,,,,,,,
25234,25234,19170,BEAUTY BEE STUDIO LTD,BEAUTY BEE WITH DEBS LTD,,,,,,,,,,,,,,,,
25278,25278,25176,Guotai Junan Securities,Guotai Junan Securities Co Ltd,,,,,,,,,,,,,,,,
25286,25286,13647,Liberty Broadband,Liberty Broadband Corporation,,,,,,,,,,,,,,,,
25307,25307,6245,Bawag Group,Bawag Group Ag,,,,,,,,,,,,,,,,
25340,25340,21234,Montana Aerospace AG,Montana Aerospace Ag,,,,,,,,,,,,,,,,
25349,25349,1527,Breedon Group PLC,Breedon Group plc,,,,,,,,,,,,,,,,
25421,25421,14395,China Everbright Bank Company,China Everbright Bank Company Ltd,,,,,,,,,,,,,,,,
25424,25424,1564,Energineo,Energinet.dk,,,,,,,,,,,,,,,,
25436,25436,24093,Barco NV,Barco Nv,,,,,,,,,,,,,,,,
25510,25510,15474,EirGenix,"EirGenix, Inc.",,,,,,,,,,,,,,,,
25523,25523,569,NEW ADVENTURES LIMITED,NEW ADVENTURES MIDNIGHT BELL LIMITED,,,,,,,,,,,,,,,,
25525,25525,21523,Volution Group,Volution Group plc,,,,,,,,,,,,,,,,
25582,25582,1837,Impala Platinum Holdings,Impala Platinum Holdings Ltd,,,,,,,,,,,,,,,,
25585,25585,6487,China Gold International Resources,China Gold International Resources Corp. Ltd.,,,,,,,,,,,,,,,,
25619,25619,25161,"Williams-Sonoma, Inc.",Williams-sonoma,,,,,,,,,,,,,,,,
25636,25636,14171,FOOD DOCTORS LIMITED,FOOD DOJO LIMITED,,,,,,,,,,,,,,,,
25647,25647,20985,Dr. Reddy's Laboratories Limited,Dr. Reddy's Laboratories Ltd,,,,,,,,,,,,,,,,
25661,25661,10904,OTP Bank,OTP Bank Nyrt,,,,,,,,,,,,,,,,
25680,25680,2660,Close Brothers Group Plc,Close Brothers Group plc,,,,,,,,,,,,,,,,
25724,25724,25356,First Bancorp,First Bancorp.,,,,,,,,,,,,,,,,
25731,25731,6667,Sunoco LP,Sunoco Lp,,,,,,,,,,,,,,,,
25744,25744,9044,Skyworks Solutions,Skyworks Solutions Inc,,,,,,,,,,,,,,,,
25772,25772,13869,Whirlpool Corp,Whirlpool Corporation,,,,,,,,,,,,,,,,
25774,25774,14340,LPL Financial Holdings Inc,LPL Financial Holdings Inc.,,,,,,,,,,,,,,,,
25827,25827,12164,Sibanye Stillwater,Sibanye Stillwater Limited,,,,,,,,,,,,,,,,
25843,25843,6133,NEW AFTON LTD,NEW AFTON SPICY LIMITED,,,,,,,,,,,,,,,,
25853,25853,5232,ALL ABOUT WINDOWS LIMITED,ALL ABOUT WINE LIMITED,,,,,,,,,,,,,,,,
25854,25854,23179,Saudi Telecom,Saudi Telecom Co,,,,,,,,,,,,,,,,
25866,25866,15987,FATA SPA,FATER SPA,,,,,,,,,,,,,,,,
25883,25883,23381,FOOD DELIVERY SERVICES LTD,FOOD DELIVERY SHROPSHIRE LTD,,,,,,,,,,,,,,,,
25884,25884,18168,La Francaise Des Jeux SA,La Francaise Des Jeux Societe Anonyme,,,,,,,,,,,,,,,,
25894,25894,7772,Villar International,Villar International Ltd,,,,,,,,,,,,,,,,
25904,25904,19297,Omnicom Group,Omnicom Group Inc,,,,,,,,,,,,,,,,
25914,25914,6046,Guangzhou Rural Commercial Bank Co Ltd,Guangzhou Rural Commercial Bank Co. Ltd,,,,,,,,,,,,,,,,
25916,25916,6645,Episil Holding,"Episil Holding, Inc.",,,,,,,,,,,,,,,,
25918,25918,1607,Qantas Airways Limited,Qantas Airways Ltd,,,,,,,,,,,,,,,,
25927,25927,14824,Novozymes A-S,Novozymes A/s,,,,,,,,,,,,,,,,
25942,25942,2236,Essentra,Essentra plc,,,,,,,,,,,,,,,,
25943,25943,19637,Jefferies Financial,Jefferies Financial Group,,,,,,,,,,,,,,,,
25955,25955,10979,SOFTWARE SERVICE EUROPE LIMITED,SOFTWARE SERVICES (UK) LIMITED,,,,,,,,,,,,,,,,
25972,25972,19562,Hindustan Zinc,Hindustan Zinc Ltd,,,,,,,,,,,,,,,,
25973,25973,1963,Radian Group,Radian Group Inc,,,,,,,,,,,,,,,,
25977,25977,22056,Constellation Brands Inc,"Constellation Brands, Inc.",,,,,,,,,,,,,,,,
25997,25997,25743,Anhui Kouzi Distillery,Anhui Kouzi Distillery Co. Ltd,,,,,,,,,,,,,,,,
26022,26022,15626,Amarin Corporation,Amarin Corporation plc,,,,,,,,,,,,,,,,
26056,26056,13743,Tianjin Chase Sun Pharmaceutical,Tianjin Chase Sun Pharmaceutical Co Ltd,,,,,,,,,,,,,,,,
26060,26060,10825,China Development Financial Holding Corp,China Development Financial Holding Corporation,,,,,,,,,,,,,,,,
26062,26062,3199,Bollore,Bollore SE,,,,,,,,,,,,,,,,
26069,26069,4491,Otis Worldwide,Otis Worldwide Corp,,,,,,,,,,,,,,,,
26076,26076,22477,P & A CONTRACTS (UKI) LTD,P & A CONTRACTS LTD,,,,,,,,,,,,,,,,
26084,26084,3463,Raiffeisen Bank International AG,Raiffeisen Bank International Ag,,,,,,,,,,,,,,,,
26092,26092,20157,Far East Horizon,Far East Horizon Ltd,,,,,,,,,,,,,,,,
26132,26132,23046,NN Group N.V.,NN Group NV,,,,,,,,,,,,,,,,
26156,26156,8546,Orange S.A.,Orange S.a,,,,,,,,,,,,,,,,
26169,26169,3183,"NBCUNIVERSAL MEDIA, LLC","NBCUNIVERSAL, LLC",,,,,,,,,,,,,,,,
26180,26180,6769,Grupo Financiero Galicia,Grupo Financiero Galicia SA,,,,,,,,,,,,,,,,
26182,26182,18586,Eagle Materials,Eagle Materials Inc,,,,,,,,,,,,,,,,
26186,26186,8180,Tradeweb Markets Inc,Tradeweb Markets Inc.,,,,,,,,,,,,,,,,
26211,26211,5151,Bankinter SA,"Bankinter, SA",,,,,,,,,,,,,,,,
26235,26235,24662,Southwestern Energy Co,Southwestern Energy Company,,,,,,,,,,,,,,,,
26252,26252,2691,Technogym,Technogym S.p.A.,,,,,,,,,,,,,,,,
26266,26266,18303,Indiabulls Housing Finance,Indiabulls Housing Finance Ltd,,,,,,,,,,,,,,,,
26290,26290,16426,CNA Financial Corp,CNA Financial Corporation,,,,,,,,,,,,,,,,
26297,26297,22275,Shede Spirits,Shede Spirits Co. Ltd,,,,,,,,,,,,,,,,
26315,26315,72,Shenzhen Changhong Technology,Shenzhen Changhong Technology Co. Ltd,,,,,,,,,,,,,,,,
26328,26328,20921,Guizhou Xinbang Pharmaceutical,Guizhou Yibai Pharmaceutical,,,,,,,,,,,,,,,,
26339,26339,4759,Shandong Sinocera Functional Material,Shandong Sinocera Functional Material Co. Ltd,,,,,,,,,,,,,,,,
26341,26341,53,Banco de Sabadell SA,"Banco de Sabadell, SA",,,,,,,,,,,,,,,,
26351,26351,3354,General Insurance Corporation Of India,General Insurance Corporation of India,,,,,,,,,,,,,,,,
26358,26358,4646,Godrej Industries,Godrej Industries Ltd,,,,,,,,,,,,,,,,
26369,26369,1146,Giant Manufacturing Co Ltd,Giant Manufacturing Co. Ltd,,,,,,,,,,,,,,,,
26374,26374,22045,Rockwool International A-S,Rockwool International A/S,,,,,,,,,,,,,,,,
26378,26378,2950,Navient Corp,Navient Corporation,,,,,,,,,,,,,,,,
26387,26387,24940,Brembo SpA,Brembo Spa,,,,,,,,,,,,,,,,
26391,26391,6509,Electronic Arts,Electronic Arts Inc,,,,,,,,,,,,,,,,
26397,26397,7816,Adient,Adient Plc,,,,,,,,,,,,,,,,
26442,26442,21637,Hanesbrands,Hanesbrands Inc,,,,,,,,,,,,,,,,
26465,26465,26366,Imperial Oil Limited,Imperial Oil Ltd,,,,,,,,,,,,,,,,
26510,26510,17373,Sandvik,Sandvik AB,,,,,,,,,,,,,,,,
26526,26526,7582,IndusInd Bank Ltd,Indusind Bank,,,,,,,,,,,,,,,,
26535,26535,14570,Aquafin,Aquafina,,,,,,,,,,,,,,,,
26577,26577,15307,Bosideng International Holdings,Bosideng International Holdings Ltd,,,,,,,,,,,,,,,,
26580,26580,24806,Grail,Grain,,,,,,,,,,,,,,,,
26619,26619,11528,Penguin International,Penguin International Ltd,,,,,,,,,,,,,,,,
26625,26625,22356,Global Dominion Access SA,"Global Dominion Access, SA",,,,,,,,,,,,,,,,
26631,26631,25970,Shanghai Pudong Development,Shanghai Pudong Development Bank,,,,,,,,,,,,,,,,
26634,26634,15035,Monadelphous Group Limited,Monadelphous Group Ltd,,,,,,,,,,,,,,,,
26646,26646,1628,J & J Snack Foods,J & J Snack Foods Corp,,,,,,,,,,,,,,,,
26653,26653,26178,Lucas Bols,Lucas Bols N.V.,,,,,,,,,,,,,,,,
26674,26674,16448,Daewoong Pharmaceutical,Daewoong Pharmaceutical Co Ltd,,,,,,,,,,,,,,,,
26683,26683,15063,Kernel Holding S.a.,Kernel Holding SA,,,,,,,,,,,,,,,,
26687,26687,2808,SOFTWARE BY ADAM LIMITED,SOFTWARE BY DESIGN LTD,,,,,,,,,,,,,,,,
26696,26696,10073,Value Grupo Financiero Sab De Cv,"Value Grupo Financiero, S.A.B. de C.V.",,,,,,,,,,,,,,,,
26701,26701,1760,Cold Stone,Cold Storage,,,,,,,,,,,,,,,,
26716,26716,8612,Shinhan Financial Group Co Ltd,"Shinhan Financial Group Co., Ltd.",,,,,,,,,,,,,,,,
26729,26729,17764,Dollar Tree Inc,"Dollar Tree, Inc.",,,,,,,,,,,,,,,,
26733,26733,16999,Domino's Pizza Group plc,Domino's Pizza Inc,,,,,,,,,,,,,,,,
26746,26746,18949,Charter Hall Long WALE REIT,Charter Hall Long Wale Reit,,,,,,,,,,,,,,,,
26756,26756,9569,NEW ADVENTURES SWAN LAKE LIMITED,NEW ADVENTURES TRAVEL LIMITED,,,,,,,,,,,,,,,,
26761,26761,449,China Mengniu Dairy,China Mengniu Dairy Co Ltd,,,,,,,,,,,,,,,,
26765,26765,14527,Vifor Pharma AG,Vifor Pharma Ag,,,,,,,,,,,,,,,,
26797,26797,14842,Q AND Q LIMITED,Q AND QUAINT LIMITED,,,,,,,,,,,,,,,,
26809,26809,9335,China Northern Rare Earth (group) High-tech,China Northern Rare Earth Group High-Tech Co Ltd,,,,,,,,,,,,,,,,
26817,26817,3238,Pan German Universal Motors,Pan German Universal Motors Ltd,,,,,,,,,,,,,,,,
26838,26838,21897,Bright Dairy & Food Co Ltd,"Bright Dairy & Food Co.,Ltd",,,,,,,,,,,,,,,,
26839,26839,12158,China Resources Mixc Lifestyle Services Limited,China Resources Mixc Lifestyle Services Ltd,,,,,,,,,,,,,,,,
26842,26842,453,Teleperformance SE,Teleperformance Se,,,,,,,,,,,,,,,,
26846,26846,4618,Aeroports De Paris Sa,Aeroports de Paris,,,,,,,,,,,,,,,,
26847,26847,11822,T & A DEVELOPMENTS,T & A DEVELOPMENTS 2019 LIMITED,,,,,,,,,,,,,,,,
26879,26879,23131,Integrata,Integrata Oy,,,,,,,,,,,,,,,,
26886,26886,6519,NEW AGE SPORTS GROUP LTD,NEW AGE SPORTS LIMITED,,,,,,,,,,,,,,,,
26887,26887,2611,Suruga Bank,Suruga Bank Ltd,,,,,,,,,,,,,,,,
26900,26900,8321,Watkin Jones Plc,Watkin Jones plc,,,,,,,,,,,,,,,,
26931,26931,11444,Fundo De Investimento Imobiliario - FII BTG Pactual Fundo De CRI,Fundo De Investimento Imobiliario - FII BTG Pactual Fundo De Fundos,,,,,,,,,,,,,,,,
26937,26937,24709,Yara International,Yara International ASA,,,,,,,,,,,,,,,,
26943,26943,24106,Aeon Mall,Aeon Mall Co Ltd,,,,,,,,,,,,,,,,
26951,26951,21287,Enaex,Enaex SA,,,,,,,,,,,,,,,,
26966,26966,17214,Intertek Group,Intertek Group Plc,,,,,,,,,,,,,,,,
26973,26973,11512,Lloyds Banking Group Plc,Lloyds Banking Group plc,,,,,,,,,,,,,,,,
26981,26981,26281,Nippon Telegraph & Telephone Corp,Nippon Telegraph And Telephone Corporation,,,,,,,,,,,,,,,,
26983,26983,26492,Zheshang Securities,Zheshang Securities Co. Ltd,,,,,,,,,,,,,,,,
26995,26995,16318,Xinyi Glass Holdings,Xinyi Glass Holdings Ltd,,,,,,,,,,,,,,,,
27024,27024,6973,Siam Commercial Bank,Siam Commercial Bank Public Company,,,,,,,,,,,,,,,,
27042,27042,9454,Yuanta Financial Holding Co Ltd,Yuanta Financial Holding Co. Ltd,,,,,,,,,,,,,,,,
27045,27045,17606,Hasbro Inc,"Hasbro, Inc.",,,,,,,,,,,,,,,,
27055,27055,697,Grind,Grindeks,,,,,,,,,,,,,,,,
27074,27074,1285,Indra Sistemas,Indra Sistemas SA,,,,,,,,,,,,,,,,
27085,27085,3455,ALL ABOUT THE DOG ACADEMY LTD,ALL ABOUT THE DOG LTD,,,,,,,,,,,,,,,,
27092,27092,24116,Fiskars OYJ Abp,Fiskars Oyj Abp,,,,,,,,,,,,,,,,
27106,27106,18813,SoftBank Corp,SoftBank Group Corp,,,,,,,,,,,,,,,,
27108,27108,12113,Aksa Enerji Uretim,Aksa Enerji Üretim A.S.,,,,,,,,,,,,,,,,
27117,27117,14487,Ross Stores Inc,"Ross Stores, Inc.",,,,,,,,,,,,,,,,
27158,27158,2511,Samsung C&T Corp,Samsung C&t Corporation,,,,,,,,,,,,,,,,
27160,27160,9801,Saudi Electricity,Saudi Electricity Co,,,,,,,,,,,,,,,,
27175,27175,12893,Jade Global,Jade Global Careers,,,,,,,,,,,,,,,,
27216,27216,18970,IFS Capital,IFS Capital Ltd,,,,,,,,,,,,,,,,
27276,27276,3450,H & B CONTRACTORS LIMITED,H & B CONTRACTS LTD,,,,,,,,,,,,,,,,
27292,27292,6293,"Imeik Technology Development Co.,Ltd.","Imeik Technology Development Co.,ltd.",,,,,,,,,,,,,,,,
27293,27293,13356,BAD VEGAN LTD,BAD VIBE LTD,,,,,,,,,,,,,,,,
27297,27297,15393,Qube Holdings,Qube Holdings Limited,,,,,,,,,,,,,,,,
27304,27304,4304,Notre Dame Intermedica Participacoes,Notre Dame Intermedica Participacoes SA,,,,,,,,,,,,,,,,
27318,27318,27068,Arla Foods,Arla Foods amba,,,,,,,,,,,,,,,,
27326,27326,6041,Orkla ASA,Orkla Asa,,,,,,,,,,,,,,,,
27358,27358,23006,EATON ELECTRIC LIMITED,EATON ELECTRICAL SYSTEMS LIMITED,,,,,,,,,,,,,,,,
27361,27361,7295,Ningbo Xusheng Auto Technology,Ningbo Xusheng Auto Technology Co. Ltd,,,,,,,,,,,,,,,,
27384,27384,6776,Ogrodosfera,Ogrodosfera.pl,,,,,,,,,,,,,,,,
27394,27394,19492,Martin Marietta Materials Inc,"Martin Marietta Materials, Inc.",,,,,,,,,,,,,,,,
27397,27397,4385,United Airlines Holdings Inc,"United Airlines Holdings, Inc.",,,,,,,,,,,,,,,,
27403,27403,20008,Denka Company,Denka Company Ltd,,,,,,,,,,,,,,,,
27424,27424,1668,Tokai Carbon,Tokai Carbon Co Ltd,,,,,,,,,,,,,,,,
27433,27433,10490,China Coal Xinji Energy Co Ltd,"China Coal Xinji Energy Co.,Ltd",,,,,,,,,,,,,,,,
27450,27450,17768,Northland Power Inc,Northland Power Inc.,,,,,,,,,,,,,,,,
27457,27457,21958,Kirin Holdings Company,Kirin Holdings Company Ltd,,,,,,,,,,,,,,,,
27458,27458,17867,Kennametal,Kennametal Inc,,,,,,,,,,,,,,,,
27461,27461,11730,Oversea-Chinese Banking,Oversea-Chinese Banking Corp Ltd,,,,,,,,,,,,,,,,
27466,27466,23905,Paradox Interactive AB,Paradox Interactive Ab (publ),,,,,,,,,,,,,,,,
27482,27482,9306,Zimmer Biomet,Zimmer Biomet Holdings,,,,,,,,,,,,,,,,
27491,27491,20849,Orpea SA,Orpea Sa,,,,,,,,,,,,,,,,
27503,27503,12107,Mobimo Holding AG,Mobimo Holding Ag,,,,,,,,,,,,,,,,
27515,27515,15558,Stifel Financial,Stifel Financial Corp,,,,,,,,,,,,,,,,
27521,27521,25994,Life Storage,"Life Storage, Inc.",,,,,,,,,,,,,,,,
27532,27532,17009,NetApp,NetApp Inc,,,,,,,,,,,,,,,,
27538,27538,23345,Virgin Money UK,Virgin Money UK Plc,,,,,,,,,,,,,,,,
27548,27548,14857,Splunk,Splunk Inc,,,,,,,,,,,,,,,,
27564,27564,12500,Hua Xia Bank,Hua Xia Bank Co Ltd,,,,,,,,,,,,,,,,
27577,27577,27165,The Trade Desk,The Trade Desk Inc,,,,,,,,,,,,,,,,
27580,27580,16740,Hokuriku Electric Power Co,Hokuriku Electric Power Company,,,,,,,,,,,,,,,,
27606,27606,5854,Sunrun Inc,Sunrun Inc.,,,,,,,,,,,,,,,,
27611,27611,12064,DKSH Holding AG,DKSH Holding Ltd,,,,,,,,,,,,,,,,
27636,27636,7748,Stanley Black & Decker,Stanley Black & Decker Inc,,,,,,,,,,,,,,,,
27638,27638,2517,Poonawalla Finance,Poonawalla Fincorp,,,,,,,,,,,,,,,,
27663,27663,22011,tecRacer Consulting,tecRacer Consulting*,,,,,,,,,,,,,,,,
27666,27666,20351,Collins Aerospace,Collins Aerospace Careers,,,,,,,,,,,,,,,,
27668,27668,197,Alfa Laval,Alfa Laval AB,,,,,,,,,,,,,,,,
27684,27684,3612,Imerys,Imerys SA,,,,,,,,,,,,,,,,
27691,27691,24660,DiaSorin S.p.A.,DiaSorin SpA,,,,,,,,,,,,,,,,
27754,27754,16292,American Electric Power Company,"American Electric Power Company, Inc.",,,,,,,,,,,,,,,,
27760,27760,3996,Shanghai Bailian,Shanghai Bailian (group),,,,,,,,,,,,,,,,
27775,27775,12837,Haier Electronics Group,Haier Electronics Group Co Ltd,,,,,,,,,,,,,,,,
27837,27837,19632,Hong Kong Exchanges,Hong Kong Exchanges & Clearing Ltd,,,,,,,,,,,,,,,,
27874,27874,3716,Japan Post Holdings Co Ltd,Japan Post Holdings Co. Ltd,,,,,,,,,,,,,,,,
27926,27926,4291,Taisei Corp,Taisei Corporation,,,,,,,,,,,,,,,,
27930,27930,19380,Keisei Electric Railway,Keisei Electric Railway Co Ltd,,,,,,,,,,,,,,,,
27941,27941,27029,China Communications Construction,China Communications Construction Co Ltd,,,,,,,,,,,,,,,,
27952,27952,7025,Honeywell International Inc,Honeywell International India,,,,,,,,,,,,,,,,
27960,27960,3829,Swedish Match,Swedish Match AB,,,,,,,,,,,,,,,,
27967,27967,4804,Koito Manufacturing,Koito Manufacturing Co Ltd,,,,,,,,,,,,,,,,
27972,27972,19390,Energy Absolute Public Company,Energy Absolute Public Company Ltd,,,,,,,,,,,,,,,,
27986,27986,27781,Canal+,Canali,,,,,,,,,,,,,,,,
27992,27992,12406,Wustenrot & Wurttembergische AG,Wustenrot & Wurttembergische Ag,,,,,,,,,,,,,,,,
28065,28065,313,ALL ABOUT BRANDS PLC,ALL ABOUT BREAD LTD,,,,,,,,,,,,,,,,
28067,28067,7919,Medios AG,Medios Ag,,,,,,,,,,,,,,,,
28070,28070,26764,Spar Nord Bank A-S,Spar Nord Bank A/s,,,,,,,,,,,,,,,,
28085,28085,4799,Deutsche Post AG,Deutsche Post Ag,,,,,,,,,,,,,,,,
28103,28103,4157,Zimmer Biomet Holdings Inc,"Zimmer Biomet Holdings, Inc.",,,,,,,,,,,,,,,,
28129,28129,17955,Indigo Paints,Indigo Paints Limited,,,,,,,,,,,,,,,,
28136,28136,18029,Esprinet S.p.A.,Esprinet SpA,,,,,,,,,,,,,,,,
28147,28147,4090,Banco do Nordeste SA,Banco do Nordeste do Brasil SA,,,,,,,,,,,,,,,,
28192,28192,6760,Eastern Communications,Eastern Communications Co. Ltd,,,,,,,,,,,,,,,,
28211,28211,13104,Teladoc Health Inc,"Teladoc Health, Inc.",,,,,,,,,,,,,,,,
28221,28221,25841,Skyworth Group,Skyworth Group Ltd,,,,,,,,,,,,,,,,
28227,28227,24446,Sedana Medical AB,Sedana Medical Ab (publ),,,,,,,,,,,,,,,,
28254,28254,13998,National HealthCare Corp,National Healthcare Corporation,,,,,,,,,,,,,,,,
28263,28263,15995,Ruchi Soya Industries,Ruchi Soya Industries Limited,,,,,,,,,,,,,,,,
28266,28266,19648,Sealed Air Corp,Sealed Air Corporation,,,,,,,,,,,,,,,,
28268,28268,14670,Jiangsu Yuyue Medical Equipment & Supply,Jiangsu Yuyue Medical Equipment & Supply Co Ltd,,,,,,,,,,,,,,,,
28269,28269,15585,ALL ABOUT THE HOUSE LTD,ALL ABOUT THE JOURNEY LTD,,,,,,,,,,,,,,,,
28359,28359,6086,Canfor Corp,Canfor Corporation,,,,,,,,,,,,,,,,
28360,28360,15108,Xtep International Holdings,Xtep International Holdings Ltd,,,,,,,,,,,,,,,,
28411,28411,13968,Restaurant Brands New Zealand,Restaurant Brands New Zealand Limited,,,,,,,,,,,,,,,,
28418,28418,24919,Compagnie Financière Richemont SA,Compagnie Financière Tradition SA,,,,,,,,,,,,,,,,
28459,28459,10631,Argo Investments,Argo Investments Limited,,,,,,,,,,,,,,,,
28461,28461,18244,Leidos Holdings,Leidos Holdings Inc,,,,,,,,,,,,,,,,
28488,28488,19474,Hitachi Construction Machinery Co Ltd,Hitachi Construction Machinery Co. Ltd,,,,,,,,,,,,,,,,
28496,28496,21547,Lasertec,Lasertec Corp,,,,,,,,,,,,,,,,
28498,28498,5564,Morneau Shepell,Morneau Shepell Inc.,,,,,,,,,,,,,,,,
28503,28503,17957,Siam Makro Public Co Ltd,Siam Makro Public Company,,,,,,,,,,,,,,,,
28525,28525,24585,Beiersdorf,Beiersdorf AG,,,,,,,,,,,,,,,,
28538,28538,7835,Maeda Corp,Maeda Corporation,,,,,,,,,,,,,,,,
28545,28545,19907,ALL ABOUT FOOD LIMITED,ALL ABOUT FOOD SERVICE LIMITED,,,,,,,,,,,,,,,,
28570,28570,867,Lincoln Electric Holdings,Lincoln Electric Holdings Inc,,,,,,,,,,,,,,,,
28600,28600,17271,Aberdeen New Dawn Investment Trust plc,Aberdeen New India Investment Trust plc,,,,,,,,,,,,,,,,
28606,28606,27737,Carlisle Companies Inc,Carlisle Companies Incorporated,,,,,,,,,,,,,,,,
28615,28615,25853,ALL ABOUT WINDOWS (SOUTHERN) LIMITED,ALL ABOUT WINDOWS LIMITED,,,,,,,,,,,,,,,,
28652,28652,11800,Verbund AG,Verbund Ag,,,,,,,,,,,,,,,,
28677,28677,989,Yantai Jereh Oilfield Services Group,Yantai Jereh Oilfield Services Group Co Ltd,,,,,,,,,,,,,,,,
28679,28679,6983,China State Construction Engineering,China State Construction Engineering Corp Ltd,,,,,,,,,,,,,,,,
28685,28685,14254,Cholamandalam Investment And Finance Company,Cholamandalam Investment and Finance Company Ltd,,,,,,,,,,,,,,,,
28715,28715,24259,Dilip Buildcon,Dilip Buildcon Ltd,,,,,,,,,,,,,,,,
28716,28716,21621,NGK Spark Plug Co. Ltd,NGK Spark Plugs,,,,,,,,,,,,,,,,
28729,28729,23590,Ashok Leyland,Ashok Leyland Ltd,,,,,,,,,,,,,,,,
28755,28755,2794,Hunan Zhongke Electric,Hunan Zhongke Electric Co. Ltd,,,,,,,,,,,,,,,,
28762,28762,27084,Packaging Corporation Of America,Packaging Corporation of America,,,,,,,,,,,,,,,,
28763,28763,9173,BAIC Motor Corp Ltd,BAIC Motor Corporation Ltd,,,,,,,,,,,,,,,,
28777,28777,896,Restaurant Brands International Inc,Restaurant Brands International Inc.,,,,,,,,,,,,,,,,
28778,28778,22217,Kirby Corp,Kirby Corporation,,,,,,,,,,,,,,,,
28780,28780,23354,Barloworld,Barloworld Ld,,,,,,,,,,,,,,,,
28786,28786,11417,Anheuser-Busch InBev SA/NV,Anheuser-busch Inbev,,,,,,,,,,,,,,,,
28799,28799,23235,Dis-Chem Pharmacies Ltd,Dis-chem Pharmacies,,,,,,,,,,,,,,,,
28801,28801,24877,China Railway Hi-tech Industry Corp Ltd,China Railway Hi-tech Industry Corporation,,,,,,,,,,,,,,,,
28877,28877,55,Bank of America,Bank of America Careers,,,,,,,,,,,,,,,,
28886,28886,13859,V & J LTD,V & J ONLINE LTD,,,,,,,,,,,,,,,,
28957,28957,4895,Atlas Copco,Atlas Copco AB,,,,,,,,,,,,,,,,
28980,28980,7760,Banca Transilvania,Banca Transilvania SA,,,,,,,,,,,,,,,,
29006,29006,7328,Nine Dragons Paper (Holdings) Ltd,Nine Dragons Paper (holdings),,,,,,,,,,,,,,,,
29021,29021,568,T A FISHER DEVELOPMENTS (BRACKNELL) LIMITED,T A FISHER DEVELOPMENTS LIMITED,,,,,,,,,,,,,,,,
29022,29022,12148,S A CONSTRUCTION (LINCS) LTD,S A CONSTRUCTION 247 LTD,,,,,,,,,,,,,,,,
29034,29034,28418,Compagnie Financière Richemont,Compagnie Financière Richemont SA,,,,,,,,,,,,,,,,
29051,29051,15851,GODADDY INC.,GODADDY MSH INC.,,,,,,,,,,,,,,,,
29054,29054,10367,Acerinox,Acerinox SA,,,,,,,,,,,,,,,,
29061,29061,8086,Zhejiang Sanmei Chemical Industry,Zhejiang Sanmei Chemical Industry Co. Ltd,,,,,,,,,,,,,,,,
29120,29120,20360,Evoqua Water Technologies,Evoqua Water Technologies Corp,,,,,,,,,,,,,,,,
29121,29121,537,Grupo Televisa,Grupo Televisa SAB,,,,,,,,,,,,,,,,
29130,29130,9860,Cognex Corp,Cognex Corporation,,,,,,,,,,,,,,,,
29133,29133,5804,Will Semiconductor Co Ltd,Will Semiconductor Co. Ltd,,,,,,,,,,,,,,,,
29148,29148,20405,Cascades,Cascades Inc,,,,,,,,,,,,,,,,
29160,29160,18645,Ningbo Joyson Electronic,Ningbo Joyson Electronic Corp,,,,,,,,,,,,,,,,
29174,29174,18397,Korean Air Lines,Korean Air Lines Co Ltd,,,,,,,,,,,,,,,,
29177,29177,17101,Flexium Interconnect,Flexium Interconnect Inc,,,,,,,,,,,,,,,,
29184,29184,13263,Credit Saison,Credit Saison Co Ltd,,,,,,,,,,,,,,,,
29185,29185,13095,East Money Information,"East Money Information Co.,Ltd.",,,,,,,,,,,,,,,,
29194,29194,15472,Konka Group,Konka Group Co Ltd,,,,,,,,,,,,,,,,
29195,29195,17911,TFI International Inc,TFI International Inc.,,,,,,,,,,,,,,,,
29216,29216,4730,Iluka Resources Limited,Iluka Resources Ltd,,,,,,,,,,,,,,,,
29220,29220,7378,Banco de Credito e Inversiones SA,Banco de Crédito e Inversiones,,,,,,,,,,,,,,,,
29243,29243,2713,Siltronic AG,Siltronic Ag,,,,,,,,,,,,,,,,
29262,29262,28910,Burberry Group Plc,Burberry Group plc,,,,,,,,,,,,,,,,
29264,29264,20836,Eni SpA,Eni Spa,,,,,,,,,,,,,,,,
29269,29269,26557,Transcontinental Inc,Transcontinental Inc.,,,,,,,,,,,,,,,,
29284,29284,15516,Marvell Technology,Marvell Technology Group,,,,,,,,,,,,,,,,
29287,29287,753,ALL ABOUT ELECTRICALS LIMITED,ALL ABOUT ELECTRICS LTD,,,,,,,,,,,,,,,,
29292,29292,28673,Reckitt Benckiser,Reckitt Benckiser Group,,,,,,,,,,,,,,,,
29315,29315,24913,ServiceNow,ServiceNow Inc,,,,,,,,,,,,,,,,
29316,29316,16397,Prudential Financial,Prudential Financial Inc,,,,,,,,,,,,,,,,
29338,29338,28488,Hitachi Construction Machinery,Hitachi Construction Machinery Co Ltd,,,,,,,,,,,,,,,,
29361,29361,26303,T. Hasegawa,T. Hasegawa Co. Ltd,,,,,,,,,,,,,,,,
29364,29364,18357,Samsung Card,Samsung Card Co Ltd,,,,,,,,,,,,,,,,
29400,29400,23702,Sichuan Expressway Co Ltd,Sichuan Expressway Company,,,,,,,,,,,,,,,,
29406,29406,6185,Wilmar International,Wilmar International Ltd,,,,,,,,,,,,,,,,
29423,29423,19285,U AND I DIRECTOR 1 LIMITED,U AND I DIRECTOR 2 LIMITED,,,,,,,,,,,,,,,,
29424,29424,6558,Freehold Royalties,Freehold Royalties Ltd.,,,,,,,,,,,,,,,,
29453,29453,18632,Just Energy Group Inc,Just Energy Group Inc.,,,,,,,,,,,,,,,,
29455,29455,26558,Incitec Pivot Limited,Incitec Pivot Ltd,,,,,,,,,,,,,,,,
29459,29459,21361,P & A CARPENTRY LTD,P & A CATERING GROUP LTD,,,,,,,,,,,,,,,,
29490,29490,18266,Finsbury Growth & Income Trust,Finsbury Growth & Income Trust plc,,,,,,,,,,,,,,,,
29497,29497,24458,Universal Scientific Industrial,Universal Scientific Industrial (shanghai),,,,,,,,,,,,,,,,
29506,29506,18389,Guolian Securities,Guolian Securities Co. Ltd,,,,,,,,,,,,,,,,
29514,29514,11995,Beijing Enlight Media,Beijing Enlight Media Co. Ltd,,,,,,,,,,,,,,,,
29520,29520,4826,Celanese Corp,Celanese Corporation,,,,,,,,,,,,,,,,
29558,29558,25417,Sims Limited,Sims Ltd,,,,,,,,,,,,,,,,
29606,29606,5446,Sinopec Shanghai Petrochemical Company,Sinopec Shanghai Petrochemical Company Limited,,,,,,,,,,,,,,,,
29624,29624,27457,Kirin Holdings Co Ltd,Kirin Holdings Company,,,,,,,,,,,,,,,,
29665,29665,5884,PulteGroup,PulteGroup Inc,,,,,,,,,,,,,,,,
29667,29667,14152,BorgWarner,BorgWarner Inc,,,,,,,,,,,,,,,,
29670,29670,29077,Kalpataru Power Transmission,Kalpataru Power Transmission Ltd,,,,,,,,,,,,,,,,
29674,29674,23520,National Instruments Careers,National Instruments Corp,,,,,,,,,,,,,,,,
29690,29690,5580,China Petroleum & Chemical Corp,China Petroleum & Chemical Corporation,,,,,,,,,,,,,,,,
29717,29717,3607,Ningbo Shanshan,"Ningbo Shanshan Co.,Ltd.",,,,,,,,,,,,,,,,
29724,29724,20543,Seiko Epson,Seiko Epson Corp,,,,,,,,,,,,,,,,
29730,29730,16127,NEW AGE CONSULTING VIGH LIMITED,NEW AGE CONTRACTING LIMITED,,,,,,,,,,,,,,,,
29738,29738,7548,Gillette,Gillette India,,,,,,,,,,,,,,,,
29765,29765,23697,Banco Santander-Chile,Banco Santander-chile,,,,,,,,,,,,,,,,
29774,29774,1113,China Resources Beer (Holdings) Co Ltd,China Resources Beer (Holdings) Company Ltd,,,,,,,,,,,,,,,,
29776,29776,19953,Commerce Bancshares Inc,"Commerce Bancshares, Inc.",,,,,,,,,,,,,,,,
29793,29793,134,China Automotive Engineering Research Institute,China Automotive Engineering Research Institute Co. Ltd,,,,,,,,,,,,,,,,
29802,29802,20183,Havells India,Havells India Ltd,,,,,,,,,,,,,,,,
29810,29810,4456,Grupo Financiero Inbursa,Grupo Financiero Inbursa SAB de CV,,,,,,,,,,,,,,,,
29812,29812,13870,T & A BROTHERS INT LTD,T & A BROTHERS LTD,,,,,,,,,,,,,,,,
29819,29819,2300,ALL ABOARD NURSERY (STOCKPORT) LTD,ALL ABOARD NURSERY LTD,,,,,,,,,,,,,,,,
29830,29830,29464,Myovant Sciences,Myovant Sciences Ltd.,,,,,,,,,,,,,,,,
29859,29859,8721,Shanghai Jahwa United,Shanghai Jahwa United Co Ltd,,,,,,,,,,,,,,,,
29861,29861,25652,Zhejiang Longsheng Group Co Ltd,Zhejiang Longsheng Group Co. Ltd,,,,,,,,,,,,,,,,
29905,29905,27646,Q DEVELOPMENTS 2 LIMITED,Q DEVELOPMENTS LTD,,,,,,,,,,,,,,,,
29909,29909,28240,Discovery Limited,Discovery Ltd,,,,,,,,,,,,,,,,
29931,29931,15025,Supermetrics,Supermetrics Careers,,,,,,,,,,,,,,,,
29935,29935,23619,FINANCE SHOP EOT LIMITED,FINANCE SHOP LIMITED,,,,,,,,,,,,,,,,
29944,29944,19271,Nu Skin Enterprises,Nu Skin Enterprises Inc,,,,,,,,,,,,,,,,
29972,29972,10175,Senao International Co. Ltd,"Senao International Co., Ltd.",,,,,,,,,,,,,,,,
29991,29991,2248,Videocon Industries Ltd,Videocon Industries Ltd.,,,,,,,,,,,,,,,,
30008,30008,6738,Kloeckner & Co,Kloeckner & Co SE,,,,,,,,,,,,,,,,
30036,30036,11497,The Walt Disney Co,The Walt Disney Company,,,,,,,,,,,,,,,,
30052,30052,21980,ArcelorMittal,ArcelorMittal Careers,,,,,,,,,,,,,,,,
30056,30056,18438,Mapei,Mapei Spa,,,,,,,,,,,,,,,,
30066,30066,6219,Makita Corp,Makita Corporation,,,,,,,,,,,,,,,,
30069,30069,12045,Unieuro SPA,Unieuro Spa,,,,,,,,,,,,,,,,
30096,30096,1280,Formula Systems (1985),Formula Systems (1985) Ltd.,,,,,,,,,,,,,,,,
30100,30100,16125,Shimano,Shimano Inc,,,,,,,,,,,,,,,,
30124,30124,16938,North Media,North Media AS,,,,,,,,,,,,,,,,
30131,30131,17485,Chemring Group,Chemring Group plc,,,,,,,,,,,,,,,,
30139,30139,15349,Dah Sing Banking Group,Dah Sing Banking Group Ltd,,,,,,,,,,,,,,,,
30140,30140,15371,Altus Group,Altus Group Limited,,,,,,,,,,,,,,,,
30141,30141,15049,Z & M CONSULTANCY LIMITED,Z & M CONSULTING LTD,,,,,,,,,,,,,,,,
30150,30150,26973,Lloyds Banking Group,Lloyds Banking Group Plc,,,,,,,,,,,,,,,,
30151,30151,14211,Banco Bpm Spa,Banco Bpm Vita Spa,,,,,,,,,,,,,,,,
30163,30163,17435,Vistry Group Plc,Vistry Group plc,,,,,,,,,,,,,,,,
30171,30171,12126,Muthoot Finance,Muthoot Finance Ltd,,,,,,,,,,,,,,,,
30177,30177,14580,Ritchie Bros Auctioneers Inc,Ritchie Bros. Auctioneers,,,,,,,,,,,,,,,,
30194,30194,12706,Kansai Paint,Kansai Paint Co Ltd,,,,,,,,,,,,,,,,
30195,30195,14348,Rollins Inc,"Rollins, Inc.",,,,,,,,,,,,,,,,
30205,30205,12736,Impax Asset Management,Impax Asset Management Group,,,,,,,,,,,,,,,,
30210,30210,20695,Allreal Holding AG,Allreal Holding Ag,,,,,,,,,,,,,,,,
30220,30220,23882,Oaknorth,Oaknorth Bank,,,,,,,,,,,,,,,,
30225,30225,20198,Elanco Animal Health,Elanco Animal Health Inc,,,,,,,,,,,,,,,,
30238,30238,24428,Nokian Tyres,Nokian Tyres Plc,,,,,,,,,,,,,,,,
30259,30259,9763,Vilmorin & Cie,Vilmorin & Cie SA,,,,,,,,,,,,,,,,
30264,30264,14552,Scholastic Corp,Scholastic Corporation,,,,,,,,,,,,,,,,
30287,30287,29851,Republic Services Inc,"Republic Services, Inc.",,,,,,,,,,,,,,,,
30290,30290,10837,Talktalk Telecom Group,Talktalk Telecom Group Ltd,,,,,,,,,,,,,,,,
30302,30302,9074,Redefine Properties,Redefine Properties Ltd,,,,,,,,,,,,,,,,
30308,30308,20894,Renesas Electronics,Renesas Electronics Corp,,,,,,,,,,,,,,,,
30333,30333,19574,China Nuclear Engineering Corp Ltd,China Nuclear Engineering Corporation,,,,,,,,,,,,,,,,
30372,30372,12549,Q & A MECHANICAL LIMITED,Q & A MEDICAL LIMITED,,,,,,,,,,,,,,,,
30374,30374,11255,Block Inc,"Block, Inc.",,,,,,,,,,,,,,,,
30375,30375,428,TopBuild Corp,TopBuild Corp.,,,,,,,,,,,,,,,,
30381,30381,17366,Bucher Industries AG,Bucher Industries Ag,,,,,,,,,,,,,,,,
30393,30393,2528,CenterPoint Energy Inc,"CenterPoint Energy, Inc.",,,,,,,,,,,,,,,,
30395,30395,2204,Beijing Originwater Technology Co Ltd,Beijing Originwater Technology Co. Ltd,,,,,,,,,,,,,,,,
30396,30396,16259,Cherkizovo Group,Cherkizovo Group PJSC,,,,,,,,,,,,,,,,
30406,30406,17236,Rohto Pharmaceutical Co Ltd,Rohto Pharmaceutical Co. Ltd,,,,,,,,,,,,,,,,
30437,30437,12682,Godel Technologies,Godel Technologies Europe,,,,,,,,,,,,,,,,
30441,30441,19352,Jenoptik AG,Jenoptik Ag,,,,,,,,,,,,,,,,
30459,30459,4162,L E Lundbergföretagen,L E Lundbergföretagen AB,,,,,,,,,,,,,,,,
30466,30466,12578,Sprite,Spritzer,,,,,,,,,,,,,,,,
30554,30554,13503,Jiangsu Yanghe Brewery JSC Ltd,Jiangsu Yanghe Brewery Joint-stock,,,,,,,,,,,,,,,,
30555,30555,24996,Air Products And Chemicals,Air Products and Chemicals Inc,,,,,,,,,,,,,,,,
30568,30568,21883,Guangzhou Development Group Co Ltd,"Guangzhou Development Group, Inc.",,,,,,,,,,,,,,,,
30595,30595,1958,Principal Financial Group Inc,"Principal Financial Group, Inc.",,,,,,,,,,,,,,,,
30600,30600,21685,Aisino Corp,Aisino Corporation,,,,,,,,,,,,,,,,
30601,30601,4916,Shanghai Fosun Pharmaceutical (Group) Co Ltd,Shanghai Fosun Pharmaceutical (group),,,,,,,,,,,,,,,,
30610,30610,21756,First Financial Bancorp,First Financial Bankshares,,,,,,,,,,,,,,,,
30630,30630,167,Siemens Energy,Siemens Energy AG,,,,,,,,,,,,,,,,
30650,30650,29505,Sterlite Technologies Limited,Sterlite Technologies Ltd,,,,,,,,,,,,,,,,
30657,30657,4203,SOFTWARE ENGINEERING LOGIC LTD,SOFTWARE ENGINEERING SOLUTIONS LTD,,,,,,,,,,,,,,,,
30671,30671,28716,NGK Spark Plug Co Ltd,NGK Spark Plug Co. Ltd,,,,,,,,,,,,,,,,
30731,30731,24478,Doosan Babcock,Doosan Bobcat,,,,,,,,,,,,,,,,
30740,30740,9856,Shandong Linglong Tire Co Ltd,Shandong Linglong Tyre,,,,,,,,,,,,,,,,
30743,30743,30295,United Internet AG,United Internet Ag,,,,,,,,,,,,,,,,
30761,30761,27045,Hasbro,Hasbro Inc,,,,,,,,,,,,,,,,
30775,30775,10997,Banque Cantonale de Genève SA,Banque Cantonale du Jura SA,,,,,,,,,,,,,,,,
30776,30776,4069,Helvetia Holding AG,Helvetia Holding Ag,,,,,,,,,,,,,,,,
30779,30779,732,Source Central,Source Central Partners,,,,,,,,,,,,,,,,
30782,30782,26302,Rabigh Refining And Petrochemical Company,Rabigh Refining and Petrochemical Company,,,,,,,,,,,,,,,,
30785,30785,3863,American Water Works Company,"American Water Works Company, Inc.",,,,,,,,,,,,,,,,
30791,30791,19556,Informa Plc,Informa plc,,,,,,,,,,,,,,,,
30799,30799,25029,Resorttrust Inc,"Resorttrust, Inc.",,,,,,,,,,,,,,,,
30830,30830,24988,China Vanke Co Ltd,China Vanke Co. Ltd,,,,,,,,,,,,,,,,
30831,30831,10610,National Grid Plc,National Grid Transco,,,,,,,,,,,,,,,,
30852,30852,24024,Orient Group InCorp,Orient Group Incorporation,,,,,,,,,,,,,,,,
30855,30855,1075,American Tower,American Tower Corp,,,,,,,,,,,,,,,,
30867,30867,25619,Williams-Sonoma,"Williams-Sonoma, Inc.",,,,,,,,,,,,,,,,
30883,30883,5180,Serco Group,Serco Group plc,,,,,,,,,,,,,,,,
30887,30887,20820,Cimpress Plc,Cimpress plc,,,,,,,,,,,,,,,,
30889,30889,19582,Twilio,Twilio Inc,,,,,,,,,,,,,,,,
30892,30892,20785,ALL ABOUT THE BEAN LTD,ALL ABOUT THE BEATS LTD,,,,,,,,,,,,,,,,
30897,30897,1257,Mangalore Refinery And Petrochemicals,Mangalore Refinery and Petrochemicals,,,,,,,,,,,,,,,,
30900,30900,1655,Aramis Group SAS,Aramis Group Sas,,,,,,,,,,,,,,,,
30948,30948,9852,National Storage REIT,National Storage Reit,,,,,,,,,,,,,,,,
30954,30954,20706,Taiwan Mobile Co Ltd,Taiwan Mobile Co. Ltd,,,,,,,,,,,,,,,,
30988,30988,30105,Helios Towers,Helios Towers plc,,,,,,,,,,,,,,,,
30991,30991,4462,Popular,Popular Inc,,,,,,,,,,,,,,,,
31018,31018,15166,Meblobranie,Meblobranie.pl,,,,,,,,,,,,,,,,
31029,31029,2782,UnipolSai Assicurazioni S.p.A.,UnipolSai Assicurazioni SpA,,,,,,,,,,,,,,,,
31034,31034,4583,Vector Limited,Vector Ltd,,,,,,,,,,,,,,,,
31041,31041,28067,Medios,Medios AG,,,,,,,,,,,,,,,,
31058,31058,4634,Risen Energy,Risen Energy Co Ltd,,,,,,,,,,,,,,,,
31061,31061,5859,FOOD BY HARRIET LIMITED,FOOD BY INSECTS LIMITED,,,,,,,,,,,,,,,,
31071,31071,8776,Mohawk Industries,Mohawk Industries Inc,,,,,,,,,,,,,,,,
31077,31077,18900,ALL ABOUT DESIGNS LTD,ALL ABOUT DESSERTS LTD,,,,,,,,,,,,,,,,
31088,31088,21067,Pfeiffer Vacuum Technology AG,Pfeiffer Vacuum Technology Ag,,,,,,,,,,,,,,,,
31100,31100,15891,Jay Mart Public Company,Jay Mart Public Company Ltd,,,,,,,,,,,,,,,,
31157,31157,18830,Guangdong Tapai Group,Guangdong Tapai Group Co Ltd,,,,,,,,,,,,,,,,
31182,31182,2341,Centrica Plc,Centrica plc,,,,,,,,,,,,,,,,
31212,31212,23953,Hysan Development Company,Hysan Development Company Ltd,,,,,,,,,,,,,,,,
31213,31213,21519,Apache Corp,Apache Corporation,,,,,,,,,,,,,,,,
31233,31233,14067,Thinkon Semiconductor Jinzhou Corp,Thinkon Semiconductor Jinzhou Corp.,,,,,,,,,,,,,,,,
31238,31238,2287,Avenue Supermarts,Avenue Supermarts Ltd,,,,,,,,,,,,,,,,
31270,31270,13666,Dicker Data,Dicker Data Limited,,,,,,,,,,,,,,,,
31271,31271,2267,Shanghai Belling,Shanghai Belling Co. Ltd,,,,,,,,,,,,,,,,
31273,31273,16836,"Merian Chrysalis Investment Co., Ltd.",Merian Chrysalis Investment Company Limited,,,,,,,,,,,,,,,,
31275,31275,13082,Origin Energy Limited,Origin Energy Ltd,,,,,,,,,,,,,,,,
31287,31287,22885,Ultrapar Participacoes,Ultrapar Participacoes SA,,,,,,,,,,,,,,,,
31329,31329,15782,SMART FINANCES (DORSET) LIMITED,SMART FINANCES LIMITED,,,,,,,,,,,,,,,,
31347,31347,6629,Servotech Power Systems,Servotech Power Systems Ltd,,,,,,,,,,,,,,,,
31351,31351,556,Amg Advanced Metallurgical Group,Amg Advanced Metallurgical Group N.v.,,,,,,,,,,,,,,,,
31368,31368,2372,Computershare,Computershare Limited,,,,,,,,,,,,,,,,
31372,31372,22970,Alstom SA,Alstom Sa,,,,,,,,,,,,,,,,
31375,31375,7042,Euronet Worldwide,Euronet Worldwide Inc,,,,,,,,,,,,,,,,
31377,31377,27740,Constellation Energy,Constellation Energy Corp,,,,,,,,,,,,,,,,
31385,31385,5942,Federal Mogul Goetze,Federal Mogul Powertrain,,,,,,,,,,,,,,,,
31399,31399,8476,BOE Varitronix Limited,BOE Varitronix Ltd.,,,,,,,,,,,,,,,,
31411,31411,14507,Rheinmetall AG,Rheinmetall Ag,,,,,,,,,,,,,,,,
31413,31413,6162,Citizen Watch Co Ltd,Citizen Watch Co. Ltd,,,,,,,,,,,,,,,,
31423,31423,23883,Marathon Oil,Marathon Oil Corp,,,,,,,,,,,,,,,,
31437,31437,11038,Shimamura,Shimamura Co Ltd,,,,,,,,,,,,,,,,
31446,31446,14772,Bega Cheese,Bega Cheese Limited,,,,,,,,,,,,,,,,
31475,31475,15256,Datwyler Holding,Datwyler Holding Inc,,,,,,,,,,,,,,,,
31486,31486,19841,Isracard,Isracard Ltd,,,,,,,,,,,,,,,,
31499,31499,23788,Acast,Acast AB,,,,,,,,,,,,,,,,
31514,31514,24670,Spirit Realty Capital,"Spirit Realty Capital, Inc.",,,,,,,,,,,,,,,,
31516,31516,13124,Corporate Travel Management,Corporate Travel Management Limited,,,,,,,,,,,,,,,,
31522,31522,17913,IG Group Holdings Plc,IG Group Holdings plc,,,,,,,,,,,,,,,,
31527,31527,31226,Chewy Inc,"Chewy, Inc.",,,,,,,,,,,,,,,,
31529,31529,29179,Jiangsu Zijin Rural Commercial Bank,"Jiangsu Zijin Rural Commercial Bank Co.,Ltd",,,,,,,,,,,,,,,,
31589,31589,24248,Samsung Sdi,Samsung Sds,,,,,,,,,,,,,,,,
31591,31591,13440,LyondellBasell Industries,LyondellBasell Industries N.V.,,,,,,,,,,,,,,,,
31593,31593,27909,Acciona SA,"Acciona, SA",,,,,,,,,,,,,,,,
31620,31620,5246,Qingdao Gaoce Technology Co. Ltd,"Qingdao Gaoce Technology Co., Ltd",,,,,,,,,,,,,,,,
31622,31622,13368,P & A MOORE LTD,P & A MORGAN LTD,,,,,,,,,,,,,,,,
31657,31657,30544,Nisshinbo Holdings Inc,"Nisshinbo Holdings, Inc.",,,,,,,,,,,,,,,,
31661,31661,20444,Making Science Group,"Making Science Group, SA",,,,,,,,,,,,,,,,
31681,31681,2552,Chongqing Changan Auto,Chongqing Changan Automobile Co Ltd,,,,,,,,,,,,,,,,
31685,31685,5875,Genuine Parts,Genuine Parts Company,,,,,,,,,,,,,,,,
31691,31691,12550,Shanghai Friendess Electronic Technology Corp Ltd,Shanghai Friendess Electronic Technology Corporation,,,,,,,,,,,,,,,,
31702,31702,3486,Sumitomo Mitsui Financial Group,Sumitomo Mitsui Financial Group Inc,,,,,,,,,,,,,,,,
31704,31704,15112,NEW ALBION ENERGY LTD,NEW ALBION LTD,,,,,,,,,,,,,,,,
31708,31708,8534,Hunter Douglas,Hunter Douglas N.V.,,,,,,,,,,,,,,,,
31712,31712,9748,BEAUTY AT HEART LTD,BEAUTY AT HEARTS BOUTIQUE LTD,,,,,,,,,,,,,,,,
31739,31739,29098,Zillow Group,"Zillow Group, Inc.",,,,,,,,,,,,,,,,
31740,31740,7073,Dave & Buster's Entertainment,Dave & Buster's Entertainment Inc,,,,,,,,,,,,,,,,
31748,31748,5627,Invoca,Invocare,,,,,,,,,,,,,,,,
31749,31749,27132,Kingdee International Software Group Co Ltd,Kingdee International Software Group Company,,,,,,,,,,,,,,,,
31763,31763,27117,Ross Stores,Ross Stores Inc,,,,,,,,,,,,,,,,
31771,31771,13051,Swiss Life Holding AG,Swiss Life Holding Ag,,,,,,,,,,,,,,,,
31797,31797,3891,NortonLifeLock Inc.,NortonLifeLock's,,,,,,,,,,,,,,,,
31807,31807,16069,Teck Resources Limited,Teck Resources Ltd,,,,,,,,,,,,,,,,
31813,31813,4961,Poste Italiane SpA,Poste Italiane Spa,,,,,,,,,,,,,,,,
31825,31825,11432,Shanghai Construction Group Co Ltd,Shanghai Construction Group Co. Ltd,,,,,,,,,,,,,,,,
31841,31841,2373,Korea Aerospace Industries,Korea Aerospace Industries Ltd,,,,,,,,,,,,,,,,
31843,31843,14303,Chongqing Rural Commercial Bank Co Ltd,Chongqing Rural Commercial Bank Co. Ltd,,,,,,,,,,,,,,,,
31844,31844,3132,Hua Nan Financial Holdings,Hua Nan Financial Holdings Co Ltd,,,,,,,,,,,,,,,,
31851,31851,20201,Baiyin Nonferrous Group Co. Ltd,"Baiyin Nonferrous Group Co., Ltd.",,,,,,,,,,,,,,,,
31852,31852,28652,Verbund,Verbund AG,,,,,,,,,,,,,,,,
31853,31853,19080,Robert Half International,Robert Half International Inc,,,,,,,,,,,,,,,,
31857,31857,28822,Icahn Enterprises L.P.,Icahn Enterprises LP,,,,,,,,,,,,,,,,
31859,31859,18504,Técnicas Reunidas,"Técnicas Reunidas, SA",,,,,,,,,,,,,,,,
31864,31864,24299,BEAUTY AND THE BAKE LTD,BEAUTY AND THE BALLOONS LTD,,,,,,,,,,,,,,,,
31876,31876,28384,Standard Bank Group,Standard Bank Group Ltd,,,,,,,,,,,,,,,,
31885,31885,3445,Victory Giant Technology,Victory Giant Technology (huizhou)co,,,,,,,,,,,,,,,,
31911,31911,22162,Elis SA,Elis Sa,,,,,,,,,,,,,,,,
31923,31923,689,Sumitomo Metal Mining Co Ltd,Sumitomo Metal Mining Co. Ltd,,,,,,,,,,,,,,,,
31926,31926,24777,ALL ABOUT THE PEOPLE LTD,ALL ABOUT THE PETS LIMITED,,,,,,,,,,,,,,,,
31933,31933,15904,Mercedes-Benz,Mercedes-Benz Group,,,,,,,,,,,,,,,,
31959,31959,22001,Gujarat Gas,Gujarat Gas Ltd,,,,,,,,,,,,,,,,
31961,31961,23534,Cosco Shipping Development,Cosco Shipping Development Co Ltd,,,,,,,,,,,,,,,,
31969,31969,2684,Bank of Qingdao Co Ltd,Bank of Qingdao Co. Ltd,,,,,,,,,,,,,,,,
31971,31971,5922,Tofas Turk Otomobil Fabrikasi AS,Tofas Türk Otomobil Fabrikasi A.S.,,,,,,,,,,,,,,,,
31974,31974,24210,Gilead Sciences,Gilead Sciences Inc,,,,,,,,,,,,,,,,
31984,31984,24546,Centerra Gold,Centerra Gold Inc.,,,,,,,,,,,,,,,,
32011,32011,13996,Israel Discount Bank,Israel Discount Bank Ltd,,,,,,,,,,,,,,,,
32013,32013,27901,Post Holdings Inc,"Post Holdings, Inc.",,,,,,,,,,,,,,,,
32024,32024,11078,Huawei Technologies,Huawei Technologies Italia Srl,,,,,,,,,,,,,,,,
32036,32036,22268,Beijing Huafeng Test & Control Technology Co. Ltd,"Beijing Huafeng Test & Control Technology Co., Ltd.",,,,,,,,,,,,,,,,
32047,32047,2481,Abu Dhabi Commercial Bank,Abu Dhabi Commercial Bank Pjsc,,,,,,,,,,,,,,,,
32060,32060,25466,Industrias Bachoco,Industrias Bachoco SAB de CV,,,,,,,,,,,,,,,,
32064,32064,5473,Information Services International-Dentsu Ltd,Information Services International-dentsu,,,,,,,,,,,,,,,,
32075,32075,24976,Commonwealth Bank Of Australia,Commonwealth Bank of Australia,,,,,,,,,,,,,,,,
32097,32097,28939,Central Pattana Public Company,Central Pattana Public Company Ltd,,,,,,,,,,,,,,,,
32157,32157,729,BPER Banca S.p.A.,BPER Banca Spa,,,,,,,,,,,,,,,,
32170,32170,29269,Transcontinental,Transcontinental Inc,,,,,,,,,,,,,,,,
32183,32183,20231,Federated Hermes,Federated Hermes Inc,,,,,,,,,,,,,,,,
32191,32191,31862,Fletcher Building Limited,Fletcher Building Ltd,,,,,,,,,,,,,,,,
32206,32206,11510,Shinsei Bank,Shinsei Bank Ltd,,,,,,,,,,,,,,,,
32214,32214,9065,Tourmaline Oil Corp,Tourmaline Oil Corp.,,,,,,,,,,,,,,,,
32228,32228,25111,Simon Property Group Inc,"Simon Property Group, Inc.",,,,,,,,,,,,,,,,
32255,32255,22359,Dali Foods Group Company,Dali Foods Group Company Ltd,,,,,,,,,,,,,,,,
32271,32271,16348,Caisse Regionale de Credit Agricole Mutuel d'Ille-et-Vilaine,Caisse Regionale de Credit Agricole Mutuel de Normandie-Seine,,,,,,,,,,,,,,,,
32275,32275,18062,Amadeus Fire AG,Amadeus Fire Ag,,,,,,,,,,,,,,,,
32297,32297,4551,Electric Power Development Co Ltd,Electric Power Development Co. Ltd,,,,,,,,,,,,,,,,
32330,32330,3191,Brookfield Infrastructure Partners,Brookfield Infrastructure Partners LP,,,,,,,,,,,,,,,,
32333,32333,29389,CNSIG Inner Mongolia Chemical Industry Co Ltd,CNSIG Inner Mongolia Chemical Industry Co. Ltd,,,,,,,,,,,,,,,,
32336,32336,12994,Wens Foodstuff Group,Wens Foodstuff Group Co Ltd,,,,,,,,,,,,,,,,
32339,32339,24608,China Bohai Bank Co Ltd,China Bohai Bank Co. Ltd,,,,,,,,,,,,,,,,
32340,32340,8018,Quilter Plc,Quilter plc,,,,,,,,,,,,,,,,
32376,32376,13354,Imperial Hotel,Imperial Hotel Ltd,,,,,,,,,,,,,,,,
32393,32393,20385,Hongta Securities,Hongta Securities Co. Ltd,,,,,,,,,,,,,,,,
32399,32399,9329,Shop Apotheke Europe,Shop Apotheke Europe N.V.,,,,,,,,,,,,,,,,
32434,32434,6995,Grifols,Grifols SA,,,,,,,,,,,,,,,,
32459,32459,371,CME Group,CME Group Inc,,,,,,,,,,,,,,,,
32463,32463,29081,Laboratorios Farmaceuticos Rovi,"Laboratorios Farmaceuticos Rovi, SA",,,,,,,,,,,,,,,,
32464,32464,3874,Saras S.p.A.,Saras SpA,,,,,,,,,,,,,,,,
32470,32470,3316,Yonyou Network Technology,Yonyou Network Technology Co. Ltd,,,,,,,,,,,,,,,,
32511,32511,8094,Swiss Re AG,Swiss Re Ltd,,,,,,,,,,,,,,,,
32513,32513,23428,Hapag-Lloyd,Hapag-Lloyd AG,,,,,,,,,,,,,,,,
32515,32515,469,Nippon Suisan Kaisha,Nippon Suisan Kaisha Ltd,,,,,,,,,,,,,,,,
32537,32537,3747,Trimble Inc,Trimble Inc.,,,,,,,,,,,,,,,,
32538,32538,27551,Shinkong Synthetic Fibers Corp,Shinkong Synthetic Fibers Corporation,,,,,,,,,,,,,,,,
32539,32539,8706,Philip Morris,Philip Morris Cr,,,,,,,,,,,,,,,,
32545,32545,20840,Jointown Pharmaceutical Group Co Ltd,Jointown Pharmaceutical Group Co. Ltd,,,,,,,,,,,,,,,,
32560,32560,17148,Brickworks,Brickworks Limited,,,,,,,,,,,,,,,,
32570,32570,27122,Patrick Industries,Patrick Industries Inc,,,,,,,,,,,,,,,,
32572,32572,8813,Slovenská pošta,Slovenská sporiteľňa,,,,,,,,,,,,,,,,
32577,32577,26369,Giant Manufacturing,Giant Manufacturing Co Ltd,,,,,,,,,,,,,,,,
32581,32581,19210,Al Rajhi Banking And Investment Corporation,Al Rajhi Banking and Investment Corp,,,,,,,,,,,,,,,,
32582,32582,2324,SOFTWARE DEVELOPMENT SOLUTIONS LIMITED,SOFTWARE DEVELOPMENTS LIMITED,,,,,,,,,,,,,,,,
32589,32589,20618,Shin Kong Financial,Shin Kong Financial Holding,,,,,,,,,,,,,,,,
32601,32601,32191,Fletcher Building,Fletcher Building Limited,,,,,,,,,,,,,,,,
32618,32618,6977,West Fraser Timber Co Ltd,West Fraser Timber Co.,,,,,,,,,,,,,,,,
32622,32622,29879,Arena Star Group,Arena Star Group Ltd,,,,,,,,,,,,,,,,
32637,32637,4709,Thai Beverage Public Co Ltd,Thai Beverage Public Company Ltd,,,,,,,,,,,,,,,,
32653,32653,2947,Seven West Media Limited,Seven West Media Ltd,,,,,,,,,,,,,,,,
32654,32654,7739,Citigroup Inc,Citigroup Inc.,,,,,,,,,,,,,,,,
32659,32659,15454,NEW AGE DRY CLEANERS LTD,NEW AGE DRYCLEANING LTD,,,,,,,,,,,,,,,,
32682,32682,5317,Marui Group Co Ltd,Marui Group Co. Ltd,,,,,,,,,,,,,,,,
32705,32705,17968,China Power International Development,China Power International Development Ltd,,,,,,,,,,,,,,,,
32716,32716,4395,Wafer Works Corp,Wafer Works Corporation,,,,,,,,,,,,,,,,
32729,32729,11005,BEAUTY BEEE LIMITED,BEAUTY BEEHIVE LTD,,,,,,,,,,,,,,,,
32734,32734,18558,Hyundai Mobis,Hyundai Mobis Co Ltd,,,,,,,,,,,,,,,,
32762,32762,22236,Studsvik,Studsvik AB,,,,,,,,,,,,,,,,
32771,32771,16722,FALCK ENERGY SPA,FALCK SPA,,,,,,,,,,,,,,,,
32792,32792,29535,Koei Tecmo Holdings,Koei Tecmo Holdings Co. Ltd,,,,,,,,,,,,,,,,
32822,32822,20676,Quanta Computer Inc,"Quanta Computer, Inc.",,,,,,,,,,,,,,,,
32847,32847,5625,Alcoa Corp,Alcoa Corporation,,,,,,,,,,,,,,,,
32854,32854,24711,Leggett & Platt,Leggett & Platt Careers,,,,,,,,,,,,,,,,
32859,32859,16510,Northrop Grumman,Northrop Grumman Corp,,,,,,,,,,,,,,,,
32860,32860,22301,Silicon Optronics,"Silicon Optronics, Inc.",,,,,,,,,,,,,,,,
32875,32875,12271,Floor & Decor Holdings,Floor & Decor Holdings Inc,,,,,,,,,,,,,,,,
32877,32877,27158,Samsung C&T,Samsung C&T Corp,,,,,,,,,,,,,,,,
32881,32881,30270,National Health Investors,National Health Mission,,,,,,,,,,,,,,,,
32883,32883,28944,Shanghai Pudong Development Bank Co Ltd,Shanghai Pudong Development Bank Co. Ltd,,,,,,,,,,,,,,,,
32888,32888,19437,STATE STREET GLOBAL ADVISORS TRUST COMPANY,"STATE STREET GLOBAL ADVISORS, INC.",,,,,,,,,,,,,,,,
32897,32897,6028,Beijing Kunlun Tech,Beijing Kunlun Tech Co. Ltd,,,,,,,,,,,,,,,,
32898,32898,20708,Tyler Technologies Inc,"Tyler Technologies, Inc.",,,,,,,,,,,,,,,,
32906,32906,12635,Storebrand,Storebrand ASA,,,,,,,,,,,,,,,,
32907,32907,26733,Domino's Pizza Group,Domino's Pizza Group plc,,,,,,,,,,,,,,,,
32909,32909,7687,Helmerich & Payne,Helmerich & Payne Inc,,,,,,,,,,,,,,,,
32912,32912,5448,Kato Sangyo,Kato Sangyo Co Ltd,,,,,,,,,,,,,,,,
32914,32914,31172,GRAPE HOSPITALITY ITALIAN PROPCO SRL,GRAPE HOSPITALITY ROME VATICAN SRL,,,,,,,,,,,,,,,,
32922,32922,12096,Bank Millennium,Bank Millennium S.a.,,,,,,,,,,,,,,,,
32928,32928,11320,Deutsche Lufthansa,Deutsche Lufthansa AG,,,,,,,,,,,,,,,,
32934,32934,28217,Fujian Anjoy Foods Co Ltd,Fujian Anjoy Foods Co. Ltd,,,,,,,,,,,,,,,,
32936,32936,29711,Regional Container Lines Public Company Limited,Regional Container Lines Public Company Ltd,,,,,,,,,,,,,,,,
32938,32938,22920,Tibet Summit Resources,Tibet Summit Resources Co. Ltd,,,,,,,,,,,,,,,,
32948,32948,8463,Telenor ASA,Telenor Asa,,,,,,,,,,,,,,,,
32961,32961,6312,Credit Suisse,Credit Suisse Group,,,,,,,,,,,,,,,,
32964,32964,30023,United Company RUSAL Plc,United Company Rusal,,,,,,,,,,,,,,,,
32994,32994,11465,Pegasystems Inc,Pegasystems Inc.,,,,,,,,,,,,,,,,
33015,33015,29727,Okta Inc,"Okta, Inc.",,,,,,,,,,,,,,,,
33019,33019,30563,Q CONSULTING GROUP LTD,Q CONSULTING LTD,,,,,,,,,,,,,,,,
33038,33038,25865,Yuexiu Transport Infrastructure,Yuexiu Transport Infrastructure Ltd,,,,,,,,,,,,,,,,
33049,33049,4737,VETROELITE PACKAGING SRL,VETROELITE SRL,,,,,,,,,,,,,,,,
33051,33051,5312,BAD ANGELS LIMITED,BAD ANGLE LIMITED,,,,,,,,,,,,,,,,
33066,33066,26595,Lintes Technology,Lintes Technology Co. Ltd,,,,,,,,,,,,,,,,
33080,33080,2486,Alkem Laboratories,Alkem Laboratories Ltd,,,,,,,,,,,,,,,,
33136,33136,25316,NEW AFRICA LTD,NEW AFRICA NATION LTD,,,,,,,,,,,,,,,,
33140,33140,30393,CenterPoint Energy,CenterPoint Energy Inc,,,,,,,,,,,,,,,,
33148,33148,3682,Sapphire Foods India,Sapphire Foods India Limited,,,,,,,,,,,,,,,,
33152,33152,1649,Landis+Gyr Group AG,Landis+gyr Group Ag,,,,,,,,,,,,,,,,
33170,33170,317,Pirelli & C. S.p.a.,Pirelli & C. Spa,,,,,,,,,,,,,,,,
33174,33174,23217,Wanhua Chemical Group,Wanhua Chemical Group Co. Ltd,,,,,,,,,,,,,,,,
33179,33179,6142,Longshine Technology,"Longshine Technology Group Co.,Ltd.",,,,,,,,,,,,,,,,
33190,33190,31337,OUTSOURCING Inc,"OUTSOURCING, Inc.",,,,,,,,,,,,,,,,
33194,33194,30662,Dawning Information Industry,Dawning Information Industry Co Ltd,,,,,,,,,,,,,,,,
33202,33202,32677,Whirlpool,Whirlpool China,,,,,,,,,,,,,,,,
33218,33218,21237,Super Retail Group Limited,Super Retail Group Ltd,,,,,,,,,,,,,,,,
33221,33221,31484,Gunkul Engineering Public Company,Gunkul Engineering Public Company Ltd,,,,,,,,,,,,,,,,
33229,33229,17797,Aditya Birla Minacs,Aditya Birla Money,,,,,,,,,,,,,,,,
33234,33234,18692,Pandora A-S,Pandora A/s,,,,,,,,,,,,,,,,
33239,33239,17884,Worley Limited,Worley Ltd,,,,,,,,,,,,,,,,
33259,33259,14877,Qianhe Condiment And Food,Qianhe Condiment and Food Co. Ltd,,,,,,,,,,,,,,,,
33282,33282,24271,China Everbright,China Everbright Bank,,,,,,,,,,,,,,,,
33285,33285,25345,Greencore Group,Greencore Group Plc,,,,,,,,,,,,,,,,
33290,33290,9862,ALL ABOUT STOVES LTD,ALL ABOUT STUFF LTD,,,,,,,,,,,,,,,,
33302,33302,22909,ABTOT Mark & Anläggning,ABTOT Mark & Anläggning AB,,,,,,,,,,,,,,,,
33304,33304,24084,Finatis,Finatis SA,,,,,,,,,,,,,,,,
33313,33313,3261,Securitas AB,Securitas Ab,,,,,,,,,,,,,,,,
33319,33319,32435,V & S (NO 8) LIMITED,V & S (NO 9) LIMITED,,,,,,,,,,,,,,,,
33322,33322,22884,Vail Resorts Inc,"Vail Resorts, Inc.",,,,,,,,,,,,,,,,
33330,33330,10362,Currys Plc,Currys plc,,,,,,,,,,,,,,,,
33331,33331,14252,Primoris Services Corp,Primoris Services Corporation,,,,,,,,,,,,,,,,
33337,33337,9471,Shenzhen Overseas,Shenzhen Overseas Chinese Town,,,,,,,,,,,,,,,,
33339,33339,1017,Builders FirstSource Inc,"Builders FirstSource, Inc.",,,,,,,,,,,,,,,,
33340,33340,32169,Bank of Ireland Group Plc,Bank of Ireland Group plc,,,,,,,,,,,,,,,,
33352,33352,2397,Aier Eye Hospital Group,Aier Eye Hospital Group Co Ltd,,,,,,,,,,,,,,,,
33372,33372,14057,CF Industries Holdings,CF Industries Holdings Inc,,,,,,,,,,,,,,,,
33412,33412,26714,Pure Storage Inc,"Pure Storage, Inc.",,,,,,,,,,,,,,,,
33418,33418,15189,Calvin Klein,Calvin Klein Jeans,,,,,,,,,,,,,,,,
33422,33422,27498,Fluor Corp,Fluor Corporation,,,,,,,,,,,,,,,,
33430,33430,15958,BASF,BASF SE,,,,,,,,,,,,,,,,
33440,33440,8423,EssilorLuxottica SA,Essilorluxottica,,,,,,,,,,,,,,,,
33450,33450,25037,Supalai Public Company,Supalai Public Company Ltd,,,,,,,,,,,,,,,,
33478,33478,17947,Accion Labs,Acciona,,,,,,,,,,,,,,,,
33489,33489,11507,Tata Consultancy Services,Tata Consultancy Services (tcs),,,,,,,,,,,,,,,,
33503,33503,15235,Turkiye Garanti Bankasi A.S.,Turkiye Garanti Bankası Anonim Sirketi,,,,,,,,,,,,,,,,
33504,33504,27795,Sanken Electric Co Ltd,Sanken Electric Co. Ltd,,,,,,,,,,,,,,,,
33523,33523,17399,Lockheed Martin,Lockheed Martin Corp,,,,,,,,,,,,,,,,
33535,33535,23304,DyDo Group Holdings Inc,"DyDo Group Holdings, Inc.",,,,,,,,,,,,,,,,
33537,33537,14581,"Jiangsu JieJie Microelectronics Co.,Ltd.",Jiangsu Jiejie Microelectronics,,,,,,,,,,,,,,,,
33539,33539,13753,Ionis Pharmaceuticals,"Ionis Pharmaceuticals, Inc.",,,,,,,,,,,,,,,,
33545,33545,22373,Grupa Kety S.a.,Grupa Kety SA,,,,,,,,,,,,,,,,
33565,33565,23331,Sundaram Clayton,Sundaram Clayton Ltd,,,,,,,,,,,,,,,,
33571,33571,16550,GNI Group,GNI Group Ltd,,,,,,,,,,,,,,,,
33583,33583,14825,China Minsheng Bank,China Minsheng Banking,,,,,,,,,,,,,,,,
33606,33606,30091,Traktech Construccions Mecaniques,Traktech Construccions Mecàniques,,,,,,,,,,,,,,,,
33624,33624,1574,Santander Consumer USA Holdings Inc,Santander Consumer USA Holdings Inc.,,,,,,,,,,,,,,,,
33626,33626,13876,Fukuyama Transporting,Fukuyama Transporting Co Ltd,,,,,,,,,,,,,,,,
33649,33649,9969,Hong Kong Television Network,Hong Kong Television Network Ltd,,,,,,,,,,,,,,,,
33664,33664,9830,Macronix International,Macronix International Co Ltd,,,,,,,,,,,,,,,,
33668,33668,18128,Marathon Petroleum Corp,Marathon Petroleum Corporation,,,,,,,,,,,,,,,,
33669,33669,32804,Japan Asset Marketing,Japan Asset Marketing Co. Ltd,,,,,,,,,,,,,,,,
33678,33678,31470,Tabcorp Holdings,Tabcorp Holdings Limited,,,,,,,,,,,,,,,,
33686,33686,20293,Chipbond Technology Corp,Chipbond Technology Corporation,,,,,,,,,,,,,,,,
33702,33702,22666,Luckin Coffee,"Luckin Coffee, Inc.",,,,,,,,,,,,,,,,
33707,33707,15745,Ducat,Ducati,,,,,,,,,,,,,,,,
33710,33710,5905,Mechel PAO,Mechel Pao,,,,,,,,,,,,,,,,
33712,33712,1351,PT Indosat Tbk,PT Indospring Tbk,,,,,,,,,,,,,,,,
33716,33716,30026,Objective Corporation,Objective Corporation Limited,,,,,,,,,,,,,,,,
33734,33734,15721,GOOD COFFEE N16 LTD,GOOD COFFEE N7 LTD,,,,,,,,,,,,,,,,
33735,33735,15263,Al Hammadi Company For Development And Investment,Al Hammadi Company For Development and Investment,,,,,,,,,,,,,,,,
33741,33741,32731,P A H TRADING LIMITED,P A HAMBLING LIMITED,,,,,,,,,,,,,,,,
33742,33742,11472,Classpass,Classplus,,,,,,,,,,,,,,,,
33749,33749,5606,Power Finance Corporation,Power Financial Corporation,,,,,,,,,,,,,,,,
33761,33761,28501,NEW AGE MARKETING AGENCY LTD,NEW AGE MARKETING LIMITED,,,,,,,,,,,,,,,,
33765,33765,17761,Steris,Steris Plc,,,,,,,,,,,,,,,,
33791,33791,16278,Q & S PROPERTIES LTD,Q & S PROPERTY LIMITED,,,,,,,,,,,,,,,,
33794,33794,30359,Harbin Hatou Investment,"Harbin Hatou Investment Co.,Ltd",,,,,,,,,,,,,,,,
33815,33815,5863,Seagen,Seagen Inc,,,,,,,,,,,,,,,,
33821,33821,17260,Ohsho Food Service,Ohsho Food Service Corp,,,,,,,,,,,,,,,,
33831,33831,32105,American Express Co,American Express Company,,,,,,,,,,,,,,,,
33848,33848,5437,"Japan Elevator Service Holdings Co.,Ltd.",Japan Elevator Serviceholdings,,,,,,,,,,,,,,,,
33907,33907,12564,W. P. Carey,W. P. Carey Inc.,,,,,,,,,,,,,,,,
33917,33917,18605,Sino-Platinum Metals Co Ltd,"Sino-Platinum Metals Co.,Ltd",,,,,,,,,,,,,,,,
33927,33927,32800,GTT COMMUNICATIONS ITALY SRL,GTT COMMUNICATIONS SRL,,,,,,,,,,,,,,,,
33928,33928,29395,Clas Ohlson,Clas Ohlson AB,,,,,,,,,,,,,,,,
33959,33959,24245,Feng Tay Enterprises,Feng Tay Enterprises Co. Ltd,,,,,,,,,,,,,,,,
33991,33991,15101,Casino Guichard-Perrachon SA,Casino Guichard-perrachon Societe Anonyme,,,,,,,,,,,,,,,,
33993,33993,30376,AutoNation Inc,"AutoNation, Inc.",,,,,,,,,,,,,,,,
33996,33996,21313,British American Tobacco Plc,British American Tobacco plc,,,,,,,,,,,,,,,,
33997,33997,10371,Equinor,Equinor ASA,,,,,,,,,,,,,,,,
34003,34003,23243,Tyro Payments,Tyro Payments Limited,,,,,,,,,,,,,,,,
34015,34015,24110,Sigdo Koppers S.a.,Sigdo Koppers SA,,,,,,,,,,,,,,,,
34018,34018,4214,Ultra Electronics Holdings,Ultra Electronics Holdings Plc,,,,,,,,,,,,,,,,
34023,34023,17297,Witan Investment Trust,Witan Investment Trust plc,,,,,,,,,,,,,,,,
34044,34044,32449,Zhejiang Jingsheng Mechanical & Electrical,Zhejiang Jingsheng Mechanical & Electrical Co. Ltd,,,,,,,,,,,,,,,,
34045,34045,31299,Taiwan Semiconductor,Taiwan Semiconductor Co. Ltd,,,,,,,,,,,,,,,,
34058,34058,11469,United Overseas Bank Ltd,United Overseas Insurance Ltd,,,,,,,,,,,,,,,,
34081,34081,31633,Huabao Flavours & Fragrances,Huabao Flavours & Fragrances Co. Ltd,,,,,,,,,,,,,,,,
34095,34095,30224,Dow Inc,Dow Inc.,,,,,,,,,,,,,,,,
34120,34120,13097,Callon Petroleum Co,Callon Petroleum Company,,,,,,,,,,,,,,,,
34146,34146,21790,Yuexiu Property Co Ltd,Yuexiu Property Company,,,,,,,,,,,,,,,,
34168,34168,26043,Takara Holdings Inc,"Takara Holdings, Inc.",,,,,,,,,,,,,,,,
34175,34175,13829,Token Corp,Token Corporation,,,,,,,,,,,,,,,,
34189,34189,20519,Delta Air Lines Inc,"Delta Air Lines, Inc.",,,,,,,,,,,,,,,,
34192,34192,18782,National Gas & Industerialization,National Gas & Industerialization Co.,,,,,,,,,,,,,,,,
34201,34201,6209,Shanghai Chinafortune,Shanghai Chinafortune Co. Ltd,,,,,,,,,,,,,,,,
34203,34203,18804,United Rentals Inc,"United Rentals, Inc.",,,,,,,,,,,,,,,,
34207,34207,11758,Adecco Group A.G.,Adecco Group AG,,,,,,,,,,,,,,,,
34214,34214,13991,Mediclinic International,Mediclinic International Plc,,,,,,,,,,,,,,,,
34229,34229,32791,Casio Computer,Casio Computer Co Ltd,,,,,,,,,,,,,,,,
34238,34238,31188,Curaleaf Holdings,Curaleaf Holdings Inc,,,,,,,,,,,,,,,,
34245,34245,15225,Fukuda Denshi,Fukuda Denshi Co Ltd,,,,,,,,,,,,,,,,
34254,34254,21693,GOOD CONSTRUCTION (SUSSEX) LIMITED,GOOD CONSTRUCTION LTD,,,,,,,,,,,,,,,,
34275,34275,20417,Venture Corporation,Venture Corporation Ltd,,,,,,,,,,,,,,,,
34276,34276,24530,Jangho Group,Jangho Group Co Ltd,,,,,,,,,,,,,,,,
34285,34285,28875,WPP Plc,WPP plc,,,,,,,,,,,,,,,,
34297,34297,17226,ALL ABOUT PROMOTIONS LTD,ALL ABOUT PROPERTIES LTD,,,,,,,,,,,,,,,,
34301,34301,33713,United Microelectronics Corp,United Microelectronics Corporation,,,,,,,,,,,,,,,,
34310,34310,17177,Guosen Securities,Guosen Securities Co Ltd,,,,,,,,,,,,,,,,
34319,34319,6020,Hyundai Construction Equipment,Hyundai Construction Equipment Co. Ltd,,,,,,,,,,,,,,,,
34326,34326,13013,Investec Bank,Investec Bank Ltd,,,,,,,,,,,,,,,,
34334,34334,25066,Keysight Technologies Careers,Keysight Technologies Inc,,,,,,,,,,,,,,,,
34364,34364,4315,New China Life Insurance,New China Life Insurance Co Ltd,,,,,,,,,,,,,,,,
34369,34369,2773,UNIVERSITA' DEGLI STUDI DI ROMA LA SAPIENZA,UNIVERSITA' DEGLI STUDI DI VERONA,,,,,,,,,,,,,,,,
34371,34371,6412,Nitori Holdings,Nitori Holdings Co Ltd,,,,,,,,,,,,,,,,
34391,34391,30996,Toagosei Co Ltd,Toagosei Co. Ltd,,,,,,,,,,,,,,,,
34399,34399,15808,Neurocrine Biosciences Inc,"Neurocrine Biosciences, Inc.",,,,,,,,,,,,,,,,
34405,34405,3040,Nan Ya Plastics,Nan Ya Plastics Corp,,,,,,,,,,,,,,,,
34411,34411,14534,Mitsubishi Shokuhin,Mitsubishi Shokuhin Co Ltd,,,,,,,,,,,,,,,,
34446,34446,2689,American Water Careers,American Water Works,,,,,,,,,,,,,,,,
34452,34452,8924,Almarai,Almarai Co,,,,,,,,,,,,,,,,
34456,34456,21327,Q CLEAN SERVICES LTD,Q CLEANERS LTD,,,,,,,,,,,,,,,,
34473,34473,26947,Egis Technology,"Egis Technology, Inc.",,,,,,,,,,,,,,,,
34481,34481,13314,360 Security Technology Inc,"360 Security Technology, Inc.",,,,,,,,,,,,,,,,
34484,34484,16163,Standard Life Private Equity Trust,Standard Life Private Equity Trust plc,,,,,,,,,,,,,,,,
34509,34509,26239,Budimex SA,Budimex Sa,,,,,,,,,,,,,,,,
34514,34514,21206,Aroundtown,Aroundtown Sa,,,,,,,,,,,,,,,,
34520,34520,22346,ICA Gruppen,ICA Gruppen AB,,,,,,,,,,,,,,,,
34528,34528,26630,International Game Technology PLC,International Game Technology Plc,,,,,,,,,,,,,,,,
34547,34547,27874,Japan Post Holdings,Japan Post Holdings Co Ltd,,,,,,,,,,,,,,,,
34571,34571,29133,Will Semiconductor,Will Semiconductor Co Ltd,,,,,,,,,,,,,,,,
34573,34573,28180,Cardinal Health Inc,"Cardinal Health, Inc.",,,,,,,,,,,,,,,,
34577,34577,18300,Poly Property Group,Poly Property Group Co Ltd,,,,,,,,,,,,,,,,
34585,34585,15159,Pegavision Corp,Pegavision Corporation,,,,,,,,,,,,,,,,
34595,34595,1266,Liaoning Cheng Da Co Ltd,Liaoning Cheng Da Co. Ltd,,,,,,,,,,,,,,,,
34603,34603,16644,Alleghany Corp,Alleghany Corporation,,,,,,,,,,,,,,,,
34639,34639,8561,Event Hospitality & Entertainment,Event Hospitality & Entertainment Limited,,,,,,,,,,,,,,,,
34640,34640,24195,CLIPPER LOGISTICS (WAREHOUSING) LIMITED,CLIPPER LOGISTICS LIMITED,,,,,,,,,,,,,,,,
34649,34649,15552,BAD PENNY FILMS LIMITED,BAD PENNY LIMITED,,,,,,,,,,,,,,,,
34658,34658,27511,China Shanshui Cement Group Limited,China Shanshui Cement Group Ltd,,,,,,,,,,,,,,,,
34660,34660,21798,Live Nation Entertainment,Live Nation Entertainment Inc,,,,,,,,,,,,,,,,
34711,34711,12801,Corus Entertainment Inc,Corus Entertainment Inc.,,,,,,,,,,,,,,,,
34716,34716,7761,Crown Castle International,Crown Castle International Corp. (REIT),,,,,,,,,,,,,,,,
34718,34718,22319,Beijing Sinnet Technology,Beijing Sinnet Technology Co. Ltd,,,,,,,,,,,,,,,,
34739,34739,11240,Diploma Plc,Diploma plc,,,,,,,,,,,,,,,,
34749,34749,27988,Jihua Group Corp Ltd,Jihua Group Corporation Limited,,,,,,,,,,,,,,,,
34755,34755,25540,Pretium Resources,Pretium Resources Inc.,,,,,,,,,,,,,,,,
34758,34758,10622,China Molybdenum Co Ltd,"China Molybdenum Co., Ltd.",,,,,,,,,,,,,,,,
34759,34759,16307,TransAlta Corp,TransAlta Corporation,,,,,,,,,,,,,,,,
34773,34773,14954,China Fortune Land Development,China Fortune Land Development Co Ltd,,,,,,,,,,,,,,,,
34781,34781,31132,Atlas Air Worldwide Holdings,Atlas Air Worldwide Holdings Inc,,,,,,,,,,,,,,,,
34786,34786,19616,Matrix IT Ltd,Matrix It,,,,,,,,,,,,,,,,
34788,34788,7214,Pingdingshan Tianan Coal Mining Company Ltd,Pingdingshan Tianan Coal. Mining,,,,,,,,,,,,,,,,
34795,34795,20641,Michelin,Michelin Group,,,,,,,,,,,,,,,,
34823,34823,7077,Bayer,Bayer AG,,,,,,,,,,,,,,,,
34832,34832,21232,Barratt Developments Plc,Barratt Developments plc,,,,,,,,,,,,,,,,
34854,34854,33951,Danaher Corp,Danaher Corporation,,,,,,,,,,,,,,,,
34861,34861,27631,2E Vertriebs,2E Vertriebs-GmbH,,,,,,,,,,,,,,,,
34864,34864,24302,Bentley Systems Inc,"Bentley Systems, Incorporated",,,,,,,,,,,,,,,,
34871,34871,33220,Franchise India Brands,Franchise India Holdings,,,,,,,,,,,,,,,,
34874,34874,6058,L3Harris Technologies Inc,"L3Harris Technologies, Inc.",,,,,,,,,,,,,,,,
34896,34896,20778,V & M ASSETS LIMITED,V & M ASSOCIATES LTD,,,,,,,,,,,,,,,,
34907,34907,20159,XPO Logistics,"XPO Logistics, Inc.",,,,,,,,,,,,,,,,
34921,34921,3674,Silgan Holdings Inc,Silgan Holdings Inc.,,,,,,,,,,,,,,,,
34928,34928,32552,Santen Pharmaceutical Co Ltd,Santen Pharmaceutical Co. Ltd,,,,,,,,,,,,,,,,
34937,34937,29037,Sampo Corp,Sampo Group,,,,,,,,,,,,,,,,
34944,34944,34595,Liaoning Cheng Da,Liaoning Cheng Da Co Ltd,,,,,,,,,,,,,,,,
34972,34972,29760,The Siam Cement Public Co Ltd,The Siam Cement Public Company Ltd,,,,,,,,,,,,,,,,
35020,35020,7923,Maximus,Maximus Inc,,,,,,,,,,,,,,,,
35031,35031,20056,Everest Re Group,Everest Re Group Ltd,,,,,,,,,,,,,,,,
35033,35033,1128,Mazda Motor Corp,Mazda Motor Corporation,,,,,,,,,,,,,,,,
35035,35035,27595,Nishimatsu Construction Co Ltd,Nishimatsu Construction Co. Ltd,,,,,,,,,,,,,,,,
35038,35038,17356,Tsim Sha Tsui Properties,Tsim Sha Tsui Properties Limited,,,,,,,,,,,,,,,,
35058,35058,4380,Stewart Information Services Corp,Stewart Information Services Corporation,,,,,,,,,,,,,,,,
35059,35059,32763,Wavestone SA,Wavestone Sa,,,,,,,,,,,,,,,,
35060,35060,3339,Union Bank of India,Union Bank of Taiwan,,,,,,,,,,,,,,,,
35061,35061,29659,P & A PROPERTIES (CAMBRIDGE) LTD,P & A PROPERTIES (MERSEYSIDE) LIMITED,,,,,,,,,,,,,,,,
35065,35065,29481,Magnitogorsk Iron & Steel,Magnitogorsk Iron & Steel Works (mmk),,,,,,,,,,,,,,,,
35066,35066,26377,US Foods Holding Corp,US Foods Holding Corp.,,,,,,,,,,,,,,,,
35080,35080,23264,CIR S.p.A. Compagnie Industriali Riunite,CIR SpA – Compagnie Industriali Riunite,,,,,,,,,,,,,,,,
35092,35092,25686,Bharti Airtel,Bharti Airtel Ltd,,,,,,,,,,,,,,,,
35094,35094,18544,Boise Cascade Co,Boise Cascade Company,,,,,,,,,,,,,,,,
35102,35102,15715,Vanguard International Semiconductor Corp,Vanguard International Semiconductor Corporation,,,,,,,,,,,,,,,,
35109,35109,12987,Sequoia Economic Infrastructure Inc Ord,Sequoia Economic Infrastructure Income Fund Limited,,,,,,,,,,,,,,,,
35110,35110,34598,A.U.E. Genc Warenhandels,A.U.E. Genc Warenhandels-UG,,,,,,,,,,,,,,,,
35139,35139,1114,Advanced Energy Industries Inc,"Advanced Energy Industries, Inc.",,,,,,,,,,,,,,,,
35142,35142,25670,SOFTWARE DESIGN PLUS LTD,SOFTWARE DESIGN SMART LTD,,,,,,,,,,,,,,,,
35176,35176,28787,Britvic Plc,Britvic plc,,,,,,,,,,,,,,,,
35194,35194,2139,Mitsui OSK Lines,Mitsui OSK Lines Ltd,,,,,,,,,,,,,,,,
35202,35202,23135,Peloton Interactive,Peloton Interactive Inc,,,,,,,,,,,,,,,,
35212,35212,25533,Transocean,Transocean Ltd,,,,,,,,,,,,,,,,
35219,35219,727,North Pacific Bank,North Pacific Bank Ltd,,,,,,,,,,,,,,,,
35233,35233,3162,Worldwide Healthcare,Worldwide Healthcare Trust,,,,,,,,,,,,,,,,
35239,35239,12386,ALL ABOUT RESULTS LIMITED,ALL ABOUT RISK LIMITED,,,,,,,,,,,,,,,,
35246,35246,15042,Capitec Bank Holdings,Capitec Bank Holdings Ltd,,,,,,,,,,,,,,,,
35249,35249,2184,KWS SAAT SE & Co KGaA,KWS Saat SE & Co KGaA,,,,,,,,,,,,,,,,
35263,35263,12568,Nanjing Hanrui Cobalt,"Nanjing Hanrui Cobalt Co.,Ltd.",,,,,,,,,,,,,,,,
35265,35265,7833,Amedisys,Amedisys Inc,,,,,,,,,,,,,,,,
35276,35276,26927,Penske Automotive Group,Penske Automotive Group Inc,,,,,,,,,,,,,,,,
35282,35282,23578,Pharmaron Beijing,Pharmaron Beijing Co Ltd,,,,,,,,,,,,,,,,
35296,35296,22075,Macquarie Telecom Group,Macquarie Telecom Group Limited,,,,,,,,,,,,,,,,
35306,35306,11575,Eagers Automotive Limited,Eagers Automotive Ltd,,,,,,,,,,,,,,,,
35312,35312,23541,Oracle Corporation,Oracle Corporation Japan,,,,,,,,,,,,,,,,
35315,35315,9191,Siemens Gamesa Renewable Energy SA,"Siemens Gamesa Renewable Energy, SA",,,,,,,,,,,,,,,,
35327,35327,1079,China Southern Airlines Co Ltd,China Southern Airlines Company,,,,,,,,,,,,,,,,
35334,35334,35005,Bank of China,Bank of China Ltd,,,,,,,,,,,,,,,,
35337,35337,29215,Thessaloniki Metro,Thessaloniki Waterbus,,,,,,,,,,,,,,,,
35382,35382,4144,Texas Roadhouse,Texas Roadhouse Inc,,,,,,,,,,,,,,,,
35390,35390,5710,Bank of Communications,Bank of Communications Co Ltd,,,,,,,,,,,,,,,,
35399,35399,34703,Akzo Nobel NV,AkzoNobel,,,,,,,,,,,,,,,,
35401,35401,28831,FINANCE SOLUTIONS (UK) LIMITED,FINANCE SOLUTIONS 4U LIMITED,,,,,,,,,,,,,,,,
35409,35409,27399,Sodexo,Sodexo SA,,,,,,,,,,,,,,,,
35424,35424,30104,Shihlin Electric & Engineering Corp,Shihlin Electric & Engineering Corporation,,,,,,,,,,,,,,,,
35425,35425,5169,Ralph Lauren,Ralph Lauren Corp,,,,,,,,,,,,,,,,
35441,35441,19242,Ryman Hospitality Properties,"Ryman Hospitality Properties, Inc.",,,,,,,,,,,,,,,,
35466,35466,5601,Grupo Gigante S. A. B. De C. V,Grupo Gigante SAB de CV,,,,,,,,,,,,,,,,
35481,35481,8216,Treatt,Treatt plc,,,,,,,,,,,,,,,,
35501,35501,4625,Mavenir Systems,Maveric Systems,,,,,,,,,,,,,,,,
35502,35502,8991,Shandong Bohui Paper Industry Co Ltd,Shandong Bohui Paper Industry Co. Ltd,,,,,,,,,,,,,,,,
35507,35507,34056,AlterBoutique,Alterboutique,,,,,,,,,,,,,,,,
35531,35531,18677,"Guizhou Salvage Pharmaceutical Co.,ltd.","Guizhou Sanli Pharmaceutical Co., Ltd.",,,,,,,,,,,,,,,,
35534,35534,21056,China Nonferrous Mining Corporation Limited,China Nonferrous Mining Corporation Ltd,,,,,,,,,,,,,,,,
35546,35546,4498,Applicad Public Company Ltd,Applied DB Public Company Ltd,,,,,,,,,,,,,,,,
35559,35559,4435,FirstRand,FirstRand Ltd,,,,,,,,,,,,,,,,
35560,35560,1330,Aditya Birla Fashion And Retail,Aditya Birla Fashion and Retail,,,,,,,,,,,,,,,,
35583,35583,18514,PT Victoria Care Indonesia Tbk,PT Victoria Insurance Tbk,,,,,,,,,,,,,,,,
35589,35589,16663,Vobile Group Limited,Vobile Group Ltd,,,,,,,,,,,,,,,,
35603,35603,23073,Liberty Holdings,Liberty Holdings Ltd,,,,,,,,,,,,,,,,
35606,35606,9364,Schindler Holding AG,Schindler Holding Ag,,,,,,,,,,,,,,,,
35608,35608,10552,Sinolink Securities,Sinolink Securities Co Ltd,,,,,,,,,,,,,,,,
35630,35630,27908,Dangote Cement,Dangote Cement Plc,,,,,,,,,,,,,,,,
35634,35634,23461,Netcare,Netcare Ltd,,,,,,,,,,,,,,,,
35645,35645,8062,Gestamp Automocion,Gestamp Automocion SA,,,,,,,,,,,,,,,,
35655,35655,3314,Sega Sammy Holdings,Sega Sammy Holdings Inc,,,,,,,,,,,,,,,,
35659,35659,16792,Globant,Globant SA,,,,,,,,,,,,,,,,
35661,35661,11420,Big Yellow Group,Big Yellow Group plc,,,,,,,,,,,,,,,,
35662,35662,28120,Alpargatas,Alpargatas SA,,,,,,,,,,,,,,,,
35663,35663,11952,Van Lanschot Kempen,Van Lanschot Kempen N.V.,,,,,,,,,,,,,,,,
35678,35678,3385,Nihon Parkerizing,Nihon Parkerizing Co Ltd,,,,,,,,,,,,,,,,
35685,35685,18376,Stellantis,Stellantis N.V.,,,,,,,,,,,,,,,,
35721,35721,30829,TechnipFMC Plc,TechnipFMC plc,,,,,,,,,,,,,,,,
35728,35728,14240,ALL ABOUT DA VAPE LTD,ALL ABOUT DAMP LTD,,,,,,,,,,,,,,,,
35746,35746,11821,Nestle India,Nestle India Ltd,,,,,,,,,,,,,,,,
35779,35779,21207,Shiny Chemical Industrial Company,Shiny Chemical Industrial Company Ltd,,,,,,,,,,,,,,,,
35782,35782,3315,Morgan Advanced Materials,Morgan Advanced Materials Plc,,,,,,,,,,,,,,,,
35784,35784,5901,Kier Group Plc,Kier Group plc,,,,,,,,,,,,,,,,
35790,35790,12274,Insurance Australia Group Limited,Insurance Australia Group Ltd,,,,,,,,,,,,,,,,
35799,35799,34306,Zug Estates Holding AG,Zug Estates Holding Ag,,,,,,,,,,,,,,,,
35801,35801,33689,Yifeng Pharmacy Chain,Yifeng Pharmacy Chain Co. Ltd,,,,,,,,,,,,,,,,
35818,35818,14952,Shanghai Pharmaceuticals,Shanghai Pharmaceuticals Holding Co Ltd,,,,,,,,,,,,,,,,
35819,35819,16803,Platinum Investment Management,Platinum Investment Management Limited,,,,,,,,,,,,,,,,
35820,35820,34434,Majesco,Majesco Ltd,,,,,,,,,,,,,,,,
35839,35839,20065,Graco,Graco Inc,,,,,,,,,,,,,,,,
35845,35845,9428,"TOTAL DEFENSE, INC.","TOTAL DEFENSE, LLC",,,,,,,,,,,,,,,,
35849,35849,17814,Chengdu ALD Aviation Manufacturing Corp,Chengdu Ald Aviation Manufacturing Corporation,,,,,,,,,,,,,,,,
35854,35854,35506,Balfour Beatty,Balfour Beatty Plc,,,,,,,,,,,,,,,,
35883,35883,17406,RUBIX GROUP INTERNATIONAL LIMITED,RUBIX INTERNATIONAL LIMITED,,,,,,,,,,,,,,,,
35887,35887,1433,Ninety One,Ninety One Group,,,,,,,,,,,,,,,,
35902,35902,8949,China Merchants Securities,China Merchants Securities Co Ltd,,,,,,,,,,,,,,,,
35908,35908,19825,"Beijing Dahao Technology Corp,Ltd",Beijing Dahao Technologyltd,,,,,,,,,,,,,,,,
35913,35913,10809,HAVAS HELIA LIMITED,HAVAS MEDIA LIMITED,,,,,,,,,,,,,,,,
35919,35919,7564,Nisshin Seifun Group,Nisshin Seifun Group Inc,,,,,,,,,,,,,,,,
35925,35925,1344,Hyatt Hotels Corp,Hyatt Hotels Corporation,,,,,,,,,,,,,,,,
35958,35958,13199,Sinopac Financial Holdings Company,Sinopac Financial Holdings Company Ltd,,,,,,,,,,,,,,,,
35966,35966,9870,Church & Dwight Co Inc,"Church & Dwight Co., Inc.",,,,,,,,,,,,,,,,
35968,35968,16643,Nantong Jiangshan Agrochemical & Chemicals,"Nantong Jiangshan Agrochemical & Chemicals Co.,Ltd.",,,,,,,,,,,,,,,,
35971,35971,30222,Companhia Brasileira de Distribuicao,Companhia Brasileira de Distribuição,,,,,,,,,,,,,,,,
35978,35978,6836,Dunelm Group,Dunelm Group plc,,,,,,,,,,,,,,,,
35991,35991,14078,Beijing Capital International Airport Co Ltd,Beijing Capital International Airport Company,,,,,,,,,,,,,,,,
35998,35998,11915,Matsui Securities,Matsui Securities Co. Ltd,,,,,,,,,,,,,,,,
36011,36011,35765,Siegfried Holding AG,Siegfried Holding Ag,,,,,,,,,,,,,,,,
36028,36028,29606,Sinopec Shanghai Petrochemical Co Ltd,Sinopec Shanghai Petrochemical Company,,,,,,,,,,,,,,,,
36036,36036,5592,FOOD & DRINK EXPORTERS ASSOCIATION LIMITED,FOOD & DRINK EXPORTESE LIMITED,,,,,,,,,,,,,,,,
36040,36040,9366,Sumo Logic,"Sumo Logic, Inc.",,,,,,,,,,,,,,,,
36060,36060,17613,Fundo de Investimento Imobiliario Edificio Almirante Barroso,Fundo de Investimento Imobiliario Edificio Ourinvest,,,,,,,,,,,,,,,,
36062,36062,27721,Voya Financial,Voya Financial Careers,,,,,,,,,,,,,,,,
36080,36080,6424,Weyerhaeuser Co,Weyerhaeuser Company,,,,,,,,,,,,,,,,
36104,36104,2342,FOOD & WINE CENTRE LTD,FOOD & WINE CHARLTON LTD,,,,,,,,,,,,,,,,
36105,36105,21254,China Meheco Group Co Ltd,China Meheco Group Co. Ltd,,,,,,,,,,,,,,,,
36117,36117,26508,Surgutneftegas,Surgutneftegas PJSC,,,,,,,,,,,,,,,,
36120,36120,12811,Alba,Alba SE,,,,,,,,,,,,,,,,
36122,36122,31335,Cornerstone Building Brands,Cornerstone Building Brands Inc,,,,,,,,,,,,,,,,
36141,36141,31670,Merida Industry,Merida Industry Co Ltd,,,,,,,,,,,,,,,,
36145,36145,18887,Bright Horizons Family Solutions Inc,Bright Horizons Family Solutions Inc.,,,,,,,,,,,,,,,,
36158,36158,10247,Z & S HOLDINGS LTD,Z & S LINKED LTD,,,,,,,,,,,,,,,,
36161,36161,4523,Annaly Capital Management,Annaly Capital Management Inc,,,,,,,,,,,,,,,,
36162,36162,13296,Q ELECTRICAL LTD,Q ELECTRICAL SERVICES LTD,,,,,,,,,,,,,,,,
36196,36196,11776,Government Polytechnic College,Government Polytechnic Nagpur,,,,,,,,,,,,,,,,
36197,36197,32858,Ta Chen Stainless Pipe Co Ltd,Ta Chen Stainless Pipe Co. Ltd,,,,,,,,,,,,,,,,
36213,36213,21185,Keihan Holdings Co Ltd,Keihan Holdings Co. Ltd,,,,,,,,,,,,,,,,
36216,36216,11985,Wuhan Department Store Group,Wuhan Department Store Group Co Ltd,,,,,,,,,,,,,,,,
36225,36225,11046,Staff,Staffbase,,,,,,,,,,,,,,,,
36234,36234,25162,Whitehaven Coal,Whitehaven Coal Limited,,,,,,,,,,,,,,,,
36241,36241,22986,Defence Research & Development Laboratory,Defence Research & Development Organisation,,,,,,,,,,,,,,,,
36247,36247,24076,Raymond James Financial Inc,"Raymond James Financial, Inc.",,,,,,,,,,,,,,,,
36254,36254,14046,MISUMI Group Inc,"MISUMI Group, Inc.",,,,,,,,,,,,,,,,
36269,36269,29041,AvalonBay Communities Inc,"AvalonBay Communities, Inc.",,,,,,,,,,,,,,,,
36297,36297,23522,ALL ABOUT ACCOUNTING (UK) LIMITED,ALL ABOUT ACCOUNTS LIMITED,,,,,,,,,,,,,,,,
36298,36298,11454,Bank of India,Bank of Ireland,,,,,,,,,,,,,,,,
36307,36307,11275,Longchen Paper & Packaging,Longchen Paper & Packaging Co Ltd,,,,,,,,,,,,,,,,
36309,36309,11051,Jasmine Telecom Systems Public Company,Jasmine Telecom Systems Public Company Ltd,,,,,,,,,,,,,,,,
36341,36341,28808,FINANCE SECURE LTD,FINANCE SERVICES LIMITED,,,,,,,,,,,,,,,,
36346,36346,32494,Funai Soken Holdings,"Funai Soken Holdings, Inc.",,,,,,,,,,,,,,,,
36361,36361,1041,ALL ABOUT THE BRAND LIMITED,ALL ABOUT THE BUILDINGS LIMITED,,,,,,,,,,,,,,,,
36375,36375,11781,Zhejiang Orient Financial Holdings Group,Zhejiang Orient Financial Holdings Group Co. Ltd,,,,,,,,,,,,,,,,
36376,36376,8673,Dassault Aviation SA,Dassault Aviation Sa,,,,,,,,,,,,,,,,
36388,36388,36151,Better Collective A/S,Better Collective A/s,,,,,,,,,,,,,,,,
36399,36399,17392,Internet Initiative Japan,Internet Initiative Japan Inc,,,,,,,,,,,,,,,,
36400,36400,21612,Serum Institute Of India,Serum Institute of India,,,,,,,,,,,,,,,,
36416,36416,24181,Cheng Shin Rubber Ind,Cheng Shin Rubber Ind. Co. Ltd,,,,,,,,,,,,,,,,
36420,36420,4805,Thule Group,Thule Group AB,,,,,,,,,,,,,,,,
36424,36424,35718,ALL ABOUT FILM ARTISTS LTD,ALL ABOUT FILM LTD,,,,,,,,,,,,,,,,
36431,36431,10760,HCL Technologies BPO Services,HCL Technologies Careers,,,,,,,,,,,,,,,,
36440,36440,34984,The Gap Inc,"The Gap, Inc.",,,,,,,,,,,,,,,,
36445,36445,16951,GOOD CHOICE ZR LTD,GOOD CHOSE LTD,,,,,,,,,,,,,,,,
36448,36448,1682,BAD SEED FILM LIMITED,BAD SEED LIMITED,,,,,,,,,,,,,,,,
36449,36449,24674,Benefit One,"Benefit One, Inc.",,,,,,,,,,,,,,,,
36455,36455,13420,Wayfair Inc,Wayfair Inc.,,,,,,,,,,,,,,,,
36456,36456,15047,Haitong International Securities Group,Haitong International Securities Group Ltd,,,,,,,,,,,,,,,,
36457,36457,14047,Anhui Yingjia Distillery,Anhui Yingjia Distillery Co. Ltd,,,,,,,,,,,,,,,,
36458,36458,36095,Delta Capita,Delta Capita Group,,,,,,,,,,,,,,,,
36472,36472,25220,Canadian Solar Inc,Canadian Solar Inc.,,,,,,,,,,,,,,,,
36473,36473,27520,NEW AGE CARE LIMITED,NEW AGE CARE SOLUTIONS LIMITED,,,,,,,,,,,,,,,,
36491,36491,19685,Crescent Point Energy Corp,Crescent Point Energy Corp.,,,,,,,,,,,,,,,,
36493,36493,30765,Falck Renewables S.p.A.,Falck Renewables Spa,,,,,,,,,,,,,,,,
36503,36503,29415,Dr. Martens Plc,Dr. Martens plc,,,,,,,,,,,,,,,,
36515,36515,32740,Odakyu Electric Railway,Odakyu Electric Railway Co Ltd,,,,,,,,,,,,,,,,
36527,36527,12966,Workiva,Workiva Inc.,,,,,,,,,,,,,,,,
36546,36546,35213,MetLife Inc,"MetLife, Inc.",,,,,,,,,,,,,,,,
36547,36547,27467,Ezaki Glico Co Ltd,Ezaki Glico Co. Ltd,,,,,,,,,,,,,,,,
36561,36561,20400,First Pacific,First Pacific Co Ltd,,,,,,,,,,,,,,,,
36570,36570,3959,HollyFrontier Corp,HollyFrontier Corporation,,,,,,,,,,,,,,,,
36580,36580,30067,Vaisala,Vaisala Oyj,,,,,,,,,,,,,,,,
36591,36591,9194,Interparfums SA,Interparfums Sa,,,,,,,,,,,,,,,,
36603,36603,7510,Nippon Gas,Nippon Gas Co Ltd,,,,,,,,,,,,,,,,
36605,36605,7277,Unicoop Firenze Soc Coop,Unicoop Tirreno Soc Coop,,,,,,,,,,,,,,,,
36614,36614,7490,Entain Plc,Entain plc,,,,,,,,,,,,,,,,
36621,36621,27681,Mitsubishi Motors Corp,Mitsubishi Motors Corporation,,,,,,,,,,,,,,,,
36633,36633,29145,ALL ABOUT SKIN STUDIO LTD,ALL ABOUT SKIPS LTD,,,,,,,,,,,,,,,,
36641,36641,32560,Brickwork Ratings,Brickworks,,,,,,,,,,,,,,,,
36647,36647,17043,Copart Inc,"Copart, Inc.",,,,,,,,,,,,,,,,
36659,36659,2336,Ovintiv,Ovintiv Inc,,,,,,,,,,,,,,,,
36673,36673,22937,Techtronic Industries Co Ltd,Techtronic Industries Company,,,,,,,,,,,,,,,,
36700,36700,16219,Sumitomo Osaka Cement Co Ltd,Sumitomo Osaka Cement Co. Ltd,,,,,,,,,,,,,,,,
36720,36720,1022,Sany Heavy Equipment International Holdings Co Ltd,Sany Heavy Equipment International Holdings Company,,,,,,,,,,,,,,,,
36724,36724,8553,Cable One,Cable One Inc,,,,,,,,,,,,,,,,
36729,36729,9239,FOOD CHAIN ENTERPRISES LTD,FOOD CHAIN FITNESS LTD,,,,,,,,,,,,,,,,
36735,36735,20585,NEW AGE DEVELOPERS LIMITED,NEW AGE DEVELOPERS RENTALS LIMITED,,,,,,,,,,,,,,,,
36736,36736,3379,BAD TRI LTD,BAD TRIP LIMITED,,,,,,,,,,,,,,,,
36749,36749,6498,Hyundai Autoever Corp,Hyundai Autoever Corporation,,,,,,,,,,,,,,,,
36756,36756,34519,NEW ADVENTURES NUTCRACKER LIMITED,NEW ADVENTURES PARTNERSHIPS LIMITED,,,,,,,,,,,,,,,,
36762,36762,9070,Zoom Video Communications,Zoom Video Communications Inc,,,,,,,,,,,,,,,,
36765,36765,6707,Dongfeng Motor Group,Dongfeng Motor Group Co Ltd,,,,,,,,,,,,,,,,
36767,36767,15453,Benesse Holdings Inc,"Benesse Holdings, Inc.",,,,,,,,,,,,,,,,
36791,36791,28387,Enagás,"Enagás, SA",,,,,,,,,,,,,,,,
36803,36803,5053,Heiwa Corp,Heiwa Corporation,,,,,,,,,,,,,,,,
36811,36811,2447,BAD CAT BARBERING LTD,BAD CAT DESIGN LTD,,,,,,,,,,,,,,,,
36836,36836,35188,Jafron Biomedical,"Jafron Biomedical Co.,Ltd.",,,,,,,,,,,,,,,,
36845,36845,1469,ICICI Bank Limited,ICICI Bank Ltd,,,,,,,,,,,,,,,,
36872,36872,282,Genesis Energy Limited,Genesis Energy Lp,,,,,,,,,,,,,,,,
36902,36902,8195,Brookfield Renewable,Brookfield Renewable Corporation,,,,,,,,,,,,,,,,
36915,36915,21622,Nankai Electric Railway,Nankai Electric Railway Co Ltd,,,,,,,,,,,,,,,,
36922,36922,27534,North West Company,North West Company Inc.,,,,,,,,,,,,,,,,
36933,36933,3551,John Wood Group Plc,John Wood Group plc,,,,,,,,,,,,,,,,
36936,36936,22006,Yeo Hiap Seng (YEO),Yeo Hiap Seng Ltd,,,,,,,,,,,,,,,,
36937,36937,21675,India Pistons,India Post,,,,,,,,,,,,,,,,
36938,36938,18507,Flex Legal,Flex Lng,,,,,,,,,,,,,,,,
36950,36950,21829,El Corte Ingles SA,El Corte Inglés,,,,,,,,,,,,,,,,
36953,36953,30153,Innolux Corp,Innolux Corporation,,,,,,,,,,,,,,,,
36968,36968,5001,Bonduelle,Bonduelle SCA,,,,,,,,,,,,,,,,
36970,36970,29462,Cheniere Energy Inc,Cheniere Energy Partners,,,,,,,,,,,,,,,,
36995,36995,9516,Maruha Nichiro Corp,Maruha Nichiro Corporation,,,,,,,,,,,,,,,,
36998,36998,9509,Morningstar Inc,"Morningstar, Inc.",,,,,,,,,,,,,,,,
37034,37034,26905,Indorama Ventures PCL,Indorama Ventures Public Company,,,,,,,,,,,,,,,,
37038,37038,34208,Carrefour SA,Carrefour Sa,,,,,,,,,,,,,,,,
37039,37039,31362,Element Fleet Management Corp,Element Fleet Management Corp.,,,,,,,,,,,,,,,,
37043,37043,15353,Datang International Power Generation,Datang International Power Generation Co Ltd,,,,,,,,,,,,,,,,
37066,37066,25209,Abdullah Al-Othaim Markets Co,Abdullah Al-Othaim Markets Company,,,,,,,,,,,,,,,,
37085,37085,13853,StarHub,StarHub Ltd,,,,,,,,,,,,,,,,
37109,37109,9078,Cewe Stiftung & Co KGAA,Cewe Stiftung & Co. Kgaa,,,,,,,,,,,,,,,,
37110,37110,15155,GOOD COMPANIONS (NESTON) LIMITED,GOOD COMPANIONS LIMITED,,,,,,,,,,,,,,,,
37117,37117,10050,Western Mining,Western Mining Co Ltd,,,,,,,,,,,,,,,,
37119,37119,26967,Uttam Value Steels,Uttam Value Steels Ltd,,,,,,,,,,,,,,,,
37134,37134,9953,P A BLEVINS & CO LTD,P A BLEVINS & SONS LTD,,,,,,,,,,,,,,,,
37136,37136,9721,Johnson Electric Holdings Limited,Johnson Electric Holdings Ltd,,,,,,,,,,,,,,,,
37143,37143,2891,Claveria,Clavia,,,,,,,,,,,,,,,,
37148,37148,39,Parkland Corporation,Parkland Fuel Corporation,,,,,,,,,,,,,,,,
37156,37156,30776,Helvetia Holding,Helvetia Holding AG,,,,,,,,,,,,,,,,
37173,37173,10194,GL EVENTS ITALIA EXPO SRL,GL EVENTS ITALIA SPA,,,,,,,,,,,,,,,,
37201,37201,12779,Sinyi Realty,"Sinyi Realty, Inc.",,,,,,,,,,,,,,,,
37213,37213,13989,Hyundai Heavy Industries Holdings,Hyundai Heavy Industries Holdings Co. Ltd,,,,,,,,,,,,,,,,
37223,37223,27204,Emirates NBD,Emirates NBD Bank,,,,,,,,,,,,,,,,
37227,37227,36621,Mitsubishi Motors,Mitsubishi Motors Corp,,,,,,,,,,,,,,,,
37230,37230,9053,Foshan Haitian Flavoring Food Co Ltd,Foshan Haitian Flavouring And Food Company,,,,,,,,,,,,,,,,
37233,37233,2800,"Wuhan Keqian Biology Co.,Ltd","Wuhan Keqian Biology Co.,ltd",,,,,,,,,,,,,,,,
37262,37262,14068,Toppan Forms,Toppan Forms Co Ltd,,,,,,,,,,,,,,,,
37278,37278,5661,GOOD ACCOUNTANT LTD,GOOD ACCOUNTS UK LTD,,,,,,,,,,,,,,,,
37283,37283,1762,Zhenro Properties Group,Zhenro Properties Group Ltd,,,,,,,,,,,,,,,,
37287,37287,1820,Legal & General Group,Legal & General Group Plc,,,,,,,,,,,,,,,,
37289,37289,15033,DS Smith Plc,DS Smith plc,,,,,,,,,,,,,,,,
37290,37290,85,Costain Group Plc,Costain Group plc,,,,,,,,,,,,,,,,
37293,37293,13093,Empresas Copec,Empresas Copec SA,,,,,,,,,,,,,,,,
37298,37298,17976,Nippon Steel,Nippon Steel Corp,,,,,,,,,,,,,,,,
37315,37315,29784,Haitong Securities Co Ltd,Haitong Securities Co. Ltd,,,,,,,,,,,,,,,,
37316,37316,4046,Ibstock,Ibstock plc,,,,,,,,,,,,,,,,
37337,37337,23872,S A CONSULTANCIES LIMITED,S A CONSULTANCY LIMITED,,,,,,,,,,,,,,,,
37350,37350,5137,Baillie Gifford US Growth Trust plc,Baillie Gifford Us Growth Trust,,,,,,,,,,,,,,,,
37355,37355,9639,ALL ABOUT AV LIMITED,ALL ABOUT BABY LTD,,,,,,,,,,,,,,,,
37358,37358,35157,Tower Semiconductor Ltd,Tower Semiconductor Ltd.,,,,,,,,,,,,,,,,
37368,37368,11284,Beijing Jetsen Technology,Beijing Jetsen Technology Co. Ltd,,,,,,,,,,,,,,,,
37375,37375,36761,Shikoku Electric Power Company,"Shikoku Electric Power Company, Inc.",,,,,,,,,,,,,,,,
37377,37377,32454,Beijer Ref AB,Beijer Ref Ab,,,,,,,,,,,,,,,,
37378,37378,5620,Amneal Pharmaceuticals,Amneal Pharmaceuticals Inc,,,,,,,,,,,,,,,,
37392,37392,12611,Applus Services,"Applus Services, SA",,,,,,,,,,,,,,,,
37393,37393,29908,SOFTWARE MARKET LTD,SOFTWARE MASTERS LTD,,,,,,,,,,,,,,,,
37398,37398,32340,Quilter,Quilter Plc,,,,,,,,,,,,,,,,
37406,37406,29072,Scandinavian Tobacco Group A/S,Scandinavian Tobacco Group A/s,,,,,,,,,,,,,,,,
37412,37412,13746,TBEA Co Ltd,TBEA Co. Ltd,,,,,,,,,,,,,,,,
37418,37418,5550,Ola Electric,Ola Electric Mobility,,,,,,,,,,,,,,,,
37429,37429,26291,Sankyu Inc,"Sankyu, Inc.",,,,,,,,,,,,,,,,
37466,37466,14414,ALL ABOUT THE DOOR LIMITED,ALL ABOUT THE DRESS LTD,,,,,,,,,,,,,,,,
37495,37495,32108,Wangfujing Group Co Ltd,Wangfujing Group Co. Ltd,,,,,,,,,,,,,,,,
37497,37497,10493,SiteOne Landscape Supply Inc,"SiteOne Landscape Supply, Inc.",,,,,,,,,,,,,,,,
37499,37499,23412,Clean Harbors,Clean Harbors Inc,,,,,,,,,,,,,,,,
37514,37514,15699,Daito Trust Construction,Daito Trust Construction Co Ltd,,,,,,,,,,,,,,,,
37521,37521,15977,VinaCapital Vietnam Opportunity Fund Limited,Vinacapital Vietnam Opportunity Fund Ld,,,,,,,,,,,,,,,,
37527,37527,19796,ISS A/S,ISS AS,,,,,,,,,,,,,,,,
37553,37553,31301,Royal Bafokeng Platinum,Royal Bafokeng Platinum Ltd,,,,,,,,,,,,,,,,
37566,37566,37457,Resurs Holding,Resurs Holding AB,,,,,,,,,,,,,,,,
37585,37585,5491,H & A DEVELOPERS LIMITED,H & A DEVELOPMENTS LTD,,,,,,,,,,,,,,,,
37589,37589,14514,Chengtun Mining Group,Chengtun Mining Group Co. Ltd,,,,,,,,,,,,,,,,
37597,37597,30494,Kaisa Group Holdings,Kaisa Group Holdings Ltd,,,,,,,,,,,,,,,,
37604,37604,13762,Shenzhen Capchem Technology,Shenzhen Capchem Technology Co. Ltd,,,,,,,,,,,,,,,,
37616,37616,37092,Xilinmen Furniture,"Xilinmen Furniture Co.,Ltd",,,,,,,,,,,,,,,,
37653,37653,15541,FOOD AND BEVERAGE LTD,FOOD AND BEVERAGE MARKETING LTD,,,,,,,,,,,,,,,,
37654,37654,20382,Shanghai Shimao,Shanghai Shimao Co. Ltd,,,,,,,,,,,,,,,,
37672,37672,8526,Vulcan Materials Co,Vulcan Materials Company,,,,,,,,,,,,,,,,
37681,37681,11614,United Therapeutics Corp,United Therapeutics Corporation,,,,,,,,,,,,,,,,
37685,37685,11019,Fresenius,Fresenius Kabi,,,,,,,,,,,,,,,,
37694,37694,5124,Shandong Hi-speed Company,Shandong Hi-speed Company Ltd,,,,,,,,,,,,,,,,
37714,37714,5382,Apollo Pipes,Apollo Pipes Ltd,,,,,,,,,,,,,,,,
37736,37736,13525,adidas,adidas AG,,,,,,,,,,,,,,,,
37749,37749,32511,Swiss Re,Swiss Re AG,,,,,,,,,,,,,,,,
37785,37785,23850,Fidelity China Special Situations,Fidelity China Special Situations plc,,,,,,,,,,,,,,,,
37789,37789,3832,Zhongyuan Bank Co Ltd,Zhongyuan Bank Co. Ltd,,,,,,,,,,,,,,,,
37801,37801,984,Hyundai Motor,Hyundai Motor Careers,,,,,,,,,,,,,,,,
37803,37803,16453,Softcat Plc,Softcat plc,,,,,,,,,,,,,,,,
37810,37810,18886,Manappuram Finance,Manappuram Home Finance,,,,,,,,,,,,,,,,
37811,37811,22345,BAD BOY VAPES LTD,BAD BOY VAPING LTD,,,,,,,,,,,,,,,,
37826,37826,33236,Archer Daniels Midland Co,Archer Daniels Midland Company Careers,,,,,,,,,,,,,,,,
37831,37831,591,G-bits Network Technology,G-bits Network Technology (xiamen),,,,,,,,,,,,,,,,
37842,37842,14937,Capgemini SE,Capgemini Se,,,,,,,,,,,,,,,,
37845,37845,11982,Rail Vikas Nigam,Rail Vikas Nigam Limited,,,,,,,,,,,,,,,,
37846,37846,14360,Topicus.com Inc.,"Topicus.com, Inc.",,,,,,,,,,,,,,,,
37862,37862,7872,Anima Holding S.p.A.,Anima Holding S.p.a.,,,,,,,,,,,,,,,,
37888,37888,29117,Nidec Corp,Nidec Corporation,,,,,,,,,,,,,,,,
37913,37913,3773,Südzucker,Südzucker AG,,,,,,,,,,,,,,,,
37959,37959,26866,Societe Fonciere Lyonnaise SA,Societe Fonciere Lyonnaise Sa,,,,,,,,,,,,,,,,
37979,37979,14515,Hunan Valin Steel,"Hunan Valin Steel Co., Ltd.",,,,,,,,,,,,,,,,
38002,38002,16770,James Hardie Industries Plc,James Hardie Industries plc,,,,,,,,,,,,,,,,
38013,38013,26699,NHK Spring Co Ltd,NHK Spring Co. Ltd,,,,,,,,,,,,,,,,
38015,38015,22721,Sino-Ocean Group Holding,Sino-Ocean Group Holding Ltd,,,,,,,,,,,,,,,,
38016,38016,5308,British American Tobacco,British American Tobacco Careers,,,,,,,,,,,,,,,,
38023,38023,16338,FioulReduc,Fioulreduc,,,,,,,,,,,,,,,,
38026,38026,16013,Stillfront Group,Stillfront Group AB,,,,,,,,,,,,,,,,
38056,38056,2656,NiSource Inc,NiSource Inc.,,,,,,,,,,,,,,,,
38063,38063,34592,BEAUTY AND THE INK LTD,BEAUTY AND THE NEEDLE LTD,,,,,,,,,,,,,,,,
38072,38072,3465,William Hill,William Hill Ltd,,,,,,,,,,,,,,,,
38073,38073,17977,Stavební Interiérové Systémy*,Stavební interiérové systémy,,,,,,,,,,,,,,,,
38076,38076,5717,PhonePe,Phonepe,,,,,,,,,,,,,,,,
38097,38097,11385,Italmobiliare,Italmobiliare S.p.A.,,,,,,,,,,,,,,,,
38103,38103,29551,Great-West Lifeco Inc.,Great-west Lifeco,,,,,,,,,,,,,,,,
38123,38123,22521,Grimaldi Group,Grimaldi Group Spa,,,,,,,,,,,,,,,,
38124,38124,1594,Edinburgh Investment Trust,Edinburgh Investment Trust plc,,,,,,,,,,,,,,,,
38131,38131,27924,Lennox International Inc,Lennox International Inc.,,,,,,,,,,,,,,,,
38134,38134,19105,Vipshop Holdings Limited,Vipshop Holdings Ltd,,,,,,,,,,,,,,,,
38137,38137,14547,Duke Realty Corp,Duke Realty Corporation,,,,,,,,,,,,,,,,
38144,38144,7133,Zimplats Holdings,Zimplats Holdings Limited,,,,,,,,,,,,,,,,
38163,38163,15010,BEAUTY BERIE LTD,BEAUTY BET LTD,,,,,,,,,,,,,,,,
38173,38173,34503,Minth Group,Minth Group Ltd,,,,,,,,,,,,,,,,
38181,38181,24309,Chunghwa Telecom Co Ltd,"Chunghwa Telecom Co., Ltd.",,,,,,,,,,,,,,,,
38198,38198,8281,Wyndham Hotels & Resorts Inc,"Wyndham Hotels & Resorts, Inc.",,,,,,,,,,,,,,,,
38208,38208,30959,Nippon Electric Glass Co Ltd,"Nippon Electric Glass Co., Ltd.",,,,,,,,,,,,,,,,
38210,38210,8575,Arbonia AG,Arbonia Ag,,,,,,,,,,,,,,,,
38211,38211,10383,Frontier Communications Parent Inc,"Frontier Communications Parent, Inc.",,,,,,,,,,,,,,,,
38225,38225,9777,Omega Healthcare,Omega Healthcare Investors,,,,,,,,,,,,,,,,
38227,38227,2071,Alexandria Real Estate Equities,Alexandria Real Estate Equities Inc,,,,,,,,,,,,,,,,
38235,38235,7854,V & J CONSULTANCY LTD,V & J CONSULTANTS LTD,,,,,,,,,,,,,,,,
38254,38254,35021,Sirius XM Holdings Inc,Sirius XM Holdings Inc.,,,,,,,,,,,,,,,,
38261,38261,33381,Freudenberg Group,Freudenberg Group Careers,,,,,,,,,,,,,,,,
38263,38263,3955,Smurfit Kappa Group Plc,Smurfit Kappa Group plc,,,,,,,,,,,,,,,,
38273,38273,20009,Taiwan Business Bank,Taiwan Business Bank Co Ltd,,,,,,,,,,,,,,,,
38275,38275,27764,GOOD AS NEW GIFTS LTD,GOOD AS NEW LTD,,,,,,,,,,,,,,,,
38280,38280,27025,GOOD BARBERS GUIDE LIMITED,GOOD BARBERS LTD,,,,,,,,,,,,,,,,
38287,38287,8777,Taisho Pharmaceutical Holdings Co Ltd,Taisho Pharmaceutical Holdings Co. Ltd,,,,,,,,,,,,,,,,
38291,38291,8208,Malibu Boats,Malibu Boats Inc,,,,,,,,,,,,,,,,
38296,38296,4276,Sartorius,Sartorius AG,,,,,,,,,,,,,,,,
38301,38301,24579,Nomura Research Institute,Nomura Research Institute Ltd,,,,,,,,,,,,,,,,
38310,38310,16094,Metro AG,Metro Ag,,,,,,,,,,,,,,,,
38315,38315,1236,CMS Energy Corp,CMS Energy Corporation,,,,,,,,,,,,,,,,
38342,38342,20074,Deutsche Borse,Deutsche Borse AG,,,,,,,,,,,,,,,,
38366,38366,1771,Covivio Hotels Societe Anonyme,Covivio Hotels Societe anonyme,,,,,,,,,,,,,,,,
38391,38391,22405,Caplin Point Laboratories,Caplin Point Laboratories Ltd,,,,,,,,,,,,,,,,
38396,38396,18108,Topcon Corp,Topcon Corporation,,,,,,,,,,,,,,,,
38414,38414,33161,Shanghai Industrial Holdings,Shanghai Industrial Holdings Ltd,,,,,,,,,,,,,,,,
38416,38416,3342,Petrofac Limited,Petrofac Ltd,,,,,,,,,,,,,,,,
38423,38423,23228,Quanta Services,Quanta Services Inc,,,,,,,,,,,,,,,,
38427,38427,20368,BAD BOY BABY LTD,BAD BOY BARBER LTD,,,,,,,,,,,,,,,,
38458,38458,33498,Citic Securities,Citic Securities Company,,,,,,,,,,,,,,,,
38481,38481,33578,Heiwa Real Estate,Heiwa Real Estate Co. Ltd,,,,,,,,,,,,,,,,
38493,38493,29911,Halfords Group,Halfords Group plc,,,,,,,,,,,,,,,,
38504,38504,19853,Nippon Express Co Ltd,"Nippon Express Co., Ltd.",,,,,,,,,,,,,,,,
38512,38512,35438,Adani Power,Adani Power Ltd,,,,,,,,,,,,,,,,
38518,38518,30968,Sonic Automotive,Sonic Automotive Inc,,,,,,,,,,,,,,,,
38520,38520,7885,China Resources Gas Group,China Resources Gas Group Ltd,,,,,,,,,,,,,,,,
38524,38524,13467,Paragon Banking Group,Paragon Banking Group plc,,,,,,,,,,,,,,,,
38529,38529,31016,Kumiai Chemical Industry Co Ltd,Kumiai Chemical Industry Co. Ltd,,,,,,,,,,,,,,,,
38535,38535,7003,Recordati Industria Chimica E Farmaceutica,Recordati Industria Chimica E Farmaceutica Spa,,,,,,,,,,,,,,,,
38539,38539,10095,Guangdong Investment,Guangdong Investment Ltd,,,,,,,,,,,,,,,,
38552,38552,19909,Endo International Plc,Endo International plc,,,,,,,,,,,,,,,,
38556,38556,38414,Shanghai Industrial Holding Ltd,Shanghai Industrial Holdings,,,,,,,,,,,,,,,,
38561,38561,33169,Jiangsu Changshu Rural Commercial Bank Co Ltd,Jiangsu Changshu Rural Commercial Bank Co. Ltd,,,,,,,,,,,,,,,,
38562,38562,2971,Maruwa Unyu Kikan,"Maruwa Unyu Kikan Co.,Ltd.",,,,,,,,,,,,,,,,
38564,38564,20032,Q ELEMENT LTD,Q ELITE LTD,,,,,,,,,,,,,,,,
38588,38588,37210,Bank of Zhengzhou Co Ltd,Bank of Zhengzhou Co. Ltd,,,,,,,,,,,,,,,,
38589,38589,38376,Hokkaido Electric Power Company,"Hokkaido Electric Power Company, Inc.",,,,,,,,,,,,,,,,
38596,38596,17543,Doosan Fuel Cell,Doosan Fuel Cell Co. Ltd,,,,,,,,,,,,,,,,
38600,38600,2778,Virtus Lab,VirtusLab,,,,,,,,,,,,,,,,
38618,38618,34692,Cognizant Technology Solutions Corp,Cognizant Technology Solutions Corporation,,,,,,,,,,,,,,,,
38631,38631,37816,BEAUTY AND BUBBLES LONDON LTD,BEAUTY AND BUBBLES LTD,,,,,,,,,,,,,,,,
38650,38650,25467,Shenzhen Expressway Company,Shenzhen Expressway Company Ltd,,,,,,,,,,,,,,,,
38658,38658,12623,"Proeduca Altus, S.a.","Proeduca Altus, SA",,,,,,,,,,,,,,,,
38681,38681,20142,MediaTek,MediaTek Inc,,,,,,,,,,,,,,,,
38685,38685,502,Poly Developments And Holdings Group,Poly Developments and Holdings Group Co. Ltd,,,,,,,,,,,,,,,,
38689,38689,13273,Sundial Growers,Sundial Growers Inc.,,,,,,,,,,,,,,,,
38715,38715,17994,Cinemark Holdings,Cinemark Holdings Inc,,,,,,,,,,,,,,,,
38726,38726,13253,Evolution Gaming Group AB,Evolution Gaming Group Ab (publ),,,,,,,,,,,,,,,,
38728,38728,35816,China Tower Corp Ltd,China Tower Corp.,,,,,,,,,,,,,,,,
38733,38733,37079,Tokyo Ohka Kogyo Co Ltd,Tokyo Ohka Kogyo Co. Ltd,,,,,,,,,,,,,,,,
38736,38736,31087,The Hour Glass Limited,The Hour Glass Ltd,,,,,,,,,,,,,,,,
38737,38737,5172,Lundin Energy AB,Lundin Energy Ab (publ),,,,,,,,,,,,,,,,
38757,38757,38749,Kaiser Aluminum Corp,Kaiser Aluminum Corporation,,,,,,,,,,,,,,,,
38759,38759,22276,American International Group,American International Group (aig),,,,,,,,,,,,,,,,
38778,38778,5960,Harbin Pharmaceutical Group,Harbin Pharmaceutical Group Co Ltd,,,,,,,,,,,,,,,,
38789,38789,21673,AptarGroup Inc,"AptarGroup, Inc.",,,,,,,,,,,,,,,,
38791,38791,23411,Golden Resorts Group,Golden Resorts Group Ltd,,,,,,,,,,,,,,,,
38825,38825,32884,Maeda Kosen,Maeda Kosen Co. Ltd,,,,,,,,,,,,,,,,
38829,38829,19156,Curtiss-Wright Corporation,Curtiss-wright Corporation,,,,,,,,,,,,,,,,
38832,38832,783,Trane Technologies,Trane Technologies Plc,,,,,,,,,,,,,,,,
38834,38834,16115,Asia Vital Components,Asia Vital Components Co. Ltd,,,,,,,,,,,,,,,,
38869,38869,11386,Tokyo Electric Power Co Holdings Inc,"Tokyo Electric Power Co Holdings, Inc.",,,,,,,,,,,,,,,,
38878,38878,26379,GOOD BABY PTE. LTD,GOOD BABY UK LTD,,,,,,,,,,,,,,,,
38880,38880,32979,China National Chemical Engineering Co Ltd,China National Chemical Engineering Co. Ltd,,,,,,,,,,,,,,,,
38888,38888,3599,Newcrest Mining Limited,Newcrest Mining Ltd,,,,,,,,,,,,,,,,
38893,38893,9990,GOOD ADVICE FOR LIVING LTD,GOOD ADVICE LTD,,,,,,,,,,,,,,,,
38896,38896,4008,RemeGen Co. Ltd,"Remegen Co., Ltd.",,,,,,,,,,,,,,,,
38914,38914,37056,Cosco Shipping Holdings,Cosco Shipping Ports,,,,,,,,,,,,,,,,
38921,38921,28602,Samsung SDI,Samsung SDI Co Ltd,,,,,,,,,,,,,,,,
38931,38931,24724,Solutions 30 S.e,Solutions 30 SE,,,,,,,,,,,,,,,,
38965,38965,2432,Tsinghua Tongfang,Tsinghua Tongfang Co. Ltd,,,,,,,,,,,,,,,,
38967,38967,37783,Takeda Pharmaceutical Co Ltd,Takeda Pharmaceutical Company,,,,,,,,,,,,,,,,
38997,38997,33099,Veoneer Inc,Veoneer India,,,,,,,,,,,,,,,,
39008,39008,12799,China Galaxy Securities Co Ltd,China Galaxy Securities Co. Ltd,,,,,,,,,,,,,,,,
39011,39011,25027,Tobu Railway Co Ltd,"Tobu Railway Co., Ltd.",,,,,,,,,,,,,,,,
39025,39025,16720,President Securities Corp,President Securities Corporation,,,,,,,,,,,,,,,,
39057,39057,23471,National Australia Bank,National Australia Bank Limited,,,,,,,,,,,,,,,,
39060,39060,19261,La Doria S.p.A.,La Doria SpA,,,,,,,,,,,,,,,,
39067,39067,21191,South32 Limited,South32 Ltd,,,,,,,,,,,,,,,,
39080,39080,29387,Feng Hsin Steel Co Ltd,"Feng Hsin Steel Co.,Ltd",,,,,,,,,,,,,,,,
39095,39095,18147,Xinjiang Tianshan Cement,Xinjiang Tianshan Cement Co Ltd,,,,,,,,,,,,,,,,
39098,39098,21938,Kinnevik,Kinnevik AB,,,,,,,,,,,,,,,,
39113,39113,15788,Major Power Technology,Major-Power Technology,,,,,,,,,,,,,,,,
39114,39114,2541,Daikin Industries Ltd,"Daikin Industries,Ltd.",,,,,,,,,,,,,,,,
39126,39126,26660,Vertex Pharmaceuticals Inc,Vertex Pharmaceuticals Incorporated,,,,,,,,,,,,,,,,
39150,39150,22478,Tokyo Electron,Tokyo Electron Device Ltd,,,,,,,,,,,,,,,,
39155,39155,2594,Badger Daylighting,Badger Daylighting Ltd.,,,,,,,,,,,,,,,,
39167,39167,11639,Shanghai Fudan Microelectronics Group Company,Shanghai Fudan Microelectronics Group Company Ltd,,,,,,,,,,,,,,,,
39173,39173,23765,Axiom Space,Axiom Space Careers,,,,,,,,,,,,,,,,
39213,39213,29410,Reynolds Consumer Products Inc,Reynolds Consumer Products Inc.,,,,,,,,,,,,,,,,
39232,39232,8767,Far Eastern New Century Corp,Far Eastern New Century Corporation,,,,,,,,,,,,,,,,
39233,39233,5341,Xinte Energy,Xinte Energy Co Ltd,,,,,,,,,,,,,,,,
39256,39256,7298,Johnson Controls International Plc,Johnson Controls International plc,,,,,,,,,,,,,,,,
39263,39263,22896,Wix.com Ltd.,Wixcom Ltd,,,,,,,,,,,,,,,,
39266,39266,4369,Konecranes,Konecranes Plc,,,,,,,,,,,,,,,,
39270,39270,17854,London Stock Exchange Group Plc,London Stock Exchange Group plc,,,,,,,,,,,,,,,,
39276,39276,14049,Semiconductor Manufacturing International,Semiconductor Manufacturing International Corp,,,,,,,,,,,,,,,,
39287,39287,33256,ALL ABOUT CIRCLES GROUP LTD,ALL ABOUT CIVILS LTD,,,,,,,,,,,,,,,,
39288,39288,21736,Yapi ve Kredi Bankasi A.S.,Yapi ve Kredi Bankasi AS,,,,,,,,,,,,,,,,
39294,39294,37231,Tatung Co Ltd,Tatung Co. Ltd,,,,,,,,,,,,,,,,
39296,39296,1355,Tibet Rhodiola Pharmaceutical Holding,Tibet Rhodiola Pharmaceutical Holding Co.,,,,,,,,,,,,,,,,
39318,39318,22815,TalkingData,Talkingdata,,,,,,,,,,,,,,,,
39327,39327,29314,Riskified Ltd,Riskified Ltd.,,,,,,,,,,,,,,,,
39338,39338,29434,BEAUTY AND THE BEAST TATTOO LIMITED,BEAUTY AND THE BEASTLY TRUTH LTD,,,,,,,,,,,,,,,,
39340,39340,37177,Lincoln Pharmaceuticals,Lincoln Pharmaceuticals Ltd,,,,,,,,,,,,,,,,
39356,39356,32271,Caisse Regionale de Credit Agricole Mutuel Nord de France,Caisse Regionale de Credit Agricole Mutuel d'Ille-et-Vilaine,,,,,,,,,,,,,,,,
39365,39365,14180,Godrej Consumer Products,Godrej Consumer Products Ltd,,,,,,,,,,,,,,,,
39366,39366,12558,Vestel Beyaz Esya Sanayi Ve Ticaret,Vestel Beyaz Esya Sanayi ve Ticaret A.S.,,,,,,,,,,,,,,,,
39373,39373,25576,Westlake Chemical,Westlake Chemical Corporation,,,,,,,,,,,,,,,,
39382,39382,29833,Daelim Industrial,Daelim Industrial Co.,,,,,,,,,,,,,,,,
39398,39398,6256,Talgo,Talgo SA,,,,,,,,,,,,,,,,
39403,39403,33503,Turkiye Garanti Bankasi,Turkiye Garanti Bankasi A.S.,,,,,,,,,,,,,,,,
39429,39429,17925,Eurofins Scientific Se,Eurofins Scientific Societe Europeenne,,,,,,,,,,,,,,,,
39437,39437,37921,Pinnacle Financial Partners Inc,"Pinnacle Financial Partners, Inc.",,,,,,,,,,,,,,,,
39444,39444,33058,Public Power Corporation S.a.,Public Power Corporation SA,,,,,,,,,,,,,,,,
39446,39446,13975,China Unicom (hong Kong),China Unicom Hong Kong Ltd,,,,,,,,,,,,,,,,
39448,39448,17936,Obrascón Huarte Lain,"Obrascón Huarte Lain, SA",,,,,,,,,,,,,,,,
39454,39454,21807,Transaction Capital,Transaction Capital Ltd,,,,,,,,,,,,,,,,
39463,39463,38612,Chang Wah Technology,Chang Wah Technology Co. Ltd,,,,,,,,,,,,,,,,
39464,39464,27281,Willis Towers Watson Public Company,Willis Towers Watson plc,,,,,,,,,,,,,,,,
39478,39478,23057,T & B BUILDERS LIMITED,T & B BUILDING LTD,,,,,,,,,,,,,,,,
39489,39489,8787,Sanmina Corp,Sanmina Corporation,,,,,,,,,,,,,,,,
39493,39493,39343,Talwalkars Better Value Fitness Ltd,Talwalkars Better value Fitness,,,,,,,,,,,,,,,,
39495,39495,27712,Sofina,Sofina SA,,,,,,,,,,,,,,,,
39518,39518,1507,Makalot Industrial,Makalot Industrial Co Ltd,,,,,,,,,,,,,,,,
39519,39519,37032,Dada Nexus Limited,Dada Nexus Ltd,,,,,,,,,,,,,,,,
39520,39520,33412,Pure Storage,Pure Storage Inc,,,,,,,,,,,,,,,,
39535,39535,21691,Public Joint-Stock Company TNS energo Nizhny Novgorod,Public Joint-Stock Company TNS energo Rostov-on-Don,,,,,,,,,,,,,,,,
39549,39549,30355,POLA Orbis Holdings Inc,"POLA Orbis Holdings, Inc.",,,,,,,,,,,,,,,,
39579,39579,21358,News Corp,News Corporation,,,,,,,,,,,,,,,,
39580,39580,18354,BEAUTY BLOOM LTD,BEAUTY BLOOMER LIMITED,,,,,,,,,,,,,,,,
39582,39582,18882,Nuode Investment,"Nuode Investment Co.,Ltd",,,,,,,,,,,,,,,,
39588,39588,35631,"Changzhou Xingyu Automotive Lighting Systems Co.,Ltd.",Changzhou Xingyu Automotive Lightingsystem,,,,,,,,,,,,,,,,
39595,39595,24601,General Dynamics,General Dynamics Corp,,,,,,,,,,,,,,,,
39599,39599,33006,Metropole Television,Metropole Television SA,,,,,,,,,,,,,,,,
39612,39612,15222,Shanghai Tofflon Science And Technology,Shanghai Tofflon Science and Technology Co. Ltd,,,,,,,,,,,,,,,,
39647,39647,4164,Summit Materials,Summit Materials Inc,,,,,,,,,,,,,,,,
39659,39659,3159,Tenaga Nasional Berhad,Tenaga Nasional Bhd,,,,,,,,,,,,,,,,
39678,39678,1941,Huafa Industrial Co Ltd Zhuhai,"Huafa Industrial Co.,Ltd.Zhuhai",,,,,,,,,,,,,,,,
39683,39683,38925,Arcadis NV,Arcadis Nv,,,,,,,,,,,,,,,,
39692,39692,2615,Eurocash,Eurocash S.A.,,,,,,,,,,,,,,,,
39709,39709,10024,China XD Electric Co. Ltd,China Xd Electric Co. Ltd,,,,,,,,,,,,,,,,
39720,39720,28083,New Work SE,New Work Se,,,,,,,,,,,,,,,,
39728,39728,25405,Associated British Foods Plc,Associated British Foods plc,,,,,,,,,,,,,,,,
39750,39750,26161,Woori Financial Group Inc,"Woori Financial Group, Inc.",,,,,,,,,,,,,,,,
39758,39758,13902,BEAUTY & STYLE DIRECT LTD,BEAUTY & STYLE LTD,,,,,,,,,,,,,,,,
39780,39780,34374,Occidental Petroleum,Occidental Petroleum Corp,,,,,,,,,,,,,,,,
39782,39782,2002,Teva Pharmaceutical Industries,Teva Pharmaceutical Industries Limited,,,,,,,,,,,,,,,,
39786,39786,32321,Portland General Electric Co,Portland General Electric Company,,,,,,,,,,,,,,,,
39787,39787,6109,BRIDGEPOINT ADVISERS EUROPE LIMITED,BRIDGEPOINT ADVISERS GROUP LIMITED,,,,,,,,,,,,,,,,
39793,39793,5605,Oneok,Oneok Inc,,,,,,,,,,,,,,,,
39804,39804,15446,Access Healthcare,Access Healthcare Services,,,,,,,,,,,,,,,,
39812,39812,7225,Check Point Software,Check Point Software Technologies,,,,,,,,,,,,,,,,
39825,39825,36277,ThyssenKrupp AG,ThyssenKrupp Group,,,,,,,,,,,,,,,,
39835,39835,9057,Toyota Boshoku Corp,Toyota Boshoku Corporation,,,,,,,,,,,,,,,,
39853,39853,9658,MARCEGAGLIA PLATES SPA,MARCEGAGLIA SPECIALTIES SPA,,,,,,,,,,,,,,,,
39864,39864,11987,Bharat Petroleum,Bharat Petroleum Corp Ltd,,,,,,,,,,,,,,,,
39876,39876,759,SOFTWARE FOR DATA ANALYSIS (FINANCE) LIMITED,SOFTWARE FOR DATA ANALYSIS LIMITED,,,,,,,,,,,,,,,,
39888,39888,24340,Diamyd Medical,Diamyd Medical AB,,,,,,,,,,,,,,,,
39904,39904,36698,Tyson Foods Inc,"Tyson Foods, Inc.",,,,,,,,,,,,,,,,
39905,39905,33971,Gray Television,Gray Television Inc,,,,,,,,,,,,,,,,
39935,39935,32862,British Land Company,British Land Company plc,,,,,,,,,,,,,,,,
39945,39945,23336,Machvision,"Machvision, Inc.",,,,,,,,,,,,,,,,
39963,39963,24291,ALL ABOUT THE HAIR LTD,ALL ABOUT THE HOME LIMITED,,,,,,,,,,,,,,,,
39966,39966,26465,Imperial Oil,Imperial Oil Limited,,,,,,,,,,,,,,,,
39969,39969,29624,Kirin Holdings,Kirin Holdings Co Ltd,,,,,,,,,,,,,,,,
39980,39980,25822,TVS Motor,TVS Motor Co Ltd,,,,,,,,,,,,,,,,
39986,39986,8649,PKO Bank Polski,PKO Bank Polski SA,,,,,,,,,,,,,,,,
39989,39989,12508,Facephi Biometria,Facephi Biometria SA,,,,,,,,,,,,,,,,
39993,39993,8108,KKR & Co Inc,KKR & Co. Inc.,,,,,,,,,,,,,,,,
40009,40009,27377,Avery Dennison,Avery Dennison Corp,,,,,,,,,,,,,,,,
40020,40020,17756,Tasly Pharmaceutical Group Co Ltd,Tasly Pharmaceutical Group Co. Ltd,,,,,,,,,,,,,,,,
40025,40025,27065,Great Tree Pharmacy,Great Tree Pharmacy Co. Ltd,,,,,,,,,,,,,,,,
40028,40028,20970,U AND A LIMITED,U AND A LOCUMS LIMITED,,,,,,,,,,,,,,,,
40038,40038,8429,"Shanying International Holdings Co.,Ltd","Shanying International Holdings Co.,ltd",,,,,,,,,,,,,,,,
40041,40041,34581,Sompo Holdings,"Sompo Holdings, Inc.",,,,,,,,,,,,,,,,
40045,40045,25775,Evergy Inc,"Evergy, Inc.",,,,,,,,,,,,,,,,
40047,40047,14384,Hubei Xingfa Chemicals Group Co Ltd,Hubei Xingfa Chemicals Group Co. Ltd,,,,,,,,,,,,,,,,
40069,40069,13801,Guanghui Energy,Guanghui Energy Co. Ltd,,,,,,,,,,,,,,,,
40071,40071,5083,Rakon,Rakon Ltd,,,,,,,,,,,,,,,,
40081,40081,19109,Jet2 Plc,Jet2 plc,,,,,,,,,,,,,,,,
40086,40086,38385,Toyo Ink SC Holdings Co. Ltd,Toyo Ink Sc Holdings,,,,,,,,,,,,,,,,
40105,40105,8740,Rede Energia Participacoes,Rede Energia Participacoes SA,,,,,,,,,,,,,,,,
40110,40110,3018,Canada Goose Holdings,Canada Goose Holdings Inc.,,,,,,,,,,,,,,,,
40134,40134,11144,Cathay Financial Holding,Cathay Financial Holding Co Ltd,,,,,,,,,,,,,,,,
40137,40137,10688,Bumble Inc.,"Bumble, Inc.",,,,,,,,,,,,,,,,
40147,40147,7189,Sonic Healthcare Limited,Sonic Healthcare Ltd,,,,,,,,,,,,,,,,
40152,40152,16105,SOFTWARE CONSULTANCY LTD,SOFTWARE CONSULTANCY SERVICE LIMITED,,,,,,,,,,,,,,,,
40155,40155,12120,Xinyi Energy Holdings,Xinyi Energy Holdings Ltd,,,,,,,,,,,,,,,,
40158,40158,40118,Q. D. P. SERVICES LIMITED,Q. D. SERVICES LIMITED,,,,,,,,,,,,,,,,
40183,40183,23474,Arista Networks Inc,"Arista Networks, Inc.",,,,,,,,,,,,,,,,
40190,40190,38795,Regina Miracle International (Holdings) Ltd,Regina Miracle International (holdings),,,,,,,,,,,,,,,,
40196,40196,30014,BEAUTY AND THE TEACUP LTD,BEAUTY AND THE THEORY LTD,,,,,,,,,,,,,,,,
40210,40210,3333,Allscripts Healthcare Solutions,Allscripts Healthcare Solutions Inc,,,,,,,,,,,,,,,,
40244,40244,10673,Walsin Lihwa Corp,Walsin Lihwa Corporation,,,,,,,,,,,,,,,,
40260,40260,30303,ASML Holding,ASML Holding NV,,,,,,,,,,,,,,,,
40280,40280,29216,Iluka Resources,Iluka Resources Limited,,,,,,,,,,,,,,,,
40289,40289,18911,Kape Technologies,Kape Technologies plc,,,,,,,,,,,,,,,,
40307,40307,38103,Great-West Lifeco Inc,Great-West Lifeco Inc.,,,,,,,,,,,,,,,,
40312,40312,25441,Safari Industries,Safari Industries India,,,,,,,,,,,,,,,,
40318,40318,10314,Saipem SpA,Saipem Spa,,,,,,,,,,,,,,,,
40325,40325,36260,Dycom Industries,Dycom Industries Inc,,,,,,,,,,,,,,,,
40354,40354,9440,T&D Holdings Inc,"T&D Holdings, Inc.",,,,,,,,,,,,,,,,
40367,40367,36075,Group 1 Automotive,Group 1 Automotive Inc,,,,,,,,,,,,,,,,
40373,40373,13047,Dominion Energy Inc,"Dominion Energy, Inc.",,,,,,,,,,,,,,,,
40375,40375,18711,Vietnam Technological & Commercial Joint Stock Bank,Vietnam Technological and Commercial Joint Stock Bank,,,,,,,,,,,,,,,,
40382,40382,21093,Tsubakimoto Chain Co,Tsubakimoto Chain Co.,,,,,,,,,,,,,,,,
40404,40404,27940,Secunet Security Networks,Secunet Security Networks AG,,,,,,,,,,,,,,,,
40407,40407,28162,Z & S CARE LTD,Z & S CARPENTRY LTD,,,,,,,,,,,,,,,,
40413,40413,40351,Nissan Shatai Co Ltd,Nissan Shatai Co. Ltd,,,,,,,,,,,,,,,,
40418,40418,18814,T-Mobile US,T-Mobile US Inc,,,,,,,,,,,,,,,,
40431,40431,18659,American Campus Communities,"American Campus Communities, Inc.",,,,,,,,,,,,,,,,
40444,40444,23985,Vardhman Acrylics,Vardhman Acrylics Ltd,,,,,,,,,,,,,,,,
40451,40451,804,Gaztransport & Technigaz SA,Gaztransport & Technigaz Sa,,,,,,,,,,,,,,,,
40479,40479,7442,Bakkavor Group Plc,Bakkavor Group plc,,,,,,,,,,,,,,,,
40488,40488,16782,Bomae,Bomax,,,,,,,,,,,,,,,,
40490,40490,18532,GOOD DAY CASES LTD,GOOD DAY COFFEE LTD,,,,,,,,,,,,,,,,
40504,40504,21392,Meridian Energy,Meridian Energy Limited,,,,,,,,,,,,,,,,
40520,40520,16035,Century Textiles And Industries,Century Textiles and Industries,,,,,,,,,,,,,,,,
40521,40521,11087,Karooooo Ltd,Karooooo Ltd.,,,,,,,,,,,,,,,,
40536,40536,16613,Tyman,Tyman plc,,,,,,,,,,,,,,,,
40538,40538,4454,Fujitsu General Ltd,Fujitsu Ltd,,,,,,,,,,,,,,,,
40546,40546,3230,Gujarat Fluorochemicals,Gujarat Fluorochemicals Limited,,,,,,,,,,,,,,,,
40549,40549,12988,Hyundai Elevator Co Ltd,Hyundai Elevator Co. Ltd,,,,,,,,,,,,,,,,
40555,40555,1552,Haldex,Haldex AB,,,,,,,,,,,,,,,,
40556,40556,23380,BEAUTY AND THE BEST LTD,BEAUTY AND THE BISTRO LIMITED,,,,,,,,,,,,,,,,
40558,40558,32484,Norwegian Cruise Line,Norwegian Cruise Line Holdings,,,,,,,,,,,,,,,,
40568,40568,35010,Türkiye Halk Bankasi A.S.,Türkiye Is Bankasi A.S.,,,,,,,,,,,,,,,,
40575,40575,699,Coles Group,Coles Group Limited,,,,,,,,,,,,,,,,
40588,40588,36594,Spirax-Sarco Engineering Plc,Spirax-Sarco Engineering plc,,,,,,,,,,,,,,,,
40594,40594,18456,U AND I (GOLF) LIMITED,U AND I (GVP) LIMITED,,,,,,,,,,,,,,,,
40595,40595,32618,West Fraser Timber,West Fraser Timber Co Ltd,,,,,,,,,,,,,,,,
40610,40610,12334,The Carlyle Group,The Carlyle Group Inc.,,,,,,,,,,,,,,,,
40611,40611,37646,Zehnder Group AG,Zehnder Group Ag,,,,,,,,,,,,,,,,
40613,40613,33903,BioMarin Pharmaceutical Inc,BioMarin Pharmaceutical Inc.,,,,,,,,,,,,,,,,
40620,40620,34561,Dream Unlimited,Dream Unlimited Corp.,,,,,,,,,,,,,,,,
40623,40623,4293,Jeronimo Martins SGPS SA,Jeronimo Martins Sgps,,,,,,,,,,,,,,,,
40630,40630,4595,Trend Micro Inc,Trend Micro Inc.,,,,,,,,,,,,,,,,
40635,40635,22270,Alcon Inc,Alcon Inc.,,,,,,,,,,,,,,,,
40640,40640,19972,Nihon Unisys,Nihon Unisys Ltd,,,,,,,,,,,,,,,,
40651,40651,3960,Compeq Manufacturing,Compeq Manufacturing Co Ltd,,,,,,,,,,,,,,,,
40654,40654,40005,Hindustan Construction Co Ltd,Hindustan Construction Company,,,,,,,,,,,,,,,,
40681,40681,8110,Haemonetics Corp,Haemonetics Corporation,,,,,,,,,,,,,,,,
40685,40685,24345,Central Depository Services,Central Depository Services (india) Limited,,,,,,,,,,,,,,,,
40689,40689,39028,Industries Qatar,Industries Spa,,,,,,,,,,,,,,,,
40721,40721,4986,Morinaga Milk Industry Co Ltd,Morinaga Milk Industry Co. Ltd,,,,,,,,,,,,,,,,
40726,40726,9212,Colgate Palmolive,Colgate-Palmolive,,,,,,,,,,,,,,,,
40735,40735,10929,Lao Feng Xiang,Lao Feng Xiang Co. Ltd,,,,,,,,,,,,,,,,
40754,40754,22098,ALL ABOUT THE NOW LIMITED,ALL ABOUT THE OFFICE LIMITED,,,,,,,,,,,,,,,,
40765,40765,5029,Southwest Airlines Co,Southwest Airlines Co.,,,,,,,,,,,,,,,,
40768,40768,17060,Shenzhou International Group Holdings,Shenzhou International Group Holdings Ltd,,,,,,,,,,,,,,,,
40776,40776,9387,BAE Systems Plc,BAE Systems plc,,,,,,,,,,,,,,,,
40799,40799,24042,Jiangsu King's Luck Brewery Joint-Stock Co. Ltd,Jiangsu King's Luck Brewery Joint-stock,,,,,,,,,,,,,,,,
40806,40806,28499,Herbal i,Herbalife,,,,,,,,,,,,,,,,
40809,40809,35609,Shapir Engineering And Industry Ltd,Shapir Engineering and Industry Ltd,,,,,,,,,,,,,,,,
40813,40813,19323,China National Software & Service Co Ltd,China National Software & Service Company,,,,,,,,,,,,,,,,
40821,40821,38193,BEAUTY BLENDS SKIN CARE LTD,BEAUTY BLESSED LTD,,,,,,,,,,,,,,,,
40840,40840,35035,Nishimatsu Construction,Nishimatsu Construction Co Ltd,,,,,,,,,,,,,,,,
40843,40843,27128,Sumitomo Chemical,Sumitomo Chemical Co Ltd,,,,,,,,,,,,,,,,
40845,40845,8682,Synovus Financial Corp,Synovus Financial Corp.,,,,,,,,,,,,,,,,
40847,40847,38613,Mercury NZ Limited,Mercury NZ Ltd,,,,,,,,,,,,,,,,
40862,40862,32948,Telenor,Telenor ASA,,,,,,,,,,,,,,,,
40867,40867,40095,Sosei Group Corp,Sosei Group Corporation,,,,,,,,,,,,,,,,
40870,40870,10439,Canon Marketing Japan,Canon Marketing Japan Inc,,,,,,,,,,,,,,,,
40892,40892,25714,Citic Heavy Industries,Citic Heavy Industries Co Ltd,,,,,,,,,,,,,,,,
40899,40899,18907,Huaneng Power International,Huaneng Power International Inc,,,,,,,,,,,,,,,,
40903,40903,18957,De'Longhi S.p.A.,De'Longhi SpA,,,,,,,,,,,,,,,,
40914,40914,35338,Befar Group,"Befar Group Co.,Ltd",,,,,,,,,,,,,,,,
40932,40932,9652,The Charles Schwab Corp,The Charles Schwab Corporation,,,,,,,,,,,,,,,,
40933,40933,37157,Isetan Mitsukoshi Holdings,Isetan Mitsukoshi Holdings Ltd,,,,,,,,,,,,,,,,
40935,40935,40250,Wuxi Lead Intelligent Equipment,"Wuxi Lead Intelligent Equipment CO.,LTD.",,,,,,,,,,,,,,,,
40953,40953,29238,Rudrabhishek Enterprises,Rudrabhishek Enterprises Ltd,,,,,,,,,,,,,,,,
40974,40974,11436,Horizon Therapeutics,Horizon Therapeutics Plc,,,,,,,,,,,,,,,,
40977,40977,1630,Huntsman,Huntsman Corp,,,,,,,,,,,,,,,,
40997,40997,24469,Forever Entertainment,Forever Entertainment SA,,,,,,,,,,,,,,,,
40999,40999,6548,Greggs Plc,Greggs plc,,,,,,,,,,,,,,,,
41004,41004,20044,Fast Retailing Co Ltd,Fast Retailing Co. Ltd,,,,,,,,,,,,,,,,
41028,41028,2367,Frontier Real Estate Investment Corp,Frontier Real Estate Investment Corporation,,,,,,,,,,,,,,,,
41035,41035,27630,ALL ABOUT THAI LTD,ALL ABOUT THAT CASE LTD,,,,,,,,,,,,,,,,
41036,41036,32468,Technology One,Technology One Limited,,,,,,,,,,,,,,,,
41038,41038,34153,BAD HABITS LONDON LTD,BAD HABITS LTD,,,,,,,,,,,,,,,,
41044,41044,27724,Nippon Kanzai,Nippon Kanzai Co. Ltd,,,,,,,,,,,,,,,,
41048,41048,415,QinetiQ Group plc,Qinetiq Group,,,,,,,,,,,,,,,,
41056,41056,36797,Kabel Deutschland Holding AG,Kabel Deutschland Holding Ag,,,,,,,,,,,,,,,,
41058,41058,4786,Keywords Studios,Keywords Studios plc,,,,,,,,,,,,,,,,
41088,41088,19102,ALL ABOUT CHEVRONS LIMITED,ALL ABOUT CHILDREN LIMITED,,,,,,,,,,,,,,,,
41092,41092,32936,Regional Container Lines Public Company,Regional Container Lines Public Company Limited,,,,,,,,,,,,,,,,
41093,41093,6386,Integra LifeSciences Holdings Corporation,Integra Lifesciences Holdings Corporation,,,,,,,,,,,,,,,,
41097,41097,37980,Net One Systems Co Ltd,Net One Systems Co. Ltd,,,,,,,,,,,,,,,,
41117,41117,28702,Xcel Energy,Xcel Energy Inc,,,,,,,,,,,,,,,,
41124,41124,30703,Bread Financial Holdings,Bread Financial Holdings Inc,,,,,,,,,,,,,,,,
41125,41125,31747,mixi Inc,"mixi, Inc.",,,,,,,,,,,,,,,,
41126,41126,38477,Legrand SA,Legrand Sa,,,,,,,,,,,,,,,,
41140,41140,28307,Assicurazioni Generali,Assicurazioni Generali SpA,,,,,,,,,,,,,,,,
41143,41143,37611,ION Acquisition Corp 1 Ltd.,ION Acquisition Corp 2 Ltd,,,,,,,,,,,,,,,,
41152,41152,39348,Sberbank Of Russia,Sberbank Rossii,,,,,,,,,,,,,,,,
41165,41165,36998,Morningstar,Morningstar Inc,,,,,,,,,,,,,,,,
41174,41174,23467,Meta Platforms,Meta Platforms (facebook),,,,,,,,,,,,,,,,
41175,41175,24043,Ems-Chemie Holding AG,Ems-chemie Holding Ag,,,,,,,,,,,,,,,,
41177,41177,12850,Exide Industries,Exide Industries Ltd,,,,,,,,,,,,,,,,
41202,41202,28946,Automatic Data Processing Inc,"Automatic Data Processing, Inc.",,,,,,,,,,,,,,,,
41209,41209,1841,New World Development Co Ltd,New World Development Company,,,,,,,,,,,,,,,,
41214,41214,19103,SOFTWARE EVERYTHING LIMITED,SOFTWARE EVOLUTION LIMITED,,,,,,,,,,,,,,,,
41217,41217,24232,Zhejiang Zheneng Electric Power CO Ltd,Zhejiang Zheneng Electric Power Co. Ltd,,,,,,,,,,,,,,,,
41225,41225,38652,Plus,Plus500,,,,,,,,,,,,,,,,
41226,41226,19037,Gaming & Leisure Properties Inc,Gaming And Leisure Properties,,,,,,,,,,,,,,,,
41247,41247,22645,Cousins Properties,Cousins Properties Incorporated,,,,,,,,,,,,,,,,
41265,41265,16333,BAD APPLE HAIR STAFFORD LIMITED,BAD APPLE HAIR STRATFORD LIMITED,,,,,,,,,,,,,,,,
41271,41271,6741,Yanlord Land Group,Yanlord Land Group Ltd,,,,,,,,,,,,,,,,
41283,41283,15564,Yangzhou Yangjie Electronic Technology,Yangzhou Yangjie Electronic Technology Co. Ltd,,,,,,,,,,,,,,,,
41293,41293,12477,Truist Financial Corp,Truist Financial Corporation,,,,,,,,,,,,,,,,
41295,41295,7375,Bulgarian Postbank,Bulgarian Posts,,,,,,,,,,,,,,,,
41300,41300,40852,GS Holdings,GS Holdings Corp,,,,,,,,,,,,,,,,
41325,41325,30405,Telefonica SA,Telefonica Sa,,,,,,,,,,,,,,,,
41326,41326,5993,BAD BOYS CHICKEN LTD,BAD BOYS CORNER UK LTD,,,,,,,,,,,,,,,,
41337,41337,38319,ALL ABOUT FLOWERS LTD,ALL ABOUT FLUFF LTD,,,,,,,,,,,,,,,,
41341,41341,11246,Marriott International,Marriott International Inc,,,,,,,,,,,,,,,,
41349,41349,38462,Iskenderun Demir ve Celik AS,Iskenderun Demir ve Çelik A.S.,,,,,,,,,,,,,,,,
41350,41350,9390,Banque Nationale de Belgique,Banque Nationale de Belgique SA,,,,,,,,,,,,,,,,
41352,41352,26110,Cenovus Energy Inc,Cenovus Energy Inc.,,,,,,,,,,,,,,,,
41364,41364,14578,Hamamatsu Photonics K.K.,Hamamatsu Photonics K.k,,,,,,,,,,,,,,,,
41366,41366,15310,11 bit studios,11 bit studios SA,,,,,,,,,,,,,,,,
41370,41370,18014,Bashneft,Bashneft PJSC,,,,,,,,,,,,,,,,
41386,41386,28113,Scania,Scania AB,,,,,,,,,,,,,,,,
41392,41392,24931,Hubei Feilihua Quartz Glass,"Hubei Feilihua Quartz Glass Co.,Ltd",,,,,,,,,,,,,,,,
41393,41393,27541,V ACCOUNTANTS LIMITED,V ACCOUNTING LTD,,,,,,,,,,,,,,,,
41397,41397,35945,Sinopec Kantons Holdings,Sinopec Kantons Holdings Ltd,,,,,,,,,,,,,,,,
41406,41406,28150,Thermador Groupe,Thermador Groupe Sa,,,,,,,,,,,,,,,,
41408,41408,27822,ASPEN INSURANCE UK LIMITED,ASPEN INSURANCE UK SERVICES LIMITED,,,,,,,,,,,,,,,,
41412,41412,26996,Star Stallion,Star Stone,,,,,,,,,,,,,,,,
41420,41420,16863,BuyingPeers,Buyingpeers,,,,,,,,,,,,,,,,
41442,41442,10805,Nanofilm Technologies International,Nanofilm Technologies International Limited,,,,,,,,,,,,,,,,
41445,41445,25107,Synopsys,Synopsys Inc,,,,,,,,,,,,,,,,
41446,41446,2445,Cnh Industrial,Cnh Industrial Italia Spa,,,,,,,,,,,,,,,,
41456,41456,7314,Capital Power Corp,Capital Power Corporation,,,,,,,,,,,,,,,,
41465,41465,1142,Japan Excellent,"Japan Excellent, Inc.",,,,,,,,,,,,,,,,
41468,41468,20719,Monolithic Power Systems,Monolithic Power Systems Inc,,,,,,,,,,,,,,,,
41470,41470,22425,Scandic Hotels,Scandic Hotels Group AB,,,,,,,,,,,,,,,,
41471,41471,35060,Union Bank Of Taiwan,Union Bank of India,,,,,,,,,,,,,,,,
41499,41499,35445,Jarir Marketing Co,Jarir Marketing Company,,,,,,,,,,,,,,,,
41505,41505,4237,Towngas China Company,Towngas China Company Ltd,,,,,,,,,,,,,,,,
41508,41508,5891,Shriram Chits,Shriram City,,,,,,,,,,,,,,,,
41511,41511,6602,Avis Budget Group Inc,"Avis Budget Group, Inc.",,,,,,,,,,,,,,,,
41520,41520,20407,Nova Ljubljanska Banka D.d,Nova Ljubljanska banka dd,,,,,,,,,,,,,,,,
41536,41536,26731,Qisda Corp,Qisda Corporation,,,,,,,,,,,,,,,,
41553,41553,35715,Guangzhou Baiyun International Airport,Guangzhou Baiyun International Airport Co. Ltd,,,,,,,,,,,,,,,,
41591,41591,14069,Suzhou Maxwell Technologies,Suzhou Maxwell Technologies Co. Ltd,,,,,,,,,,,,,,,,
41595,41595,31519,Covestro,Covestro AG,,,,,,,,,,,,,,,,
41597,41597,5005,Thunder Software Technology,"Thunder Software Technology Co.,Ltd.",,,,,,,,,,,,,,,,
41621,41621,8976,Standal,Standard,,,,,,,,,,,,,,,,
41633,41633,15486,Tenet Healthcare Corp,Tenet Healthcare Corporation,,,,,,,,,,,,,,,,
41674,41674,2322,Finnair,Finnair Oyj,,,,,,,,,,,,,,,,
41680,41680,21560,Ameriprise Financial,Ameriprise Financial Inc,,,,,,,,,,,,,,,,
41694,41694,23594,Hangzhou First Applied Material,Hangzhou First Applied Material Co Ltd,,,,,,,,,,,,,,,,
41708,41708,25623,NVR Inc,"NVR, Inc.",,,,,,,,,,,,,,,,
41711,41711,37220,SOFTWARE SOLUTIONS (WARWICK) LTD,SOFTWARE SOLUTIONS AI LIMITED,,,,,,,,,,,,,,,,
41715,41715,14461,SABIC Agri-Nutrients Co,SABIC Agri-Nutrients Company,,,,,,,,,,,,,,,,
41753,41753,17215,China Conch Venture Holdings,China Conch Venture Holdings Ltd,,,,,,,,,,,,,,,,
41756,41756,40384,SOFTWARE CONSULTANTS (TETBURY) LIMITED,SOFTWARE CONSULTANTS PRIVATE LIMITED,,,,,,,,,,,,,,,,
41762,41762,37727,Sotetsu Holdings Inc,"Sotetsu Holdings, Inc.",,,,,,,,,,,,,,,,
41765,41765,1791,Antong Holdings,Antong Holdings Co. Ltd,,,,,,,,,,,,,,,,
41772,41772,24393,Luxin Venture Capital Group,Luxin Venture Capital Group Co. Ltd,,,,,,,,,,,,,,,,
41789,41789,77,Idemitsu Kosan,Idemitsu Kosan Co Ltd,,,,,,,,,,,,,,,,
41802,41802,40531,Sabuy Technology Public Company Limited,Sabuy Technology Public Company Ltd,,,,,,,,,,,,,,,,
41803,41803,29533,Kimberly-Clark de Mexico SAB de CV,"Kimberly-Clark de México, S. A. B. de C. V.",,,,,,,,,,,,,,,,
41818,41818,16586,TPG Telecom Limited,TPG Telecom Ltd,,,,,,,,,,,,,,,,
41820,41820,12398,Paychex,Paychex Inc,,,,,,,,,,,,,,,,
41852,41852,39090,Mid-America Apartment Communities Inc,"Mid-America Apartment Communities, Inc.",,,,,,,,,,,,,,,,
41857,41857,7361,Wells Fargo & Co,Wells Fargo & Company,,,,,,,,,,,,,,,,
41860,41860,17197,Lookers Plc,Lookers plc,,,,,,,,,,,,,,,,
41870,41870,36726,Fuji Media Holdings Inc,"Fuji Media Holdings, Inc.",,,,,,,,,,,,,,,,
41878,41878,10632,Ecolab Inc,Ecolab Inc.,,,,,,,,,,,,,,,,
41884,41884,7984,ALL ABOUT ROOFING LIMITED,ALL ABOUT ROOFING SERVICES LIMITED,,,,,,,,,,,,,,,,
41885,41885,38906,Dongfang Electric Corporation,Dongfang Electric Corporation Ltd,,,,,,,,,,,,,,,,
41886,41886,30742,El Puerto De Liverpool,El Puerto de Liverpool SAB de CV,,,,,,,,,,,,,,,,
41891,41891,22430,BAD WOLF (ADOW) LTD,BAD WOLF (ADOW2) LIMITED,,,,,,,,,,,,,,,,
41918,41918,13057,Guangzhou Kingmed Diagnostics Group Co Ltd,Guangzhou Kingmed Diagnostics Group Co. Ltd,,,,,,,,,,,,,,,,
41922,41922,15509,Sligro Food Group N.V.,Sligro Food Group NV,,,,,,,,,,,,,,,,
41933,41933,26845,Danske Bank A-S,Danske Bank A/s,,,,,,,,,,,,,,,,
41956,41956,23504,Bittium,Bittium Oyj,,,,,,,,,,,,,,,,
41962,41962,33319,V & S (NO 15) LIMITED,V & S (NO 8) LIMITED,,,,,,,,,,,,,,,,
41970,41970,15346,Sekisui House Reit,"Sekisui House Reit, Inc.",,,,,,,,,,,,,,,,
41996,41996,1225,Public Joint-Stock Company Rusgrain Holding,Public Joint-Stock Company Seligdar,,,,,,,,,,,,,,,,
42001,42001,28726,Mitsubishi UFJ Financial,Mitsubishi UFJ Financial Group Inc,,,,,,,,,,,,,,,,
42009,42009,7254,Pt Indofood Cbp Sukses Makmur Tbk,Pt Indofood Sukses Makmur Tbk,,,,,,,,,,,,,,,,
42019,42019,39131,Zhong Yang Technology,Zhong Yang Technology Co. Ltd,,,,,,,,,,,,,,,,
42028,42028,10138,JPMorgan Chase,JPMorgan Chase & Co,,,,,,,,,,,,,,,,
42033,42033,23997,Nippon Shinyaku,Nippon Shinyaku Co Ltd,,,,,,,,,,,,,,,,
42042,42042,41876,GlobalData,GlobalData plc,,,,,,,,,,,,,,,,
42044,42044,12905,Tor.Mec Ambrosi,TorMec Ambrosi,,,,,,,,,,,,,,,,
42056,42056,16772,First Sponsor Group,First Sponsor Group Limited,,,,,,,,,,,,,,,,
42059,42059,6319,Companhiade Eletricidade Do Estado Da Bahia - Coelba,Companhiade Eletricidade do Estado da Bahia - COELBA,,,,,,,,,,,,,,,,
42063,42063,26211,Bankinter,Bankinter SA,,,,,,,,,,,,,,,,
42069,42069,2994,Inmobiliaria Colonial,Inmobiliaria Colonial Socimi,,,,,,,,,,,,,,,,
42072,42072,10250,GOOD CLEAN FUN LTD,GOOD CLEAN LTD,,,,,,,,,,,,,,,,
42076,42076,28071,Blue Prism Group,Blue Prism Group plc,,,,,,,,,,,,,,,,
42080,42080,28042,Vodafone Group,Vodafone Group Plc,,,,,,,,,,,,,,,,
42097,42097,20194,Canadian Pacific Railway,Canadian Pacific Railway Careers,,,,,,,,,,,,,,,,
42100,42100,16751,Volati AB,Volati Ab,,,,,,,,,,,,,,,,
42103,42103,11513,Shin Kong Financial Holding Co Ltd,Shin Kong Financial Holding Co. Ltd,,,,,,,,,,,,,,,,
42113,42113,4137,SOFTWARE DESIGN & BUILD LIMITED,SOFTWARE DESIGN & CONSULTING LIMITED,,,,,,,,,,,,,,,,
42118,42118,27434,Corem Property Group AB,Corem Property Group Ab (publ),,,,,,,,,,,,,,,,
42119,42119,16590,Amplifon S.p.A.,Amplifon SpA,,,,,,,,,,,,,,,,
42121,42121,18267,Spin Master Corp,Spin Master Corp.,,,,,,,,,,,,,,,,
42124,42124,36694,Singapore Post Limited,Singapore Post Ltd,,,,,,,,,,,,,,,,
42129,42129,16330,Pets at Home Group Plc,Pets at Home Group plc,,,,,,,,,,,,,,,,
42134,42134,22316,Montage Technology Co. Ltd,Montage Technology Group,,,,,,,,,,,,,,,,
42139,42139,29186,Izertis,Izertis SA,,,,,,,,,,,,,,,,
42141,42141,30460,Q CONTRACTORS LTD,Q CONTRACTS LTD,,,,,,,,,,,,,,,,
42142,42142,3012,Cubic Corp,Cubic Corporation,,,,,,,,,,,,,,,,
42163,42163,26060,China Development Financial,China Development Financial Holding Corp,,,,,,,,,,,,,,,,
42182,42182,4677,Adeka Corp,Adeka Corporation,,,,,,,,,,,,,,,,
42200,42200,21078,GIORGIO ARMANI RETAIL SRL,GIORGIO ARMANI SPA,,,,,,,,,,,,,,,,
42213,42213,13401,Champion Iron Limited,Champion Iron Ltd,,,,,,,,,,,,,,,,
42230,42230,5023,Broadcom,Broadcom Inc,,,,,,,,,,,,,,,,
42245,42245,1396,China Cinda Asset Management,China Cinda Asset Management Co Ltd,,,,,,,,,,,,,,,,
42247,42247,30386,Cerved Group,Cerved Group S.p.A.,,,,,,,,,,,,,,,,
42255,42255,20145,BEAUTY AESTHETIC LOUNGE LIMITED,BEAUTY AESTHETIC LOUNGE LTD,,,,,,,,,,,,,,,,
42261,42261,2831,Nippon Paper Industries Co Ltd,Nippon Paper Industries Co. Ltd,,,,,,,,,,,,,,,,
42267,42267,22437,Aeon Hokkaido Corp,Aeon Hokkaido Corporation,,,,,,,,,,,,,,,,
42268,42268,25965,H & A PARTNERS LTD,H & A PATISSERIE LTD,,,,,,,,,,,,,,,,
42270,42270,37467,Kongsberg Gruppen ASA,Kongsberg Gruppen Asa,,,,,,,,,,,,,,,,
42280,42280,16801,Aspen Technology,Aspen Technology Careers,,,,,,,,,,,,,,,,
42284,42284,2492,ALL ABOUT DOODLES LIMITED,ALL ABOUT DOORS LIMITED,,,,,,,,,,,,,,,,
42302,42302,26053,Government of Gujarat,Government of Haryana,,,,,,,,,,,,,,,,
42307,42307,35160,Kuaishou Technolocy,Kuaishou Technology,,,,,,,,,,,,,,,,
42321,42321,14445,GOOD BUSINESS INITIATIVE LIMITED,GOOD BUSINESS LIMITED,,,,,,,,,,,,,,,,
42338,42338,39355,FirstGroup Plc,FirstGroup plc,,,,,,,,,,,,,,,,
42348,42348,39640,Gelsenwasser AG,Gelsenwasser Ag,,,,,,,,,,,,,,,,
42350,42350,38177,BAD BEE LTD,BAD BEES LTD,,,,,,,,,,,,,,,,
42376,42376,5131,Maple Leaf Foods Inc,Maple Leaf Foods Inc.,,,,,,,,,,,,,,,,
42377,42377,18846,Rentokil Initial,Rentokil Initial plc,,,,,,,,,,,,,,,,
42383,42383,37215,NEW ACCRUAL LIMITED,NEW ACE LIMITED,,,,,,,,,,,,,,,,
42384,42384,2279,Marssenger Kitchenware Co. Ltd,"Marssenger Kitchenware Co., Ltd.",,,,,,,,,,,,,,,,
42389,42389,5864,Thermo Fisher Scientific,Thermo Fisher Scientific Inc,,,,,,,,,,,,,,,,
42391,42391,19561,Wacker Chemie AG,Wacker Chemie Ag,,,,,,,,,,,,,,,,
42399,42399,7556,Fuji Oil Holdings Inc,"Fuji Oil Holdings, Inc.",,,,,,,,,,,,,,,,
42406,42406,36943,Prudential Plc,Prudential plc,,,,,,,,,,,,,,,,
42416,42416,25932,Lintec Corp,Lintec Corporation,,,,,,,,,,,,,,,,
42436,42436,35622,Hainan Airlines Co Ltd,Hainan Airlines Holding,,,,,,,,,,,,,,,,
42437,42437,26868,Prosegur Compania De Seguridad,Prosegur Compania De Seguridad SA,,,,,,,,,,,,,,,,
42457,42457,24030,GameStop Corp,GameStop Corp.,,,,,,,,,,,,,,,,
42458,42458,14150,Nippon Paint,Nippon Paint Holdings,,,,,,,,,,,,,,,,
42463,42463,28754,Masco Corp,Masco Corporation,,,,,,,,,,,,,,,,
42465,42465,15993,Givaudan,Givaudan SA,,,,,,,,,,,,,,,,
42466,42466,28963,China Traditional Chinese Medicine Holdings,China Traditional Chinese Medicine Holdings Co Ltd,,,,,,,,,,,,,,,,
42469,42469,1683,Ajinomoto Co Inc,"Ajinomoto Co., Inc.",,,,,,,,,,,,,,,,
42471,42471,13896,Beijing Tiantan Biological Products,Beijing Tiantan Biological Products Co. Ltd,,,,,,,,,,,,,,,,
42494,42494,5125,Samsung Electro-mechanics,Samsung Electronics,,,,,,,,,,,,,,,,
42497,42497,19708,Oneness Biotech,Oneness Biotech Co. Ltd,,,,,,,,,,,,,,,,
42502,42502,13007,Vir Biotechnology,Vir Biotechnology Inc,,,,,,,,,,,,,,,,
42508,42508,11660,Tangshan Sanyou Chemical Industries,"Tangshan Sanyou Chemical Industries Co.,Ltd",,,,,,,,,,,,,,,,
42511,42511,25460,Forbo Holding AG,Forbo Holding Ag,,,,,,,,,,,,,,,,
42519,42519,18281,Rostelecom,Rostelecom PJSC,,,,,,,,,,,,,,,,
42530,42530,18641,Fincantieri S.p.a.,Fincantieri SpA,,,,,,,,,,,,,,,,
42542,42542,15413,Alps Alpine,Alps Alpine Co Ltd,,,,,,,,,,,,,,,,
42544,42544,14484,Canadian National Railway,Canadian National Railway Co,,,,,,,,,,,,,,,,
42545,42545,170,"WASTE MANAGEMENT OF ILLINOIS, INC.","WASTE MANAGEMENT, INC.",,,,,,,,,,,,,,,,
42567,42567,12539,Komercni Banka,Komercni banka as,,,,,,,,,,,,,,,,
42568,42568,12268,Weis Markets,Weis Markets Inc,,,,,,,,,,,,,,,,
42585,42585,34895,Cintan,Cintas,,,,,,,,,,,,,,,,
42588,42588,2629,Kawasaki Heavy Industries,Kawasaki Heavy Industries Ltd,,,,,,,,,,,,,,,,
42597,42597,36119,Jiangsu Linyang Energy,Jiangsu Linyang Energy Co. Ltd,,,,,,,,,,,,,,,,
42598,42598,33805,DISH Network Corp,DISH Network Corporation,,,,,,,,,,,,,,,,
42601,42601,5368,Bandai Namco Holdings Inc,"Bandai Namco Holdings, Inc.",,,,,,,,,,,,,,,,
42604,42604,42232,Young & Co's Brewery,"Young & Co.'s Brewery, plc",,,,,,,,,,,,,,,,
42623,42623,33562,Union Electric Co.,Union Electric Company,,,,,,,,,,,,,,,,
42625,42625,30678,Bancolombia,Bancolombia SA,,,,,,,,,,,,,,,,
42632,42632,3022,Unity Infraprojects,Unity Infraprojects Ltd,,,,,,,,,,,,,,,,
42634,42634,24253,MERCI MAMAN HOLDING LIMITED,MERCI MAMAN LIMITED,,,,,,,,,,,,,,,,
42653,42653,6170,ALL ABOUT SPORT LIMITED,ALL ABOUT SPORTS EVENTS LTD,,,,,,,,,,,,,,,,
42658,42658,36960,Brilliance China Automotive Holdings,Brilliance China Automotive Holdings Ltd,,,,,,,,,,,,,,,,
42662,42662,32246,Aritzia Inc,Aritzia Inc.,,,,,,,,,,,,,,,,
42664,42664,29987,BEAUTY BOUND LTD,BEAUTY BOUNTY LIMITED,,,,,,,,,,,,,,,,
42666,42666,42229,Despegar.com,"Despegar.com, Corp.",,,,,,,,,,,,,,,,
42674,42674,7583,Burberry,Burberry Group,,,,,,,,,,,,,,,,
42682,42682,3883,Darktrace Plc,Darktrace plc,,,,,,,,,,,,,,,,
42703,42703,28157,Marubeni,Marubeni Corp,,,,,,,,,,,,,,,,
42719,42719,39124,Qingdao TGOOD Electric Co Ltd,Qingdao TGOOD Electric Co. Ltd,,,,,,,,,,,,,,,,
42722,42722,23621,Guardant Health,"Guardant Health, Inc.",,,,,,,,,,,,,,,,
42724,42724,25006,Nomura Holdings,Nomura Holdings Inc,,,,,,,,,,,,,,,,
42727,42727,21322,Zhejiang Weiming Environment Protection,Zhejiang Weiming Environment Protection Co. Ltd,,,,,,,,,,,,,,,,
42733,42733,6444,The Art of Living,The Art of Living Careers,,,,,,,,,,,,,,,,
42782,42782,33435,Severn Trent,Severn Trent Plc,,,,,,,,,,,,,,,,
42791,42791,26111,China Resources Power Holdings Co Ltd,China Resources Power Holdings Company,,,,,,,,,,,,,,,,
42797,42797,21275,Zhejiang Huayou Cobalt Co Ltd,Zhejiang Huayou Cobalt Co. Ltd,,,,,,,,,,,,,,,,
42805,42805,3896,FOOD ASIA GROUP LIMITED,FOOD ASIA LTD,,,,,,,,,,,,,,,,
42813,42813,35421,Samsung Engineering,Samsung Engineering Co Ltd,,,,,,,,,,,,,,,,
42815,42815,19032,Union Pacific Corp,Union Pacific Corporation,,,,,,,,,,,,,,,,
42816,42816,30780,Aavas Financiers,Aavas Financiers Limited,,,,,,,,,,,,,,,,
42822,42822,34021,Guangzhou Baiyunshan Pharmaceutical Holdings Company,Guangzhou Baiyunshan Pharmaceutical Holdings Company Ltd,,,,,,,,,,,,,,,,
42827,42827,33872,Quest Diagnostics Inc,Quest Diagnostics Incorporated,,,,,,,,,,,,,,,,
42840,42840,35430,Brookfield Asset Management Inc.,Brookfield Asset Management Reinsurance Partners Ltd.,,,,,,,,,,,,,,,,
42842,42842,10988,Hankyu Hanshin Holdings,Hankyu Hanshin Holdings Inc,,,,,,,,,,,,,,,,
42844,42844,8401,Ceres Power Holdings,Ceres Power Holdings plc,,,,,,,,,,,,,,,,
42846,42846,29581,Sherwin-Williams Co,Sherwin-williams Company,,,,,,,,,,,,,,,,
42853,42853,10827,Credit Acceptance Corp,Credit Acceptance Corporation,,,,,,,,,,,,,,,,
42854,42854,9072,Mizuho Financial Group,Mizuho Financial Group Inc,,,,,,,,,,,,,,,,
42857,42857,30650,Sterlite Technologies,Sterlite Technologies Limited,,,,,,,,,,,,,,,,
42864,42864,24712,Silergy,Silergy Corp,,,,,,,,,,,,,,,,
42867,42867,13548,BEAUTY & CARE LIMITED,BEAUTY & CARE SERVICES LIMITED,,,,,,,,,,,,,,,,
42879,42879,29220,Banco de Credito del Peru SA,Banco de Credito e Inversiones SA,,,,,,,,,,,,,,,,
42880,42880,41756,SOFTWARE CONSULTANT LTD,SOFTWARE CONSULTANTS (TETBURY) LIMITED,,,,,,,,,,,,,,,,
42897,42897,2694,James Halstead,James Halstead plc,,,,,,,,,,,,,,,,
42918,42918,20569,Emmi AG,Emmi Ag,,,,,,,,,,,,,,,,
42920,42920,10521,Amdocs Limited,Amdocs Ltd,,,,,,,,,,,,,,,,
42929,42929,20421,Zhaojin Mining Industry Co Ltd,Zhaojin Mining Industry Company,,,,,,,,,,,,,,,,
42934,42934,12742,ALL ABOUT CASHMERE LIMITED,ALL ABOUT CATERING LIMITED,,,,,,,,,,,,,,,,
42965,42965,2677,Jardine Matheson,Jardine Matheson Holdings,,,,,,,,,,,,,,,,
42968,42968,25092,SB Supply,SB Supply Europe,,,,,,,,,,,,,,,,
42973,42973,30115,Concordia Financial Group,Concordia Financial Group Ltd,,,,,,,,,,,,,,,,
42976,42976,10000,ALL ABOUT LOFTS LIMITED,ALL ABOUT LOGISTICS LTD,,,,,,,,,,,,,,,,
42999,42999,15414,China Eastern Airlines Corporation,China Eastern Airlines Corporation Limited,,,,,,,,,,,,,,,,
43011,43011,33003,China First Heavy Industries,China First Heavy Industries (Group) Co Ltd,,,,,,,,,,,,,,,,
43022,43022,15498,P A MECHANICAL LIMITED,P A MICHEL LIMITED,,,,,,,,,,,,,,,,
43026,43026,25647,Dr. Reddy's Laboratories,Dr. Reddy's Laboratories Limited,,,,,,,,,,,,,,,,
43041,43041,40224,Shennan Circuit Company,Shennan Circuits Co Ltd,,,,,,,,,,,,,,,,
43053,43053,18533,Guineys,Guinness,,,,,,,,,,,,,,,,
43056,43056,41786,Vitro SAB de CV,"Vitro, S.A.B. de C.V.",,,,,,,,,,,,,,,,
43075,43075,22456,Xinjiang Yilite Industry,"Xinjiang Yilite Industry Co.,Ltd",,,,,,,,,,,,,,,,
43083,43083,32214,Tourmaline Oil,Tourmaline Oil Corp,,,,,,,,,,,,,,,,
43085,43085,23191,Hormel Foods Corp,Hormel Foods Corporation,,,,,,,,,,,,,,,,
43094,43094,1184,First Citizens BancShares Inc,"First Citizens BancShares, Inc.",,,,,,,,,,,,,,,,
43104,43104,15051,Compass Group,Compass Group Careers,,,,,,,,,,,,,,,,
43110,43110,35355,Ferrovial SA,"Ferrovial, SA",,,,,,,,,,,,,,,,
43115,43115,3732,AEM Holdings,AEM Holdings Ltd,,,,,,,,,,,,,,,,
43119,43119,34272,Biohaven Pharmaceutical Holding Company,Biohaven Pharmaceutical Holding Company Ltd.,,,,,,,,,,,,,,,,
43127,43127,21667,Norfolk Southern Corp,Norfolk Southern Corporation,,,,,,,,,,,,,,,,
43152,43152,34646,Kunlun Energy Company,Kunlun Energy Company Ltd,,,,,,,,,,,,,,,,
43169,43169,10368,Hellofresh,Hellofresh Se,,,,,,,,,,,,,,,,
43179,43179,33945,Saudi Airlines Catering,Saudi Airlines Catering Company,,,,,,,,,,,,,,,,
43190,43190,10570,Pentair,Pentair Plc,,,,,,,,,,,,,,,,
43194,43194,14039,Sumitomo Mitsui Trust,Sumitomo Mitsui Trust Holdings,,,,,,,,,,,,,,,,
43195,43195,12668,Mapfre SA,"Mapfre, SA",,,,,,,,,,,,,,,,
43196,43196,37628,Croda International Plc,Croda International plc,,,,,,,,,,,,,,,,
43197,43197,39557,BEAUTY AT NO. 6 LTD,BEAUTY AT NO.25 LTD.,,,,,,,,,,,,,,,,
43201,43201,9946,Workday Inc,"Workday, Inc.",,,,,,,,,,,,,,,,
43204,43204,38130,Sonder,SonderMind,,,,,,,,,,,,,,,,
43210,43210,12457,Shanghai Jin Jiang Capital Company,Shanghai Jin Jiang Capital Company Ltd,,,,,,,,,,,,,,,,
43213,43213,16433,Elia Group SA,Elia Group SA/NV,,,,,,,,,,,,,,,,
43216,43216,15134,China Foods,China Foods Ltd,,,,,,,,,,,,,,,,
43222,43222,31275,Origin Energy,Origin Energy Limited,,,,,,,,,,,,,,,,
43225,43225,29798,United States Steel Corp,United States Steel Corporation,,,,,,,,,,,,,,,,
43226,43226,28584,Telefonica Brasil,Telefonica Brasil SA,,,,,,,,,,,,,,,,
43230,43230,42791,China Resources Power,China Resources Power Holdings Co Ltd,,,,,,,,,,,,,,,,
43250,43250,4721,SBM Offshore N.V.,SBM Offshore NV,,,,,,,,,,,,,,,,
43262,43262,20244,The PNC Financial Services Group Inc,"The PNC Financial Services Group, Inc.",,,,,,,,,,,,,,,,
43273,43273,17869,Tuya Inc.,"Tuya, Inc.",,,,,,,,,,,,,,,,
43288,43288,3284,Guangzhou Automobile Group,Guangzhou Automobile Group Co Ltd,,,,,,,,,,,,,,,,
43304,43304,9822,Orient Overseas (International) Ltd,Orient Overseas (international),,,,,,,,,,,,,,,,
43306,43306,5614,Norma Group SE,Norma Group Se,,,,,,,,,,,,,,,,
43321,43321,10084,Weifu High-Technology Group Co Ltd,Weifu High-technology Group,,,,,,,,,,,,,,,,
43339,43339,23981,Calbee Inc,"Calbee, Inc.",,,,,,,,,,,,,,,,
43342,43342,18607,Pan Pacific International Holdings,Pan Pacific International Holdings Corp,,,,,,,,,,,,,,,,
43356,43356,38181,Chunghwa Telecom (CHT),Chunghwa Telecom Co Ltd,,,,,,,,,,,,,,,,
43377,43377,12052,Digital Realty Careers,Digital Realty Trust,,,,,,,,,,,,,,,,
43383,43383,34402,Tecan Group,Tecan Group Ltd,,,,,,,,,,,,,,,,
43389,43389,38005,JOYY Inc,JOYY Inc.,,,,,,,,,,,,,,,,
43391,43391,2199,SEI Investments Co,SEI Investments Company,,,,,,,,,,,,,,,,
43395,43395,33882,Daiwabo Holdings Co Ltd,Daiwabo Holdings Co. Ltd,,,,,,,,,,,,,,,,
43436,43436,29191,DoorDash Inc,"DoorDash, Inc.",,,,,,,,,,,,,,,,
43443,43443,29234,Global Unichip,Global Unichip Corp,,,,,,,,,,,,,,,,
43448,43448,2569,Diasorin,Diasorin Spa,,,,,,,,,,,,,,,,
43463,43463,38263,Smurfit Kappa Group,Smurfit Kappa Group Plc,,,,,,,,,,,,,,,,
43500,43500,31013,Qurate Retail Group,Qurate Retail Inc,,,,,,,,,,,,,,,,
43507,43507,10527,BEAUTY AT PERFECTIONS LTD,BEAUTY AT TANNERS LTD,,,,,,,,,,,,,,,,
43509,43509,20835,Fattal Holdings,Fattal Holdings (1998) Ltd,,,,,,,,,,,,,,,,
43520,43520,22545,Catalent Inc,"Catalent, Inc.",,,,,,,,,,,,,,,,
43523,43523,11234,Klockner & Co SE,Klockner & Co Se,,,,,,,,,,,,,,,,
43528,43528,21516,AviChina Industry & Technology Co Ltd,AviChina Industry & Technology Company Ltd.,,,,,,,,,,,,,,,,
43530,43530,29741,Erste Group Bank,Erste Group Bank AG,,,,,,,,,,,,,,,,
43531,43531,32994,Pegasystems,Pegasystems Inc,,,,,,,,,,,,,,,,
43541,43541,24910,Unicaja Banco SA,"Unicaja Banco, SA",,,,,,,,,,,,,,,,
43548,43548,27890,Universal Corp,Universal Corporation,,,,,,,,,,,,,,,,
43565,43565,29180,Daiichi Sankyo Co Ltd,Daiichi Sankyo Company,,,,,,,,,,,,,,,,
43580,43580,36970,Cheniere Energy,Cheniere Energy Inc,,,,,,,,,,,,,,,,
43581,43581,9480,Red Avenue New Materials Group,Red Avenue New Materials Group Co. Ltd,,,,,,,,,,,,,,,,
43590,43590,24448,Info Edge (india),Info Edge India,,,,,,,,,,,,,,,,
43601,43601,36735,NEW AGE DEVELOPERS (LOTHIAN) LIMITED,NEW AGE DEVELOPERS LIMITED,,,,,,,,,,,,,,,,
43602,43602,39008,China Galaxy Securities,China Galaxy Securities Co Ltd,,,,,,,,,,,,,,,,
43635,43635,24213,BEAUTY AND SERENITY LTD,BEAUTY AND SKIN LTD,,,,,,,,,,,,,,,,
43638,43638,4102,Asset World Corp Public Company,Asset World Corp Public Company Ltd,,,,,,,,,,,,,,,,
43649,43649,37023,Ally Financial,Ally Financial Careers,,,,,,,,,,,,,,,,
43662,43662,30657,SOFTWARE ENGINEERING LIMITED,SOFTWARE ENGINEERING LOGIC LTD,,,,,,,,,,,,,,,,
43667,43667,26872,Haier Smart Home,Haier Smart Home Co Ltd,,,,,,,,,,,,,,,,
43668,43668,33731,North Navigation Control Technology,North Navigation Control Technology Co. Ltd,,,,,,,,,,,,,,,,
43670,43670,3010,Energean Plc,Energean plc,,,,,,,,,,,,,,,,
43681,43681,24305,Sichuan Changhong Electric,Sichuan Changhong Electric Co Ltd,,,,,,,,,,,,,,,,
43709,43709,40114,J.B. Hunt Transport Services,J.B. Hunt Transport Services Inc,,,,,,,,,,,,,,,,
43719,43719,31471,Q DENTAL CARE LIMITED,Q DENTAL PRACTICES LIMITED,,,,,,,,,,,,,,,,
43736,43736,7798,Telia Company,Telia Company AB,,,,,,,,,,,,,,,,
43741,43741,1608,Zydus Lifesciences Limited,Zydus Lifesciences Ltd,,,,,,,,,,,,,,,,
43747,43747,35419,D.R. Horton Inc,"D.R. Horton, Inc.",,,,,,,,,,,,,,,,
43751,43751,37527,ISS A-S,ISS A/S,,,,,,,,,,,,,,,,
43752,43752,14101,Wallenius Wilhelmsen ASA,Wallenius Wilhelmsen Asa,,,,,,,,,,,,,,,,
43772,43772,19247,KPIT Technologies,KPIT Technologies Ltd,,,,,,,,,,,,,,,,
43776,43776,15761,V & L CONSTRUCTION LTD,V & L CONSULTING LTD,,,,,,,,,,,,,,,,
43791,43791,23521,Maccura Biotechnology Co.Ltd,Maccura Biotechnology Co.ltd,,,,,,,,,,,,,,,,
43793,43793,32007,Maxim Integrated Products Inc,"Maxim Integrated Products, Inc.",,,,,,,,,,,,,,,,
43804,43804,3412,Comforia Residential,"Comforia Residential REIT, Inc.",,,,,,,,,,,,,,,,
43810,43810,15115,Elecnor,Elecnor SA,,,,,,,,,,,,,,,,
43825,43825,32085,SITC International Holdings,SITC International Holdings Co Ltd,,,,,,,,,,,,,,,,
43826,43826,22804,Faurecia S.e,Faurecia SA,,,,,,,,,,,,,,,,
43827,43827,1377,World Class Services,World Fuel Services,,,,,,,,,,,,,,,,
43836,43836,1884,Hyundai Engineering & Construction,Hyundai Engineering & Construction Co Ltd,,,,,,,,,,,,,,,,
43845,43845,29764,Alexion Pharmaceuticals,Alexion Pharmaceuticals Inc,,,,,,,,,,,,,,,,
43847,43847,16949,Asbury Automotive Group,Asbury Automotive Group Inc,,,,,,,,,,,,,,,,
43868,43868,20267,Topco Scientific,"Topco Scientific Co.,Ltd.",,,,,,,,,,,,,,,,
43870,43870,43831,Amphenol Corp,Amphenol Corporation,,,,,,,,,,,,,,,,
43898,43898,11890,Donaldson Company,"Donaldson Company, Inc.",,,,,,,,,,,,,,,,
43905,43905,39316,Unity Software,Unity Software Inc.,,,,,,,,,,,,,,,,
43931,43931,30395,Beijing Originwater Technology,Beijing Originwater Technology Co Ltd,,,,,,,,,,,,,,,,
43941,43941,18004,Premier Investments Limited,Premier Investments Ltd,,,,,,,,,,,,,,,,
43948,43948,23767,BIM Birlesik Magazalar A.S.,BIM Birlesik Magazalar AS,,,,,,,,,,,,,,,,
43949,43949,43129,Century Pacific Food,Century Pacific Food Inc,,,,,,,,,,,,,,,,
43950,43950,28081,Neoen,Neoen SA,,,,,,,,,,,,,,,,
43967,43967,8131,Siemens Healthineers AG,Siemens Healthineers Ag,,,,,,,,,,,,,,,,
43975,43975,15870,Janus Henderson Group Plc,Janus Henderson Group plc,,,,,,,,,,,,,,,,
43976,43976,12182,Inner Mongolia Yitai Coal Co Ltd,"Inner Mongolia Yitai Coal Co.,Ltd.",,,,,,,,,,,,,,,,
43983,43983,23880,Japan Airlines (JAL),Japan Airlines Co Ltd,,,,,,,,,,,,,,,,
43985,43985,21641,Formosa Taffeta Co Ltd,Formosa Taffeta Co. Ltd,,,,,,,,,,,,,,,,
43990,43990,23083,Illinois Tool Works Inc,Illinois Tool Works Inc.,,,,,,,,,,,,,,,,
44017,44017,9754,Kaufman & Broad,Kaufman & Broad SA,,,,,,,,,,,,,,,,
44038,44038,14593,Central Garden & Pet Co,Central Garden & Pet Company,,,,,,,,,,,,,,,,
44043,44043,26603,Alaska Air Group Inc,"Alaska Air Group, Inc.",,,,,,,,,,,,,,,,
44057,44057,34832,Barratt Developments,Barratt Developments Plc,,,,,,,,,,,,,,,,
44064,44064,27680,Dragerwerk AG & Co KGaA,Dragerwerk Ag & Co. Kgaa,,,,,,,,,,,,,,,,
44070,44070,12751,Chong Kun Dang Pharmaceutical Corp,Chong Kun Dang Pharmaceutical Corporation,,,,,,,,,,,,,,,,
44074,44074,5692,Hokuhoku Financial Group Inc,"Hokuhoku Financial Group, Inc.",,,,,,,,,,,,,,,,
44078,44078,42996,M31 Technology,M31 Technology Corp,,,,,,,,,,,,,,,,
44084,44084,33106,Yieh United Steel,Yieh United Steel Corp,,,,,,,,,,,,,,,,
44089,44089,17773,Nihon M&A Center,"Nihon M&A Center, Inc.",,,,,,,,,,,,,,,,
44095,44095,13522,Electra Real Estate,Electra Real Estate Ltd,,,,,,,,,,,,,,,,
44113,44113,42212,Nagarjuna Fertilizers and Chemicals,Nagarjuna Fertilizers and Chemicals Ltd,,,,,,,,,,,,,,,,
44118,44118,7467,SOFTWARE & DESIGN INNOVATIONS LTD,SOFTWARE & DESIGN LIMITED,,,,,,,,,,,,,,,,
44119,44119,28680,MERCK SHARP & DOHME (I.A.) LLC,MERCK SHARP & DOHME LLC,,,,,,,,,,,,,,,,
44135,44135,18525,Akzo Nobel,Akzo Nobel India,,,,,,,,,,,,,,,,
44139,44139,16471,P & A DEVELOPMENTS (DEVON) LTD,P & A DEVELOPMENTS (LONDON) LTD,,,,,,,,,,,,,,,,
44157,44157,16594,CALLIGARIS OM SRL,CALLIGARIS SPA,,,,,,,,,,,,,,,,
44186,44186,26809,China Northern Rare Earth,China Northern Rare Earth (group) High-tech,,,,,,,,,,,,,,,,
44193,44193,8644,NEW AGE MOTORS LIMITED,NEW AGE MUSIC LIMITED,,,,,,,,,,,,,,,,
44202,44202,14326,Zhongji Innolight,Zhongji Innolight Co. Ltd,,,,,,,,,,,,,,,,
44208,44208,42936,Vienna Insurance Group AG,Vienna Insurance Group Ag,,,,,,,,,,,,,,,,
44243,44243,36827,United Breweries,United Breweries Ltd,,,,,,,,,,,,,,,,
44244,44244,34831,Korea Gas Corp,Korea Gas Corporation,,,,,,,,,,,,,,,,
44265,44265,30035,MSCI Inc,MSCI Inc.,,,,,,,,,,,,,,,,
44266,44266,20957,Trisura Group,Trisura Group Ltd.,,,,,,,,,,,,,,,,
44268,44268,26611,Nedbank Group,Nedbank Group Ltd,,,,,,,,,,,,,,,,
44279,44279,4177,Simpson Manufacturing,Simpson Manufacturing Co Inc,,,,,,,,,,,,,,,,
44283,44283,41807,Krones AG,Krones Ag,,,,,,,,,,,,,,,,
44306,44306,5484,Zoomlion Heavy Industry Science and Technology Co Ltd,Zoomlion Heavy Industry Science and Technology Co. Ltd,,,,,,,,,,,,,,,,
44312,44312,5874,ULVAC Inc,"ULVAC, Inc.",,,,,,,,,,,,,,,,
44314,44314,25584,Aurinia Pharmaceuticals,Aurinia Pharmaceuticals Inc.,,,,,,,,,,,,,,,,
44318,44318,16921,DexCom,DexCom Inc,,,,,,,,,,,,,,,,
44323,44323,41626,Dalmia Bharat Limited,Dalmia Bharat Ltd,,,,,,,,,,,,,,,,
44344,44344,3418,Silicon Laboratories,Silicon Laboratories Inc.,,,,,,,,,,,,,,,,
44346,44346,18405,Cullen/Frost Bankers,Cullen/Frost Bankers Inc,,,,,,,,,,,,,,,,
44348,44348,41511,Avis Budget Group,Avis Budget Group Inc,,,,,,,,,,,,,,,,
44360,44360,27347,H & A MOTOR SERVICES LTD,H & A MOTORSS LTD,,,,,,,,,,,,,,,,
44362,44362,39635,Western Union,Western Union Company,,,,,,,,,,,,,,,,
44370,44370,24138,Southern Co,Southern Company,,,,,,,,,,,,,,,,
44399,44399,18815,Aurizon Holdings,Aurizon Holdings Limited,,,,,,,,,,,,,,,,
44406,44406,19353,Energisa SA,Energisme SA,,,,,,,,,,,,,,,,
44411,44411,43839,Cummins Inc,Cummins Inc.,,,,,,,,,,,,,,,,
44419,44419,40940,Okumura Corp,Okumura Corporation,,,,,,,,,,,,,,,,
44422,44422,32411,Balkanstroy,Balkanton,,,,,,,,,,,,,,,,
44429,44429,9034,Apollo Global Management Inc,"Apollo Global Management, Inc.",,,,,,,,,,,,,,,,
44436,44436,3145,Arcure,Arcure SA,,,,,,,,,,,,,,,,
44438,44438,4617,Société Générale Careers,Société Générale SA,,,,,,,,,,,,,,,,
44471,44471,16975,SOFTWARE IN PARTNERSHIP LIMITED,SOFTWARE IN PARTNERSHIP TRUSTEE LIMITED,,,,,,,,,,,,,,,,
44486,44486,40356,Playtech Plc,Playtech plc,,,,,,,,,,,,,,,,
44494,44494,3866,Interfor Corp,Interfor Corporation,,,,,,,,,,,,,,,,
44499,44499,4550,Brady Corp,Brady Corporation,,,,,,,,,,,,,,,,
44533,44533,18526,Toho Holdings Co Ltd,Toho Holdings Co. Ltd,,,,,,,,,,,,,,,,
44538,44538,6113,"Petco Health & Wellness Company, Inc.","Petco Health and Wellness Company, Inc.",,,,,,,,,,,,,,,,
44541,44541,33257,ALL ABOUT JOINERY (YORKSHIRE) LTD,ALL ABOUT JOINERY LTD,,,,,,,,,,,,,,,,
44552,44552,43902,Yadea Group Holdings,Yadea Group Holdings Ltd,,,,,,,,,,,,,,,,
44555,44555,15452,Caisse Regionale De Credit Agricole Mutuel Toulouse 31,Caisse Regionale de Credit Agricole Mutuel Alpes Provence,,,,,,,,,,,,,,,,
44557,44557,27227,Bottega Veneta,Bottega Veneta Srl,,,,,,,,,,,,,,,,
44569,44569,30086,United Corporations,United Corporations Limited,,,,,,,,,,,,,,,,
44574,44574,37550,FOOD BAZAAR LTD,FOOD BAZAR (LDN) LTD,,,,,,,,,,,,,,,,
44585,44585,21494,Samsung Fire & Marine Insurance,Samsung Fire & Marine Insurance Co Ltd,,,,,,,,,,,,,,,,
44589,44589,36990,Vivara Participacoes,Vivara Participacoes SA,,,,,,,,,,,,,,,,
44593,44593,16571,Mebuki Financial Group Inc,"Mebuki Financial Group, Inc.",,,,,,,,,,,,,,,,
44595,44595,1049,Caltagirone Editore SpA,Caltagirone SpA,,,,,,,,,,,,,,,,
44604,44604,7537,ALL ABOUT MEDIA LIMITED,ALL ABOUT MODULAR LIMITED,,,,,,,,,,,,,,,,
44618,44618,18733,Banco Bradesco,Banco Bradesco SA,,,,,,,,,,,,,,,,
44620,44620,30954,Taiwan Mobile,Taiwan Mobile Co Ltd,,,,,,,,,,,,,,,,
44626,44626,2736,Walvax Biotechnology,Walvax Biotechnology Co. Ltd,,,,,,,,,,,,,,,,
44628,44628,31462,Schouw & Co A-S,Schouw & Co AS,,,,,,,,,,,,,,,,
44645,44645,3917,Saudi Pharmaceutical Industries & Medical Appliances Corporation,Saudi Pharmaceutical Industries and Medical Appliances Corp,,,,,,,,,,,,,,,,
44650,44650,10310,Technip Energies N.V.,Technip Energies N.v.,,,,,,,,,,,,,,,,
44652,44652,18328,Aselsan Elektronik Sanayi Ve Ticaret Anonim Sirketi,Aselsan Elektronik Sanayi ve Ticaret Anonim Sirketi,,,,,,,,,,,,,,,,
44670,44670,11080,Hengyi Petrochemical,Hengyi Petrochemical Co Ltd,,,,,,,,,,,,,,,,
44679,44679,36819,Lincoln National Corp,Lincoln National Corporation,,,,,,,,,,,,,,,,
44691,44691,40175,BAD WOLF (IHS) LTD,BAD WOLF (IHS2) LTD,,,,,,,,,,,,,,,,
44738,44738,285,Wizz Air Holdings,Wizz Air Holdings Plc,,,,,,,,,,,,,,,,
44750,44750,23041,Swatch Group,Swatch Group Ag,,,,,,,,,,,,,,,,
44755,44755,32348,Xiamen Faratronic,Xiamen Faratronic Co. Ltd,,,,,,,,,,,,,,,,
44756,44756,15242,Marathon Petroleum,Marathon Petroleum Careers,,,,,,,,,,,,,,,,
44780,44780,30644,Kkr & Co,Kkr & Co.,,,,,,,,,,,,,,,,
44784,44784,4161,Ackermans & Van Haaren Nv,Ackermans & van Haaren,,,,,,,,,,,,,,,,
44786,44786,27100,Mando Corp,Mando Corporation,,,,,,,,,,,,,,,,
44796,44796,23540,Rite Aid,Rite Aid Corp,,,,,,,,,,,,,,,,
44806,44806,14174,Metlife,Metlifecare,,,,,,,,,,,,,,,,
44818,44818,30108,Kimco Realty,Kimco Realty Corp,,,,,,,,,,,,,,,,
44838,44838,4196,Chiesi Farmaceutici S.p.A.,Chiesi Farmaceutici SpA,,,,,,,,,,,,,,,,
44842,44842,28573,Inter Cars S.a.,Inter Cars SA,,,,,,,,,,,,,,,,
44846,44846,37065,Zebra Technologies Corp,Zebra Technologies Corporation,,,,,,,,,,,,,,,,
44851,44851,13034,BAD TASTE RECORDINGS LIMITED,BAD TASTE RECORDS LIMITED,,,,,,,,,,,,,,,,
44857,44857,10252,Gulf Energy Development PCL,Gulf Energy Development Public Company,,,,,,,,,,,,,,,,
44861,44861,32297,Electric Power Development,Electric Power Development Co Ltd,,,,,,,,,,,,,,,,
44883,44883,32259,Walgreens Boots Alliance Inc,"Walgreens Boots Alliance, Inc.",,,,,,,,,,,,,,,,
44885,44885,35106,LHC Group Inc,"LHC Group, Inc.",,,,,,,,,,,,,,,,
44889,44889,39751,GC Corp,GCA Corp,,,,,,,,,,,,,,,,
44911,44911,38812,Centre Testing International Group,Centre Testing International Group Co. Ltd,,,,,,,,,,,,,,,,
44953,44953,43758,Altria Group Inc,"Altria Group, Inc.",,,,,,,,,,,,,,,,
44957,44957,13995,Wuerth,Wuerth Srl,,,,,,,,,,,,,,,,
44959,44959,26556,GOOD CHIPS LTD,GOOD CHOI LIMITED,,,,,,,,,,,,,,,,
44964,44964,25255,Hilton Food Group,Hilton Food Group Plc,,,,,,,,,,,,,,,,
44967,44967,15674,Tokai Rika,Tokai Rika Co Ltd,,,,,,,,,,,,,,,,
44971,44971,37315,Haitong Securities,Haitong Securities Co Ltd,,,,,,,,,,,,,,,,
44973,44973,20603,Fujifilm Holdings Corp,Fujifilm Holdings Corporation,,,,,,,,,,,,,,,,
44974,44974,14385,Vina Concha Y Toro,Vina Concha y Toro SA,,,,,,,,,,,,,,,,
44981,44981,29762,Duke Energy Corp,Duke Energy Corporation,,,,,,,,,,,,,,,,
44985,44985,10797,Sandvik Ab,Sandvik Asia,,,,,,,,,,,,,,,,
44991,44991,15125,Casey's General Stores,Casey's General Stores Inc,,,,,,,,,,,,,,,,
45000,45000,18052,Littelfuse Inc,"Littelfuse, Inc.",,,,,,,,,,,,,,,,
45012,45012,34787,Anhui Anke Biotechnology,Anhui Anke Biotechnology (group),,,,,,,,,,,,,,,,
45016,45016,26537,NetEase Inc,"NetEase, Inc.",,,,,,,,,,,,,,,,
45024,45024,42802,WEX Inc,WEX Inc.,,,,,,,,,,,,,,,,
45041,45041,649,Genmab,Genmab A/S,,,,,,,,,,,,,,,,
45042,45042,24261,Z & B LTD,Z & BROS LTD,,,,,,,,,,,,,,,,
45050,45050,19743,Siam City Cement Public Co Ltd,Siam City Cement Public Company,,,,,,,,,,,,,,,,
45056,45056,1846,J Sainsbury Plc,J Sainsbury plc,,,,,,,,,,,,,,,,
45061,45061,43559,Doordarshan,Doordash,,,,,,,,,,,,,,,,
45064,45064,17441,Yang Ming Marine Transport,Yang Ming Marine Transport Corp,,,,,,,,,,,,,,,,
45080,45080,12129,Palantir Technologies,Palantir Technologies Inc,,,,,,,,,,,,,,,,
45097,45097,22241,New Jersey Resources Corp,New Jersey Resources Corporation,,,,,,,,,,,,,,,,
45100,45100,29753,Wuxi Rural Commercial Bank,"Wuxi Rural Commercial Bank Co.,Ltd",,,,,,,,,,,,,,,,
45119,45119,21843,"MULESOFT, INC.","MULESOFT, LLC",,,,,,,,,,,,,,,,
45131,45131,16691,E Ink Holdings,"E Ink Holdings, Inc.",,,,,,,,,,,,,,,,
45137,45137,44193,NEW AGE MOTOR SALES LIMITED,NEW AGE MOTORS LIMITED,,,,,,,,,,,,,,,,
45142,45142,41005,Ain Holdings Inc,"Ain Holdings, Inc.",,,,,,,,,,,,,,,,
45145,45145,39547,Sociedad Quimica y Minera de Chile SA,Sociedad Química y Minera de Chile SA,,,,,,,,,,,,,,,,
45152,45152,33170,Pirelli & C SpA,Pirelli & C. S.p.a.,,,,,,,,,,,,,,,,
45155,45155,2715,H & A PROPERTIES (HULL) LIMITED,H & A PROPERTIES (LIVERPOOL) LTD,,,,,,,,,,,,,,,,
45182,45182,26278,BDO Unibank,BDO Unibank Inc,,,,,,,,,,,,,,,,
45186,45186,31568,Overstock.com,Overstock.com Inc,,,,,,,,,,,,,,,,
45192,45192,12061,Anglo American,Anglo American Platinum,,,,,,,,,,,,,,,,
45195,45195,39955,COLT TECHNOLOGY SERVICES,COLT TECHNOLOGY SERVICES EUROPE LIMITED,,,,,,,,,,,,,,,,
45197,45197,27562,Bytes Technology Group Plc,Bytes Technology Group plc,,,,,,,,,,,,,,,,
45199,45199,33520,Q BOX DIGITAL LTD,Q BOX MEDIA LTD,,,,,,,,,,,,,,,,
45208,45208,40400,EnBW Energie Baden-Wuerttemberg AG,EnBW Energie Baden-Wurttemberg AG,,,,,,,,,,,,,,,,
45212,45212,31290,Cementos Argos S.a.,Cementos Argos SA,,,,,,,,,,,,,,,,
45222,45222,20615,Flowserve,Flowserve Corp,,,,,,,,,,,,,,,,
45246,45246,10463,HDFC Bank,HDFC Bank Ltd,,,,,,,,,,,,,,,,
45247,45247,5818,Zhejiang Jiahua Energy Chemical Industry,Zhejiang Jiahua Energy Chemical Industry Co Ltd,,,,,,,,,,,,,,,,
45257,45257,43176,Sembcorp Marine,Sembcorp Marine Ltd,,,,,,,,,,,,,,,,
45271,45271,44440,Shen Yao Holdings Ltd,Shen You Holdings Ltd,,,,,,,,,,,,,,,,
45273,45273,25465,General Mills,General Mills Inc,,,,,,,,,,,,,,,,
45282,45282,44151,Otter Tail Corp,Otter Tail Corporation,,,,,,,,,,,,,,,,
45288,45288,39904,Tyson Foods,Tyson Foods Inc,,,,,,,,,,,,,,,,
45291,45291,32608,McAfee Corp,McAfee Corp.,,,,,,,,,,,,,,,,
45300,45300,346,FinecoBank Banca Fineco S.p.A.,Finecobank Banca Fineco,,,,,,,,,,,,,,,,
45312,45312,22198,Old Dominion Freight Line Inc,"Old Dominion Freight Line, Inc.",,,,,,,,,,,,,,,,
45319,45319,13469,Excelliance MOS,Excelliance MOS Corp,,,,,,,,,,,,,,,,
45326,45326,16621,AVIVA INSURANCE LIMITED,AVIVA INSURANCE SERVICES UK LIMITED,,,,,,,,,,,,,,,,
45330,45330,20454,Berry Global Group,Berry Global Group Inc,,,,,,,,,,,,,,,,
45334,45334,5256,The Wharf (Holdings) Ltd,The Wharf (Holdings) Ltd.,,,,,,,,,,,,,,,,
45339,45339,3898,Hindustan Aeronautics,Hindustan Aeronautics Limited,,,,,,,,,,,,,,,,
45341,45341,26897,Unicharm,Unicharm Corp,,,,,,,,,,,,,,,,
45344,45344,22469,Recruit Holdings,Recruit Holdings Co Ltd,,,,,,,,,,,,,,,,
45347,45347,16690,Piaggio & C. SpA,Piaggio & C. Spa,,,,,,,,,,,,,,,,
45349,45349,5249,Jiangxi Hongdu Aviation Industry,Jiangxi Hongdu Aviation Industry Co. Ltd,,,,,,,,,,,,,,,,
45355,45355,6222,Pembina Pipeline Corp,Pembina Pipeline Corporation,,,,,,,,,,,,,,,,
45359,45359,12579,Realty Income,Realty Income Corp,,,,,,,,,,,,,,,,
45364,45364,37698,Banpu Public Company,Banpu Public Company Ltd,,,,,,,,,,,,,,,,
45375,45375,28326,Elvie,Elvie*,,,,,,,,,,,,,,,,
45388,45388,6902,Hyundai Glovis,Hyundai Glovis Co Ltd,,,,,,,,,,,,,,,,
45389,45389,32240,Moncler SpA,Moncler Spa,,,,,,,,,,,,,,,,
45400,45400,11348,Netcompany Group A-S,Netcompany Group A/s,,,,,,,,,,,,,,,,
45412,45412,12512,Modern Times Group Mtg AB,Modern Times Group Mtg Ab,,,,,,,,,,,,,,,,
45419,45419,20690,AerCap Holdings N.V.,AerCap Holdings NV,,,,,,,,,,,,,,,,
45446,45446,5361,SBI Holdings Inc,SBI Holdings Inc-Japan,,,,,,,,,,,,,,,,
45456,45456,6384,Criteo,Criteo SA,,,,,,,,,,,,,,,,
45467,45467,14510,Vishay Intertechnology,Vishay Intertechnology Inc,,,,,,,,,,,,,,,,
45470,45470,12223,Hon Hai Precision Industry,Hon Hai Precision Industry Co Ltd,,,,,,,,,,,,,,,,
45473,45473,23568,Hang Lung Properties,Hang Lung Properties Ltd,,,,,,,,,,,,,,,,
45474,45474,38799,Yamaha Motor,Yamaha Motor Co Ltd,,,,,,,,,,,,,,,,
45480,45480,30087,Western Alliance Bancorp.,Western Alliance Bancorporation,,,,,,,,,,,,,,,,
45482,45482,32195,Fujian Longking Co Ltd,Fujian Longking Co. Ltd,,,,,,,,,,,,,,,,
45500,45500,31133,Aperam,Aperam SA,,,,,,,,,,,,,,,,
45501,45501,36842,Chongqing Three Gorges Water Conservancy And Electric Power,Chongqing Three Gorges Water Conservancy and Electric Power Co. Ltd,,,,,,,,,,,,,,,,
45504,45504,35888,Companhia Siderurgica Nacional,Companhia Siderúrgica Nacional,,,,,,,,,,,,,,,,
45506,45506,10640,Hemnet Group AB,Hemnet Group Ab (publ),,,,,,,,,,,,,,,,
45514,45514,40012,Pegatron Corp,Pegatron Corporation,,,,,,,,,,,,,,,,
45515,45515,14845,Fluidra,Fluidra SA,,,,,,,,,,,,,,,,
45528,45528,27447,Dampskibsselskabet Norden AS,Dampskibsselskabet Torm,,,,,,,,,,,,,,,,
45538,45538,43983,Japan Airlines,Japan Airlines (JAL),,,,,,,,,,,,,,,,
45546,45546,38989,GOOD CHEMISTRY BREWING LIMITED,GOOD CHEMISTRY PUBS LIMITED,,,,,,,,,,,,,,,,
45557,45557,14127,"UNIVERSAL MUSIC GROUP DISTRIBUTION, CORP.","UNIVERSAL MUSIC GROUP, INC.",,,,,,,,,,,,,,,,
45561,45561,3283,Harvey Norman Holdings,Harvey Norman Holdings Limited,,,,,,,,,,,,,,,,
45565,45565,28372,Adtalem Global Education,Adtalem Global Education Inc,,,,,,,,,,,,,,,,
45581,45581,16793,Aareal Bank,Aareal Bank AG,,,,,,,,,,,,,,,,
45606,45606,32595,Guangdong Dowstone Technology,Guangdong Dowstone Technology Co. Ltd,,,,,,,,,,,,,,,,
45609,45609,11311,Halliburton,Halliburton Co,,,,,,,,,,,,,,,,
45624,45624,31330,MakeMyTrip,MakeMyTrip Limited,,,,,,,,,,,,,,,,
45626,45626,14311,Grendene,Grendene SA,,,,,,,,,,,,,,,,
45628,45628,42191,Kohnan Shoji Co Ltd,Kohnan Shoji Co. Ltd,,,,,,,,,,,,,,,,
45630,45630,36213,Keihan Holdings,Keihan Holdings Co Ltd,,,,,,,,,,,,,,,,
45650,45650,42601,Bandai Namco Holdings,Bandai Namco Holdings Inc,,,,,,,,,,,,,,,,
45651,45651,17287,1-800-Flowers.com Inc,1-800-flowers.com,,,,,,,,,,,,,,,,
45675,45675,8451,Earth Corp,Earth Corporation,,,,,,,,,,,,,,,,
45680,45680,29775,HealthAssure,HealthAsyst,,,,,,,,,,,,,,,,
45686,45686,18022,Cassa Depositi E Prestiti Spa,Cassa Depositi e Prestiti SpA,,,,,,,,,,,,,,,,
45691,45691,45530,Novolipetsk Steel,Novolipetsk Steel PJSC,,,,,,,,,,,,,,,,
45699,45699,21950,Choice Hotels International Inc,"Choice Hotels International, Inc.",,,,,,,,,,,,,,,,
45700,45700,12089,Taiwan Cement,Taiwan Cement Corp,,,,,,,,,,,,,,,,
45702,45702,34071,WuXi Biologics,WuXi Biologics Cayman Inc,,,,,,,,,,,,,,,,
45708,45708,29208,Yamato Holdings Co Ltd,"Yamato Holdings Co., Ltd.",,,,,,,,,,,,,,,,
45710,45710,6085,Itochu Enex Co Ltd,"Itochu Enex Co.,Ltd.",,,,,,,,,,,,,,,,
45718,45718,62,Shandong Buchang Pharmaceutical Co Ltd,Shandong Buchang Pharmaceuticals,,,,,,,,,,,,,,,,
45720,45720,3323,Next Fifteen Communications Group,Next Fifteen Communications Group plc,,,,,,,,,,,,,,,,
45748,45748,16761,Spark New Zealand Limited,Spark New Zealand Ltd,,,,,,,,,,,,,,,,
45759,45759,10422,Thai Union Group Public Company,Thai Union Group Public Company Ltd,,,,,,,,,,,,,,,,
45793,45793,30069,Unieuro S.p.A.,Unieuro SPA,,,,,,,,,,,,,,,,
45796,45796,2450,Schweiter Technologies AG,Schweiter Technologies Ag,,,,,,,,,,,,,,,,
45800,45800,4336,Wharf Real Estate Investment Company,Wharf Real Estate Investment Company Ltd,,,,,,,,,,,,,,,,
45807,45807,24872,BEAUTY AT MINARIK LIMITED,BEAUTY AT MINE LTD,,,,,,,,,,,,,,,,
45846,45846,33647,Infocom Corp,Infocom Corporation,,,,,,,,,,,,,,,,
45861,45861,18069,Consolidated Contractors Co,Consolidated Contractors Company,,,,,,,,,,,,,,,,
45872,45872,3332,Booking Holdings Inc,Booking Holdings Inc.,,,,,,,,,,,,,,,,
45886,45886,32308,China Avionics Systems Co Ltd,"China Avionics Systems Co.,Ltd.",,,,,,,,,,,,,,,,
45889,45889,10790,Capita,Capita Plc,,,,,,,,,,,,,,,,
45890,45890,2671,Vodafone Idea,Vodafone Idea Limited,,,,,,,,,,,,,,,,
45897,45897,30278,Legato Health Technologies,Legato Health Technology,,,,,,,,,,,,,,,,
45904,45904,19988,Datalogic,Datalogic S.p.A.,,,,,,,,,,,,,,,,
45908,45908,32082,Metro Inc,Metro Inc.,,,,,,,,,,,,,,,,
45920,45920,44176,Melco International Development,Melco International Development Ltd,,,,,,,,,,,,,,,,
45935,45935,7370,Seibu Holdings,Seibu Holdings Inc,,,,,,,,,,,,,,,,
45936,45936,1263,AU Optronics,AU Optronics Corp,,,,,,,,,,,,,,,,
45940,45940,12864,Daido Steel Co Ltd,Daido Steel Co. Ltd,,,,,,,,,,,,,,,,
45945,45945,25173,Nemak S. A. B. De C. V,"Nemak, S. A. B. de C. V.",,,,,,,,,,,,,,,,
45953,45953,30774,Norbord Inc,Norbord Inc.,,,,,,,,,,,,,,,,
45957,45957,31487,Qingdao Rural Commercial Bank,Qingdao Rural Commercial Bank Corporation,,,,,,,,,,,,,,,,
45959,45959,3926,Taiwan Fertilizer,Taiwan Fertilizer Co. Ltd,,,,,,,,,,,,,,,,
45961,45961,27059,H & M Hennes & Mauritz AB,H & M Hennes & Mauritz Ab,,,,,,,,,,,,,,,,
45962,45962,20757,Chailease Holding,Chailease Holding Co Ltd,,,,,,,,,,,,,,,,
45970,45970,44054,Enogia,Enogia SAS,,,,,,,,,,,,,,,,
45990,45990,11678,Jazz Pharmaceuticals,Jazz Pharmaceuticals Plc,,,,,,,,,,,,,,,,
45994,45994,1684,The Hong Kong and China Gas Co Ltd,The Hong Kong and China Gas Company Ltd,,,,,,,,,,,,,,,,
46007,46007,40609,National Express Group Plc,National Express Group plc,,,,,,,,,,,,,,,,
46012,46012,38034,Bic Camera Inc,"Bic Camera, Inc.",,,,,,,,,,,,,,,,
46016,46016,44906,Frey SA,Frey Sa,,,,,,,,,,,,,,,,
46020,46020,23429,Nutanix,Nutanix Inc,,,,,,,,,,,,,,,,
46028,46028,5825,Stiltz Homelifts,Stiltz Lifts,,,,,,,,,,,,,,,,
46046,46046,4310,Zhejiang Chint Electrics,Zhejiang Chint Electrics Co Ltd,,,,,,,,,,,,,,,,
46049,46049,25487,Intco Medical Technology Co Ltd,Intco Medical Technology Co. Ltd,,,,,,,,,,,,,,,,
46059,46059,4289,ALL ABOUT BARS LTD,ALL ABOUT BATHROOMS LTD,,,,,,,,,,,,,,,,
46068,46068,23794,Chocoladefabriken Lindt & Sprungli AG,Chocoladefabriken Lindt & Sprungli Ag,,,,,,,,,,,,,,,,
46071,46071,13252,Burckhardt Compression Holding AG,Burckhardt Compression Holding Ag,,,,,,,,,,,,,,,,
46074,46074,6122,Greentown Management Holdings Company Limited,Greentown Management Holdings Company Ltd,,,,,,,,,,,,,,,,
46092,46092,29828,Yuasa Trading Co Ltd,Yuasa Trading Co. Ltd,,,,,,,,,,,,,,,,
46095,46095,21723,Acuity Brands,Acuity Brands Inc,,,,,,,,,,,,,,,,
46105,46105,39464,Willis Towers Watson PLC,Willis Towers Watson Public Company,,,,,,,,,,,,,,,,
46108,46108,22322,BAD & BOUJEE LIMITED,BAD & BOUJIEE LTD,,,,,,,,,,,,,,,,
46123,46123,15828,Tan Chong International,Tan Chong International Ltd,,,,,,,,,,,,,,,,
46128,46128,20548,Ingersoll Rand Inc,Ingersoll Rand Inc.,,,,,,,,,,,,,,,,
46141,46141,34842,Playground,Playground XYZ,,,,,,,,,,,,,,,,
46153,46153,39659,Tenaga Nasional,Tenaga Nasional Berhad,,,,,,,,,,,,,,,,
46197,46197,38703,Hindalco Industries,Hindalco Industries Ltd,,,,,,,,,,,,,,,,
46219,46219,15194,Trex Company,Trex Company Inc,,,,,,,,,,,,,,,,
46220,46220,16937,DuPont de Nemours,DuPont de Nemours Inc,,,,,,,,,,,,,,,,
46227,46227,30881,Sumitomo Chemical Company Ltd,Sumitomo Chemical India Limited,,,,,,,,,,,,,,,,
46229,46229,40921,Keyera Corp,Keyera Corp.,,,,,,,,,,,,,,,,
46232,46232,8671,Trinseo,Trinseo Plc,,,,,,,,,,,,,,,,
46237,46237,42921,Angelalign Technology Inc.,"Angelalign Technology, Inc.",,,,,,,,,,,,,,,,
46243,46243,36586,Dustin Group AB,Dustin Group Ab (publ),,,,,,,,,,,,,,,,
46244,46244,2101,CMA CGM,CMA CGM SA,,,,,,,,,,,,,,,,
46256,46256,22228,Geberit AG,Geberit Ag,,,,,,,,,,,,,,,,
46260,46260,34406,GARNET UK 23 NEW LIMITED,GARNET UK 7 NEW LIMITED,,,,,,,,,,,,,,,,
46265,46265,37495,Wangfujing Group,Wangfujing Group Co Ltd,,,,,,,,,,,,,,,,
46267,46267,19695,Reliance Steel & Aluminum,Reliance Steel & Aluminum Co,,,,,,,,,,,,,,,,
46273,46273,24477,West Japan Railway Co,West Japan Railway Company,,,,,,,,,,,,,,,,
46291,46291,44132,Kumba Iron Ore,Kumba Iron Ore Ltd,,,,,,,,,,,,,,,,
46302,46302,1593,Larsen & Toubro,Larsen & Toubro Group,,,,,,,,,,,,,,,,
46304,46304,19256,Vermilion Energy,Vermilion Energy Inc,,,,,,,,,,,,,,,,
46305,46305,28497,Alto Pharmacy,Alto Pharmacy Careers,,,,,,,,,,,,,,,,
46312,46312,35253,Canaccord Genuity Group Inc,Canaccord Genuity Group Inc.,,,,,,,,,,,,,,,,
46316,46316,44953,Altria Group,Altria Group Inc,,,,,,,,,,,,,,,,
46328,46328,17349,BEAUTY AND THE BUTTON LIMITED,BEAUTY AND THE BUZZ LTD,,,,,,,,,,,,,,,,
46329,46329,15578,Toromont Industries Ltd,Toromont Industries Ltd.,,,,,,,,,,,,,,,,
46353,46353,344,Revolution Race,RevolutionRace,,,,,,,,,,,,,,,,
46361,46361,30782,Rabigh Refining & Petrochemical Co,Rabigh Refining And Petrochemical Company,,,,,,,,,,,,,,,,
46381,46381,41351,Jentech Precision Industrial,Jentech Precision Industrial Co. Ltd,,,,,,,,,,,,,,,,
46384,46384,29263,GOOD COOK INN LIMITED,GOOD COOKING LIMITED,,,,,,,,,,,,,,,,
46396,46396,33632,Anhui Jianghuai Automobile Group,"Anhui Jianghuai Automobile Group Corp,Ltd.",,,,,,,,,,,,,,,,
46419,46419,11796,Grupo Mateus S.a.,Grupo Mateus SA,,,,,,,,,,,,,,,,
46420,46420,3981,JSW Steel,JSW Steel Ltd,,,,,,,,,,,,,,,,
46431,46431,39912,Banca Generali,Banca Generali S.p.A.,,,,,,,,,,,,,,,,
46433,46433,44062,Klepierre SA,Klepierre Sa,,,,,,,,,,,,,,,,
46440,46440,31682,Inner Mongolia Yili Industrial Group Co Ltd,Inner Mongolia Yili Industrial Group Co. Ltd,,,,,,,,,,,,,,,,
46452,46452,30163,Vistry Group,Vistry Group Plc,,,,,,,,,,,,,,,,
46456,46456,29567,CI Financial Corp,CI Financial Corp.,,,,,,,,,,,,,,,,
46458,46458,31675,Technip Energies,Technip Energies Italy Spa,,,,,,,,,,,,,,,,
46461,46461,2706,Israel Corporation,Israel Corporation Ltd,,,,,,,,,,,,,,,,
46476,46476,40765,Southwest Airlines,Southwest Airlines Co,,,,,,,,,,,,,,,,
46510,46510,11081,Saizeriya,Saizeriya Co Ltd,,,,,,,,,,,,,,,,
46529,46529,27754,American Electric Power Co Inc,American Electric Power Company,,,,,,,,,,,,,,,,
46532,46532,14217,Veronesi Holding Spa,Veroniki Holding Spa,,,,,,,,,,,,,,,,
46546,46546,19117,Secure Energy Services,Secure Energy Services Inc,,,,,,,,,,,,,,,,
46547,46547,28941,Smith & Nephew,Smith & Nephew Careers,,,,,,,,,,,,,,,,
46550,46550,43169,HelloFresh SE,Hellofresh,,,,,,,,,,,,,,,,
46552,46552,18553,Toyo Engineeering,Toyo Engineering Corp,,,,,,,,,,,,,,,,
46565,46565,40152,SOFTWARE CONSULT GLOBAL LTD,SOFTWARE CONSULTANCY LTD,,,,,,,,,,,,,,,,
46579,46579,34829,Becton Dickinson and Co,"Becton, Dickinson and Company",,,,,,,,,,,,,,,,
46586,46586,42846,Sherwin-Williams,Sherwin-Williams Co,,,,,,,,,,,,,,,,
46599,46599,22274,Mitie Group,Mitie Group plc,,,,,,,,,,,,,,,,
46615,46615,9327,Commerzbank AG,Commerzbank Ag,,,,,,,,,,,,,,,,
46629,46629,3739,Construction Partners,Construction Partners Inc,,,,,,,,,,,,,,,,
46641,46641,14025,Simplo Technology Co Ltd,Simplo Technology Co. Ltd,,,,,,,,,,,,,,,,
46657,46657,25571,Nippon Building Fund InCorp,Nippon Building Fund Incorporation,,,,,,,,,,,,,,,,
46666,46666,18624,Beijing Kingsoft Office Software,"Beijing Kingsoft Office Software, Inc.",,,,,,,,,,,,,,,,
46685,46685,44207,Public joint stock company NPO Nauka,Public joint stock company ROSBANK,,,,,,,,,,,,,,,,
46690,46690,3367,Delta Electronics Inc,"Delta Electronics, Inc.",,,,,,,,,,,,,,,,
46691,46691,16929,BEAUTY AND SLIM ART LTD,BEAUTY AND SPA LTD,,,,,,,,,,,,,,,,
46720,46720,6700,Constellium SE,Constellium Se,,,,,,,,,,,,,,,,
46721,46721,13759,Per Aarsleff Holding A/s,Per Aarsleff Holding AS,,,,,,,,,,,,,,,,
46738,46738,25312,Bank Of Nanjing,Bank Of Ningbo,,,,,,,,,,,,,,,,
46751,46751,24589,Rexford Industrial Realty,"Rexford Industrial Realty, Inc.",,,,,,,,,,,,,,,,
46755,46755,43530,Erste Bank,Erste Group Bank,,,,,,,,,,,,,,,,
46756,46756,38131,Lennox International,Lennox International Inc,,,,,,,,,,,,,,,,
46761,46761,35971,Companhia Brasileira de Alumínio,Companhia Brasileira de Distribuicao,,,,,,,,,,,,,,,,
46767,46767,7518,Rayonier Inc.,"Rayont, Inc.",,,,,,,,,,,,,,,,
46769,46769,1397,Vantage Towers AG,Vantage Towers Ag,,,,,,,,,,,,,,,,
46772,46772,25294,City Developments,City Developments Ltd,,,,,,,,,,,,,,,,
46775,46775,31554,Foshan Haitian Flavouring and Food,Foshan Haitian Flavouring and Food Company Ltd,,,,,,,,,,,,,,,,
46782,46782,40098,"Hakuhodo DY Holdings, Inc.",Hakuhodo Dy Holdings,,,,,,,,,,,,,,,,
46794,46794,21092,Bendigo and Adelaide Bank Limited,Bendigo and Adelaide Bank Ltd,,,,,,,,,,,,,,,,
46799,46799,23884,Teva Pharmaceutical Industries Ltd,Teva Pharmaceuticals,,,,,,,,,,,,,,,,
46805,46805,26702,Ottogi Corp,Ottogi Corporation,,,,,,,,,,,,,,,,
46808,46808,12202,Agilent Technologies International,"Agilent Technologies, Inc.",,,,,,,,,,,,,,,,
46823,46823,11103,ALL ABOUT THE E LIMITED,ALL ABOUT THE ENERGY LIMITED,,,,,,,,,,,,,,,,
46825,46825,34470,Vallourec,Vallourec SA,,,,,,,,,,,,,,,,
46832,46832,36636,Tetra Tech,Tetra Tech Inc,,,,,,,,,,,,,,,,
46835,46835,30449,First National Of Nebraska,First National of Nebraska Inc,,,,,,,,,,,,,,,,
46846,46846,16887,SOFTWARE MANAGEMENT LTD,SOFTWARE MANAGEMENT TOOLS UK LTD,,,,,,,,,,,,,,,,
46854,46854,25673,Brodynt Global,Brodynt Global Services,,,,,,,,,,,,,,,,
46859,46859,35785,Magic Software Enterprises,Magic Software Enterprises Ltd.,,,,,,,,,,,,,,,,
46869,46869,32096,Sun Life Financial Inc,Sun Life Financial Inc.,,,,,,,,,,,,,,,,
46891,46891,9735,Advanced Drainage Systems,Advanced Drainage Systems Inc,,,,,,,,,,,,,,,,
46892,46892,356,Trusco Nakayama Corp,Trusco Nakayama Corporation,,,,,,,,,,,,,,,,
46899,46899,28170,Novatek Microelectronics Corp,Novatek Microelectronics Corp.,,,,,,,,,,,,,,,,
46911,46911,3206,Altareit SCA,Altareit Sca,,,,,,,,,,,,,,,,
46912,46912,24400,Baxter International Inc,Baxter International Inc.,,,,,,,,,,,,,,,,
46936,46936,26656,Continental Resources Inc,"Continental Resources, Inc.",,,,,,,,,,,,,,,,
46946,46946,9938,Sinopharm Group,Sinopharm Group Co Ltd,,,,,,,,,,,,,,,,
46948,46948,7888,Sweco,Sweco AB,,,,,,,,,,,,,,,,
46968,46968,3118,Humana Inc,Humana Inc.,,,,,,,,,,,,,,,,
46970,46970,30018,Seven & i Holdings Co Ltd,Seven & i Holdings Co. Ltd,,,,,,,,,,,,,,,,
46977,46977,6093,Ørsted,Ørsted A/S,,,,,,,,,,,,,,,,
46979,46979,5413,Temple Bar Investment Trust,Temple Bar Investment Trust plc,,,,,,,,,,,,,,,,
46984,46984,27561,Eon Electric,Eon Electric Ltd,,,,,,,,,,,,,,,,
47004,47004,10857,FactSet Research Systems Inc,FactSet Research Systems Inc.,,,,,,,,,,,,,,,,
47006,47006,2271,Xinhua Winshare Publishing and Media Co Ltd,Xinhua Winshare Publishing and Media Co. Ltd,,,,,,,,,,,,,,,,
47013,47013,28532,iA Financial Corporation,iA Financial Corporation Inc.,,,,,,,,,,,,,,,,
47014,47014,42268,H & A PALLETS LTD,H & A PARTNERS LTD,,,,,,,,,,,,,,,,
47034,47034,21368,Chemplast Sanmar,Chemplast Sanmar Limited,,,,,,,,,,,,,,,,
47041,47041,34369,UNIVERSITA' DEGLI STUDI DI PARMA,UNIVERSITA' DEGLI STUDI DI ROMA LA SAPIENZA,,,,,,,,,,,,,,,,
47065,47065,12713,Camel Group,Camel Group Co. Ltd,,,,,,,,,,,,,,,,
47077,47077,40556,BEAUTY AND THE BENEFIT LIMITED,BEAUTY AND THE BEST LTD,,,,,,,,,,,,,,,,
47082,47082,20861,Telecom Italia,Telecom Italia S.p.A.,,,,,,,,,,,,,,,,
47089,47089,3653,Fairfax Financial,Fairfax Financial Holdings,,,,,,,,,,,,,,,,
47100,47100,7200,GeneReach Biotechnology,GeneReach Biotechnology Corp,,,,,,,,,,,,,,,,
47146,47146,522,Oriental Pearl Group Co Ltd,Oriental Press Group Ltd,,,,,,,,,,,,,,,,
47147,47147,45298,Sedlmayr Grund Und Immobilien Ag,Sedlmayr Grund und Immobilien KGaA,,,,,,,,,,,,,,,,
47148,47148,33329,Shenzhen Mindray Bio-Medical Electronics Co. Ltd,Shenzhen Mindray Bio-medical Electronics,,,,,,,,,,,,,,,,
47154,47154,16790,Hunan Aihua Group,Hunan Aihua Group Co. Ltd,,,,,,,,,,,,,,,,
47155,47155,29938,Dollar General,Dollar General Corp,,,,,,,,,,,,,,,,
47187,47187,1120,Ferroglobe PLC,Ferroglobe Plc,,,,,,,,,,,,,,,,
47188,47188,33645,Juniper Networks,Juniper Networks Inc,,,,,,,,,,,,,,,,
47208,47208,16611,Orion Corp,Orion Corp.,,,,,,,,,,,,,,,,
47217,47217,2192,VEON Ltd,VEON Ltd.,,,,,,,,,,,,,,,,
47236,47236,10066,Magellan Midstream Partners LP,"Magellan Midstream Partners, L.P.",,,,,,,,,,,,,,,,
47244,47244,31148,Saudi Arabian Mining Co,Saudi Arabian Mining Company,,,,,,,,,,,,,,,,
47250,47250,23487,Molson Coors Beverage Co,Molson Coors Beverage Company,,,,,,,,,,,,,,,,
47257,47257,20242,Sekisui House,Sekisui House Ltd,,,,,,,,,,,,,,,,
47262,47262,22583,Systena Corp,Systena Corporation,,,,,,,,,,,,,,,,
47265,47265,3882,Sinotruk (Hong Kong) Ltd,Sinotruk (hong Kong),,,,,,,,,,,,,,,,
47274,47274,35327,China Southern Airlines,China Southern Airlines Co Ltd,,,,,,,,,,,,,,,,
47275,47275,41228,Kewpie Corp,Kewpie Corporation,,,,,,,,,,,,,,,,
47276,47276,22158,Mitsubishi Chemical,Mitsubishi Chemical Group Corp,,,,,,,,,,,,,,,,
47289,47289,23457,Credito Emiliano,Credito Emiliano S.p.A.,,,,,,,,,,,,,,,,
47309,47309,3474,Sino-American Silicon Products Inc,"Sino-American Silicon Products, Inc.",,,,,,,,,,,,,,,,
47320,47320,16808,Redes Energeticas Nacionais SA,Redes Energéticas Nacionais (REN),,,,,,,,,,,,,,,,
47322,47322,44961,China National Medicines Corp Ltd,China National Medicines Corporation,,,,,,,,,,,,,,,,
47324,47324,29408,QBE Insurance Group Limited,QBE Insurance Group Ltd,,,,,,,,,,,,,,,,
47331,47331,7398,Commercial Metals Co,Commercial Metals Company,,,,,,,,,,,,,,,,
47344,47344,16104,Alok Industries,Alok Industries Ltd,,,,,,,,,,,,,,,,
47348,47348,21734,Kimberly-Clark,Kimberly-Clark Corp,,,,,,,,,,,,,,,,
47355,47355,30831,National Grid,National Grid Plc,,,,,,,,,,,,,,,,
47356,47356,7785,Nikon Corp,Nikon Corporation,,,,,,,,,,,,,,,,
47357,47357,26920,Kingboard Laminates Holdings,Kingboard Laminates Holdings Ltd,,,,,,,,,,,,,,,,
47359,47359,25549,Lumen Technologies Inc,"Lumen Technologies, Inc.",,,,,,,,,,,,,,,,
47361,47361,4966,Ushio Inc,"Ushio, Inc.",,,,,,,,,,,,,,,,
47371,47371,42141,Q CONTRACTING LTD,Q CONTRACTORS LTD,,,,,,,,,,,,,,,,
47377,47377,42261,Nippon Paper Industries,Nippon Paper Industries Co Ltd,,,,,,,,,,,,,,,,
47386,47386,42687,SOFTWARE TECHNOLOGIES LTD,SOFTWARE TECHNOLOGY SOLUTIONS LTD,,,,,,,,,,,,,,,,
47392,47392,41633,Tenet Healthcare,Tenet Healthcare Corp,,,,,,,,,,,,,,,,
47404,47404,13187,Shanghai Lingang Holdings,"Shanghai Lingang Holdings Co.,Ltd.",,,,,,,,,,,,,,,,
47409,47409,16116,Encavis AG,Encavis Ag,,,,,,,,,,,,,,,,
47410,47410,46418,Anji Microelectronics Technology,Anji Microelectronics Technology (shanghai),,,,,,,,,,,,,,,,
47415,47415,46767,Rayonier Inc,Rayonier Inc.,,,,,,,,,,,,,,,,
47427,47427,34301,United Microelectronics,United Microelectronics Corp,,,,,,,,,,,,,,,,
47432,47432,7879,Interactive Brokers Group,Interactive Brokers Group Inc,,,,,,,,,,,,,,,,
47435,47435,23100,Barrick Gold Corp,Barrick Gold Corporation,,,,,,,,,,,,,,,,
47440,47440,34987,TALKING FINANCES LIMITED,TALKING FINANCES LTD.,,,,,,,,,,,,,,,,
47443,47443,37469,T & B LEE LTD,T & B LEISURE LTD,,,,,,,,,,,,,,,,
47447,47447,36634,Clipper Logistics,Clipper Logistics plc,,,,,,,,,,,,,,,,
47452,47452,14091,Consultatio,Consultatio SA,,,,,,,,,,,,,,,,
47458,47458,2117,Electrocomponents,Electrocomponents plc,,,,,,,,,,,,,,,,
47488,47488,25442,Navistar International Corp,Navistar International Corporation,,,,,,,,,,,,,,,,
47491,47491,24687,AstraZeneca,AstraZeneca Plc,,,,,,,,,,,,,,,,
47503,47503,22061,Grafton Group Plc,Grafton Group plc,,,,,,,,,,,,,,,,
47504,47504,9659,Merkkur,Merkkur*,,,,,,,,,,,,,,,,
47509,47509,2848,Juventus Football Club,Juventus Football Club SpA,,,,,,,,,,,,,,,,
47511,47511,19094,CloudWalk,CloudWave,,,,,,,,,,,,,,,,
47512,47512,21316,Zhejiang Medicine,Zhejiang Medicine Co Ltd,,,,,,,,,,,,,,,,
47514,47514,8189,Atos SE,Atos Se,,,,,,,,,,,,,,,,
47517,47517,38700,Korea Shipbuilding & Offshore Engineering,Korea Shipbuilding & Offshore Engineering Co Ltd,,,,,,,,,,,,,,,,
47540,47540,26225,Travis Perkins Plc,Travis Perkins plc,,,,,,,,,,,,,,,,
47548,47548,9334,Lenovo Group,Lenovo Group Ltd,,,,,,,,,,,,,,,,
47556,47556,29849,Television Francaise 1 SA,Television Francaise 1 Societe Anonyme,,,,,,,,,,,,,,,,
47565,47565,40168,Edison S.p.A.,Edison S.p.a,,,,,,,,,,,,,,,,
47566,47566,9237,International Games System Co. Ltd,"International Games System Co.,Ltd.",,,,,,,,,,,,,,,,
47569,47569,9519,Shaftesbury,Shaftesbury plc,,,,,,,,,,,,,,,,
47577,47577,16363,Turkcell Iletisim Hizmetleri A.S.,Turkcell Iletisim Hizmetleri AS,,,,,,,,,,,,,,,,
47596,47596,38618,Cognizant Technology Solutions,Cognizant Technology Solutions Corp,,,,,,,,,,,,,,,,
47603,47603,27567,Molson Coors Brewing,Molson Coors Brewing Company,,,,,,,,,,,,,,,,
47614,47614,30601,Shanghai Fosun Pharmaceutical,Shanghai Fosun Pharmaceutical (Group) Co Ltd,,,,,,,,,,,,,,,,
47625,47625,74,SOFTWARE INNOVATIONS UK LIMITED,SOFTWARE INNOVATORS LTD,,,,,,,,,,,,,,,,
47635,47635,3480,Orient Securities Co Ltd,Orient Securities Company,,,,,,,,,,,,,,,,
47638,47638,43085,Hormel Foods,Hormel Foods Corp,,,,,,,,,,,,,,,,
47641,47641,29519,Safilo Group S.p.A.,Safilo Group SpA,,,,,,,,,,,,,,,,
47642,47642,18570,Tronox Holdings,Tronox Holdings Plc,,,,,,,,,,,,,,,,
47685,47685,29973,Stantec,Stantec Inc,,,,,,,,,,,,,,,,
47707,47707,30952,Donatella,Donatella*,,,,,,,,,,,,,,,,
47709,47709,46347,Enphase Energy Inc,"Enphase Energy, Inc.",,,,,,,,,,,,,,,,
47728,47728,24324,Banca Monte dei Paschi di Siena,Banca Monte dei Paschi di Siena S.p.A.,,,,,,,,,,,,,,,,
47729,47729,9313,Franklin Resources,Franklin Resources Inc,,,,,,,,,,,,,,,,
47730,47730,16915,GOOD AFRO LTD,GOOD AFTERNOON LTD,,,,,,,,,,,,,,,,
47762,47762,31023,Total Access Communication Public Company,Total Access Communication Public Company Ltd,,,,,,,,,,,,,,,,
47766,47766,33341,Altran Technologies,Altran Technologies SA,,,,,,,,,,,,,,,,
47767,47767,30880,Varian Medical Systems Inc,"Varian Medical Systems, Inc.",,,,,,,,,,,,,,,,
47771,47771,15587,Mega Financial Holding,Mega Financial Holding Co Ltd,,,,,,,,,,,,,,,,
47777,47777,41967,Great Wall Motor Co Ltd,Great Wall Motor Company,,,,,,,,,,,,,,,,
47801,47801,41110,ORIX Corp,ORIX Corporation,,,,,,,,,,,,,,,,
47815,47815,15313,BEAUTY ANGELOS LTD,BEAUTY ANGELS (NW) LTD,,,,,,,,,,,,,,,,
47819,47819,27650,Bilfinger SE,Bilfinger Se,,,,,,,,,,,,,,,,
47820,47820,7800,Molson Coors Canada,Molson Coors Canada Inc.,,,,,,,,,,,,,,,,
47826,47826,29211,Leon's Furniture Limited,Leon's Furniture Ltd,,,,,,,,,,,,,,,,
47833,47833,18349,Transpire,Transporent,,,,,,,,,,,,,,,,
47835,47835,43528,AviChina Industry & Technology,AviChina Industry & Technology Co Ltd,,,,,,,,,,,,,,,,
47843,47843,30198,Target Healthcare REIT plc,Target Healthcare Reit,,,,,,,,,,,,,,,,
47856,47856,45442,S&P GLOBAL MARKET INTELLIGENCE INC.,S&P GLOBAL MARKET INTELLIGENCE LLC,,,,,,,,,,,,,,,,
47860,47860,16678,Glenveagh Properties Plc,Glenveagh Properties plc,,,,,,,,,,,,,,,,
47861,47861,35641,Flughafen Zurich Ag,Flughafen Zürich AG,,,,,,,,,,,,,,,,
47869,47869,28566,Singapore Telecommunications (singtel),Singapore Telecommunications Ltd,,,,,,,,,,,,,,,,
47880,47880,6165,China National Nuclear Power,China National Nuclear Power Co Ltd,,,,,,,,,,,,,,,,
47887,47887,22706,China Huarong Asset Management,China Huarong Asset Management Co. Ltd,,,,,,,,,,,,,,,,
47890,47890,30316,Scentre Group,Scentre Group Ltd,,,,,,,,,,,,,,,,
47896,47896,2058,Shenzhen Chipscreen Biosciences,Shenzhen Chipscreen Biosciences Co. Ltd,,,,,,,,,,,,,,,,
47897,47897,39670,Berli Jucker Public Company,Berli Jucker Public Company Ltd,,,,,,,,,,,,,,,,
47899,47899,23115,Tainan Spinning,Tainan Spinning Co. Ltd,,,,,,,,,,,,,,,,
47907,47907,10931,Healthcare Services Group,Healthcare Services Group Inc,,,,,,,,,,,,,,,,
47912,47912,14660,Universal Entertainment Corp,Universal Entertainment Corporation,,,,,,,,,,,,,,,,
47915,47915,20131,Canadian Tire,Canadian Tire Corp Ltd,,,,,,,,,,,,,,,,
47925,47925,10074,Electricity Generating Public Company,Electricity Generating Public Company Ltd,,,,,,,,,,,,,,,,
47926,47926,46949,Toyo Seikan Group Holdings,Toyo Seikan Group Holdings Ltd,,,,,,,,,,,,,,,,
47934,47934,24124,Autodesk,Autodesk Inc,,,,,,,,,,,,,,,,
47938,47938,5338,Chubu Electric Power Company,"Chubu Electric Power Company, Inc.",,,,,,,,,,,,,,,,
47945,47945,7862,Tianjin You Fa Steel Pipe Group Stock Co. Ltd,"Tianjin You Fa Steel Pipe Group Stock Co., Ltd.",,,,,,,,,,,,,,,,
47952,47952,13061,China Tobacco International,China Tobacco International (hk) Company,,,,,,,,,,,,,,,,
47955,47955,34288,General Logistics Systems Enterprise Srl,General Logistics Systems Italy Spa,,,,,,,,,,,,,,,,
47958,47958,26484,GN Store Nord,GN Store Nord A-S,,,,,,,,,,,,,,,,
47961,47961,6725,Comerica Inc,Comerica Incorporated,,,,,,,,,,,,,,,,
47968,47968,27629,Seven Generations Energy Ltd,Seven Generations Energy Ltd.,,,,,,,,,,,,,,,,
47979,47979,24523,"Public Joint Stock Company ""Sakhalinenergo""","Public Joint Stock Company ""TNS energo Kuban""",,,,,,,,,,,,,,,,
47980,47980,4696,Chennai Petroleum Corp Ltd,Chennai Petroleum Corporation,,,,,,,,,,,,,,,,
47983,47983,2217,Long Yuan Construction Group,Long Yuan Construction Group Co Ltd,,,,,,,,,,,,,,,,
47984,47984,39487,Investor AB,Investor Ab,,,,,,,,,,,,,,,,
47991,47991,47298,Stanley Electric,Stanley Electric Co. Ltd,,,,,,,,,,,,,,,,
47995,47995,37852,Ono Pharmaceutical Co Ltd,Ono Pharmaceutical Co. Ltd,,,,,,,,,,,,,,,,
48026,48026,15676,Severstal,Severstal PJSC,,,,,,,,,,,,,,,,
48035,48035,28585,WEC Energy Group,WEC Energy Group Inc,,,,,,,,,,,,,,,,
48054,48054,24676,GOOD AND GREEN LTD,GOOD AND GREY LTD,,,,,,,,,,,,,,,,
48056,48056,45264,Grand Pacific Petrochemical Corp,Grand Pacific Petrochemical Corporation,,,,,,,,,,,,,,,,
48058,48058,10525,CJ CheilJedang Corp,CJ Cheiljedang,,,,,,,,,,,,,,,,
48062,48062,30412,Shoprite Holdings,Shoprite Holdings Ltd,,,,,,,,,,,,,,,,
48088,48088,17592,Cleveland-Cliffs Inc,Cleveland-Cliffs Inc.,,,,,,,,,,,,,,,,
48096,48096,16989,SOFTWARE MOSAIC LIMITED,SOFTWARE MOUNTAIN LIMITED,,,,,,,,,,,,,,,,
48103,48103,24154,Shriram Transport Finance,Shriram Transport Finance Company,,,,,,,,,,,,,,,,
48127,48127,3507,Hrvatski Telekom,Hrvatski Telekom dd,,,,,,,,,,,,,,,,
48144,48144,16564,BEAUTY & AESTHETICS BY CARLA LTD,BEAUTY & AESTHETICS BY SONIA DALE LTD,,,,,,,,,,,,,,,,
48146,48146,24491,Unimicron Technology Corp,Unimicron Technology Corporation,,,,,,,,,,,,,,,,
48148,48148,12461,Rain Industries,Rain Industries Ltd,,,,,,,,,,,,,,,,
48155,48155,6828,Voltalia SA,Voltalia Sa,,,,,,,,,,,,,,,,
48170,48170,21383,China Ums,China Unicom,,,,,,,,,,,,,,,,
48184,48184,22177,Solar Applied Materials Technology Corp,Solar Applied Materials Technology Corporation,,,,,,,,,,,,,,,,
48185,48185,16879,SMCP SA,SMCP SAS,,,,,,,,,,,,,,,,
48189,48189,47006,Xinhua Winshare Publishing And Media,Xinhua Winshare Publishing and Media Co Ltd,,,,,,,,,,,,,,,,
48206,48206,29340,Prysmian,Prysmian Group,,,,,,,,,,,,,,,,
48208,48208,12517,Tosoh Corp,Tosoh Corporation,,,,,,,,,,,,,,,,
48211,48211,41980,GOOD COD LTD,GOOD CODE LTD,,,,,,,,,,,,,,,,
48220,48220,35710,Hyosung Advanced Materials Corp,Hyosung Advanced Materials Corporation,,,,,,,,,,,,,,,,
48221,48221,7349,Korea Zinc,Korea Zinc Co Ltd,,,,,,,,,,,,,,,,
48231,48231,1912,Bank of Nanjing,Bank of Nanjing Co Ltd,,,,,,,,,,,,,,,,
48235,48235,10971,Grandblue Environment,Grandblue Environment Co. Ltd,,,,,,,,,,,,,,,,
48259,48259,11471,Lotte Shopping,Lotte Shopping Co Ltd,,,,,,,,,,,,,,,,
48265,48265,9529,Cintas Corp,Cintas Corporation,,,,,,,,,,,,,,,,
48278,48278,30004,Saudi Arabian Oil Company (Saudi Aramco),Saudi Arabian Oil Company (saudi Aramco),,,,,,,,,,,,,,,,
48289,48289,7938,Plug Power,Plug Power Inc.,,,,,,,,,,,,,,,,
48296,48296,4936,Fiskars,Fiskars Corp,,,,,,,,,,,,,,,,
48301,48301,10020,BNK Financial Group,BNK Financial Group Inc,,,,,,,,,,,,,,,,
48307,48307,40065,T. Rowe Price Group,T. Rowe Price Group Inc,,,,,,,,,,,,,,,,
48312,48312,24358,Beijing-Shanghai High-Speed Railway,"Beijing-Shanghai High-Speed Railway Co.,Ltd.",,,,,,,,,,,,,,,,
48313,48313,45693,Talanx,Talanx AG,,,,,,,,,,,,,,,,
48323,48323,29548,Hana Microelectronics Public Company,Hana Microelectronics Public Company Ltd,,,,,,,,,,,,,,,,
48336,48336,47870,CORPORATE TRAVEL MANAGEMENT (EUROPE) LIMITED,CORPORATE TRAVEL MANAGEMENT (UNITED KINGDOM) LIMITED,,,,,,,,,,,,,,,,
48342,48342,6491,Samhallsbyggnadsbolaget I Norden,Samhallsbyggnadsbolaget I Norden Ab (publ),,,,,,,,,,,,,,,,
48350,48350,44668,Starbucks Corp,Starbucks Corporation,,,,,,,,,,,,,,,,
48358,48358,11449,Tapestry Inc,"Tapestry, Inc.",,,,,,,,,,,,,,,,
48367,48367,46860,T & B CONSULT LTD,T & B CONSULTING LIMITED,,,,,,,,,,,,,,,,
48369,48369,7948,Ooredoo,Ooredoo QPSC,,,,,,,,,,,,,,,,
48372,48372,30850,Globus Medical,"Globus Medical, Inc.",,,,,,,,,,,,,,,,
48389,48389,8836,Tokyo Seimitsu Co Ltd,Tokyo Seimitsu Co. Ltd,,,,,,,,,,,,,,,,
48392,48392,25103,GOOD AND USEFUL LTD,GOOD AND USEFUL TRADING LTD,,,,,,,,,,,,,,,,
48400,48400,21755,Army Medical Corps,Army Ordnance Corps,,,,,,,,,,,,,,,,
48401,48401,39077,Burford Capital,Burford Capital Limited,,,,,,,,,,,,,,,,
48408,48408,3938,Titan Wind Energy (Suzhou) Co Ltd,Titan Wind Energy (suzhou),,,,,,,,,,,,,,,,
48409,48409,22032,Naturgy Energy Group SA,"Naturgy Energy Group, SA",,,,,,,,,,,,,,,,
48411,48411,31378,Zhejiang Hisun Pharmaceutical,Zhejiang Hisun Pharmaceutical Co Ltd,,,,,,,,,,,,,,,,
48412,48412,3693,Sime Darby Berhad,Sime Darby Bhd,,,,,,,,,,,,,,,,
48433,48433,25502,Tung Ho Steel Enterprise Corp,Tung Ho Steel Enterprise Corporation,,,,,,,,,,,,,,,,
48438,48438,34207,Adecco Group,Adecco Group A.G.,,,,,,,,,,,,,,,,
48440,48440,11834,Mainstreet Equity,Mainstreet Equity Corp.,,,,,,,,,,,,,,,,
48457,48457,45096,Banco Comercial Portugues SA,Banco Comercial Português,,,,,,,,,,,,,,,,
48458,48458,2707,SG Holdings Co Ltd,"SG Holdings Co.,Ltd.",,,,,,,,,,,,,,,,
48467,48467,33947,Aptitude Software Group,Aptitude Software Group plc,,,,,,,,,,,,,,,,
48472,48472,25334,BEAUTY AND THE BULLYS LTD,BEAUTY AND THE BULLZ LIMITED,,,,,,,,,,,,,,,,
48484,48484,11971,Gazprom Neft,Gazprom Neft PJSC,,,,,,,,,,,,,,,,
48496,48496,35615,Truly International Holdings,Truly International Holdings Ltd,,,,,,,,,,,,,,,,
48507,48507,39931,ALL ABOUT CONSTRUCTION LTD,ALL ABOUT CONTENT LIMITED,,,,,,,,,,,,,,,,
48509,48509,7406,Aristocrat Leisure Limited,Aristocrat Leisure Ltd,,,,,,,,,,,,,,,,
48517,48517,35865,Sensirion Holding AG,Sensirion Holding Ag,,,,,,,,,,,,,,,,
48520,48520,2790,Wynn Resorts,Wynn Resorts Ltd,,,,,,,,,,,,,,,,
48536,48536,9482,Global-e Online Ltd,Global-e Online Ltd.,,,,,,,,,,,,,,,,
48548,48548,4124,SOFTWARE AUTOMATION INTERNATIONAL LTD,SOFTWARE AUTOMATION SOLUTIONS LTD,,,,,,,,,,,,,,,,
48560,48560,38445,Nordic Entertainment Group AB,Nordic Entertainment Group Ab (publ),,,,,,,,,,,,,,,,
48577,48577,16164,PhysicsWallah,Physicswallah,,,,,,,,,,,,,,,,
48580,48580,24611,MANOR FARM (SOLAR POWER) LTD,MANOR FARM SOLAR LIMITED,,,,,,,,,,,,,,,,
48592,48592,32173,Chesapeake Energy,Chesapeake Energy Corp,,,,,,,,,,,,,,,,
48600,48600,42077,Melita,Melitta,,,,,,,,,,,,,,,,
48609,48609,25166,France Bieres,France Bières,,,,,,,,,,,,,,,,
48611,48611,31864,BEAUTY AND THE BABE LTD,BEAUTY AND THE BAKE LTD,,,,,,,,,,,,,,,,
48617,48617,15814,SOFTWARE SYSTEMS LIMITED,SOFTWARE SYSTEMS LTD,,,,,,,,,,,,,,,,
48618,48618,474,Beijing United Information Technology,"Beijing United Information Technology Co.,Ltd.",,,,,,,,,,,,,,,,
48619,48619,44059,Kornit Digital,Kornit Digital Ltd.,,,,,,,,,,,,,,,,
48620,48620,18282,SOFTWARE IMAGING LIMITED,SOFTWARE IMAGING TECHNOLOGY LIMITED,,,,,,,,,,,,,,,,
48651,48651,35730,Kagome Co Ltd,Kagome Co. Ltd,,,,,,,,,,,,,,,,
48658,48658,37384,Q ANNE MIDCO 1 LIMITED,Q ANNE MIDCO 2 LIMITED,,,,,,,,,,,,,,,,
48671,48671,44981,Duke Energy,Duke Energy Corp,,,,,,,,,,,,,,,,
48674,48674,21026,Woodside Petroleum,Woodside Petroleum Ltd,,,,,,,,,,,,,,,,
48675,48675,39490,SS&C Technologies Holdings Inc,"SS&C Technologies Holdings, Inc.",,,,,,,,,,,,,,,,
48678,48678,35040,Sumitomo Electric,Sumitomo Electric Industries,,,,,,,,,,,,,,,,
48689,48689,17765,Sydbank A-S,Sydbank A/s,,,,,,,,,,,,,,,,
48700,48700,12773,FirstEnergy,FirstEnergy Corp,,,,,,,,,,,,,,,,
48701,48701,30336,GOOD CRAIC CAFE LTD,GOOD CRAIC LIMITED,,,,,,,,,,,,,,,,
48708,48708,20409,Procter & Gamble,Procter & Gamble Company,,,,,,,,,,,,,,,,
48723,48723,30815,Neighbourly Pharmacy Inc.,"Neighbourly Pharmacy, Inc.",,,,,,,,,,,,,,,,
48752,48752,36933,John Wood Group,John Wood Group Plc,,,,,,,,,,,,,,,,
48755,48755,24266,Ingles Markets,Ingles Markets Inc,,,,,,,,,,,,,,,,
48760,48760,39677,Wuling Motor Holdings,Wuling Motors Holdings Ltd,,,,,,,,,,,,,,,,
48762,48762,33434,Grupo Carso SA de CV,"Grupo Carso, S.A.B. de C.V.",,,,,,,,,,,,,,,,
48790,48790,12394,ALL ABOUT ME ENTERPRISES LIMITED,ALL ABOUT ME FITNESS LTD,,,,,,,,,,,,,,,,
48791,48791,17821,Iyo Bank,Iyo Bank Ltd,,,,,,,,,,,,,,,,
48796,48796,9155,BEAUTY BEAUTIQUE LTD,BEAUTY BEAUTY HAIR LTD,,,,,,,,,,,,,,,,
48805,48805,39782,Teva Pharmaceutical,Teva Pharmaceutical Industries,,,,,,,,,,,,,,,,
48808,48808,8399,Pharma Mar,"Pharma Mar, SA",,,,,,,,,,,,,,,,
48815,48815,12806,ManpowerGroup,ManpowerGroup Inc,,,,,,,,,,,,,,,,
48829,48829,7394,Public Joint Stock Company ALROSA-Nurba,Public Joint Stock Company Abrau-Durso,,,,,,,,,,,,,,,,
48832,48832,38731,"Amadeus IT Group, SA",Amadeus It Group,,,,,,,,,,,,,,,,
48844,48844,38687,Country Garden Holdings Co Ltd,Country Garden Holdings Company,,,,,,,,,,,,,,,,
48851,48851,12193,Fujian Aonong Biological Technology Group InCorp Ltd,Fujian Aonong Biological Technology Group Incorporation,,,,,,,,,,,,,,,,
48855,48855,5152,Avista Corp,Avista Corporation,,,,,,,,,,,,,,,,
48860,48860,10395,BEAUTY ADDICTION NAILS LTD,BEAUTY ADDICTS LTD,,,,,,,,,,,,,,,,
48862,48862,5202,Vitl,Vitol,,,,,,,,,,,,,,,,
48868,48868,27574,Honda Motor,Honda Motor Co Ltd,,,,,,,,,,,,,,,,
48874,48874,14011,Fidelity European Values,Fidelity European Values plc,,,,,,,,,,,,,,,,
48879,48879,34061,Avangrid Inc,"Avangrid, Inc.",,,,,,,,,,,,,,,,
48885,48885,28371,Eternal Asia Supply Chain Management,Eternal Asia Supply Chain Management LTD,,,,,,,,,,,,,,,,
48886,48886,9747,Scale AI,Scale Ai,,,,,,,,,,,,,,,,
48888,48888,32320,Murray International Trust,Murray International Trust plc,,,,,,,,,,,,,,,,
48908,48908,30425,China Wafer Level CSP Co. Ltd,China Wafer Level Csp,,,,,,,,,,,,,,,,
48915,48915,34955,Lancaster Colony Corp,Lancaster Colony Corporation,,,,,,,,,,,,,,,,
48916,48916,1503,Harbin Bank,Harbin Bank Co Ltd,,,,,,,,,,,,,,,,
48918,48918,39576,Tadano,Tadano Ltd,,,,,,,,,,,,,,,,
48919,48919,3102,Shimizu,Shimizu Corp,,,,,,,,,,,,,,,,
48932,48932,16384,"Domino's Pizza, Inc.",Dominos Pizza,,,,,,,,,,,,,,,,
48945,48945,20386,The Interpublic Group of Companies Inc,"The Interpublic Group of Companies, Inc.",,,,,,,,,,,,,,,,
48949,48949,41198,Aberforth Smaller Companies Trust,Aberforth Smaller Companies Trust plc,,,,,,,,,,,,,,,,
48958,48958,23940,Mednax,Mednax Inc,,,,,,,,,,,,,,,,
48967,48967,31090,CEMEX SAB de CV,"CEMEX, S.A.B. de C.V.",,,,,,,,,,,,,,,,
48980,48980,31677,Cathay Pacific Airways,Cathay Pacific Airways Ltd,,,,,,,,,,,,,,,,
49012,49012,27881,U DIG LTD,U DIGIT LTD,,,,,,,,,,,,,,,,
49019,49019,2352,Bausch Health Companies Inc,Bausch Health Companies Inc.,,,,,,,,,,,,,,,,
49020,49020,42755,Sanan Optoelectronics,Sanan Optoelectronics Co. Ltd,,,,,,,,,,,,,,,,
49023,49023,2544,Kingsoft Cloud,Kingsoft Corp Ltd,,,,,,,,,,,,,,,,
49032,49032,12130,eila Consulting,eila consulting,,,,,,,,,,,,,,,,
49035,49035,25864,Arcadyan Technology Corp,Arcadyan Technology Corporation,,,,,,,,,,,,,,,,
49058,49058,47303,Mediaset Espana Comunicacion,Mediaset Espana Comunicacion SA,,,,,,,,,,,,,,,,
49061,49061,32090,Great Wall Enterprise,Great Wall Enterprise Co. Ltd,,,,,,,,,,,,,,,,
49062,49062,19381,Rogers Communications Inc,Rogers Communications Inc.,,,,,,,,,,,,,,,,
49073,49073,42265,Scor,Scor Se,,,,,,,,,,,,,,,,
49077,49077,34837,Banca Farmafactoring,Banca Farmafactoring S.p.A.,,,,,,,,,,,,,,,,
49100,49100,34029,Domino's Pizza Enterprises Limited,Domino's Pizza Enterprises Ltd,,,,,,,,,,,,,,,,
49112,49112,29668,Syneos Health Inc,"Syneos Health, Inc.",,,,,,,,,,,,,,,,
49119,49119,5527,Zhejiang Kaishan Compressor,Zhejiang Kaishan Compressor Co. Ltd,,,,,,,,,,,,,,,,
49123,49123,28068,Uflex,Uflex Ltd,,,,,,,,,,,,,,,,
49125,49125,23323,Mitsubishi Logisnext,Mitsubishi Logisnext Co Ltd,,,,,,,,,,,,,,,,
49159,49159,4532,Metalurgica Gerdau,Metalurgica Gerdau SA,,,,,,,,,,,,,,,,
49167,49167,22150,Prometeo,Prometheus,,,,,,,,,,,,,,,,
49175,49175,47961,Comerica,Comerica Inc,,,,,,,,,,,,,,,,
49176,49176,47911,Asia Hotel Public Company Ltd,Asia Metal Public Company Ltd,,,,,,,,,,,,,,,,
49182,49182,28508,ALL ABOUT REHAB LTD,ALL ABOUT RENTALS LTD,,,,,,,,,,,,,,,,
49183,49183,41033,Seera Group Holding,Seera Holding Group,,,,,,,,,,,,,,,,
49187,49187,34206,Nien Made Enterprise,Nien Made Enterprise Co Ltd,,,,,,,,,,,,,,,,
49200,49200,30743,United Internet,United Internet AG,,,,,,,,,,,,,,,,
49205,49205,24009,V & S CONSULTANCY LIMITED,V & S CONSULTING LIMITED,,,,,,,,,,,,,,,,
49211,49211,8022,Ichor Holdings,Ichor Holdings Ltd,,,,,,,,,,,,,,,,
49215,49215,32801,Kajima Corp,Kajima Corporation,,,,,,,,,,,,,,,,
49223,49223,3154,Divi's Laboratories,Divi's Laboratories Ltd,,,,,,,,,,,,,,,,
49232,49232,47597,GOOD CONTACT LIMITED,GOOD CONTENT LTD,,,,,,,,,,,,,,,,
49238,49238,29109,Yulon Motor Company,Yulon Motor Company Ltd,,,,,,,,,,,,,,,,
49253,49253,16112,ALL ABOUT BUILDING HOMES LIMITED,ALL ABOUT BUILDING LTD,,,,,,,,,,,,,,,,
49254,49254,21386,Sun Hung Kai Properties,Sun Hung Kai Properties Ltd,,,,,,,,,,,,,,,,
49260,49260,14840,Marsh & McLennan Companies Inc,"Marsh & McLennan Companies, Inc.",,,,,,,,,,,,,,,,
49275,49275,39114,Daikin Industries,Daikin Industries Ltd,,,,,,,,,,,,,,,,
49286,49286,10124,SOFTWARE ASSOCIATES INTERNATIONAL LTD,SOFTWARE ASSOCIATES LIMITED,,,,,,,,,,,,,,,,
49288,49288,39586,Northern Star Resources,Northern Star Resources Limited,,,,,,,,,,,,,,,,
49297,49297,36602,Microchip Technology Inc,Microchip Technology Incorporated,,,,,,,,,,,,,,,,
49305,49305,5991,"Hangzhou DPtech Technologies Co.,Ltd.",Hangzhou Dptech Technologies,,,,,,,,,,,,,,,,
49308,49308,46135,GOOD DAY AGENCY LIMITED,GOOD DAY CAFE LIMITED,,,,,,,,,,,,,,,,
49322,49322,27391,Ultratech Cement,Ultratech Cement Ltd- Rmc Div,,,,,,,,,,,,,,,,
49325,49325,10173,STMicroelectronics,STMicroelectronics Careers,,,,,,,,,,,,,,,,
49328,49328,16972,Public Joint Stock Company Buryatzoloto,Public Joint Stock Company GAZ,,,,,,,,,,,,,,,,
49346,49346,17836,Inghams Group,Inghams Group Limited,,,,,,,,,,,,,,,,
49348,49348,26661,Tiger Brands,Tiger Brands Ltd,,,,,,,,,,,,,,,,
49355,49355,21272,ALL ABOUT NAMES LIMITED,ALL ABOUT NATA LIMITED,,,,,,,,,,,,,,,,
49383,49383,28660,Geniem,Genies,,,,,,,,,,,,,,,,
49393,49393,37683,Carranco,Carraro,,,,,,,,,,,,,,,,
49394,49394,40332,Financiere Moncey,Financiere Moncey Sa,,,,,,,,,,,,,,,,
49404,49404,42894,Valentino SpA,Valentino Spa,,,,,,,,,,,,,,,,
49416,49416,16936,PKSHA Technology,"PKSHA Technology, Inc.",,,,,,,,,,,,,,,,
49421,49421,15703,Chongqing Iron & Steel Company Limited,Chongqing Iron & Steel Company Ltd,,,,,,,,,,,,,,,,
49423,49423,12488,Linamar Corp,Linamar Corporation,,,,,,,,,,,,,,,,
49425,49425,24506,Bentley InnoMed,Bentley Innomed,,,,,,,,,,,,,,,,
49447,49447,44014,Tauron Polska Energia,Tauron Polska Energia SA,,,,,,,,,,,,,,,,
49455,49455,27626,Brown-Forman,Brown-Forman Corp,,,,,,,,,,,,,,,,
49462,49462,14373,Ramsay Health Care,Ramsay Health Care Limited,,,,,,,,,,,,,,,,
49477,49477,36395,Cigna Corp,Cigna Corporation,,,,,,,,,,,,,,,,
49492,49492,31525,Eiffage SA,Eiffage Sa,,,,,,,,,,,,,,,,
49493,49493,23795,Evercore,Evercore Inc,,,,,,,,,,,,,,,,
49494,49494,654,H & B CARE LIMITED,H & B CARGO LIMITED,,,,,,,,,,,,,,,,
49496,49496,10068,Anglo American Platinum Ltd,Anglo American Plc,,,,,,,,,,,,,,,,
49502,49502,5520,Invesco Ltd,Invesco Ltd.,,,,,,,,,,,,,,,,
49522,49522,22590,Mabuchi Motor Co Ltd,Mabuchi Motor Co. Ltd,,,,,,,,,,,,,,,,
49523,49523,40980,Western Digital,Western Digital Corp,,,,,,,,,,,,,,,,
49525,49525,28264,Sumitomo Heavy Industries,Sumitomo Heavy Industries Ltd,,,,,,,,,,,,,,,,
49527,49527,35894,Nordson Corp,Nordson Corporation,,,,,,,,,,,,,,,,
49534,49534,46664,Sunresin New Materials,Sunresin New Materials Co. Ltd,,,,,,,,,,,,,,,,
49537,49537,12171,Pilgrim's Pride Corp,Pilgrim's Pride Corporation,,,,,,,,,,,,,,,,
49541,49541,46071,Burckhardt Compression,Burckhardt Compression Holding AG,,,,,,,,,,,,,,,,
49562,49562,21503,Kingspan Group,Kingspan Group PLC,,,,,,,,,,,,,,,,
49575,49575,13979,Flat Glass Group,Flat Glass Group Co Ltd,,,,,,,,,,,,,,,,
49587,49587,23831,Alfresa Holdings Corp,Alfresa Holdings Corporation,,,,,,,,,,,,,,,,
49595,49595,44165,Oppein Home Group,"Oppein Home Group, Inc.",,,,,,,,,,,,,,,,
49598,49598,5028,BAD INTENTIONS BOXING LIMITED,BAD INTENTIONS CLOTHING LIMITED,,,,,,,,,,,,,,,,
49601,49601,31827,The Kroger Co,The Kroger Co.,,,,,,,,,,,,,,,,
49603,49603,26794,Schneider National,Schneider National Inc,,,,,,,,,,,,,,,,
49608,49608,13983,Gamma Communications,Gamma Communications plc,,,,,,,,,,,,,,,,
49614,49614,35168,BEAUTY & WELLNESS LTD,BEAUTY & WHOLENESS BAR LTD,,,,,,,,,,,,,,,,
49626,49626,10532,C C Land Holdings,C C Land Holdings Ltd,,,,,,,,,,,,,,,,
49630,49630,41606,Hylink Digital Solution,Hylink Digital Solutions Careers,,,,,,,,,,,,,,,,
49633,49633,35354,Capital Securities Corp,Capital Securities Corporation,,,,,,,,,,,,,,,,
49635,49635,32564,Astec Industries,Astec Industries Inc,,,,,,,,,,,,,,,,
49647,49647,42732,NEW AGE RESOURCE LTD,NEW AGE RETRO LTD,,,,,,,,,,,,,,,,
49652,49652,1556,Fuyao Glass Industry Group,Fuyao Glass Industry Group Co Ltd,,,,,,,,,,,,,,,,
49654,49654,4472,Huishang Bank Corp Ltd,Huishang Bank Corporation,,,,,,,,,,,,,,,,
49657,49657,45056,J Sainsbury,J Sainsbury Plc,,,,,,,,,,,,,,,,
49668,49668,45109,Heijmans N.V.,Heijmans NV,,,,,,,,,,,,,,,,
49670,49670,41327,WESCO International Inc,"WESCO International, Inc.",,,,,,,,,,,,,,,,
49695,49695,5471,NEW AGE FASHION LTD,NEW AGE FINANCE LTD,,,,,,,,,,,,,,,,
49705,49705,38997,Veoneer,Veoneer Inc,,,,,,,,,,,,,,,,
49710,49710,32029,BEAUTY AND SURGERY LTD,BEAUTY AND SYMMETRY LTD,,,,,,,,,,,,,,,,
49719,49719,504,DTP HOSPITALITY LTD.,DTP HOSPITALITY UK LIMITED,,,,,,,,,,,,,,,,
49726,49726,42815,Union Pacific,Union Pacific Corp,,,,,,,,,,,,,,,,
49729,49729,28342,C.H. Robinson Worldwide Inc,"C.H. Robinson Worldwide, Inc.",,,,,,,,,,,,,,,,
49733,49733,3521,Umicore NV/SA,Umicore SA,,,,,,,,,,,,,,,,
49744,49744,40960,Public Bank,Public Bank Berhad,,,,,,,,,,,,,,,,
49745,49745,15627,Banco Bilbao Vizcaya Argentaria Colombia SA,"Banco Bilbao Vizcaya Argentaria, SA",,,,,,,,,,,,,,,,
49750,49750,31640,Mynt,Myntra,,,,,,,,,,,,,,,,
49775,49775,42399,Fuji Oil Holdings,Fuji Oil Holdings Inc,,,,,,,,,,,,,,,,
49776,49776,27479,Redfin Corp,Redfin Corporation,,,,,,,,,,,,,,,,
49782,49782,17847,Loblaw Companies,Loblaw Companies Limited,,,,,,,,,,,,,,,,
49783,49783,18944,Deckers Outdoor Corp,Deckers Outdoor Corporation,,,,,,,,,,,,,,,,
49786,49786,5267,Extreme Networks,Extreme Networks Inc,,,,,,,,,,,,,,,,
49804,49804,14644,ALL ABOUT COMMUNICATION LIMITED,ALL ABOUT COMMUNITY LTD,,,,,,,,,,,,,,,,
49805,49805,35045,Ares Management Corp,Ares Management Corporation,,,,,,,,,,,,,,,,
49850,49850,47804,Singapore O&G,Singapore O&G Ltd,,,,,,,,,,,,,,,,
49851,49851,20408,Yaskawa Electric Corp,Yaskawa Electric Corporation,,,,,,,,,,,,,,,,
49859,49859,12785,Glenmark Life Sciences,Glenmark Life Sciences Limited,,,,,,,,,,,,,,,,
49863,49863,32621,Wuxi Shangji Automation,Wuxi Shangji Automation Co. Ltd,,,,,,,,,,,,,,,,
49865,49865,17412,Far Eastone Telecommunications,Far Eastone Telecommunications Co Ltd,,,,,,,,,,,,,,,,
49869,49869,15610,Kureha Corp,Kureha Corporation,,,,,,,,,,,,,,,,
49871,49871,36491,Crescent Point Energy,Crescent Point Energy Corp,,,,,,,,,,,,,,,,
49878,49878,34451,IHS Markit Ltd,IHS Markit Ltd.,,,,,,,,,,,,,,,,
49890,49890,19132,Gruppo MutuiOnline S.p.A.,Gruppo Mutuionline S.p.a,,,,,,,,,,,,,,,,
49917,49917,21459,"Cofco Sugar Holding CO.,LTD.",Cofco Sugar Holding Co Ltd,,,,,,,,,,,,,,,,
49924,49924,37103,Nagoya Railroad Co Ltd,Nagoya Railroad Co. Ltd,,,,,,,,,,,,,,,,
49934,49934,5731,Edgewell Personal Care Co,Edgewell Personal Care Company,,,,,,,,,,,,,,,,
49956,49956,34613,Megmilk Snow Brand Co Ltd,Megmilk Snow Brand Co. Ltd,,,,,,,,,,,,,,,,
49978,49978,28606,Carlisle Companies,Carlisle Companies Inc,,,,,,,,,,,,,,,,
49979,49979,34077,Boryszew,Boryszew SA,,,,,,,,,,,,,,,,
49997,49997,46494,Zur Rose Group AG,Zur Rose Group Ag,,,,,,,,,,,,,,,,
50004,50004,27433,China Coal Xinji Energy,China Coal Xinji Energy Co Ltd,,,,,,,,,,,,,,,,
50005,50005,21748,PT Bank Rakyat Indonesia Agroniaga Tbk,PT Bank Rakyat Indonesia Persero Tbk,,,,,,,,,,,,,,,,
50012,50012,2389,Medartis Holding AG,Medartis Holding Ag,,,,,,,,,,,,,,,,
50020,50020,48457,Banco Comercial Portugues,Banco Comercial Portugues SA,,,,,,,,,,,,,,,,
50022,50022,49929,ALL ABOUT CARE LIMITED,ALL ABOUT CARE SOUTH WEST LIMITED,,,,,,,,,,,,,,,,
50026,50026,809,Bank of Chengdu Co Ltd,Bank of Chengdu Co. Ltd,,,,,,,,,,,,,,,,
50028,50028,3169,Intercontinental Exchange Inc,"Intercontinental Exchange, Inc.",,,,,,,,,,,,,,,,
50036,50036,19418,Audi AG,Audi Ag,,,,,,,,,,,,,,,,
50037,50037,1340,Daiwa Office Investment Corp,Daiwa Office Investment Corporation,,,,,,,,,,,,,,,,
50042,50042,29653,Freshworks,Freshworks Inc,,,,,,,,,,,,,,,,
50065,50065,35714,GoDaddy Inc,GoDaddy Inc.,,,,,,,,,,,,,,,,
50083,50083,22794,Astellas Pharma,Astellas Pharma Inc,,,,,,,,,,,,,,,,
50088,50088,12921,NEW AGE STONE LTD,NEW AGE STORE LTD,,,,,,,,,,,,,,,,
50092,50092,38586,Chaozhou Three-Circle,Chaozhou Three-circle (group),,,,,,,,,,,,,,,,
50103,50103,17677,Exelixis,Exelixis Inc,,,,,,,,,,,,,,,,
50105,50105,27265,Teradata,Teradata Corp,,,,,,,,,,,,,,,,
50107,50107,23458,ALL ABOUT FACE LTD,ALL ABOUT FAMILIES LTD,,,,,,,,,,,,,,,,
50127,50127,18153,U DRIVE LANCS LIMITED,U DRIVE MSM LIMITED,,,,,,,,,,,,,,,,
50140,50140,1210,Fielmann,Fielmann AG,,,,,,,,,,,,,,,,
50146,50146,46993,Xinjiang Zhongtai Chemical,Xinjiang Zhongtai Chemical Co Ltd,,,,,,,,,,,,,,,,
50156,50156,5175,Bravida Holding AB,Bravida Holding Ab (publ),,,,,,,,,,,,,,,,
50164,50164,42165,United Industrial Corp Ltd,United Industrial Corporation,,,,,,,,,,,,,,,,
50168,50168,4094,Paul Hartmann AG,Paul Hartmann Ag,,,,,,,,,,,,,,,,
50171,50171,30940,T & B INVESTMENT PROPERTIES LTD,T & B INVESTMENTS LIMITED,,,,,,,,,,,,,,,,
50176,50176,18446,New Wave Group AB,New Wave Group Ab (publ),,,,,,,,,,,,,,,,
50181,50181,39011,Tobu Railway,Tobu Railway Co Ltd,,,,,,,,,,,,,,,,
50187,50187,7243,Luzerner Kantonalbank,Luzerner Kantonalbank AG,,,,,,,,,,,,,,,,
50201,50201,23503,Greenlam Industries,Greenlam Industries Ltd,,,,,,,,,,,,,,,,
50208,50208,11492,Magyar Telekom,Magyar Telekom Plc,,,,,,,,,,,,,,,,
50213,50213,29844,Epiroc,Epiroc AB,,,,,,,,,,,,,,,,
50228,50228,42530,Fincantieri S.p.A.,Fincantieri S.p.a.,,,,,,,,,,,,,,,,
50229,50229,47284,Fuchs Petrolub SE,Fuchs Petrolub Se,,,,,,,,,,,,,,,,
50236,50236,27939,Lindt & Sprungli,Lindt & Sprungli Spa,,,,,,,,,,,,,,,,
50243,50243,5135,Air New Zealand Limited,Air New Zealand Ltd,,,,,,,,,,,,,,,,
50257,50257,49174,Speed Tech,Speed Tech Corp,,,,,,,,,,,,,,,,
50260,50260,4038,Oriental Land,Oriental Land Co. Ltd,,,,,,,,,,,,,,,,
50266,50266,34734,Carl Zeiss Meditec AG,Carl Zeiss Meditec Ag,,,,,,,,,,,,,,,,
50270,50270,37149,Shanghai Maling Aquarius,Shanghai Maling Aquarius Co Ltd,,,,,,,,,,,,,,,,
50282,50282,45303,Zions Bancorporation National Association,"Zions Bancorporation, National Association",,,,,,,,,,,,,,,,
50293,50293,26898,Novavax Inc,"Novavax, Inc.",,,,,,,,,,,,,,,,
50319,50319,13949,Ceconomy,Ceconomy AG,,,,,,,,,,,,,,,,
50320,50320,11840,Strauss Group,Strauss Group Ltd,,,,,,,,,,,,,,,,
50322,50322,36128,Fortescue Metals Group,Fortescue Metals Group Limited,,,,,,,,,,,,,,,,
50340,50340,47938,Chubu Electric Power Co Inc,Chubu Electric Power Company,,,,,,,,,,,,,,,,
50346,50346,7603,Nuance Communications,Nuance Communications Careers,,,,,,,,,,,,,,,,
50353,50353,42086,Toshiba Corp,Toshiba Corporation,,,,,,,,,,,,,,,,
50357,50357,11317,Welcia Holdings,Welcia Holdings Co. Ltd,,,,,,,,,,,,,,,,
50360,50360,9218,Evonik Industries,Evonik Industries AG,,,,,,,,,,,,,,,,
50371,50371,27450,Northland Power,Northland Power Inc,,,,,,,,,,,,,,,,
50392,50392,41596,Meritor,Meritor Inc,,,,,,,,,,,,,,,,
50393,50393,17420,Nielsen Holdings,Nielsen Holdings plc,,,,,,,,,,,,,,,,
50394,50394,25857,BEAUTY AESTHETICS SALON LTD,BEAUTY AESTHETICS TRAINING LIMITED,,,,,,,,,,,,,,,,
50399,50399,84,G R Infraprojects,G R Infraprojects Limited,,,,,,,,,,,,,,,,
50401,50401,3198,Nine Entertainment Co. Holdings,Nine Entertainment Co. Holdings Limited,,,,,,,,,,,,,,,,
50409,50409,33109,Pou Chen Corp,Pou Chen Corporation,,,,,,,,,,,,,,,,
50412,50412,28748,Vesuvius,Vesuvius plc,,,,,,,,,,,,,,,,
50419,50419,11334,GOOD COMPANY NETWORK LTD,GOOD COMPANY RECORDS LTD,,,,,,,,,,,,,,,,
50426,50426,32424,Acadia Healthcare Company,"Acadia Healthcare Company, Inc.",,,,,,,,,,,,,,,,
50449,50449,8318,"Mattel, Inc.","Matterport, Inc.",,,,,,,,,,,,,,,,
50459,50459,41095,Xiamen Meiya Pico Information,"Xiamen Meiya Pico Information Co.,LTD.",,,,,,,,,,,,,,,,
50463,50463,41293,Truist Financial,Truist Financial Corp,,,,,,,,,,,,,,,,
50465,50465,46815,Empresa Nacional De Telecomunicaciones,Empresa Nacional de Telecomunicaciones SA,,,,,,,,,,,,,,,,
50468,50468,46786,Daifuku Co Ltd,Daifuku Co. Ltd,,,,,,,,,,,,,,,,
50469,50469,20770,Red Star Macalline Group Corp Ltd,Red Star Macalline Group Corporation,,,,,,,,,,,,,,,,
50474,50474,27885,Brighton-Best International,Brighton-best International (taiwan),,,,,,,,,,,,,,,,
50475,50475,36090,O'Reilly Automotive Inc,"O'Reilly Automotive, Inc.",,,,,,,,,,,,,,,,
50487,50487,14669,Loews Corp,Loews Corporation,,,,,,,,,,,,,,,,
50488,50488,43401,Adani Enterprises,Adani Enterprises Ltd,,,,,,,,,,,,,,,,
50511,50511,14702,Watches Of Switzerland Group,Watches Of Switzerland Group PLC,,,,,,,,,,,,,,,,
50519,50519,24917,NEW ACCESS GROUP LTD,NEW ACCESS UK LTD,,,,,,,,,,,,,,,,
50525,50525,14953,ALL ABOUT THE GIRL LTD,ALL ABOUT THE GRIND LTD,,,,,,,,,,,,,,,,
50527,50527,10474,Sopra Steria Group SA,Sopra Steria Group Sa,,,,,,,,,,,,,,,,
50531,50531,36647,Copart,Copart Inc,,,,,,,,,,,,,,,,
50556,50556,18961,Turtle,Turtlemint,,,,,,,,,,,,,,,,
50566,50566,17265,Kent Gida Maddeleri Sanayii Ve Ticaret,Kent Gida Maddeleri Sanayii ve Ticaret A.S.,,,,,,,,,,,,,,,,
50572,50572,8448,St. Galler Kantonalbank AG,St. Galler Kantonalbank Ag,,,,,,,,,,,,,,,,
50577,50577,31395,Smarkets,Smart,,,,,,,,,,,,,,,,
50590,50590,27687,Fujikura,Fujikura Ltd,,,,,,,,,,,,,,,,
50591,50591,2179,Xiangtan Electric Manufacturing,Xiangtan Electric Manufacturing Co. Ltd,,,,,,,,,,,,,,,,
50601,50601,43826,Faurecia,Faurecia S.e,,,,,,,,,,,,,,,,
50603,50603,26325,Tecon Biology Co Ltd,Tecon Biology Co.ltd,,,,,,,,,,,,,,,,
50604,50604,28603,Essex Property Trust,Essex Property Trust Inc,,,,,,,,,,,,,,,,
50609,50609,22412,Quebecor,Quebecor Inc,,,,,,,,,,,,,,,,
50611,50611,13822,United Aircraft Corp,United Aircraft Corporation,,,,,,,,,,,,,,,,
50645,50645,24946,Rieter Holding AG,Rieter Holding Ag,,,,,,,,,,,,,,,,
50667,50667,44316,Olectra Greentech,Olectra Greentech Limited,,,,,,,,,,,,,,,,
50668,50668,16474,China Datang Corporation Renewable Power,China Datang Corporation Renewable Power Co Ltd,,,,,,,,,,,,,,,,
50677,50677,36690,Darling Ingredients Inc,Darling Ingredients Inc.,,,,,,,,,,,,,,,,
50705,50705,22174,Fastenal Co,Fastenal Company,,,,,,,,,,,,,,,,
50707,50707,9130,Adobe,Adobute,,,,,,,,,,,,,,,,
50712,50712,34603,Alleghany,Alleghany Corp,,,,,,,,,,,,,,,,
50713,50713,37139,Manhattan Associates,"Manhattan Associates, Inc.",,,,,,,,,,,,,,,,
50718,50718,35961,Bajaj Auto,Bajaj Auto Ltd,,,,,,,,,,,,,,,,
50737,50737,67,Sensata Technologies Holding,Sensata Technologies Holding plc,,,,,,,,,,,,,,,,
50749,50749,12541,Dassault Systèmes,Dassault Systèmes SE,,,,,,,,,,,,,,,,
50752,50752,35020,Maxims,Maximus,,,,,,,,,,,,,,,,
50755,50755,16962,Centamin,Centamin plc,,,,,,,,,,,,,,,,
50757,50757,44105,H & A BAL HAULAGE LIMITED,H & A BELLA LIMITED,,,,,,,,,,,,,,,,
50760,50760,29137,Bizlink Holding,"Bizlink Holding, Inc.",,,,,,,,,,,,,,,,
50764,50764,4917,Vestas Wind Systems A/s,Vestas Wind Systems AS,,,,,,,,,,,,,,,,
50768,50768,18289,Advanced Medical Solutions Group,Advanced Medical Solutions Group plc,,,,,,,,,,,,,,,,
50784,50784,16864,BAD MADAM LIMITED,BAD MAGIC LIMITED,,,,,,,,,,,,,,,,
50791,50791,30791,Informa PLC,Informa Plc,,,,,,,,,,,,,,,,
50798,50798,45389,Moncler S.p.A.,Moncler SpA,,,,,,,,,,,,,,,,
50799,50799,3629,OZ Minerals Limited,OZ Minerals Ltd,,,,,,,,,,,,,,,,
50808,50808,3479,Gruppo Del Barba Consulting,Gruppo Del Barba Consulting - Gdb,,,,,,,,,,,,,,,,
50821,50821,209,Kyowa Kirin Co Ltd,Kyowa Kirin Co. Ltd,,,,,,,,,,,,,,,,
50824,50824,27081,Euromoney Institutional Investor,Euromoney Institutional Investor plc,,,,,,,,,,,,,,,,
50836,50836,20808,Zhengzhou Coal Mining Machinery Group Company,Zhengzhou Coal Mining Machinery Group Company Ltd,,,,,,,,,,,,,,,,
50851,50851,35618,Zhengzhou Yutong Bus Co Ltd,Zhengzhou Yutong Bus Co. Ltd,,,,,,,,,,,,,,,,
50852,50852,12305,Amilon,Amiltone,,,,,,,,,,,,,,,,
50860,50860,19842,Rolls-Royce Holdings Plc,Rolls-Royce Holdings plc,,,,,,,,,,,,,,,,
50866,50866,14117,Parker Hannifin,Parker Hannifin Corp,,,,,,,,,,,,,,,,
50871,50871,3761,Jason Furniture,Jason Furniture (hangzhou),,,,,,,,,,,,,,,,
50877,50877,2415,Altice USA,Altice USA Inc,,,,,,,,,,,,,,,,
50883,50883,38798,Fancl Corp,Fancl Corporation,,,,,,,,,,,,,,,,
50898,50898,22505,Tokyo Century,Tokyo Century Corp,,,,,,,,,,,,,,,,
50904,50904,24954,Aecon Group Inc,Aecon Group Inc.,,,,,,,,,,,,,,,,
50911,50911,42800,Athene Holding,Athene Holding Ltd,,,,,,,,,,,,,,,,
50925,50925,39448,Obrascon Huarte Lain SA,Obrascón Huarte Lain,,,,,,,,,,,,,,,,
50938,50938,12166,Mitsubishi Materials Corp,Mitsubishi Materials Corporation,,,,,,,,,,,,,,,,
50960,50960,42989,Samsung Biologics Co Ltd,"Samsung Biologics Co.,Ltd.",,,,,,,,,,,,,,,,
50965,50965,35529,Hyosung Corp,Hyosung Corporation,,,,,,,,,,,,,,,,
50976,50976,13642,Nizhnekamskneftekhim PJSC,Nizhnekamskshina PJSC,,,,,,,,,,,,,,,,
50986,50986,10999,Angang Steel Co Ltd,Angang Steel Company Limited,,,,,,,,,,,,,,,,
50987,50987,41207,National Fuel Gas Co,National Fuel Gas Company,,,,,,,,,,,,,,,,
50993,50993,13363,Yulon Finance Corp,Yulon Finance Corporation,,,,,,,,,,,,,,,,
51005,51005,37791,Avient Corp,Avient Corporation,,,,,,,,,,,,,,,,
51009,51009,26341,Banco de Sabadell,Banco de Sabadell SA,,,,,,,,,,,,,,,,
51041,51041,50340,Chubu Electric Power,Chubu Electric Power Co Inc,,,,,,,,,,,,,,,,
51044,51044,40655,GOOD BUSINESS SOLUTIONS LTD,GOOD BUSINESS SUSTAINABILITY LTD,,,,,,,,,,,,,,,,
51076,51076,49943,Xi'an Bright Laser Technologies,"Xi'an Bright Laser Technologies Co.,Ltd.",,,,,,,,,,,,,,,,
51094,51094,29110,StillKom,StillKom*,,,,,,,,,,,,,,,,
51096,51096,29196,United Spirits,United Spirits Ltd,,,,,,,,,,,,,,,,
51097,51097,20238,Harmonic Drive Systems,"Harmonic Drive Systems, Inc.",,,,,,,,,,,,,,,,
51100,51100,47629,Danieli & C. Officine Meccaniche SpA,Danieli & C. Officine Meccaniche Spa,,,,,,,,,,,,,,,,
51103,51103,31311,Vibhavadi Medical Center Public Company,Vibhavadi Medical Center Public Company Ltd,,,,,,,,,,,,,,,,
51105,51105,8726,Valor Holdings,Valor Holdings Co Ltd,,,,,,,,,,,,,,,,
51108,51108,7866,Endesa,Endesa SA,,,,,,,,,,,,,,,,
51110,51110,25721,CyrusOne Inc,CyrusOne Inc.,,,,,,,,,,,,,,,,
51114,51114,3340,Freedom Holding,"Freedom Holdings, Inc.",,,,,,,,,,,,,,,,
51117,51117,41013,Osaka Soda Co. Ltd,Osaka Steel Co. Ltd,,,,,,,,,,,,,,,,
51120,51120,6778,Nippon Light Metal Holdings Co Ltd,Nippon Light Metal Holdings Company,,,,,,,,,,,,,,,,
51137,51137,4240,Coats Group Plc,Coats Group plc,,,,,,,,,,,,,,,,
51141,51141,26413,Metallurgical Corporation Of China,Metallurgical Corporation of China Ltd,,,,,,,,,,,,,,,,
51157,51157,5557,Central China Securities,Central China Securities Co. Ltd,,,,,,,,,,,,,,,,
51169,51169,1692,Allegion Plc,Allegion plc,,,,,,,,,,,,,,,,
51175,51175,45281,Mediobanca Banca Di Credito Finanziario,Mediobanca Banca di Credito Finanziario S.p.A.,,,,,,,,,,,,,,,,
51180,51180,18847,Newland Digital Technology,Newland Digital Technology Co Ltd,,,,,,,,,,,,,,,,
51184,51184,18946,Kintetsu World Express,Kintetsu World Express Inc,,,,,,,,,,,,,,,,
51194,51194,9629,R A COATINGS LIMITED,R A COLLIN LIMITED,,,,,,,,,,,,,,,,
51207,51207,32580,Pampa Energia,Pampa Energia SA,,,,,,,,,,,,,,,,
51220,51220,21814,AIA Group,AIA Group Ltd,,,,,,,,,,,,,,,,
51222,51222,28786,Anheuser-Busch InBev NV/SA,Anheuser-Busch InBev SA/NV,,,,,,,,,,,,,,,,
51223,51223,20307,Apollo Hospitals,Apollo Hospitals Enterprise,,,,,,,,,,,,,,,,
51232,51232,46556,Megacable Holdings S. A. B. De C. V,"Megacable Holdings, S. A. B. de C. V.",,,,,,,,,,,,,,,,
51248,51248,39339,Ford Otomotiv Sanayi,Ford Otomotiv Sanayi A.S.,,,,,,,,,,,,,,,,
51250,51250,840,Pat McGrath Labs,Pat Mcgrath Labs,,,,,,,,,,,,,,,,
51256,51256,30109,Direct Line Insurance Group Plc,Direct Line Insurance Group plc,,,,,,,,,,,,,,,,
51268,51268,44873,Exxon Mobil Corp,Exxon Mobil Corporation,,,,,,,,,,,,,,,,
51269,51269,793,Metropolitan Bank & Trust,Metropolitan Bank & Trust Co,,,,,,,,,,,,,,,,
51273,51273,289,Q C ELECTRICAL HOLDINGS LIMITED,Q C ELECTRICAL LIMITED,,,,,,,,,,,,,,,,
51275,51275,19485,ALL ABOUT STEM EVENTS LIMITED,ALL ABOUT STEM LIMITED,,,,,,,,,,,,,,,,
51281,51281,9485,Nanjing Gaoke Company,Nanjing Gaoke Company Ltd,,,,,,,,,,,,,,,,
51295,51295,33589,Air China Ld,Air China Ltd,,,,,,,,,,,,,,,,
51299,51299,49583,Auto Trader Group,Auto Trader Group plc,,,,,,,,,,,,,,,,
51314,51314,32331,Kikkoman Corp,Kikkoman Corporation,,,,,,,,,,,,,,,,
51325,51325,35442,U AND I IPB LTD,U AND I IPC LIMITED,,,,,,,,,,,,,,,,
51326,51326,19419,Hoshine Silicon Industry,Hoshine Silicon Industry Co. Ltd,,,,,,,,,,,,,,,,
51340,51340,16255,Mercuries & Associates,Mercuries & Associates Holding Ltd,,,,,,,,,,,,,,,,
51352,51352,28967,CLP Holdings,CLP Holdings Ltd,,,,,,,,,,,,,,,,
51354,51354,38629,MTN Group,MTN Group Ltd,,,,,,,,,,,,,,,,
51358,51358,29474,TEGNA Inc,TEGNA Inc.,,,,,,,,,,,,,,,,
51368,51368,46147,China Merchants Port Holdings Company,China Merchants Port Holdings Company Ltd,,,,,,,,,,,,,,,,
51375,51375,49878,IHS Markit,IHS Markit Ltd,,,,,,,,,,,,,,,,
51380,51380,43730,The Nisshin OilliO Group Ltd,"The Nisshin OilliO Group,Ltd.",,,,,,,,,,,,,,,,
51383,51383,39003,Telecom Egypt Co,Telecom Egypt Company,,,,,,,,,,,,,,,,
51388,51388,40477,BWX Technologies Inc,"BWX Technologies, Inc.",,,,,,,,,,,,,,,,
51398,51398,50276,Carlsberg A/s,Carlsberg AS,,,,,,,,,,,,,,,,
51401,51401,37735,Kanematsu Electronics,Kanematsu Electronics Ltd,,,,,,,,,,,,,,,,
51432,51432,10862,A2A S.p.A.,A2A SpA,,,,,,,,,,,,,,,,
51433,51433,41523,Adbri Limited,Adbri Ltd,,,,,,,,,,,,,,,,
51439,51439,6163,Autel Intelligent Technology Corp Ltd,"Autel Intelligent Technology Corp., Ltd.",,,,,,,,,,,,,,,,
51445,51445,41922,Sligro Food Group,Sligro Food Group N.V.,,,,,,,,,,,,,,,,
51456,51456,36067,Puregold Price Club,Puregold Price Club Inc,,,,,,,,,,,,,,,,
51466,51466,21396,Abbvie,Abbvie Srl,,,,,,,,,,,,,,,,
51471,51471,50521,Thai Oil Public Co Ltd,Thai Oil Public Company,,,,,,,,,,,,,,,,
51478,51478,7055,Hannover Ruck SE,Hannover Ruck Se,,,,,,,,,,,,,,,,
51482,51482,20066,Almirall,"Almirall, SA",,,,,,,,,,,,,,,,
51489,51489,12115,Gibson Energy,Gibson Energy Inc,,,,,,,,,,,,,,,,
51492,51492,26598,PT Aneka Tambang Persero Tbk,PT Aneka Tambang Tbk,,,,,,,,,,,,,,,,
51499,51499,27194,SOFTWARE SOLUTIONS INTERNATIONAL LIMITED,SOFTWARE SOLUTIONS MANAGEMENT LTD,,,,,,,,,,,,,,,,
51501,51501,27413,Eastman Chemical Co,Eastman Chemical Company,,,,,,,,,,,,,,,,
51505,51505,33570,East Group,"East Group Co.,Ltd",,,,,,,,,,,,,,,,
51507,51507,50408,Bicycle Therapeutics,Bicycle Therapeutics plc,,,,,,,,,,,,,,,,
51510,51510,24928,Nordstrom,Nordstrom Inc,,,,,,,,,,,,,,,,
51512,51512,13471,Inter RAO UES,Inter RAO UES PJSC,,,,,,,,,,,,,,,,
51521,51521,50296,Mahindra First Choice,Mahindra First Choice Wheels,,,,,,,,,,,,,,,,
51523,51523,4423,ALL ABOARD LEARNING LTD,ALL ABOARD LTD,,,,,,,,,,,,,,,,
51526,51526,45356,Prestige Consumer Healthcare,Prestige Consumer Healthcare Inc,,,,,,,,,,,,,,,,
51535,51535,10702,Keller Group,Keller Group plc,,,,,,,,,,,,,,,,
51537,51537,43626,Toei Company,Toei Company Ltd,,,,,,,,,,,,,,,,
51538,51538,49898,Nexid,Nexii,,,,,,,,,,,,,,,,
51554,51554,2121,Hengli Petrochemical,Hengli Petrochemical Co Ltd,,,,,,,,,,,,,,,,
51557,51557,44470,Henry Schein,Henry Schein Inc,,,,,,,,,,,,,,,,
51560,51560,9549,Sysmex Corp,Sysmex Corporation,,,,,,,,,,,,,,,,
51564,51564,19908,Targa Resources,Targa Resources Corp,,,,,,,,,,,,,,,,
51566,51566,20396,Eregli Demir ve Celik Fabrikalari TAS,Eregli Demir ve Çelik Fabrikalari T.A.S.,,,,,,,,,,,,,,,,
51568,51568,14916,Tokyotokeiba,"Tokyotokeiba Co.,Ltd.",,,,,,,,,,,,,,,,
51569,51569,24778,Ford Motor Co,Ford Motor Company,,,,,,,,,,,,,,,,
51591,51591,18986,K. Wah International Holdings,K. Wah International Holdings Ltd,,,,,,,,,,,,,,,,
51600,51600,37043,Datang International Power,Datang International Power Generation,,,,,,,,,,,,,,,,
51611,51611,30747,P & A CONSTRUCTION CO. LTD,P & A CONSTRUCTION SOLUTIONS LTD,,,,,,,,,,,,,,,,
51619,51619,51398,Carlsberg A-S,Carlsberg A/s,,,,,,,,,,,,,,,,
51621,51621,4443,Muangthai Capital Public Company,Muangthai Capital Public Company Ltd,,,,,,,,,,,,,,,,
51622,51622,32286,Santos Ltd,Santova Ltd,,,,,,,,,,,,,,,,
51631,51631,9504,China Marine Information Electronics Company,China Marine Information Electronics Company Ltd,,,,,,,,,,,,,,,,
51637,51637,11663,Intuitive Surgical Inc,"Intuitive Surgical, Inc.",,,,,,,,,,,,,,,,
51646,51646,24762,Icade,Icade SA,,,,,,,,,,,,,,,,
51649,51649,18538,FTI Consulting Inc,"FTI Consulting, Inc.",,,,,,,,,,,,,,,,
51651,51651,6957,Zhejiang Sanwei Rubber Item,Zhejiang Sanwei Rubber Item Co. Ltd,,,,,,,,,,,,,,,,
51652,51652,34258,Medipal Holdings,Medipal Holdings Corporation,,,,,,,,,,,,,,,,
51653,51653,43181,JB Financial Group,JB Financial Group Co. Ltd,,,,,,,,,,,,,,,,
51655,51655,616,"Hang Zhou Iron & Steel Co.,Ltd.","Hang Zhou Iron & Steel Co.,ltd.",,,,,,,,,,,,,,,,
51661,51661,3645,Lagercrantz Group AB,Lagercrantz Group Ab (publ),,,,,,,,,,,,,,,,
51677,51677,44074,Hokuhoku Financial Group,Hokuhoku Financial Group Inc,,,,,,,,,,,,,,,,
51687,51687,21089,Steel Dynamics Inc,"Steel Dynamics, Inc.",,,,,,,,,,,,,,,,
51694,51694,40452,Black Knight Inc,"Black Knight, Inc.",,,,,,,,,,,,,,,,
51701,51701,10569,"NIKE USA, INC.","NIKE, INC.",,,,,,,,,,,,,,,,
51703,51703,33960,JD Sports Fashion Plc,JD Sports Fashion plc,,,,,,,,,,,,,,,,
51720,51720,25457,Markel Corp,Markel Corporation,,,,,,,,,,,,,,,,
51724,51724,48844,Country Garden Holdings,Country Garden Holdings Co Ltd,,,,,,,,,,,,,,,,
51735,51735,12358,Sharp Corp,Sharp Corporation,,,,,,,,,,,,,,,,
51741,51741,7658,Formosa Plastics Corp,Formosa Plastics Corporation,,,,,,,,,,,,,,,,
51746,51746,31194,Samsonite International,Samsonite International SA,,,,,,,,,,,,,,,,
51782,51782,21856,SOFTWARE DESIGN SYSTEMS LTD,SOFTWARE DESIGNS (SOUTHERN) LIMITED,,,,,,,,,,,,,,,,
51783,51783,27952,Honeywell International,Honeywell International Inc,,,,,,,,,,,,,,,,
51784,51784,4399,McKesson,McKesson Corp,,,,,,,,,,,,,,,,
51795,51795,43688,China Life Insurance Co. Ltd,China Life Insurance Company,,,,,,,,,,,,,,,,
51797,51797,26143,Centrais Eletricas Brasileiras - Eletrobras,Centrais Eletricas Brasileiras S.A.,,,,,,,,,,,,,,,,
51816,51816,47551,Saputo Inc,Saputo Inc.,,,,,,,,,,,,,,,,
51827,51827,10338,Rumo,Rumo SA,,,,,,,,,,,,,,,,
51829,51829,24331,BEAUTY LTD,BEAUTY UN LIMITED,,,,,,,,,,,,,,,,
51836,51836,40038,Shanying International Holdings Co Ltd,"Shanying International Holdings Co.,Ltd",,,,,,,,,,,,,,,,
51837,51837,35616,Neonode,Neonode Inc.,,,,,,,,,,,,,,,,
51852,51852,46252,Grupo Catalana Occidente,Grupo Catalana Occidente SA,,,,,,,,,,,,,,,,
51853,51853,9464,Generac Holdings Inc,Generac Holdings Inc.,,,,,,,,,,,,,,,,
51864,51864,45553,Nanjing Securities,Nanjing Securities Co. Ltd,,,,,,,,,,,,,,,,
51871,51871,5734,China Overseas Land & Investment Ltd,China Overseas Land And Investment,,,,,,,,,,,,,,,,
51875,51875,3814,ALL ABOUT EVENTS LIMITED,ALL ABOUT EVENTS MANAGEMENT LIMITED,,,,,,,,,,,,,,,,
51879,51879,24730,OfBusiness,Ofbusiness,,,,,,,,,,,,,,,,
51885,51885,44361,Fazio,Fazioli,,,,,,,,,,,,,,,,
51898,51898,34599,Grupa Lotos,Grupa Lotos SA,,,,,,,,,,,,,,,,
51901,51901,48135,SDIC Capital,"SDIC Capital Co.,Ltd",,,,,,,,,,,,,,,,
51902,51902,5945,Regency Centers Corp,Regency Centers Corporation,,,,,,,,,,,,,,,,
51908,51908,34565,Amkor Technology Inc,"Amkor Technology, Inc.",,,,,,,,,,,,,,,,
51913,51913,33691,Showa Sangyo Co Ltd,Showa Sangyo Co. Ltd,,,,,,,,,,,,,,,,
51917,51917,10694,Ambuja Cements,Ambuja Cements Ltd,,,,,,,,,,,,,,,,
51946,51946,39733,American Airlines Group Inc,American Airlines Group Inc.,,,,,,,,,,,,,,,,
51947,51947,37209,Schindler,Schindler Group,,,,,,,,,,,,,,,,
51951,51951,43080,Marwincar,Marwincar*,,,,,,,,,,,,,,,,
51954,51954,35404,Allfunds Group Plc,Allfunds Group plc,,,,,,,,,,,,,,,,
51955,51955,22791,Kyushu Electric Power Company,"Kyushu Electric Power Company, Inc.",,,,,,,,,,,,,,,,
51957,51957,37638,SVI Public Company Ltd,SVOA Public Company Ltd,,,,,,,,,,,,,,,,
51963,51963,29209,Konica Minolta,Konica Minolta Inc,,,,,,,,,,,,,,,,
51965,51965,49259,Sahara International Petrochemical,Sahara International Petrochemical Company,,,,,,,,,,,,,,,,
51977,51977,596,Ballard Power Systems,Ballard Power Systems Inc.,,,,,,,,,,,,,,,,
52000,52000,4459,Bravura Solutions,Bravura Solutions Limited,,,,,,,,,,,,,,,,
52009,52009,36357,T & A TRADE LIMITED,T & A TRADELINE LTD,,,,,,,,,,,,,,,,
52010,52010,3208,Hawaiian Electric Industries,Hawaiian Electric Industries Inc,,,,,,,,,,,,,,,,
52013,52013,47420,Landstar System Inc,"Landstar System, Inc.",,,,,,,,,,,,,,,,
52049,52049,35605,Moneysupermarket.com Group,Moneysupermarket.com Group plc,,,,,,,,,,,,,,,,
52059,52059,37832,L&T Technology Services,L&T Technology Services Careers,,,,,,,,,,,,,,,,
52069,52069,21903,Fuji Soft,"Fuji Soft, Inc.",,,,,,,,,,,,,,,,
52076,52076,20663,PT Bank Pembangunan Daerah Jawa Barat dan Banten Tbk,PT Bank Pembangunan Daerah Jawa Timur Tbk,,,,,,,,,,,,,,,,
52091,52091,3496,Befimmo SA,Befimmo Sa,,,,,,,,,,,,,,,,
52107,52107,18008,Wacker Neuson SE,Wacker Neuson Se,,,,,,,,,,,,,,,,
52112,52112,31086,Conocophillips,Conocophillips Company,,,,,,,,,,,,,,,,
52113,52113,51694,Black Knight,Black Knight Inc,,,,,,,,,,,,,,,,
52118,52118,32476,Wynn Macau,Wynn Macau Ltd,,,,,,,,,,,,,,,,
52128,52128,27246,Charter Communications,Charter Communications Inc,,,,,,,,,,,,,,,,
52132,52132,1444,IL&FS Engineering and Construction,IL&FS Engineering and Construction Company Ltd,,,,,,,,,,,,,,,,
52142,52142,24274,Eva Air,Eva Airways,,,,,,,,,,,,,,,,
52153,52153,6837,China Shipbuilding Industry Company Ltd,China Shipbuilding Industry Group Power,,,,,,,,,,,,,,,,
52156,52156,50106,Shanghai Electric Group,Shanghai Electric Group Co Ltd,,,,,,,,,,,,,,,,
52166,52166,33751,OceanaGold Corporation,Oceanagold Corporation,,,,,,,,,,,,,,,,
52169,52169,50655,Unipar Carbocloro,Unipar Carbocloro SA,,,,,,,,,,,,,,,,
52182,52182,46808,Agilent Technologies Inc,Agilent Technologies International,,,,,,,,,,,,,,,,
52186,52186,5127,Blackberry,Blackberrys,,,,,,,,,,,,,,,,
52193,52193,20675,Controladora Vuela Compania de Aviacion SAB de CV,"Controladora Vuela Compañía de Aviación, S.A.B. de C.V.",,,,,,,,,,,,,,,,
52195,52195,23294,Boston Properties Inc,"Boston Properties, Inc.",,,,,,,,,,,,,,,,
52202,52202,28915,Zhejiang Huahai Pharmaceutical Co Ltd,Zhejiang Huahai Pharmaceutical Co. Ltd,,,,,,,,,,,,,,,,
52208,52208,45903,Nexteer Automotive Group,Nexteer Automotive Group Ltd,,,,,,,,,,,,,,,,
52222,52222,27818,Equinox Gold Corp,Equinox Gold Corp.,,,,,,,,,,,,,,,,
52241,52241,23706,Smiths Group Plc,Smiths Group plc,,,,,,,,,,,,,,,,
52264,52264,18491,Teijin,Teijin Ltd,,,,,,,,,,,,,,,,
52272,52272,5689,Sangfor Technologies,"Sangfor Technologies, Inc.",,,,,,,,,,,,,,,,
52276,52276,13266,Takashimaya Company,Takashimaya Company Ltd,,,,,,,,,,,,,,,,
52282,52282,7685,Forward Air Corp,Forward Air Corporation,,,,,,,,,,,,,,,,
52283,52283,7647,BEAUTY & THE BEAST PUBLISHING LTD,BEAUTY & THE BEAT LTD,,,,,,,,,,,,,,,,
52287,52287,32757,Novorossiysk Commercial Sea Port,Novorossiysk Commercial Sea Port PJSC,,,,,,,,,,,,,,,,
52314,52314,13599,BEAUTY & HOLISTIC THERAPY LTD,BEAUTY & HOLISTIC TREATMENTS LTD,,,,,,,,,,,,,,,,
52316,52316,44154,Hansoh Pharmaceutical Group Company,Hansoh Pharmaceutical Group Company Ltd,,,,,,,,,,,,,,,,
52318,52318,29817,GOOD COMMODITIES LTD,GOOD COMMUNICATIONS LTD,,,,,,,,,,,,,,,,
52324,52324,39372,Mersen,Mersen SA,,,,,,,,,,,,,,,,
52333,52333,51499,SOFTWARE SOLUTIONS INDIA LIMITED,SOFTWARE SOLUTIONS INTERNATIONAL LIMITED,,,,,,,,,,,,,,,,
52336,52336,10900,Enel Generacion Chile SA,Enel Generación Chile SA,,,,,,,,,,,,,,,,
52339,52339,32363,Provident Financial,Provident Financial Services,,,,,,,,,,,,,,,,
52343,52343,16773,Walmart,Walmart Inc,,,,,,,,,,,,,,,,
52353,52353,4062,Kingfa Sci. & Tech,Kingfa Sci. & Tech. Co. Ltd,,,,,,,,,,,,,,,,
52354,52354,9341,Elektro Redes S.a.,Elektro Redes SA,,,,,,,,,,,,,,,,
52364,52364,13912,SOFTWARE SOLUTIONS GROUP LTD.,SOFTWARE SOLUTIONS IG LIMITED,,,,,,,,,,,,,,,,
52365,52365,36452,Kolinpharma,Kolinpharma S.p.A.,,,,,,,,,,,,,,,,
52368,52368,6590,Crocs,Crocs Inc,,,,,,,,,,,,,,,,
52400,52400,48015,Focusrite,Focusrite plc,,,,,,,,,,,,,,,,
52401,52401,25765,Rothschild & Co Sca,Rothschild & Co.,,,,,,,,,,,,,,,,
52429,52429,27854,Wesfarmers,Wesfarmers Limited,,,,,,,,,,,,,,,,
52432,52432,29788,Sumitomo Corp,Sumitomo Corporation,,,,,,,,,,,,,,,,
52440,52440,10080,Zhejiang Expressway Co Ltd,Zhejiang Expressway Co. Ltd,,,,,,,,,,,,,,,,
52445,52445,19013,Magna International,Magna International Inc,,,,,,,,,,,,,,,,
52448,52448,30404,Aggreko,Aggreko Ltd,,,,,,,,,,,,,,,,
52457,52457,8438,R A HUNTER LIMITED,R A HURLEY LIMITED,,,,,,,,,,,,,,,,
52472,52472,46620,Z A CARE LIMITED,Z A CATERING LIMITED,,,,,,,,,,,,,,,,
52473,52473,16283,Arcandor,Arcandor AG,,,,,,,,,,,,,,,,
52500,52500,4461,Franco-Nevada Corp,Franco-Nevada Corporation,,,,,,,,,,,,,,,,
52508,52508,5362,Hubei Biocause Pharmaceutical,Hubei Biocause Pharmaceutical Co Ltd,,,,,,,,,,,,,,,,
52509,52509,16169,Berliner Effektengesellschaft AG,Berliner Effektengesellschaft Ag,,,,,,,,,,,,,,,,
52521,52521,25800,Equitable Holdings Inc,"Equitable Holdings, Inc.",,,,,,,,,,,,,,,,
52524,52524,43801,Guangxi Liugong Machinery,Guangxi Liugong Machinery Co Ltd,,,,,,,,,,,,,,,,
52538,52538,8789,House Foods Group,House Foods Group Inc,,,,,,,,,,,,,,,,
52547,52547,20384,Penumbra,"Penumbra, Inc.",,,,,,,,,,,,,,,,
52554,52554,39200,VICI Properties,VICI Properties Inc.,,,,,,,,,,,,,,,,
52561,52561,26175,LivaNova PLC,LivaNova Plc,,,,,,,,,,,,,,,,
52576,52576,30670,Edwards Lifesciences Corp,Edwards Lifesciences Corporation,,,,,,,,,,,,,,,,
52581,52581,49166,Astral Poly Technik,Astral Polytechnik,,,,,,,,,,,,,,,,
52597,52597,17763,Global Payments,Global Payments Inc,,,,,,,,,,,,,,,,
52606,52606,47157,Jinke Smart Services Group Co. Ltd,"Jinke Smart Services Group Co., Ltd.",,,,,,,,,,,,,,,,
52609,52609,7692,Sitronix Technology Corp,Sitronix Technology Corporation,,,,,,,,,,,,,,,,
52610,52610,50860,Rolls-Royce Holdings,Rolls-Royce Holdings Plc,,,,,,,,,,,,,,,,
52611,52611,35575,BAD DOG SECURITY LTD,BAD DOG SECURITY PRODUCTS LIMITED,,,,,,,,,,,,,,,,
52612,52612,11541,Hess Corp,Hess Corporation,,,,,,,,,,,,,,,,
52613,52613,32232,Arthur J. Gallagher & Co,Arthur J. Gallagher & Co.,,,,,,,,,,,,,,,,
52637,52637,29615,Feiniko Handelsgesellschaft,Feiniko Handelsgesellschaft mbH,,,,,,,,,,,,,,,,
52643,52643,30146,Regional S. A. B. De C. V,Regional S.A.B. de C.V.,,,,,,,,,,,,,,,,
52663,52663,10044,Millicom International Cellular,Millicom International Cellular SA,,,,,,,,,,,,,,,,
52671,52671,50885,Dolby Laboratories Inc,"Dolby Laboratories, Inc.",,,,,,,,,,,,,,,,
52672,52672,31843,Chongqing Rural Commercial Bank,Chongqing Rural Commercial Bank Co Ltd,,,,,,,,,,,,,,,,
52682,52682,38808,Evergreen Marine Corp Taiwan Ltd,Evergreen Marine Corp. (Taiwan),,,,,,,,,,,,,,,,
52685,52685,45088,China Enterprise Company,China Enterprise Company Ltd,,,,,,,,,,,,,,,,
52699,52699,36401,Guangxi Wuzhou Zhongheng Group,"Guangxi Wuzhou Zhongheng Group Co.,Ltd",,,,,,,,,,,,,,,,
52721,52721,44633,Manulife Financial Corp,Manulife Financial Corporation,,,,,,,,,,,,,,,,
52724,52724,39800,SOFTWARE MIGHT LIMITED,SOFTWARE MIGRATIONS LIMITED,,,,,,,,,,,,,,,,
52727,52727,42496,Xilinx Inc,"Xilinx, Inc.",,,,,,,,,,,,,,,,
52728,52728,39356,Caisse Regionale de Credit Agricole Mutuel Brie Picardie,Caisse Regionale de Credit Agricole Mutuel Nord de France,,,,,,,,,,,,,,,,
52743,52743,50814,Longfor Group Holdings,Longfor Group Holdings Ltd,,,,,,,,,,,,,,,,
52754,52754,40939,Arezzo Industria E Comercio,Arezzo Industria e Comercio SA,,,,,,,,,,,,,,,,
52757,52757,22867,Amazon Web Services Emea Sarl,Amazon Web Services Inc,,,,,,,,,,,,,,,,
52758,52758,13687,American National Group,"American National Group, Inc",,,,,,,,,,,,,,,,
52782,52782,1281,Brewin Dolphin Holdings,Brewin Dolphin Holdings plc,,,,,,,,,,,,,,,,
52792,52792,11260,Takara Bio,"Takara Bio, Inc.",,,,,,,,,,,,,,,,
52794,52794,43343,Mr Price Group,Mr Price Group Ltd,,,,,,,,,,,,,,,,
52803,52803,31313,Toei Animation,"Toei Animation Co.,Ltd.",,,,,,,,,,,,,,,,
52805,52805,33351,Minor International Public Company,Minor International Public Company Ltd,,,,,,,,,,,,,,,,
52822,52822,46729,Public Joint Stock Company Saratovenergo,Public Joint Stock Company TNS Energo Yaroslavl,,,,,,,,,,,,,,,,
52826,52826,13276,Lonking Holdings,Lonking Holdings Ltd,,,,,,,,,,,,,,,,
52836,52836,29611,Mahindra CIE Automotive,Mahindra Cie Automotive,,,,,,,,,,,,,,,,
52840,52840,16699,Z A SIGNATURE LTD,Z A STORE LTD,,,,,,,,,,,,,,,,
52857,52857,44565,Toyoda Gosei,Toyoda Gosei Co Ltd,,,,,,,,,,,,,,,,
52859,52859,1328,Tianjin Zhong Xin Pharmaceutical Group Corp Ltd,Tianjin Zhong Xin Pharmaceutical Group Corporation,,,,,,,,,,,,,,,,
52863,52863,46001,SOFTWARE SHARK LTD,SOFTWARE SHIFT LTD,,,,,,,,,,,,,,,,
52871,52871,7732,Queclink Wireless Solutions,Quectel Wireless Solutions,,,,,,,,,,,,,,,,
52883,52883,4995,Q & H PROPERTIES LTD,Q & H PROPERTY LTD,,,,,,,,,,,,,,,,
52889,52889,18110,Brixmor Property Group Inc,Brixmor Property Group Inc.,,,,,,,,,,,,,,,,
52899,52899,14374,Eisai Co Ltd,Eisai Co. Ltd,,,,,,,,,,,,,,,,
52907,52907,36415,Huadian Power International Corporation,Huadian Power International Corporation Ltd,,,,,,,,,,,,,,,,
52920,52920,35522,Zhejiang Ausun Pharmaceutical Co. Ltd,"Zhejiang CONBA Pharmaceutical Co.,Ltd.",,,,,,,,,,,,,,,,
52934,52934,18808,Realtek Semiconductor,Realtek Semiconductor Corp,,,,,,,,,,,,,,,,
52942,52942,49066,Shanghai Zhonggu Logistics Co. Ltd,"Shanghai Zhonggu Logistics Co., Ltd.",,,,,,,,,,,,,,,,
52952,52952,20085,Bank of Ningbo,Bank of Ningbo Co Ltd,,,,,,,,,,,,,,,,
52976,52976,39828,J. Front Retailing,"J. Front Retailing Co., Ltd.",,,,,,,,,,,,,,,,
52980,52980,27398,Altarea SCA,Altarea Sca,,,,,,,,,,,,,,,,
53000,53000,25711,CIFI Holdings (Group) Co. Ltd,CIFI Holdings Group,,,,,,,,,,,,,,,,
53003,53003,22398,Absa Group,Absa Group Ltd,,,,,,,,,,,,,,,,
53009,53009,3948,Kingboard Holdings,Kingboard Holdings Ltd,,,,,,,,,,,,,,,,
53010,53010,32471,China Daye Non-Ferrous Metals Mining Limited,China Daye Non-Ferrous Metals Mining Ltd,,,,,,,,,,,,,,,,
53017,53017,25948,Betsson,Betsson AB,,,,,,,,,,,,,,,,
53026,53026,16728,S A (AAM) LTD,S A (B'HAM) LTD,,,,,,,,,,,,,,,,
53035,53035,32655,Z BARBER LTD,Z BARBER SHOP LTD,,,,,,,,,,,,,,,,
53041,53041,45597,BAD BOY BOSSES LTD,BAD BOY BROWNIES LTD,,,,,,,,,,,,,,,,
53043,53043,25746,Fuji Seal International Inc,"Fuji Seal International, Inc.",,,,,,,,,,,,,,,,
53044,53044,6380,Masraf Al Rayan (Q.S.C.),Masraf Al Rayan (q.p.s.c.),,,,,,,,,,,,,,,,
53045,53045,23829,Bangkok Commercial Asset Management Company,Bangkok Commercial Asset Management Company Ltd,,,,,,,,,,,,,,,,
53050,53050,40234,China Resources Microelectronics Limited,China Resources Microelectronics Ltd,,,,,,,,,,,,,,,,
53058,53058,6462,Immunocore Holdings Plc,Immunocore Holdings plc,,,,,,,,,,,,,,,,
53069,53069,14688,Heilongjiang ZBD Pharmaceutical Co. Ltd,Heilongjiang Zbd Pharmaceutical,,,,,,,,,,,,,,,,
53075,53075,25627,UniCredit S.p.A.,UniCredit SpA,,,,,,,,,,,,,,,,
53083,53083,3430,The Hartford Financial Services Group Inc,"The Hartford Financial Services Group, Inc.",,,,,,,,,,,,,,,,
53086,53086,19722,Nissin Foods Holdings Co Ltd,"Nissin Foods Holdings Co.,Ltd.",,,,,,,,,,,,,,,,
53091,53091,230,Smith & Nephew Plc,Smith & Nephew plc,,,,,,,,,,,,,,,,
53094,53094,34096,Viohalco S.a.,Viohalco SA,,,,,,,,,,,,,,,,
53098,53098,40999,Greggs,Greggs Plc,,,,,,,,,,,,,,,,
53101,53101,41573,Cencosud,Cencosud SA,,,,,,,,,,,,,,,,
53122,53122,49990,BAD ANT LTD,BAD ANTICS LTD,,,,,,,,,,,,,,,,
53125,53125,11684,Nufarm Limited,Nufarm Ltd,,,,,,,,,,,,,,,,
53134,53134,6061,Huaxin Cement Co Ltd,Huaxin Cement Co. Ltd,,,,,,,,,,,,,,,,
53139,53139,36373,Atlas Arteria,Atlas Arteria Limited,,,,,,,,,,,,,,,,
53154,53154,46012,Bic Camera,Bic Camera Inc,,,,,,,,,,,,,,,,
53166,53166,43127,Norfolk Southern,Norfolk Southern Corp,,,,,,,,,,,,,,,,
53177,53177,26791,"Grupo Nacional Provincial, S.A.B.","Grupo Nacional Provincial, S.a.b.",,,,,,,,,,,,,,,,
53190,53190,16896,Johnson & Johnson,Johnson & Johnson Careers,,,,,,,,,,,,,,,,
53195,53195,30730,Kolon Industries,"Kolon Industries, Inc.",,,,,,,,,,,,,,,,
53197,53197,13413,Western Midstream Partners Lp,"Western Midstream Partners, LP",,,,,,,,,,,,,,,,
53200,53200,27394,Martin Marietta Materials,Martin Marietta Materials Inc,,,,,,,,,,,,,,,,
53209,53209,35280,ALL ABOUT FIRES LTD,ALL ABOUT FIREWORKS LTD,,,,,,,,,,,,,,,,
53213,53213,19969,Big Lots,Big Lots Inc,,,,,,,,,,,,,,,,
53222,53222,1161,Rongsheng Petrochemical,Rongsheng Petrochemical Co Ltd,,,,,,,,,,,,,,,,
53235,53235,6480,Comfort Systems USA Inc,Comfort Systems Usa,,,,,,,,,,,,,,,,
53248,53248,28313,Delivery Hero,Delivery Hero SE,,,,,,,,,,,,,,,,
53256,53256,37797,Northam Platinum Holdings,Northam Platinum Ltd,,,,,,,,,,,,,,,,
53260,53260,36325,Prima Meat Packers,Prima Meat Packers Ltd,,,,,,,,,,,,,,,,
53265,53265,43060,B.A.D CONSULTANCY LTD,B.A.D CONSULTING LTD,,,,,,,,,,,,,,,,
53268,53268,29643,China Overseas Property Holdings,China Overseas Property Holdings Ltd,,,,,,,,,,,,,,,,
53269,53269,41579,Slack Technologies,"Slack Technologies, Inc.",,,,,,,,,,,,,,,,
53279,53279,46124,DP World,DP World Ltd,,,,,,,,,,,,,,,,
53285,53285,40821,BEAUTY BLENDS LTD,BEAUTY BLENDS SKIN CARE LTD,,,,,,,,,,,,,,,,
53292,53292,44692,Healthpeak Properties Inc,"Healthpeak Properties, Inc.",,,,,,,,,,,,,,,,
53295,53295,3772,Shanghai MicroPort Endovascular MedTech Co. Ltd,Shanghai Microport Endovascular Medtech,,,,,,,,,,,,,,,,
53298,53298,11573,Chr. Hansen Holding,Chr. Hansen Holding A/s,,,,,,,,,,,,,,,,
53303,53303,7322,CTBC Financial Holding Co Ltd,CTBC Financial Holding Co. Ltd,,,,,,,,,,,,,,,,
53323,53323,8998,ALL ABOUT CARING LTD.,ALL ABOUT CARS LIMITED,,,,,,,,,,,,,,,,
53325,53325,27103,Founder Securities,Founder Securities Co Ltd,,,,,,,,,,,,,,,,
53328,53328,25984,Steico SE,Steico Se,,,,,,,,,,,,,,,,
53341,53341,8036,Beijing Jingneng Clean Energy Co Ltd,Beijing Jingneng Clean Energy Co. Ltd,,,,,,,,,,,,,,,,
53356,53356,18185,Guangdong Electric Power Development,Guangdong Electric Power Development Co Ltd,,,,,,,,,,,,,,,,
53363,53363,11595,London Stock Exchange,London Stock Exchange Group,,,,,,,,,,,,,,,,
53372,53372,26380,Kenda Rubber Industrial,Kenda Rubber Industrial Co. Ltd,,,,,,,,,,,,,,,,
53375,53375,6032,FOOD AND DESERTS CO LTD,FOOD AND DESSERT STATION LTD,,,,,,,,,,,,,,,,
53378,53378,16088,Riyue Heavy Industry Co. Ltd,Riyue Heavy Industry Coltd,,,,,,,,,,,,,,,,
53383,53383,34279,Yango Group,Yango Group Co. Ltd,,,,,,,,,,,,,,,,
53387,53387,41043,BEAUTY BEAT EVENTS LTD,BEAUTY BEAT LTD,,,,,,,,,,,,,,,,
53388,53388,15054,Wintrust Financial Corp,Wintrust Financial Corporation,,,,,,,,,,,,,,,,
53399,53399,44679,Lincoln National,Lincoln National Corp,,,,,,,,,,,,,,,,
53405,53405,47474,Sichuan Chuantou Energy,"Sichuan Chuantou Energy Co.,Ltd.",,,,,,,,,,,,,,,,
53449,53449,35573,Watsco Inc,"Watsco, Inc.",,,,,,,,,,,,,,,,
53454,53454,40267,Ratchaphruek Hospital Public Company,Ratchaphruek Hospital Public Company Ltd,,,,,,,,,,,,,,,,
53458,53458,39894,Electrolux,Electrolux Group,,,,,,,,,,,,,,,,
53473,53473,44689,Warner Music Group Corp,Warner Music Group Corp.,,,,,,,,,,,,,,,,
53483,53483,47180,Renew Holdings Plc,Renew Holdings plc,,,,,,,,,,,,,,,,
53488,53488,41135,OutSystems,OutSystems Careers,,,,,,,,,,,,,,,,
53494,53494,36964,ALL ABOUT BUILD LTD,ALL ABOUT BUILDERS LTD,,,,,,,,,,,,,,,,
53500,53500,14931,Long Time Technology,Long Time Technology Co. Ltd,,,,,,,,,,,,,,,,
53508,53508,21228,Powermatic Data Systems,Powermatic Data Systems Ltd,,,,,,,,,,,,,,,,
53511,53511,32546,Lithia Motors,Lithia Motors Inc,,,,,,,,,,,,,,,,
53534,53534,20103,First Advantage Careers,First Advantage Corp,,,,,,,,,,,,,,,,
53535,53535,50677,Darling Ingredients,Darling Ingredients Inc,,,,,,,,,,,,,,,,
53537,53537,30892,ALL ABOUT THE BAIZE LTD,ALL ABOUT THE BEAN LTD,,,,,,,,,,,,,,,,
53545,53545,22315,China Oilfield Services,China Oilfield Services Ltd,,,,,,,,,,,,,,,,
53549,53549,41751,Z CATERING EQUIPMENT LTD,Z CATERING LIMITED,,,,,,,,,,,,,,,,
53563,53563,8073,Pepsi,PepsiCo,,,,,,,,,,,,,,,,
53582,53582,4422,Endava,Endava plc,,,,,,,,,,,,,,,,
53585,53585,16918,Distell Group Holdings,Distell Group Holdings Ltd,,,,,,,,,,,,,,,,
53588,53588,13176,Bell Food Group Ag,Bell Food Group Ltd,,,,,,,,,,,,,,,,
53589,53589,20837,Fomento de Construcciones y Contratas,Fomento de Construcciones y Contratas SA,,,,,,,,,,,,,,,,
53609,53609,17769,Sumitomo Electric Industries Ltd,"Sumitomo Electric Industries, Ltd.",,,,,,,,,,,,,,,,
53614,53614,1591,Tingyi (Cayman Islands) Holding Corp,Tingyi (cayman Islands) Holding,,,,,,,,,,,,,,,,
53615,53615,52102,Roche Holding,Roche Holding Ag,,,,,,,,,,,,,,,,
53623,53623,21495,Emera,Emera Inc,,,,,,,,,,,,,,,,
53642,53642,34507,Bystronic AG,Bystronic Ag,,,,,,,,,,,,,,,,
53653,53653,33637,Senko Group Holdings,Senko Group Holdings Co Ltd,,,,,,,,,,,,,,,,
53658,53658,41066,Sekisui Chemical Co Ltd,Sekisui Chemical Co. Ltd,,,,,,,,,,,,,,,,
53661,53661,33488,Lonza Group,Lonza Group Ltd,,,,,,,,,,,,,,,,
53674,53674,16285,Loom,Loomis,,,,,,,,,,,,,,,,
53679,53679,21674,Australia and New Zealand Banking Group,Australia and New Zealand Banking Group Limited,,,,,,,,,,,,,,,,
53698,53698,6875,Hunan Goke Microelectronics,"Hunan Goke Microelectronics Co.,Ltd.",,,,,,,,,,,,,,,,
53701,53701,17045,Fundo de Investimento Imobiliario Projeto Agua Branca,Fundo de Investimento Imobiliario Rio Negro,,,,,,,,,,,,,,,,
53702,53702,52431,Albemarle Corp,Albemarle Corporation,,,,,,,,,,,,,,,,
53703,53703,29034,Compagnie Financiere Richemont Sa,Compagnie Financière Richemont,,,,,,,,,,,,,,,,
53704,53704,31706,Fermentalg,Fermentalg SA,,,,,,,,,,,,,,,,
53710,53710,48640,Bolloré,Bolloré SE,,,,,,,,,,,,,,,,
53740,53740,5082,Cancom SE,Cancom Se,,,,,,,,,,,,,,,,
53741,53741,51222,Anheuser-Busch InBev,Anheuser-Busch InBev NV/SA,,,,,,,,,,,,,,,,
53746,53746,23245,Equifax,Equifax Inc,,,,,,,,,,,,,,,,
53751,53751,22944,Elastic,Elastic N.V.,,,,,,,,,,,,,,,,
53759,53759,49572,KGHM Polska Miedz SA,KGHM Polska Miedź,,,,,,,,,,,,,,,,
53762,53762,45514,Pegatron,Pegatron Corp,,,,,,,,,,,,,,,,
53778,53778,32545,Jointown Pharmaceutical Group,Jointown Pharmaceutical Group Co Ltd,,,,,,,,,,,,,,,,
53779,53779,12694,Ferrovial ConstrucciÃ³n S.a.,Ferrovial Construction,,,,,,,,,,,,,,,,
53786,53786,21643,Amica,Amica SA,,,,,,,,,,,,,,,,
53790,53790,23723,Taiwan Surface Mounting Technology,Taiwan Surface Mounting Technology Corp,,,,,,,,,,,,,,,,
53813,53813,52440,Zhejiang Expressway,Zhejiang Expressway Co Ltd,,,,,,,,,,,,,,,,
53815,53815,8367,P & A HOLDINGS (NW) LIMITED,P & A HOLDINGS (UK) LIMITED,,,,,,,,,,,,,,,,
53816,53816,5632,Industrias Penoles SAB de CV,"Industrias Peñoles, S.A.B. de C.V.",,,,,,,,,,,,,,,,
53817,53817,51368,China Merchants Port Holdings Co Ltd,China Merchants Port Holdings Company,,,,,,,,,,,,,,,,
53823,53823,1833,BEAUTY AND THE BARBELL LTD,BEAUTY AND THE BARISTA LTD,,,,,,,,,,,,,,,,
53827,53827,33448,Enel Americas SA,Enel Américas SA,,,,,,,,,,,,,,,,
53833,53833,6804,GOOD CHOICE MANAGEMENT LTD,GOOD CHOICE MONEY LIMITED,,,,,,,,,,,,,,,,
53839,53839,29038,IDP Education,IDP Education Limited,,,,,,,,,,,,,,,,
53843,53843,28559,Arbor Realty Trust,"Arbor Realty Trust, Inc.",,,,,,,,,,,,,,,,
53852,53852,28252,King Yuan Electronics,King Yuan Electronics Co Ltd,,,,,,,,,,,,,,,,
53862,53862,46128,Ingersoll Rand,Ingersoll Rand Inc,,,,,,,,,,,,,,,,
53882,53882,53536,TerraNet AB,TerraNet Holding AB,,,,,,,,,,,,,,,,
53887,53887,2977,InstaSafe,Instabase,,,,,,,,,,,,,,,,
53890,53890,12607,Shenzhen Inovance Technology Co Ltd,"Shenzhen Inovance Technology Co.,Ltd",,,,,,,,,,,,,,,,
53896,53896,37062,Turkiye Sise Ve Cam Fabrikalari,Turkiye Sise ve Cam Fabrikalari AS,,,,,,,,,,,,,,,,
53898,53898,35383,Nexity SA,Nexity Sa,,,,,,,,,,,,,,,,
53909,53909,26750,Tsumura & Co,Tsumura & Co.,,,,,,,,,,,,,,,,
53910,53910,5714,Fedrigoni,Fedrigoni Spa,,,,,,,,,,,,,,,,
53912,53912,14678,JFE Holdings,JFE Holdings Inc,,,,,,,,,,,,,,,,
53917,53917,30887,Cimpress,Cimpress Plc,,,,,,,,,,,,,,,,
53921,53921,10129,Bangkok Bank Public Company,Bangkok Bank Public Company Ltd,,,,,,,,,,,,,,,,
53922,53922,17591,Tokyu Corp,Tokyu Corporation,,,,,,,,,,,,,,,,
53925,53925,19344,Tianneng Battery Group Co. Ltd,"Tianneng Battery Group Co., Ltd.",,,,,,,,,,,,,,,,
53936,53936,30459,L E Lundbergforetagen Ab (publ),L E Lundbergföretagen,,,,,,,,,,,,,,,,
53940,53940,43737,Canva,Canvera,,,,,,,,,,,,,,,,
53950,53950,36767,Benesse Holdings,Benesse Holdings Inc,,,,,,,,,,,,,,,,
53959,53959,21630,Shanghai Fullhan Microelectronics,Shanghai Fullhan Microelectronics Co. Ltd,,,,,,,,,,,,,,,,
53960,53960,39387,Sungrow Power Supply Co Ltd,Sungrow Power Supply Co. Ltd,,,,,,,,,,,,,,,,
53966,53966,30427,Black Peony,Black Peony (group),,,,,,,,,,,,,,,,
53968,53968,15105,Fonterra Co-operative Group,Fonterra Co-operative Group Ltd,,,,,,,,,,,,,,,,
53971,53971,53394,Bukit Sembawang Estates,Bukit Sembawang Estates Ltd,,,,,,,,,,,,,,,,
53976,53976,53878,M&T Bank Corp,M&T Bank Corporation,,,,,,,,,,,,,,,,
53978,53978,26526,IndusInd Bank,IndusInd Bank Ltd,,,,,,,,,,,,,,,,
53979,53979,47041,UNIVERSITA' DEGLI STUDI DI FOGGIA,UNIVERSITA' DEGLI STUDI DI PARMA,,,,,,,,,,,,,,,,
53985,53985,20135,Woolworths Group Limited,Woolworths Group Ltd,,,,,,,,,,,,,,,,
54000,54000,50479,Rush Enterprises,Rush Enterprises Inc,,,,,,,,,,,,,,,,
54002,54002,35966,Church & Dwight,Church & Dwight Co Inc,,,,,,,,,,,,,,,,
54014,54014,16524,Lamb Weston Holdings,Lamb Weston Holdings Inc,,,,,,,,,,,,,,,,
54017,54017,49356,NATIONWIDE LIFE INSURANCE COMPANY,NATIONWIDE MUTUAL INSURANCE COMPANY,,,,,,,,,,,,,,,,
54028,54028,13860,Fuyo General Lease,Fuyo General Lease Co Ltd,,,,,,,,,,,,,,,,
54049,54049,44652,Aselsan Elektronik Sanayi Ve Ticaret AS,Aselsan Elektronik Sanayi Ve Ticaret Anonim Sirketi,,,,,,,,,,,,,,,,
54051,54051,32228,Simon Property Group,Simon Property Group Inc,,,,,,,,,,,,,,,,
54055,54055,10058,Yandex N.V.,Yandex NV,,,,,,,,,,,,,,,,
54062,54062,21730,Mortgage Advice Bureau (Holdings) plc,Mortgage Advice Bureau (holdings),,,,,,,,,,,,,,,,
54070,54070,43812,Sangamo Therapeutics,"Sangamo Therapeutics, Inc. Careers",,,,,,,,,,,,,,,,
54073,54073,38229,Sabre Corp,Sabre Corporation,,,,,,,,,,,,,,,,
54074,54074,37814,Stadler Rail AG,Stadler Rail Ag,,,,,,,,,,,,,,,,
54076,54076,52018,Brenntag Ag,Brenntag SE,,,,,,,,,,,,,,,,
54088,54088,31904,Banco BPM,Banco BPM SpA,,,,,,,,,,,,,,,,
54094,54094,53168,Iron Mountain Inc,Iron Mountain Incorporated,,,,,,,,,,,,,,,,
54105,54105,38432,Yunnan Copper Co. Ltd.,Yunnan Copper Company Ltd,,,,,,,,,,,,,,,,
54111,54111,45053,Northern Trust Corp,Northern Trust Corporation,,,,,,,,,,,,,,,,
54123,54123,26966,Intertek,Intertek Group,,,,,,,,,,,,,,,,
54126,54126,34305,SiriusPoint Ltd,Siriuspoint Ltd.,,,,,,,,,,,,,,,,
54128,54128,52425,Primerica Inc,"Primerica, Inc.",,,,,,,,,,,,,,,,
54132,54132,23762,Subaru Corp,Subaru Corporation,,,,,,,,,,,,,,,,
54135,54135,19411,Ameren Corp,Ameren Corporation,,,,,,,,,,,,,,,,
54137,54137,44072,R. ADAMS & SONS HOLDINGS LTD,R. ADAMS & SONS LTD,,,,,,,,,,,,,,,,
54141,54141,7145,Hammerson,Hammerson plc,,,,,,,,,,,,,,,,
54142,54142,50044,SNC-Lavalin Group Inc,SNC-Lavalin Group Inc.,,,,,,,,,,,,,,,,
54145,54145,53000,CIFI Holdings (Group) Co Ltd,CIFI Holdings (Group) Co. Ltd,,,,,,,,,,,,,,,,
54147,54147,54131,Braskem,Braskem SA,,,,,,,,,,,,,,,,
54148,54148,8736,Perion Network,Perion Network Ltd.,,,,,,,,,,,,,,,,
54153,54153,33403,China Railway Construction Corp Ltd,China Railway Construction Corporation,,,,,,,,,,,,,,,,
54154,54154,27238,Salzgitter,Salzgitter AG,,,,,,,,,,,,,,,,
54160,54160,45748,Spark New Zealand,Spark New Zealand Limited,,,,,,,,,,,,,,,,
54162,54162,24875,Arnotts,Arnott’s,,,,,,,,,,,,,,,,
54167,54167,30195,Rollins,Rollins Inc,,,,,,,,,,,,,,,,
54168,54168,18594,Charles River Laboratories International Inc,"Charles River Laboratories International, Inc.",,,,,,,,,,,,,,,,
54171,54171,19808,Tri Chemical Laboratories,"Tri Chemical Laboratories, Inc.",,,,,,,,,,,,,,,,
54174,54174,7782,Tokyo Tatemono Co Ltd,Tokyo Tatemono Co. Ltd,,,,,,,,,,,,,,,,
54187,54187,33266,Cloudflare,"Cloudflare, Inc.",,,,,,,,,,,,,,,,
54189,54189,38351,Ferrexpo Plc,Ferrexpo plc,,,,,,,,,,,,,,,,
54190,54190,2549,Bank of Changsha,Bank of Changsha Co Ltd,,,,,,,,,,,,,,,,
54192,54192,25197,China Coal Energy,China Coal Energy Co Ltd,,,,,,,,,,,,,,,,
54195,54195,40514,Open Joint Stock Company OMZ,Open Joint Stock Company Omz,,,,,,,,,,,,,,,,
54198,54198,37598,Johns Lyng Group,Johns Lyng Group Limited,,,,,,,,,,,,,,,,
54201,54201,9374,Radico Khaitan,Radico Khaitan Ltd,,,,,,,,,,,,,,,,
54204,54204,8259,Tryg A-S,Tryg A/S,,,,,,,,,,,,,,,,
54207,54207,10863,Airports Of Thailand,Airports of Thailand,,,,,,,,,,,,,,,,
54214,54214,38607,Mentorsity,Mentos,,,,,,,,,,,,,,,,
54221,54221,20165,Surgical Science Sweden AB,Surgical Science Sweden Ab (publ),,,,,,,,,,,,,,,,
54227,54227,43237,Greenlight,Greenlight Planet,,,,,,,,,,,,,,,,
54243,54243,12473,Tarkett,Tarkett SA,,,,,,,,,,,,,,,,
54247,54247,32044,Dolce & Gabbana Holding Srl,Dolce & Gabbana Srl,,,,,,,,,,,,,,,,
54250,54250,27184,Daishi Hokuetsu Financial Group,"Daishi Hokuetsu Financial Group, Inc.",,,,,,,,,,,,,,,,
54254,54254,49492,Eiffage,Eiffage SA,,,,,,,,,,,,,,,,
54256,54256,2349,Vedanta Resources,Vedanta Resources Ltd,,,,,,,,,,,,,,,,
54264,54264,13439,Banco Santander,Banco Santander (Brasil) SA,,,,,,,,,,,,,,,,
54266,54266,19668,China Life Insurance,China Life Insurance Co Ltd,,,,,,,,,,,,,,,,
54267,54267,10227,Public Service Enterprise Group Inc,Public Service Enterprise Group Incorporated,,,,,,,,,,,,,,,,
54269,54269,40663,PostNL N.V.,PostNL NV,,,,,,,,,,,,,,,,
54272,54272,44846,Zebra Technologies,Zebra Technologies Corp,,,,,,,,,,,,,,,,
54288,54288,16528,Clal Insurance Enterprises Holdings,Clal Insurance Enterprises Holdings Ltd,,,,,,,,,,,,,,,,
54290,54290,23830,Radiant Opto-Electronics Corp,Radiant Opto-electronics Corporation,,,,,,,,,,,,,,,,
54292,54292,12651,BAD NEWS LTD,BAD NOISE LTD,,,,,,,,,,,,,,,,
54301,54301,28329,Primary Health Centre,Primary Health Properties,,,,,,,,,,,,,,,,
54306,54306,6688,Salesforce,Salesforce Inc,,,,,,,,,,,,,,,,
54322,54322,29746,Applegreen,Applegreen plc,,,,,,,,,,,,,,,,
54326,54326,10713,Bill.com Holdings,"Bill.com Holdings, Inc.",,,,,,,,,,,,,,,,
54327,54327,10103,Henan Pinggao Electric,Henan Pinggao Electric Co Ltd,,,,,,,,,,,,,,,,
54335,54335,51344,Sri Trang Agro-Industry Public Company Ltd,Sri Trang Agro-industry Public Company,,,,,,,,,,,,,,,,
54345,54345,6247,Agnico Eagle Mines,Agnico Eagle Mines Limited,,,,,,,,,,,,,,,,
54350,54350,47918,Strabag,Strabag Se,,,,,,,,,,,,,,,,
54362,54362,12187,Shanxi Taigang Stainless,"Shanxi Taigang Stainless Steel Co., Ltd.",,,,,,,,,,,,,,,,
54367,54367,49676,Bank of Jiujiang,Bank of Jiujiang Co. Ltd,,,,,,,,,,,,,,,,
54372,54372,4381,Torrent Power,Torrent Power Ltd,,,,,,,,,,,,,,,,
54374,54374,27549,ResMed,ResMed Inc,,,,,,,,,,,,,,,,
54381,54381,47143,"China National Gold Group Gold Jewellery Co.,Ltd.","China National Gold Group Gold Jewellery Co.,ltd.",,,,,,,,,,,,,,,,
54393,54393,4186,"ServisFirst Bancshares, Inc.",Servisfirst Bancshares,,,,,,,,,,,,,,,,
54415,54415,45435,Ally Financial Inc,Ally Financial Inc.,,,,,,,,,,,,,,,,
54416,54416,5345,United Utilities Group Plc,United Utilities Group plc,,,,,,,,,,,,,,,,
54417,54417,2503,Industrial Bank Co Ltd,Industrial Bank Co. Ltd,,,,,,,,,,,,,,,,
54422,54422,3144,CoStar Group,CoStar Group Inc,,,,,,,,,,,,,,,,
54432,54432,54247,Dolce & Gabbana,Dolce & Gabbana Holding Srl,,,,,,,,,,,,,,,,
54438,54438,8780,Husky Energy,"Husky Energy, Inc.",,,,,,,,,,,,,,,,
54439,54439,19177,Fresh Del Monte Produce,Fresh Del Monte Produce Inc,,,,,,,,,,,,,,,,
54443,54443,33260,Stef,Stef SA,,,,,,,,,,,,,,,,
54451,54451,11608,Interpublic Group,Interpublic Group Of Companies,,,,,,,,,,,,,,,,
54474,54474,45205,Netmarble Corp,Netmarble Corporation,,,,,,,,,,,,,,,,
54481,54481,3771,Enel Chile,Enel Chile SA,,,,,,,,,,,,,,,,
54484,54484,5576,Molina Healthcare,Molina Healthcare Inc,,,,,,,,,,,,,,,,
54490,54490,16652,Altana,Altansia,,,,,,,,,,,,,,,,
54491,54491,2205,Datadog,Datadog Inc,,,,,,,,,,,,,,,,
54497,54497,30925,Flutter Entertainment,Flutter Entertainment plc,,,,,,,,,,,,,,,,
54498,54498,52153,China Shipbuilding Industry Company,China Shipbuilding Industry Company Ltd,,,,,,,,,,,,,,,,
54499,54499,12835,Wuliangye,Wuliangye Yibin,,,,,,,,,,,,,,,,
54510,54510,13994,SK Hynix,SK Hynix Inc,,,,,,,,,,,,,,,,
54513,54513,12829,Hufvudstaden AB,Hufvudstaden Ab (publ),,,,,,,,,,,,,,,,
54523,54523,37178,Asia Cement Corp,Asia Cement Corporation,,,,,,,,,,,,,,,,
54529,54529,50018,Reinsurance Group of America Inc,"Reinsurance Group of America, Incorporated",,,,,,,,,,,,,,,,
54530,54530,34417,Pan American Silver,Pan American Silver Corp,,,,,,,,,,,,,,,,
54537,54537,185,Shree Cement,Shree Cement Ltd,,,,,,,,,,,,,,,,
54539,54539,45142,Ain Holdings,Ain Holdings Inc,,,,,,,,,,,,,,,,
54540,54540,54431,Covestro Ag,Covestro Srl,,,,,,,,,,,,,,,,
54544,54544,15658,Huaan Securities,Huaan Securities Co. Ltd,,,,,,,,,,,,,,,,
54545,54545,15736,Neoenergia S.a.,Neoenergia SA,,,,,,,,,,,,,,,,
54572,54572,22335,Deutsche Bank,Deutsche Bank AG,,,,,,,,,,,,,,,,
54575,54575,9606,China Risun Group Limited,China Risun Group Ltd,,,,,,,,,,,,,,,,
54580,54580,35037,Infineon Technologies AG,Infineon Technologies Ag,,,,,,,,,,,,,,,,
54585,54585,16014,OSB Group Plc,OSB Group plc,,,,,,,,,,,,,,,,
54595,54595,44691,BAD WOLF (HDM3) LIMITED,BAD WOLF (IHS) LTD,,,,,,,,,,,,,,,,
54614,54614,6252,Bank of Xi'an,"Bank of Xi'an Co.,Ltd.",,,,,,,,,,,,,,,,
54621,54621,696,Cnova,Cnova NV,,,,,,,,,,,,,,,,
54623,54623,2295,GD Power Development Co Ltd,"GD Power Development Co.,Ltd",,,,,,,,,,,,,,,,
54629,54629,6101,Sumo Group,Sumo Group plc,,,,,,,,,,,,,,,,
54634,54634,51637,Intuitive Surgical,Intuitive Surgical Inc,,,,,,,,,,,,,,,,
54641,54641,20170,SOFTWARE BASE LIMITED,SOFTWARE BOX LIMITED,,,,,,,,,,,,,,,,
54653,54653,47917,Finning International Inc,Finning International Inc.,,,,,,,,,,,,,,,,
54654,54654,396,Comstock Resources,Comstock Resources Inc,,,,,,,,,,,,,,,,
54662,54662,52278,Invitation Homes Inc,Invitation Homes Inc.,,,,,,,,,,,,,,,,
54663,54663,41331,Howden Joinery Group,Howden Joinery Group Plc,,,,,,,,,,,,,,,,
54666,54666,30217,Adani Ports & Special Economic Zone,Adani Ports And Special Economic Zone,,,,,,,,,,,,,,,,
54669,54669,18111,China Yangtze Power,China Yangtze Power Co Ltd,,,,,,,,,,,,,,,,
54687,54687,35550,X5 Retail Group Careers,X5 Retail Group NV,,,,,,,,,,,,,,,,
54688,54688,294,Similarweb Ltd,Similarweb Ltd.,,,,,,,,,,,,,,,,
54690,54690,37140,Advance Residence Investment Corp,Advance Residence Investment Corporation,,,,,,,,,,,,,,,,
54693,54693,45144,Autohome,Autohome Inc.,,,,,,,,,,,,,,,,
54695,54695,43356,Chunghwa Telecom,Chunghwa Telecom (CHT),,,,,,,,,,,,,,,,
54702,54702,22639,"EDGEWELL PERSONAL CARE BRANDS, LLC",EDGEWELL PERSONAL CARE COMPANY,,,,,,,,,,,,,,,,
54704,54704,47476,Tekfen Holding AS,Tekfen Holding Anonim Sirketi,,,,,,,,,,,,,,,,
54717,54717,40561,BEAUTY AND THE BLOG LTD,BEAUTY AND THE BOOK LTD,,,,,,,,,,,,,,,,
54718,54718,11743,Bureau Veritas SA,Bureau Veritas Sa,,,,,,,,,,,,,,,,
54740,54740,43741,Zydus Lifesciences,Zydus Lifesciences Limited,,,,,,,,,,,,,,,,
54780,54780,24505,Pernod Ricard,Pernod Ricard SA,,,,,,,,,,,,,,,,
54784,54784,16238,Bangkok Dusit Medical Services PCL,Bangkok Dusit Medical Services Public Company,,,,,,,,,,,,,,,,
54788,54788,792,Gemdale,Gemdale Corp,,,,,,,,,,,,,,,,
54795,54795,21847,Ardentec Corp,Ardentec Corporation,,,,,,,,,,,,,,,,
54797,54797,34882,Hankook Tire & Technology Co Ltd,Hankook Tire & Technology Co. Ltd,,,,,,,,,,,,,,,,
54800,54800,4653,Deoleo,"Deoleo, SA",,,,,,,,,,,,,,,,
54808,54808,43055,Axiata Group Berhad,Axiata Group Bhd,,,,,,,,,,,,,,,,
54811,54811,15203,Designer Brands,Designer Brands Inc,,,,,,,,,,,,,,,,
54815,54815,30388,FOOD BY DEPREE LIMITED,FOOD BY DESIRE LIMITED,,,,,,,,,,,,,,,,
54816,54816,33726,Grupo Lamosa SAB de CV,"Grupo Lamosa, S.A.B. de C.V.",,,,,,,,,,,,,,,,
54823,54823,39023,Aviva Plc,Aviva plc,,,,,,,,,,,,,,,,
54827,54827,48537,Colliers International Group Inc,Colliers International Group Inc.,,,,,,,,,,,,,,,,
54839,54839,31605,Cico Technologies,Cicor Technologies Ltd,,,,,,,,,,,,,,,,
54856,54856,16797,H. Lundbeck A/s,H. Lundbeck AS,,,,,,,,,,,,,,,,
54857,54857,54228,Pinduoduo,Pinduoduo Inc,,,,,,,,,,,,,,,,
54864,54864,25883,FOOD DELIVERY SERVICE 123 LTD,FOOD DELIVERY SERVICES LTD,,,,,,,,,,,,,,,,
54873,54873,33831,American Express,American Express Co,,,,,,,,,,,,,,,,
54875,54875,33610,Bharat Electronics,Bharat Electronics Ltd,,,,,,,,,,,,,,,,
54893,54893,21990,"Skechers U.S.A., Inc.",Skechers USA Inc,,,,,,,,,,,,,,,,
54903,54903,37653,FOOD AND BEVERAGE LIMITED,FOOD AND BEVERAGE LTD,,,,,,,,,,,,,,,,
54910,54910,44610,Aston Martin Lagonda Global Holdings Plc,Aston Martin Lagonda Global Holdings plc,,,,,,,,,,,,,,,,
54920,54920,30160,Jacobs Engineering Group,Jacobs Engineering Group Inc.,,,,,,,,,,,,,,,,
54921,54921,38329,Zhejiang Wolwo Bio-Pharmaceutical Co. Ltd,Zhejiang Wolwo Bio-pharmaceutical,,,,,,,,,,,,,,,,
54927,54927,3782,Ringcentral,Ringcentral Careers,,,,,,,,,,,,,,,,
54930,54930,10215,ENN Natural Gas,ENN Natural Gas Co. Ltd,,,,,,,,,,,,,,,,
54944,54944,52005,Babcock International Group Plc,Babcock International Group plc,,,,,,,,,,,,,,,,
54947,54947,5273,Flexituff Ventures International,Flexituff Ventures International Ltd,,,,,,,,,,,,,,,,
54963,54963,26045,Meggitt,Meggitt Plc,,,,,,,,,,,,,,,,
54964,54964,33504,Sanken Electric,Sanken Electric Co Ltd,,,,,,,,,,,,,,,,
54968,54968,6395,Pactiv Evergreen Inc,Pactiv Evergreen Inc.,,,,,,,,,,,,,,,,
54971,54971,14184,Piedmont Lithium,Piedmont Lithium Limited,,,,,,,,,,,,,,,,
54974,54974,22455,S R Enterprises,S S Enterprises,,,,,,,,,,,,,,,,
54979,54979,38246,Martinrea International Inc,Martinrea International Inc.,,,,,,,,,,,,,,,,
54980,54980,3516,Bank of Taiwan,Bank of Tianjin,,,,,,,,,,,,,,,,
54986,54986,26878,Ningbo Yunsheng,Ningbo Yunsheng Co. Ltd,,,,,,,,,,,,,,,,
54993,54993,42833,Kemira,Kemira Oyj,,,,,,,,,,,,,,,,
54997,54997,53427,Shanghai Zijiang Enterprise Group,Shanghai Zijiang Enterprise Group Co Ltd,,,,,,,,,,,,,,,,
55000,55000,40848,BEAUTY ANGELS STORE UK LTD,BEAUTY ANGELS UK LIMITED,,,,,,,,,,,,,,,,
55001,55001,14316,Banca Monte Dei Paschi Di Siena,Banca Monte Dei Paschi Di Siena Spa,,,,,,,,,,,,,,,,
55003,55003,22152,Hornbach Holding AG & Co KGaA,Hornbach Holding Ag & Co. Kgaa,,,,,,,,,,,,,,,,
55004,55004,40623,Jeronimo Martins,Jeronimo Martins SGPS SA,,,,,,,,,,,,,,,,
55016,55016,6617,Cadence Design,Cadence Design Systems,,,,,,,,,,,,,,,,
55032,55032,17636,PennyMac Financial Services,PennyMac Financial Services Inc,,,,,,,,,,,,,,,,
55047,55047,26992,Cyfrowy Polsat,Cyfrowy Polsat SA,,,,,,,,,,,,,,,,
55055,55055,46283,Man Group Plc,Man Group plc,,,,,,,,,,,,,,,,
55061,55061,38294,Shenzhen Mindray Bio-Medical Electronics,Shenzhen Mindray Bio-Medical Electronics Co Ltd,,,,,,,,,,,,,,,,
55062,55062,39041,Sichuan Road & Bridge Co. Ltd,Sichuan Road & Bridge Group Co Ltd,,,,,,,,,,,,,,,,
55063,55063,40106,Diverse Lynx,Diversey,,,,,,,,,,,,,,,,
55074,55074,10584,Livzon Pharmaceutical Group,Livzon Pharmaceutical Group Co Ltd,,,,,,,,,,,,,,,,
55081,55081,12944,Taiwan Glass Ind. Corp,Taiwan Glass Industry Corp,,,,,,,,,,,,,,,,
55090,55090,20122,Visteon Corp,Visteon Corporation,,,,,,,,,,,,,,,,
55098,55098,32075,Commonwealth Bank,Commonwealth Bank Of Australia,,,,,,,,,,,,,,,,
55123,55123,29371,Tripod Technology Corp,Tripod Technology Corporation,,,,,,,,,,,,,,,,
55126,55126,16826,Fortune Brands Home & Security,"Fortune Brands Home & Security, Inc.",,,,,,,,,,,,,,,,
55139,55139,48829,"Public Joint Stock Company ""ingrad""",Public Joint Stock Company ALROSA-Nurba,,,,,,,,,,,,,,,,
55146,55146,6228,PT Bumi Resources Minerals Tbk,PT Bumi Resources Tbk,,,,,,,,,,,,,,,,
55168,55168,51938,Mondi,Mondi Plc,,,,,,,,,,,,,,,,
55171,55171,3519,Open House,Open House Co. Ltd,,,,,,,,,,,,,,,,
55172,55172,28295,Suzhou Gold Mantis Construction Decoration,Suzhou Gold Mantis Construction Decoration Co Ltd,,,,,,,,,,,,,,,,
55189,55189,48050,First Financial Holding Co Ltd,First Financial Holding Co. Ltd,,,,,,,,,,,,,,,,
55193,55193,1064,Assurant,Assurant Inc,,,,,,,,,,,,,,,,
55202,55202,45689,Centene Corp,Centene Corporation,,,,,,,,,,,,,,,,
55210,55210,22453,ManpowerGroup Inc.,Manpowergroup,,,,,,,,,,,,,,,,
55214,55214,26647,China International Capital,China International Capital Corp Ltd,,,,,,,,,,,,,,,,
55216,55216,43497,Silver Lake Resources,Silver Lake Resources Limited,,,,,,,,,,,,,,,,
55219,55219,104,Baker Gauges,Baker Hughes,,,,,,,,,,,,,,,,
55220,55220,15551,Omnicell Inc,"Omnicell, Inc.",,,,,,,,,,,,,,,,
55225,55225,3910,Sonor,Sonos,,,,,,,,,,,,,,,,
55234,55234,53693,Xinjiang Goldwind Science & Technology Co Ltd,Xinjiang Goldwind Science&technology,,,,,,,,,,,,,,,,
55248,55248,23902,Mizrahi Tefahot Bank,Mizrahi Tefahot Bank Ltd,,,,,,,,,,,,,,,,
55250,55250,20465,Consolidated Edison Inc,"Consolidated Edison, Inc.",,,,,,,,,,,,,,,,
55252,55252,21849,Fresnillo,Fresnillo Plc,,,,,,,,,,,,,,,,
55255,55255,55202,Centene,Centene Corp,,,,,,,,,,,,,,,,
55260,55260,21578,Zoetis Inc,Zoetis Inc.,,,,,,,,,,,,,,,,
55271,55271,36398,Asian Paints,Asian Paints Ltd,,,,,,,,,,,,,,,,
55275,55275,16409,BEAUTY AND THE BROWS ESSEX LIMITED,BEAUTY AND THE BRUSH LTD,,,,,,,,,,,,,,,,
55279,55279,27053,Logitech International,Logitech International SA,,,,,,,,,,,,,,,,
55280,55280,54251,Toyobo Co Ltd,Toyobo Co. Ltd,,,,,,,,,,,,,,,,
55287,55287,6027,AGNC Investment,AGNC Investment Corp.,,,,,,,,,,,,,,,,
55293,55293,34921,Silgan Holdings,Silgan Holdings Inc,,,,,,,,,,,,,,,,
55297,55297,49484,Christian Dior,Christian Dior SE,,,,,,,,,,,,,,,,
55301,55301,37723,Levi Strauss & Co.,Levi Strauss & Co. Careers,,,,,,,,,,,,,,,,
55323,55323,42679,Jiangsu Yulong Steel Pipe,Jiangsu Yulong Steel Pipe Co. Ltd,,,,,,,,,,,,,,,,
55325,55325,2998,Ryohin Keikaku Co Ltd,Ryohin Keikaku Co. Ltd,,,,,,,,,,,,,,,,
55326,55326,18339,Entegris Inc,"Entegris, Inc.",,,,,,,,,,,,,,,,
55356,55356,19786,PT Bank Tabungan Negara,PT Bank Tabungan Negara (Persero) Tbk,,,,,,,,,,,,,,,,
55362,55362,18270,Aozora Bank,Aozora Bank Ltd,,,,,,,,,,,,,,,,
55371,55371,43690,Liberty Global,Liberty Global plc,,,,,,,,,,,,,,,,
55378,55378,32848,Abiomed Inc,"Abiomed, Inc.",,,,,,,,,,,,,,,,
55380,55380,21927,Lagardere SCA,Lagardere Sca,,,,,,,,,,,,,,,,
55382,55382,25064,Legend Holdings Corp,Legend Holdings Corporation,,,,,,,,,,,,,,,,
55384,55384,32625,Ryanair Holdings,Ryanair Holdings Plc,,,,,,,,,,,,,,,,
55390,55390,28877,Bank of Africa,Bank of America,,,,,,,,,,,,,,,,
55394,55394,10878,Public Joint Stock Company Magadanenergo,Public Joint Stock Company Magnit,,,,,,,,,,,,,,,,
55399,55399,46192,Mizuho Leasing Company,Mizuho Leasing Company Ltd,,,,,,,,,,,,,,,,
55408,55408,24738,New Residential Investment,New Residential Investment Corp.,,,,,,,,,,,,,,,,
55415,55415,10533,Yamazaki Baking,Yamazaki Baking Co Ltd,,,,,,,,,,,,,,,,
55417,55417,47873,Pacific Century Premium Developments Ltd,Pacific Century Regional Developments Ltd,,,,,,,,,,,,,,,,
55429,55429,51692,Guangshen Railway Co Ltd,Guangshen Railway Company,,,,,,,,,,,,,,,,
55435,55435,18120,Jiangsu Lihua Animal Husbandry Co Ltd,Jiangsu Lihua Animal Husbandry Co. Ltd,,,,,,,,,,,,,,,,
55446,55446,27348,Crane,Crane Co.,,,,,,,,,,,,,,,,
55448,55448,12439,Ocado Group,Ocado Group Plc,,,,,,,,,,,,,,,,
55464,55464,41301,Schroders Plc,Schroders plc,,,,,,,,,,,,,,,,
55475,55475,50892,Seven Bank,Seven Bank Ltd,,,,,,,,,,,,,,,,
55482,55482,29449,Fufeng Group Limited,Fufeng Group Ltd,,,,,,,,,,,,,,,,
55484,55484,10430,Nagarro SE,Nagarro Se,,,,,,,,,,,,,,,,
55486,55486,24500,HSBC Holdings,HSBC Holdings Plc,,,,,,,,,,,,,,,,
55491,55491,25924,MasTec Inc,"MasTec, Inc.",,,,,,,,,,,,,,,,
55494,55494,1817,Grand Ming Group Holdings,Grand Ming Group Holdings Ltd,,,,,,,,,,,,,,,,
55502,55502,54283,ALL ABOUT ASHLEY LIMITED,ALL ABOUT ASSETS LIMITED,,,,,,,,,,,,,,,,
55503,55503,45800,Wharf Real Estate Investment,Wharf Real Estate Investment Company,,,,,,,,,,,,,,,,
55505,55505,47273,Kinder Morgan Inc,"Kinder Morgan, Inc.",,,,,,,,,,,,,,,,
55507,55507,1038,Age Of Learning,Age of Learning,,,,,,,,,,,,,,,,
55508,55508,24325,ALL ABOUT TIME LIMITED,ALL ABOUT TIMING LTD,,,,,,,,,,,,,,,,
55520,55520,32715,Tractable,Tractebel,,,,,,,,,,,,,,,,
55539,55539,12235,Ball Corporation,Ball Corporation Careers,,,,,,,,,,,,,,,,
55541,55541,41332,Dorman Products,Dorman Products Inc,,,,,,,,,,,,,,,,
55548,55548,55119,CBRE Group Inc,"CBRE Group, Inc.",,,,,,,,,,,,,,,,
55562,55562,19753,China Railway Signal & Communication Corp Ltd,China Railway Signal & Communication Corporation,,,,,,,,,,,,,,,,
55564,55564,25474,Industrial Securities,Industrial Securities Co Ltd,,,,,,,,,,,,,,,,
55575,55575,46683,Salvatore Ferragamo SpA,Salvatore Ferragamo Spa,,,,,,,,,,,,,,,,
55586,55586,15496,Robertet SA,Robertet Sa,,,,,,,,,,,,,,,,
55595,55595,25389,Saudi Basic Industries Corp,Saudi Basic Industries Corporation (sabic),,,,,,,,,,,,,,,,
55604,55604,16058,Woodward,Woodward Inc,,,,,,,,,,,,,,,,
55613,55613,21981,Intermediate Capital Group Plc,Intermediate Capital Group plc,,,,,,,,,,,,,,,,
55652,55652,17463,GOOD BURGER (MAK) LIMITED,GOOD BURGER 1 LTD,,,,,,,,,,,,,,,,
55679,55679,44898,HITACHI RAIL SPA,HITACHI RAIL STS SPA,,,,,,,,,,,,,,,,
55685,55685,55410,Elbit Systems Ltd,Elbit Systems Ltd.,,,,,,,,,,,,,,,,
55695,55695,32963,Atmos Energy Corp,Atmos Energy Corporation,,,,,,,,,,,,,,,,
55704,55704,11725,Wipro Limited,Wipro Ltd,,,,,,,,,,,,,,,,
55717,55717,18713,SOFTWARE DYNAMICS (UK) LTD,SOFTWARE DYNAMICS LIMITED,,,,,,,,,,,,,,,,
55721,55721,12571,Mitsui Chemicals,Mitsui Chemicals Inc,,,,,,,,,,,,,,,,
55724,55724,53021,Guangzhou Port Company,Guangzhou Port Company Ltd,,,,,,,,,,,,,,,,
55736,55736,23062,V A BUILDING LTD,V A BUILDING SERVICES LTD,,,,,,,,,,,,,,,,
55755,55755,48545,Unipol Gruppo S.p.A.,Unipol Gruppo SpA,,,,,,,,,,,,,,,,
55764,55764,24241,CK Asset Holdings Limited,CK Asset Holdings Ltd,,,,,,,,,,,,,,,,
55773,55773,10993,Kingdom Holding,Kingdom Holding Company,,,,,,,,,,,,,,,,
55777,55777,19331,Voltas,Voltas Ltd,,,,,,,,,,,,,,,,
55784,55784,16819,Sleep Number Corp,Sleep Number Corporation,,,,,,,,,,,,,,,,
55794,55794,16724,Persimmon,Persimmon Plc,,,,,,,,,,,,,,,,
55798,55798,18934,Bank of Guizhou,Bank of Guizhou Co. Ltd,,,,,,,,,,,,,,,,
55813,55813,47936,Hera SpA,Hera Spa,,,,,,,,,,,,,,,,
55825,55825,15022,Bora Pharmaceuticals,Bora Pharmaceuticals Co. Ltd,,,,,,,,,,,,,,,,
55828,55828,50523,Dino Polska S.a.,Dino Polska SA,,,,,,,,,,,,,,,,
55836,55836,2868,Schneider Electric Spa,Schneider Electric india,,,,,,,,,,,,,,,,
55838,55838,6981,Auckland International Airport,Auckland International Airport Limited,,,,,,,,,,,,,,,,
55840,55840,49895,Public Joint Stock Company United Aircraft Corp,Public Joint Stock Company United Credit Systems,,,,,,,,,,,,,,,,
55841,55841,2247,Power Finance,Power Finance Corp Ltd,,,,,,,,,,,,,,,,
55852,55852,33120,Yoshinoya Holdings Co Ltd,Yoshinoya Holdings Co. Ltd,,,,,,,,,,,,,,,,
55856,55856,16827,Teleflex,Teleflex Inc,,,,,,,,,,,,,,,,
55859,55859,40220,Oracle Corp,Oracle Corp Japan,,,,,,,,,,,,,,,,
55861,55861,22207,Sohgo Security Services,"Sohgo Security Services Co.,Ltd.",,,,,,,,,,,,,,,,
55888,55888,33143,China Tourism Group Duty Free,China Tourism Group Duty Free Corp Ltd,,,,,,,,,,,,,,,,
55889,55889,9638,Skylark Holdings,Skylark Holdings Co Ltd,,,,,,,,,,,,,,,,
55900,55900,50549,Energica Motor Company,Energica Motor Company S.p.A.,,,,,,,,,,,,,,,,
55909,55909,39683,Arcadis,Arcadis NV,,,,,,,,,,,,,,,,
55912,55912,39171,Swire Pacific,Swire Pacific Ltd,,,,,,,,,,,,,,,,
55913,55913,32485,Pirelli,Pirelli & C,,,,,,,,,,,,,,,,
55916,55916,35591,Bank Of Tianjin,Bank Of Xi'an,,,,,,,,,,,,,,,,
55919,55919,40962,Chow Tai Fook Jewellery,Chow Tai Fook Jewellery Group,,,,,,,,,,,,,,,,
55945,55945,42169,Sundaram Finance,Sundaram Finance Holdings Ltd,,,,,,,,,,,,,,,,
55946,55946,44109,Enghouse Systems,Enghouse Systems Limited,,,,,,,,,,,,,,,,
55962,55962,38075,FOOD ALERT LIMITED,FOOD ALIVE LIMITED,,,,,,,,,,,,,,,,
55965,55965,54999,Genting Berhad,Genting Bhd,,,,,,,,,,,,,,,,
55988,55988,11633,LOMBARD ODIER ASSET MANAGEMENT (EUROPE) LIMITED,LOMBARD ODIER ASSET MANAGEMENT (USA) CORP,,,,,,,,,,,,,,,,
55993,55993,6805,Brown & Brown Inc,"Brown & Brown, Inc.",,,,,,,,,,,,,,,,
56004,56004,18681,Plantronics,Plantronics Inc,,,,,,,,,,,,,,,,
56027,56027,51444,Ansaldo Energia,Ansaldo Energia Spa,,,,,,,,,,,,,,,,
56028,56028,42014,Resolute Forest Products Inc,Resolute Forest Products Inc.,,,,,,,,,,,,,,,,
56029,56029,50438,PT Fortune Indonesia Tbk,PT Fortune Mate Indonesia Tbk,,,,,,,,,,,,,,,,
56032,56032,55830,Jyske Bank A/S,Jyske Bank A/s,,,,,,,,,,,,,,,,
56033,56033,42196,BKE Eisenbahn - Service,BKE Eisenbahn-Service,,,,,,,,,,,,,,,,
56037,56037,2901,Speechmatics,Speechmatics*,,,,,,,,,,,,,,,,
56040,56040,45872,Booking Holdings (booking.com),Booking Holdings Inc,,,,,,,,,,,,,,,,
56042,56042,15786,Guala Closures S.p.A.,Guala Closures Spa,,,,,,,,,,,,,,,,
56050,56050,38710,Shanghai Aiko Solar Energy,Shanghai Aiko Solar Energy Co. Ltd,,,,,,,,,,,,,,,,
56060,56060,45414,Onoff,Onoff AG,,,,,,,,,,,,,,,,
56064,56064,35087,Marico,Marico Ltd,,,,,,,,,,,,,,,,
56068,56068,9884,Jiangsu Cnano Technology,Jiangsu Cnano Technology Co. Ltd,,,,,,,,,,,,,,,,
56069,56069,14740,Hilton Grand Vacations,Hilton Grand Vacations Inc,,,,,,,,,,,,,,,,
56079,56079,35290,Harel Insurance Investments & Financial Services Ltd,Harel Insurance Investments and Financial Services Ltd,,,,,,,,,,,,,,,,
56088,56088,47900,Nexstar Media Group Inc,"Nexstar Media Group, Inc.",,,,,,,,,,,,,,,,
56089,56089,53701,Fundo de Investimento Imobiliario Presidente Vargas,Fundo de Investimento Imobiliario Projeto Agua Branca,,,,,,,,,,,,,,,,
56092,56092,32330,Brookfield Infrastructure Corporation,Brookfield Infrastructure Partners,,,,,,,,,,,,,,,,
56093,56093,55350,Roper Technologies Inc,"Roper Technologies, Inc.",,,,,,,,,,,,,,,,
56098,56098,32149,Chicony Electronics,Chicony Electronics Co Ltd,,,,,,,,,,,,,,,,
56104,56104,17411,Advanced Info Service PCL,Advanced Info Service Public Co Ltd,,,,,,,,,,,,,,,,
56105,56105,10799,ISA Holdings Ltd,ISDN Holdings Ltd,,,,,,,,,,,,,,,,
56114,56114,38417,Fitipower Integrated Technology,"Fitipower Integrated Technology, Inc.",,,,,,,,,,,,,,,,
56117,56117,9722,Doro,Doro AB,,,,,,,,,,,,,,,,
56142,56142,44729,Sawai Group Holdings Co. Ltd,"Sawai Group Holdings Co., Ltd.",,,,,,,,,,,,,,,,
56143,56143,37061,Q DESIGN HOMES LTD,Q DESIGN HOUSE LTD,,,,,,,,,,,,,,,,
56150,56150,49911,Russel Metals Inc,Russel Metals Inc.,,,,,,,,,,,,,,,,
56153,56153,49101,Wuhu Token Sciences,Wuhu Token Sciences Co. Ltd,,,,,,,,,,,,,,,,
56159,56159,2873,R A CONSTRUCTION LIMITED,R A CONSTRUCTION SERVICES LTD,,,,,,,,,,,,,,,,
56164,56164,6431,Home Reit Plc,Home Reit plc,,,,,,,,,,,,,,,,
56169,56169,12285,Adani Transmission,Adani Transmission Ltd,,,,,,,,,,,,,,,,
56184,56184,1256,Canadian Utilities,Canadian Utilities Limited,,,,,,,,,,,,,,,,
56189,56189,43990,Illinois Tool Works,Illinois Tool Works Inc,,,,,,,,,,,,,,,,
56194,56194,55411,Premium Brands Holdings Corp,Premium Brands Holdings Corporation,,,,,,,,,,,,,,,,
56201,56201,8014,Remy Cointreau SA,Remy Cointreau Sa,,,,,,,,,,,,,,,,
56236,56236,53322,Hibbett Sports,Hibbett Sports Inc,,,,,,,,,,,,,,,,
56239,56239,12493,Yealink Network Technology,Yealink Network Technology Co. Ltd,,,,,,,,,,,,,,,,
56250,56250,30604,Foxconn Technology Co Ltd,Foxconn Technology Co. Ltd,,,,,,,,,,,,,,,,
56252,56252,26840,Björn Borg,Björn Borg AB,,,,,,,,,,,,,,,,
56258,56258,5377,Just Eat Takeaway.com,Just Eat Takeaway.com N.V.,,,,,,,,,,,,,,,,
56266,56266,48509,Aristocrat Leisure,Aristocrat Leisure Limited,,,,,,,,,,,,,,,,
56268,56268,38988,Gerresheimer AG,Gerresheimer Ag,,,,,,,,,,,,,,,,
56274,56274,50190,Clicks Group,Clicks Group Ltd,,,,,,,,,,,,,,,,
56275,56275,22310,Kyocera,Kyocera Corp,,,,,,,,,,,,,,,,
56282,56282,9558,Fraport AG,Fraport Ag,,,,,,,,,,,,,,,,
56287,56287,21662,Nano Dimension,Nano Dimension Ltd.,,,,,,,,,,,,,,,,
56293,56293,8352,Relo Group,Relo Group Inc,,,,,,,,,,,,,,,,
56305,56305,25125,Edenred,Edenred SA,,,,,,,,,,,,,,,,
56317,56317,51078,Pininfarina,Pininfarina S.p.A.,,,,,,,,,,,,,,,,
56320,56320,34412,Huaneng Lancang River Hydropower Co Ltd,"Huaneng Lancang River Hydropower, Inc.",,,,,,,,,,,,,,,,
56325,56325,27475,FOOD & BEVERAGE ASSOCIATES LTD,FOOD & BEVERAGE CONNECT LTD,,,,,,,,,,,,,,,,
56335,56335,19302,Standard Motor Products,Standard Motor Products Inc,,,,,,,,,,,,,,,,
56336,56336,38207,Carabao Group Public Company,Carabao Group Public Company Ltd,,,,,,,,,,,,,,,,
56351,56351,45301,Genworth Financial,Genworth Financial Inc,,,,,,,,,,,,,,,,
56362,56362,36611,Kirkland Lake Gold,Kirkland Lake Gold Ltd.,,,,,,,,,,,,,,,,
56368,56368,34956,Shanxi Lu'an Environmental Energy Development Co. Ltd,Shanxi Luan Environmental Energy Development Co Ltd,,,,,,,,,,,,,,,,
56372,56372,6621,McDonald's,McDonald's Corp,,,,,,,,,,,,,,,,
56379,56379,36678,Laboratory Corporation Of America Holdings,Laboratory Corporation of America Holdings,,,,,,,,,,,,,,,,
56389,56389,23359,Ingram Micro,Ingram Micro Inc,,,,,,,,,,,,,,,,
56398,56398,17598,FLOWER FARM FOOD SRL,FLOWER PHARM SRL,,,,,,,,,,,,,,,,
56399,56399,43163,Beijing Shougang,"Beijing Shougang Co., Ltd.",,,,,,,,,,,,,,,,
56410,56410,17744,Vetoquinol SA,Vetoquinol Sa,,,,,,,,,,,,,,,,
56432,56432,35107,Amano Corp,Amano Corporation,,,,,,,,,,,,,,,,
56437,56437,1245,Tradegate AG Wertpapierhandelsbank,Tradegate Ag Wertpapierhandelsbank,,,,,,,,,,,,,,,,
56442,56442,7869,Mettler-Toledo International Inc,Mettler-Toledo International Inc.,,,,,,,,,,,,,,,,
56444,56444,30406,Rohto Pharmaceutical,Rohto Pharmaceutical Co Ltd,,,,,,,,,,,,,,,,
56449,56449,1331,Katrina Group,Katrina Group Ltd,,,,,,,,,,,,,,,,
56458,56458,27606,Sunrun,Sunrun Inc,,,,,,,,,,,,,,,,
56460,56460,53556,The Goldman Sachs Group Inc,"The Goldman Sachs Group, Inc.",,,,,,,,,,,,,,,,
56464,56464,24172,Bharat Dynamics,Bharat Dynamics Limited,,,,,,,,,,,,,,,,
56467,56467,29592,"Yunnan Chihong Zinc & Germanium Co., Ltd.",Yunnan Chihong Zinc and Germanium Co Ltd,,,,,,,,,,,,,,,,
56474,56474,23417,SOFTWARE CENTRE LIMITED,SOFTWARE CITY LIMITED,,,,,,,,,,,,,,,,
56483,56483,36074,Baillie Gifford Japan Trust,Baillie Gifford Japan Trust plc,,,,,,,,,,,,,,,,
56489,56489,10920,Sunny Optical Technology (group) Company,Sunny Optical Technology Group,,,,,,,,,,,,,,,,
56490,56490,9489,Software AG,Software Ag,,,,,,,,,,,,,,,,
56491,56491,28594,Commercial International Bank,Commercial International Bank (Egypt) SAE,,,,,,,,,,,,,,,,
56496,56496,9405,BEAUTY BOOSTERS AESTHETICS LTD,BEAUTY BOOSTERS LTD,,,,,,,,,,,,,,,,
56504,56504,33919,"Zhejiang Gongdong Medical Technology Co.,Ltd.","Zhejiang Gongdong Medical Technology Co.,ltd.",,,,,,,,,,,,,,,,
56518,56518,3976,Manpasand Beverages,Manpasand Beverages Ltd,,,,,,,,,,,,,,,,
56525,56525,7126,Webuild S.p.a.,Webuild SpA,,,,,,,,,,,,,,,,
56530,56530,53208,Midea Group,Midea Group Co Ltd,,,,,,,,,,,,,,,,
56539,56539,46360,Turkiye Halk Bankasi AS,Turkiye IS Bankasi AS,,,,,,,,,,,,,,,,
56541,56541,18789,ALL ABOUT NEWPORT LTD,ALL ABOUT OATS LTD,,,,,,,,,,,,,,,,
56544,56544,48485,Electric Connector Technology,Electric Connector Technology Co. Ltd,,,,,,,,,,,,,,,,
56545,56545,1490,Azul,Azul SA,,,,,,,,,,,,,,,,
56547,56547,28061,Automatic Data Processing (ADP),Automatic Data Processing (adp),,,,,,,,,,,,,,,,
56556,56556,46529,American Electric Power Careers,American Electric Power Co Inc,,,,,,,,,,,,,,,,
56557,56557,5974,Zurich Insurance Group,Zurich Insurance Group AG,,,,,,,,,,,,,,,,
56563,56563,37916,Waste Connections,"Waste Connections, Inc.",,,,,,,,,,,,,,,,
56564,56564,55042,Ramsay Generale De Sante Sa,Ramsay Generale de Sante,,,,,,,,,,,,,,,,
56567,56567,24888,Nomura Real Estate Master Fund,"Nomura Real Estate Master Fund, Inc.",,,,,,,,,,,,,,,,
56573,56573,20477,ConvaTec Group Plc,Convatec Group,,,,,,,,,,,,,,,,
56578,56578,19718,CIT Group Inc,CIT Group Inc.,,,,,,,,,,,,,,,,
56587,56587,4083,Jabil Circuit,Jabil Circuit India,,,,,,,,,,,,,,,,
56592,56592,29217,Equitable Group,Equitable Group Inc.,,,,,,,,,,,,,,,,
56597,56597,559,"Inner Mongolia Junzheng Energy & Chemical Group Co.,ltd.",Inner Mongolia Junzheng Energy and Chemical Group Co Ltd,,,,,,,,,,,,,,,,
56606,56606,33183,Alkermes Plc,Alkermes plc,,,,,,,,,,,,,,,,
56607,56607,6368,Kontoor Brands,Kontoor Brands Inc,,,,,,,,,,,,,,,,
56609,56609,48443,"ShockWave Medical, Inc.",Shockwave Medical,,,,,,,,,,,,,,,,
56618,56618,40635,Alcon,Alcon Inc,,,,,,,,,,,,,,,,
56624,56624,39127,Texas Instruments,Texas Instruments Inc,,,,,,,,,,,,,,,,
56626,56626,49250,Truworths International,Truworths International Ltd,,,,,,,,,,,,,,,,
56639,56639,24303,Accor SA,Accor Sa,,,,,,,,,,,,,,,,
56658,56658,44438,Société Générale,Société Générale Careers,,,,,,,,,,,,,,,,
56674,56674,30408,Siemens Healthcare,Siemens Healthineers,,,,,,,,,,,,,,,,
56687,56687,56569,Country Garden Services Holdings Company,Country Garden Services Holdings Company Ltd,,,,,,,,,,,,,,,,
56696,56696,52271,Irish Continental Group,Irish Continental Group plc,,,,,,,,,,,,,,,,
56700,56700,20806,Mitsui Fudosan Co Ltd,Mitsui Fudosan Co. Ltd,,,,,,,,,,,,,,,,
56717,56717,55521,Taiwan Union Technology Corp,Taiwan Union Technology Corporation,,,,,,,,,,,,,,,,
56719,56719,44136,Diamondback Energy Inc,"Diamondback Energy, Inc.",,,,,,,,,,,,,,,,
56727,56727,29033,Hudbay Minerals,Hudbay Minerals Inc,,,,,,,,,,,,,,,,
56731,56731,35863,Sellsy,Selsey,,,,,,,,,,,,,,,,
56736,56736,28328,Meritz Securities,Meritz Securities Co Ltd,,,,,,,,,,,,,,,,
56755,56755,46573,Iida Group Holdings Co Ltd,Iida Group Holdings Co. Ltd,,,,,,,,,,,,,,,,
56756,56756,2368,Toyota Kirloskar Auto Parts,Toyota Kirloskar Motor,,,,,,,,,,,,,,,,
56794,56794,23038,American Axle & Manufacturing Holdings,American Axle & Manufacturing Holdings Inc,,,,,,,,,,,,,,,,
56803,56803,7615,Wuchan Zhongda Group,"Wuchan Zhongda Group Co.,Ltd.",,,,,,,,,,,,,,,,
56805,56805,7974,RenaissanceRe Holdings Ltd,Renaissancere Holdings,,,,,,,,,,,,,,,,
56807,56807,31840,Alibaba Group,Alibaba Group Holding,,,,,,,,,,,,,,,,
56809,56809,464,SOFTWARE SOLUTIONS NORTH WEST LIMITED,SOFTWARE SOLUTIONS SOUTH WEST LIMITED,,,,,,,,,,,,,,,,
56812,56812,26129,Shenzhen Everwin Precision Technology,Shenzhen Everwin Precision Technology Co Ltd,,,,,,,,,,,,,,,,
56813,56813,9547,The Warehouse Group,The Warehouse Group Ltd,,,,,,,,,,,,,,,,
56819,56819,52098,Cheniere Energy Partners LP,"Cheniere Energy Partners, L.P.",,,,,,,,,,,,,,,,
56828,56828,42355,SOFTWARE ALLIANCE LIMITED,SOFTWARE ALLIANCE SERVICES LIMITED,,,,,,,,,,,,,,,,
56832,56832,13910,China Gas Holdings Ltd,China Gem Holdings Ltd,,,,,,,,,,,,,,,,
56838,56838,53974,Conglomerari Bituminosi,Conglomerati Bituminosi,,,,,,,,,,,,,,,,
56843,56843,36593,U DRAIN LIMITED,U DREAM LIMITED,,,,,,,,,,,,,,,,
56847,56847,45699,Choice Hotels International,Choice Hotels International Inc,,,,,,,,,,,,,,,,
56856,56856,46584,Getac Technology Corp,Getac Technology Corporation,,,,,,,,,,,,,,,,
56884,56884,41410,PVH Corp,PVH Corp.,,,,,,,,,,,,,,,,
56899,56899,24720,The Star Entertainment Group Limited,The Star Entertainment Group Ltd,,,,,,,,,,,,,,,,
56905,56905,30414,Eckert & Ziegler Strahlen- Und Medizintechnik Ag,Eckert & Ziegler Strahlen- und Medizintechnik AG,,,,,,,,,,,,,,,,
56908,56908,51234,Glarun Technology,Glarun Technology Co. Ltd,,,,,,,,,,,,,,,,
56910,56910,5662,Elevance Health,Elevance Health Inc,,,,,,,,,,,,,,,,
56914,56914,6948,Mahindra & Mahindra Financial Services,Mahindra & Mahindra Financial Services Ltd,,,,,,,,,,,,,,,,
56925,56925,42417,Metrovacesa,Metrovacesa SA,,,,,,,,,,,,,,,,
56934,56934,10308,Derichebourg,Derichebourg SA,,,,,,,,,,,,,,,,
56936,56936,26720,Santander Bank Polska,Santander Bank Polska SA,,,,,,,,,,,,,,,,
56937,56937,38347,"Beijing Easpring Material Technology CO.,LTD.",Beijing Easpring Material Technology Co Ltd,,,,,,,,,,,,,,,,
56949,56949,31575,China Development Bank Financial Leasing,China Development Bank Financial Leasing Co. Ltd,,,,,,,,,,,,,,,,
56950,56950,10211,Booz Allen Hamilton Holding,Booz Allen Hamilton Holding Corp,,,,,,,,,,,,,,,,
56952,56952,35505,SWEDBANK LIFE INSURANCE SE,SWEDBANK P&C INSURANCE AS,,,,,,,,,,,,,,,,
56963,56963,1995,China Zheshang Bank Co Ltd,China Zheshang Bank Co. Ltd,,,,,,,,,,,,,,,,
56966,56966,22707,Hanwha Aerospace,Hanwha Aerospace Co Ltd,,,,,,,,,,,,,,,,
56968,56968,11612,Atresmedia Corporacion de Medios de Comunicacion SA,"Atresmedia Corporación de Medios de Comunicación, SA",,,,,,,,,,,,,,,,
56972,56972,33292,CMC Materials Inc,"CMC Materials, Inc.",,,,,,,,,,,,,,,,
56986,56986,38699,Berner Kantonalbank AG,Berner Kantonalbank Ag,,,,,,,,,,,,,,,,
56994,56994,18433,Yangtze Optical Fibre And Cable Joint Stock Ltd Company,Yangtze Optical Fibre and Cable Joint Stock Ltd Co,,,,,,,,,,,,,,,,
56996,56996,25020,Sandstorm Gold,Sandstorm Gold Ltd.,,,,,,,,,,,,,,,,
56998,56998,17102,Sensient Technologies Corp,Sensient Technologies Corporation,,,,,,,,,,,,,,,,
57002,57002,38740,GOOD BLUE LIMITED,GOOD BLUEHOUSE LIMITED,,,,,,,,,,,,,,,,
57015,57015,27858,Prosegur Cash,"Prosegur Cash, SA",,,,,,,,,,,,,,,,
57033,57033,48840,Cerner Corp,Cerner Corporation,,,,,,,,,,,,,,,,
57040,57040,52829,Kunshan Kinglai Hygienic Materials,"Kunshan Kinglai Hygienic Materials Co.,Ltd.",,,,,,,,,,,,,,,,
57050,57050,3452,Yamada Holdings Co Ltd,"Yamada Holdings Co.,Ltd.",,,,,,,,,,,,,,,,
57061,57061,28255,Mindcrest,Minderest,,,,,,,,,,,,,,,,
57071,57071,13980,China Citic Bank,China Citic Bank Corporation,,,,,,,,,,,,,,,,
57072,57072,49761,Marks And Spencer Group,Marks and Spencer Group plc,,,,,,,,,,,,,,,,
57075,57075,23293,EPAM Systems,EPAM Systems Inc,,,,,,,,,,,,,,,,
57080,57080,45989,Nongfu Spring,Nongfu Spring Co. Ltd,,,,,,,,,,,,,,,,
57081,57081,24419,Otsuka Holdings,Otsuka Holdings Co Ltd,,,,,,,,,,,,,,,,
57082,57082,43555,VolkerWessels,VolkerWessels UK Ltd,,,,,,,,,,,,,,,,
57083,57083,56089,Fundo de Investimento Imobiliario Panamby,Fundo de Investimento Imobiliario Presidente Vargas,,,,,,,,,,,,,,,,
57094,57094,15111,SBA Communications,SBA Communications Corp,,,,,,,,,,,,,,,,
57109,57109,15104,AntarChile,AntarChile SA,,,,,,,,,,,,,,,,
57112,57112,30669,T A GRANT LIMITED,T A GREEN LIMITED,,,,,,,,,,,,,,,,
57126,57126,16074,Winpak Ltd,Winpak Ltd.,,,,,,,,,,,,,,,,
57137,57137,7774,Campbell Soup Co,Campbell Soup Company,,,,,,,,,,,,,,,,
57144,57144,7624,Administradora de Fondos de Pensiones Habitat SA,Administradora de Fondos de Pensiones PlanVital SA,,,,,,,,,,,,,,,,
57146,57146,27101,Dai-ichi Life Holdings Inc,"Dai-ichi Life Holdings, Inc.",,,,,,,,,,,,,,,,
57148,57148,40755,Advantest Corp,Advantest Corporation,,,,,,,,,,,,,,,,
57153,57153,39605,CAE Inc,CAE Inc.,,,,,,,,,,,,,,,,
57159,57159,45000,Littelfuse,Littelfuse Inc,,,,,,,,,,,,,,,,
57166,57166,47549,E-L Financial,E-L Financial Corp Ltd,,,,,,,,,,,,,,,,
57178,57178,50940,Fosun International,Fosun International Ltd,,,,,,,,,,,,,,,,
57187,57187,14756,Carter's,Carter's Inc,,,,,,,,,,,,,,,,
57189,57189,32194,LeoVegas,LeoVegas AB,,,,,,,,,,,,,,,,
57196,57196,16660,Intact Financial Corp,Intact Financial Corporation,,,,,,,,,,,,,,,,
57201,57201,47736,Arvida Group,Arvida Group Ltd,,,,,,,,,,,,,,,,
57213,57213,48557,Jiangsu Hengrui Medicine,Jiangsu Hengrui Medicine Co Ltd,,,,,,,,,,,,,,,,
57216,57216,50266,Carl Zeiss AG,Carl Zeiss Meditec AG,,,,,,,,,,,,,,,,
57226,57226,21833,Moelis & Co,Moelis & Company,,,,,,,,,,,,,,,,
57230,57230,29287,ALL ABOUT ELECTRIC SERVICES LIMITED,ALL ABOUT ELECTRICALS LIMITED,,,,,,,,,,,,,,,,
57232,57232,36505,Baytex Energy Corp,Baytex Energy Corp.,,,,,,,,,,,,,,,,
57245,57245,10691,Hektas Ticaret T.A.S.,Hektas Ticaret T.a.s,,,,,,,,,,,,,,,,
57246,57246,13569,Japan Tobacco,Japan Tobacco Inc,,,,,,,,,,,,,,,,
57249,57249,40688,Biesse S.p.A.,Biesse Spa,,,,,,,,,,,,,,,,
57257,57257,1452,Kyudenko Corp,Kyudenko Corporation,,,,,,,,,,,,,,,,
57260,57260,5649,Cisco Systems,Cisco Systems Inc,,,,,,,,,,,,,,,,
57265,57265,26243,Vivo Energy,Vivo Energy Plc,,,,,,,,,,,,,,,,
57267,57267,7867,Lawson Inc,"Lawson, Inc.",,,,,,,,,,,,,,,,
57299,57299,51175,Mediobanca - Banca di Credito Finanziario SpA,Mediobanca Banca Di Credito Finanziario,,,,,,,,,,,,,,,,
57301,57301,33710,Mechel,Mechel PAO,,,,,,,,,,,,,,,,
57308,57308,49790,Charoen Pokphand Foods Public Company,Charoen Pokphand Foods Public Company Ltd,,,,,,,,,,,,,,,,
57311,57311,32387,ALL ABOUT PROPERTY INVESTMENTS LTD,ALL ABOUT PROPERTY LIMITED,,,,,,,,,,,,,,,,
57314,57314,53565,T & A CONSULTANCY LIMITED,T & A CONSULTANTS (UK) LIMITED,,,,,,,,,,,,,,,,
57319,57319,47023,Q CATERING LIMITED,Q CATERING SUPPLIES LIMITED,,,,,,,,,,,,,,,,
57323,57323,4715,Anritsu Corp,Anritsu Corporation,,,,,,,,,,,,,,,,
57338,57338,5442,Forestar Group,Forestar Group Inc,,,,,,,,,,,,,,,,
57341,57341,45602,Banco Inter,Banco Inter SA,,,,,,,,,,,,,,,,
57344,57344,50327,Aisin Seiki,Aisin Seiki Co. Ltd,,,,,,,,,,,,,,,,
57345,57345,30942,Chularat Hospital Public Company,Chularat Hospital Public Company Ltd,,,,,,,,,,,,,,,,
57346,57346,17954,Travel Food Services,Travel Service,,,,,,,,,,,,,,,,
57354,57354,33227,Intesa Sanpaolo S.p.A.,Intesa Sanpaolo SpA,,,,,,,,,,,,,,,,
57360,57360,35239,ALL ABOUT RESTO LTD,ALL ABOUT RESULTS LIMITED,,,,,,,,,,,,,,,,
57363,57363,35915,Huadian Power International,Huadian Power International Corp Ltd,,,,,,,,,,,,,,,,
57364,57364,13573,Top Frontier Investment Holdings,Top Frontier Investment Holdings Inc,,,,,,,,,,,,,,,,
57378,57378,7373,Shanghai Jinqiao Export Processing Zone Development,Shanghai Jinqiao Export Processing Zone Development Co. Ltd,,,,,,,,,,,,,,,,
57381,57381,47955,General Logistics Systems,General Logistics Systems Enterprise Srl,,,,,,,,,,,,,,,,
57383,57383,5778,Contemporary Amperex Technology,Contemporary Amperex Technology Ltd,,,,,,,,,,,,,,,,
57384,57384,352,Louisiana-Pacific Corp,Louisiana-Pacific Corporation,,,,,,,,,,,,,,,,
57387,57387,32685,National General Holdings,National General Holdings Corp,,,,,,,,,,,,,,,,
57412,57412,54830,Sorgenia Power Spa,Sorgenia Spa,,,,,,,,,,,,,,,,
57414,57414,36375,Zhejiang Orient Financial Holding Group Co Ltd,Zhejiang Orient Financial Holdings Group,,,,,,,,,,,,,,,,
57459,57459,54525,S ADEN LTD,S ADU LTD,,,,,,,,,,,,,,,,
57462,57462,8150,Shenzhen Goodix Technology,Shenzhen Goodix Technology Co. Ltd,,,,,,,,,,,,,,,,
57463,57463,29219,Nomura Real Estate Holdings Inc,"Nomura Real Estate Holdings, Inc.",,,,,,,,,,,,,,,,
57466,57466,9931,Haci Omer Sabanci Holding,Haci Omer Sabanci Holding AS,,,,,,,,,,,,,,,,
57470,57470,55817,Financiere De L'odet Sa,Financiere De Tubize Sa,,,,,,,,,,,,,,,,
57472,57472,47540,Travis Perkins,Travis Perkins Plc,,,,,,,,,,,,,,,,
57480,57480,1754,FOOD CONNECTIONS LIMITED,FOOD CONNECTS LTD,,,,,,,,,,,,,,,,
57483,57483,37515,Enel SpA,Enel Spa,,,,,,,,,,,,,,,,
57484,57484,55053,Huntington Bancshares Inc,Huntington Bancshares Incorporated,,,,,,,,,,,,,,,,
57493,57493,17324,Darden Restaurants,"Darden Restaurants, Inc.",,,,,,,,,,,,,,,,
57495,57495,14814,Cargotec,Cargotec Corp,,,,,,,,,,,,,,,,
57510,57510,55285,Airport City,Airport City Ltd,,,,,,,,,,,,,,,,
57514,57514,42167,Clariant AG,Clariant Ag,,,,,,,,,,,,,,,,
57520,57520,41562,Aurora Cannabis,Aurora Cannabis Inc.,,,,,,,,,,,,,,,,
57532,57532,1301,Sinoma International Engineering,Sinoma International Engineering Co Ltd,,,,,,,,,,,,,,,,
57537,57537,14002,Shanghai International Airport Co. Ltd,Shanghai International Port,,,,,,,,,,,,,,,,
57540,57540,55867,Cleanaway Waste Management Limited,Cleanaway Waste Management Ltd,,,,,,,,,,,,,,,,
57546,57546,8630,Shanghai Zhenhua Heavy Industries Co Ltd,Shanghai Zhenhua Heavy Industries Co. Ltd,,,,,,,,,,,,,,,,
57560,57560,55708,MorphoSys AG,Morphosys Ag,,,,,,,,,,,,,,,,
57564,57564,13411,Old Republic International Corp,Old Republic International Corporation,,,,,,,,,,,,,,,,
57567,57567,49735,AngloGold Ashanti Ltd,Anglogold Ashanti,,,,,,,,,,,,,,,,
57568,57568,8996,Jones Lang LaSalle,Jones Lang LaSalle Inc,,,,,,,,,,,,,,,,
57600,57600,9351,Match Group,Match Group Inc,,,,,,,,,,,,,,,,
57604,57604,33184,Synthomer,Synthomer plc,,,,,,,,,,,,,,,,
57611,57611,53118,Fulton Financial Corp,Fulton Financial Corporation,,,,,,,,,,,,,,,,
57625,57625,4446,Cementir Holding,Cementir Holding N.V.,,,,,,,,,,,,,,,,
57636,57636,23974,OneMain Holdings Inc,"OneMain Holdings, Inc.",,,,,,,,,,,,,,,,
57644,57644,24811,CPFL Energia,CPFL Energia SA,,,,,,,,,,,,,,,,
57647,57647,53449,Watsco,Watsco Inc,,,,,,,,,,,,,,,,
57651,57651,12804,Intertape Polymer Group,Intertape Polymer Group Inc,,,,,,,,,,,,,,,,
57658,57658,14059,Gongwin Biopharm Holdings,Gongwin Biopharm Holdings Co. Ltd,,,,,,,,,,,,,,,,
57703,57703,43434,BAD BOY PRODUCTIONS LIMITED,BAD BOY PROMOTIONS LIMITED,,,,,,,,,,,,,,,,
57714,57714,9955,Elite Material Co Ltd,Elite Material Co. Ltd,,,,,,,,,,,,,,,,
57722,57722,29988,Flight Centre Travel Group,Flight Centre Travel Group Limited,,,,,,,,,,,,,,,,
57723,57723,16351,NXP Semiconductors,NXP Semiconductors N.V.,,,,,,,,,,,,,,,,
57726,57726,45940,Daido Steel,Daido Steel Co Ltd,,,,,,,,,,,,,,,,
57728,57728,53033,Plains GP Holdings LP,Plains Group Holdings,,,,,,,,,,,,,,,,
57730,57730,41093,Integra LifeSciences Holdings Corp,Integra LifeSciences Holdings Corporation,,,,,,,,,,,,,,,,
57733,57733,18481,Kasikornbank Public Company,Kasikornbank Public Company Ltd,,,,,,,,,,,,,,,,
57751,57751,6553,Countryside Partnerships Plc,Countryside Properties,,,,,,,,,,,,,,,,
57754,57754,24189,Star Petroleum Refining PCL,Star Petroleum Refining Public Company,,,,,,,,,,,,,,,,
57765,57765,41528,JCDecaux,JCDecaux SA,,,,,,,,,,,,,,,,
57766,57766,16710,Altra Industrial Motion,Altra Industrial Motion Corp,,,,,,,,,,,,,,,,
57786,57786,29522,GOOD COMPANY (POOLE) LIMITED,GOOD COMPANY (TRAVEL) LIMITED,,,,,,,,,,,,,,,,
57799,57799,29776,Commerce Bancshares,Commerce Bancshares Inc,,,,,,,,,,,,,,,,
57800,57800,16765,Bharat Sanchar Nigam,Bharat Sanchar Nigam Limited (bsnl),,,,,,,,,,,,,,,,
57807,57807,25794,Formosa Petrochemical Corp,Formosa Petrochemical Corporation,,,,,,,,,,,,,,,,
57810,57810,7143,Qingdao Haier Biomedical,Qingdao Haier Biomedical Co. Ltd,,,,,,,,,,,,,,,,
57823,57823,50696,Innovent Biologics,"Innovent Biologics, Inc.",,,,,,,,,,,,,,,,
57829,57829,43500,Qurate Retail,Qurate Retail Group,,,,,,,,,,,,,,,,
57832,57832,23004,Rocket Companies,"Rocket Companies, Inc.",,,,,,,,,,,,,,,,
57835,57835,13218,BAD BEHAVIOUR FILMS LTD,BAD BEHAVIOUR LTD,,,,,,,,,,,,,,,,
57843,57843,4176,Lenzing,Lenzing AG,,,,,,,,,,,,,,,,
57844,57844,8303,Air France,Air France-KLM,,,,,,,,,,,,,,,,
57848,57848,9503,Toyota Motor Corp,Toyota Motor Corporation,,,,,,,,,,,,,,,,
57849,57849,6203,Three's Company Media Group Co. Ltd,"Three's Company Media Group Co., Ltd.",,,,,,,,,,,,,,,,
57853,57853,39788,Accedia,Accedia JSC,,,,,,,,,,,,,,,,
57860,57860,51057,Fideicomiso Irrevocable F/2061 Fhipo,Fideicomiso Irrevocable No. F/1523,,,,,,,,,,,,,,,,
57861,57861,4133,Ameresco,Ameresco Inc,,,,,,,,,,,,,,,,
57866,57866,25094,T & A CONSTRUCTION LTD,T & A CONSULT LTD,,,,,,,,,,,,,,,,
57868,57868,1746,Vattenfall,Vattenfall AB,,,,,,,,,,,,,,,,
57870,57870,43773,CIMIC Group Limited,CIMIC Group Ltd,,,,,,,,,,,,,,,,
57875,57875,36751,Murphy USA Inc,Murphy USA Inc.,,,,,,,,,,,,,,,,
57889,57889,42854,Mizuho Financial,Mizuho Financial Group,,,,,,,,,,,,,,,,
57903,57903,31797,NortonLifeLock,NortonLifeLock Inc.,,,,,,,,,,,,,,,,
57914,57914,31733,Royal BAM Group,Royal BAM Group NV,,,,,,,,,,,,,,,,
57917,57917,28345,Luenmei Quantum,"Luenmei Quantum Co.,Ltd",,,,,,,,,,,,,,,,
57920,57920,10789,Best Buy Co Inc,"Best Buy Co., Inc.",,,,,,,,,,,,,,,,
57923,57923,23355,Beijing Capital Development,Beijing Capital Development Co. Ltd,,,,,,,,,,,,,,,,
57925,57925,3865,ALL ABOUT THE SAAS LTD,ALL ABOUT THE SETTING LTD,,,,,,,,,,,,,,,,
57926,57926,15655,Nutrien,Nutrien Ltd,,,,,,,,,,,,,,,,
57931,57931,12325,Deutsche Pfandbriefbank,Deutsche Pfandbriefbank AG,,,,,,,,,,,,,,,,
57933,57933,9030,Jiangsu Hoperun Software,Jiangsu Hoperun Software Co. Ltd,,,,,,,,,,,,,,,,
57934,57934,13958,Matador Resources Co,Matador Resources Company,,,,,,,,,,,,,,,,
57963,57963,40132,Alliant Energy,Alliant Energy Corp,,,,,,,,,,,,,,,,
57971,57971,25010,Contact Energy,Contact Energy Limited,,,,,,,,,,,,,,,,
57973,57973,17444,Shenzhen Bioeasy Biotechnology Co. Ltd,"Shenzhen Bioeasy Biotechnology Co., Ltd.",,,,,,,,,,,,,,,,
57975,57975,36297,ALL ABOUT ACCOUNTANTS LIMITED,ALL ABOUT ACCOUNTING (UK) LIMITED,,,,,,,,,,,,,,,,
57981,57981,47988,CaptivateIQ,Captivea,,,,,,,,,,,,,,,,
57983,57983,9585,H & A PROPERTIES LTD,H & A PROPERTIES MANAGEMENT LTD,,,,,,,,,,,,,,,,
57988,57988,43895,Traton SE,Traton Se,,,,,,,,,,,,,,,,
57989,57989,50211,Super Micro Computer,Super Micro Computer Inc,,,,,,,,,,,,,,,,
57991,57991,18141,National Retail Properties,"National Retail Properties, Inc.",,,,,,,,,,,,,,,,
58001,58001,25129,Shanghai Construction,Shanghai Construction Group,,,,,,,,,,,,,,,,
58019,58019,14735,National Vision Holdings,National Vision Holdings Inc,,,,,,,,,,,,,,,,
58020,58020,35367,Standard Chartered Plc,Standard Chartered plc,,,,,,,,,,,,,,,,
58021,58021,19455,Bank Pekao,Bank Pekao SA,,,,,,,,,,,,,,,,
58022,58022,31368,Computers Parts,Computershare,,,,,,,,,,,,,,,,
58028,58028,14148,Unibail-Rodamco-Westfield SE,Unibail-rodamco-westfield,,,,,,,,,,,,,,,,
58029,58029,11349,DXC Technology Co,DXC Technology Company,,,,,,,,,,,,,,,,
58040,58040,56916,Galliford Try Holdings Plc,Galliford Try Holdings plc,,,,,,,,,,,,,,,,
58059,58059,33286,Grupo Aval Acciones Y Valores,Grupo Aval Acciones y Valores SA,,,,,,,,,,,,,,,,
58064,58064,17355,Buzzi Unicem S.p.A.,Buzzi Unicem SpA,,,,,,,,,,,,,,,,
58066,58066,57138,FOOD DEVELOPMENT COMPANY LIMITED,FOOD DEVELOPMENT CORPORATION LTD,,,,,,,,,,,,,,,,
58069,58069,34678,Taiwan Semiconductor Manufacturing Co Ltd,Taiwan Semiconductor Manufacturing Company (tsmc),,,,,,,,,,,,,,,,
58070,58070,51946,American Airlines Group,American Airlines Group Inc,,,,,,,,,,,,,,,,
58081,58081,15695,Viva Energy Group,Viva Energy Group Limited,,,,,,,,,,,,,,,,
58087,58087,42531,Zensho Holdings Co Ltd,Zensho Holdings Co. Ltd,,,,,,,,,,,,,,,,
58091,58091,24080,China State Construction International Holdings,China State Construction International Holdings Ltd,,,,,,,,,,,,,,,,
58093,58093,32099,Saudi Telecom Company,Saudi Telecom Company (stc),,,,,,,,,,,,,,,,
58101,58101,42821,Attijariwafa Bank,Attijariwafa Bank SA,,,,,,,,,,,,,,,,
58126,58126,53293,FOOD DELIVERY DERBY LTD,FOOD DELIVERY LTD,,,,,,,,,,,,,,,,
58128,58128,36755,FOOD & DRINK ZONE UK LTD,FOOD & DRINKS GRÜN LTD,,,,,,,,,,,,,,,,
58143,58143,36057,H & A TRADING LIMITED,H & A TRADING SERVICES LTD,,,,,,,,,,,,,,,,
58144,58144,15109,Ascendis Pharma A/S,Ascendis Pharma A/s,,,,,,,,,,,,,,,,
58155,58155,21777,Advance Auto Parts,Advance Auto Parts Inc,,,,,,,,,,,,,,,,
58169,58169,43182,Bechtle AG,Bechtle Ag,,,,,,,,,,,,,,,,
58173,58173,24319,BP Plc,BP plc,,,,,,,,,,,,,,,,
58176,58176,13911,Luzhou Lao Jiao,Luzhou Laojiao,,,,,,,,,,,,,,,,
58181,58181,27852,Healthcare Trust Of America,"Healthcare Trust of America, Inc.",,,,,,,,,,,,,,,,
58186,58186,52312,Telecom Plus,Telecom Plus plc,,,,,,,,,,,,,,,,
58195,58195,5612,Trina Solar Co Ltd,Trina Solar Co. Ltd,,,,,,,,,,,,,,,,
58203,58203,25556,Invibes Advertising,Invibes Advertising N.V.,,,,,,,,,,,,,,,,
58216,58216,26567,Regeneron Pharmaceuticals Inc,"Regeneron Pharmaceuticals, Inc.",,,,,,,,,,,,,,,,
58220,58220,13566,Jindal Stainless (hisar),Jindal Stainless Ltd,,,,,,,,,,,,,,,,
58225,58225,57484,Huntington Bancshares,Huntington Bancshares Inc,,,,,,,,,,,,,,,,
58238,58238,34052,Castel,Castellum,,,,,,,,,,,,,,,,
58244,58244,57681,Australian Foundation Investment Company,Australian Foundation Investment Company Limited,,,,,,,,,,,,,,,,
58250,58250,37642,Bank of Beijing Co Ltd,Bank of Beijing Co. Ltd,,,,,,,,,,,,,,,,
58259,58259,14524,Public Joint-Stock Company UTair Aviation,Public Joint-Stock Company Unipro,,,,,,,,,,,,,,,,
58260,58260,45883,Chinese Universe Publishing And Media Group,Chinese Universe Publishing and Media Group Co. Ltd,,,,,,,,,,,,,,,,
58276,58276,18179,George Weston,George Weston Limited,,,,,,,,,,,,,,,,
58279,58279,14694,China International Marine Containers (Group) Co. Ltd,China International Marine Containers (group),,,,,,,,,,,,,,,,
58287,58287,21650,PotlatchDeltic Corp,Potlatchdeltic Corporation,,,,,,,,,,,,,,,,
58289,58289,26515,Sweetgreen,Sweetgreen Careers,,,,,,,,,,,,,,,,
58296,58296,14033,Tianneng Power International,Tianneng Power International Ltd,,,,,,,,,,,,,,,,
58297,58297,58216,Regeneron Pharmaceuticals,Regeneron Pharmaceuticals Inc,,,,,,,,,,,,,,,,
58313,58313,7756,Marel,Marel hf,,,,,,,,,,,,,,,,
58316,58316,49335,Wolong Electric Drive Group,Wolong Electric Drive Group Co. Ltd,,,,,,,,,,,,,,,,
58317,58317,6787,Asahi Kasei Corp,Asahi Kasei Corporation,,,,,,,,,,,,,,,,
58321,58321,7951,Trip.com Group Limited,Trip.com Group Ltd,,,,,,,,,,,,,,,,
58327,58327,27098,Elkem ASA,Elkem Asa,,,,,,,,,,,,,,,,
58330,58330,40845,Synovus Financial,Synovus Financial Corp,,,,,,,,,,,,,,,,
58341,58341,31322,PGE Polska Grupa Energetyczna,PGE Polska Grupa Energetyczna SA,,,,,,,,,,,,,,,,
58353,58353,3725,Reach Plc,Reach plc,,,,,,,,,,,,,,,,
58367,58367,5814,Ulta Beauty Inc,"Ulta Beauty, Inc.",,,,,,,,,,,,,,,,
58375,58375,52121,MedPeer,"MedPeer,Inc.",,,,,,,,,,,,,,,,
58397,58397,12054,Maanshan Iron & Steel Co Ltd,Maanshan Iron & Steel Company Limited,,,,,,,,,,,,,,,,
58409,58409,5352,Advantech,Advantech Co Ltd,,,,,,,,,,,,,,,,
58410,58410,13135,Savola Group Co,Savola Group Company,,,,,,,,,,,,,,,,
58424,58424,26670,Hitachi Metals,"Hitachi Metals, Ltd.",,,,,,,,,,,,,,,,
58429,58429,24192,Life Corp,Life Corporation,,,,,,,,,,,,,,,,
58431,58431,10335,Yamaha Corp,Yamaha Corporation,,,,,,,,,,,,,,,,
58433,58433,14337,Shopify,Shopify Inc,,,,,,,,,,,,,,,,
58434,58434,44533,Toho Holdings,Toho Holdings Co Ltd,,,,,,,,,,,,,,,,
58438,58438,426,H & A HOLDINGS (NI) LIMITED,H & A HOLDINGS LIMITED,,,,,,,,,,,,,,,,
58441,58441,15894,Jiangsu Financial Leasing,Jiangsu Financial Leasing Co. Ltd,,,,,,,,,,,,,,,,
58446,58446,38100,Hellenic Telecommunications Organization,Hellenic Telecommunications Organization SA,,,,,,,,,,,,,,,,
58451,58451,39750,Woori Financial Group,Woori Financial Group Inc,,,,,,,,,,,,,,,,
58471,58471,6338,Standard Foods Corp,Standard Foods Corporation,,,,,,,,,,,,,,,,
58482,58482,3440,ON Semiconductor Corp,ON Semiconductor Corp.,,,,,,,,,,,,,,,,
58490,58490,5977,BCE Inc,BCE Inc.,,,,,,,,,,,,,,,,
58493,58493,52644,Paycom Software Inc,"Paycom Software, Inc.",,,,,,,,,,,,,,,,
58504,58504,2258,Jiangsu Hengli Hydraulic Co Ltd,Jiangsu Hengli Hydraulic Co. Ltd,,,,,,,,,,,,,,,,
58505,58505,44081,Hota Industrial Mfg,Hota Industrial Mfg. Co. Ltd,,,,,,,,,,,,,,,,
58532,58532,31535,SGL Carbon,SGL Carbon SE,,,,,,,,,,,,,,,,
58551,58551,25705,NEW AGE PROPERTY LTD,NEW AGE PROPERTY MANAGEMENT LTD,,,,,,,,,,,,,,,,
58555,58555,10894,Axon Enterprise,"Axon Enterprise, Inc.",,,,,,,,,,,,,,,,
58558,58558,55370,Toast,Toast Inc,,,,,,,,,,,,,,,,
58576,58576,622,Round One Corp,Round One Corporation,,,,,,,,,,,,,,,,
58580,58580,14243,Beijing Enterprises Water Group,Beijing Enterprises Water Group Ltd,,,,,,,,,,,,,,,,
58594,58594,46441,KION Group,KION Group AG,,,,,,,,,,,,,,,,
58596,58596,56227,Oeneo SA,Oeneo Sa,,,,,,,,,,,,,,,,
58599,58599,25080,Central Holding Group,Central Holding Group Co. Ltd,,,,,,,,,,,,,,,,
58601,58601,18629,Essilor Luxottica,EssilorLuxottica,,,,,,,,,,,,,,,,
58602,58602,40674,Mitsui Fudosan Logistics Park,"Mitsui Fudosan Logistics Park, Inc.",,,,,,,,,,,,,,,,
58609,58609,22715,GOOD COMMERCE LTD,GOOD COMMERCE MEDIA LTD,,,,,,,,,,,,,,,,
58610,58610,541,Kering,Kering SA,,,,,,,,,,,,,,,,
58616,58616,48395,Bobst Group SA,Bobst Group Sa,,,,,,,,,,,,,,,,
58620,58620,33095,Solvay SA,Solvay Sa,,,,,,,,,,,,,,,,
58621,58621,22348,Verisk Analytics Inc,"Verisk Analytics, Inc.",,,,,,,,,,,,,,,,
58629,58629,26610,Agricultural Bank of China,Agricultural Bank of China Ltd,,,,,,,,,,,,,,,,
58636,58636,45503,Kinaxis,Kinaxis Inc.,,,,,,,,,,,,,,,,
58638,58638,14420,Fugro N.V.,Fugro NV,,,,,,,,,,,,,,,,
58649,58649,26174,Central Japan Railway Co,Central Japan Railway Company,,,,,,,,,,,,,,,,
58651,58651,11661,NRG Energy,NRG Energy Inc,,,,,,,,,,,,,,,,
58654,58654,29132,Petropavlovsk PLC,Petropavlovsk plc,,,,,,,,,,,,,,,,
58667,58667,39254,Fevertree Drinks,Fevertree Drinks plc,,,,,,,,,,,,,,,,
58696,58696,7489,Zealand Pharma A/S,Zealand Pharma A/s,,,,,,,,,,,,,,,,
58702,58702,37822,P & A PROPERTIES LIMITED,P & A PROPERTIES SERVICES LTD,,,,,,,,,,,,,,,,
58708,58708,16194,Orbit Technologies,Orbit Technologies Ltd,,,,,,,,,,,,,,,,
58722,58722,55495,Vonage Holdings Corp,Vonage Holdings Corp.,,,,,,,,,,,,,,,,
58740,58740,35317,Costco Wholesale Corp,Costco Wholesale Corporation,,,,,,,,,,,,,,,,
58744,58744,17003,Luminar Technologies Careers,"Luminar Technologies, Inc.",,,,,,,,,,,,,,,,
58747,58747,31903,Sendas Distribuidora S.a.,Sendas Distribuidora SA,,,,,,,,,,,,,,,,
58753,58753,37136,Johnson Electric Holdings,Johnson Electric Holdings Limited,,,,,,,,,,,,,,,,
58754,58754,37341,LVMH Moet Hennessy Louis Vuitton SE,LVMH Moët Hennessy Louis Vuitton,,,,,,,,,,,,,,,,
58759,58759,7299,Capri Holdings,Capri Holdings Limited,,,,,,,,,,,,,,,,
58761,58761,48198,Landi Renzo,Landi Renzo S.p.A.,,,,,,,,,,,,,,,,
58772,58772,34980,Bluestar Adisseo Co,Bluestar Adisseo Company,,,,,,,,,,,,,,,,
58775,58775,43362,Iamgold Corp,Iamgold Corporation,,,,,,,,,,,,,,,,
58796,58796,51440,RPM International Inc,RPM International Inc.,,,,,,,,,,,,,,,,
58799,58799,51566,Eregli Demir Ve Celik Fabrikalari T.a.s,Eregli Demir ve Celik Fabrikalari TAS,,,,,,,,,,,,,,,,
58819,58819,10740,Mitsubishi Estate,Mitsubishi Estate Co Ltd,,,,,,,,,,,,,,,,
58847,58847,12349,Flowers Foods,Flowers Foods Inc,,,,,,,,,,,,,,,,
58849,58849,23320,Japan Petroleum Exploration,Japan Petroleum Exploration Co Ltd,,,,,,,,,,,,,,,,
58852,58852,50610,Offshore Oil Engineering,Offshore Oil Engineering Co. Ltd,,,,,,,,,,,,,,,,
58868,58868,40405,GOOD COMPANY ESCORTS LTD,GOOD COMPANY EVENTS LTD,,,,,,,,,,,,,,,,
58875,58875,37121,Guangdong Hybribio Biotech,"Guangdong Hybribio Biotech Co.,Ltd.",,,,,,,,,,,,,,,,
58876,58876,57090,edding,edding AG,,,,,,,,,,,,,,,,
58889,58889,20648,FOOD CHAIN KITCHEN LIMITED,FOOD CHAIN PARTNERSHIPS LIMITED,,,,,,,,,,,,,,,,
58892,58892,8591,ALL ABOUT PET HEALTH LIMITED,ALL ABOUT PETS LTD,,,,,,,,,,,,,,,,
58893,58893,44759,COSMO Pharmaceuticals NV,COSMOS Pharmaceutical Corp,,,,,,,,,,,,,,,,
58898,58898,21421,Itron,Itron Inc,,,,,,,,,,,,,,,,
58905,58905,7218,Q BAR BR3 LTD,Q BAR CRO LTD,,,,,,,,,,,,,,,,
58906,58906,27129,Aia Group,Aib Group,,,,,,,,,,,,,,,,
58918,58918,10063,Romande Energie Holding SA,Romande Energie Holding Sa,,,,,,,,,,,,,,,,
58926,58926,7276,Westpac Banking Corporation,Westpac Banking Group,,,,,,,,,,,,,,,,
58938,58938,47976,Shikun & Binui,Shikun & Binui Ltd,,,,,,,,,,,,,,,,
58939,58939,1346,PT Duta Pertiwi Nusantara Tbk,PT Duta Pertiwi Tbk,,,,,,,,,,,,,,,,
58940,58940,6628,Micro Focus International Plc,Micro Focus International plc,,,,,,,,,,,,,,,,
58941,58941,57736,Woodside Energy Group,Woodside Energy Group Ltd,,,,,,,,,,,,,,,,
58942,58942,49075,VTB Bank,VTB Bank PJSC,,,,,,,,,,,,,,,,
58945,58945,27743,Sasa Polyester Sanayi,Sasa Polyester Sanayi A.S.,,,,,,,,,,,,,,,,
58964,58964,48731,Biogen Inc,Biogen Inc.,,,,,,,,,,,,,,,,
58971,58971,28416,Acciaierie D'italia Spa,Acciaierie Valbruna Spa,,,,,,,,,,,,,,,,
58975,58975,50574,Grasim Industries,Grasim Industries Ltd,,,,,,,,,,,,,,,,
58977,58977,43909,Goodland Group Ltd,Goodman Group,,,,,,,,,,,,,,,,
58989,58989,12744,Polymetal International,Polymetal International Plc,,,,,,,,,,,,,,,,
58992,58992,32816,HeidelbergCement,HeidelbergCement AG,,,,,,,,,,,,,,,,
58995,58995,20281,Fidelity National Financial Careers,Fidelity National Financial Inc,,,,,,,,,,,,,,,,
59000,59000,44429,Apollo Global Management,Apollo Global Management Inc,,,,,,,,,,,,,,,,
59012,59012,50953,Align Technology Inc,"Align Technology, Inc.",,,,,,,,,,,,,,,,
59013,59013,51314,Kikkoman,Kikkoman Corp,,,,,,,,,,,,,,,,
59014,59014,41563,Ausnutria Dairy Corp Ltd,Ausnutria Dairy Corporation Ltd,,,,,,,,,,,,,,,,
59015,59015,54479,Ningbo Boway Alloy Material Company,Ningbo Boway Alloy Material Company Ltd,,,,,,,,,,,,,,,,
59019,59019,16480,Sopra Steria,Sopra Steria Group,,,,,,,,,,,,,,,,
59025,59025,20289,Alpha Metallurgical Resources Inc,"Alpha Metallurgical Resources, Inc.",,,,,,,,,,,,,,,,
59037,59037,34864,Bentley Systems,Bentley Systems Inc,,,,,,,,,,,,,,,,
59039,59039,24538,Cosmo Energy Holdings Co Ltd,Cosmo Energy Holdings Co. Ltd,,,,,,,,,,,,,,,,
59041,59041,33995,BEAUTY BASE (BLACKPOOL) LIMITED,BEAUTY BASE (SLOUGH) LIMITED,,,,,,,,,,,,,,,,
59045,59045,13944,Mitsubishi Gas Chemical Company,"Mitsubishi Gas Chemical Company, Inc.",,,,,,,,,,,,,,,,
59046,59046,13669,Veeva Systems,Veeva Systems Inc,,,,,,,,,,,,,,,,
59061,59061,56841,Cincinnati Financial,Cincinnati Financial Corp,,,,,,,,,,,,,,,,
59074,59074,46876,Gjensidige Forsikring ASA,Gjensidige Forsikring Asa,,,,,,,,,,,,,,,,
59078,59078,46330,Formosa Chemicals & Fibre Corp,Formosa Chemicals & Fibre Corporation,,,,,,,,,,,,,,,,
59085,59085,6076,ALL ABOUT EVE BRIDALS LIMITED,ALL ABOUT EVE FILMS LTD,,,,,,,,,,,,,,,,
59088,59088,327,Coterra Energy Inc,Coterra Energy Inc.,,,,,,,,,,,,,,,,
59098,59098,26,Parkland,Parkland Corp,,,,,,,,,,,,,,,,
59099,59099,3644,Takara Standard Co Ltd,"Takara Standard Co.,Ltd.",,,,,,,,,,,,,,,,
59119,59119,26864,ADATA Technology Co Ltd,ADATA Technology Co. Ltd,,,,,,,,,,,,,,,,
59125,59125,27432,SolarEdge Technologies Inc,"SolarEdge Technologies, Inc.",,,,,,,,,,,,,,,,
59126,59126,51477,Grocery Outlet Holding,Grocery Outlet Inc,,,,,,,,,,,,,,,,
59137,59137,53252,Churchill Capital Corp Ii,Churchill Capital Corp Vii,,,,,,,,,,,,,,,,
59158,59158,34022,Imperial Brands,Imperial Brands Plc,,,,,,,,,,,,,,,,
59179,59179,15984,Xpo Logistics,Xpo Logistics Europe Sa,,,,,,,,,,,,,,,,
59181,59181,49117,Genius Sports Limited,Genius Sports Ltd,,,,,,,,,,,,,,,,
59191,59191,3164,Kronos Worldwide,Kronos Worldwide Inc,,,,,,,,,,,,,,,,
59209,59209,19558,TPK Holding Co Ltd,TPK Holding Co. Ltd,,,,,,,,,,,,,,,,
59224,59224,23200,PRA Health Sciences Inc,"PRA Health Sciences, Inc.",,,,,,,,,,,,,,,,
59230,59230,5279,Deutsche EuroShop AG,Deutsche Euroshop Ag,,,,,,,,,,,,,,,,
59231,59231,49212,Dentsply Sirona,Dentsply Sirona Inc,,,,,,,,,,,,,,,,
59233,59233,39869,NRW Holdings Limited,NRW Holdings Ltd,,,,,,,,,,,,,,,,
59246,59246,11063,Mitsui & Co.,Mitsui & Co. Ltd,,,,,,,,,,,,,,,,
59247,59247,36946,Future Market Insights,Future Marketing,,,,,,,,,,,,,,,,
59249,59249,55621,Credit Corp Group,Credit Corp Group Limited,,,,,,,,,,,,,,,,
59253,59253,34480,Steinhoff International Holdings,Steinhoff International Holdings NV,,,,,,,,,,,,,,,,
59257,59257,204,MDU Resources Group Inc,"MDU Resources Group, Inc.",,,,,,,,,,,,,,,,
59258,59258,24250,Andritz AG,Andritz Ag,,,,,,,,,,,,,,,,
59259,59259,37503,Beijing Sifang Automation,"Beijing Sifang Automation Co.,Ltd",,,,,,,,,,,,,,,,
59268,59268,16161,Ashtrom Group,Ashtrom Group Ltd,,,,,,,,,,,,,,,,
59273,59273,23010,R A BALDOCK LIMITED,R A BARLEY LIMITED,,,,,,,,,,,,,,,,
59278,59278,52129,Gildan Activewear,Gildan Activewear Inc,,,,,,,,,,,,,,,,
59279,59279,58765,Aluar Aluminio Argentino S.A.I.C.,Aluar Aluminio Argentino SAIC,,,,,,,,,,,,,,,,
59286,59286,26162,Axis Bank,Axis Bank Ltd,,,,,,,,,,,,,,,,
59305,59305,18340,International Consolidated Airlines Group SA,"International Consolidated Airlines Group, SA",,,,,,,,,,,,,,,,
59306,59306,19259,Oatly Group AB,Oatly Group Ab,,,,,,,,,,,,,,,,
59313,59313,31400,China Pacific Insurance (Group) Co Ltd,China Pacific Insurance Group (cpic),,,,,,,,,,,,,,,,
59332,59332,2836,Ringkjobing Landbobank A/s,Ringkjoebing Landbobank A-S,,,,,,,,,,,,,,,,
59337,59337,6794,The Estée Lauder Companies,The Estée Lauder Companies Inc.,,,,,,,,,,,,,,,,
59339,59339,30739,Applied Materials,Applied Materials Inc,,,,,,,,,,,,,,,,
59360,59360,2391,Valmont Industries Inc,"Valmont Industries, Inc.",,,,,,,,,,,,,,,,
59363,59363,20511,Spire Healthcare Group Plc,Spire Healthcare Group plc,,,,,,,,,,,,,,,,
59367,59367,45798,Avi Global Trust,Avi Global Trust plc,,,,,,,,,,,,,,,,
59370,59370,14864,MercadoLibre,"MercadoLibre, Inc.",,,,,,,,,,,,,,,,
59395,59395,7666,QNB Finansbank,QNB Finansbank A.S.,,,,,,,,,,,,,,,,
59398,59398,11206,Nanushka International,Nanushka International Zrt.,,,,,,,,,,,,,,,,
59406,59406,6330,Pennon Group,Pennon Group Plc,,,,,,,,,,,,,,,,
59414,59414,52722,Hamburger Hafen Und Logistik,Hamburger Hafen und Logistik AG,,,,,,,,,,,,,,,,
59415,59415,5422,Samitivej Public Company,Samitivej Public Company Ltd,,,,,,,,,,,,,,,,
59417,59417,57389,Farfetch Limited,Farfetch Ltd,,,,,,,,,,,,,,,,
59421,59421,37100,Micron Technology,Micron Technology Inc,,,,,,,,,,,,,,,,
59425,59425,26472,Arquimea,Arquimea Group,,,,,,,,,,,,,,,,
59426,59426,29722,Zardoya Otis,"Zardoya Otis, S.a.",,,,,,,,,,,,,,,,
59427,59427,21105,SOFTWARE COMPLIANCE LIMITED,SOFTWARE COMPLIANCE PROPERTIES LTD,,,,,,,,,,,,,,,,
59447,59447,50129,Workspace Group,Workspace Group plc,,,,,,,,,,,,,,,,
59450,59450,59363,Spire Healthcare Group,Spire Healthcare Group Plc,,,,,,,,,,,,,,,,
59473,59473,37251,Ping An Insurance (Group) Company of China Ltd,Ping An Insurance (group) Company Of China,,,,,,,,,,,,,,,,
59487,59487,56296,Turk Telekomunikasyon AS,Turk Telekomunikasyon Anonim Sirketi,,,,,,,,,,,,,,,,
59492,59492,20523,United Integrated Services,United Integrated Services Co. Ltd,,,,,,,,,,,,,,,,
59498,59498,3808,Atlantia SpA,Atlantia Spa,,,,,,,,,,,,,,,,
59505,59505,53761,Shijiazhuang Yiling Pharmaceutical,Shijiazhuang Yiling Pharmaceutical Co Ltd,,,,,,,,,,,,,,,,
59515,59515,44988,RusHydro,RusHydro PJSC,,,,,,,,,,,,,,,,
59517,59517,41459,CubeSmart,Cubesmart,,,,,,,,,,,,,,,,
59519,59519,19490,Chipidea,Chipita,,,,,,,,,,,,,,,,
59526,59526,35502,Shandong Bohui Paper Industry,Shandong Bohui Paper Industry Co Ltd,,,,,,,,,,,,,,,,
59540,59540,12560,Glenmark Pharmaceuticals,Glenmark Pharmaceuticals Ltd,,,,,,,,,,,,,,,,
59541,59541,5529,Beijing Sanju Environmental Protection & New Materials,Beijing Sanju Environmental Protection & New Materials Co. Ltd,,,,,,,,,,,,,,,,
59554,59554,38224,Sany Heavy Industry,Sany Heavy Industry Co Ltd,,,,,,,,,,,,,,,,
59557,59557,27917,Investis Holding SA,Investis Holding Sa,,,,,,,,,,,,,,,,
59561,59561,30741,Hua Hong Semiconductor,Hua Hong Semiconductor Ltd,,,,,,,,,,,,,,,,
59563,59563,18453,Shenzhen Sunway Communication,Shenzhen Sunway Communication Co. Ltd,,,,,,,,,,,,,,,,
59566,59566,44213,Cirrus Logic,Cirrus Logic Inc,,,,,,,,,,,,,,,,
59574,59574,24990,Galenica AG,Galenica Ag,,,,,,,,,,,,,,,,
59592,59592,42999,China Eastern Airlines Corp Ltd,China Eastern Airlines Corporation,,,,,,,,,,,,,,,,
59598,59598,26494,Daqo New Energy,Daqo New Energy Corp.,,,,,,,,,,,,,,,,
59600,59600,2658,Lamar Advertising Company (REIT),Lamar Advertising Company (reit),,,,,,,,,,,,,,,,
59604,59604,45390,Novartis,Novartis AG,,,,,,,,,,,,,,,,
59606,59606,57576,TangoMe,Tangoe,,,,,,,,,,,,,,,,
59617,59617,37397,PALANTIR TECHNOLOGIES INC.,PALANTIR TECHNOLOGIES QFC LLC,,,,,,,,,,,,,,,,
59627,59627,43197,BEAUTY AT NO. 1 LIMITED,BEAUTY AT NO. 6 LTD,,,,,,,,,,,,,,,,
59633,59633,31115,Yeti Holdings,Yeti Holdings Inc,,,,,,,,,,,,,,,,
59669,59669,20700,Shanghai Electric Group Company,Shanghai Electric Power Company,,,,,,,,,,,,,,,,
59672,59672,51816,Saputo,Saputo Inc,,,,,,,,,,,,,,,,
59691,59691,32061,Sumitomo Dainippon Pharma,Sumitomo Dainippon Pharma Co. Ltd,,,,,,,,,,,,,,,,
59699,59699,36092,Bank Of Chengdu,Bank Of China,,,,,,,,,,,,,,,,
59709,59709,2123,Lululemon Athletica,Lululemon Athletica Inc,,,,,,,,,,,,,,,,
59728,59728,3056,Ipsos SA,Ipsos Sa,,,,,,,,,,,,,,,,
59737,59737,18582,China Steel Corp,China Steel Corporation,,,,,,,,,,,,,,,,
59738,59738,544,North China Pharmaceutical Company Ltd,North China Pharmaceutical Company. Ltd,,,,,,,,,,,,,,,,
59747,59747,51006,Farglory Land Development Co Ltd,Farglory Land Development Co. Ltd,,,,,,,,,,,,,,,,
59752,59752,13313,A. O. Smith Corp,A. O. Smith Corporation,,,,,,,,,,,,,,,,
59757,59757,41217,Zhejiang Zheneng Electric Power,Zhejiang Zheneng Electric Power CO Ltd,,,,,,,,,,,,,,,,
59758,59758,27555,Construcciones Y Auxiliar De Ferrocarriles,Construcciones y Auxiliar de Ferrocarriles (CAF),,,,,,,,,,,,,,,,
59763,59763,36546,MetLife,MetLife Inc,,,,,,,,,,,,,,,,
59777,59777,45422,Companhia Energetica de Brasilia - CEB,Companhia Energetica de Minas Gerais SA,,,,,,,,,,,,,,,,
59778,59778,28844,Bestseller,Bestseller A/S,,,,,,,,,,,,,,,,
59780,59780,59390,Palfinger AG,Palfinger Ag,,,,,,,,,,,,,,,,
59787,59787,34013,Canadian Imperial Bank,Canadian Imperial Bank Of Commerce,,,,,,,,,,,,,,,,
59788,59788,31728,SOFTWARE FOR PEOPLE LIMITED,SOFTWARE FOR SALES LIMITED,,,,,,,,,,,,,,,,
59801,59801,40737,Coway Co Ltd,Coway Co. Ltd,,,,,,,,,,,,,,,,
59811,59811,34325,China Longyuan Power,China Longyuan Power Group Corp Ltd,,,,,,,,,,,,,,,,
59814,59814,39707,EISLER CAPITAL (TS) LTD,EISLER CAPITAL (UK) LTD,,,,,,,,,,,,,,,,
59817,59817,12338,East West Bancorp Inc,"East West Bancorp, Inc.",,,,,,,,,,,,,,,,
59830,59830,50749,Dassault Systemes SE,Dassault Systèmes,,,,,,,,,,,,,,,,
59839,59839,27286,Stora Enso,Stora Enso Oyj,,,,,,,,,,,,,,,,
59840,59840,19864,Dexatel,Dexatel*,,,,,,,,,,,,,,,,
59843,59843,21815,Banca Generali SpA,Banca Generali Spa,,,,,,,,,,,,,,,,
59854,59854,27632,WT Microelectronics,WT Microelectronics Co. Ltd,,,,,,,,,,,,,,,,
59862,59862,20045,Everbright Securities Co Ltd,Everbright Securities Company,,,,,,,,,,,,,,,,
59869,59869,29715,Expeditors International Of Washington,Expeditors International of Washington Inc,,,,,,,,,,,,,,,,
59873,59873,187,Wharf (Holdings),Wharf (holdings),,,,,,,,,,,,,,,,
59877,59877,29683,Companhia Paranaense de Energia - COPEL,Companhia Paranaense de Energia SA,,,,,,,,,,,,,,,,
59881,59881,3596,Royal Boskalis Westminster N.V.,Royal Boskalis Westminster NV,,,,,,,,,,,,,,,,
59883,59883,50954,Birla Tyres,Birla Tyres Ltd,,,,,,,,,,,,,,,,
59889,59889,1847,Rackspace Technology Inc,"Rackspace Technology, Inc.",,,,,,,,,,,,,,,,
59901,59901,5100,Jardine Cycle & Carriage,Jardine Cycle & Carriage Ltd,,,,,,,,,,,,,,,,
59914,59914,20518,BYD Electronic (International) Co Ltd,BYD Electronic International Co Ltd,,,,,,,,,,,,,,,,
59920,59920,3680,Dell Technologies Inc,Dell Technologies Inc.,,,,,,,,,,,,,,,,
59924,59924,36431,HCL Technologies,HCL Technologies BPO Services,,,,,,,,,,,,,,,,
59929,59929,26263,Victrex,Victrex plc,,,,,,,,,,,,,,,,
59931,59931,8096,Tianqi Lithium Corp,Tianqi Lithium Corporation,,,,,,,,,,,,,,,,
59936,59936,39059,Yakult Honsha Co Ltd,"Yakult Honsha Co.,Ltd.",,,,,,,,,,,,,,,,
59940,59940,32512,Mitani Sekisan,Mitani Sekisan Co. Ltd,,,,,,,,,,,,,,,,
59941,59941,57848,Toyota Motor,Toyota Motor Corp,,,,,,,,,,,,,,,,
59943,59943,43650,PrairieSky Royalty Ltd.,Prairiesky Royalty,,,,,,,,,,,,,,,,
59948,59948,43195,Mapfre,Mapfre SA,,,,,,,,,,,,,,,,
59954,59954,55151,Colbun SA,Colbún SA,,,,,,,,,,,,,,,,
59973,59973,5748,Sinomach Automobile,Sinomach Automobile Co. Ltd,,,,,,,,,,,,,,,,
59978,59978,6811,Hirose Electric Co Ltd,"Hirose Electric Co.,Ltd.",,,,,,,,,,,,,,,,
59981,59981,6059,Inter Pipeline Ltd,Inter Pipeline Ltd.,,,,,,,,,,,,,,,,
59984,59984,41349,Iskenderun Demir Ve Celik,Iskenderun Demir ve Celik AS,,,,,,,,,,,,,,,,
59985,59985,27805,Banco Santander SA,"Banco Santander, SA",,,,,,,,,,,,,,,,
59987,59987,23361,Jupiter Fund Management,Jupiter Fund Management plc,,,,,,,,,,,,,,,,
59998,59998,40382,Tsubakimoto Chain,Tsubakimoto Chain Co,,,,,,,,,,,,,,,,
60018,60018,45259,Banca Mediolanum,Banca Mediolanum S.p.A.,,,,,,,,,,,,,,,,
60020,60020,4605,Clinuvel Pharmaceuticals,Clinuvel Pharmaceuticals Limited,,,,,,,,,,,,,,,,
60021,60021,46442,Hargreaves Lansdown,Hargreaves Lansdown plc,,,,,,,,,,,,,,,,
60024,60024,5226,FINANCE SOLUTIONS LIMITED,FINANCE SOLUTIONS PLUS LIMITED,,,,,,,,,,,,,,,,
60031,60031,32557,Tempur Sealy International Inc,"Tempur Sealy International, Inc.",,,,,,,,,,,,,,,,
60032,60032,46569,Joincare Pharmaceutical Group Industry Co Ltd,"Joincare Pharmaceutical Group Industry Co.,Ltd.",,,,,,,,,,,,,,,,
60033,60033,23344,Aluminum Corporation Of China,Aluminum Corporation of China Limited,,,,,,,,,,,,,,,,
60035,60035,25153,ALL ABOUT RECRUITMENT LTD,ALL ABOUT REEL LTD,,,,,,,,,,,,,,,,
60040,60040,55127,SOFTWARE SURGERY LIMITED,SOFTWARE SYNTAX LIMITED,,,,,,,,,,,,,,,,
1051,1051,448,Medigen Vaccine Biologics Corporation,Medigen Vaccine Biologics Corp,,,,,,,,,,,,,,,,
1187,1187,498,Banco do Brasil SA,Banco do Brasil,,,,,,,,,,,,,,,,
1587,1587,211,Schaeffler AG,Schaeffler,,,,,,,,,,,,,,,,
1634,1634,223,Amoy Diagnostics Co. Ltd,Amoy Diagnostics,,,,,,,,,,,,,,,,
1805,1805,910,Harley-Davidson,Harley Davidson,,,,,,,,,,,,,,,,
1935,1935,1680,Nipro Corporation,Nipro Corp,,,,,,,,,,,,,,,,
2135,2135,680,Jubilant Foods Works,Jubilant FoodWorks,,,,,,,,,,,,,,,,
2317,2317,1674,SICA,SIC,,,,,,,,,,,,,,,,
2574,2574,517,Kaken Pharmaceutical Co. Ltd,Kaken Pharmaceutical,,,,,,,,,,,,,,,,
2807,2807,959,ALS Ltd,ALS Limited,,,,,,,,,,,,,,,,
3103,3103,2158,Ecopetrol SA,Ecopetrol,,,,,,,,,,,,,,,,
3192,3192,713,Dometic Group Ab (publ),Dometic Group AB,,,,,,,,,,,,,,,,
3287,3287,2328,Royal Orchid Hotels,Royal Orchid Hotel,,,,,,,,,,,,,,,,
3334,3334,3076,Bank of Ayudhya Public Company Ltd,Bank of Ayudhya Public Co Ltd,,,,,,,,,,,,,,,,
3370,3370,1195,Nuffield Dental Holdings,Nuffield Dental,,,,,,,,,,,,,,,,
3475,3475,1722,Midea Real Estate Holding Ltd,Midea Real Estate Holding,,,,,,,,,,,,,,,,
3748,3748,1064,"Assurant, Inc.",Assurant Inc,,,,,,,,,,,,,,,,
4029,4029,2464,"Yangmei Chemical Co.,ltd","Yangmei Chemical Co.,Ltd",,,,,,,,,,,,,,,,
4183,4183,3494,Osaka Gas Co Ltd,Osaka Gas,,,,,,,,,,,,,,,,
4215,4215,3476,Shandong Gold Mining Co Ltd,Shandong Gold Mining,,,,,,,,,,,,,,,,
4239,4239,752,Weihai City Commercial Bank Co. Ltd,Weihai City Commercial Bank,,,,,,,,,,,,,,,,
4346,4346,2121,"Hengli Petrochemical Co.,Ltd.",Hengli Petrochemical Co Ltd,,,,,,,,,,,,,,,,
4436,4436,1385,FOOD COMA LTD,FOOD COG LIMITED,,,,,,,,,,,,,,,,
4527,4527,1470,China Telecom Corp Ltd,China Telecom,,,,,,,,,,,,,,,,
4537,4537,2411,South Jersey Industries Inc,South Jersey Industries,,,,,,,,,,,,,,,,
4608,4608,506,NEW ALPHABET LIMITED,NEW ALPHABET GROUP LIMITED,,,,,,,,,,,,,,,,
4780,4780,1400,"Voya Financial, Inc.",Voya Financial Inc,,,,,,,,,,,,,,,,
4820,4820,505,China Shenhua Energy Co Ltd,China Shenhua Energy,,,,,,,,,,,,,,,,
4842,4842,1488,Pushpay Holdings Limited,Pushpay Holdings,,,,,,,,,,,,,,,,
5016,5016,2308,Installed Building Products Inc,Installed Building Products,,,,,,,,,,,,,,,,
5045,5045,477,Oriental Energy Co Ltd,Oriental Energy,,,,,,,,,,,,,,,,
5079,5079,1818,GOOD CHANCE THEATRE,GOOD CHANCE LTD,,,,,,,,,,,,,,,,
5195,5195,1654,GF Securities Co. Ltd,GF Securities Co Ltd,,,,,,,,,,,,,,,,
5343,5343,4339,Watts Water Technologies Inc,Watts Water Technologies,,,,,,,,,,,,,,,,
5411,5411,179,New York Community Bancorp Inc,New York Community Bancorp,,,,,,,,,,,,,,,,
5443,5443,4913,Taishin Financial Holding Co Ltd,Taishin Financial Holding,,,,,,,,,,,,,,,,
5640,5640,2689,American Water Works Co Inc,American Water Works,,,,,,,,,,,,,,,,
5673,5673,1424,U COACH ME LIMITED,U COACH LTD,,,,,,,,,,,,,,,,
5675,5675,4483,GOOD CLEANING SERVICES LIMITED,GOOD CLEANING LTD,,,,,,,,,,,,,,,,
5679,5679,1947,Lens Technology Co. Ltd,Lens Technology,,,,,,,,,,,,,,,,
5685,5685,2825,Exscientia AI,Exscientia,,,,,,,,,,,,,,,,
5721,5721,2422,Beach Energy Ltd,Beach Energy Limited,,,,,,,,,,,,,,,,
5900,5900,3104,Taishin Financial Holdings,Taishin Financial Holding Co. Ltd,,,,,,,,,,,,,,,,
5996,5996,125,Top Glove Corp Bhd.,Top Glove Corp Bhd,,,,,,,,,,,,,,,,
6012,6012,1556,Fuyao Glass Industry Group Co. Ltd,Fuyao Glass Industry Group Co Ltd,,,,,,,,,,,,,,,,
6013,6013,4446,Cementir Holding NV,Cementir Holding N.V.,,,,,,,,,,,,,,,,
6034,6034,4415,JD.com Inc,JD.com,,,,,,,,,,,,,,,,
6141,6141,4442,United Parcel Service Italia Srl,United Parcel Service Inc,,,,,,,,,,,,,,,,
6153,6153,430,SWISSLOG HEALTHCARE ITALY SRL,SWISSLOG HEALTHCARE AG,,,,,,,,,,,,,,,,
6254,6254,1809,East Japan Railway Company,East Japan Railway Co,,,,,,,,,,,,,,,,
6271,6271,5752,Triumph Group Inc,Triumph Group,,,,,,,,,,,,,,,,
6481,6481,3994,Tokio Marine Holdings Inc,Tokio Marine Holdings,,,,,,,,,,,,,,,,
6559,6559,2691,Technogym Spa,Technogym S.p.A.,,,,,,,,,,,,,,,,
6592,6592,4315,New China Life Insurance Company,New China Life Insurance Co Ltd,,,,,,,,,,,,,,,,
6728,6728,1292,Taylor Morrison Home Corporation,Taylor Morrison Home Corp,,,,,,,,,,,,,,,,
6816,6816,716,Telus Corporation,Telus Corp,,,,,,,,,,,,,,,,
6853,6853,2790,"Wynn Resorts, Limited",Wynn Resorts Ltd,,,,,,,,,,,,,,,,
6855,6855,1134,Bangkok Expressway and Metro Public Company Ltd,Bangkok Expressway And Metro Public Company,,,,,,,,,,,,,,,,
6885,6885,3121,PT Metropolitan Land Tbk,PT Metropolitan Kentjana Tbk,,,,,,,,,,,,,,,,
6933,6933,1504,The Weir Group plc,The Weir Group Plc,,,,,,,,,,,,,,,,
6946,6946,5382,Apollo Power Ltd,Apollo Pipes Ltd,,,,,,,,,,,,,,,,
6951,6951,5486,V & R CONTRACTS LIMITED,V & R CATERING LIMITED,,,,,,,,,,,,,,,,
6958,6958,3978,Deutsche Telekom AG,Deutsche Telekom,,,,,,,,,,,,,,,,
6968,6968,4628,NEW AGE LEADERS LTD,NEW AGE LAUNDRY LTD,,,,,,,,,,,,,,,,
6970,6970,3653,Fairfax Financial Holdings Limited,Fairfax Financial Holdings,,,,,,,,,,,,,,,,
7044,7044,3440,ON Semiconductor Corporation,ON Semiconductor Corp.,,,,,,,,,,,,,,,,
7138,7138,1882,Bunka Shutter Co. Ltd,Bunka Shutter Co Ltd,,,,,,,,,,,,,,,,
7149,7149,6837,China Shipbuilding Industry Group Power Co. Ltd,China Shipbuilding Industry Group Power,,,,,,,,,,,,,,,,
7160,7160,4915,Eni S.p.a.,Eni S.p.A.,,,,,,,,,,,,,,,,
7282,7282,1180,First Quantum Minerals Ltd,First Quantum Minerals,,,,,,,,,,,,,,,,
7283,7283,5505,Impresa Pizzarotti & C. Spa,Impresa Pizzarotti,,,,,,,,,,,,,,,,
7310,7310,6213,Partners Group Holding AG,Partners Group Holding,,,,,,,,,,,,,,,,
7386,7386,4836,"Raytron Technology Co.,Ltd.",Raytron Technology,,,,,,,,,,,,,,,,
7393,7393,12,U GOT JOKES LTD,U GOT JOKES COMEDY LTD,,,,,,,,,,,,,,,,
7425,7425,2456,Berkshire Hathaway Energy Co,Berkshire Hathaway,,,,,,,,,,,,,,,,
7571,7571,1172,Stryker Corporation,Stryker Corp,,,,,,,,,,,,,,,,
7629,7629,1941,Huafa Industrial.zhuhai,"Huafa Industrial Co.,Ltd.Zhuhai",,,,,,,,,,,,,,,,
7636,7636,104,Baker Hughes Co,Baker Hughes,,,,,,,,,,,,,,,,
7645,7645,79,"VEOLIA NORTH AMERICA, LLC","VEOLIA NORTH AMERICA, INC.",,,,,,,,,,,,,,,,
7649,7649,2462,Hikari Tsushin Inc,Hikari Tsushin,,,,,,,,,,,,,,,,
7719,7719,7339,Enagas SA,Enagas,,,,,,,,,,,,,,,,
7822,7822,1895,Fujian Funeng Co Ltd,Fujian Funeng,,,,,,,,,,,,,,,,
7863,7863,2237,Fibra Uno,Fibra UNO,,,,,,,,,,,,,,,,
7900,7900,2365,Outotec Oyj,Outotec,,,,,,,,,,,,,,,,
7962,7962,4449,Zhongliang Holdings Group Company,Zhongliang Holdings,,,,,,,,,,,,,,,,
8107,8107,1079,China Southern Airlines Company Limited,China Southern Airlines Company,,,,,,,,,,,,,,,,
8169,8169,1330,Aditya Birla Fashion and Retail Ltd,Aditya Birla Fashion and Retail,,,,,,,,,,,,,,,,
8171,8171,1197,ENI PLENITUDE SPA SOCIETA\' BENEFIT,ENI PLENITUDE SPA SOCIETA' BENEFIT,,,,,,,,,,,,,,,,
8179,8179,4527,China Telecom Corporation,China Telecom Corp Ltd,,,,,,,,,,,,,,,,
8215,8215,1939,United Renewable Energy Co. Ltd,United Renewable Energy,,,,,,,,,,,,,,,,
8261,8261,5976,T & A KERNOGHAN LIMITED,T & A KERNOGHAN (HOLDINGS) LIMITED,,,,,,,,,,,,,,,,
8282,8282,7176,Flywire Corp,Flywire,,,,,,,,,,,,,,,,
8287,8287,7,Taiwan FamilyMart Co. Ltd,Taiwan FamilyMart Co Ltd,,,,,,,,,,,,,,,,
8312,8312,4702,Resideo Technologies Inc,Resideo Technologies,,,,,,,,,,,,,,,,
8349,8349,7552,Bright Dairy & Food,Bright Dairy,,,,,,,,,,,,,,,,
8377,8377,7866,"Endesa, SA",Endesa SA,,,,,,,,,,,,,,,,
8431,8431,1378,Signature Aviation Ltd,Signature Aviation,,,,,,,,,,,,,,,,
8435,8435,4946,Taiwan Cooperative Financial Holding,Taiwan Cooperative Financial,,,,,,,,,,,,,,,,
8458,8458,5594,LG Electronics Inc,LG Electronics,,,,,,,,,,,,,,,,
8472,8472,1004,Shenzhen Hopewind Electric Co. Ltd,Shenzhen Hopewind Electric,,,,,,,,,,,,,,,,
8531,8531,4143,"Ruentex Development Co.,Ltd.",Ruentex Development,,,,,,,,,,,,,,,,
8549,8549,5955,ENEOS Holdings Inc,ENEOS Holdings,,,,,,,,,,,,,,,,
8587,8587,1727,GOOD DATA SOLUTIONS LTD,GOOD DATA PRODUCTION LTD,,,,,,,,,,,,,,,,
8672,8672,7214,Pingdingshan Tianan Coal. Mining Co. Ltd,Pingdingshan Tianan Coal. Mining,,,,,,,,,,,,,,,,
8722,8722,5884,"PulteGroup, Inc.",PulteGroup Inc,,,,,,,,,,,,,,,,
8786,8786,2065,Encompass Health Corporation,Encompass Health Corp,,,,,,,,,,,,,,,,
8795,8795,7668,"Chang Wah Electromaterials, Inc.",Chang Wah Electromaterials,,,,,,,,,,,,,,,,
8823,8823,5613,Wistron Corp,Wistron,,,,,,,,,,,,,,,,
8847,8847,321,GA technologies,GA Technologies,,,,,,,,,,,,,,,,
8941,8941,8386,Aem Holdings Ltd,Aem Holdings,,,,,,,,,,,,,,,,
9051,9051,6791,Steel Authority of India,Steel Authority Of India,,,,,,,,,,,,,,,,
9124,9124,686,Korian SE,Korian,,,,,,,,,,,,,,,,
9134,9134,1994,Plains All American Pipeline LP,Plains All American Pipeline,,,,,,,,,,,,,,,,
9185,9185,4385,United Airlines Inc,"United Airlines Holdings, Inc.",,,,,,,,,,,,,,,,
9204,9204,3817,Guangzhou Restaurant Group Company Ltd,Guangzhou Restaurant Group Company,,,,,,,,,,,,,,,,
9337,9337,4199,Kobe Bussan Co. Ltd,Kobe Bussan,,,,,,,,,,,,,,,,
9358,9358,7104,"The Williams Companies, Inc.",The Williams Companies Inc,,,,,,,,,,,,,,,,
9377,9377,371,CME Group Inc.,CME Group Inc,,,,,,,,,,,,,,,,
9404,9404,7199,Z CONSULTANCY LIMITED,Z CONSULT LIMITED,,,,,,,,,,,,,,,,
9427,9427,7340,California Resources Corporation,California Resources Corp,,,,,,,,,,,,,,,,
9542,9542,4038,"Oriental Land Co., Ltd.",Oriental Land Co. Ltd,,,,,,,,,,,,,,,,
9600,9600,3442,Stroer Se & Co. Kgaa,Stroer SE & Co KGaA,,,,,,,,,,,,,,,,
9758,9758,8951,Powerlong Real Estate Holdings,Powerlong Real Estate,,,,,,,,,,,,,,,,
9771,9771,456,Wincanton plc,Wincanton Plc,,,,,,,,,,,,,,,,
9841,9841,1931,APOEL FC,APOEL B.C.,,,,,,,,,,,,,,,,
9864,9864,6977,West Fraser Timber Co. Ltd.,West Fraser Timber Co.,,,,,,,,,,,,,,,,
9878,9878,5956,Headhunter Group,HeadHunter Group PLC,,,,,,,,,,,,,,,,
9974,9974,3900,Hyundai Steel Co,Hyundai Steel,,,,,,,,,,,,,,,,
10027,10027,8331,"Komeri Co.,Ltd.",Komeri Co Ltd,,,,,,,,,,,,,,,,
10059,10059,4821,Fukuoka Financial Group Inc,Fukuoka Financial Group,,,,,,,,,,,,,,,,
10133,10133,4536,Adesso SE,Adesso Ag,,,,,,,,,,,,,,,,
10145,10145,3899,Five Below Inc,Five Below,,,,,,,,,,,,,,,,
10179,10179,5626,Prince Pipes And Fittings,Prince Pipes & Fittings,,,,,,,,,,,,,,,,
10184,10184,8366,Jaws Mustang Acquisition Corporation,Jaws Mustang Acquisition Corp,,,,,,,,,,,,,,,,
10287,10287,10218,Cogeco Inc.,Cogeco Inc,,,,,,,,,,,,,,,,
10303,10303,5943,AbbVie Inc,AbbVie,,,,,,,,,,,,,,,,
10347,10347,7012,Hindustan Petroleum Corp Ltd,Hindustan Petroleum,,,,,,,,,,,,,,,,
10494,10494,4556,Starwood Property Trust Inc,Starwood Property Trust,,,,,,,,,,,,,,,,
10678,10678,8660,"Xiamen C&D, Inc.",Xiamen C&D Inc,,,,,,,,,,,,,,,,
10750,10750,3457,JACCS Co. Ltd,JACCS Co Ltd,,,,,,,,,,,,,,,,
10766,10766,3282,Kerry Properties Ltd,Kerry Properties,,,,,,,,,,,,,,,,
10838,10838,4352,Draper Esprit plc,Draper Esprit,,,,,,,,,,,,,,,,
10847,10847,2739,Bulgarian Energy Holding EAD,Bulgarian Energy Holding,,,,,,,,,,,,,,,,
10853,10853,818,Alliance Trust plc,Alliance Trust,,,,,,,,,,,,,,,,
10861,10861,6174,Xiaomi Corporation,Xiaomi Corp,,,,,,,,,,,,,,,,
10933,10933,7714,Jiangsu Expressway Company Ltd,Jiangsu Expressway Company,,,,,,,,,,,,,,,,
10958,10958,7757,Londonmetric Property,LondonMetric Property plc,,,,,,,,,,,,,,,,
10961,10961,10244,TotalEnergies SE,TotalEnergies,,,,,,,,,,,,,,,,
10975,10975,10915,Ipsen SA,Ipsen,,,,,,,,,,,,,,,,
10992,10992,2633,Sunac China Holdings Ltd,Sunac China Holdings,,,,,,,,,,,,,,,,
10996,10996,2116,Triple Flag Precious Metals Corp.,Triple Flag Precious Metals Corp,,,,,,,,,,,,,,,,
11084,11084,5001,Bonduelle Sca,Bonduelle SCA,,,,,,,,,,,,,,,,
11101,11101,7089,Magellan Health Inc,Magellan Health,,,,,,,,,,,,,,,,
11120,11120,7675,Oji Holdings Corp,Oji Holdings,,,,,,,,,,,,,,,,
11153,11153,11066,Spartannash Company,SpartanNash Co,,,,,,,,,,,,,,,,
11167,11167,10080,Zhejiang Expressway Co. Ltd.,Zhejiang Expressway Co. Ltd,,,,,,,,,,,,,,,,
11176,11176,10885,"Shanghai Sanyou Medical Co., Ltd.",Shanghai SMI Holding Co. Ltd,,,,,,,,,,,,,,,,
11194,11194,2715,H & A PROPERTIES (MALVERN) LIMITED,H & A PROPERTIES (LIVERPOOL) LTD,,,,,,,,,,,,,,,,
11199,11199,8422,Frasers Property Limited,Frasers Property,,,,,,,,,,,,,,,,
11200,11200,7472,"TIS, Inc.",TIS Inc,,,,,,,,,,,,,,,,
11215,11215,2818,"Zhejiang Dingli Machinery Co.,Ltd",Zhejiang Dingli Machinery,,,,,,,,,,,,,,,,
11221,11221,3461,V & A VENTURES LTD,V & A STAR LTD,,,,,,,,,,,,,,,,
11302,11302,9233,Fresenius Medical Care AG & Co KGaA,Fresenius Medical Care,,,,,,,,,,,,,,,,
11341,11341,4519,"Alsea, S.A.B. de C.V.",Alsea SAB de CV,,,,,,,,,,,,,,,,
11361,11361,10252,Gulf Energy Development Public Company Ltd,Gulf Energy Development Public Company,,,,,,,,,,,,,,,,
11371,11371,267,Sanyo Chemical Industries Ltd,Sanyo Chemical Industries,,,,,,,,,,,,,,,,
11373,11373,11264,Edinburgh Worldwide Investment Trust plc,Edinburgh Worldwide Investment Trust,,,,,,,,,,,,,,,,
11445,11445,4040,Parker-Hannifin Corporation,Parker-Hannifin,,,,,,,,,,,,,,,,
11456,11456,4285,Cheil Worldwide Inc.,Cheil Worldwide,,,,,,,,,,,,,,,,
11468,11468,11423,Alten Sa,Alten SA,,,,,,,,,,,,,,,,
11488,11488,1012,U GRAND LTD,U GRAND K LIMITED,,,,,,,,,,,,,,,,
11532,11532,7603,Nuance Communications Inc,Nuance Communications Careers,,,,,,,,,,,,,,,,
11536,11536,9093,"Opko Health, Inc.",Opko Health,,,,,,,,,,,,,,,,
11550,11550,8402,Thomson Reuters Corp,Thomson Reuters Careers,,,,,,,,,,,,,,,,
11596,11596,8833,Fidelity National Information Services,Fidelity National Information (FIS),,,,,,,,,,,,,,,,
11600,11600,1184,First Citizens Bancshares,"First Citizens BancShares, Inc.",,,,,,,,,,,,,,,,
11604,11604,4727,"West Pharmaceutical Services, Inc.",West Pharmaceutical Services Inc,,,,,,,,,,,,,,,,
11675,11675,2638,"Nanjing Iron & Steel Co., Ltd.",Nanjing Iron & Steel Co. Ltd,,,,,,,,,,,,,,,,
11697,11697,9259,"Fujitec Co.,Ltd.",Fujitec Co Ltd,,,,,,,,,,,,,,,,
11739,11739,5496,SOFTWARE QUALITY LIMITED,SOFTWARE QUALITY CONSULTING LIMITED,,,,,,,,,,,,,,,,
11782,11782,7691,Greenland Holdings Corporation,Greenland Holdings Corp Ltd,,,,,,,,,,,,,,,,
11858,11858,3554,Genting Singapore Ltd,Genting Singapore,,,,,,,,,,,,,,,,
11864,11864,5394,Dollarama Inc.,Dollarama Inc,,,,,,,,,,,,,,,,
11878,11878,4,"MKS Instruments, Inc.",MKS Instruments Inc,,,,,,,,,,,,,,,,
11883,11883,7732,Quectel Wireless Solutions Co. Ltd,Quectel Wireless Solutions,,,,,,,,,,,,,,,,
11900,11900,10718,Infosys Ltd,Infosys Limited,,,,,,,,,,,,,,,,
11991,11991,9758,Powerlong Real Estate Holdings Ltd,Powerlong Real Estate Holdings,,,,,,,,,,,,,,,,
12009,12009,8839,Host Hotels & Resorts Inc,Host Hotels & Resorts,,,,,,,,,,,,,,,,
12020,12020,1261,Adama Ltd,Adama,,,,,,,,,,,,,,,,
12042,12042,9763,Vilmorin & Cie Sa,Vilmorin & Cie SA,,,,,,,,,,,,,,,,
12055,12055,4526,Bajaj Capital Insurance,Bajaj Capital,,,,,,,,,,,,,,,,
12199,12199,4290,Atco Ltd.,Atco Ltd,,,,,,,,,,,,,,,,
12262,12262,11875,ProSiebenSat.1 Media SE,ProSiebenSat.1,,,,,,,,,,,,,,,,
12266,12266,2988,Sumco Corporation,Sumco Corp,,,,,,,,,,,,,,,,
12272,12272,10040,Hilton Worldwide Holdings Inc,Hilton Worldwide Holdings,,,,,,,,,,,,,,,,
12292,12292,6160,Blackrock Muniyield Quality Fund Iii,Blackrock Muniyield Quality Fund,,,,,,,,,,,,,,,,
12303,12303,2006,BEAUTY BOMBSHELL LIMITED,BEAUTY BOMB LTD,,,,,,,,,,,,,,,,
12343,12343,8274,Infosys BPM,Infosys,,,,,,,,,,,,,,,,
12392,12392,5532,Fortis Inc.,Fortis Inc,,,,,,,,,,,,,,,,
12423,12423,4202,Oil Refineries Ltd,Oil Refineries,,,,,,,,,,,,,,,,
12432,12432,4456,"Grupo Financiero Inbursa, S.A.B. de C.V.",Grupo Financiero Inbursa SAB de CV,,,,,,,,,,,,,,,,
12469,12469,9910,Bridgetown Holdings Limited,Bridgetown 2 Holdings Limited,,,,,,,,,,,,,,,,
12475,12475,10626,Ulsterbus Foyle,Ulsterbus,,,,,,,,,,,,,,,,
12491,12491,4207,China World Trade Center Co. Ltd,China World Trade Center,,,,,,,,,,,,,,,,
12495,12495,10920,Sunny Optical Technology Group Co Ltd,Sunny Optical Technology Group,,,,,,,,,,,,,,,,
12534,12534,8719,Dah Sing Financial Holdings Ltd,Dah Sing Financial Holdings,,,,,,,,,,,,,,,,
12536,12536,6294,Hillenbrand Inc,Hillenbrand,,,,,,,,,,,,,,,,
12540,12540,1820,Legal & General Group plc,Legal & General Group Plc,,,,,,,,,,,,,,,,
12620,12620,10805,Nanofilm Technologies International Ltd,Nanofilm Technologies International Limited,,,,,,,,,,,,,,,,
12621,12621,4684,Mondelez International Inc,Mondelez International,,,,,,,,,,,,,,,,
12650,12650,11758,Adecco Group Ag,Adecco Group AG,,,,,,,,,,,,,,,,
12692,12692,5601,"Grupo Gigante, S. A. B. de C. V.",Grupo Gigante SAB de CV,,,,,,,,,,,,,,,,
12754,12754,5306,Saudi Ceramic Company,Saudi Cement Company,,,,,,,,,,,,,,,,
12767,12767,6258,First Pacific Company Ltd,First Pacific Company,,,,,,,,,,,,,,,,
12774,12774,8899,GlobalWafers Co. Ltd,GlobalWafers Co Ltd,,,,,,,,,,,,,,,,
12794,12794,896,Restaurant Brands International Limited Partnership,Restaurant Brands International Inc.,,,,,,,,,,,,,,,,
12795,12795,4019,"Dropbox, Inc.",Dropbox Inc,,,,,,,,,,,,,,,,
12808,12808,10232,Crystal International Group Ltd,Crystal International Group,,,,,,,,,,,,,,,,
12816,12816,12104,P A BROOKS LTD,P A BROCK LTD,,,,,,,,,,,,,,,,
12818,12818,731,TP ICAP plc,TP ICAP Group plc,,,,,,,,,,,,,,,,
12825,12825,5179,Brane Enterprises Careers,Brane Enterprises,,,,,,,,,,,,,,,,
12876,12876,11118,Synaptics Inc,Synaptics,,,,,,,,,,,,,,,,
12878,12878,784,Berger Paints India,Berger Paints,,,,,,,,,,,,,,,,
12890,12890,12757,Persol Holdings Co Ltd,Persol Holdings,,,,,,,,,,,,,,,,
12910,12910,1539,"Grupo Cementos de Chihuahua, S.A.B. de C.V.",Grupo Cementos De Chihuahua,,,,,,,,,,,,,,,,
12922,12922,3227,Hanwha Life Insurance Co Ltd,Hanwha Life Insurance,,,,,,,,,,,,,,,,
12928,12928,1203,BEAUTY BAR ONE LIMITED,BEAUTY BAR NW LTD,,,,,,,,,,,,,,,,
12939,12939,1833,BEAUTY AND THE BEAST LIMITED,BEAUTY AND THE BARISTA LTD,,,,,,,,,,,,,,,,
13027,13027,429,Lam Research Corp,Lam Research,,,,,,,,,,,,,,,,
13074,13074,6397,Eurazeo SE,Eurazeo,,,,,,,,,,,,,,,,
13081,13081,2161,Microsoft Corp,Microsoft,,,,,,,,,,,,,,,,
13099,13099,6296,NEW ADVENTURES IN PIXELS LTD,NEW ADVENTURES IN ENTERPRISE LIMITED,,,,,,,,,,,,,,,,
13169,13169,5264,Cadence Bancorporation,Cadence Bancorp,,,,,,,,,,,,,,,,
13201,13201,7647,BEAUTY & THE BLEND LTD,BEAUTY & THE BEAT LTD,,,,,,,,,,,,,,,,
13286,13286,4593,"The TJX Companies, Inc.",The TJX Companies Inc,,,,,,,,,,,,,,,,
13307,13307,4189,NEW AGE HEALTHCARE LIMITED,NEW AGE HEALTH LTD,,,,,,,,,,,,,,,,
13346,13346,7510,Nippon Gas Co. Ltd,Nippon Gas Co Ltd,,,,,,,,,,,,,,,,
13414,13414,6682,Powszechny Zaklad Ubezpieczen Sa,Powszechny Zaklad Ubezpieczen SA,,,,,,,,,,,,,,,,
13461,13461,306,Henan Mingtai Al.industrial,"Henan Mingtai Al.Industrial Co.,Ltd.",,,,,,,,,,,,,,,,
13475,13475,2136,AutoZone Inc,AutoZone,,,,,,,,,,,,,,,,
13479,13479,1017,Builders Firstsource,"Builders FirstSource, Inc.",,,,,,,,,,,,,,,,
13526,13526,9292,"Opple Lighting Co.,LTD.",Opple Lighting,,,,,,,,,,,,,,,,
13576,13576,9001,Travelex,Travelers,,,,,,,,,,,,,,,,
13601,13601,3636,Rosbank PAO,Rosbank,,,,,,,,,,,,,,,,
13641,13641,6098,Pepkor Holdings Ltd,Pepkor Holdings,,,,,,,,,,,,,,,,
13652,13652,8541,U CABBI LTD,U CAB LIMITED,,,,,,,,,,,,,,,,
13679,13679,1057,CNH Industrial N.V.,CNH Industrial,,,,,,,,,,,,,,,,
13730,13730,3350,Natura &Co Holding SA,Natura & Co Holding SA,,,,,,,,,,,,,,,,
13740,13740,6159,Deliveroo Plc,Deliveroo,,,,,,,,,,,,,,,,
13879,13879,7798,Telia Company Ab (publ),Telia Company AB,,,,,,,,,,,,,,,,
13903,13903,11152,ALL ABOUT THE BEES LIMITED,ALL ABOUT THE BEER LTD,,,,,,,,,,,,,,,,
13924,13924,4203,SOFTWARE ENGINEERING TECHNOLOGY LTD,SOFTWARE ENGINEERING SOLUTIONS LTD,,,,,,,,,,,,,,,,
14003,14003,12339,"Qorvo, Inc.",Qorvo Inc,,,,,,,,,,,,,,,,
14013,14013,3968,Royal Unibrew AS,Royal Unibrew A/s,,,,,,,,,,,,,,,,
14023,14023,4283,Shandong Weigao Group Medical Polymer Company,Shandong Weigao Group Medical Polymer Co Ltd,,,,,,,,,,,,,,,,
14045,14045,6553,Countryside Properties plc,Countryside Properties,,,,,,,,,,,,,,,,
14058,14058,8628,ALL ABOUT FRAMING LIMITED,ALL ABOUT FRAMES LIMITED,,,,,,,,,,,,,,,,
14116,14116,1071,SSAB AB,SSAB,,,,,,,,,,,,,,,,
14162,14162,3465,William Hill plc,William Hill Ltd,,,,,,,,,,,,,,,,
14168,14168,7360,BEAUTY AT THE BARN LTD,BEAUTY AT THE AVENUE LIMITED,,,,,,,,,,,,,,,,
14265,14265,2911,Weikeng Industrial Co. Ltd,Weikeng Industrial Co Ltd,,,,,,,,,,,,,,,,
14277,14277,7055,Hannover Rück SE,Hannover Ruck Se,,,,,,,,,,,,,,,,
14285,14285,1708,Pacific Gas and Electric Co,Pacific Gas & Electric Corporation,,,,,,,,,,,,,,,,
14286,14286,12880,Daicel Corporation,Daicel Corp,,,,,,,,,,,,,,,,
14287,14287,6958,Deutsche Telekom Ag,Deutsche Telekom AG,,,,,,,,,,,,,,,,
14382,14382,8137,Xylem Inc,Xylem,,,,,,,,,,,,,,,,
14397,14397,8365,Obayashi Corp,Obayashi,,,,,,,,,,,,,,,,
14467,14467,4074,Henan Shenhuo Coal & Power Co Ltd,Henan Shenhuo Coal & Power,,,,,,,,,,,,,,,,
14498,14498,3000,Maire Tecnimont Spa,Maire Tecnimont SpA,,,,,,,,,,,,,,,,
14517,14517,13074,Eurazeo Se,Eurazeo SE,,,,,,,,,,,,,,,,
14531,14531,10270,Inpex Corporation,Inpex Corp,,,,,,,,,,,,,,,,
14539,14539,12879,Abengoa SA,Abengoa,,,,,,,,,,,,,,,,
14541,14541,537,"Grupo Televisa, S.A.B.",Grupo Televisa SAB,,,,,,,,,,,,,,,,
14545,14545,2115,"Japan Logistics Fund, Inc.",Japan Logistics Fund,,,,,,,,,,,,,,,,
14555,14555,7885,China Resources Land,China Resources Gas Group Ltd,,,,,,,,,,,,,,,,
14617,14617,5641,"United Super Markets Holdings, Inc.",United Super Markets Holdings,,,,,,,,,,,,,,,,
14638,14638,14292,Energy Transfer Lp,Energy Transfer LP,,,,,,,,,,,,,,,,
14698,14698,12277,R ALEXANDRU SERVICES LTD,R ALEXANDER LTD,,,,,,,,,,,,,,,,
14706,14706,14635,Exxaro Resources Ltd,Exxaro Resources,,,,,,,,,,,,,,,,
14727,14727,4523,"Annaly Capital Management, Inc.",Annaly Capital Management Inc,,,,,,,,,,,,,,,,
14744,14744,7981,Oriental Carbon & Chemicals Ltd,Oriental Carbon & Chemicals,,,,,,,,,,,,,,,,
14749,14749,2504,Tate & Lyle PLC,Tate & Lyle,,,,,,,,,,,,,,,,
14843,14843,13084,Dongyue Group Ltd,Dongyue Group Limited,,,,,,,,,,,,,,,,
14874,14874,3963,UnitedHealth Group,UnitedHealth,,,,,,,,,,,,,,,,
14883,14883,12876,Synaptics Incorporated,Synaptics Inc,,,,,,,,,,,,,,,,
14889,14889,9243,Algonquin Power & Utilities Corp,Algonquin Power & Utilities,,,,,,,,,,,,,,,,
14967,14967,13679,CNH Industrial NV,CNH Industrial N.V.,,,,,,,,,,,,,,,,
14973,14973,6723,SOFTWARE BYTES LTD,SOFTWARE BY SMITH LTD,,,,,,,,,,,,,,,,
14985,14985,1250,Taiba Investments Co.,Taiba Investments,,,,,,,,,,,,,,,,
15038,15038,9119,"Shandong Nanshan Aluminium Co., Ltd.",Shandong Nanshan Aluminium Co. Ltd,,,,,,,,,,,,,,,,
15072,15072,14616,Maruti Suzuki India,Maruti Suzuki,,,,,,,,,,,,,,,,
15119,15119,2870,State Bank of India,State Bank Of India,,,,,,,,,,,,,,,,
15135,15135,12683,Global One Real Estate Investment Corp,Global One Real Estate Investment,,,,,,,,,,,,,,,,
15178,15178,4491,Otis Worldwide Corporation,Otis Worldwide Corp,,,,,,,,,,,,,,,,
15248,15248,6363,Jinduicheng Molybdenum Co Ltd,Jinduicheng Molybdenum,,,,,,,,,,,,,,,,
15260,15260,5434,Taro Pharmaceutical Industries Ltd.,Taro Pharmaceutical Industries,,,,,,,,,,,,,,,,
15264,15264,14300,Alphawave Ip Group Plc,Alphawave IP Group plc,,,,,,,,,,,,,,,,
15273,15273,4779,Shandong Xinchao Energy Corporation,Shandong Xinchao Energy Corp Ltd,,,,,,,,,,,,,,,,
15304,15304,2734,Korea Electric Power Corp,Korea Electric Power,,,,,,,,,,,,,,,,
15405,15405,12494,Tatneft PJSC,Tatneft,,,,,,,,,,,,,,,,
15429,15429,8701,Columbia Sportswear Company,Columbia Sportswear Co,,,,,,,,,,,,,,,,
15476,15476,15433,Crown Holdings Inc,Crown Holdings,,,,,,,,,,,,,,,,
15502,15502,10955,Ngern Tid Lor Public Company Ltd,Ngern Tid Lor Public Company Limited,,,,,,,,,,,,,,,,
15520,15520,10110,Globalfoundries Inc.,Globalfoundries,,,,,,,,,,,,,,,,
15550,15550,2212,Chow Sang Sang Holdings International Ltd,Chow Sang Sang Holdings International,,,,,,,,,,,,,,,,
15609,15609,7698,Humanwell Healthcare (group),Humanwell Healthcare,,,,,,,,,,,,,,,,
15677,15677,11280,"Xiamen Amoytop Biotech Co., Ltd.",Xiamen Amoytop Biotech Co. Ltd,,,,,,,,,,,,,,,,
15679,15679,6114,AmerisourceBergen Corp,AmerisourceBergen,,,,,,,,,,,,,,,,
15681,15681,8204,Towa Pharmaceutical Co Ltd,Towa Pharmaceutical,,,,,,,,,,,,,,,,
15700,15700,13417,Century Aluminum Company,Century Aluminum Co,,,,,,,,,,,,,,,,
15713,15713,8041,Toshiba Tec Corp,Toshiba TEC Corp,,,,,,,,,,,,,,,,
15730,15730,349,Huadong Medicine Co. Ltd,Huadong Medicine Co Ltd,,,,,,,,,,,,,,,,
15753,15753,120,GOOD & PROPER LIMITED,GOOD & NOVEL LIMITED,,,,,,,,,,,,,,,,
15759,15759,3580,"Option Care Health, Inc.",Option Care Health Inc,,,,,,,,,,,,,,,,
15781,15781,14521,Hawaiian Holdings Inc,Hawaiian Holdings,,,,,,,,,,,,,,,,
15794,15794,15028,SOFTWARE SAFETY LIMITED,SOFTWARE SAFARI LIMITED,,,,,,,,,,,,,,,,
15813,15813,7559,Aeon Delight Co Ltd,Aeon Delight,,,,,,,,,,,,,,,,
15873,15873,10390,Line Corporation,Line Corp,,,,,,,,,,,,,,,,
15888,15888,3135,Z & N LIMITED,Z & N KARA LIMITED,,,,,,,,,,,,,,,,
15924,15924,401,"China Resources Double-Crane Pharmaceutical Co.,Ltd.",China Resources Double-Crane Pharmaceutical Co Ltd,,,,,,,,,,,,,,,,
15932,15932,8776,"Mohawk Industries, Inc.",Mohawk Industries Inc,,,,,,,,,,,,,,,,
15964,15964,694,Bristol-Myers Squibb Co,Bristol Myers Squibb,,,,,,,,,,,,,,,,
16019,16019,12984,Bytedance,ByteDance,,,,,,,,,,,,,,,,
16055,16055,15960,LG Display Co Ltd,LG Display,,,,,,,,,,,,,,,,
16102,16102,12076,RB Capital Renda II Fundo de Investimento Imobiliario - FII,RB Capital Renda I Fundo de Investimento Imobiliário - FII,,,,,,,,,,,,,,,,
16103,16103,12728,Sika AG,Sika,,,,,,,,,,,,,,,,
16132,16132,14803,"Jinko Power Technology Co.,ltd.","Jinko Power Technology Co.,Ltd.",,,,,,,,,,,,,,,,
16137,16137,7126,Webuild Spa,Webuild SpA,,,,,,,,,,,,,,,,
16140,16140,4973,"JinkoSolar Holding Co., Ltd.",JinkoSolar Holding Co Ltd,,,,,,,,,,,,,,,,
16167,16167,11889,Equites Property Fund Ltd,Equites Property Fund,,,,,,,,,,,,,,,,
16171,16171,4174,MOL Hungarian Oil and Gas Plc,MOL Hungarian Oil,,,,,,,,,,,,,,,,
16187,16187,10760,HCL Technologies Ltd,HCL Technologies Careers,,,,,,,,,,,,,,,,
16279,16279,6991,Baoji Titanium Industry Co. Ltd,Baoji Titanium Industry,,,,,,,,,,,,,,,,
16291,16291,13274,SOFTWARE MAINTENANCE LIMITED,SOFTWARE MACHINES LIMITED,,,,,,,,,,,,,,,,
16325,16325,15069,GOOD CARMA LIMITED,GOOD CAREERS LIMITED,,,,,,,,,,,,,,,,
16364,16364,13623,Gol Linhas Aéreas Inteligentes SA,Gol Linhas Aereas Inteligentes,,,,,,,,,,,,,,,,
16385,16385,1672,Continental Wood Kft.,Continental Wood,,,,,,,,,,,,,,,,
16388,16388,16047,Descente Ltd,Descente,,,,,,,,,,,,,,,,
16415,16415,3371,Linde Ag,Linde,,,,,,,,,,,,,,,,
16422,16422,1384,Ingredion Inc,Ingredion,,,,,,,,,,,,,,,,
16457,16457,13111,Atlantia,Atlante,,,,,,,,,,,,,,,,
16503,16503,15679,AmerisourceBergen Corporation,AmerisourceBergen Corp,,,,,,,,,,,,,,,,
16509,16509,6312,Credit Suisse Group AG,Credit Suisse Group,,,,,,,,,,,,,,,,
16547,16547,2401,Svenska Handelsbanken AB,Svenska Handelsbanken,,,,,,,,,,,,,,,,
16572,16572,12250,Jiangsu Phoenix Publishing & Media Corporation,Jiangsu Phoenix Publishing & Media Corp Ltd,,,,,,,,,,,,,,,,
16597,16597,13345,EOG Resources Inc,EOG Resources,,,,,,,,,,,,,,,,
16627,16627,5331,Orora Ltd,Orora Limited,,,,,,,,,,,,,,,,
16648,16648,11146,Mitsubishi Corporation Careers,Mitsubishi Corporation,,,,,,,,,,,,,,,,
16654,16654,13144,"UNITED PARCEL SERVICE, INC.","UNITED PARCEL SERVICE OF AMERICA, INC.",,,,,,,,,,,,,,,,
16667,16667,4206,GlaxoSmithKline Consumer Healthcare Ltd,GlaxoSmithKline Consumer Healthcare,,,,,,,,,,,,,,,,
16668,16668,13428,"Henan Huanghe Whirlwind Co., Ltd.",Henan Huanghe Whirlwind Co. Ltd,,,,,,,,,,,,,,,,
16675,16675,14313,Applied Industrial Technologies Inc,Applied Industrial Technologies,,,,,,,,,,,,,,,,
16711,16711,14443,Lectra Sa,Lectra SA,,,,,,,,,,,,,,,,
16725,16725,12723,Nan Ya Printed Circuit Board Corporation,Nan Ya Printed Circuit Board Corp,,,,,,,,,,,,,,,,
16749,16749,10119,Avnet Inc,Avnet,,,,,,,,,,,,,,,,
16774,16774,12523,Shriram Finance Ltd,Shriram Finance,,,,,,,,,,,,,,,,
16838,16838,6879,Cogeco Communications Inc,Cogeco Communications,,,,,,,,,,,,,,,,
16845,16845,14619,Jiangsu Dingsheng New Material Joint-stock,"Jiangsu Dingsheng New Material Joint-Stock Co.,Ltd",,,,,,,,,,,,,,,,
16869,16869,3974,ALL ABOUT CHIPS LTD,ALL ABOUT CHIMNEYS LIMITED,,,,,,,,,,,,,,,,
16909,16909,15645,Kindred Group plc,Kindred Group,,,,,,,,,,,,,,,,
16926,16926,12310,Range Resources Corporation,Range Resources Corp,,,,,,,,,,,,,,,,
16973,16973,4831,Ashmore Group plc,Ashmore Group,,,,,,,,,,,,,,,,
17034,17034,6476,Nomad Foods Ltd,Nomad Foods Limited,,,,,,,,,,,,,,,,
17042,17042,10646,Alamos Gold Inc.,Alamos Gold,,,,,,,,,,,,,,,,
17047,17047,15652,Paramount Resources,Paramount Products,,,,,,,,,,,,,,,,
17071,17071,1827,Fullshare Holdings Ltd,Fullshare Holdings Limited,,,,,,,,,,,,,,,,
17076,17076,3941,PT Multipolar Technology Tbk,PT Multipolar Tbk,,,,,,,,,,,,,,,,
17096,17096,16778,Teradyne Inc,Teradyne,,,,,,,,,,,,,,,,
17099,17099,12315,Norte Grande SA,Norte Grande,,,,,,,,,,,,,,,,
17112,17112,1422,Old Mutual Limited,Old Mutual,,,,,,,,,,,,,,,,
17122,17122,10101,Furukawa Electric Co Ltd,Furukawa Electric,,,,,,,,,,,,,,,,
17133,17133,8303,Air France-KLM SA,Air France-KLM,,,,,,,,,,,,,,,,
17161,17161,13566,Jindal Stainless Steelway,Jindal Stainless Ltd,,,,,,,,,,,,,,,,
17162,17162,9068,Amorepacific Corporation,Amorepacific Corp,,,,,,,,,,,,,,,,
17225,17225,332,Logic Interim,Logic Instrument,,,,,,,,,,,,,,,,
17233,17233,16235,"Rockwell Automation, Inc.",Rockwell Automation Inc,,,,,,,,,,,,,,,,
17250,17250,307,Fortinet Inc,Fortinet,,,,,,,,,,,,,,,,
17337,17337,2312,BAD WOLF (HDM) LTD,BAD WOLF (DG) LTD,,,,,,,,,,,,,,,,
17353,17353,103,Vivendi SA,Vivendi,,,,,,,,,,,,,,,,
17374,17374,15040,Nex Point Public Company Ltd,Nex Point Public Company,,,,,,,,,,,,,,,,
17398,17398,7023,DTE Energy Co,DTE Energy,,,,,,,,,,,,,,,,
17448,17448,302,Comet Holding Ag,Comet Holding AG,,,,,,,,,,,,,,,,
17465,17465,8789,"House Foods Group, Inc.",House Foods Group Inc,,,,,,,,,,,,,,,,
17488,17488,16941,Union Gas Holdings Ltd,Union Gas Holdings,,,,,,,,,,,,,,,,
17507,17507,11715,Aldrees Petroleum and Transport Services Company,Aldrees Petroleum And Transport Services Company,,,,,,,,,,,,,,,,
17560,17560,5593,"Wangsu Science & Technology Co.,Ltd.",Wangsu Science & Technology,,,,,,,,,,,,,,,,
17589,17589,11884,Rightmove plc,Rightmove,,,,,,,,,,,,,,,,
17604,17604,884,Compass Diversified Holdings Llc,Compass Diversified Holdings LLC,,,,,,,,,,,,,,,,
17610,17610,1610,Tsuruha Holdings Inc,Tsuruha Holdings,,,,,,,,,,,,,,,,
17676,17676,2704,Beijing Haohua Energy Resource Co. Ltd,Beijing Haohua Energy Resource,,,,,,,,,,,,,,,,
17681,17681,3376,Caterpillar Inc.,Caterpillar Inc,,,,,,,,,,,,,,,,
17688,17688,5453,Tokyo Gas Co Ltd,Tokyo Gas,,,,,,,,,,,,,,,,
17695,17695,10594,ABN AMRO Bank NV,ABN AMRO Bank N.V.,,,,,,,,,,,,,,,,
17701,17701,5058,Aprilia,April Sa,,,,,,,,,,,,,,,,
17731,17731,3134,The Bank of London,The Bank of Kyoto Ltd,,,,,,,,,,,,,,,,
17754,17754,6302,Euronext N.V.,Euronext,,,,,,,,,,,,,,,,
17772,17772,8427,Sto Se & Co. Kgaa,Sto SE & Co KGaA,,,,,,,,,,,,,,,,
17785,17785,17355,Buzzi Unicem Spa,Buzzi Unicem SpA,,,,,,,,,,,,,,,,
17796,17796,3574,Performance Food Group Co,Performance Food Group,,,,,,,,,,,,,,,,
17827,17827,5028,BAD INTENTIONS LTD,BAD INTENTIONS CLOTHING LIMITED,,,,,,,,,,,,,,,,
17829,17829,10419,Eramet SA,Eramet,,,,,,,,,,,,,,,,
17837,17837,16123,Camping World Holdings Inc,Camping World Holdings,,,,,,,,,,,,,,,,
17845,17845,8206,Izumi Co. Ltd,Izumi Co Ltd,,,,,,,,,,,,,,,,
17852,17852,1284,"RealPage, Inc.",RealPage,,,,,,,,,,,,,,,,
17895,17895,14543,Continental AG,Continental,,,,,,,,,,,,,,,,
17962,17962,2690,First Capital Real Estate Investment Trust,First Capital Real Estate,,,,,,,,,,,,,,,,
17987,17987,11641,Shanghai Tunnel Engineering Co Ltd,Shanghai Tunnel Engineering,,,,,,,,,,,,,,,,
18091,18091,7383,Polskie Gornictwo Naftowe i Gazownictwo SA,Polskie Gornictwo Naftowe I Gazownictwo,,,,,,,,,,,,,,,,
18156,18156,4704,"Xi'an Triangle Defense Co.,Ltd",Xi'an Triangle Defense,,,,,,,,,,,,,,,,
18188,18188,12013,Eneva SA,Eneva,,,,,,,,,,,,,,,,
18235,18235,5579,"Alfa, S.A.B. de C.V.",Alfa SAB de CV,,,,,,,,,,,,,,,,
18257,18257,3040,Nan Ya Plastics Corporation,Nan Ya Plastics Corp,,,,,,,,,,,,,,,,
18284,18284,11706,Medinex Ltd,Medinet,,,,,,,,,,,,,,,,
18294,18294,15245,Kwality Ltd,Kwality,,,,,,,,,,,,,,,,
18298,18298,13180,Ampol Ltd,Ampol Limited,,,,,,,,,,,,,,,,
18304,18304,1842,Eurasia Mining plc,Eurasia Mining,,,,,,,,,,,,,,,,
18331,18331,9831,Vedanta Ltd,Vedanta Limited,,,,,,,,,,,,,,,,
18338,18338,2582,ALL ABOUT THE FACE LTD,ALL ABOUT THE FACE ESSEX LTD,,,,,,,,,,,,,,,,
18368,18368,5230,SOFTWARE INFOTECH LTD,SOFTWARE INFORMATICS LIMITED,,,,,,,,,,,,,,,,
18380,18380,7407,"Eyebright Medical Technology (beijing) Co., Ltd.",Eyebright Medical Technology,,,,,,,,,,,,,,,,
18381,18381,7833,"Amedisys, Inc.",Amedisys Inc,,,,,,,,,,,,,,,,
18409,18409,10902,Copa Holdings SA,Copa Holdings,,,,,,,,,,,,,,,,
18427,18427,10865,Taiyo Nippon Sanso Corporation,Taiyo Nippon Sanso Corp,,,,,,,,,,,,,,,,
18428,18428,5582,Ciena Corporation,Ciena Corp,,,,,,,,,,,,,,,,
18455,18455,7822,Fujian Funeng Co. Ltd,Fujian Funeng Co Ltd,,,,,,,,,,,,,,,,
18459,18459,8807,Piramal Enterprises Ltd,Piramal Enterprises,,,,,,,,,,,,,,,,
18492,18492,5958,Mineral Resources Limited,Mineral Resources,,,,,,,,,,,,,,,,
18502,18502,7150,Universal Health Services Inc,Universal Health Services,,,,,,,,,,,,,,,,
18557,18557,12546,SOFTWARE SIMULATIONS LIMITED,SOFTWARE SIMULATIONS INTERNATIONAL LTD.,,,,,,,,,,,,,,,,
18559,18559,17030,Shanghai Lujiazui Finance & Trade Zone Development Co. Ltd,Shanghai Lujiazui Finance & Trade Zone Development Co Ltd,,,,,,,,,,,,,,,,
18618,18618,10648,NEW ADDINGTON PATHFINDERS,NEW ADDINGTON LTD,,,,,,,,,,,,,,,,
18633,18633,17528,Harmony Gold Mining Company,Harmony Gold Mining Co Ltd,,,,,,,,,,,,,,,,
18654,18654,5847,Whitecap Resources Inc,Whitecap Resources,,,,,,,,,,,,,,,,
18680,18680,11302,Fresenius Medical Care AG & Co. KGaA,Fresenius Medical Care AG & Co KGaA,,,,,,,,,,,,,,,,
18683,18683,16280,Webster Financial Corp,Webster Financial,,,,,,,,,,,,,,,,
18734,18734,1314,ERG SpA,ERG S.p.A.,,,,,,,,,,,,,,,,
18748,18748,14349,Eli Lilly and Company,Eli Lilly and Co,,,,,,,,,,,,,,,,
18760,18760,14397,Obayashi Corporation,Obayashi Corp,,,,,,,,,,,,,,,,
18777,18777,14380,Maire Tecnimont S.p.A.,Maire Tecnimont,,,,,,,,,,,,,,,,
18822,18822,15019,INCLEX NO 7 LIMITED,INCLEX NO 3 LIMITED,,,,,,,,,,,,,,,,
18848,18848,12872,Hero MotoCorp Ltd,Hero MotoCorp,,,,,,,,,,,,,,,,
18856,18856,13509,Mitsui,Mitsufuji,,,,,,,,,,,,,,,,
18868,18868,7970,Digital China Holdings Ltd,Digital China Holdings,,,,,,,,,,,,,,,,
18871,18871,1805,Harley-Davidson Inc,Harley-Davidson,,,,,,,,,,,,,,,,
18873,18873,2677,Jardine Matheson Holdings Ltd,Jardine Matheson Holdings,,,,,,,,,,,,,,,,
18875,18875,8568,Link Administration Holdings Limited,Link Administration Holdings,,,,,,,,,,,,,,,,
18883,18883,18068,Polo Fundo de Investimento Imobiliario - Recebiveis Imobiliarios II - FII,Polo Fundo de Investimento Imobiliario - FII Recebiveis Imobiliarios IMO - Cotas Fund,,,,,,,,,,,,,,,,
18892,18892,36,Sino Biopharmaceutical Ltd,Sino Biopharmaceutical,,,,,,,,,,,,,,,,
18897,18897,13884,Axalta Coating Systems Ltd,Axalta Coating Systems,,,,,,,,,,,,,,,,
18899,18899,14140,Sinochem International Corporation,Sinochem International Corp,,,,,,,,,,,,,,,,
18904,18904,1545,Smartsheet Inc.,Smartsheet,,,,,,,,,,,,,,,,
18906,18906,7872,Anima Holding SA,Anima Holding S.p.a.,,,,,,,,,,,,,,,,
18915,18915,4818,Kiwi Property Group Ltd,Kiwi Property Group,,,,,,,,,,,,,,,,
18963,18963,8175,Marlowe plc,Marlowe Plc,,,,,,,,,,,,,,,,
18971,18971,4436,FOOD COMFORT LTD,FOOD COMA LTD,,,,,,,,,,,,,,,,
18991,18991,6744,BAD TO THE BONE LTD,BAD TO THE BONE BKB LIMITED,,,,,,,,,,,,,,,,
18997,18997,5235,BEAUTY & THE JUICE LTD,BEAUTY & THE BROW LTD,,,,,,,,,,,,,,,,
19061,19061,15447,China Construction Bank Corp,China Construction Bank,,,,,,,,,,,,,,,,
19128,19128,16013,Stillfront Group Ab (publ),Stillfront Group AB,,,,,,,,,,,,,,,,
19161,19161,3505,Zhejiang Wansheng,Zhejiang Wanma,,,,,,,,,,,,,,,,
19163,19163,5671,JONES LANG LASALLE LIMITED,JONES LANG LASALLE EUROPE LIMITED,,,,,,,,,,,,,,,,
19168,19168,6971,Sagen Mi Canada,Sagen MI Canada Inc.,,,,,,,,,,,,,,,,
19176,19176,5551,Hi-Tech Arai,Hi-Tech,,,,,,,,,,,,,,,,
19186,19186,7271,Viraj Projects,Viraj Profiles,,,,,,,,,,,,,,,,
19197,19197,6469,The Swatch Group Ltd,The Swatch Group AG,,,,,,,,,,,,,,,,
19209,19209,18540,Global Industrial Company,Global Industrial Co,,,,,,,,,,,,,,,,
19219,19219,800,Samyang Corp,Samyang,,,,,,,,,,,,,,,,
19238,19238,6381,Enerjisa Enerji A.S.,Enerjisa Enerji,,,,,,,,,,,,,,,,
19251,19251,60,ASR Nederland NV,ASR Nederland N.V.,,,,,,,,,,,,,,,,
19272,19272,15560,Hyundai Marine & Fire Insurance Co Ltd,Hyundai Marine & Fire Insurance,,,,,,,,,,,,,,,,
19291,19291,3509,Smoore International Holdings Ltd,Smoore International Holdings,,,,,,,,,,,,,,,,
19299,19299,14580,Ritchie Bros. Auctioneers Incorporated,Ritchie Bros. Auctioneers,,,,,,,,,,,,,,,,
19321,19321,2213,Storytel AB,Storytel,,,,,,,,,,,,,,,,
19341,19341,11446,International Paper APPM,International Paper,,,,,,,,,,,,,,,,
19366,19366,17025,Royal Unibrew A-S,Royal Unibrew,,,,,,,,,,,,,,,,
19388,19388,6529,Carrier Global Corporation,Carrier Global Corp,,,,,,,,,,,,,,,,
19392,19392,5078,Ferguson Plc,Ferguson,,,,,,,,,,,,,,,,
19405,19405,9335,China Northern Rare Earth High-Tech,China Northern Rare Earth Group High-Tech Co Ltd,,,,,,,,,,,,,,,,
19412,19412,13440,LyondellBasell Industries NV,LyondellBasell Industries N.V.,,,,,,,,,,,,,,,,
19453,19453,18249,Admiral Group Plc,Admiral Group,,,,,,,,,,,,,,,,
19472,19472,11161,PT Indo Straits Tbk,PT Indo Kordsa Tbk,,,,,,,,,,,,,,,,
19476,19476,3373,Anhui Conch Cement Company,Anhui Conch Cement,,,,,,,,,,,,,,,,
19505,19505,7125,Methode Electronics Inc,Methode Electronics,,,,,,,,,,,,,,,,
19521,19521,14857,Splunk Inc.,Splunk Inc,,,,,,,,,,,,,,,,
19526,19526,3385,Nihon Parkerizing Co. Ltd,Nihon Parkerizing Co Ltd,,,,,,,,,,,,,,,,
19531,19531,17219,Hebei Hengshui Laobaigan Liquor Co. Ltd,Hebei Hengshui Laobaigan Liquor,,,,,,,,,,,,,,,,
19532,19532,6110,Zhejiang Starry Pharmaceutical Co. Ltd,Zhejiang Starry Pharmaceutical,,,,,,,,,,,,,,,,
19542,19542,10377,China Railway Group Ltd,China Railway Group,,,,,,,,,,,,,,,,
19553,19553,10439,"Canon Marketing Japan, Inc.",Canon Marketing Japan Inc,,,,,,,,,,,,,,,,
19557,19557,3209,China Resources Pharmaceutical Group Ltd,China Resources Pharmaceutical Group,,,,,,,,,,,,,,,,
19563,19563,10575,Black Hills Corporation,Black Hills Corp,,,,,,,,,,,,,,,,
19570,19570,15372,"Eoptolink Technology, Inc. Ltd",Eoptolink Technology,,,,,,,,,,,,,,,,
19664,19664,15390,Oriental Aromatics Limite,Oriental Aromatics,,,,,,,,,,,,,,,,
19670,19670,4355,Phoenix Group Holdings Plc,Phoenix Group Holdings,,,,,,,,,,,,,,,,
19675,19675,11014,The Travelers Companies Inc,The Travelers Companies,,,,,,,,,,,,,,,,
19696,19696,12900,Patterson Companies Inc,Patterson Companies,,,,,,,,,,,,,,,,
19711,19711,18548,Leonardo SpA,Leonardo S.p.A.,,,,,,,,,,,,,,,,
19754,19754,15355,Teledyne Technologies Inc,Teledyne Technologies,,,,,,,,,,,,,,,,
19782,19782,2777,Indian Railway Finance Corp Ltd,Indian Railway Finance,,,,,,,,,,,,,,,,
19789,19789,9692,ALL ABOUT SHAREPOINT LTD,ALL ABOUT SECURITY LTD,,,,,,,,,,,,,,,,
19800,19800,18654,Whitecap Resources Inc.,Whitecap Resources Inc,,,,,,,,,,,,,,,,
19805,19805,2134,Mitsui Mining & Smelting Co Ltd,Mitsui Mining & Smelting,,,,,,,,,,,,,,,,
19814,19814,9389,The Berkeley Group Holdings plc,The Berkeley Group Holdings Plc,,,,,,,,,,,,,,,,
19846,19846,9351,"Match Group, Inc.",Match Group Inc,,,,,,,,,,,,,,,,
19873,19873,11616,Fox Factory Holding Corp,Fox Factory Holding,,,,,,,,,,,,,,,,
19893,19893,17231,Metcash Ltd,Metcash Limited,,,,,,,,,,,,,,,,
19905,19905,14917,Gansu Qilianshan Cement Group Co Ltd,Gansu Qilianshan Cement Group,,,,,,,,,,,,,,,,
19951,19951,11405,Aptiv Plc,Aptiv PLC,,,,,,,,,,,,,,,,
19965,19965,5188,Boralex Inc.,Boralex,,,,,,,,,,,,,,,,
19966,19966,9704,Shaw Communications Inc,Shaw Communications,,,,,,,,,,,,,,,,
19987,19987,8195,Brookfield Renewable Partners,Brookfield Renewable Corporation,,,,,,,,,,,,,,,,
19994,19994,5553,NADELLA SRL,NADELLA SPA,,,,,,,,,,,,,,,,
20017,20017,17360,Masonite International Corporation,Masonite International Corp,,,,,,,,,,,,,,,,
20031,20031,10591,Nagase & Co Ltd,Nagase & Co,,,,,,,,,,,,,,,,
20046,20046,718,Axfood AB,Axfood,,,,,,,,,,,,,,,,
20048,20048,5325,Galaxy Entertainment Group Ltd,Galaxy Entertainment Group,,,,,,,,,,,,,,,,
20117,20117,14126,P & A SERVICES LIMITED,P & A SERVICES (ESSEX) LIMITED,,,,,,,,,,,,,,,,
20160,20160,11949,Vonovia SE,Vonovia,,,,,,,,,,,,,,,,
20162,20162,18019,Rational Ag,Rational AG,,,,,,,,,,,,,,,,
20177,20177,8549,"ENEOS Holdings, Inc.",ENEOS Holdings Inc,,,,,,,,,,,,,,,,
20186,20186,16569,Nichirei Corporation,Nichirei Corp,,,,,,,,,,,,,,,,
20211,20211,1574,Santander Consumer Usa Holdings,Santander Consumer USA Holdings Inc.,,,,,,,,,,,,,,,,
20222,20222,13448,Autoliv Inc,Autoliv,,,,,,,,,,,,,,,,
20233,20233,191,Yamaguchi Financial Group,Yamaguchi Financial,,,,,,,,,,,,,,,,
20255,20255,449,China Mengniu Dairy Company,China Mengniu Dairy Co Ltd,,,,,,,,,,,,,,,,
20317,20317,19141,ITT Inc.,ITT Inc,,,,,,,,,,,,,,,,
20355,20355,18276,Superior Plus Corp,Superior Plus,,,,,,,,,,,,,,,,
20373,20373,20072,Catcher Technology Co Ltd,Catcher Technology,,,,,,,,,,,,,,,,
20474,20474,15282,Julius Baer Group,Julius Baer,,,,,,,,,,,,,,,,
20510,20510,4655,R A & H LIMITED,R A & H (BOURN) LIMITED,,,,,,,,,,,,,,,,
20515,20515,10734,Pearson plc,Pearson Plc,,,,,,,,,,,,,,,,
20534,20534,4142,Jiangxi Copper Company,Jiangxi Copper Co Ltd,,,,,,,,,,,,,,,,
20555,20555,13439,Banco Santander Brasil Sa,Banco Santander (Brasil) SA,,,,,,,,,,,,,,,,
20559,20559,15587,Mega Financial Holding Co. Ltd,Mega Financial Holding Co Ltd,,,,,,,,,,,,,,,,
20564,20564,18552,BlackBerry Limited,BlackBerry,,,,,,,,,,,,,,,,
20568,20568,7916,Tokyu Fudosan Holdings Corporation,Tokyu Fudosan Holdings Corp,,,,,,,,,,,,,,,,
20571,20571,20088,SOFTWARE SPV 2 LIMITED,SOFTWARE SPV 1 LIMITED,,,,,,,,,,,,,,,,
20601,20601,792,Gemdale Corporation,Gemdale Corp,,,,,,,,,,,,,,,,
20645,20645,11576,Banco Pan SA,Banco Pan,,,,,,,,,,,,,,,,
20699,20699,5612,"Trina Solar Co., Ltd",Trina Solar Co. Ltd,,,,,,,,,,,,,,,,
20704,20704,3802,The AES Corporation,The AES Corp,,,,,,,,,,,,,,,,
20705,20705,7092,Z A DISTRIBUTORS LIMITED,Z A DISTRIBUTION LTD,,,,,,,,,,,,,,,,
20707,20707,17897,Melco Resorts & Entertainment Limited,Melco Resorts & Entertainment,,,,,,,,,,,,,,,,
20722,20722,10643,Medical Properties Trust Inc,Medical Properties Trust,,,,,,,,,,,,,,,,
20729,20729,16597,"EOG Resources, Inc.",EOG Resources Inc,,,,,,,,,,,,,,,,
20755,20755,10613,"Contura Energy, Inc.",Contura Energy,,,,,,,,,,,,,,,,
20760,20760,679,Precot Meridian Ltd,Precot Meridian,,,,,,,,,,,,,,,,
20779,20779,81,Future Corporation,Future Corp,,,,,,,,,,,,,,,,
20787,20787,14445,GOOD BUSINESS LOGISTICS LIMITED,GOOD BUSINESS LIMITED,,,,,,,,,,,,,,,,
20822,20822,9399,Zhongan Online P & C Insurance,ZhongAn Online P&C Insurance Co Ltd,,,,,,,,,,,,,,,,
20824,20824,11484,Inter Rao Ues,Inter Rao,,,,,,,,,,,,,,,,
20867,20867,14874,UnitedHealth Group Inc,UnitedHealth Group,,,,,,,,,,,,,,,,
20879,20879,17512,True Corp Public Company Ltd,True Corp Public Co Ltd,,,,,,,,,,,,,,,,
20883,20883,12271,"Floor & Decor Holdings, Inc.",Floor & Decor Holdings Inc,,,,,,,,,,,,,,,,
20908,20908,17395,"Caihong Display Devices Co.,Ltd.",Caihong Display Devices,,,,,,,,,,,,,,,,
20913,20913,7701,Suzuki Motor Corporation,Suzuki Motor Corp,,,,,,,,,,,,,,,,
20926,20926,6830,Interglobe Aviation Ltd,Interglobe Aviation,,,,,,,,,,,,,,,,
20934,20934,18969,Thor Industries Inc,Thor Industries,,,,,,,,,,,,,,,,
20950,20950,9274,Indian Oil Corporation,Indian Oil Corp Ltd,,,,,,,,,,,,,,,,
20955,20955,15324,Europcar Mobility Group SA,Europcar Mobility Group,,,,,,,,,,,,,,,,
20973,20973,5628,Deppon Logistics Co Ltd,Deppon Logistics,,,,,,,,,,,,,,,,
20974,20974,8790,Q & A CONSULTING LIMITED,Q & A CONSULTANTS LTD,,,,,,,,,,,,,,,,
21012,21012,12046,Saudi Research and Media Group,Saudi Research And Marketing Group,,,,,,,,,,,,,,,,
21046,21046,13507,Ceragon Networks Ltd.,Ceragon Networks,,,,,,,,,,,,,,,,
21059,21059,10533,Yamazaki Baking Co. Ltd,Yamazaki Baking Co Ltd,,,,,,,,,,,,,,,,
21064,21064,5165,"Zhejiang Daily Digital Culture Group Co.,Ltd.",Zhejiang Daily Digital Culture Group,,,,,,,,,,,,,,,,
21077,21077,19298,Blue Sail Medical Co Ltd,Blue Sail Medical,,,,,,,,,,,,,,,,
21107,21107,8698,Antofagasta Plc,Antofagasta,,,,,,,,,,,,,,,,
21110,21110,18405,"Cullen/Frost Bankers, Inc.",Cullen/Frost Bankers Inc,,,,,,,,,,,,,,,,
21140,21140,21080,Harsco Corporation,Harsco Corp,,,,,,,,,,,,,,,,
21165,21165,14373,Ramsay Health Care Ltd,Ramsay Health Care Limited,,,,,,,,,,,,,,,,
21200,21200,19376,U GROW HYDROPONICS LIMITED,U GROW HYDRO LTD,,,,,,,,,,,,,,,,
21217,21217,19722,Nissin Foodsholdings,"Nissin Foods Holdings Co.,Ltd.",,,,,,,,,,,,,,,,
21245,21245,20944,Exact Sciences Corporation,Exact Sciences Corp,,,,,,,,,,,,,,,,
21258,21258,9364,Schindler Holding Ltd,Schindler Holding Ag,,,,,,,,,,,,,,,,
21263,21263,12771,Noratis AG,Noratis,,,,,,,,,,,,,,,,
21265,21265,15220,"BJ's Wholesale Club Holdings, Inc.",BJ's Wholesale Club,,,,,,,,,,,,,,,,
21276,21276,2615,Eurocash SA,Eurocash S.A.,,,,,,,,,,,,,,,,
21331,21331,7348,Demant A/s,Demant A/S,,,,,,,,,,,,,,,,
21335,21335,12372,SOFTWARE SILO LTD,SOFTWARE SIGNALS LIMITED,,,,,,,,,,,,,,,,
21336,21336,14134,GS Engineering & Construction Corp,GS Engineering & Construction,,,,,,,,,,,,,,,,
21348,21348,19316,Glencore plc,Glencore Plc,,,,,,,,,,,,,,,,
21351,21351,15111,SBA Communications Corporation,SBA Communications Corp,,,,,,,,,,,,,,,,
21357,21357,21305,Wistron Neweb Corporation,Wistron NeWeb Corp,,,,,,,,,,,,,,,,
21403,21403,5987,Enterprise Products Partners L.P.,Enterprise Products Partners,,,,,,,,,,,,,,,,
21416,21416,18376,Stellantis N.v,Stellantis N.V.,,,,,,,,,,,,,,,,
21446,21446,12736,Impax Asset Management Group plc,Impax Asset Management Group,,,,,,,,,,,,,,,,
21451,21451,13474,Macy's Inc,Macy's,,,,,,,,,,,,,,,,
21462,21462,18435,Trustpower Ltd,Trustpower,,,,,,,,,,,,,,,,
21492,21492,9163,Becton Dickinson And Company,Becton Dickinson,,,,,,,,,,,,,,,,
21493,21493,14972,Nippon Television Holdings Inc,Nippon Television Holdings,,,,,,,,,,,,,,,,
21512,21512,219,Vaudoise Assurances Holding Sa,Vaudoise Assurances Holding SA,,,,,,,,,,,,,,,,
21577,21577,3805,Shanghai Weaver Network Co. Ltd,Shanghai Weaver Network,,,,,,,,,,,,,,,,
21594,21594,2782,Unipolsai Assicurazioni,UnipolSai Assicurazioni SpA,,,,,,,,,,,,,,,,
21596,21596,19738,GOOD COMPANY CREATIVE LTD,GOOD COMPANY COLLECTIVE LTD,,,,,,,,,,,,,,,,
21597,21597,9996,Xinyu Iron & Steel Co Ltd,Xinyu Iron & Steel,,,,,,,,,,,,,,,,
21605,21605,18730,PT Batavia Prosperindo Trans Tbk,PT Batavia Prosperindo Finance Tbk,,,,,,,,,,,,,,,,
21617,21617,2993,Kwan Yong Holdings Ltd,Kwan On Holdings Ltd,,,,,,,,,,,,,,,,
21659,21659,9988,R.R. Donnelley Careers,R.R. Donnelley,,,,,,,,,,,,,,,,
21681,21681,6096,Greek Organization of Football Prognostics SA,Greek Organization Of Football Prognostics,,,,,,,,,,,,,,,,
21694,21694,18072,"AVerMedia Technologies, Inc.",AVerMedia Technologies,,,,,,,,,,,,,,,,
21712,21712,794,MOSCHINO SPA,MOSAICO SPA,,,,,,,,,,,,,,,,
21728,21728,8676,Koninklijke Ahold Delhaize NV,Koninklijke Ahold Delhaize N.V.,,,,,,,,,,,,,,,,
21778,21778,635,GOOD AS MEDICAL LTD,GOOD AS MEDIA LTD,,,,,,,,,,,,,,,,
21783,21783,6861,BOK Financial Corporation,BOK Financial Corp,,,,,,,,,,,,,,,,
21808,21808,17448,Comet Holding Spa,Comet Holding Ag,,,,,,,,,,,,,,,,
21824,21824,14098,Tonghua Dongbao Pharmaceutical Co. Ltd,Tonghua Dongbao Pharmaceutical,,,,,,,,,,,,,,,,
21828,21828,10116,Prada Spa,Prada S.p.A.,,,,,,,,,,,,,,,,
21852,21852,12217,Tata Consumer Products Ltd,Tata Consumer Products Limited,,,,,,,,,,,,,,,,
21858,21858,17392,"Internet Initiative Japan, Inc.",Internet Initiative Japan Inc,,,,,,,,,,,,,,,,
21863,21863,7353,Colgate-Palmolive Company,Colgate-Palmolive Co,,,,,,,,,,,,,,,,
21868,21868,3719,Tohoku Electric Power Co Inc,Tohoku Electric Power,,,,,,,,,,,,,,,,
21869,21869,19851,Clearcover,Clearco,,,,,,,,,,,,,,,,
21871,21871,8224,Chevron Corp,Chevron,,,,,,,,,,,,,,,,
21879,21879,13003,"Inspire Medical Systems, Inc.",Inspire Medical Systems,,,,,,,,,,,,,,,,
21886,21886,8293,Energiekontor Ag,Energiekontor AG,,,,,,,,,,,,,,,,
21888,21888,5455,Xiamen Xiangyu Co. Ltd,Xiamen Xiangyu,,,,,,,,,,,,,,,,
21900,21900,10103,"Henan Pinggao Electric Co.,Ltd.",Henan Pinggao Electric Co Ltd,,,,,,,,,,,,,,,,
21936,21936,1867,General Electric (GE),General Electric,,,,,,,,,,,,,,,,
21945,21945,20094,United Bankshares Inc,United Bankshares,,,,,,,,,,,,,,,,
21953,21953,1301,Sinoma International Engineering Co.Ltd,Sinoma International Engineering Co Ltd,,,,,,,,,,,,,,,,
21969,21969,3516,Bank of Tianjin Co Ltd,Bank of Tianjin,,,,,,,,,,,,,,,,
21986,21986,20463,Sun Art Retail Group Ltd,Sun Art Retail Group,,,,,,,,,,,,,,,,
22003,22003,6032,FOOD AND DESSERTS LTD,FOOD AND DESSERT STATION LTD,,,,,,,,,,,,,,,,
22005,22005,19700,ALL ABOUT ANGLING MAD LTD,ALL ABOUT ANGLING LTD,,,,,,,,,,,,,,,,
22037,22037,14119,Osotspa Public Company Ltd,Osotspa Public Company,,,,,,,,,,,,,,,,
22050,22050,10211,Booz Allen Hamilton Holding Corporation,Booz Allen Hamilton Holding Corp,,,,,,,,,,,,,,,,
22060,22060,13925,R A DESIGN LIMITED,R A DEAKINS LIMITED,,,,,,,,,,,,,,,,
22069,22069,19018,Hulic Co. Ltd,Hulic Co Ltd,,,,,,,,,,,,,,,,
22095,22095,14812,Valiant Holding Ag,Valiant Holding AG,,,,,,,,,,,,,,,,
22115,22115,10298,National Beverage Corp,National Beverage,,,,,,,,,,,,,,,,
22124,22124,4482,Telefonica Deutschland Holding Ag,Telefonica Deutschland Holding AG,,,,,,,,,,,,,,,,
22153,22153,10610,National Grid plc,National Grid Transco,,,,,,,,,,,,,,,,
22155,22155,20199,Daiwa Securities Group,Daiwa Securities,,,,,,,,,,,,,,,,
22188,22188,12084,Colliers International Group,Colliers International,,,,,,,,,,,,,,,,
22201,22201,1909,Fnac Darty Sa,Fnac Darty SA,,,,,,,,,,,,,,,,
22219,22219,3069,Readly International AB,Readly International,,,,,,,,,,,,,,,,
22225,22225,1862,S&P Global Inc.,S&P Global Inc,,,,,,,,,,,,,,,,
22254,22254,6743,Nichias Corporation,Nichias Corp,,,,,,,,,,,,,,,,
22257,22257,3283,Harvey Norman Holdings Ltd,Harvey Norman Holdings Limited,,,,,,,,,,,,,,,,
22266,22266,12959,Activision Blizzard Careers,Activision Blizzard,,,,,,,,,,,,,,,,
22282,22282,9494,Biotage Ab,Biotage AB,,,,,,,,,,,,,,,,
22295,22295,14471,China Reinsurance (group) Corporation,China Reinsurance (Group) Corporation,,,,,,,,,,,,,,,,
22296,22296,15449,Emerson Electric Co.,Emerson Electric Co,,,,,,,,,,,,,,,,
22324,22324,18515,Shanghai Yuyuan Tourist Mart (group),Shanghai Yuyuan Tourist Mart,,,,,,,,,,,,,,,,
22342,22342,10584,"Livzon Pharmaceutical Group, Inc.",Livzon Pharmaceutical Group Co Ltd,,,,,,,,,,,,,,,,
22368,22368,3284,Guangzhou Automobile Group Co. Ltd,Guangzhou Automobile Group Co Ltd,,,,,,,,,,,,,,,,
22370,22370,15955,Synergie Se,Synergie SA,,,,,,,,,,,,,,,,
22371,22371,19517,Jiangsu Nata Opto-electronic Material Co. Ltd,Jiangsu Nata Opto-electronic Material,,,,,,,,,,,,,,,,
22393,22393,13133,Meyer Burger Technology Ag,Meyer Burger Technology AG,,,,,,,,,,,,,,,,
22408,22408,16617,Gan & Lee Pharmaceuticals Co. Ltd,Gan & Lee Pharmaceuticals,,,,,,,,,,,,,,,,
22421,22421,16615,Fujian Torch Electron Technology Co. Ltd,Fujian Torch Electron Technology,,,,,,,,,,,,,,,,
22441,22441,20605,China Petrochemical Development Corp,China Petrochemical Corp,,,,,,,,,,,,,,,,
22464,22464,20330,Howmet Aerospace Inc,Howmet Aerospace,,,,,,,,,,,,,,,,
22470,22470,5700,"Nippon Accommodations Fund, Inc.",Nippon Accommodations Fund,,,,,,,,,,,,,,,,
22475,22475,10886,Magazine Luiza SA,Magazine Luiza,,,,,,,,,,,,,,,,
22480,22480,11507,Tata Consultancy Services Ltd,Tata Consultancy Services (tcs),,,,,,,,,,,,,,,,
22517,22517,10869,Daiwa House Industry Co Ltd,Daiwa House Industry,,,,,,,,,,,,,,,,
22550,22550,14246,Lier Chemical Co Ltd,Lier Chemical,,,,,,,,,,,,,,,,
22564,22564,5796,Tongling Nonferrous Metals Group Co Ltd,Tongling Nonferrous Metals,,,,,,,,,,,,,,,,
22570,22570,6990,ALLIANCE HEALTHCARE LIMITED,ALLIANCE HEALTHCARE (DISTRIBUTION) LIMITED,,,,,,,,,,,,,,,,
22605,22605,8694,"AMETEK, Inc.","AMETEK, INC.",,,,,,,,,,,,,,,,
22615,22615,3935,"Autobacs Seven Co.,Ltd.",Autobacs Seven,,,,,,,,,,,,,,,,
22625,22625,14766,ICE DATA SERVICES LIMITED,ICE DATA SERVICES EUROPE LIMITED,,,,,,,,,,,,,,,,
22642,22642,8524,ALL ABOUT PIES LIMITED,ALL ABOUT PHONES LTD,,,,,,,,,,,,,,,,
22656,22656,16496,Advanced Micro Devices Inc,Advanced Micro Devices (amd),,,,,,,,,,,,,,,,
22658,22658,10916,Kyushu Financial Group Inc,Kyushu Financial Group,,,,,,,,,,,,,,,,
22687,22687,12745,Canon Inc.,Canon Inc,,,,,,,,,,,,,,,,
22689,22689,2415,"Altice USA, Inc.",Altice USA Inc,,,,,,,,,,,,,,,,
22693,22693,8389,Sojitz Corporation,Sojitz Corp,,,,,,,,,,,,,,,,
22704,22704,15609,Humanwell Healthcare Group Co Ltd,Humanwell Healthcare (group),,,,,,,,,,,,,,,,
22709,22709,12637,"Huaibei Mining Holdings Co.,Ltd.",Huaibei Mining Holdings,,,,,,,,,,,,,,,,
22771,22771,22326,Q ASSOCIATES LIMITED,Q ASSETS LIMITED,,,,,,,,,,,,,,,,
22796,22796,13913,Robert Bosch GmbH,Robert Bosch,,,,,,,,,,,,,,,,
22812,22812,1382,Compal Electronics Inc,Compal Electronics,,,,,,,,,,,,,,,,
22828,22828,8742,Elanders AB,Elanders,,,,,,,,,,,,,,,,
22917,22917,129,Zhongshan Broad-ocean Motor,Zhongshan Broad-Ocean Motor Co Ltd,,,,,,,,,,,,,,,,
22922,22922,6008,New Fortress Energy Inc.,New Fortress Energy Inc,,,,,,,,,,,,,,,,
22950,22950,16846,Ever Sunshine Lifestyle Services Group Ltd,Ever Sunshine Lifestyle Services Group,,,,,,,,,,,,,,,,
22971,22971,5893,Rubis SCA,Rubis,,,,,,,,,,,,,,,,
22976,22976,2224,FLSmidth & Co AS,FLSmidth & Co A-S,,,,,,,,,,,,,,,,
22988,22988,3298,Akamai Technologies Inc,Akamai Technologies,,,,,,,,,,,,,,,,
22995,22995,11174,Spectris Plc,Spectris,,,,,,,,,,,,,,,,
23000,23000,18943,Lifestyle Communities Limited,Lifestyle Communities,,,,,,,,,,,,,,,,
23011,23011,21922,Deutsche Bahn AG,Deutsche Bahn,,,,,,,,,,,,,,,,
23027,23027,7408,President Chain Store Corporation,President Chain Store Corp,,,,,,,,,,,,,,,,
23044,23044,11154,Orsted A/s,Orsted,,,,,,,,,,,,,,,,
23055,23055,7963,BAD HAT MEDIA LTD,BAD HAT LTD,,,,,,,,,,,,,,,,
23067,23067,9577,Ceridian Hcm Holding,Ceridian HCM Holding Inc.,,,,,,,,,,,,,,,,
23075,23075,20175,Treasury Wine Estates Limited,Treasury Wine Estates,,,,,,,,,,,,,,,,
23134,23134,13796,Tilt Renewables Limited,Tilt Renewables,,,,,,,,,,,,,,,,
23145,23145,19346,Ubiquiti Inc,Ubiquiti,,,,,,,,,,,,,,,,
23149,23149,2205,"Datadog, Inc.",Datadog Inc,,,,,,,,,,,,,,,,
23157,23157,12830,GomSpace Group AB,GomSpace Group,,,,,,,,,,,,,,,,
23163,23163,20031,Nagase & Co. Ltd,Nagase & Co Ltd,,,,,,,,,,,,,,,,
23175,23175,12439,Ocado Group plc,Ocado Group Plc,,,,,,,,,,,,,,,,
23192,23192,17673,Hexaware Technologies Ltd,Hexaware Technologies,,,,,,,,,,,,,,,,
23207,23207,19159,Uniphar plc,Uniphar,,,,,,,,,,,,,,,,
23227,23227,9051,Steel Authority of India Ltd,Steel Authority of India,,,,,,,,,,,,,,,,
23241,23241,11297,Red Bull GmbH,Red Bull,,,,,,,,,,,,,,,,
23292,23292,19605,Ludoil Energy Spa,Ludoil Energia Srl,,,,,,,,,,,,,,,,
23313,23313,20081,Muyuan Foodstuff,Muyuan Foods,,,,,,,,,,,,,,,,
23318,23318,4310,Zhejiang Chint Electrics Co. Ltd,Zhejiang Chint Electrics Co Ltd,,,,,,,,,,,,,,,,
23327,23327,9777,Omega Healthcare Investors Inc,Omega Healthcare Investors,,,,,,,,,,,,,,,,
23364,23364,6617,Cadence Design Systems Careers,Cadence Design Systems,,,,,,,,,,,,,,,,
23397,23397,23315,DS SMITH PACKAGING LIMITED,DS SMITH PACKAGING ITALIA SPA,,,,,,,,,,,,,,,,
23400,23400,16253,Topsports International Holdings Ltd,Topsports International Holdings,,,,,,,,,,,,,,,,
23406,23406,12480,Samvardhana Motherson International,Samvardhana Motherson Group,,,,,,,,,,,,,,,,
23408,23408,13950,"Selective Insurance Group, Inc.",Selective Insurance Group,,,,,,,,,,,,,,,,
23410,23410,9919,China National Building Material Co Ltd,China National Building,,,,,,,,,,,,,,,,
23416,23416,20635,Kumagai Gumi Co Ltd,Kumagai Gumi,,,,,,,,,,,,,,,,
23452,23452,5160,Zhejiang Weixing New Building Materials Co Ltd,Zhejiang Weixing New Building Materials,,,,,,,,,,,,,,,,
23470,23470,6722,Brunello Cucinelli S.p.A.,Brunello Cucinelli,,,,,,,,,,,,,,,,
23472,23472,2015,First Resources Ltd,First Resources,,,,,,,,,,,,,,,,
23508,23508,16869,ALL ABOUT CHRISTMAS LIMITED,ALL ABOUT CHIPS LTD,,,,,,,,,,,,,,,,
23512,23512,15812,"Pinterest, Inc.",Pinterest Inc,,,,,,,,,,,,,,,,
23518,23518,17349,BEAUTY AND THE FEAST LTD,BEAUTY AND THE BUZZ LTD,,,,,,,,,,,,,,,,
23536,23536,17503,Celestia,Celesio,,,,,,,,,,,,,,,,
23600,23600,5680,Peab AB,Peab,,,,,,,,,,,,,,,,
23601,23601,19167,Loews,Loewe,,,,,,,,,,,,,,,,
23604,23604,16317,"Douglas Emmett, Inc.",Douglas Emmett,,,,,,,,,,,,,,,,
23605,23605,17754,Euronext NV,Euronext N.V.,,,,,,,,,,,,,,,,
23699,23699,11326,"Zhuzhou Hongda Electronics Corp,Ltd.",Zhuzhou Hongda Electronics,,,,,,,,,,,,,,,,
23700,23700,16703,Far Eastern International Bank Ltd,Far Eastern International Bank,,,,,,,,,,,,,,,,
23705,23705,11236,Elion Energy Company Ltd,Elion Energy Company,,,,,,,,,,,,,,,,
23725,23725,16440,Showa Denko K.K.,Showa Denko,,,,,,,,,,,,,,,,
23734,23734,5344,Erie Indemnity Company,Erie Indemnity Co,,,,,,,,,,,,,,,,
23744,23744,20454,"Berry Global Group, Inc.",Berry Global Group Inc,,,,,,,,,,,,,,,,
23750,23750,3991,ALLIED UNIVERSAL TOPCO LLC,ALLIED UNIVERSAL HOLDCO LLC,,,,,,,,,,,,,,,,
23769,23769,22452,Bloomage Biotechnology Corporation,Bloomage BioTechnology Corp Ltd,,,,,,,,,,,,,,,,
23774,23774,649,Genmab A/s,Genmab A/S,,,,,,,,,,,,,,,,
23780,23780,7852,Converge ICT,Converge,,,,,,,,,,,,,,,,
23790,23790,16216,Bank of Jiangsu Co. Ltd,Bank of Jiangsu Co Ltd,,,,,,,,,,,,,,,,
23796,23796,17041,"ASUSTeK Computer, Inc.",ASUSTeK Computer Inc,,,,,,,,,,,,,,,,
23797,23797,11008,Huntington Ingalls Industries Inc,Huntington Ingalls Industries,,,,,,,,,,,,,,,,
23809,23809,18118,Light & Wonder Inc,Light & Wonder,,,,,,,,,,,,,,,,
23811,23811,17463,GOOD BURGER LIMITED,GOOD BURGER 1 LTD,,,,,,,,,,,,,,,,
23847,23847,15530,Omnicom Media Group Srl,Omnicom Media Group,,,,,,,,,,,,,,,,
23859,23859,12878,Berger Paints India Ltd,Berger Paints India,,,,,,,,,,,,,,,,
23862,23862,18088,Chailease Holding Company Ltd,Chailease Holding Company,,,,,,,,,,,,,,,,
23876,23876,15794,SOFTWARE SAFETY SOLUTIONS LIMITED,SOFTWARE SAFETY LIMITED,,,,,,,,,,,,,,,,
23906,23906,20861,Telecom Italia Spa,Telecom Italia S.p.A.,,,,,,,,,,,,,,,,
23915,23915,985,Dubai Islamic Bank P.J.S.C.,Dubai Islamic Bank,,,,,,,,,,,,,,,,
23932,23932,19675,"The Travelers Companies, Inc.",The Travelers Companies Inc,,,,,,,,,,,,,,,,
23946,23946,22433,"Shanxi Zhendong Pharmaceutical Co.,Ltd",Shanxi Zhendong Pharmaceutical,,,,,,,,,,,,,,,,
23972,23972,5892,First Citizens Bank Careers,First Citizens Bank (NC),,,,,,,,,,,,,,,,
23983,23983,8546,Orange SA,Orange S.a,,,,,,,,,,,,,,,,
24032,24032,13307,NEW AGE HEALTHCARE SOLUTIONS LIMITED,NEW AGE HEALTHCARE LIMITED,,,,,,,,,,,,,,,,
24061,24061,3422,Olympus,Olympos,,,,,,,,,,,,,,,,
24062,24062,18415,Equatorial Energia SA,Equatorial Energia,,,,,,,,,,,,,,,,
24092,24092,12691,The Howard Hughes Corporation,The Howard Hughes Corp,,,,,,,,,,,,,,,,
24123,24123,18078,Transcosmos Inc,Transcosmos,,,,,,,,,,,,,,,,
24130,24130,233,IMAP,IMA-PG,,,,,,,,,,,,,,,,
24133,24133,16351,NXP Semiconductors NV,NXP Semiconductors N.V.,,,,,,,,,,,,,,,,
24166,24166,21938,Kinnevik Ab,Kinnevik AB,,,,,,,,,,,,,,,,
24205,24205,9603,OVARRO LTD,OVARRO LD LTD,,,,,,,,,,,,,,,,
24234,24234,10261,NEW AGE PLUMBING AND HEATING SERVICES LTD,NEW AGE PLUMBING AND HEATING LIMITED,,,,,,,,,,,,,,,,
24239,24239,20543,Seiko Epson Corporation,Seiko Epson Corp,,,,,,,,,,,,,,,,
24254,24254,2078,SK Telecom Co Ltd,SK Telecom,,,,,,,,,,,,,,,,
24275,24275,7237,Nemetschek SE,Nemetschek,,,,,,,,,,,,,,,,
24277,24277,2200,Financial Street Holdings Co Ltd,Financial Street Holdings,,,,,,,,,,,,,,,,
24281,24281,5576,"Molina Healthcare, Inc.",Molina Healthcare Inc,,,,,,,,,,,,,,,,
24289,24289,21439,Transmissora Alianca de Energia Eletrica SA,Transmissora Alianca De Energia Eletrica,,,,,,,,,,,,,,,,
24323,24323,8355,Hrvatska poštanska banka,Hrvatska pošta,,,,,,,,,,,,,,,,
24339,24339,16058,"Woodward, Inc.",Woodward Inc,,,,,,,,,,,,,,,,
24363,24363,22276,American International Group Inc (AIG),American International Group (aig),,,,,,,,,,,,,,,,
24366,24366,23250,"Inner Mongolia First Machinery Group Co.,Ltd.",Inner Mongolia First Machinery Group,,,,,,,,,,,,,,,,
24387,24387,12115,Gibson Energy Inc.,Gibson Energy Inc,,,,,,,,,,,,,,,,
24406,24406,5974,Zurich Insurance Group Ag,Zurich Insurance Group AG,,,,,,,,,,,,,,,,
24416,24416,11476,Golden Biotechnology Corporation,Golden Biotechnology Corp,,,,,,,,,,,,,,,,
24418,24418,14759,"Himax Technologies, Inc.",Himax Technologies Inc,,,,,,,,,,,,,,,,
24434,24434,7966,Krung Thai Bank,Krung Thai,,,,,,,,,,,,,,,,
24443,24443,3544,"S Foods, Inc.",S Foods Inc,,,,,,,,,,,,,,,,
24459,24459,22321,"First Industrial Realty Trust, Inc.",First Industrial Realty Trust,,,,,,,,,,,,,,,,
24464,24464,13068,ASM International NV,ASM International,,,,,,,,,,,,,,,,
24467,24467,3898,Hindustan Aeronautics Ltd,Hindustan Aeronautics Limited,,,,,,,,,,,,,,,,
24511,24511,118,BEAUTY AND FASHION LIMITED,BEAUTY AND CRUSH LIMITED,,,,,,,,,,,,,,,,
24520,24520,2871,Unibel SA,Unibel,,,,,,,,,,,,,,,,
24524,24524,4834,Toyota Tsusho Corp,Toyota Tsusho,,,,,,,,,,,,,,,,
24569,24569,5411,"New York Community Bancorp, Inc.",New York Community Bancorp Inc,,,,,,,,,,,,,,,,
24604,24604,6195,Lucky Cement Ltd,Lucky Cement Corp,,,,,,,,,,,,,,,,
24633,24633,3521,Umicore Sa,Umicore SA,,,,,,,,,,,,,,,,
24652,24652,17399,Lockheed Martin Corporation,Lockheed Martin Corp,,,,,,,,,,,,,,,,
24668,24668,22486,Incyte Corporation,Incyte Corp,,,,,,,,,,,,,,,,
24672,24672,2232,Yourparkingspace,YourParkingSpace,,,,,,,,,,,,,,,,
24686,24686,18764,Mold-Tek Technologies Ltd,Mold-Tek Technologies,,,,,,,,,,,,,,,,
24705,24705,10330,Metso Outotec Corp,Metso Outotec,,,,,,,,,,,,,,,,
24719,24719,10273,Crown Resorts Limited,Crown Resorts,,,,,,,,,,,,,,,,
24740,24740,6331,Anhui Construction Engineering Group Co Ltd,Anhui Construction Engineering Group,,,,,,,,,,,,,,,,
24747,24747,5162,China Communications Services Corp Ltd,China Communications Services,,,,,,,,,,,,,,,,
24766,24766,9699,BAD MONKEY EXPRESS LTD,BAD MONKEY CONVERSIONS LTD,,,,,,,,,,,,,,,,
24803,24803,23979,Aker Solutions ASA,Aker Solutions,,,,,,,,,,,,,,,,
24812,24812,3915,Global Power Synergy Public Company,Global Power Synergy Public Co Ltd,,,,,,,,,,,,,,,,
24825,24825,3320,Arch Capital Group Ltd,Arch Capital Group,,,,,,,,,,,,,,,,
24838,24838,11445,Parker-hannifin Corporation,Parker-Hannifin Corporation,,,,,,,,,,,,,,,,
24854,24854,10724,FOOD AND THOUGHTS TECH LTD,FOOD AND THOUGHT CIC,,,,,,,,,,,,,,,,
24952,24952,1016,Eastern Power Group Public Company Ltd,Eastern Polymer Group Public Company Ltd,,,,,,,,,,,,,,,,
24965,24965,21790,Yuexiu Property Company Ltd,Yuexiu Property Company,,,,,,,,,,,,,,,,
24981,24981,10858,Infrastrutture Wireless Italiane S.p.A.,Infrastrutture Wireless Italiane,,,,,,,,,,,,,,,,
24985,24985,3063,Ares Acquisition Corporation,Ares Acquisition Corp,,,,,,,,,,,,,,,,
24989,24989,10832,WNS (Holdings) Ltd,WNS (Holdings) Limited,,,,,,,,,,,,,,,,
25013,25013,18824,"Brogent Technologies, Inc.",Brogent Technologies,,,,,,,,,,,,,,,,
25017,25017,16092,Giken Ltd,Giken,,,,,,,,,,,,,,,,
25018,25018,1196,Shanghai Phichem Material Co. Ltd,Shanghai Phichem Material,,,,,,,,,,,,,,,,
25045,25045,11876,Fortive Corporation,Fortive Corp,,,,,,,,,,,,,,,,
25059,25059,6183,Huhtamaki Oyj,Huhtamaki,,,,,,,,,,,,,,,,
25070,25070,11837,Reliance Industries Careers,Reliance Industries,,,,,,,,,,,,,,,,
25075,25075,8924,Almarai Company,Almarai Co,,,,,,,,,,,,,,,,
25076,25076,9930,Mattel Inc,Mattel,,,,,,,,,,,,,,,,
25097,25097,21933,Freeport-McMoRan Inc,Freeport-McMoRan,,,,,,,,,,,,,,,,
25101,25101,15369,"Kinsale Capital Group, Inc.",Kinsale Capital Group,,,,,,,,,,,,,,,,
25131,25131,18209,Ito En Ltd,Ito En,,,,,,,,,,,,,,,,
25170,25170,23044,Orsted AS,Orsted A/s,,,,,,,,,,,,,,,,
25186,25186,17091,Fabryka Samochodów Osobowych,Fabryka Samochodów Małolitrażowych,,,,,,,,,,,,,,,,
25190,25190,24923,Porsche Automobil Holding SE,Porsche Automobil Holding,,,,,,,,,,,,,,,,
25200,25200,12351,Seaboard Corporation,Seaboard Corp,,,,,,,,,,,,,,,,
25205,25205,15878,Inner Mongolia Mengdian Huaneng Thermal Power Corporation,Inner Mongolia MengDian HuaNeng Thermal Power Corp Ltd,,,,,,,,,,,,,,,,
25263,25263,8287,Taiwan Familymart,Taiwan FamilyMart Co. Ltd,,,,,,,,,,,,,,,,
25268,25268,19961,Kansai Electric Power Company,Kansai Electric Power,,,,,,,,,,,,,,,,
25288,25288,23295,Yamato Kogyo Co Ltd,Yamato Kogyo,,,,,,,,,,,,,,,,
25299,25299,11199,Frasers Property Ltd,Frasers Property Limited,,,,,,,,,,,,,,,,
25300,25300,13969,GOOD COPY LTD,GOOD COP9 (NI) LTD,,,,,,,,,,,,,,,,
25304,25304,16716,Petrofac,Petrof,,,,,,,,,,,,,,,,
25317,25317,8193,Siemens AG,Siemens,,,,,,,,,,,,,,,,
25319,25319,20595,Hengtong Optic-Electric Co. Ltd,Hengtong Optic-Electric Co Ltd,,,,,,,,,,,,,,,,
25320,25320,4620,Kingspan Group plc,Kingspan Group Plc,,,,,,,,,,,,,,,,
25349,25349,5350,Breedon Group PLC,Breedon Group,,,,,,,,,,,,,,,,
25362,25362,9931,Haci Ömer Sabanci Holding A.S.,Haci Omer Sabanci Holding AS,,,,,,,,,,,,,,,,
25411,25411,5818,"Zhejiang Jiahua Energy Chemical Industry Co.,Ltd.",Zhejiang Jiahua Energy Chemical Industry Co Ltd,,,,,,,,,,,,,,,,
25416,25416,16342,Wolters Kluwer N.V.,Wolters Kluwer,,,,,,,,,,,,,,,,
25421,25421,11772,China Everbright Bank Company,China Everbright Bank Co Ltd,,,,,,,,,,,,,,,,
25425,25425,17341,Kubota Corporation,Kubota Corp,,,,,,,,,,,,,,,,
25453,25453,21994,SJB FINANCES LIMITED,SJA FINANCES LIMITED,,,,,,,,,,,,,,,,
25454,25454,20477,Convatec Group plc,Convatec Group,,,,,,,,,,,,,,,,
25478,25478,7017,Ashworth and Parker,Ashworth & Parker,,,,,,,,,,,,,,,,
25486,25486,2892,Ecovacs Robotics Co. Ltd,Ecovacs Robotics Co Ltd,,,,,,,,,,,,,,,,
25491,25491,25138,Suez SA,Suez,,,,,,,,,,,,,,,,
25496,25496,14792,BEAUTY ANGELS SPA LTD,BEAUTY ANGELS GROUP LTD,,,,,,,,,,,,,,,,
25503,25503,14925,Usinas Siderurgicas de Minas Gerais SA,Usinas Siderurgicas De Minas Gerais,,,,,,,,,,,,,,,,
25523,25523,13099,NEW ADVENTURES LIMITED,NEW ADVENTURES IN PIXELS LTD,,,,,,,,,,,,,,,,
25538,25538,9404,Z CONSULTANTS LIMITED,Z CONSULTANCY LIMITED,,,,,,,,,,,,,,,,
25566,25566,6707,Dongfeng Motor Group Company,Dongfeng Motor Group Co Ltd,,,,,,,,,,,,,,,,
25574,25574,18801,FedEx Corporation,FedEx Corp,,,,,,,,,,,,,,,,
25597,25597,6223,Toyota Industries Corp,Toyota Industries,,,,,,,,,,,,,,,,
25626,25626,18514,PT Victoria Investama Tbk,PT Victoria Insurance Tbk,,,,,,,,,,,,,,,,
25680,25680,3617,Close Brothers Group Plc,Close Brothers Group,,,,,,,,,,,,,,,,
25694,25694,6691,"Medpace Holdings, Inc.",Medpace Holdings,,,,,,,,,,,,,,,,
25701,25701,55,Bank of America Corp,Bank of America Careers,,,,,,,,,,,,,,,,
25706,25706,5459,Allianz Technology Trust,Allianz Technology,,,,,,,,,,,,,,,,
25710,25710,24081,Trainline plc,Trainline,,,,,,,,,,,,,,,,
25718,25718,11265,Shanghai Waigaoqiao Free Trade Zone Group Co. Ltd,Shanghai Waigaoqiao Free Trade Zone Group,,,,,,,,,,,,,,,,
25725,25725,24003,Werner Enterprises Inc,Werner Enterprises,,,,,,,,,,,,,,,,
25733,25733,25162,Whitehaven Coal Ltd,Whitehaven Coal Limited,,,,,,,,,,,,,,,,
25741,25741,9218,Evonik Industries Ag,Evonik Industries AG,,,,,,,,,,,,,,,,
25757,25757,23673,Triton International Ltd,Triton International,,,,,,,,,,,,,,,,
25774,25774,13224,LPL Financial Holdings Inc,LPL Financial Holdings,,,,,,,,,,,,,,,,
25781,25781,1553,Jilin Jiutai Rural Commercial Bank Corporation Limited,Jilin Jiutai Rural Commercial Bank Corporation,,,,,,,,,,,,,,,,
25793,25793,25041,"Solaria Energía y Medio Ambiente, SA",Solaria Energia Y Medio Ambiente,,,,,,,,,,,,,,,,
25801,25801,2931,W. R. Berkley Corporation,W. R. Berkley Corp,,,,,,,,,,,,,,,,
25811,25811,21982,Fagron Nv,Fagron NV,,,,,,,,,,,,,,,,
25813,25813,25050,Hermes International SA,Hermes International,,,,,,,,,,,,,,,,
25820,25820,12804,Intertape Polymer Group Inc.,Intertape Polymer Group Inc,,,,,,,,,,,,,,,,
25825,25825,18495,IDEX Corporation,IDEX Corp,,,,,,,,,,,,,,,,
25879,25879,1731,Danieli & C. Officine Meccaniche S.p.A.,Danieli & C. Officine Meccaniche,,,,,,,,,,,,,,,,
25887,25887,6641,DCM Holdings Co. Ltd,DCM Holdings Co Ltd,,,,,,,,,,,,,,,,
25891,25891,13687,"American National Group, Inc.","American National Group, Inc",,,,,,,,,,,,,,,,
25900,25900,12730,ASCENSION HEALTH ALLIANCE,ASCENSION HEALTH,,,,,,,,,,,,,,,,
25914,25914,8927,Guangzhou Rural Commercial Bank Co Ltd,Guangzhou Rural Commercial Bank,,,,,,,,,,,,,,,,
25918,25918,25819,Qantas Airways Limited,Qantas Airways,,,,,,,,,,,,,,,,
25927,25927,25642,Novozymes A-S,Novozymes,,,,,,,,,,,,,,,,
25960,25960,17288,Exlservice Holdings,ExlService Holdings Inc,,,,,,,,,,,,,,,,
25977,25977,1418,Constellation Brands Inc,Constellation Brands,,,,,,,,,,,,,,,,
25980,25980,20961,Square Enix Holdings Co Ltd,Square Enix Holdings,,,,,,,,,,,,,,,,
25986,25986,10171,Tiandi Science & Technology Co.ltd,Tiandi Science & Technology Co.Ltd,,,,,,,,,,,,,,,,
26016,26016,18871,"Harley-Davidson, Inc.",Harley-Davidson Inc,,,,,,,,,,,,,,,,
26018,26018,3314,"Sega Sammy Holdings, Inc.",Sega Sammy Holdings Inc,,,,,,,,,,,,,,,,
26050,26050,13275,"Leader Harmonious Drive Systems Co., Ltd.",Leader Harmonious Drive Systems Co. Ltd,,,,,,,,,,,,,,,,
26057,26057,24816,Reinsurance Group of America,Reinsurance Group Of America,,,,,,,,,,,,,,,,
26068,26068,14568,Genting Malaysia Bhd,Genting Malaysia Berhad,,,,,,,,,,,,,,,,
26084,26084,25838,Raiffeisen Bank International AG,Raiffeisen Bank International,,,,,,,,,,,,,,,,
26087,26087,15937,TransDigm Group Inc,TransDigm Group,,,,,,,,,,,,,,,,
26102,26102,10552,Sinolink Securities Co. Ltd,Sinolink Securities Co Ltd,,,,,,,,,,,,,,,,
26104,26104,16724,Persimmon plc,Persimmon Plc,,,,,,,,,,,,,,,,
26121,26121,21936,General Electric Co,General Electric (GE),,,,,,,,,,,,,,,,
26132,26132,14085,NN Group N.V.,NN Group,,,,,,,,,,,,,,,,
26168,26168,15516,Marvell Technology Inc,Marvell Technology Group,,,,,,,,,,,,,,,,
26186,26186,21432,Tradeweb Markets Inc,Tradeweb Markets,,,,,,,,,,,,,,,,
26197,26197,8304,"MGM HOLDINGS, INC.","MGM HOLDINGS II, INC.",,,,,,,,,,,,,,,,
26214,26214,23232,Raytheon Technologies Corporation,Raytheon Technologies Corp,,,,,,,,,,,,,,,,
26217,26217,26028,"Pasona Group, Inc.",Pasona Group,,,,,,,,,,,,,,,,
26242,26242,13204,Newmont Corporation,Newmont Corp,,,,,,,,,,,,,,,,
26268,26268,3108,BAD FORM LIMITED,BAD FOOD LIMITED,,,,,,,,,,,,,,,,
26294,26294,7598,SOFTWARE CREATIONS LIMITED,SOFTWARE CRAFTSMANSHIP LIMITED,,,,,,,,,,,,,,,,
26296,26296,16953,Boston Scientific Corp,Boston Scientific,,,,,,,,,,,,,,,,
26305,26305,11097,"Fushun Special Steel Co.,ltd.","Fushun Special Steel Co.,LTD.",,,,,,,,,,,,,,,,
26316,26316,14240,ALL ABOUT DATA LTD,ALL ABOUT DAMP LTD,,,,,,,,,,,,,,,,
26387,26387,17396,Brembo SpA,Brembo S.p.A.,,,,,,,,,,,,,,,,
26389,26389,21110,Cullen/frost Bankers,"Cullen/Frost Bankers, Inc.",,,,,,,,,,,,,,,,
26392,26392,5710,Bank of Communications Co. Ltd,Bank of Communications Co Ltd,,,,,,,,,,,,,,,,
26401,26401,15531,Zijin Mining Group Co Ltd,Zijin Mining Group,,,,,,,,,,,,,,,,
26407,26407,16937,"DuPont de Nemours, Inc.",DuPont de Nemours Inc,,,,,,,,,,,,,,,,
26427,26427,20131,Canadian Tire Corporation,Canadian Tire Corp Ltd,,,,,,,,,,,,,,,,
26437,26437,5745,"Dynatrace, Inc.",Dynatrace,,,,,,,,,,,,,,,,
26459,26459,2528,Centerpoint Energy,"CenterPoint Energy, Inc.",,,,,,,,,,,,,,,,
26473,26473,21848,"W.W. Grainger, Inc.",W.W. Grainger Inc,,,,,,,,,,,,,,,,
26579,26579,1486,HomeServe plc,HomeServe Plc,,,,,,,,,,,,,,,,
26588,26588,15484,Inventec Corporation,Inventec Corp,,,,,,,,,,,,,,,,
26591,26591,17919,Salvatore Ferragamo S.p.A.,Salvatore Ferragamo,,,,,,,,,,,,,,,,
26636,26636,2446,Wipro Infotech Limited,Wipro Infotech,,,,,,,,,,,,,,,,
26643,26643,16146,Axel Johnson Group,Axel Johnson,,,,,,,,,,,,,,,,
26680,26680,15563,Mueller Water Products Inc,Mueller Water Products,,,,,,,,,,,,,,,,
26716,26716,3733,Shinhan Financial Group Co Ltd,Shinhan Financial Group,,,,,,,,,,,,,,,,
26729,26729,7609,Dollar Tree Inc,Dollar Tree,,,,,,,,,,,,,,,,
26766,26766,8420,Shenergy Company Ltd,Shenergy Company,,,,,,,,,,,,,,,,
26784,26784,15950,Drax Group plc,Drax Group Plc,,,,,,,,,,,,,,,,
26818,26818,21365,Castex Technologies Ltd,Castex Technologies,,,,,,,,,,,,,,,,
26824,26824,5097,"Digital Realty Trust, Inc.",Digital Realty Trust Inc,,,,,,,,,,,,,,,,
26838,26838,8349,Bright Dairy & Food Co Ltd,Bright Dairy & Food,,,,,,,,,,,,,,,,
26842,26842,470,Teleperformance SE,Teleperformance,,,,,,,,,,,,,,,,
26848,26848,2558,Xenon Pharmaceuticals Inc.,Xenon Pharmaceuticals,,,,,,,,,,,,,,,,
26859,26859,13774,Indiamart Intermesh Limited,Indiamart Intermesh,,,,,,,,,,,,,,,,
26882,26882,25625,Pegasus Hava Tasimaciligi Anonim Sirketi,Pegasus Hava Tasimaciligi AS,,,,,,,,,,,,,,,,
26962,26962,22076,Keio Corporation,Keio Corp,,,,,,,,,,,,,,,,
26964,26964,23457,Credito Emiliano SpA,Credito Emiliano S.p.A.,,,,,,,,,,,,,,,,
26981,26981,5786,Nippon Telegraph & Telephone Corp,Nippon Telegraph & Tel,,,,,,,,,,,,,,,,
26990,26990,20399,ALL ABOUT CREATIVITY LTD,ALL ABOUT CREATIVE LTD,,,,,,,,,,,,,,,,
26999,26999,2959,Tesla Inc,Tesla,,,,,,,,,,,,,,,,
27042,27042,7611,Yuanta Financial Holding Co Ltd,Yuanta Financial Holding,,,,,,,,,,,,,,,,
27070,27070,10592,Sumitomo Realty & Development Co Ltd,Sumitomo Realty & Development,,,,,,,,,,,,,,,,
27077,27077,26003,FPT Corp,FP Corp,,,,,,,,,,,,,,,,
27189,27189,8892,ALL ABOUT THE MOVE LTD,ALL ABOUT THE MESSAGE LIMITED,,,,,,,,,,,,,,,,
27203,27203,4674,Yokogawa Electric Corporation,Yokogawa Electric Corp,,,,,,,,,,,,,,,,
27213,27213,717,PT Indofood Sukses Makmur Tbk,PT Indofood CBP Sukses Makmur Tbk,,,,,,,,,,,,,,,,
27219,27219,867,"Lincoln Electric Holdings, Inc.",Lincoln Electric Holdings Inc,,,,,,,,,,,,,,,,
27221,27221,12289,NSSL,NSS,,,,,,,,,,,,,,,,
27239,27239,4178,Carpenter Technology Corporation,Carpenter Technology Corp,,,,,,,,,,,,,,,,
27245,27245,3201,Meiji Holdings Co. Ltd,Meiji Holdings Co Ltd,,,,,,,,,,,,,,,,
27256,27256,14651,Hino Motors Ltd,Hino Motors,,,,,,,,,,,,,,,,
27275,27275,8387,Maxis Bhd,Maxis,,,,,,,,,,,,,,,,
27283,27283,4144,"Texas Roadhouse, Inc.",Texas Roadhouse Inc,,,,,,,,,,,,,,,,
27285,27285,23868,H & A SUPPORT SERVICES LTD,H & A SUPPORT LIMITED,,,,,,,,,,,,,,,,
27296,27296,16545,Pimco Dynamic Income Opportunities Fund,Pimco Dynamic Income Fund,,,,,,,,,,,,,,,,
27298,27298,20003,Rinnai Corporation,Rinnai Corp,,,,,,,,,,,,,,,,
27309,27309,20429,CarrefourSA Carrefour Sabanci Ticaret Merkezi AS,CarrefourSA Carrefour Sabanci Ticaret Merkezi A.S.,,,,,,,,,,,,,,,,
27315,27315,21731,P & A MAINTENANCE SERVICES LTD,P & A MAINTENANCE LTD,,,,,,,,,,,,,,,,
27336,27336,2361,Alrov Properties and Lodgings Ltd,Alrov Properties And Lodgings,,,,,,,,,,,,,,,,
27346,27346,13624,Hutchison Telecommunications (australia) Limited,Hutchison Telecommunications (Australia) Limited,,,,,,,,,,,,,,,,
27360,27360,24124,"Autodesk, Inc.",Autodesk Inc,,,,,,,,,,,,,,,,
27378,27378,25974,Denso Corporation,Denso Corp,,,,,,,,,,,,,,,,
27392,27392,27079,Ryman Healthcare Ltd,Ryman Healthcare,,,,,,,,,,,,,,,,
27397,27397,3603,United Airlines Holdings Inc,United Airlines Holdings,,,,,,,,,,,,,,,,
27418,27418,17916,"NH Hotel Group, SA",NH Hotel Group,,,,,,,,,,,,,,,,
27425,27425,2744,West China Cement Ltd,West China Cement Limited,,,,,,,,,,,,,,,,
27431,27431,19954,Differ Group Holding Company Ltd,Differ Group Holding Company,,,,,,,,,,,,,,,,
27442,27442,16170,Japan Retail Fund Investment Corporation,Japan Retail Fund Investment Corp,,,,,,,,,,,,,,,,
27465,27465,8235,"Jingjin Environmental Protection Co.,Ltd.",Jingjin Environmental Protection,,,,,,,,,,,,,,,,
27466,27466,15337,Paradox Interactive AB,Paradox Interactive,,,,,,,,,,,,,,,,
27471,27471,16178,PetroChina Co Ltd,PetroChina,,,,,,,,,,,,,,,,
27485,27485,24705,Metso Outotec Oyj,Metso Outotec Corp,,,,,,,,,,,,,,,,
27510,27510,16776,"Virtu Financial, Inc.",Virtu Financial Inc,,,,,,,,,,,,,,,,
27546,27546,22426,Clear Capital Careers,Clear C2 Careers,,,,,,,,,,,,,,,,
27569,27569,12148,S A CONSTRUCTION CO LIMITED,S A CONSTRUCTION 247 LTD,,,,,,,,,,,,,,,,
27585,27585,19936,BAD PLAY LIMITED,BAD PLANET LIMITED,,,,,,,,,,,,,,,,
27590,27590,6164,Maharashtra State Electricity Transmission Company,Maharashtra State Electricity Distribution Company,,,,,,,,,,,,,,,,
27593,27593,7392,Far Eastern Department Stores Ltd,Far Eastern Department Stores,,,,,,,,,,,,,,,,
27598,27598,7467,SOFTWARE & DEV LTD,SOFTWARE & DESIGN LIMITED,,,,,,,,,,,,,,,,
27600,27600,12213,Freightways Ltd,Freightways,,,,,,,,,,,,,,,,
27640,27640,22904,Vidrala SA,Vidrala,,,,,,,,,,,,,,,,
27723,27723,20560,Mitsubishi Logistics Corporation,Mitsubishi Logistics Corp,,,,,,,,,,,,,,,,
27739,27739,25821,Nova Cartotecnica Roberto.s,Nova Cartotecnica Roberto,,,,,,,,,,,,,,,,
27751,27751,5950,Keda Industrial Group Co. Ltd,Keda Industrial Group Co Ltd,,,,,,,,,,,,,,,,
27757,27757,19120,Huali Industrial Group Company Limited,Huali Industrial Group,,,,,,,,,,,,,,,,
27779,27779,9824,Costa Group Holdings Limited,Costa Group Holdings,,,,,,,,,,,,,,,,
27792,27792,22882,Zhejiang Jinke Culture Industry Co. Ltd,Zhejiang Jinke Culture Industry,,,,,,,,,,,,,,,,
27799,27799,18041,CENTRIC BRANDS LLC,CENTRIC BRANDS HOLDING LLC,,,,,,,,,,,,,,,,
27810,27810,13127,BEAUTY BOX LIMITED,BEAUTY BOX BW LTD,,,,,,,,,,,,,,,,
27823,27823,22873,LG Uplus Corp,LG Uplus,,,,,,,,,,,,,,,,
27862,27862,13654,Vimian Group Ab (publ),Vimian Group AB,,,,,,,,,,,,,,,,
27876,27876,7501,Crest Nicholson Holdings plc,Crest Nicholson Holdings,,,,,,,,,,,,,,,,
27913,27913,25430,Toppan Printing Co. Ltd,Toppan Printing,,,,,,,,,,,,,,,,
27942,27942,18975,Jeudan A/s,Jeudan A-S,,,,,,,,,,,,,,,,
27946,27946,6980,"PPG Industries, Inc.",PPG Industries Inc,,,,,,,,,,,,,,,,
27954,27954,1402,ALL ABOUT SHOPPING LTD,ALL ABOUT SHIPPING LIMITED,,,,,,,,,,,,,,,,
27966,27966,3960,Compeq Manufacturing Co. Ltd,Compeq Manufacturing Co Ltd,,,,,,,,,,,,,,,,
27974,27974,21531,"Henan Yuguang Gold&lead Co., Ltd.",Henan Yuguang Gold and Lead Co Ltd,,,,,,,,,,,,,,,,
27984,27984,11151,"Wuhan Raycus Fiber Laser Technologies Co.,Ltd.",Wuhan Raycus Fiber Laser Technologies,,,,,,,,,,,,,,,,
27989,27989,16838,Cogeco Communications Inc.,Cogeco Communications Inc,,,,,,,,,,,,,,,,
28002,28002,14555,China Resources Land Ltd,China Resources Land,,,,,,,,,,,,,,,,
28005,28005,15389,Billion Industrial Holdings Ltd,Billion Industrial Holdings,,,,,,,,,,,,,,,,
28031,28031,13379,Doosan Infracore Co Ltd,Doosan Infracore,,,,,,,,,,,,,,,,
28060,28060,15598,Paltac Corporation,Paltac Corp,,,,,,,,,,,,,,,,
28085,28085,4958,Deutsche Post AG,Deutsche Post,,,,,,,,,,,,,,,,
28093,28093,21645,Boustead Singapore Ltd,Boustead Singapore,,,,,,,,,,,,,,,,
28103,28103,9306,Zimmer Biomet Holdings Inc,Zimmer Biomet Holdings,,,,,,,,,,,,,,,,
28109,28109,7377,Lovisa Holdings Limited,Lovisa Holdings,,,,,,,,,,,,,,,,
28110,28110,26948,T & A TAXIS (TWO) LTD.,T & A TAXIS (THREE) LTD.,,,,,,,,,,,,,,,,
28141,28141,2806,Wirecard AG,Wirecard,,,,,,,,,,,,,,,,
28168,28168,1832,Jiangling Motors Corporation Ltd,Jiangling Motors Corporation,,,,,,,,,,,,,,,,
28171,28171,5497,SOFTWARE DEFENCES LTD,SOFTWARE DEALS LTD,,,,,,,,,,,,,,,,
28177,28177,6076,ALL ABOUT EVE LTD,ALL ABOUT EVE FILMS LTD,,,,,,,,,,,,,,,,
28178,28178,21704,Element Solutions Inc,Element Solutions,,,,,,,,,,,,,,,,
28182,28182,18262,Banpu Power Public Company Ltd,Banpu Power Public Company,,,,,,,,,,,,,,,,
28201,28201,14563,Nippo Corporation,Nippo Corp,,,,,,,,,,,,,,,,
28204,28204,17743,Carmila SA,Carmila,,,,,,,,,,,,,,,,
28208,28208,24551,Expedia Group Inc,Expedia Group,,,,,,,,,,,,,,,,
28211,28211,467,Teladoc Health Inc,Teladoc Health,,,,,,,,,,,,,,,,
28220,28220,22341,ALL ABOUT THE TREES LIMITED,ALL ABOUT THE STORY LTD,,,,,,,,,,,,,,,,
28241,28241,11358,Kinross Gold Corporation,Kinross Gold Corp,,,,,,,,,,,,,,,,
28247,28247,16143,Public Joint Stock Company Krasnoyarskenergosbyt,Public Joint Stock Company Kamchatskenergo,,,,,,,,,,,,,,,,
28249,28249,8751,Huaihe Energy (group),Huaihe Energy,,,,,,,,,,,,,,,,
28269,28269,24291,ALL ABOUT THE HOUSE LTD,ALL ABOUT THE HOME LIMITED,,,,,,,,,,,,,,,,
28302,28302,5889,Jinchuan Group International Resources Co. Ltd,Jinchuan Group International Resources,,,,,,,,,,,,,,,,
28303,28303,234,Indus Holding Ag,Indus Holding AG,,,,,,,,,,,,,,,,
28305,28305,7879,"Interactive Brokers Group, Inc.",Interactive Brokers Group Inc,,,,,,,,,,,,,,,,
28354,28354,6377,FOOD CIRCLE LIMITED,FOOD CHOICE LIMITED,,,,,,,,,,,,,,,,
28390,28390,5284,Daimler Truck Holding AG,Daimler Truck Holding,,,,,,,,,,,,,,,,
28393,28393,5866,Valero Energy Corp,Valero Energy,,,,,,,,,,,,,,,,
28424,28424,2728,Grupo Financiero Banorte SAB de CV,Grupo Financiero Banorte,,,,,,,,,,,,,,,,
28433,28433,7706,"Neinor Homes, SA",Neinor Homes,,,,,,,,,,,,,,,,
28464,28464,10347,Hindustan Petroleum Corporation,Hindustan Petroleum Corp Ltd,,,,,,,,,,,,,,,,
28466,28466,20680,Huhtamäki Oyj,Huhtamäki,,,,,,,,,,,,,,,,
28491,28491,11119,Nanjing Xinjiekou Department Store Co. Ltd,Nanjing Xinjiekou Department Store,,,,,,,,,,,,,,,,
28505,28505,20069,Graubündner Kantonalbank,Graubundner Kantonalbank,,,,,,,,,,,,,,,,
28513,28513,19485,ALL ABOUT STONE LTD,ALL ABOUT STEM LIMITED,,,,,,,,,,,,,,,,
28515,28515,15601,Cnp Vita Assicurazione Spa,Cnp Vita Assicura Spa,,,,,,,,,,,,,,,,
28557,28557,16547,Svenska Handelsbanken Ab (publ),Svenska Handelsbanken AB,,,,,,,,,,,,,,,,
28560,28560,11089,Fanuc Corporation,Fanuc Corp,,,,,,,,,,,,,,,,
28564,28564,16969,Goco Group plc,Goco Group,,,,,,,,,,,,,,,,
28589,28589,12835,Wuliangye Yibin Co Ltd,Wuliangye Yibin,,,,,,,,,,,,,,,,
28595,28595,2330,TALLINK GRUPP AS,TALLINK AS,,,,,,,,,,,,,,,,
28596,28596,10484,NETSCOUT SYSTEMS UK HOLDINGS LIMITED,NETSCOUT SYSTEMS (UK) LIMITED,,,,,,,,,,,,,,,,
28604,28604,671,"IPSOS-INSIGHT, LLC","IPSOS-ASI, LLC",,,,,,,,,,,,,,,,
28610,28610,22919,GOOD CHOICE CLEANING SERVICE LTD,GOOD CHOICE CATERING LTD,,,,,,,,,,,,,,,,
28612,28612,5150,Bharat Forge Ltd,Bharat Forge,,,,,,,,,,,,,,,,
28624,28624,23628,Smart Adserver,Smart AdServer,,,,,,,,,,,,,,,,
28629,28629,14142,Antares Vision S.p.A.,Antares Vision,,,,,,,,,,,,,,,,
28685,28685,2165,Cholamandalam Investment And Finance Company,Cholamandalam Investment & Finance,,,,,,,,,,,,,,,,
28722,28722,20988,BRP Inc.,BRP Inc,,,,,,,,,,,,,,,,
28739,28739,8747,Jindal Steel & Power Ltd,Jindal Steel & Power,,,,,,,,,,,,,,,,
28762,28762,25011,Packaging Corporation Of America,Packaging Corp of America,,,,,,,,,,,,,,,,
28769,28769,26419,Tokuyama Corporation,Tokuyama Corp,,,,,,,,,,,,,,,,
28775,28775,23137,nib holdings limited,nib Holdings Ltd,,,,,,,,,,,,,,,,
28777,28777,25396,Restaurant Brands International Inc,Restaurant Brands International,,,,,,,,,,,,,,,,
28802,28802,11031,ALL ABOUT HAIR MILDENHALL LTD,ALL ABOUT HAIR LTD,,,,,,,,,,,,,,,,
28806,28806,19639,Mouser Electronics Careers,Mouser Electronics,,,,,,,,,,,,,,,,
28809,28809,21319,Aarvi Encon Ltd,Aarvi Encon,,,,,,,,,,,,,,,,
28814,28814,18048,Telecom Argentina SA,Telecom Argentina,,,,,,,,,,,,,,,,
28834,28834,7755,Welbilt Inc,Welbilt,,,,,,,,,,,,,,,,
28841,28841,11120,Oji Holdings Corporation,Oji Holdings Corp,,,,,,,,,,,,,,,,
28869,28869,7636,Baker Hughes Company,Baker Hughes Co,,,,,,,,,,,,,,,,
28906,28906,21293,Snap Inc.,Snap Inc,,,,,,,,,,,,,,,,
28947,28947,22902,SOFTWARE FUSION TECHNOLOGIES LIMITED,SOFTWARE FUSION LIMITED,,,,,,,,,,,,,,,,
28961,28961,13065,"Sinofibers Technology Co.,Ltd.",Sinofibers Technology,,,,,,,,,,,,,,,,
28965,28965,13112,Wuestenrot & Wuerttembergische AG,Wuestenrot & Wuerttembergische,,,,,,,,,,,,,,,,
28984,28984,20307,Apollo Hospitals Enterprise Ltd,Apollo Hospitals Enterprise,,,,,,,,,,,,,,,,
29014,29014,22998,Assa Abloy AB,Assa Abloy,,,,,,,,,,,,,,,,
29023,29023,27769,"The Hanover Insurance Group, Inc.",The Hanover Insurance Group Inc,,,,,,,,,,,,,,,,
29057,29057,27555,Construcciones y Auxiliar de Ferrocarriles SA,Construcciones y Auxiliar de Ferrocarriles (CAF),,,,,,,,,,,,,,,,
29060,29060,3874,Saras Spa,Saras SpA,,,,,,,,,,,,,,,,
29064,29064,20359,Localiza Rent A Car SA,Localiza Rent A Car,,,,,,,,,,,,,,,,
29065,29065,15979,HOZELOCK LIMITED,HOZELOCK GROUP LIMITED,,,,,,,,,,,,,,,,
29078,29078,19524,Sulzer Ltd,Sulzer,,,,,,,,,,,,,,,,
29093,29093,21372,Samsung Heavy Industries Co Ltd,Samsung Heavy Industries,,,,,,,,,,,,,,,,
29126,29126,29007,Abercrombie & Fitch Co,Abercrombie & Fitch,,,,,,,,,,,,,,,,
29174,29174,24499,Korean Air Lines,Korean Air,,,,,,,,,,,,,,,,
29178,29178,6493,P & A LOVE LIMITED,P & A LONDON LIMITED,,,,,,,,,,,,,,,,
29182,29182,22592,Kobayashi Pharmaceutical Co Ltd,Kobayashi Pharmaceutical,,,,,,,,,,,,,,,,
29187,29187,13656,Frasers Group plc,Frasers Group,,,,,,,,,,,,,,,,
29213,29213,23560,Gree Electric Appliances Inc of Zhuhai,Gree Electric Appliances,,,,,,,,,,,,,,,,
29253,29253,17600,Zensun Enterprises Ltd,Zensun Enterprises,,,,,,,,,,,,,,,,
29262,29262,7583,Burberry Group Plc,Burberry Group,,,,,,,,,,,,,,,,
29277,29277,15810,Talend SA,Talend,,,,,,,,,,,,,,,,
29280,29280,11847,Signify NV,Signify N.V.,,,,,,,,,,,,,,,,
29283,29283,478,Jubilant Ingrevia Limited,Jubilant Ingrevia,,,,,,,,,,,,,,,,
29312,29312,22071,Honeywell Automation India,Honeywell Automation,,,,,,,,,,,,,,,,
29319,29319,27090,Relativity Space,Relativity,,,,,,,,,,,,,,,,
29321,29321,14039,Sumitomo Mitsui Trust Holdings Inc,Sumitomo Mitsui Trust Holdings,,,,,,,,,,,,,,,,
29335,29335,8517,Constellation Software Inc.,Constellation Software Inc,,,,,,,,,,,,,,,,
29358,29358,20656,Pitney Bowes Inc,Pitney Bowes,,,,,,,,,,,,,,,,
29383,29383,9601,PTT Global Chemical Public Co Ltd,PTT Global Chemical,,,,,,,,,,,,,,,,
29418,29418,5598,Mithra Pharmaceuticals SA,Mithra Pharmaceuticals,,,,,,,,,,,,,,,,
29419,29419,26752,Zhejiang Narada Power Source Co. Ltd,Zhejiang Narada Power Source,,,,,,,,,,,,,,,,
29421,29421,25466,"Industrias Bachoco, S.A.B. de C.V.",Industrias Bachoco SAB de CV,,,,,,,,,,,,,,,,
29438,29438,10900,Enel Generación Costanera SA,Enel Generación Chile SA,,,,,,,,,,,,,,,,
29456,29456,19692,Conagra Brands Careers,Conagra Brands,,,,,,,,,,,,,,,,
29459,29459,9166,P & A CARPENTRY LTD,P & A CARPENTRY AND JOINERY LTD,,,,,,,,,,,,,,,,
29460,29460,783,Trane Technologies plc,Trane Technologies Plc,,,,,,,,,,,,,,,,
29470,29470,5128,Brinker International Inc,Brinker International,,,,,,,,,,,,,,,,
29487,29487,28489,S A CATERING SUPPLIES LTD,S A CATERING SERVICES LTD,,,,,,,,,,,,,,,,
29520,29520,22479,Celanese Corp,Celanese,,,,,,,,,,,,,,,,
29549,29549,17306,Keikyu Corporation,Keikyu Corp,,,,,,,,,,,,,,,,
29550,29550,27651,"Planet Fitness, Inc.",Planet Fitness,,,,,,,,,,,,,,,,
29579,29579,12747,Zhejiang Juhua Co. Ltd,Zhejiang Juhua,,,,,,,,,,,,,,,,
29580,29580,19674,Toyo Tire Corporation,Toyo Tire Corp,,,,,,,,,,,,,,,,
29584,29584,26868,"Prosegur Compañía de Seguridad, SA",Prosegur Compania De Seguridad SA,,,,,,,,,,,,,,,,
29586,29586,4063,Q & F CARE SOLUTIONS LTD,Q & E KEY SOLUTIONS LTD,,,,,,,,,,,,,,,,
29598,29598,22106,Zions Bancorporation NA,Zions Bancorp,,,,,,,,,,,,,,,,
29629,29629,21157,"Itoham Yonekyu Holdings, Inc.",Itoham Yonekyu Holdings,,,,,,,,,,,,,,,,
29660,29660,8659,"Twitter, Inc.",Twitter Inc,,,,,,,,,,,,,,,,
29694,29694,27439,Better Life Commercial Chain Share Co Ltd,Better Life Commercial Chain Share,,,,,,,,,,,,,,,,
29702,29702,11021,Shui On Land Ltd,Shui On Land,,,,,,,,,,,,,,,,
29707,29707,29599,Li Auto Inc,Li Auto,,,,,,,,,,,,,,,,
29726,29726,9849,Elders Ltd,Elders Limited,,,,,,,,,,,,,,,,
29730,29730,407,NEW AGE CONSULTING VIGH LIMITED,NEW AGE CONSULT LIMITED,,,,,,,,,,,,,,,,
29732,29732,18086,"Mitsubishi Research Institute, Inc.",Mitsubishi Research Institute Inc,,,,,,,,,,,,,,,,
29774,29774,3037,China Resources Beer (Holdings) Co Ltd,China Resources Beer (Holdings),,,,,,,,,,,,,,,,
29801,29801,22817,Knoll Inc,Knoll,,,,,,,,,,,,,,,,
29805,29805,17763,Global Payments Inc.,Global Payments Inc,,,,,,,,,,,,,,,,
29818,29818,23881,Milk Mantra Dairy,Milk Mantra,,,,,,,,,,,,,,,,
29853,29853,16781,United Energy Group Ltd,United Energy Group,,,,,,,,,,,,,,,,
29861,29861,29345,Zhejiang Longsheng Group Co Ltd,Zhejiang Longsheng Group,,,,,,,,,,,,,,,,
29873,29873,19568,Olink Holding Ab (publ),Olink Holding AB,,,,,,,,,,,,,,,,
29894,29894,16721,Ventas Inc,Ventas,,,,,,,,,,,,,,,,
29902,29902,8534,Hunter Douglas NV,Hunter Douglas N.V.,,,,,,,,,,,,,,,,
29903,29903,3016,Q A CONTRACTORS LIMITED,Q A COATINGS LIMITED,,,,,,,,,,,,,,,,
29913,29913,20160,Vonovia Se,Vonovia SE,,,,,,,,,,,,,,,,
29949,29949,24747,China Communications Services Corporation,China Communications Services Corp Ltd,,,,,,,,,,,,,,,,
29969,29969,4760,Palo Alto Networks Inc,Palo Alto Networks,,,,,,,,,,,,,,,,
29997,29997,16304,First Horizon Corp,First Horizon,,,,,,,,,,,,,,,,
30011,30011,24089,Smithson Investment Trust plc,Smithson Investment Trust,,,,,,,,,,,,,,,,
30019,30019,8259,Tryg A/s,Tryg A/S,,,,,,,,,,,,,,,,
30027,30027,312,Vale Sa,Vale SA,,,,,,,,,,,,,,,,
30040,30040,27549,ResMed Inc.,ResMed Inc,,,,,,,,,,,,,,,,
30044,30044,29016,Outokumpu Oyj,Outokumpu,,,,,,,,,,,,,,,,
30049,30049,4905,Jiangsu Guomao Reducer Co. Ltd,Jiangsu Guomao Reducer,,,,,,,,,,,,,,,,
30050,30050,13475,"AutoZone, Inc.",AutoZone Inc,,,,,,,,,,,,,,,,
30089,30089,4100,"Bestore Co.,Ltd.",Bestore Co Ltd,,,,,,,,,,,,,,,,
30112,30112,19479,Shandong Jinjing Science and Technology Stock Co. Ltd,"Shandong Jinjing Science And Technology Stock Co., Ltd.",,,,,,,,,,,,,,,,
30117,30117,6442,"Iberdrola, SA",Iberdrola SA,,,,,,,,,,,,,,,,
30148,30148,23871,Hybio Pharmaceutical Co. Ltd,Hybio Pharmaceutical,,,,,,,,,,,,,,,,
30157,30157,26560,The Hershey Company,The Hershey Co,,,,,,,,,,,,,,,,
30168,30168,2773,UNIVERSITA' DEGLI STUDI ROMA TRE,UNIVERSITA' DEGLI STUDI DI VERONA,,,,,,,,,,,,,,,,
30176,30176,4820,China Shenhua Energy Company,China Shenhua Energy Co Ltd,,,,,,,,,,,,,,,,
30201,30201,21723,"Acuity Brands, Inc.",Acuity Brands Inc,,,,,,,,,,,,,,,,
30208,30208,8890,Shanghai Shyndec Pharmaceutical Co. Ltd,Shanghai Shyndec Pharmaceutical,,,,,,,,,,,,,,,,
30242,30242,7803,BEAUTY AND BEATS LTD,BEAUTY AND BEAST STUDIOS LTD,,,,,,,,,,,,,,,,
30262,30262,19974,Waste Management Inc,Waste Management,,,,,,,,,,,,,,,,
30264,30264,906,Scholastic Corp,Scholastic Careers,,,,,,,,,,,,,,,,
30275,30275,11412,China Oriental Group Company Limited,China Oriental Group Co Ltd,,,,,,,,,,,,,,,,
30287,30287,22363,Republic Services Inc,Republic Services,,,,,,,,,,,,,,,,
30305,30305,29938,Dollar General Corporation,Dollar General Corp,,,,,,,,,,,,,,,,
30371,30371,14165,Ryder System Inc,Ryder System,,,,,,,,,,,,,,,,
30374,30374,339,Block Inc,Block,,,,,,,,,,,,,,,,
30401,30401,26647,China International Capital Corporation,China International Capital Corp Ltd,,,,,,,,,,,,,,,,
30410,30410,246,Ollie's Bargain Outlet Holdings Inc,Ollie's Bargain Outlet Holdings,,,,,,,,,,,,,,,,
30432,30432,19612,Information Services Group,Information Services Corporation,,,,,,,,,,,,,,,,
30433,30433,20283,PT Bank BTPN Tbk,PT Bank BTPN Syariah Tbk,,,,,,,,,,,,,,,,
30438,30438,16128,Aica Kogyo Company Ltd,Aica Kogyo Company,,,,,,,,,,,,,,,,
30441,30441,28695,Jenoptik AG,Jenoptik,,,,,,,,,,,,,,,,
30443,30443,668,Paramount Bed Holdings Co. Ltd,Paramount Bed Holdings,,,,,,,,,,,,,,,,
30464,30464,21597,Xinyu Iron & Steel Co. Ltd,Xinyu Iron & Steel Co Ltd,,,,,,,,,,,,,,,,
30483,30483,8866,Saha Pathana Inter-holding Public Company,Saha Pathana Inter-Holding Public Company Ltd,,,,,,,,,,,,,,,,
30485,30485,16921,"DexCom, Inc.",DexCom Inc,,,,,,,,,,,,,,,,
30491,30491,8961,Hongfa Technology Co. Ltd,Hongfa Technology,,,,,,,,,,,,,,,,
30502,30502,5591,Koninklijke KPN N.V.,Koninklijke DSM N.V.,,,,,,,,,,,,,,,,
30506,30506,5555,Zendesk Inc,Zendesk,,,,,,,,,,,,,,,,
30515,30515,8136,Zumiez,Zume,,,,,,,,,,,,,,,,
30548,30548,9698,Yum China Holdings Inc,Yum China Holdings,,,,,,,,,,,,,,,,
30554,30554,2899,Jiangsu Yanghe Brewery JSC Ltd,Jiangsu Yanghe Brewery,,,,,,,,,,,,,,,,
30555,30555,2536,Air Products And Chemicals,Air Products & Chemicals,,,,,,,,,,,,,,,,
30568,30568,28230,Guangzhou Development Group Co Ltd,Guangzhou Development Group,,,,,,,,,,,,,,,,
30577,30577,19163,JONES LANG LASALLE SERVICES LIMITED,JONES LANG LASALLE LIMITED,,,,,,,,,,,,,,,,
30583,30583,28759,Macmahon Holdings Ltd,Macmahon Holdings Limited,,,,,,,,,,,,,,,,
30595,30595,13418,Principal Financial Group Inc,Principal Financial Group,,,,,,,,,,,,,,,,
30596,30596,27662,J D Wetherspoon plc,J D Wetherspoon,,,,,,,,,,,,,,,,
30598,30598,19734,Empire Company Limited,Empire Company,,,,,,,,,,,,,,,,
30665,30665,19151,XCMG Construction Machinery Co Ltd,XCMG Construction Machinery,,,,,,,,,,,,,,,,
30673,30673,27826,Tullow Oil Plc,Tullow Oil,,,,,,,,,,,,,,,,
30690,30690,23029,Jiangsu Yangnong Chemical Co. Ltd,Jiangsu Yangnong Chemical,,,,,,,,,,,,,,,,
30697,30697,15706,Canvest Environmental Protection Group Company Ltd,Canvest Environmental Protection Group Company,,,,,,,,,,,,,,,,
30712,30712,30255,Warehouses De Pauw NV,Warehouses De Pauw,,,,,,,,,,,,,,,,
30717,30717,19011,ASSA ABLOY AB,ASSA ABLOY,,,,,,,,,,,,,,,,
30737,30737,8768,Z & B CONSULTANTS LIMITED,Z & A SOLUTIONS LIMITED,,,,,,,,,,,,,,,,
30770,30770,24195,CLIPPER LOGISTICS PLC,CLIPPER LOGISTICS LIMITED,,,,,,,,,,,,,,,,
30781,30781,7096,Alchip Technologies Ltd,Alchip Technologies,,,,,,,,,,,,,,,,
30785,30785,5640,American Water Works Company,American Water Works Co Inc,,,,,,,,,,,,,,,,
30799,30799,12366,Resorttrust Inc,Resorttrust,,,,,,,,,,,,,,,,
30803,30803,5775,ANYWHERE REAL ESTATE INC.,ANYWHERE REAL ESTATE GROUP LLC,,,,,,,,,,,,,,,,
30808,30808,26796,Accent Group Limited,Accent Group,,,,,,,,,,,,,,,,
30814,30814,1742,Burlington Stores Inc,Burlington Stores,,,,,,,,,,,,,,,,
30816,30816,6644,Ivanhoe Mines Ltd.,Ivanhoe Mines,,,,,,,,,,,,,,,,
30822,30822,8322,Avantor Inc,Avantor,,,,,,,,,,,,,,,,
30830,30830,1927,China Vanke Co Ltd,China Vanke,,,,,,,,,,,,,,,,
30838,30838,11019,Fresenius Kabi AG,Fresenius Kabi,,,,,,,,,,,,,,,,
30854,30854,5656,Groupe Partouche SA,Groupe Parot SACA,,,,,,,,,,,,,,,,
30867,30867,12352,Williams-Sonoma,Williams Sonoma Inc,,,,,,,,,,,,,,,,
30872,30872,23525,Merit Medical Systems Inc,Merit Medical Systems,,,,,,,,,,,,,,,,
30885,30885,27383,Cellnex Telecom SA,Cellnex Telecom,,,,,,,,,,,,,,,,
30894,30894,9111,Qatar Insurance Company QSPC,Qatar Insurance Company Q.s.p.c,,,,,,,,,,,,,,,,
30949,30949,22899,Guangdong Hec Technologyholding Co. Ltd,Guangdong Hec Technologyholding,,,,,,,,,,,,,,,,
30958,30958,18723,Seven Group Holdings Limited,Seven Group Holdings,,,,,,,,,,,,,,,,
30972,30972,3335,Nexumstp,NexumStp,,,,,,,,,,,,,,,,
30976,30976,20716,"Kintetsu Group Holdings Co.,Ltd.",Kintetsu Group Holdings Co Ltd,,,,,,,,,,,,,,,,
30977,30977,27587,Nitto Boseki Co. Ltd,Nitto Boseki,,,,,,,,,,,,,,,,
30981,30981,27661,Qinhuangdao Port Co. Ltd,Qinhuangdao Port,,,,,,,,,,,,,,,,
30985,30985,23776,Elastica,ElasticRun,,,,,,,,,,,,,,,,
30994,30994,1274,Randon SA Implementos e Participacoes,Randon S.A. Implementos e Participacoes,,,,,,,,,,,,,,,,
30995,30995,3467,Oxford Instruments plc,Oxford Instruments,,,,,,,,,,,,,,,,
30997,30997,28282,Smart Metering Systems plc,Smart Metering Systems,,,,,,,,,,,,,,,,
31000,31000,4703,Tokyo Electron Ltd,Tokyo Electron Limited,,,,,,,,,,,,,,,,
31001,31001,10130,Topdanmark A/s,Topdanmark A-S,,,,,,,,,,,,,,,,
31010,31010,27574,"Honda Motor Co., Ltd.",Honda Motor Co Ltd,,,,,,,,,,,,,,,,
31045,31045,3577,Guangzhou R&f Properties,Guangzhou R&F Properties Co Ltd,,,,,,,,,,,,,,,,
31051,31051,62,Shandong Buchang Pharmaceuticals Co. Ltd,Shandong Buchang Pharmaceuticals,,,,,,,,,,,,,,,,
31053,31053,8930,Mercantile Investment Trust (the),Mercantile Investment Trust (The) plc,,,,,,,,,,,,,,,,
31056,31056,12272,Hilton Worldwide Holdings Inc.,Hilton Worldwide Holdings Inc,,,,,,,,,,,,,,,,
31057,31057,9569,NEW ADVENTURES VERONA LIMITED,NEW ADVENTURES TRAVEL LIMITED,,,,,,,,,,,,,,,,
31124,31124,3124,GOOD BEHAVIOUR LIMITED,GOOD BEHAVIOUR EDUCATION LIMITED,,,,,,,,,,,,,,,,
31127,31127,7529,Armstrong World Industries Inc,Armstrong World Industries,,,,,,,,,,,,,,,,
31137,31137,23327,"Omega Healthcare Investors, Inc.",Omega Healthcare Investors Inc,,,,,,,,,,,,,,,,
31182,31182,10405,Centrica Plc,Centrica,,,,,,,,,,,,,,,,
31185,31185,19220,Spring Airlines Co. Ltd,Spring Airlines,,,,,,,,,,,,,,,,
31199,31199,9070,"Zoom Video Communications, Inc.",Zoom Video Communications Inc,,,,,,,,,,,,,,,,
31222,31222,30590,Banco Bilbao Vizcaya Argentaria (BBVA),Banco Bilbao Vizcaya Argentaria,,,,,,,,,,,,,,,,
31223,31223,2351,"China Nonferrous Metal Industry's Foreign Engineering And Construction Co.,ltd.",China Non-ferrous Metal Industry’s Foreign Engineering and Construction Co Ltd,,,,,,,,,,,,,,,,
31227,31227,29532,CreditAccess Grameen Ltd,CreditAccess Grameen,,,,,,,,,,,,,,,,
31229,31229,3715,Tele2 AB,Tele2,,,,,,,,,,,,,,,,
31300,31300,24776,Weihai Guangwei Composites Co. Ltd,Weihai Guangwei Composites,,,,,,,,,,,,,,,,
31319,31319,7427,China Banking Corp,China Bank,,,,,,,,,,,,,,,,
31334,31334,25635,Syscom Corporation,Sysco Corporation,,,,,,,,,,,,,,,,
31350,31350,20800,Empire State Realty Trust,Empire State Realty Op,,,,,,,,,,,,,,,,
31376,31376,25542,truu wasserweik,truu Wasserweik,,,,,,,,,,,,,,,,
31380,31380,30073,Golden Agri-resources Ltd,Golden Agri-Resources Ltd,,,,,,,,,,,,,,,,
31390,31390,7646,Richelieu Hardware Ltd.,Richelieu Hardware Ltd,,,,,,,,,,,,,,,,
31402,31402,24434,Krung Thai Bank PCL,Krung Thai Bank,,,,,,,,,,,,,,,,
31411,31411,10043,Rheinmetall AG,Rheinmetall,,,,,,,,,,,,,,,,
31413,31413,30428,Citizen Watch Co Ltd,Citizen Watch,,,,,,,,,,,,,,,,
31419,31419,28019,BAD MOON LTD,BAD MOON CAFÉ LIMITED,,,,,,,,,,,,,,,,
31422,31422,5274,Andhra Paper Ltd,Andhra Paper,,,,,,,,,,,,,,,,
31436,31436,17645,Heidelberger Druckmaschinen AG,Heidelberger Druckmaschinen,,,,,,,,,,,,,,,,
31445,31445,25224,Heidelberg Cement Ag,Heidelberg Cement,,,,,,,,,,,,,,,,
31448,31448,23354,Barloworld Limited,Barloworld Ld,,,,,,,,,,,,,,,,
31457,31457,9002,Summit Industrial Income Reit,Summit Industrial Income REIT,,,,,,,,,,,,,,,,
31493,31493,30451,Hokuetsu Corporation,Hokuetsu Corp,,,,,,,,,,,,,,,,
31512,31512,13263,Credit Saison Co. Ltd,Credit Saison Co Ltd,,,,,,,,,,,,,,,,
31513,31513,17943,"Chart Industries, Inc.",Chart Industries Inc,,,,,,,,,,,,,,,,
31526,31526,7040,Kamigumi Co. Ltd,Kamigumi Co Ltd,,,,,,,,,,,,,,,,
31527,31527,15997,Chewy Inc,Chewy,,,,,,,,,,,,,,,,
31528,31528,24068,Macquarie Group Ltd,Macquarie Group Limited,,,,,,,,,,,,,,,,
31531,31531,15832,Hugo Boss Ag,Hugo Boss AG,,,,,,,,,,,,,,,,
31533,31533,6809,Cielo SA,Cielo,,,,,,,,,,,,,,,,
31555,31555,27103,Founder Securities Co. Ltd,Founder Securities Co Ltd,,,,,,,,,,,,,,,,
31556,31556,8614,Arrow Electronics Emeasa Srl,Arrow Electronics,,,,,,,,,,,,,,,,
31565,31565,13702,"Cedar Fair, L.P.",Cedar Fair,,,,,,,,,,,,,,,,
31573,31573,31314,Westrock Company,Westrock Co,,,,,,,,,,,,,,,,
31593,31593,17947,Acciona SA,Acciona,,,,,,,,,,,,,,,,
31600,31600,19629,BAD LUCK LTD,BAD LUCK GROUP LTD,,,,,,,,,,,,,,,,
31619,31619,28027,Kingsoft Corporation Ltd,Kingsoft Corporation,,,,,,,,,,,,,,,,
31657,31657,4927,Nisshinbo Holdings Inc,Nisshinbo Holdings,,,,,,,,,,,,,,,,
31661,31661,3951,Making Science Group,Making Science,,,,,,,,,,,,,,,,
31662,31662,27155,Uber Technologies Inc,Uber Technologies,,,,,,,,,,,,,,,,
31702,31702,18756,Sumitomo Mitsui Financial Group,Sumitomo Mitsui Financial,,,,,,,,,,,,,,,,
31720,31720,21382,Foresee Pharmaceuticals Co. Ltd,Foresee Pharmaceuticals,,,,,,,,,,,,,,,,
31737,31737,10524,Redde Northgate plc,Redde Northgate Plc,,,,,,,,,,,,,,,,
31752,31752,19939,Lear Corporation,Lear Corp,,,,,,,,,,,,,,,,
31754,31754,4584,"Sumitomo Forestry Co.,",Sumitomo Forestry Co. Ltd,,,,,,,,,,,,,,,,
31768,31768,22281,Duskin Co. Ltd,Duskin Co Ltd,,,,,,,,,,,,,,,,
31771,31771,26038,Swiss Life Holding AG,Swiss Life Holding,,,,,,,,,,,,,,,,
31772,31772,10468,Da.Dif. Consulting,Da.Dif Consulting,,,,,,,,,,,,,,,,
31788,31788,14604,Scandinavian Tobacco Group A-S,Scandinavian Tobacco Group,,,,,,,,,,,,,,,,
31789,31789,793,Metropolitan Bank & Trust Company,Metropolitan Bank & Trust Co,,,,,,,,,,,,,,,,
31794,31794,11787,Sonova Holding Ag,Sonova Holding AG,,,,,,,,,,,,,,,,
31796,31796,5289,Jungheinrich AG,Jungheinrich,,,,,,,,,,,,,,,,
31803,31803,20657,African Rainbow Minerals Ltd,African Rainbow Minerals,,,,,,,,,,,,,,,,
31807,31807,28069,Teck Resources Limited,Teck Resources,,,,,,,,,,,,,,,,
31813,31813,2399,Poste Italiane SpA,Poste Italiane,,,,,,,,,,,,,,,,
31819,31819,25804,Atacadao SA,Atacadao,,,,,,,,,,,,,,,,
31825,31825,25129,Shanghai Construction Group Co Ltd,Shanghai Construction Group,,,,,,,,,,,,,,,,
31844,31844,28404,Hua Nan Financial Holdings,Hua Nan Financial,,,,,,,,,,,,,,,,
31849,31849,30820,Fruugo.Com,Fruugo,,,,,,,,,,,,,,,,
31857,31857,11281,Icahn Enterprises L.P.,Icahn Enterprises,,,,,,,,,,,,,,,,
31898,31898,5196,Hoshizaki Corporation,Hoshizaki Corp,,,,,,,,,,,,,,,,
31905,31905,20541,Bombardier Inc,Bombardier,,,,,,,,,,,,,,,,
31922,31922,17143,Petronas Lubricants Italy Spa,Petronas Lubricants,,,,,,,,,,,,,,,,
31923,31923,10746,Sumitomo Metal Mining Co Ltd,Sumitomo Metal Mining,,,,,,,,,,,,,,,,
31925,31925,4254,Ashiana Housing,Ashiana Homes,,,,,,,,,,,,,,,,
31954,31954,27029,China Communications Construction Company,China Communications Construction Co Ltd,,,,,,,,,,,,,,,,
31969,31969,10818,Bank of Qingdao Co Ltd,Bank of Qingdao,,,,,,,,,,,,,,,,
31971,31971,10771,Tofas Turk Otomobil Fabrikasi AS,Tofas Turk Otomobil Fabrikasi,,,,,,,,,,,,,,,,
31983,31983,6340,BEAUTY BOX AESTHETICS LIMITED,BEAUTY BOX AESTHETICS (CARDIFF) LTD,,,,,,,,,,,,,,,,
31990,31990,3660,Fleetcor Technologies,FleetCor Technologies Inc,,,,,,,,,,,,,,,,
32010,32010,3891,Nortonlifelock,NortonLifeLock's,,,,,,,,,,,,,,,,
32013,32013,6429,Post Holdings Inc,Post Holdings,,,,,,,,,,,,,,,,
32018,32018,25614,"Sacyr, SA",Sacyr SA,,,,,,,,,,,,,,,,
32022,32022,24108,PG&E Corporation,PG&E Corp,,,,,,,,,,,,,,,,
32034,32034,3882,Sinotruk Hong Kong,Sinotruk (hong Kong),,,,,,,,,,,,,,,,
32041,32041,11061,Luk Fook Holdings (international),Luk Fook Holdings (International) Ltd,,,,,,,,,,,,,,,,
32042,32042,21327,Q CLEANING LTD,Q CLEANERS LTD,,,,,,,,,,,,,,,,
32050,32050,20991,Stelco Holdings Inc.,Stelco Holdings,,,,,,,,,,,,,,,,
32056,32056,21718,GOOD CHOICE LTD,GOOD CHOICE JOINERY LTD,,,,,,,,,,,,,,,,
32091,32091,16510,Northrop Grumman Corporation,Northrop Grumman Corp,,,,,,,,,,,,,,,,
32101,32101,12509,Reece Ltd,Reece Limited,,,,,,,,,,,,,,,,
32111,32111,19076,GOOD & PROPER TEA CO LTD,GOOD & PROPER STUDIO LTD,,,,,,,,,,,,,,,,
32116,32116,19595,PT Kalbe Farma Tbk.,PT Kalbe Farma Tbk,,,,,,,,,,,,,,,,
32120,32120,25288,Yamato Kogyo Co. Ltd,Yamato Kogyo Co Ltd,,,,,,,,,,,,,,,,
32126,32126,29248,Regions Financial Corp,Regions Financial,,,,,,,,,,,,,,,,
32138,32138,9088,Urban Logistics Reit,Urban Logistics REIT plc,,,,,,,,,,,,,,,,
32140,32140,8733,ACS Solutions Careers,ACS Solution,,,,,,,,,,,,,,,,
32141,32141,24411,U DRIVE PERFORMANCE LTD,U DRIVE PERFORMANCE GROUP LTD,,,,,,,,,,,,,,,,
32150,32150,31894,Rotork plc,Rotork,,,,,,,,,,,,,,,,
32155,32155,11387,Energisa Mato Grosso - Distribuidora de Energia S/A,Energisa Mato Grosso - Distribuidora De Energia S/a,,,,,,,,,,,,,,,,
32157,32157,20711,BPER Banca S.p.A.,BPER Banca,,,,,,,,,,,,,,,,
32158,32158,17800,Autogrill SpA,Autogrill S.p.A.,,,,,,,,,,,,,,,,
32181,32181,24771,Vcanbio Cell & Gene Engineering Ltd,Vcanbio Cell & Gene Engineering Corp Ltd,,,,,,,,,,,,,,,,
32203,32203,28738,Bank of Chongqing Co Ltd,Bank of Chongqing,,,,,,,,,,,,,,,,
32204,32204,4926,Norsk Hydro ASA,Norsk Hydro,,,,,,,,,,,,,,,,
32216,32216,11797,Bilibili Inc.,Bilibili,,,,,,,,,,,,,,,,
32242,32242,10806,FOOD CITY NC LTD,FOOD CITY LOCAL LTD,,,,,,,,,,,,,,,,
32251,32251,23550,Encore Capital Group Inc,Encore Capital Group,,,,,,,,,,,,,,,,
32255,32255,11235,Dali Foods Group Company,Dali Foods Group Co Ltd,,,,,,,,,,,,,,,,
32309,32309,10415,Taiji Computer Corporation,Taiji Computer Corp Ltd,,,,,,,,,,,,,,,,
32317,32317,1371,Telix Pharmaceuticals Limited,Telix Pharmaceuticals,,,,,,,,,,,,,,,,
32338,32338,7225,Check Point Software Technologies Ltd,Check Point Software Technologies,,,,,,,,,,,,,,,,
32339,32339,30085,China Bohai Bank Co Ltd,China Bohai Bank,,,,,,,,,,,,,,,,
32341,32341,11573,Chr. Hansen Holding AS,Chr. Hansen Holding A/s,,,,,,,,,,,,,,,,
32354,32354,25462,Kellogg Company,Kellogg Co,,,,,,,,,,,,,,,,
32371,32371,1630,Huntsman Corporation,Huntsman Corp,,,,,,,,,,,,,,,,
32375,32375,12562,Home First Finance Company India Limited,Home First Finance Company India,,,,,,,,,,,,,,,,
32384,32384,4250,Carnival Corporation & Plc,Carnival Corporation,,,,,,,,,,,,,,,,
32389,32389,16305,Wing Tai Holdings Ltd,Wing Tai Holdings,,,,,,,,,,,,,,,,
32405,32405,23209,"Chongqing Sanfeng Environment Group Corp., Ltd.",Chongqing Sanfeng Environment Group Corp Ltd,,,,,,,,,,,,,,,,
32415,32415,5377,Just Eat Takeawaycom NV,Just Eat Takeaway.com N.V.,,,,,,,,,,,,,,,,
32430,32430,2119,Brenntag AG,Brenntag,,,,,,,,,,,,,,,,
32444,32444,9695,Yanzhou Coal Mining Company Ltd,Yanzhou Coal Mining Company,,,,,,,,,,,,,,,,
32475,32475,20058,Mercadona SA,Mercadona,,,,,,,,,,,,,,,,
32482,32482,30480,Ferrotec Holdings Corporation,Ferrotec Holdings Corp,,,,,,,,,,,,,,,,
32486,32486,2842,China Travel International Investment Hong Kong Ltd,China Travel International Investment Hong Kong,,,,,,,,,,,,,,,,
32491,32491,19401,Umpqua Holdings Corporation,Umpqua Holdings Corp,,,,,,,,,,,,,,,,
32537,32537,23833,Trimble Inc,Trimble,,,,,,,,,,,,,,,,
32553,32553,9039,Pfizer India,Pfizer Inc,,,,,,,,,,,,,,,,
32561,32561,5232,ALL ABOUT WIPES LTD,ALL ABOUT WINE LIMITED,,,,,,,,,,,,,,,,
32581,32581,23839,Al Rajhi Banking And Investment Corporation,Al Rajhi Banking & Investment Corp,,,,,,,,,,,,,,,,
32584,32584,30275,China Oriental Group Company Ltd,China Oriental Group Company Limited,,,,,,,,,,,,,,,,
32587,32587,13424,The Shizuoka Bank Ltd,The Shiga Bank Ltd,,,,,,,,,,,,,,,,
32604,32604,336,GOOD CALL PROPERTY MAINTENANCE LTD,GOOD CALL PROPERTY LTD,,,,,,,,,,,,,,,,
32628,32628,16524,"Lamb Weston Holdings, Inc.",Lamb Weston Holdings Inc,,,,,,,,,,,,,,,,
32634,32634,7768,Shenzhen Comix Group Co Ltd,Shenzhen Comix Group,,,,,,,,,,,,,,,,
32636,32636,1131,ExcelaCom Technologies,ExcelSoft Technologies,,,,,,,,,,,,,,,,
32641,32641,15904,Mercedes-Benz Group AG,Mercedes-Benz Group,,,,,,,,,,,,,,,,
32651,32651,2129,HCA Healthcare Inc,HCA Healthcare,,,,,,,,,,,,,,,,
32654,32654,32350,Citigroup Inc,Citigroup,,,,,,,,,,,,,,,,
32665,32665,6121,V & A HYDRAULICS LIMITED,V & A HOLDINGS LIMITED,,,,,,,,,,,,,,,,
32666,32666,12759,"Ricoh Company, Ltd.",Ricoh Company,,,,,,,,,,,,,,,,
32672,32672,5352,Advantech Co. Ltd,Advantech Co Ltd,,,,,,,,,,,,,,,,
32682,32682,9487,Marui Group Co Ltd,Marui Group,,,,,,,,,,,,,,,,
32707,32707,3937,Learning Technologies Group plc,Learning Technologies Group,,,,,,,,,,,,,,,,
32722,32722,24741,"Halozyme Therapeutics, Inc.",Halozyme Therapeutics,,,,,,,,,,,,,,,,
32753,32753,3455,ALL ABOUT THE DOLL LIMITED,ALL ABOUT THE DOG LTD,,,,,,,,,,,,,,,,
32759,32759,32005,Amazon.com Inc,Amazon.com,,,,,,,,,,,,,,,,
32769,32769,23595,BEAUTY BELLS LTD,BEAUTY BELLE KENT LTD,,,,,,,,,,,,,,,,
32783,32783,19238,Enerjisa Enerji AS,Enerjisa Enerji A.S.,,,,,,,,,,,,,,,,
32810,32810,10050,"Western Mining Co.,Ltd",Western Mining Co Ltd,,,,,,,,,,,,,,,,
32822,32822,30061,Quanta Computer Inc,Quanta Computer,,,,,,,,,,,,,,,,
32823,32823,15485,"Activia Properties, Inc.",Activia Properties,,,,,,,,,,,,,,,,
32846,32846,12919,Lowe's Companies Inc,Lowe's Companies,,,,,,,,,,,,,,,,
32883,32883,25970,Shanghai Pudong Development Bank Co Ltd,Shanghai Pudong Development Bank,,,,,,,,,,,,,,,,
32898,32898,19903,Tyler Technologies Inc,Tyler Technologies,,,,,,,,,,,,,,,,
32903,32903,13860,Fuyo General Lease Co. Ltd,Fuyo General Lease Co Ltd,,,,,,,,,,,,,,,,
32911,32911,3799,China Taiping Insurance Holdings Company Ltd,China Taiping Insurance Holdings Company,,,,,,,,,,,,,,,,
32931,32931,19262,Hangzhou Silan Microelectronics Co Ltd,Hangzhou Silan Microelectronics,,,,,,,,,,,,,,,,
32934,32934,26740,Fujian Anjoy Foods Co Ltd,Fujian Anjoy Foods,,,,,,,,,,,,,,,,
32951,32951,14235,Garmin Ltd,Garmin,,,,,,,,,,,,,,,,
32995,32995,10121,Temenos Ag,Temenos AG,,,,,,,,,,,,,,,,
32998,32998,24034,"Jenkem Technology Co., Ltd.",Jenkem Technology Co. Ltd,,,,,,,,,,,,,,,,
33010,33010,19896,NextEra Energy Inc,NextEra Energy,,,,,,,,,,,,,,,,
33014,33014,22556,"Albertsons Companies, Inc.",Albertsons Companies Inc,,,,,,,,,,,,,,,,
33018,33018,14168,BEAUTY AT THE BAY LTD,BEAUTY AT THE BARN LTD,,,,,,,,,,,,,,,,
33022,33022,24402,Jaguar Land Rover Italia Spa,Jaguar Land Rover,,,,,,,,,,,,,,,,
33023,33023,17262,Capital One,Capital On Tap,,,,,,,,,,,,,,,,
33039,33039,9658,MARCEGAGLIA STEEL SPA,MARCEGAGLIA SPECIALTIES SPA,,,,,,,,,,,,,,,,
33053,33053,29321,"Sumitomo Mitsui Trust Holdings, Inc.",Sumitomo Mitsui Trust Holdings Inc,,,,,,,,,,,,,,,,
33054,33054,8289,Keurig Dr Pepper Inc.,Keurig Dr Pepper Inc,,,,,,,,,,,,,,,,
33074,33074,30624,Wingtech Technology Co Ltd,Wingtech Technology,,,,,,,,,,,,,,,,
33101,33101,810,Aditya Birla Capital Ltd,Aditya Birla Capital,,,,,,,,,,,,,,,,
33104,33104,4557,Wartsila Corp,Wartsila,,,,,,,,,,,,,,,,
33122,33122,29848,Ferrovie dello Stato Italiane,Ferrovie Dello Stato Italiane Spa,,,,,,,,,,,,,,,,
33128,33128,9938,Sinopharm Group Co. Ltd,Sinopharm Group Co Ltd,,,,,,,,,,,,,,,,
33133,33133,15276,Sogefi Spa,Sogefi S.p.A.,,,,,,,,,,,,,,,,
33135,33135,31001,Topdanmark AS,Topdanmark A/s,,,,,,,,,,,,,,,,
33155,33155,13809,PT Sekar Laut Tbk,PT Sekar Bumi Tbk,,,,,,,,,,,,,,,,
33175,33175,7761,Crown Castle International Corporation,Crown Castle International Corp. (REIT),,,,,,,,,,,,,,,,
33177,33177,6688,Salesforce.com,Salesforce Inc,,,,,,,,,,,,,,,,
33180,33180,27128,Sumitomo Chemical Company,Sumitomo Chemical Co Ltd,,,,,,,,,,,,,,,,
33182,33182,23702,Sichuan Expressway Company Ltd,Sichuan Expressway Company,,,,,,,,,,,,,,,,
33187,33187,21455,Bupa Arabia for Cooperative Insurance Company,Bupa Arabia For Cooperative Insurance Company,,,,,,,,,,,,,,,,
33193,33193,24594,Integrated Diagnostics Holdings plc,Integrated Diagnostics Holdings,,,,,,,,,,,,,,,,
33205,33205,14954,China Fortune Land Development Co. Ltd,China Fortune Land Development Co Ltd,,,,,,,,,,,,,,,,
33212,33212,30014,BEAUTY AND THE YEAST LTD,BEAUTY AND THE THEORY LTD,,,,,,,,,,,,,,,,
33216,33216,26097,Volvo Car Gent,Volvo Car,,,,,,,,,,,,,,,,
33233,33233,1343,BEAUTY AT THE CIRCLE LTD,BEAUTY AT THE CHOP LIMITED,,,,,,,,,,,,,,,,
33237,33237,22871,FOOD & WINE (LONDON) LTD,FOOD & WINE (ISLINGTON) LTD,,,,,,,,,,,,,,,,
33264,33264,15294,Washington H. Soul Pattinson and Company Limited,Washington H. Soul Pattinson And Company,,,,,,,,,,,,,,,,
33268,33268,27870,Intercorp Financial Services Inc,Intercorp Financial Services,,,,,,,,,,,,,,,,
33275,33275,10423,UPM-Kymmene Corp,UPM-Kymmene,,,,,,,,,,,,,,,,
33285,33285,10348,Greencore Group,Greencore,,,,,,,,,,,,,,,,
33290,33290,28513,ALL ABOUT STOVES LTD,ALL ABOUT STONE LTD,,,,,,,,,,,,,,,,
33300,33300,19731,Qingdao Port International Co. Ltd,Qingdao Port International,,,,,,,,,,,,,,,,
33313,33313,8841,Securitas AB,Securitas,,,,,,,,,,,,,,,,
33320,33320,3304,Lions Gate Entertainment Corp,Lions Gate Entertainment,,,,,,,,,,,,,,,,
33322,33322,25378,Vail Resorts Inc,Vail Resorts,,,,,,,,,,,,,,,,
33339,33339,29718,Builders FirstSource Inc,Builders FirstSource,,,,,,,,,,,,,,,,
33340,33340,11454,Bank of Ireland Group Plc,Bank of Ireland,,,,,,,,,,,,,,,,
33364,33364,14171,FOOD DOOD LIMITED,FOOD DOJO LIMITED,,,,,,,,,,,,,,,,
33377,33377,7133,Zimplats Holdings Ltd,Zimplats Holdings Limited,,,,,,,,,,,,,,,,
33385,33385,5347,Carvana Co,Carvana,,,,,,,,,,,,,,,,
33387,33387,29901,Invincible Investment Corporation,Invincible Investment Corp,,,,,,,,,,,,,,,,
33399,33399,8008,Schlumberger Ltd,Schlumberger Limited,,,,,,,,,,,,,,,,
33408,33408,16036,Beijing Vantone Real Estate Co. Ltd,Beijing Vantone Real Estate,,,,,,,,,,,,,,,,
33425,33425,17291,Peabody Energy Corporation,Peabody Energy Corp,,,,,,,,,,,,,,,,
33440,33440,18629,EssilorLuxottica SA,EssilorLuxottica,,,,,,,,,,,,,,,,
33467,33467,28380,Beijing Jingyuntong Technology Co. Ltd,Beijing Jingyuntong Technology,,,,,,,,,,,,,,,,
33505,33505,18403,Eaton Corporation Plc,Eaton Corporation,,,,,,,,,,,,,,,,
33529,33529,7370,"Seibu Holdings, Inc.",Seibu Holdings Inc,,,,,,,,,,,,,,,,
33556,33556,17989,Allied Group Ltd,Allied Group,,,,,,,,,,,,,,,,
33600,33600,24426,Fundo de Investimento Imobiliário - FII Anhanguera Educacional,Fundo de Investimento Imobiliário - FII Ancar IC,,,,,,,,,,,,,,,,
33603,33603,29969,"Palo Alto Networks, Inc.",Palo Alto Networks Inc,,,,,,,,,,,,,,,,
33631,33631,6978,China Aoyuan Group Ltd,China Aoyuan Group,,,,,,,,,,,,,,,,
33644,33644,20009,"Taiwan Business Bank,Ltd.",Taiwan Business Bank Co Ltd,,,,,,,,,,,,,,,,
33658,33658,31848,BEAUTY AVENUE SALON & SPA LTD,BEAUTY AVENUE LTD,,,,,,,,,,,,,,,,
33668,33668,15242,Marathon Petroleum Corp,Marathon Petroleum Careers,,,,,,,,,,,,,,,,
33681,33681,8125,TOD'S SPA,TOD'S S.p.A.,,,,,,,,,,,,,,,,
33692,33692,27556,Sailun Group Co Ltd,Sailun Group,,,,,,,,,,,,,,,,
33720,33720,7364,The Western Union Company,The Western Union Co,,,,,,,,,,,,,,,,
33723,33723,15154,Rajesh Exports Ltd,Rajesh Exports,,,,,,,,,,,,,,,,
33749,33749,2247,Power Finance Corporation,Power Finance Corp Ltd,,,,,,,,,,,,,,,,
33769,33769,27396,Kumulus Vape SA,Kumulus Vape,,,,,,,,,,,,,,,,
33786,33786,31553,Airbnb Inc,Airbnb,,,,,,,,,,,,,,,,
33792,33792,20092,Zalando SE,Zalando,,,,,,,,,,,,,,,,
33797,33797,14872,Bafang Electric (suzhou),Bafang Electric,,,,,,,,,,,,,,,,
33802,33802,28688,Breville Group Limited,Breville Group,,,,,,,,,,,,,,,,
33818,33818,21401,Winbond Electronics Corporation,Winbond Electronics Corp,,,,,,,,,,,,,,,,
33832,33832,13081,Microsoft Corporation,Microsoft Corp,,,,,,,,,,,,,,,,
33836,33836,33024,Ferro Corporation,Ferro Corp,,,,,,,,,,,,,,,,
33845,33845,15119,State Bank of India (SBI),State Bank of India,,,,,,,,,,,,,,,,
33856,33856,14041,Vestel Elektronik Sanayi ve Ticaret Anonim Sirketi,Vestel Elektronik Sanayi Ve Ticaret AS,,,,,,,,,,,,,,,,
33860,33860,1591,Tingyi Cayman Islands Holding Corp,Tingyi (cayman Islands) Holding,,,,,,,,,,,,,,,,
33873,33873,31483,Zhuguang Holdings Group Company Ltd,Zhuguang Holdings Group Company,,,,,,,,,,,,,,,,
33891,33891,23933,Kyowa Exeo Corporation,Kyowa Exeo Corp,,,,,,,,,,,,,,,,
33898,33898,15616,CureVac N.V.,CureVac,,,,,,,,,,,,,,,,
33901,33901,21403,Enterprise Products Partners LP,Enterprise Products Partners L.P.,,,,,,,,,,,,,,,,
33946,33946,14456,Bunge Ltd,Bunge Limited,,,,,,,,,,,,,,,,
33976,33976,21756,"First Financial Bankshares, Inc.",First Financial Bankshares,,,,,,,,,,,,,,,,
33977,33977,10011,Ningxia Baofeng Energy Group Co. Ltd,Ningxia Baofeng Energy Group,,,,,,,,,,,,,,,,
33988,33988,32725,BAD WOLF LTD,BAD WOLF HORIZON LTD,,,,,,,,,,,,,,,,
33993,33993,10305,AutoNation Inc,AutoNation,,,,,,,,,,,,,,,,
33996,33996,5308,British American Tobacco Plc,British American Tobacco Careers,,,,,,,,,,,,,,,,
34002,34002,6247,Agnico Eagle Mines Ltd,Agnico Eagle Mines Limited,,,,,,,,,,,,,,,,
34012,34012,2123,Lululemon Athletica Inc.,Lululemon Athletica Inc,,,,,,,,,,,,,,,,
34015,34015,27107,Sigdo Koppers S.a.,Sigdo Koppers,,,,,,,,,,,,,,,,
34041,34041,23092,Raydium Semiconductor Corporation,Raydium Semiconductor Corp,,,,,,,,,,,,,,,,
34058,34058,7565,United Overseas Bank Ltd,United Overseas Bank,,,,,,,,,,,,,,,,
34062,34062,26355,The a2 Milk Company Ltd,The a2 Milk Company Limited,,,,,,,,,,,,,,,,
34089,34089,25752,Diebold Nixdorf Careers,Diebold Nixdorf,,,,,,,,,,,,,,,,
34097,34097,23364,Cadence Design Systems Inc,Cadence Design Systems Careers,,,,,,,,,,,,,,,,
34134,34134,5125,Samsung Electronics Co Ltd,Samsung Electronics,,,,,,,,,,,,,,,,
34146,34146,9513,Yuexiu Property Co Ltd,Yuexiu Property,,,,,,,,,,,,,,,,
34157,34157,13403,Tremor International Ltd.,Tremor International Ltd,,,,,,,,,,,,,,,,
34158,34158,19256,Vermilion Energy Inc.,Vermilion Energy Inc,,,,,,,,,,,,,,,,
34163,34163,28209,THOMAS INTERNATIONAL UK LIMITED,THOMAS INTERNATIONAL LIMITED,,,,,,,,,,,,,,,,
34168,34168,11693,Takara Holdings Inc,Takara Holdings,,,,,,,,,,,,,,,,
34169,34169,2646,Momentum Metropolitan Holdings Ltd,Momentum Metropolitan Holdings,,,,,,,,,,,,,,,,
34171,34171,8797,Dianomi plc,Dianomi,,,,,,,,,,,,,,,,
34172,34172,992,Chunghwa Precision Test Tech. Co. Ltd,Chunghwa Precision Test Tech,,,,,,,,,,,,,,,,
34182,34182,33906,Tivoly SA,Tivoli A/S,,,,,,,,,,,,,,,,
34184,34184,22566,ISG UK LIMITED,ISG LIMITED,,,,,,,,,,,,,,,,
34189,34189,17584,Delta Air Lines Inc,Delta Air Lines,,,,,,,,,,,,,,,,
34197,34197,22995,Spectris plc,Spectris Plc,,,,,,,,,,,,,,,,
34203,34203,8343,United Rentals Inc,United Rentals,,,,,,,,,,,,,,,,
34204,34204,14828,Bajaj Electronics,Bajaj Electricals,,,,,,,,,,,,,,,,
34210,34210,14867,Melrose Industries PLC,Melrose Industries,,,,,,,,,,,,,,,,
34211,34211,16231,NEW ACTON LIMITED,NEW ACTION LIMITED,,,,,,,,,,,,,,,,
34220,34220,17548,Autobio Diagnostics Co. Ltd,Autobio Diagnostics,,,,,,,,,,,,,,,,
34234,34234,19190,SOFTWARE ENGINE LTD,SOFTWARE EFFICIENCY LTD,,,,,,,,,,,,,,,,
34235,34235,6367,ATS Automation Tooling Systems Inc.,ATS Automation Tooling Systems Inc,,,,,,,,,,,,,,,,
34267,34267,16349,Mayr-melnhof Karton Ag,Mayr-Melnhof Karton AG,,,,,,,,,,,,,,,,
34280,34280,18583,Hangzhou Hikvision Digital Technology Co Ltd,Hangzhou Hikvision Digital Technology,,,,,,,,,,,,,,,,
34289,34289,25443,Tennant Company,Tennant Co,,,,,,,,,,,,,,,,
34297,34297,8497,ALL ABOUT PROMOTIONS LTD,ALL ABOUT PRINT LTD,,,,,,,,,,,,,,,,
34300,34300,3423,EFG International AG,EFG International,,,,,,,,,,,,,,,,
34302,34302,9363,Mitchells & Butlers plc,Mitchells & Butlers,,,,,,,,,,,,,,,,
34303,34303,18265,Phoenix Holdings,Phoenix Group Holdings plc,,,,,,,,,,,,,,,,
34315,34315,26925,"Pescanova, SA",Pescanova,,,,,,,,,,,,,,,,
34326,34326,1853,Investec Bank,Investec,,,,,,,,,,,,,,,,
34332,34332,2579,Etn. Fr. Colruyt Nv,Etn. Fr. Colruyt NV,,,,,,,,,,,,,,,,
34334,34334,1035,Keysight Technologies Careers,Keysight Technologies,,,,,,,,,,,,,,,,
34337,34337,29309,Euronav Nv,Euronav NV,,,,,,,,,,,,,,,,
34346,34346,18111,China Yangtze Power Co. Ltd,China Yangtze Power Co Ltd,,,,,,,,,,,,,,,,
34358,34358,26853,IMPERIAL TOBACCO OVERSEAS LIMITED,IMPERIAL TOBACCO OVERSEAS HOLDINGS (2) LIMITED,,,,,,,,,,,,,,,,
34367,34367,27416,FOOD & DRINK TOURS LTD,FOOD & DRINK STORE LIMITED,,,,,,,,,,,,,,,,
34370,34370,12510,Insulet Corporation,Insulet Corp,,,,,,,,,,,,,,,,
34385,34385,13979,Flat Glass Group Co. Ltd,Flat Glass Group Co Ltd,,,,,,,,,,,,,,,,
34399,34399,6888,Neurocrine Biosciences Inc,Neurocrine Biosciences,,,,,,,,,,,,,,,,
34400,34400,3492,Liuzhou Iron & Steel Co. Ltd,Liuzhou Iron & Steel,,,,,,,,,,,,,,,,
34410,34410,33389,Diageo Plc,Diageo,,,,,,,,,,,,,,,,
34414,34414,6481,"Tokio Marine Holdings, Inc.",Tokio Marine Holdings Inc,,,,,,,,,,,,,,,,
34422,34422,3593,Hazama Ando Corporation,Hazama Ando Corp,,,,,,,,,,,,,,,,
34432,34432,10020,"BNK Financial Group, Inc.",BNK Financial Group Inc,,,,,,,,,,,,,,,,
34442,34442,32258,Hewlett-Packard Enterprise,Hewlett-Packard,,,,,,,,,,,,,,,,
34476,34476,18633,Harmony Gold Mining Company Limited,Harmony Gold Mining Company,,,,,,,,,,,,,,,,
34481,34481,24280,360 Security Technology Inc,360 Security Technology,,,,,,,,,,,,,,,,
34483,34483,22464,Howmet Aerospace Inc.,Howmet Aerospace Inc,,,,,,,,,,,,,,,,
34487,34487,27825,"Corteva, Inc.",Corteva Inc,,,,,,,,,,,,,,,,
34492,34492,6109,BRIDGEPOINT ADVISERS HOLDINGS,BRIDGEPOINT ADVISERS GROUP LIMITED,,,,,,,,,,,,,,,,
34498,34498,30813,"Aecc Aviation Power Co.,Ltd",Aecc Aviation Power,,,,,,,,,,,,,,,,
34518,34518,22661,Par Pacific Holdings Inc,Par Pacific Holdings,,,,,,,,,,,,,,,,
34528,34528,7241,International Game Technology PLC,International Game Technology,,,,,,,,,,,,,,,,
34536,34536,29652,Bradespar SA,Bradespar,,,,,,,,,,,,,,,,
34538,34538,12994,Wens Foodstuff Group Co. Ltd,Wens Foodstuff Group Co Ltd,,,,,,,,,,,,,,,,
34562,34562,20828,"Shandong Dongyue Organosilicon Materials Co., Ltd.",Shandong Dongyue Organosilicon Materials Co. Ltd,,,,,,,,,,,,,,,,
34563,34563,8257,"Fiserv, Inc.",Fiserv Inc,,,,,,,,,,,,,,,,
34573,34573,22096,Cardinal Health Inc,Cardinal Health,,,,,,,,,,,,,,,,
34585,34585,31944,Pegavision Corp,Pegavision,,,,,,,,,,,,,,,,
34596,34596,25870,Formula One Group,Formula Group,,,,,,,,,,,,,,,,
34610,34610,13988,Sify Technologies Limited,Sify Technologies,,,,,,,,,,,,,,,,
34622,34622,30506,"Zendesk, Inc.",Zendesk Inc,,,,,,,,,,,,,,,,
34635,34635,19067,GEA Group AG,GEA Group,,,,,,,,,,,,,,,,
34647,34647,17773,Nihon M&a Center,"Nihon M&A Center, Inc.",,,,,,,,,,,,,,,,
34648,34648,30500,Motorola Solutions Inc,Motorola Solutions,,,,,,,,,,,,,,,,
34655,34655,8784,Hexagon AB,Hexagon,,,,,,,,,,,,,,,,
34659,34659,28032,Stevanato Group S.p.a.,Stevanato Group S.p.A.,,,,,,,,,,,,,,,,
34672,34672,1756,Brack Capital Properties Nv,Brack Capital Properties NV,,,,,,,,,,,,,,,,
34679,34679,25780,Shenzhen Kangtai Biological Products Co. Ltd,Shenzhen Kangtai Biological Products,,,,,,,,,,,,,,,,
34681,34681,30719,Alimentation Couche-Tard Inc.,Alimentation Couche-Tard Inc,,,,,,,,,,,,,,,,
34684,34684,25010,Contact Energy Ltd,Contact Energy Limited,,,,,,,,,,,,,,,,
34686,34686,3692,Hitachi Zosen Corporation,Hitachi Zosen Corp,,,,,,,,,,,,,,,,
34731,34731,5450,Premier Foods plc,Premier Foods,,,,,,,,,,,,,,,,
34732,34732,5580,China Petroleum & Chemical Corporation (sinopec),China Petroleum & Chemical Corporation,,,,,,,,,,,,,,,,
34746,34746,7653,H A CHUNU & CO LIMITED,H A CHEN LIMITED,,,,,,,,,,,,,,,,
34758,34758,23975,China Molybdenum Co Ltd,China Molybdenum,,,,,,,,,,,,,,,,
34766,34766,28558,Geely Automobile Holdings Ltd,Geely Automobile Holdings,,,,,,,,,,,,,,,,
34772,34772,20065,Graco Inc.,Graco Inc,,,,,,,,,,,,,,,,
34778,34778,30669,T A GREEN ROOFING LIMITED,T A GREEN LIMITED,,,,,,,,,,,,,,,,
34795,34795,834,Michelin,Miche,,,,,,,,,,,,,,,,
34798,34798,23410,China National Building Material Company,China National Building Material Co Ltd,,,,,,,,,,,,,,,,
34816,34816,25066,"Keysight Technologies, Inc.",Keysight Technologies Inc,,,,,,,,,,,,,,,,
34825,34825,4616,Hanjin Kal Corp,Hanjin Kal,,,,,,,,,,,,,,,,
34845,34845,31464,Templeton Emerging Markets Investment Trust TEMIT,Templeton Emerging Markets Investment Trust Plc,,,,,,,,,,,,,,,,
34846,34846,26335,Allcargo Logistics Limited,Allcargo Logistics,,,,,,,,,,,,,,,,
34854,34854,18439,Danaher Corp,Danaher,,,,,,,,,,,,,,,,
34858,34858,11807,Ternium Argentina SA,Ternium Argentina,,,,,,,,,,,,,,,,
34860,34860,27056,Ecometrica,Ecomedica,,,,,,,,,,,,,,,,
34862,34862,30098,TE Connectivity Ltd,TE Connectivity,,,,,,,,,,,,,,,,
34865,34865,9941,China Motor Corporation,China Motor Corp,,,,,,,,,,,,,,,,
34874,34874,18535,L3Harris Technologies Inc,L3Harris Technologies,,,,,,,,,,,,,,,,
34880,34880,16507,Peyto Exploration & Development Corp.,Peyto Exploration & Development,,,,,,,,,,,,,,,,
34899,34899,10250,GOOD CLEAN WORDS LTD,GOOD CLEAN LTD,,,,,,,,,,,,,,,,
34902,34902,33505,Eaton Corporation plc,Eaton Corporation Plc,,,,,,,,,,,,,,,,
34917,34917,12717,Dufry Ag,Dufry AG,,,,,,,,,,,,,,,,
34928,34928,32270,Santen Pharmaceutical Co Ltd,Santen Pharmaceutical,,,,,,,,,,,,,,,,
34935,34935,28594,Commercial International Bank -egypt,Commercial International Bank (Egypt) SAE,,,,,,,,,,,,,,,,
34948,34948,32740,Odakyu Electric Railway Co. Ltd,Odakyu Electric Railway Co Ltd,,,,,,,,,,,,,,,,
34954,34954,30502,Koninklijke KPN NV,Koninklijke KPN N.V.,,,,,,,,,,,,,,,,
34964,34964,32233,Life Insurance Corporation of India,Life Insurance Corporation Of India,,,,,,,,,,,,,,,,
34994,34994,27801,Seagate Technology Holdings PLC,Seagate Technology,,,,,,,,,,,,,,,,
34996,34996,7041,Aerospace Industrial Development Corporation,Aerospace Industrial Development Corp,,,,,,,,,,,,,,,,
35014,35014,1872,Z & S (PORTSLADE) LTD,Z & S (POETS) LTD,,,,,,,,,,,,,,,,
35029,35029,22412,Quebecor Inc.,Quebecor Inc,,,,,,,,,,,,,,,,
35033,35033,33824,Mazda Motor Corp,Mazda Motor,,,,,,,,,,,,,,,,
35050,35050,2042,Grupo Elektra SAB DE CV,Grupo Elektra,,,,,,,,,,,,,,,,
35053,35053,2482,"Mercari, Inc.",Mercari Inc,,,,,,,,,,,,,,,,
35078,35078,21798,"Live Nation Entertainment, Inc.",Live Nation Entertainment Inc,,,,,,,,,,,,,,,,
35081,35081,5948,Shaanxi Coal Industry Company,Shaanxi Coal Industry Co Ltd,,,,,,,,,,,,,,,,
35085,35085,27186,Bper Banca Spa,Bper Banca,,,,,,,,,,,,,,,,
35100,35100,34374,Occidental Petroleum Corporation,Occidental Petroleum Corp,,,,,,,,,,,,,,,,
35124,35124,310,Shufersal Ltd,Shufersal,,,,,,,,,,,,,,,,
35134,35134,27626,Brown-Forman Corporation,Brown-Forman Corp,,,,,,,,,,,,,,,,
35142,35142,1087,SOFTWARE DESIGN PLUS LTD,SOFTWARE DESIGN LTD,,,,,,,,,,,,,,,,
35155,35155,1665,Solus Advanced Materials Co. Ltd,Solus Advanced Materials,,,,,,,,,,,,,,,,
35162,35162,15541,FOOD AND BEVERAGE NETWORK LTD,FOOD AND BEVERAGE MARKETING LTD,,,,,,,,,,,,,,,,
35170,35170,11138,Comarch SA,Comarch,,,,,,,,,,,,,,,,
35176,35176,20287,Britvic Plc,Britvic,,,,,,,,,,,,,,,,
35187,35187,26484,GN Store Nord AS,GN Store Nord A-S,,,,,,,,,,,,,,,,
35193,35193,8668,Yageo Corporation,Yageo Corp,,,,,,,,,,,,,,,,
35220,35220,13396,Gansu Shangfeng Cement Co Ltd,Gansu Shangfeng Cement,,,,,,,,,,,,,,,,
35240,35240,10393,Hithink Royalflush Information Network,Hithink RoyalFlush Information Network Co. Ltd,,,,,,,,,,,,,,,,
35276,35276,10778,Penske Automotive Group,Penske Automotive,,,,,,,,,,,,,,,,
35284,35284,27025,GOOD BARE LTD,GOOD BARBERS LTD,,,,,,,,,,,,,,,,
35295,35295,23426,Cembra Money Bank Ag,Cembra Money Bank AG,,,,,,,,,,,,,,,,
35308,35308,14605,Micro-Star International Co. Ltd,Micro-Star International Co Ltd,,,,,,,,,,,,,,,,
35311,35311,5863,Seagen Inc.,Seagen Inc,,,,,,,,,,,,,,,,
35315,35315,3608,Siemens Gamesa Renewable Energy SA,Siemens Gamesa Renewable Energy,,,,,,,,,,,,,,,,
35316,35316,31967,"Essential Utilities, Inc.",Essential Utilities Inc,,,,,,,,,,,,,,,,
35319,35319,168,Wheaton Precious Metals Corp.,Wheaton Precious Metals Corp,,,,,,,,,,,,,,,,
35329,35329,17461,Bank Leumi le-Israel BM,Bank Leumi le- Israel B.M.,,,,,,,,,,,,,,,,
35344,35344,11709,"Sichuan Swellfun Co.,Ltd",Sichuan Swellfun,,,,,,,,,,,,,,,,
35351,35351,3885,P & A MEDICAL LIMITED,P & A MCGUIGAN LIMITED,,,,,,,,,,,,,,,,
35360,35360,8757,GAIL India,GAIL (India) Ltd,,,,,,,,,,,,,,,,
35377,35377,27171,Hotel Shilla Co Ltd,Hotel Shilla,,,,,,,,,,,,,,,,
35385,35385,19599,Renaissance Oil,Renaissance Hotels,,,,,,,,,,,,,,,,
35398,35398,32386,V & M TRANS LTD,V & M TEES LTD,,,,,,,,,,,,,,,,
35399,35399,14455,Akzo Nobel NV,Akzo Nobel N.V.,,,,,,,,,,,,,,,,
35449,35449,28158,Miura Co. Ltd,Miura Co Ltd,,,,,,,,,,,,,,,,
35458,35458,10735,Centuria Industrial Reit,Centuria Industrial REIT,,,,,,,,,,,,,,,,
35462,35462,34013,Canadian Imperial Bank of Commerce,Canadian Imperial Bank Of Commerce,,,,,,,,,,,,,,,,
35468,35468,6944,Feiniko,Fein,,,,,,,,,,,,,,,,
35490,35490,30951,Sinclair Broadcast Group Inc,Sinclair Broadcast Group,,,,,,,,,,,,,,,,
35497,35497,25557,Four Seasons Hotel,Four Seasons,,,,,,,,,,,,,,,,
35527,35527,4270,Hangzhou Tigermed Consulting Co. Ltd,Hangzhou Tigermed Consulting,,,,,,,,,,,,,,,,
35534,35534,9673,China Nonferrous Mining Corporation Limited,China Nonferrous Mining Corp Ltd,,,,,,,,,,,,,,,,
35537,35537,29157,"The Chugoku Electric Power Co., Inc.",The Chugoku Electric Power Co Inc,,,,,,,,,,,,,,,,
35551,35551,9442,Takeuchi Mfg. Co. Ltd,Takeuchi Mfg. Co Ltd,,,,,,,,,,,,,,,,
35563,35563,548,Hyundai Motor Company,Hyundai Motor Co,,,,,,,,,,,,,,,,
35567,35567,21411,"Becle, S.A.B. de C.V.",Becle SAB de CV,,,,,,,,,,,,,,,,
35569,35569,8255,Beijing Hotgen Biotech Co. Ltd,Beijing Hotgen Biotech,,,,,,,,,,,,,,,,
35606,35606,33990,Schindler Holding AG,Schindler Holding,,,,,,,,,,,,,,,,
35613,35613,9136,ALL ABOUT AUDREY LIMITED,ALL ABOUT AUDIO LIMITED,,,,,,,,,,,,,,,,
35636,35636,9788,ALL ABOUT GIRLS LTD,ALL ABOUT GIFTS LIMITED,,,,,,,,,,,,,,,,
35660,35660,34303,Phoenix Holdings Ltd,Phoenix Holdings,,,,,,,,,,,,,,,,
35688,35688,26216,Grainger plc,Grainger,,,,,,,,,,,,,,,,
35689,35689,2305,Franklin Electric Co Inc,Franklin Electric,,,,,,,,,,,,,,,,
35693,35693,1851,Shanghai M&g Stationery,"Shanghai M&G Stationery, Inc.",,,,,,,,,,,,,,,,
35711,35711,26677,Belden Inc,Belden,,,,,,,,,,,,,,,,
35717,35717,35420,"Sarepta Therapeutics, Inc.",Sarepta Therapeutics,,,,,,,,,,,,,,,,
35729,35729,31579,P A JONES LIMITED,P A JOLLY LIMITED,,,,,,,,,,,,,,,,
35767,35767,15948,Mason Advisory*,Mason Advisory,,,,,,,,,,,,,,,,
35790,35790,3604,Insurance Australia Group Limited,Insurance Australia Group,,,,,,,,,,,,,,,,
35797,35797,24470,FOOD AT 52 LIMITED,FOOD AT 126 LTD,,,,,,,,,,,,,,,,
35800,35800,22389,ING Bank Śląski,ING Bank Slaski SA,,,,,,,,,,,,,,,,
35811,35811,25014,"Xinhu Zhongbao Co.,Ltd.",Xinhu Zhongbao,,,,,,,,,,,,,,,,
35817,35817,24715,Japan Lifeline Co. Ltd,Japan Lifeline,,,,,,,,,,,,,,,,
35821,35821,32104,Yunnan Yuntianhua Co Ltd,Yunnan Yuntianhua,,,,,,,,,,,,,,,,
35834,35834,29741,Erste Group Bank Ag,Erste Group Bank AG,,,,,,,,,,,,,,,,
35837,35837,19671,Filo Mining Corp,Filo Mining,,,,,,,,,,,,,,,,
35839,35839,1186,Graco,Gracenote,,,,,,,,,,,,,,,,
35857,35857,18206,Mediamint,Mediamath,,,,,,,,,,,,,,,,
35911,35911,34591,Metall Zug Ag,Metall Zug AG,,,,,,,,,,,,,,,,
35912,35912,7180,Fertilisers and Chemicals Travancore,Fertilisers And Chemicals Travancore,,,,,,,,,,,,,,,,
35921,35921,14150,Nippon Paint Holdings Co Ltd,Nippon Paint Holdings,,,,,,,,,,,,,,,,
35931,35931,26168,"Marvell Technology, Inc.",Marvell Technology Inc,,,,,,,,,,,,,,,,
35933,35933,10503,Hellenic Seaways,Hellenic Seaplanes,,,,,,,,,,,,,,,,
35938,35938,20739,Irkut Corporation,Irkut Corp,,,,,,,,,,,,,,,,
35955,35955,21647,Barry Callebaut AG,Barry Callebaut,,,,,,,,,,,,,,,,
35960,35960,33480,Hubei Jumpcan Pharmaceutical Co. Ltd,Hubei Jumpcan Pharmaceutical,,,,,,,,,,,,,,,,
35982,35982,14531,Inphi Corporation,Inpex Corporation,,,,,,,,,,,,,,,,
35993,35993,35642,Full Truck Alliance Co. Ltd.,Full Truck Alliance,,,,,,,,,,,,,,,,
36018,36018,16145,Terumo Corporation,Terumo Corp,,,,,,,,,,,,,,,,
36021,36021,31046,Eniro AB,Eniro,,,,,,,,,,,,,,,,
36023,36023,10086,Budweiser Brewing Company Apac,Budweiser Brewing Company APAC Ltd,,,,,,,,,,,,,,,,
36033,36033,29064,Localiza Rent a Car SA,Localiza Rent A Car SA,,,,,,,,,,,,,,,,
36071,36071,21179,Virbac Sa,Virbac SA,,,,,,,,,,,,,,,,
36080,36080,5936,Weyerhaeuser Co,Weyerhaeuser,,,,,,,,,,,,,,,,
36086,36086,33862,Klabin SA,Klabin,,,,,,,,,,,,,,,,
36105,36105,34382,China Meheco Group Co Ltd,China Meheco Group,,,,,,,,,,,,,,,,
36135,36135,29135,Docker,Dock,,,,,,,,,,,,,,,,
36142,36142,15020,"Gansu Jiu Steel Group Hongxing Iron & Steel Co.,ltd.","Gansu Jiu Steel Group Hongxing Iron & Steel Co.,Ltd.",,,,,,,,,,,,,,,,
36145,36145,14621,Bright Horizons Family Solutions Inc,Bright Horizons Family Solutions,,,,,,,,,,,,,,,,
36150,36150,14441,Rorze Corporation,Rorze Corp,,,,,,,,,,,,,,,,
36197,36197,31972,Ta Chen Stainless Pipe Co Ltd,Ta Chen Stainless Pipe,,,,,,,,,,,,,,,,
36211,36211,11958,"Colowide Co.,Ltd.",Colowide Co Ltd,,,,,,,,,,,,,,,,
36218,36218,3398,The Boeing Company,The Boeing Co,,,,,,,,,,,,,,,,
36243,36243,29757,Kusuri No Aoki Holdings Co. Ltd,Kusuri No Aoki Holdings,,,,,,,,,,,,,,,,
36245,36245,5101,China Airlines Ltd,China Airlines,,,,,,,,,,,,,,,,
36247,36247,31267,Raymond James Financial Inc,Raymond James Financial,,,,,,,,,,,,,,,,
36253,36253,34973,Calliditas Therapeutics AB (publ),Calliditas Therapeutics AB,,,,,,,,,,,,,,,,
36265,36265,3293,Marcus & Millichap Inc,Marcus & Millichap,,,,,,,,,,,,,,,,
36269,36269,3062,AvalonBay Communities Inc,AvalonBay Communities,,,,,,,,,,,,,,,,
36274,36274,1478,Cinda Real Estate Co. Ltd,Cinda Real Estate,,,,,,,,,,,,,,,,
36284,36284,15023,ACI Worldwide Inc,ACI Worldwide,,,,,,,,,,,,,,,,
36294,36294,11944,Changsha Jingjia Microelectronics Co. Ltd,Changsha Jingjia Microelectronics,,,,,,,,,,,,,,,,
36335,36335,32041,Luk Fook Holdings International Ltd,Luk Fook Holdings (international),,,,,,,,,,,,,,,,
36336,36336,29433,Nayax Ltd.,Nayax Ltd,,,,,,,,,,,,,,,,
36343,36343,33568,"Ningbo Jintian Copper(group) Co., Ltd.",Ningbo Jintian Copper,,,,,,,,,,,,,,,,
36344,36344,14801,Meitec Corporation,Meitec Corp,,,,,,,,,,,,,,,,
36349,36349,26787,Immutable,Immuta,,,,,,,,,,,,,,,,
36350,36350,20466,SOFTWARE TECH SERVICES LIMITED,SOFTWARE TECH LTD,,,,,,,,,,,,,,,,
36354,36354,31631,Cineworld Group plc,Cineworld Group Plc,,,,,,,,,,,,,,,,
36356,36356,34273,"Wuxi Paike New Materials Technology Co.,ltd.","Wuxi Paike New Materials Technology Co.,Ltd.",,,,,,,,,,,,,,,,
36358,36358,28726,"Mitsubishi UFJ Financial Group, Inc.",Mitsubishi UFJ Financial Group Inc,,,,,,,,,,,,,,,,
36367,36367,228,Tractor Supply Co,Tractor Supply,,,,,,,,,,,,,,,,
36376,36376,5781,Dassault Aviation SA,Dassault Aviation,,,,,,,,,,,,,,,,
36406,36406,10787,Vtech Holdings Ltd,Vtech Holdings,,,,,,,,,,,,,,,,
36407,36407,35940,Sistemas Informáticos de Negocio (SIDN),Sistemas Informáticos de Negocio,,,,,,,,,,,,,,,,
36417,36417,24788,Migros Ticaret AS,Migros Ticaret A.S.,,,,,,,,,,,,,,,,
36427,36427,16886,R A BUILDING SERVICES LIMITED,R A BUILDING SERVICES 2020 LTD,,,,,,,,,,,,,,,,
36444,36444,17014,V & J PROPERTY LTD,V & J PROPERTIES LIMITED,,,,,,,,,,,,,,,,
36445,36445,9314,GOOD CHOICE ZR LTD,GOOD CHOICE TRADING LTD,,,,,,,,,,,,,,,,
36447,36447,19707,Nippon Shokubai Co Ltd,Nippon Shokubai,,,,,,,,,,,,,,,,
36455,36455,26075,Wayfair Inc,Wayfair,,,,,,,,,,,,,,,,
36459,36459,33327,Fidelity Special Values plc,Fidelity Special Values,,,,,,,,,,,,,,,,
36469,36469,12642,Pacific Basin Shipping Ltd,Pacific Basin Shipping,,,,,,,,,,,,,,,,
36470,36470,8262,Veolia Environnement SA,Veolia Environnement,,,,,,,,,,,,,,,,
36471,36471,25550,Cyprus College of Art,Cyprus College,,,,,,,,,,,,,,,,
36472,36472,29933,Canadian Solar Inc,Canadian Solar,,,,,,,,,,,,,,,,
36493,36493,1938,Falck Renewables S.p.A.,Falck Renewables,,,,,,,,,,,,,,,,
36498,36498,12500,Hua Xia Bank Co. Ltd,Hua Xia Bank Co Ltd,,,,,,,,,,,,,,,,
36508,36508,10256,Essent Group Ltd,Essent Group,,,,,,,,,,,,,,,,
36512,36512,29042,Marimekko Oyj,Marimekko,,,,,,,,,,,,,,,,
36519,36519,27746,Koç Holding A.S.,Koç Holding,,,,,,,,,,,,,,,,
36530,36530,17727,Mango Excellent Media Co. Ltd,Mango Excellent Media,,,,,,,,,,,,,,,,
36547,36547,24306,Ezaki Glico Co Ltd,Ezaki Glico,,,,,,,,,,,,,,,,
36549,36549,28252,King Yuan Electronics Co. Ltd,King Yuan Electronics Co Ltd,,,,,,,,,,,,,,,,
36564,36564,25987,SOFTWARE CENTER BLACK LIMITED,SOFTWARE CELLULAR NETWORK LIMITED,,,,,,,,,,,,,,,,
36573,36573,9313,"Franklin Resources, Inc.",Franklin Resources Inc,,,,,,,,,,,,,,,,
36577,36577,30592,Daqin Railway Co. Ltd,Daqin Railway,,,,,,,,,,,,,,,,
36584,36584,32698,Singer Thailand Public Company Ltd,Singer Thailand Public Company,,,,,,,,,,,,,,,,
36588,36588,32166,"Yum! Brands, Inc.",Yum! Brands,,,,,,,,,,,,,,,,
36606,36606,11597,Swire Properties Ltd,Swire Properties,,,,,,,,,,,,,,,,
36614,36614,18965,Entain Plc,Entain PLC,,,,,,,,,,,,,,,,
36631,36631,32957,Nojima Corporation,Nojima Corp,,,,,,,,,,,,,,,,
36646,36646,35261,Blue Square Real Estate Ltd,Blue Square Real Estate,,,,,,,,,,,,,,,,
36649,36649,11275,Longchen Paper & Packaging Co. Ltd,Longchen Paper & Packaging Co Ltd,,,,,,,,,,,,,,,,
36660,36660,18326,Nexans SA,Nexans S.a.,,,,,,,,,,,,,,,,
36662,36662,19782,Indian Railway Finance Corporation Limited,Indian Railway Finance Corp Ltd,,,,,,,,,,,,,,,,
36673,36673,416,Techtronic Industries Co Ltd,Techtronic Industries,,,,,,,,,,,,,,,,
36679,36679,16939,BEAUTY & MELODY KNIGHTSBRIDGE LIMITED,BEAUTY & MELODY KENSINGTON LIMITED,,,,,,,,,,,,,,,,
36689,36689,5247,Puma SE,Puma,,,,,,,,,,,,,,,,
36700,36700,15137,Sumitomo Osaka Cement Co Ltd,Sumitomo Osaka Cement,,,,,,,,,,,,,,,,
36709,36709,9478,Muthoot Capital Services Ltd,Muthoot Capital Services,,,,,,,,,,,,,,,,
36733,36733,13120,"Roku, Inc.",Roku Inc,,,,,,,,,,,,,,,,
36737,36737,31470,Tabcorp Holdings Ltd,Tabcorp Holdings Limited,,,,,,,,,,,,,,,,
36738,36738,11966,Weller Media Agency (WMA),Weller Media Agency,,,,,,,,,,,,,,,,
36744,36744,24222,Plan B Media Public Company Ltd,Plan B Media Public Company,,,,,,,,,,,,,,,,
36748,36748,32095,Kaneka Corporation,Kaneka Corp,,,,,,,,,,,,,,,,
36752,36752,16575,Terna SpA,Terna S.p.a.,,,,,,,,,,,,,,,,
36753,36753,20219,ASOS plc,ASOS Plc,,,,,,,,,,,,,,,,
36763,36763,35494,B2Gold Corp.,B2Gold Corp,,,,,,,,,,,,,,,,
36775,36775,19191,Nissin Electric Co Ltd,Nissin Electric,,,,,,,,,,,,,,,,
36781,36781,1587,Schaeffler Ag,Schaeffler AG,,,,,,,,,,,,,,,,
36795,36795,33373,Coloplast A/S,Coloplast,,,,,,,,,,,,,,,,
36805,36805,36674,Perrigo Company plc,Perrigo Company,,,,,,,,,,,,,,,,
36822,36822,34506,8VI Holdings Limited,8I Holdings Limited,,,,,,,,,,,,,,,,
36826,36826,2980,Sichuan Kelun Pharmaceutical Co Ltd,Sichuan Kelun Pharmaceutical,,,,,,,,,,,,,,,,
36831,36831,30548,"Yum China Holdings, Inc.",Yum China Holdings Inc,,,,,,,,,,,,,,,,
36841,36841,9710,The New India Assurance Co.,The New India Assurance Co Ltd,,,,,,,,,,,,,,,,
36845,36845,21599,ICICI Bank Limited,ICICI Bank,,,,,,,,,,,,,,,,
36851,36851,36180,Petro Rio,Petro Rabigh,,,,,,,,,,,,,,,,
36853,36853,21453,"Red Rock Resorts, Inc.",Red Rock Resorts,,,,,,,,,,,,,,,,
36872,36872,15058,Genesis Energy Limited,Genesis Energy LP,,,,,,,,,,,,,,,,
36877,36877,30366,"Aedas Homes, SA",Aedas Homes,,,,,,,,,,,,,,,,
36886,36886,29715,"Expeditors International of Washington, Inc.",Expeditors International of Washington Inc,,,,,,,,,,,,,,,,
36899,36899,8352,"Relo Group, Inc.",Relo Group Inc,,,,,,,,,,,,,,,,
36909,36909,20394,Komerční banka Bratislava,Komerční banka,,,,,,,,,,,,,,,,
36930,36930,6696,Swedish Orphan Biovitrum Ab (publ),Swedish Orphan Biovitrum AB,,,,,,,,,,,,,,,,
36953,36953,10163,Innolux Corp,Innolux,,,,,,,,,,,,,,,,
36961,36961,35407,Bio-Rad Laboratories Inc,Bio-Rad Laboratories,,,,,,,,,,,,,,,,
37009,37009,32770,HEICO Corporation,HEICO Corp,,,,,,,,,,,,,,,,
37014,37014,29045,Wonders Information Co. Ltd,Wonders Information,,,,,,,,,,,,,,,,
37031,37031,35704,T A CONSULTANCY LIMITED,T A CONSULTANCIES LTD,,,,,,,,,,,,,,,,
37034,37034,30696,Indorama Ventures PCL,Indorama Ventures,,,,,,,,,,,,,,,,
37038,37038,2093,Carrefour SA,Carrefour,,,,,,,,,,,,,,,,
37039,37039,14319,Element Fleet Management Corp,Element Fleet Management,,,,,,,,,,,,,,,,
37040,37040,32287,Azrieli Group Ltd,Azrieli Group,,,,,,,,,,,,,,,,
37041,37041,14057,"CF Industries Holdings, Inc.",CF Industries Holdings Inc,,,,,,,,,,,,,,,,
37042,37042,9445,"National Silicon Industry Group Co., Ltd.",National Silicon Industry Group Co. Ltd,,,,,,,,,,,,,,,,
37045,37045,22922,New Fortress Energy Llc,New Fortress Energy Inc.,,,,,,,,,,,,,,,,
37046,37046,2336,Ovintiv Inc.,Ovintiv Inc,,,,,,,,,,,,,,,,
37063,37063,33940,Minmetals Capital Company Ltd,Minmetals Capital Company,,,,,,,,,,,,,,,,
37073,37073,13040,Basler AG,Basler,,,,,,,,,,,,,,,,
37080,37080,16030,Jizhong Energy Resources Co Ltd,Jizhong Energy Resources,,,,,,,,,,,,,,,,
37099,37099,12447,Fangda Carbon New Material Technology Co. Ltd,Fangda Carbon New Material Technology,,,,,,,,,,,,,,,,
37127,37127,22937,Techtronic Industries Company Ltd,Techtronic Industries Company,,,,,,,,,,,,,,,,
37128,37128,30673,Tullow Oil plc,Tullow Oil Plc,,,,,,,,,,,,,,,,
37132,37132,36334,"Ship Healthcare Holdings, Inc.",Ship Healthcare Holdings,,,,,,,,,,,,,,,,
37138,37138,30083,Mega Lifesciences Public Company Ltd,Mega Lifesciences Public Company,,,,,,,,,,,,,,,,
37147,37147,33599,F-Secure Oyj,F-Secure,,,,,,,,,,,,,,,,
37148,37148,26,Parkland Corporation,Parkland Corp,,,,,,,,,,,,,,,,
37151,37151,7586,"Caitong Securities Co.,Ltd.",Caitong Securities,,,,,,,,,,,,,,,,
37161,37161,7816,Adient plc,Adient Plc,,,,,,,,,,,,,,,,
37167,37167,9638,Skylark Holdings Co. Ltd,Skylark Holdings Co Ltd,,,,,,,,,,,,,,,,
37198,37198,35636,ALL ABOUT GLASS LTD,ALL ABOUT GIRLS LTD,,,,,,,,,,,,,,,,
37211,37211,27146,Pressance Corporation,Pressance Corp,,,,,,,,,,,,,,,,
37213,37213,12748,Hyundai Heavy Industries Holdings,Hyundai Heavy Industries,,,,,,,,,,,,,,,,
37236,37236,33685,Xi'an Shaangu Power Co. Ltd,Xi'an Shaangu Power,,,,,,,,,,,,,,,,
37237,37237,1364,"Grupo Posadas, S.A.B. de C.V.","Grupo Pochteca, S.A.B. de C.V.",,,,,,,,,,,,,,,,
37243,37243,383,NEW ADDITION WINDOWS LIMITED,NEW ADDITION WINDOWS (TIMBER) LTD,,,,,,,,,,,,,,,,
37273,37273,3275,HEATHROW AIRPORT LIMITED,HEATHROW AIRPORT HOLDINGS LIMITED,,,,,,,,,,,,,,,,
37284,37284,13392,Alibaba Health Information Technology Ltd,Alibaba Health Information Technology,,,,,,,,,,,,,,,,
37291,37291,21316,Zhejiang Medicine Co. Ltd,Zhejiang Medicine Co Ltd,,,,,,,,,,,,,,,,
37293,37293,19015,Empresas Copec,Empresas Cmpc,,,,,,,,,,,,,,,,
37299,37299,18121,Shanghai Oriental Pearl Group Co. Ltd,Shanghai Oriental Pearl Group,,,,,,,,,,,,,,,,
37314,37314,6412,Nitori Holdings Co. Ltd,Nitori Holdings Co Ltd,,,,,,,,,,,,,,,,
37319,37319,30511,R A K CONSTRUCTION (SOUTH WEST) LTD,R A K CONSTRUCTION (COTSWOLDS) LTD,,,,,,,,,,,,,,,,
37324,37324,35798,Koza Altin Isletmeleri A.S.,Koza Altin Isletmeleri,,,,,,,,,,,,,,,,
37326,37326,28094,"RingCentral, Inc.",RingCentral Inc,,,,,,,,,,,,,,,,
37328,37328,29489,BXR Industrieservice,BXR IndustrieService,,,,,,,,,,,,,,,,
37336,37336,34417,Pan American Silver Corp.,Pan American Silver Corp,,,,,,,,,,,,,,,,
37350,37350,7221,Baillie Gifford US Growth Trust plc,Baillie Gifford UK Growth,,,,,,,,,,,,,,,,
37354,37354,32158,Autogrill Spa,Autogrill SpA,,,,,,,,,,,,,,,,
37358,37358,36272,Tower Semiconductor Ltd,Tower Semiconductor,,,,,,,,,,,,,,,,
37367,37367,22885,Ultrapar Participações SA,Ultrapar Participacoes SA,,,,,,,,,,,,,,,,
37375,37375,33962,Shikoku Electric Power Company,Shikoku Electric Power Co Inc,,,,,,,,,,,,,,,,
37385,37385,15924,China Resources Double-crane Pharmaceutical,"China Resources Double-Crane Pharmaceutical Co.,Ltd.",,,,,,,,,,,,,,,,
37386,37386,23811,GOOD BURGER LTD,GOOD BURGER LIMITED,,,,,,,,,,,,,,,,
37391,37391,9830,Macronix International Co. Ltd,Macronix International Co Ltd,,,,,,,,,,,,,,,,
37399,37399,27698,The Middleby Corporation,The Middleby Corp,,,,,,,,,,,,,,,,
37406,37406,31788,Scandinavian Tobacco Group A/S,Scandinavian Tobacco Group A-S,,,,,,,,,,,,,,,,
37427,37427,1912,Bank of Nanjing Co. Ltd,Bank of Nanjing Co Ltd,,,,,,,,,,,,,,,,
37429,37429,27126,Sankyu Inc,Sankyu,,,,,,,,,,,,,,,,
37435,37435,16302,Chongqing Zhifei Biological Products Co. Ltd,Chongqing Zhifei Biological Products Co Ltd,,,,,,,,,,,,,,,,
37437,37437,16632,HP Inc.,HP Inc,,,,,,,,,,,,,,,,
37438,37438,1825,Allianz Services,Allianz Se,,,,,,,,,,,,,,,,
37446,37446,1787,H & A PROPERTY VENTURES LIMITED,H & A PROPERTY SERVICES LTD,,,,,,,,,,,,,,,,
37466,37466,32753,ALL ABOUT THE DOOR LIMITED,ALL ABOUT THE DOLL LIMITED,,,,,,,,,,,,,,,,
37485,37485,4517,Gold Circuit Electronics Ltd,Gold Circuit Electronics,,,,,,,,,,,,,,,,
37506,37506,3077,Detsky Mir PJSC,Detsky Mir,,,,,,,,,,,,,,,,
37517,37517,24575,GOOD ANCESTOR MOVEMENT LIMITED,GOOD ANCESTOR LIMITED,,,,,,,,,,,,,,,,
37536,37536,33842,Yamana Gold Inc,Yamana Gold,,,,,,,,,,,,,,,,
37539,37539,409,World Fuel Services Corporation,World Fuel Services Corp,,,,,,,,,,,,,,,,
37540,37540,24064,Apollo Tyres Ltd,Apollo Tyres,,,,,,,,,,,,,,,,
37542,37542,16422,Ingredion Incorporated,Ingredion Inc,,,,,,,,,,,,,,,,
37557,37557,25371,Bank Hapoalim BM,Bank Hapoalim,,,,,,,,,,,,,,,,
37558,37558,34377,Liontrust Asset Management plc,Liontrust Asset Management,,,,,,,,,,,,,,,,
37561,37561,2047,"Youngor Group Co.,Ltd",Youngor Group,,,,,,,,,,,,,,,,
37568,37568,30822,"Avantor, Inc.",Avantor Inc,,,,,,,,,,,,,,,,
37583,37583,24913,"ServiceNow, Inc.",ServiceNow Inc,,,,,,,,,,,,,,,,
37586,37586,11112,Kangmei Pharmaceutical Co. Ltd,Kangmei Pharmaceutical,,,,,,,,,,,,,,,,
37600,37600,17191,Terminix Global Holdings Inc,Terminix Global Holdings,,,,,,,,,,,,,,,,
37601,37601,589,Harness Code,Harness,,,,,,,,,,,,,,,,
37608,37608,5685,Exscientia Plc,Exscientia AI,,,,,,,,,,,,,,,,
37627,37627,1723,BEAUTY BOSS LTD,BEAUTY BOSS LONDON LTD,,,,,,,,,,,,,,,,
37634,37634,22354,Aquafil Spa,Aquafil S.p.A.,,,,,,,,,,,,,,,,
37635,37635,4184,Bang & Olufsen A-S,Bang & Olufsen,,,,,,,,,,,,,,,,
37651,37651,22988,"Akamai Technologies, Inc.",Akamai Technologies Inc,,,,,,,,,,,,,,,,
37659,37659,19066,Infomart Corporation,Infomart Corp,,,,,,,,,,,,,,,,
37672,37672,18437,Vulcan Materials Co,Vulcan Materials,,,,,,,,,,,,,,,,
37725,37725,13151,Hebei Yangyuan Zhihui Beverage,Hebei Yangyuan ZhiHui Beverage Co. Ltd,,,,,,,,,,,,,,,,
37729,37729,7513,Shenzhen Kingdom Sci-Tech Co. Ltd,Shenzhen Kingdom Sci-Tech Co Ltd,,,,,,,,,,,,,,,,
37744,37744,2177,Länsförsäkringar Bank,Länsförsäkringar,,,,,,,,,,,,,,,,
37761,37761,37691,Zhejiang Semir Garment Co Ltd,Zhejiang Semir Garment,,,,,,,,,,,,,,,,
37765,37765,19341,International Paper Careers,International Paper APPM,,,,,,,,,,,,,,,,
37787,37787,23552,Artisan Partners Asset Management Inc,Artisan Partners Asset Management,,,,,,,,,,,,,,,,
37789,37789,24638,Zhongyuan Bank Co Ltd,Zhongyuan Bank,,,,,,,,,,,,,,,,
37799,37799,1875,PT Asuransi Bintang Tbk,PT Asuransi Bina Dana Arta Tbk,,,,,,,,,,,,,,,,
37803,37803,32441,Softcat Plc,Softcat,,,,,,,,,,,,,,,,
37818,37818,32264,Blackmores Limited,Blackmores,,,,,,,,,,,,,,,,
37820,37820,31790,Familymart,FamilyMart,,,,,,,,,,,,,,,,
37823,37823,27411,Wienerberger AG,Wienerberger,,,,,,,,,,,,,,,,
37826,37826,18638,Archer Daniels Midland Co,Archer Daniels Midland,,,,,,,,,,,,,,,,
37840,37840,15942,Magellan Financial Group Limited,Magellan Financial Group,,,,,,,,,,,,,,,,
37841,37841,3836,Globe Life Inc,Globe Life,,,,,,,,,,,,,,,,
37843,37843,1869,Pioneer Natural Resources Co,Pioneer Natural Resources,,,,,,,,,,,,,,,,
37861,37861,4956,Valeo Sa,Valeo SA,,,,,,,,,,,,,,,,
37867,37867,12129,Palantir Technologies Inc.,Palantir Technologies Inc,,,,,,,,,,,,,,,,
37880,37880,37475,Daio Paper Corporation,Daio Paper Corp,,,,,,,,,,,,,,,,
37885,37885,17892,Vodacom Group Ltd,Vodacom Group,,,,,,,,,,,,,,,,
37886,37886,27474,Tesco plc,Tesco Plc,,,,,,,,,,,,,,,,
37897,37897,24601,General Dynamics Corporation,General Dynamics Corp,,,,,,,,,,,,,,,,
37911,37911,8954,China Overseas Grand Oceans Group Ltd,China Overseas Grand Oceans Group,,,,,,,,,,,,,,,,
37914,37914,27238,Salzgitter Ag,Salzgitter AG,,,,,,,,,,,,,,,,
37925,37925,27949,"Beijing Capital Co.,Ltd",Beijing Capital,,,,,,,,,,,,,,,,
37930,37930,2196,Roland Corporation,Roland Corp,,,,,,,,,,,,,,,,
37934,37934,18579,Andlauer Healthcare Group Inc.,Andlauer Healthcare Group,,,,,,,,,,,,,,,,
37953,37953,2215,Atlassian Corporation Plc,Atlassian Corporation,,,,,,,,,,,,,,,,
37969,37969,24117,Beijing Urban Construction Investment & Development Co. Ltd,Beijing Urban Construction Investment & Development,,,,,,,,,,,,,,,,
37972,37972,3502,Raia Drogasil SA,Raia Drogasil,,,,,,,,,,,,,,,,
37995,37995,34531,"Hirogin Holdings, Inc.",Hirogin Holdings,,,,,,,,,,,,,,,,
38002,38002,2789,James Hardie Industries Plc,James Hardie Industries,,,,,,,,,,,,,,,,
38020,38020,30989,Ideal Bikes,Ideal Bike Corp,,,,,,,,,,,,,,,,
38025,38025,2976,Beijing North Star Company,Beijing North Star Co Ltd,,,,,,,,,,,,,,,,
38031,38031,3936,SSH Communications Security Oyj,SSH Communications Security,,,,,,,,,,,,,,,,
38055,38055,33252,Craneware plc,Craneware,,,,,,,,,,,,,,,,
38056,38056,8804,NiSource Inc,NiSource,,,,,,,,,,,,,,,,
38062,38062,3253,F&C Investment Trust plc,F&C Investment Trust PLC,,,,,,,,,,,,,,,,
38063,38063,23518,BEAUTY AND THE INK LTD,BEAUTY AND THE FEAST LTD,,,,,,,,,,,,,,,,
38065,38065,23872,S A CONSULTANCY SERVICES LTD,S A CONSULTANCY LIMITED,,,,,,,,,,,,,,,,
38081,38081,15376,RWS Holdings plc,RWS Holdings PLC,,,,,,,,,,,,,,,,
38090,38090,15248,Jinduicheng Molybdenum Co. Ltd,Jinduicheng Molybdenum Co Ltd,,,,,,,,,,,,,,,,
38091,38091,77,"Idemitsu Kosan Co.,Ltd.",Idemitsu Kosan Co Ltd,,,,,,,,,,,,,,,,
38094,38094,23329,Exclaimer Group,Exclaimer,,,,,,,,,,,,,,,,
38106,38106,23356,"The Kansai Electric Power Company, Inc.",The Kansai Electric Power Co Inc,,,,,,,,,,,,,,,,
38108,38108,35275,The Navigator Company,The Navigator Co SA,,,,,,,,,,,,,,,,
38122,38122,835,Amgen Inc,Amgen,,,,,,,,,,,,,,,,
38134,38134,6517,Vipshop Holdings Limited,Vipshop Holdings,,,,,,,,,,,,,,,,
38137,38137,4977,Duke Realty Corp,Duke Realty,,,,,,,,,,,,,,,,
38140,38140,2883,Hangzhou Great Star Industrial Co Ltd,Hangzhou Great Star Industrial,,,,,,,,,,,,,,,,
38155,38155,2772,Enertime SA,Enertime,,,,,,,,,,,,,,,,
38156,38156,32231,Coherent Corp,Coherent,,,,,,,,,,,,,,,,
38163,38163,23196,BEAUTY BERIE LTD,BEAUTY BENEFITS LTD,,,,,,,,,,,,,,,,
38164,38164,11311,Halliburton Company,Halliburton Co,,,,,,,,,,,,,,,,
38198,38198,30582,Wyndham Hotels & Resorts Inc,Wyndham Hotels & Resorts,,,,,,,,,,,,,,,,
38204,38204,27559,Safestore Holdings plc,Safestore Holdings,,,,,,,,,,,,,,,,
38208,38208,4748,Nippon Electric Glass Co Ltd,Nippon Electric Glass,,,,,,,,,,,,,,,,
38211,38211,12373,Frontier Communications Parent Inc,Frontier Communications Parent,,,,,,,,,,,,,,,,
38215,38215,8936,China Petroleum Engineering Corp,China Petroleum Engineering & Construction Corporation,,,,,,,,,,,,,,,,
38223,38223,12616,Mobile Telesystems PJSC,Mobile Telesystems,,,,,,,,,,,,,,,,
38237,38237,29202,Sapiens International Corporation N.V.,Sapiens International Corporation,,,,,,,,,,,,,,,,
38268,38268,23825,"The North West Company, Inc.",The North West Co Inc,,,,,,,,,,,,,,,,
38270,38270,3272,Life Healthcare Group Holdings Ltd,Life Healthcare Group Holdings,,,,,,,,,,,,,,,,
38287,38287,12242,Taisho Pharmaceutical Holdings Co Ltd,Taisho Pharmaceutical Holdings,,,,,,,,,,,,,,,,
38288,38288,76,Spirit Airlines Inc,Spirit Airlines,,,,,,,,,,,,,,,,
38290,38290,482,Cofinimmo Sa,Cofinimmo SA,,,,,,,,,,,,,,,,
38310,38310,23118,Metro AG,Metro,,,,,,,,,,,,,,,,
38315,38315,17760,CMS Energy Corp,CMS Energy,,,,,,,,,,,,,,,,
38321,38321,7328,Nine Dragons Paper Holdings,Nine Dragons Paper (holdings),,,,,,,,,,,,,,,,
38342,38342,17999,Deutsche Borse,Deutsche Boerse,,,,,,,,,,,,,,,,
38349,38349,3187,Kenedix Residential Next Investment Corporation,Kenedix Residential Next Investment Corp,,,,,,,,,,,,,,,,
38353,38353,27854,Wesfarmers Ltd,Wesfarmers Limited,,,,,,,,,,,,,,,,
38358,38358,37082,Ascential plc,Ascential,,,,,,,,,,,,,,,,
38386,38386,4137,SOFTWARE DESIGN & IMPLEMENTATION LTD,SOFTWARE DESIGN & CONSULTING LIMITED,,,,,,,,,,,,,,,,
38395,38395,35571,Tianshui Huatian Technology Co Ltd,Tianshui Huatian Technology,,,,,,,,,,,,,,,,
38400,38400,15398,Shenzhen Kinwong Electronic Co. Ltd,Shenzhen Kinwong Electronic,,,,,,,,,,,,,,,,
38403,38403,12206,Wheels Emi,Wheels,,,,,,,,,,,,,,,,
38408,38408,6404,Allegiant Travel Company,Allegiant Travel Co,,,,,,,,,,,,,,,,
38422,38422,20281,"Fidelity National Financial, Inc.",Fidelity National Financial Inc,,,,,,,,,,,,,,,,
38456,38456,14825,China Minsheng Banking Corp Ltd,China Minsheng Banking,,,,,,,,,,,,,,,,
38466,38466,18908,Taiwan Mask Corp,Taiwan Mask,,,,,,,,,,,,,,,,
38486,38486,1273,La Kaffa International Co. Ltd,La Kaffa International,,,,,,,,,,,,,,,,
38504,38504,18973,Nippon Express Co Ltd,Nippon Express,,,,,,,,,,,,,,,,
38509,38509,3549,"Kulicke and Soffa Industries, Inc.",Kulicke And Soffa Industries,,,,,,,,,,,,,,,,
38526,38526,22424,Guangdong Xinbao Electrical Appliances Holdings Co Ltd,Guangdong Xinbao Electrical Appliances Holdings,,,,,,,,,,,,,,,,
38528,38528,18091,Polskie Górnictwo Naftowe i Gazownictwo SA,Polskie Gornictwo Naftowe i Gazownictwo SA,,,,,,,,,,,,,,,,
38532,38532,17398,DTE Energy Company,DTE Energy Co,,,,,,,,,,,,,,,,
38540,38540,7164,"Polaris Bay Group Co.,Ltd.",Polaris Bay Group,,,,,,,,,,,,,,,,
38543,38543,20233,Yamaguchi Financial Group Inc,Yamaguchi Financial Group,,,,,,,,,,,,,,,,
38545,38545,38321,Nine Dragons Paper Holdings Ltd,Nine Dragons Paper Holdings,,,,,,,,,,,,,,,,
38560,38560,36159,"Beijing Roborock Technology Co., Ltd.",Beijing Roborock Technology Co. Ltd,,,,,,,,,,,,,,,,
38561,38561,17338,Jiangsu Changshu Rural Commercial Bank Co Ltd,Jiangsu Changshu Rural Commercial Bank,,,,,,,,,,,,,,,,
38585,38585,32112,Sumitomo Warehouse Co Ltd,Sumitomo Warehouse,,,,,,,,,,,,,,,,
38588,38588,16040,Bank of Zhengzhou Co Ltd,Bank of Zhengzhou,,,,,,,,,,,,,,,,
38589,38589,13992,Hokkaido Electric Power Company,Hokkaido Electric Power Co Inc,,,,,,,,,,,,,,,,
38598,38598,30182,Beijing Compass Technology Development Co. Ltd,Beijing Compass Technology Development,,,,,,,,,,,,,,,,
38605,38605,14274,SOFTWARE ANALYTICS LIMITED,SOFTWARE ANALYSIS SOLUTIONS LIMITED,,,,,,,,,,,,,,,,
38621,38621,1582,FOOD CREATIONS LTD,FOOD CREATIONS EVENTS LTD,,,,,,,,,,,,,,,,
38628,38628,25990,Magic Leap Careers,Magic Leap,,,,,,,,,,,,,,,,
38632,38632,25056,Prysmian SpA,Prysmian S.p.A.,,,,,,,,,,,,,,,,
38639,38639,21868,Tohoku Electric Power Company,Tohoku Electric Power Co Inc,,,,,,,,,,,,,,,,
38649,38649,876,"Sichuan Teway Food Group Co.,Ltd",Sichuan Teway Food Group,,,,,,,,,,,,,,,,
38650,38650,35878,Shenzhen Expressway Company,Shenzhen Expressway Co Ltd,,,,,,,,,,,,,,,,
38664,38664,35335,Johnson Matthey Plc,Johnson Matthey,,,,,,,,,,,,,,,,
38669,38669,15442,Randstad NV,Randstad N.V.,,,,,,,,,,,,,,,,
38675,38675,12695,China Suntien Green Energy Corp Ltd,China Suntien Green Energy Co Ltd,,,,,,,,,,,,,,,,
38685,38685,30364,Poly Developments And Holdings Group,Poly Developments & Holdings Group,,,,,,,,,,,,,,,,
38712,38712,35457,Comcast Corporation,Comcast Corp,,,,,,,,,,,,,,,,
38716,38716,29997,First Horizon Corporation,First Horizon Corp,,,,,,,,,,,,,,,,
38732,38732,8822,"Daeduck Electronics Co.,ltd.",Daeduck Electronics,,,,,,,,,,,,,,,,
38733,38733,21676,Tokyo Ohka Kogyo Co Ltd,Tokyo Ohka Kogyo,,,,,,,,,,,,,,,,
38734,38734,15139,Sinotrans Ltd,Sinotrans,,,,,,,,,,,,,,,,
38738,38738,23320,Japan Petroleum Exploration Co. Ltd,Japan Petroleum Exploration Co Ltd,,,,,,,,,,,,,,,,
38747,38747,34999,Sanquan Food Co Ltd,Sanquan Food,,,,,,,,,,,,,,,,
38762,38762,17982,Shengyi Technology Co. Ltd,Shengyi Technology,,,,,,,,,,,,,,,,
38769,38769,4213,Jiangsu Broadcasting Cable Information Network Corporation,Jiangsu Broadcasting Cable Information Network Corp Ltd,,,,,,,,,,,,,,,,
38771,38771,35006,Q & N LTD,Q & MORE LTD,,,,,,,,,,,,,,,,
38785,38785,19711,Leonardo Spa,Leonardo SpA,,,,,,,,,,,,,,,,
38801,38801,32173,Chesapeake Energy Corporation,Chesapeake Energy Corp,,,,,,,,,,,,,,,,
38829,38829,6344,Curtiss-Wright Corporation,Curtiss-Wright Corp,,,,,,,,,,,,,,,,
38855,38855,21452,Ricoh Leasing Company Ltd,Ricoh Leasing Company,,,,,,,,,,,,,,,,
38857,38857,29492,"Utz Brands, Inc.",Utz Brands Inc,,,,,,,,,,,,,,,,
38869,38869,34568,Tokyo Electric Power Co Holdings Inc,Tokyo Electric Power,,,,,,,,,,,,,,,,
38888,38888,10582,Newcrest Mining Limited,Newcrest Mining,,,,,,,,,,,,,,,,
38905,38905,28640,China Evergrande New Energy Vehicle Group Ltd,China Evergrande New Energy Vehicle Group,,,,,,,,,,,,,,,,
38908,38908,9564,Tata Motors Finance,Tata Motors,,,,,,,,,,,,,,,,
38916,38916,14625,Textron Inc.,Textron Inc,,,,,,,,,,,,,,,,
38924,38924,24423,Kobe Steel Ltd,Kobe Steel,,,,,,,,,,,,,,,,
38932,38932,26243,Vivo Energy plc,Vivo Energy Plc,,,,,,,,,,,,,,,,
38941,38941,22616,Electrolux Professional Ab (publ),Electrolux Professional AB,,,,,,,,,,,,,,,,
38948,38948,29809,Sao Martinho SA,Sao Martinho,,,,,,,,,,,,,,,,
38953,38953,36661,Citizens Financial Group Inc,Citizens Financial Group,,,,,,,,,,,,,,,,
38963,38963,28104,Newmark Group Inc,Newmark Group,,,,,,,,,,,,,,,,
38967,38967,31214,Takeda Pharmaceutical Co Ltd,Takeda Pharmaceutical,,,,,,,,,,,,,,,,
38974,38974,28941,Smith & Nephew Healthcare,Smith & Nephew Careers,,,,,,,,,,,,,,,,
38978,38978,2291,Komax Holding Ag,Komax Holding AG,,,,,,,,,,,,,,,,
39022,39022,28585,"WEC Energy Group, Inc.",WEC Energy Group Inc,,,,,,,,,,,,,,,,
39024,39024,2435,"Inaba Denki Sangyo Co.,Ltd.",Inaba Denki Sangyo Co Ltd,,,,,,,,,,,,,,,,
39036,39036,3295,Partner Communications Company,Partner Communications Co Ltd,,,,,,,,,,,,,,,,
39038,39038,22890,"Faes Farma, SA",Faes Farma,,,,,,,,,,,,,,,,
39040,39040,10676,Charoen Pokphand Foods Public Co Ltd,Charoen Pokphand Foods,,,,,,,,,,,,,,,,
39046,39046,37338,Brookfield Business Partners LP,Brookfield Business Partners,,,,,,,,,,,,,,,,
39047,39047,20054,Dermapharm Holding Se,Dermapharm Holding SE,,,,,,,,,,,,,,,,
39049,39049,35210,Converge Technology Solutions Corp.,Converge Technology Solutions,,,,,,,,,,,,,,,,
39065,39065,12009,"Host Hotels & Resorts, Inc.",Host Hotels & Resorts Inc,,,,,,,,,,,,,,,,
39078,39078,4770,Retail Estates N.V.,Retail Estates,,,,,,,,,,,,,,,,
39080,39080,23942,Feng Hsin Steel Co Ltd,Feng Hsin Steel,,,,,,,,,,,,,,,,
39087,39087,15858,Comer Industries Spa,Comer Industries S.p.A.,,,,,,,,,,,,,,,,
39107,39107,27630,ALL ABOUT THAT GLASS LTD,ALL ABOUT THAT CASE LTD,,,,,,,,,,,,,,,,
39110,39110,10038,Chinasoft International Ltd,Chinasoft International,,,,,,,,,,,,,,,,
39126,39126,23570,Vertex Pharmaceuticals Inc,Vertex Pharmaceuticals,,,,,,,,,,,,,,,,
39137,39137,11238,Guangzhou Tinci Materials Technology Co Ltd,Guangzhou Tinci Materials Technology,,,,,,,,,,,,,,,,
39143,39143,8374,"Prosperity Bancshares, Inc.",Prosperity Bancshares Inc,,,,,,,,,,,,,,,,
39147,39147,13258,Premier Investment Corporation,Premier Investment Corp,,,,,,,,,,,,,,,,
39148,39148,22181,Shanghai Junshi Biosciences Co. Ltd,Shanghai Junshi Biosciences,,,,,,,,,,,,,,,,
39158,39158,20634,Texas Pacific Land Corporation,Texas Pacific Land Corp,,,,,,,,,,,,,,,,
39160,39160,21405,"Poshmark, Inc.",Poshmark,,,,,,,,,,,,,,,,
39165,39165,4887,Shanghai East-china Computer,"Shanghai East-China Computer Co.,Ltd.",,,,,,,,,,,,,,,,
39178,39178,16910,Maxim Integrated Products,Maxim Integrated,,,,,,,,,,,,,,,,
39184,39184,34052,Castellum AB,Castellum,,,,,,,,,,,,,,,,
39187,39187,15705,Maxar Technologies Inc,Maxar Technologies,,,,,,,,,,,,,,,,
39192,39192,19534,Welltower Inc.,Welltower,,,,,,,,,,,,,,,,
39194,39194,36921,Gimv Nv,Gimv,,,,,,,,,,,,,,,,
39195,39195,19743,Siam City Cement Public Company Ltd,Siam City Cement Public Company,,,,,,,,,,,,,,,,
39198,39198,26768,Shengjing Bank Co. Ltd,Shengjing Bank,,,,,,,,,,,,,,,,
39214,39214,5722,NatWest Group plc,NatWest Group Plc,,,,,,,,,,,,,,,,
39225,39225,8759,Ming Yang Smart Energy Group Ltd,Ming Yang Smart Energy Group,,,,,,,,,,,,,,,,
39226,39226,2325,"Under Armour, Inc.",Under Armour Inc,,,,,,,,,,,,,,,,
39232,39232,37476,Far Eastern New Century Corp,Far Eastern New Century,,,,,,,,,,,,,,,,
39246,39246,11975,Ratnamani Metals and Tubes,Ratnamani Metals & Tubes,,,,,,,,,,,,,,,,
39256,39256,7224,Johnson Controls International Plc,Johnson Controls International,,,,,,,,,,,,,,,,
39263,39263,24869,Wix.com Ltd.,Wix.com,,,,,,,,,,,,,,,,
39270,39270,11595,London Stock Exchange Group Plc,London Stock Exchange Group,,,,,,,,,,,,,,,,
39288,39288,5512,Yapi ve Kredi Bankasi A.S.,Yapi Ve Kredi Bankasi,,,,,,,,,,,,,,,,
39289,39289,7976,Brookfield Property Partners LP,Brookfield Property Partners,,,,,,,,,,,,,,,,
39305,39305,26421,Hub Group Inc,Hub Group,,,,,,,,,,,,,,,,
39312,39312,35506,Balfour Beatty plc,Balfour Beatty Plc,,,,,,,,,,,,,,,,
39320,39320,23471,National Australia Bank Ltd,National Australia Bank Limited,,,,,,,,,,,,,,,,
39322,39322,15956,"SPRINKLR, INC.",SPRINKLR,,,,,,,,,,,,,,,,
39328,39328,22809,Sun Life Financial Careers,Sun Life Financial,,,,,,,,,,,,,,,,
39338,39338,12939,BEAUTY AND THE BEAST TATTOO LIMITED,BEAUTY AND THE BEAST LIMITED,,,,,,,,,,,,,,,,
39406,39406,11712,BEAUTY BASE NW LTD,BEAUTY BASE LIMITED,,,,,,,,,,,,,,,,
39407,39407,6168,Herbalife Nutrition Ltd,Herbalife Nutrition,,,,,,,,,,,,,,,,
39410,39410,12478,BT Group plc,BT Group Plc,,,,,,,,,,,,,,,,
39415,39415,1396,China Cinda Asset Management Co. Ltd,China Cinda Asset Management Co Ltd,,,,,,,,,,,,,,,,
39417,39417,14936,Q AND S PHARMA SOLUTIONS LIMITED,Q AND S PHARMA LIMITED,,,,,,,,,,,,,,,,
39424,39424,23805,Bouygues Sa,Bouygues SA,,,,,,,,,,,,,,,,
39425,39425,12791,Bonfiglioli Spa,Bonfiglioli Riduttori Spa,,,,,,,,,,,,,,,,
39429,39429,16404,Eurofins Scientific Se,Eurofins Scientific SE,,,,,,,,,,,,,,,,
39431,39431,1755,Baloise Holding Ltd,Baloise Holding Ag,,,,,,,,,,,,,,,,
39434,39434,22454,FOOD AND WINE LTD,FOOD AND WINE FINCHLEY LTD,,,,,,,,,,,,,,,,
39437,39437,36652,Pinnacle Financial Partners Inc,Pinnacle Financial Partners,,,,,,,,,,,,,,,,
39441,39441,14190,RELX,RELEX,,,,,,,,,,,,,,,,
39444,39444,33417,Public Power Corporation S.a.,Public Power Corporation,,,,,,,,,,,,,,,,
39446,39446,3030,China Unicom (hong Kong),China Unicom (Hong Kong) Ltd,,,,,,,,,,,,,,,,
39476,39476,6995,"Grifols, SA",Grifols SA,,,,,,,,,,,,,,,,
39477,39477,6532,Bumrungrad Hospital Public Company Ltd,Bumrungrad Hospital Public Company,,,,,,,,,,,,,,,,
39478,39478,7405,T & B BUILDERS LIMITED,T & B BUILDERS (HOLDINGS) LIMITED,,,,,,,,,,,,,,,,
39484,39484,10979,SOFTWARE SERVICES GROUP LTD,SOFTWARE SERVICES (UK) LIMITED,,,,,,,,,,,,,,,,
39485,39485,9801,Saudi Electricity Company,Saudi Electricity Co,,,,,,,,,,,,,,,,
39498,39498,11738,Haitian International Holdings Ltd,Haitian International Holdings,,,,,,,,,,,,,,,,
39505,39505,37729,Shenzhen Kingdom Sci-tech,Shenzhen Kingdom Sci-Tech Co. Ltd,,,,,,,,,,,,,,,,
39510,39510,31670,Merida Industry Co. Ltd,Merida Industry Co Ltd,,,,,,,,,,,,,,,,
39514,39514,21109,Veritiv Corporation,Veritiv Corp,,,,,,,,,,,,,,,,
39525,39525,17610,"Tsuruha Holdings, Inc.",Tsuruha Holdings Inc,,,,,,,,,,,,,,,,
39526,39526,9780,"Center Laboratories, Inc.",Center Laboratories,,,,,,,,,,,,,,,,
39580,39580,29385,BEAUTY BLOOM LTD,BEAUTY BLOOM CLINIC LTD,,,,,,,,,,,,,,,,
39585,39585,23481,Suzuken Co. Ltd,Suzuken Co Ltd,,,,,,,,,,,,,,,,
39611,39611,19061,China Construction Bank Corporation,China Construction Bank Corp,,,,,,,,,,,,,,,,
39615,39615,9471,Shenzhen Overseas Chinese Town Co Ltd,Shenzhen Overseas Chinese Town,,,,,,,,,,,,,,,,
39618,39618,28605,Blackstone Group,Blackstone,,,,,,,,,,,,,,,,
39626,39626,4239,"Weihai City Commercial Bank Co., Ltd.",Weihai City Commercial Bank Co. Ltd,,,,,,,,,,,,,,,,
39637,39637,6731,Genscript Biotech Corporation,Genscript Biotech Corp,,,,,,,,,,,,,,,,
39671,39671,4457,Fair Isaac Corporation,Fair Isaac Corp,,,,,,,,,,,,,,,,
39680,39680,15146,Service Stream Ltd,Service Stream Limited,,,,,,,,,,,,,,,,
39711,39711,33652,China Aluminum International Engineering Corporation,China Aluminum International Engineering Corp Ltd,,,,,,,,,,,,,,,,
39728,39728,2732,Associated British Foods Plc,Associated British Foods,,,,,,,,,,,,,,,,
39736,39736,33645,"Juniper Networks, Inc.",Juniper Networks Inc,,,,,,,,,,,,,,,,
39739,39739,29057,"Construcciones y Auxiliar de Ferrocarriles, SA",Construcciones y Auxiliar de Ferrocarriles SA,,,,,,,,,,,,,,,,
39761,39761,19429,China Mobile (HK),China Mobile,,,,,,,,,,,,,,,,
39766,39766,19062,Publicis Sapient Careers,Publicis Sapient,,,,,,,,,,,,,,,,
39768,39768,28702,Xcel Energy Inc.,Xcel Energy Inc,,,,,,,,,,,,,,,,
39797,39797,26427,"Canadian Tire Corporation, Limited",Canadian Tire Corporation,,,,,,,,,,,,,,,,
39817,39817,10,Fubon Financial Holding Co. Ltd,Fubon Financial Holding Co Ltd,,,,,,,,,,,,,,,,
39825,39825,35028,ThyssenKrupp AG,ThyssenKrupp,,,,,,,,,,,,,,,,
39830,39830,2837,DL Holdings Group Ltd,DL Holdings Co Ltd,,,,,,,,,,,,,,,,
39833,39833,22295,China Reinsurance Group,China Reinsurance (group) Corporation,,,,,,,,,,,,,,,,
39838,39838,24608,"China Bohai Bank Co., Ltd.",China Bohai Bank Co. Ltd,,,,,,,,,,,,,,,,
39870,39870,34141,Beijing Tong Ren Tang Chinese Medicine Company,Beijing Tong Ren Tang Chinese Medicine Co Ltd,,,,,,,,,,,,,,,,
39872,39872,9746,Pruksa Holding Public Company Ltd,Pruksa Holding Public Company,,,,,,,,,,,,,,,,
39897,39897,35935,Embracer Group Ab (publ),Embracer Group AB,,,,,,,,,,,,,,,,
39937,39937,7779,British Airways Plc,British Airways,,,,,,,,,,,,,,,,
39957,39957,10980,Solvay,Solvac,,,,,,,,,,,,,,,,
39959,39959,23085,TI Fluid Systems plc,TI Fluid Systems Plc,,,,,,,,,,,,,,,,
39963,39963,14953,ALL ABOUT THE HAIR LTD,ALL ABOUT THE GRIND LTD,,,,,,,,,,,,,,,,
39967,39967,33173,Southwest Securities Co. Ltd,Southwest Securities,,,,,,,,,,,,,,,,
39972,39972,30176,China Shenhua Energy Company Ltd,China Shenhua Energy Company,,,,,,,,,,,,,,,,
39992,39992,18692,Pandora AS,Pandora A/s,,,,,,,,,,,,,,,,
40006,40006,7082,Bristol-myers Squibb Company,Bristol-myers Squibb,,,,,,,,,,,,,,,,
40023,40023,6475,Taiyo Yuden Co Ltd,Taiyo Yuden,,,,,,,,,,,,,,,,
40026,40026,21392,Meridian Energy Ltd,Meridian Energy Limited,,,,,,,,,,,,,,,,
40045,40045,32048,Evergy Inc,Evergy,,,,,,,,,,,,,,,,
40047,40047,9122,Hubei Xingfa Chemicals Group Co Ltd,Hubei Xingfa Chemicals Group,,,,,,,,,,,,,,,,
40086,40086,33771,Toyo Ink SC Holdings Co. Ltd,Toyo Ink SC Holdings Co Ltd,,,,,,,,,,,,,,,,
40088,40088,34648,"Motorola Solutions, Inc.",Motorola Solutions Inc,,,,,,,,,,,,,,,,
40100,40100,36925,Vinda International Holdings Ltd,Vinda International Holdings,,,,,,,,,,,,,,,,
40111,40111,25612,Alternative Credit Investments plc,Alternative Credit Investments,,,,,,,,,,,,,,,,
40122,40122,36559,Air Water Inc,Air Water,,,,,,,,,,,,,,,,
40124,40124,30735,NEW ALLEY LIMITED,NEW ALL GEARS LIMITED,,,,,,,,,,,,,,,,
40134,40134,13312,Cathay Financial Holding,Cathay Financial,,,,,,,,,,,,,,,,
40138,40138,2666,Calumet Specialty Products Partners LP,Calumet Specialty Products Partners,,,,,,,,,,,,,,,,
40147,40147,21284,Sonic Healthcare Limited,Sonic Healthcare,,,,,,,,,,,,,,,,
40162,40162,39815,Vardhman Textiles Ltd,Vardhman Textiles,,,,,,,,,,,,,,,,
40163,40163,35821,Yunnan Yuntianhua Co. Ltd,Yunnan Yuntianhua Co Ltd,,,,,,,,,,,,,,,,
40164,40164,36271,"Mediaset España Comunicación, SA",Mediaset España Comunicación,,,,,,,,,,,,,,,,
40171,40171,27364,FBD Holdings plc,FBD Holdings,,,,,,,,,,,,,,,,
40183,40183,21297,Arista Networks Inc,Arista Networks,,,,,,,,,,,,,,,,
40185,40185,15558,Stifel Financial Corp.,Stifel Financial Corp,,,,,,,,,,,,,,,,
40187,40187,26815,Emergent Biosolutions,Emergent BioSolutions Inc,,,,,,,,,,,,,,,,
40200,40200,406,888 Holdings Plc,888 Holdings,,,,,,,,,,,,,,,,
40212,40212,11073,Vistra Energy Corp,Vistra Energy,,,,,,,,,,,,,,,,
40213,40213,5921,Qualcomm Inc,Qualcomm,,,,,,,,,,,,,,,,
40219,40219,35748,Alior Bank SA,Alior Bank,,,,,,,,,,,,,,,,
40222,40222,9044,"Skyworks Solutions, Inc.",Skyworks Solutions Inc,,,,,,,,,,,,,,,,
40223,40223,25026,Storagevault Canada,"StorageVault Canada, Inc.",,,,,,,,,,,,,,,,
40226,40226,15353,Datang International Power Generation Co. Ltd,Datang International Power Generation Co Ltd,,,,,,,,,,,,,,,,
40262,40262,3632,Cencosud Shopping SA,Cencosud Shopping,,,,,,,,,,,,,,,,
40287,40287,20967,Extra Space Storage Inc,Extra Space Storage,,,,,,,,,,,,,,,,
40298,40298,27197,Japan Exchange Group Inc,Japan Exchange Group,,,,,,,,,,,,,,,,
40304,40304,4136,HUAYU Automotive Systems Company Ltd,HUAYU Automotive Systems Co Ltd,,,,,,,,,,,,,,,,
40318,40318,22775,Saipem SpA,Saipem,,,,,,,,,,,,,,,,
40327,40327,29031,Hapvida Participacoes e Investimentos SA,Hapvida Participacoes E Investimentos,,,,,,,,,,,,,,,,
40329,40329,12167,Likemore Italia,Like More Italia,,,,,,,,,,,,,,,,
40331,40331,471,GrandVision NV,GrandVision N.V.,,,,,,,,,,,,,,,,
40339,40339,14049,Semiconductor Manufacturing International Corporation,Semiconductor Manufacturing International Corp,,,,,,,,,,,,,,,,
40346,40346,1069,Acer India,Acer Inc,,,,,,,,,,,,,,,,
40354,40354,29156,T&D Holdings Inc,T&D Holdings,,,,,,,,,,,,,,,,
40368,40368,22816,R A EDWARDS LTD,R A EDWARDS & SON LTD.,,,,,,,,,,,,,,,,
40370,40370,26773,Allison Transmission Holdings Inc,Allison Transmission Holdings,,,,,,,,,,,,,,,,
40373,40373,27311,Dominion Energy Inc,Dominion Energy,,,,,,,,,,,,,,,,
40388,40388,33602,Koc Holding AS,Koc Holding,,,,,,,,,,,,,,,,
40408,40408,15304,Korea Electric Power Corporation,Korea Electric Power Corp,,,,,,,,,,,,,,,,
40416,40416,29094,ALL ABOUT THE BOY LTD,ALL ABOUT THE BOUNCE LTD,,,,,,,,,,,,,,,,
40448,40448,33379,Ruentex Industries Ltd,Ruentex Industries,,,,,,,,,,,,,,,,
40465,40465,22111,Hisamitsu Pharmaceutical Co Inc,Hisamitsu Pharmaceutical,,,,,,,,,,,,,,,,
40466,40466,25255,Hilton Food Group plc,Hilton Food Group Plc,,,,,,,,,,,,,,,,
40486,40486,14772,Bega Cheese Ltd,Bega Cheese Limited,,,,,,,,,,,,,,,,
40489,40489,1856,Plazza AG,Plaza SA,,,,,,,,,,,,,,,,
40490,40490,34050,GOOD DAY CASES LTD,GOOD DAY CARE HOMES LTD,,,,,,,,,,,,,,,,
40495,40495,28661,Anupam Rasayan India Limited,Anupam Rasayan India,,,,,,,,,,,,,,,,
40513,40513,6132,BEAUTY BASKET LTD,BEAUTY BASIS LTD,,,,,,,,,,,,,,,,
40538,40538,19588,Fujitsu General Ltd,Fujitsu General,,,,,,,,,,,,,,,,
40542,40542,13282,Centuria Office Reit,Centuria Office REIT,,,,,,,,,,,,,,,,
40547,40547,15918,Tencent Holdings Ltd,Tencent Holdings,,,,,,,,,,,,,,,,
40565,40565,32196,U BEST LEADER LIMITED,U BEST DEAL LTD,,,,,,,,,,,,,,,,
40570,40570,31345,Mitsui O.S.K. Lines Ltd,Mitsui O.S.K. Lines,,,,,,,,,,,,,,,,
40578,40578,11266,Indian Railway Catering & Tourism Corporation Limited,Indian Railway Catering & Tourism Corp Ltd,,,,,,,,,,,,,,,,
40584,40584,33880,Japan Prime Realty Investment Corporation,Japan Prime Realty Investment Corp,,,,,,,,,,,,,,,,
40593,40593,16468,Laxmi Organic Industries Limited,Laxmi Organic Industries,,,,,,,,,,,,,,,,
40621,40621,20878,Toray Industries Inc,Toray Industries,,,,,,,,,,,,,,,,
40630,40630,4951,Trend Micro Inc,Trend Micro,,,,,,,,,,,,,,,,
40637,40637,33499,The Progressive Corporation,The Progressive Corp,,,,,,,,,,,,,,,,
40646,40646,28004,BEAUTY BAZAAR LIMITED,BEAUTY BAY LIMITED,,,,,,,,,,,,,,,,
40649,40649,8986,Profixsystemleasing,ProfixSystemleasing,,,,,,,,,,,,,,,,
40659,40659,32343,Viatris Inc,Viatris,,,,,,,,,,,,,,,,
40665,40665,13171,Taiwan Cogeneration Corporation,Taiwan Cogeneration Corp,,,,,,,,,,,,,,,,
40670,40670,2671,Vodafone Idea Ltd,Vodafone Idea Limited,,,,,,,,,,,,,,,,
40672,40672,6650,St. James's Place plc,St. James's Place,,,,,,,,,,,,,,,,
40675,40675,34159,Pharmagest Interactive Sa,Pharmagest Interactive SA,,,,,,,,,,,,,,,,
40695,40695,5227,Okuma Corporation,Okuma Corp,,,,,,,,,,,,,,,,
40696,40696,19603,Wesdome Gold Mines Ltd.,Wesdome Gold Mines,,,,,,,,,,,,,,,,
40699,40699,22959,Bajaj Finance Ltd,Bajaj Finance,,,,,,,,,,,,,,,,
40708,40708,35680,Bath & Body Works Inc,Bath & Body Works,,,,,,,,,,,,,,,,
40711,40711,17069,Hotel Properties Ltd,Hotel Properties,,,,,,,,,,,,,,,,
40721,40721,11288,Morinaga Milk Industry Co Ltd,Morinaga Milk Industry,,,,,,,,,,,,,,,,
40724,40724,20707,Melco Resorts & Entertainment Ltd,Melco Resorts & Entertainment Limited,,,,,,,,,,,,,,,,
40749,40749,11320,Deutsche Lufthansa Ag,Deutsche Lufthansa AG,,,,,,,,,,,,,,,,
40754,40754,27189,ALL ABOUT THE NOW LIMITED,ALL ABOUT THE MOVE LTD,,,,,,,,,,,,,,,,
40770,40770,10570,Pentair plc,Pentair Plc,,,,,,,,,,,,,,,,
40772,40772,3008,Accton Technology Corporation,Accton Technology Corp,,,,,,,,,,,,,,,,
40776,40776,22204,BAE Systems Plc,BAE Systems,,,,,,,,,,,,,,,,
40788,40788,19989,Shenwan Hongyuan Group Co. Ltd,Shenwan Hongyuan Group,,,,,,,,,,,,,,,,
40789,40789,25706,Allianz Technology Trust plc,Allianz Technology Trust,,,,,,,,,,,,,,,,
40791,40791,22277,"China Biologic Products Holdings, Inc.",China Biologic Products Holdings,,,,,,,,,,,,,,,,
40792,40792,39686,Elmos Semiconductor SE,Elmos Semiconductor Ag,,,,,,,,,,,,,,,,
40801,40801,16103,Sika Ag,Sika AG,,,,,,,,,,,,,,,,
40825,40825,12773,FirstEnergy Corp.,FirstEnergy Corp,,,,,,,,,,,,,,,,
40828,40828,14824,Novozymes AS,Novozymes A/s,,,,,,,,,,,,,,,,
40857,40857,37254,Aevis Victoria Sa,Aevis Victoria SA,,,,,,,,,,,,,,,,
40875,40875,2135,Jubilant Foodworks,Jubilant Foods Works,,,,,,,,,,,,,,,,
40878,40878,5288,Alleanza Assicurazioni Spa,Alleanza Assicurazioni,,,,,,,,,,,,,,,,
40925,40925,285,Wizz Air Holdings plc,Wizz Air Holdings Plc,,,,,,,,,,,,,,,,
40938,40938,14484,Canadian National Railway Company,Canadian National Railway Co,,,,,,,,,,,,,,,,
40987,40987,12828,Polar Capital Holdings plc,Polar Capital Holdings,,,,,,,,,,,,,,,,
40990,40990,27732,Baoding Tianwei Baobian Electric Co. Ltd,Baoding Tianwei Baobian Electric,,,,,,,,,,,,,,,,
40998,40998,26897,Unicharm Corporation,Unicharm Corp,,,,,,,,,,,,,,,,
41004,41004,4447,Fast Retailing Co Ltd,Fast Retailing,,,,,,,,,,,,,,,,
41030,41030,20959,Mitani Corporation,Mitani Corp,,,,,,,,,,,,,,,,
41034,41034,17235,Turkiye Vakiflar Bankasi Turk Anonim Ortakligi,Turkiye Vakiflar Bankasi Turk Anonim Ortaklig,,,,,,,,,,,,,,,,
41048,41048,20309,QinetiQ Group plc,QinetiQ Group Plc,,,,,,,,,,,,,,,,
41052,41052,39313,GOOD BARGAINS LTD,GOOD BARGAIN TRADERS LTD,,,,,,,,,,,,,,,,
41087,41087,31673,EBOS Group Ltd,EBOS Group Limited,,,,,,,,,,,,,,,,
41097,41097,17844,Net One Systems Co Ltd,Net One Systems,,,,,,,,,,,,,,,,
41099,41099,532,FOOD DESIRE LTD.,FOOD DESIGNERS LIMITED,,,,,,,,,,,,,,,,
41114,41114,16238,Bangkok Dusit Medical Services Public Company Ltd,Bangkok Dusit Medical Services Public Company,,,,,,,,,,,,,,,,
41115,41115,25465,"General Mills, Inc.",General Mills Inc,,,,,,,,,,,,,,,,
41123,41123,8062,"Gestamp Automoción, SA",Gestamp Automocion SA,,,,,,,,,,,,,,,,
41126,41126,36044,Legrand SA,Legrand,,,,,,,,,,,,,,,,
41130,41130,24197,Ningbo Huaxiang Electronic Co Ltd,Ningbo Huaxiang Electronic,,,,,,,,,,,,,,,,
41131,41131,2852,Nippon Densetsu Kogyo Co. Ltd,Nippon Densetsu Kogyo Co Ltd,,,,,,,,,,,,,,,,
41133,41133,17699,Nuvoton Technology Corporation,Nuvoton Technology Corp,,,,,,,,,,,,,,,,
41156,41156,26594,Porto Seguro SA,Porto Seguro,,,,,,,,,,,,,,,,
41166,41166,33365,EDOM Technology Co. Ltd,EDOM Technology Co Ltd,,,,,,,,,,,,,,,,
41172,41172,13616,Housing Development Finance Corporation Ltd,Housing Development Finance Corporation,,,,,,,,,,,,,,,,
41192,41192,17056,R A HOUSE LIMITED,R A HOMES LIMITED,,,,,,,,,,,,,,,,
41202,41202,28061,Automatic Data Processing Inc,Automatic Data Processing (adp),,,,,,,,,,,,,,,,
41206,41206,32085,SITC International Holdings Company Ltd,SITC International Holdings Co Ltd,,,,,,,,,,,,,,,,
41209,41209,2987,New World Development Co Ltd,New World Development,,,,,,,,,,,,,,,,
41213,41213,32408,Auction Technology Group plc,Auction Technology Group Plc,,,,,,,,,,,,,,,,
41279,41279,126,NEW AGE CLOTHING LIMITED,NEW AGE CLOTHES LTD,,,,,,,,,,,,,,,,
41294,41294,12164,Sibanye Stillwater Ltd,Sibanye Stillwater Limited,,,,,,,,,,,,,,,,
41305,41305,34040,BAD CAT LIMITED,BAD CAT IT LIMITED,,,,,,,,,,,,,,,,
41306,41306,39193,Zhongmin Energy Co. Ltd,Zhongmin Energy,,,,,,,,,,,,,,,,
41307,41307,40083,Sonoco Products Company,Sonoco Products Co,,,,,,,,,,,,,,,,
41321,41321,24778,Ford Motor Credit Company,Ford Motor Company,,,,,,,,,,,,,,,,
41348,41348,6071,Lien Hwa Industrial Holdings Corporation,Lien Hwa Industrial Holdings Corp,,,,,,,,,,,,,,,,
41352,41352,9701,Cenovus Energy Inc,Cenovus Energy,,,,,,,,,,,,,,,,
41357,41357,22505,Tokyo Century Corporation,Tokyo Century Corp,,,,,,,,,,,,,,,,
41361,41361,35063,Derwent London plc,Derwent London,,,,,,,,,,,,,,,,
41383,41383,5033,FINANCE STATUS GROUP LIMITED,FINANCE STATION LIMITED,,,,,,,,,,,,,,,,
41384,41384,23886,Air Transport Services Group Inc,Air Transport Services Group,,,,,,,,,,,,,,,,
41416,41416,38764,Rovio Entertainment Oyj,Rovio Entertainment,,,,,,,,,,,,,,,,
41421,41421,26905,Indorama Ventures Public Company Ltd,Indorama Ventures Public Company,,,,,,,,,,,,,,,,
41422,41422,4214,Ultra Electronics Holdings plc,Ultra Electronics Holdings Plc,,,,,,,,,,,,,,,,
41423,41423,11532,"Nuance Communications, Inc.",Nuance Communications Inc,,,,,,,,,,,,,,,,
41431,41431,10878,Public Joint Stock Company Magnitogorsk Iron & Steel Works,Public Joint Stock Company Magnit,,,,,,,,,,,,,,,,
41448,41448,30662,Dawning Information Industry Co. Ltd,Dawning Information Industry Co Ltd,,,,,,,,,,,,,,,,
41454,41454,32546,"Lithia Motors, Inc.",Lithia Motors Inc,,,,,,,,,,,,,,,,
41471,41471,1325,Union Bank Of Taiwan,Union Bank Of India,,,,,,,,,,,,,,,,
41486,41486,34410,Diageo plc,Diageo Plc,,,,,,,,,,,,,,,,
41489,41489,4634,"Risen Energy Co.,Ltd.",Risen Energy Co Ltd,,,,,,,,,,,,,,,,
41495,41495,10616,Corbion N.V.,Corbion,,,,,,,,,,,,,,,,
41497,41497,18722,Naver Corporation,Naver Corp,,,,,,,,,,,,,,,,
41506,41506,32662,Anadolu Efes Biracilik ve Malt Sanayii Anonim Sirketi,Anadolu Efes Biracilik Ve Malt Sanayii Anonim Sirketi,,,,,,,,,,,,,,,,
41527,41527,34134,Samsung Electronics Corporation,Samsung Electronics Co Ltd,,,,,,,,,,,,,,,,
41547,41547,14058,ALL ABOUT FREIGHT LIMITED,ALL ABOUT FRAMING LIMITED,,,,,,,,,,,,,,,,
41555,41555,38953,"Citizens Financial Group, Inc.",Citizens Financial Group Inc,,,,,,,,,,,,,,,,
41558,41558,38158,"Shanxi Xinghuacun Fen Wine Factory Co.,Ltd.",Shanxi Xinghuacun Fen Wine Factory,,,,,,,,,,,,,,,,
41564,41564,19929,Great Eagle Holdings Ltd,Great Eagle Holdings,,,,,,,,,,,,,,,,
41586,41586,13051,Swiss Life Holding Ltd,Swiss Life Holding Ag,,,,,,,,,,,,,,,,
41590,41590,18897,Axalta Coating Systems Ltd.,Axalta Coating Systems Ltd,,,,,,,,,,,,,,,,
41601,41601,21618,Focused Photonics (hangzhou),Focused Photonics,,,,,,,,,,,,,,,,
41605,41605,33027,Adani Total Gas Limited,Adani Total Gas,,,,,,,,,,,,,,,,
41607,41607,38082,"Fuzhou Rockchip Electronics Co.,ltd.","Fuzhou Rockchip Electronics Co.,Ltd.",,,,,,,,,,,,,,,,
41611,41611,12635,Storebrand Asa,Storebrand ASA,,,,,,,,,,,,,,,,
41616,41616,39401,Sydney Airport Limited,Sydney Airport,,,,,,,,,,,,,,,,
41617,41617,6165,China National Nuclear Power Co. Ltd,China National Nuclear Power Co Ltd,,,,,,,,,,,,,,,,
41623,41623,11850,Unit8,Unit,,,,,,,,,,,,,,,,
41628,41628,25300,GOOD CORP LTD,GOOD COPY LTD,,,,,,,,,,,,,,,,
41630,41630,24495,Monro Inc,Monro,,,,,,,,,,,,,,,,
41632,41632,5857,Forterra plc,Forterra Inc,,,,,,,,,,,,,,,,
41635,41635,30262,"Waste Management, Inc.",Waste Management Inc,,,,,,,,,,,,,,,,
41645,41645,25345,Greencore Group plc,Greencore Group Plc,,,,,,,,,,,,,,,,
41660,41660,20722,"Medical Properties Trust, Inc.",Medical Properties Trust Inc,,,,,,,,,,,,,,,,
41669,41669,7332,American Financial Group Inc,American Financial Group,,,,,,,,,,,,,,,,
41682,41682,18592,BOE Technology Group Co Ltd,BOE Technology Group,,,,,,,,,,,,,,,,
41693,41693,10248,"BERRY GLOBAL, INC.","BERRY GLOBAL GROUP, INC.",,,,,,,,,,,,,,,,
41702,41702,16373,Canadian Natural Resources Limited,Canadian Natural Resources,,,,,,,,,,,,,,,,
41709,41709,17375,Petrochina Company,Petrochina,,,,,,,,,,,,,,,,
41718,41718,2526,Newell Brands Inc.,Newell Brands Inc,,,,,,,,,,,,,,,,
41720,41720,32474,Equatorial Para Distribuidora de Energia SA,Equatorial Para Distribuidora De Energia,,,,,,,,,,,,,,,,
41748,41748,20142,"MediaTek, Inc.",MediaTek Inc,,,,,,,,,,,,,,,,
41752,41752,37591,Hanil Cement Co. Ltd,Hanil Cement,,,,,,,,,,,,,,,,
41759,41759,22594,Beacon Roofing Supply Inc,Beacon Roofing Supply,,,,,,,,,,,,,,,,
41761,41761,33375,Pool Corporation,Pool Corp,,,,,,,,,,,,,,,,
41762,41762,11728,Sotetsu Holdings Inc,Sotetsu Holdings,,,,,,,,,,,,,,,,
41767,41767,27333,Chung Hwa Pulp Corporation,Chung Hwa Pulp Corp,,,,,,,,,,,,,,,,
41774,41774,9965,Drukarnia piga.pl,Drukarnia piga,,,,,,,,,,,,,,,,
41787,41787,2156,Samsung Electro-Mechanics Co Ltd,Samsung Electro-Mechanics,,,,,,,,,,,,,,,,
41789,41789,8512,Idemitsu Kosan,Idemitsu,,,,,,,,,,,,,,,,
41809,41809,22165,BAD BOX LTD,BAD BOUJIEE LTD,,,,,,,,,,,,,,,,
41823,41823,17683,Bayerische Motoren Werke AG,Bayerische Motoren Werke (bmw),,,,,,,,,,,,,,,,
41830,41830,4944,Ares Capital Corporation,Ares Capital Corp,,,,,,,,,,,,,,,,
41841,41841,21560,"Ameriprise Financial, Inc.",Ameriprise Financial Inc,,,,,,,,,,,,,,,,
41843,41843,5133,China Machinery Engineering Corporation,China Machinery Engineering Corp,,,,,,,,,,,,,,,,
41857,41857,6843,Wells Fargo & Co,Wells Fargo,,,,,,,,,,,,,,,,
41858,41858,1304,Lumentum Holdings Inc,Lumentum Holdings,,,,,,,,,,,,,,,,
41870,41870,17255,Fuji Media Holdings Inc,Fuji Media Holdings,,,,,,,,,,,,,,,,
41884,41884,33378,ALL ABOUT ROOFING LIMITED,ALL ABOUT ROOFING (BIRMINGHAM) LIMITED,,,,,,,,,,,,,,,,
41885,41885,3887,Dongfang Electric Corporation,Dongfang Electric Corp Ltd,,,,,,,,,,,,,,,,
41894,41894,18534,Celestica Inc.,Celestica Inc,,,,,,,,,,,,,,,,
41899,41899,21844,U DESIGNS LTD,U DESIGNER LTD,,,,,,,,,,,,,,,,
41901,41901,39695,"IAA, Inc.",IAA Inc,,,,,,,,,,,,,,,,
41905,41905,37753,Intertrust Group,Intertrust,,,,,,,,,,,,,,,,
41906,41906,3609,Itochu Techno-solutions Corporation,Itochu Techno-Solutions Corp,,,,,,,,,,,,,,,,
41908,41908,26845,Danske Bank AS,Danske Bank A/s,,,,,,,,,,,,,,,,
41917,41917,10173,STMicroelectronics N.V.,STMicroelectronics Careers,,,,,,,,,,,,,,,,
41918,41918,10943,Guangzhou Kingmed Diagnostics Group Co Ltd,Guangzhou Kingmed Diagnostics Group,,,,,,,,,,,,,,,,
41933,41933,6869,Danske Bank A-S,Danske Bank,,,,,,,,,,,,,,,,
41966,41966,3375,Alerion Clean Power S.p.A.,Alerion Clean Power,,,,,,,,,,,,,,,,
41970,41970,20242,Sekisui House Reit,Sekisui House Ltd,,,,,,,,,,,,,,,,
41971,41971,27377,Avery Dennison Corporation,Avery Dennison Corp,,,,,,,,,,,,,,,,
41988,41988,2153,Kt&g Corporation,Kt Corporation,,,,,,,,,,,,,,,,
42018,42018,12896,"Uipath, Inc.","UiPath, Inc.",,,,,,,,,,,,,,,,
42025,42025,27355,Vector Group Ltd,Vector Group,,,,,,,,,,,,,,,,
42030,42030,32131,ALL ABOUT BARGAINS LIMITED,ALL ABOUT BALLOONS LIMITED,,,,,,,,,,,,,,,,
42035,42035,27619,China Youzan Ltd,China Youzan,,,,,,,,,,,,,,,,
42036,42036,27522,Softbank Corp.,Softbank,,,,,,,,,,,,,,,,
42039,42039,25071,Siam Global House Public Company Ltd,Siam Global House Public Company,,,,,,,,,,,,,,,,
42041,42041,33620,Industrial Bank of Korea,Industrial Bank Of Korea,,,,,,,,,,,,,,,,
42048,42048,33250,Beijing Cuiwei Tower Co. Ltd,Beijing Cuiwei Tower,,,,,,,,,,,,,,,,
42054,42054,39962,Texas Capital Bancshares Inc,Texas Capital Bancshares,,,,,,,,,,,,,,,,
42061,42061,17948,U GENE LTD,U GEN LIMITED,,,,,,,,,,,,,,,,
42075,42075,22574,Volkswagen Group Italia Spa,Volkswagen Group,,,,,,,,,,,,,,,,
42103,42103,20618,Shin Kong Financial Holding Co Ltd,Shin Kong Financial Holding,,,,,,,,,,,,,,,,
42106,42106,35722,STRABAG SE,STRABAG,,,,,,,,,,,,,,,,
42121,42121,4756,Spin Master Corp,Spin Master,,,,,,,,,,,,,,,,
42129,42129,39781,Pets at Home Group Plc,Pets At Home Group,,,,,,,,,,,,,,,,
42149,42149,8069,AMWAY INTERNATIONAL INC.,"AMWAY INTERNATIONAL DEVELOPMENT, INC.",,,,,,,,,,,,,,,,
42177,42177,11310,MonotaRO Co. Ltd,MonotaRO Co Ltd,,,,,,,,,,,,,,,,
42185,42185,8963,Lg Electronics Italia Spa,Lg Electronics,,,,,,,,,,,,,,,,
42190,42190,17803,V & N PROPERTY SERVICES LIMITED,V & N PROPERTIES LIMITED,,,,,,,,,,,,,,,,
42202,42202,41625,BGI Genomics Co. Ltd,BGI Genomics Co Ltd,,,,,,,,,,,,,,,,
42207,42207,22482,Mainova Ag,Mainova AG,,,,,,,,,,,,,,,,
42219,42219,3829,Swedish Match Ab (publ),Swedish Match AB,,,,,,,,,,,,,,,,
42231,42231,41647,SM Investments Corp,SM Investments,,,,,,,,,,,,,,,,
42234,42234,29149,Jash Engineering Ltd,Jash Engineering,,,,,,,,,,,,,,,,
42237,42237,30773,Red Electrica Corporacion SA,Red Electrica Corporacion,,,,,,,,,,,,,,,,
42246,42246,26281,Nippon Telegraph and Telephone Corp,Nippon Telegraph And Telephone Corporation,,,,,,,,,,,,,,,,
42251,42251,28992,Alony-hetz Properties & Investments Ltd,Alony-Hetz Properties & Investments Ltd,,,,,,,,,,,,,,,,
42279,42279,3618,Motus Holdings Ltd,Motus Holdings,,,,,,,,,,,,,,,,
42284,42284,34982,ALL ABOUT DOODLES LIMITED,ALL ABOUT DOGS LIMITED,,,,,,,,,,,,,,,,
42287,42287,15839,Healius Ltd,Healius Limited,,,,,,,,,,,,,,,,
42303,42303,14935,BioNTech SE,BioNTech,,,,,,,,,,,,,,,,
42319,42319,33435,Severn Trent plc,Severn Trent Plc,,,,,,,,,,,,,,,,
42332,42332,22335,Deutsche Bank Spa,Deutsche Bank AG,,,,,,,,,,,,,,,,
42337,42337,19249,Clean Science And Technology Limited,Clean Science And Technology,,,,,,,,,,,,,,,,
42339,42339,4327,FOOD DEVELOPMENT SOLUTIONS LIMITED,FOOD DEVELOPMENT SERVICES LIMITED,,,,,,,,,,,,,,,,
42340,42340,5141,MMC Norilsk Nickel PJSC,MMC Norilsk Nickel,,,,,,,,,,,,,,,,
42362,42362,15357,Faraday Technology Corporation,Faraday Technology Corp,,,,,,,,,,,,,,,,
42376,42376,27616,Maple Leaf Foods Inc,Maple Leaf Foods,,,,,,,,,,,,,,,,
42391,42391,22650,Wacker Chemie AG,Wacker Chemie,,,,,,,,,,,,,,,,
42393,42393,39763,Hana Financial Group Inc,Hana Financial Group,,,,,,,,,,,,,,,,
42433,42433,40621,"Toray Industries, Inc.",Toray Industries Inc,,,,,,,,,,,,,,,,
42436,42436,18173,Hainan Airlines Co Ltd,Hainan Airlines,,,,,,,,,,,,,,,,
42437,42437,33277,Prosegur Compania De Seguridad,Prosegur Cia de Seguridad SA,,,,,,,,,,,,,,,,
42448,42448,24672,Yourparkingspace Limited,Yourparkingspace,,,,,,,,,,,,,,,,
42452,42452,29209,"Konica Minolta, Inc.",Konica Minolta Inc,,,,,,,,,,,,,,,,
42456,42456,8618,Royalty Pharma plc,Royalty Pharma Plc,,,,,,,,,,,,,,,,
42460,42460,14941,Great Eastern Holdings Ltd,Great Eastern Holdings,,,,,,,,,,,,,,,,
42464,42464,4888,"Tandem Diabetes Care, Inc.",Tandem Diabetes Care,,,,,,,,,,,,,,,,
42468,42468,34025,ALL ABOUT AGGREGATES LTD,ALL ABOUT AGGREG8 LTD,,,,,,,,,,,,,,,,
42469,42469,18805,Ajinomoto Co Inc,Ajinomoto,,,,,,,,,,,,,,,,
42480,42480,3794,Snam SpA,Snam S.p.A.,,,,,,,,,,,,,,,,
42488,42488,7209,SONY INTERACTIVE ENTERTAINMENT NETWORK EUROPE LIMITED,SONY INTERACTIVE ENTERTAINMENT EUROPE LIMITED,,,,,,,,,,,,,,,,
42493,42493,36182,Shenzhen Zhongjin Lingnan Nonfemet Co. Ltd.,Shenzhen Zhongjin Lingnan Nonfemet Co Ltd,,,,,,,,,,,,,,,,
42494,42494,41787,Samsung Electro-mechanics,Samsung Electro-Mechanics Co Ltd,,,,,,,,,,,,,,,,
42499,42499,29705,China Merchants Energy Shipping Co. Ltd,China Merchants Energy Shipping,,,,,,,,,,,,,,,,
42518,42518,27740,Constellation Energy Corporation,Constellation Energy Corp,,,,,,,,,,,,,,,,
42527,42527,25812,Chemed Corporation,Chemed Corp,,,,,,,,,,,,,,,,
42577,42577,12673,Orient Bikes,Orient Bell,,,,,,,,,,,,,,,,
42583,42583,30861,Esselunga Spa,Esselunga,,,,,,,,,,,,,,,,
42598,42598,19131,DISH Network Corp,DISH Network,,,,,,,,,,,,,,,,
42606,42606,29852,Veidekke Asa,Veidekke ASA,,,,,,,,,,,,,,,,
42626,42626,32567,Allegis Group Inc,Allegis Group,,,,,,,,,,,,,,,,
42628,42628,10087,Austerlitz Acquisition Corporation I,Austerlitz Acquisition Corp Ii,,,,,,,,,,,,,,,,
42640,42640,38940,Taiyo Holdings Co. Ltd,Taiyo Holdings,,,,,,,,,,,,,,,,
42653,42653,22869,ALL ABOUT SPORT LIMITED,ALL ABOUT SPINES LIMITED,,,,,,,,,,,,,,,,
42655,42655,6097,Ping An Bank Co Ltd,Ping An Bank,,,,,,,,,,,,,,,,
42662,42662,6695,Aritzia Inc,Aritzia,,,,,,,,,,,,,,,,
42669,42669,30814,"Burlington Stores, Inc.",Burlington Stores Inc,,,,,,,,,,,,,,,,
42682,42682,29684,Darktrace Plc,Darktrace,,,,,,,,,,,,,,,,
42690,42690,34862,TE Connectivity Ltd.,TE Connectivity Ltd,,,,,,,,,,,,,,,,
42696,42696,16946,Pilot Corporation,Pilot Corp,,,,,,,,,,,,,,,,
42712,42712,4036,Insperity Inc,Insperity,,,,,,,,,,,,,,,,
42713,42713,33439,Infinera Corporation,Infinera Corp,,,,,,,,,,,,,,,,
42720,42720,31800,Greentown Service Group Co. Ltd,Greentown Service Group,,,,,,,,,,,,,,,,
42730,42730,5964,Visio Nerf,Visier,,,,,,,,,,,,,,,,
42731,42731,25993,Minerals Technologies Inc,Minerals Technologies,,,,,,,,,,,,,,,,
42751,42751,27505,Nippon Steel Trading Corp,Nippon Steel Trading,,,,,,,,,,,,,,,,
42763,42763,16431,"Parlem Telecom Companyia de Telecomunicacions, SA",Parlem Telecom Companyia de Telecomunicacions,,,,,,,,,,,,,,,,
42778,42778,4495,Arnoldo Mondadori Editore S.p.A.,Arnoldo Mondadori Editore,,,,,,,,,,,,,,,,
42779,42779,24812,Global Power Synergy Public Company Ltd,Global Power Synergy Public Company,,,,,,,,,,,,,,,,
42784,42784,41917,STMicroelectronics NV,STMicroelectronics N.V.,,,,,,,,,,,,,,,,
42793,42793,32119,Gaumont SA,Gaumont,,,,,,,,,,,,,,,,
42806,42806,20501,Nabtesco Corporation,Nabtesco Corp,,,,,,,,,,,,,,,,
42809,42809,1689,Zeon Corporation,Zeon Corp,,,,,,,,,,,,,,,,
42817,42817,22767,TKH Group NV,TKH Group N.V.,,,,,,,,,,,,,,,,
42822,42822,23284,Guangzhou Baiyunshan Pharmaceutical Holdings Company,Guangzhou Baiyunshan Pharmaceutical Holdings Co Ltd,,,,,,,,,,,,,,,,
42827,42827,4950,Quest Diagnostics Inc,Quest Diagnostics,,,,,,,,,,,,,,,,
42829,42829,39557,BEAUTY AT NO.26 LTD,BEAUTY AT NO.25 LTD.,,,,,,,,,,,,,,,,
42831,42831,33074,"Wingtech Technology Co.,Ltd",Wingtech Technology Co Ltd,,,,,,,,,,,,,,,,
42840,42840,10712,Brookfield Asset Management Inc.,Brookfield Asset Management,,,,,,,,,,,,,,,,
42868,42868,32500,Kyushu Electric Power Co Inc,Kyushu Electric Power,,,,,,,,,,,,,,,,
42880,42880,9716,SOFTWARE CONSULTANT LTD,SOFTWARE CONSULTANCY SOLUTIONS LTD,,,,,,,,,,,,,,,,
42908,42908,8996,Jones Lang LaSalle Incorporated,Jones Lang LaSalle Inc,,,,,,,,,,,,,,,,
42911,42911,25107,"Synopsys, Inc.",Synopsys Inc,,,,,,,,,,,,,,,,
42917,42917,23957,Zhejiang Sanhua Intelligent Controls Co Ltd,Zhejiang Sanhua Intelligent Controls,,,,,,,,,,,,,,,,
42919,42919,24897,The Yokohama Rubber Company Ltd,The Yokohama Rubber Co Ltd,,,,,,,,,,,,,,,,
42934,42934,41128,ALL ABOUT CASHMERE LIMITED,ALL ABOUT CASH LTD,,,,,,,,,,,,,,,,
42939,42939,14884,Airtel Africa plc,Airtel Africa,,,,,,,,,,,,,,,,
42950,42950,20585,NEW AGE DEVELOPERS TRADING LIMITED,NEW AGE DEVELOPERS RENTALS LIMITED,,,,,,,,,,,,,,,,
42970,42970,32568,"Royal Gold, Inc.",Royal Gold,,,,,,,,,,,,,,,,
42984,42984,20719,"Monolithic Power Systems, Inc.",Monolithic Power Systems Inc,,,,,,,,,,,,,,,,
42994,42994,9585,H & A PROPERTIES MANGEMENT LTD,H & A PROPERTIES MANAGEMENT LTD,,,,,,,,,,,,,,,,
42998,42998,29041,Avalonbay Communities,"AvalonBay Communities, Inc.",,,,,,,,,,,,,,,,
43003,43003,18681,"Plantronics, Inc.",Plantronics Inc,,,,,,,,,,,,,,,,
43014,43014,17686,"VeriSign, Inc.",VeriSign Inc,,,,,,,,,,,,,,,,
43019,43019,13740,Deliveroo plc,Deliveroo Plc,,,,,,,,,,,,,,,,
43031,43031,37645,Caledonia Investments plc,Caledonia Investments,,,,,,,,,,,,,,,,
43034,43034,5757,Greif Inc,Greif,,,,,,,,,,,,,,,,
43036,43036,9257,Eicher Motors Ltd,Eicher Motors,,,,,,,,,,,,,,,,
43048,43048,933,Primax Electronics Ltd,Primax Electronics,,,,,,,,,,,,,,,,
43052,43052,12981,Kyoritsu Maintenance Co Ltd,Kyoritsu Maintenance,,,,,,,,,,,,,,,,
43070,43070,22568,BAD APPLE HAIR SOLIHULL LTD,BAD APPLE HAIR SALONS UK LIMITED,,,,,,,,,,,,,,,,
43077,43077,21703,Smart Globe Holdings Ltd,Smart Global Holdings,,,,,,,,,,,,,,,,
43088,43088,19705,Petronet LNG Ltd,Petronet LNG,,,,,,,,,,,,,,,,
43100,43100,31227,Creditaccess Grameen Limited,CreditAccess Grameen Ltd,,,,,,,,,,,,,,,,
43111,43111,41972,Games Workshop Group plc,Games Workshop Group,,,,,,,,,,,,,,,,
43112,43112,40707,Cochlear Ltd,Cochlear Limited,,,,,,,,,,,,,,,,
43114,43114,32625,Ryanair Holdings plc,Ryanair Holdings Plc,,,,,,,,,,,,,,,,
43132,43132,16447,Mitsubishi Chemical Holdings Corporation,Mitsubishi Chemical Holdings Corp,,,,,,,,,,,,,,,,
43141,43141,41322,Terex Corporation,Terex Corp,,,,,,,,,,,,,,,,
43145,43145,17677,"Exelixis, Inc.",Exelixis Inc,,,,,,,,,,,,,,,,
43152,43152,13782,Kunlun Energy Company,Kunlun Energy Co Ltd,,,,,,,,,,,,,,,,
43165,43165,1303,KBC Group NV,KBC Group,,,,,,,,,,,,,,,,
43166,43166,19695,Reliance Steel & Aluminum Co.,Reliance Steel & Aluminum Co,,,,,,,,,,,,,,,,
43183,43183,33830,Episil-precision,"Episil-Precision, Inc.",,,,,,,,,,,,,,,,
43193,43193,1507,Makalot Industrial Co. Ltd,Makalot Industrial Co Ltd,,,,,,,,,,,,,,,,
43196,43196,34222,Croda International Plc,Croda International,,,,,,,,,,,,,,,,
43210,43210,9925,Shanghai Jin Jiang Capital Company,Shanghai Jin Jiang Capital Co Ltd,,,,,,,,,,,,,,,,
43211,43211,4993,Sandfire Resources Nl,Sandfire Resources Limited,,,,,,,,,,,,,,,,
43215,43215,38639,"Tohoku Electric Power Company, Inc.",Tohoku Electric Power Company,,,,,,,,,,,,,,,,
43238,43238,16371,Medifast Inc,Medifast,,,,,,,,,,,,,,,,
43249,43249,28157,Marubeni Corporation,Marubeni Corp,,,,,,,,,,,,,,,,
43250,43250,30726,SBM Offshore N.V.,SBM Offshore,,,,,,,,,,,,,,,,
43261,43261,34540,ZF Friedrichshafen AG,ZF Friedrichshafen,,,,,,,,,,,,,,,,
43268,43268,29128,Phenom People Careers,Phenom People,,,,,,,,,,,,,,,,
43301,43301,23393,Amadeus IT Group SA,Amadeus IT Group,,,,,,,,,,,,,,,,
43323,43323,30,Flow Traders N.V.,Flow Traders,,,,,,,,,,,,,,,,
43330,43330,16642,Italtile Ltd,Italtile,,,,,,,,,,,,,,,,
43331,43331,20588,Moonpig Group Plc,Moonpig Group,,,,,,,,,,,,,,,,
43335,43335,40114,"J.B. Hunt Transport Services, Inc.",J.B. Hunt Transport Services Inc,,,,,,,,,,,,,,,,
43339,43339,16750,Calbee Inc,Calbee,,,,,,,,,,,,,,,,
43346,43346,2335,Volkswagen AG,Volkswagen,,,,,,,,,,,,,,,,
43349,43349,1326,Ruffer Investment Company Ltd,Ruffer Investment Company Limited,,,,,,,,,,,,,,,,
43367,43367,8191,Beijing Jingneng Power Co. Ltd,Beijing Jingneng Power,,,,,,,,,,,,,,,,
43373,43373,13678,Postal Savings Bank of China Co Ltd,Postal Savings Bank Of China (PSBC),,,,,,,,,,,,,,,,
43374,43374,9902,BAD APPLE PROJECTS LTD,BAD APPLE PRODUCTIONS LIMITED,,,,,,,,,,,,,,,,
43377,43377,19266,Digital Realty Careers,Digital Reality,,,,,,,,,,,,,,,,
43395,43395,26769,Daiwabo Holdings Co Ltd,Daiwabo Holdings,,,,,,,,,,,,,,,,
43402,43402,25491,Suez Sa,Suez SA,,,,,,,,,,,,,,,,
43415,43415,22333,Focus Media Information Technology Co Ltd,Focus Media Information Technology,,,,,,,,,,,,,,,,
43431,43431,41008,V & M CONSULTING LTD,V & M CONSULTANCY LTD,,,,,,,,,,,,,,,,
43436,43436,30088,DoorDash Inc,DoorDash,,,,,,,,,,,,,,,,
43440,43440,22015,NALCO ITALIANA SRL,NALCO ITALIANA HOLDINGS SRL,,,,,,,,,,,,,,,,
43449,43449,9880,BEAUTY AFFIRMATIONS LTD,BEAUTY AFFAIR LTD,,,,,,,,,,,,,,,,
43450,43450,15163,Futu Holdings Limited,Futu Holdings,,,,,,,,,,,,,,,,
43452,43452,38286,Riken Keiki Co. Ltd,Riken Keiki,,,,,,,,,,,,,,,,
43456,43456,11451,"Ningbo Orient Wires & Cables Co.,Ltd.",Ningbo Orient Wires & Cables,,,,,,,,,,,,,,,,
43462,43462,15334,Morgan Sindall Group Plc,Morgan Sindall Group,,,,,,,,,,,,,,,,
43463,43463,15659,Smurfit Kappa Group,Smurfit Kappa,,,,,,,,,,,,,,,,
43466,43466,34206,Nien Made Enterprise Co. Ltd,Nien Made Enterprise Co Ltd,,,,,,,,,,,,,,,,
43467,43467,35866,Elementis plc,Elementis,,,,,,,,,,,,,,,,
43470,43470,17433,S A FASHION TRADING LTD,S A FASHION TRADE LTD,,,,,,,,,,,,,,,,
43481,43481,14405,Nichidenbo Corp,Nichicon Corp,,,,,,,,,,,,,,,,
43483,43483,26596,Southern Copper Corporation,Southern Copper Corp,,,,,,,,,,,,,,,,
43495,43495,19133,Dabur India Ltd,Dabur India,,,,,,,,,,,,,,,,
43496,43496,27451,Arihant Superstructures Ltd,Arihant Superstructures,,,,,,,,,,,,,,,,
43505,43505,15943,"Hangzhou Lion Electronics Co.,ltd","Hangzhou Lion Electronics Co.,Ltd",,,,,,,,,,,,,,,,
43511,43511,12847,"Guidewire Software, Inc.",Guidewire Software,,,,,,,,,,,,,,,,
43520,43520,7258,Catalent Inc,Catalent,,,,,,,,,,,,,,,,
43536,43536,29331,"John Wiley & Sons, Inc.",John Wiley & Sons,,,,,,,,,,,,,,,,
43541,43541,13015,Unicaja Banco SA,Unicaja Banco,,,,,,,,,,,,,,,,
43560,43560,38550,Evolution Mining Ltd,Evolution Mining Limited,,,,,,,,,,,,,,,,
43565,43565,1834,Daiichi Sankyo Co Ltd,Daiichi Sankyo,,,,,,,,,,,,,,,,
43574,43574,27799,"CENTRIC DENIM USA, LLC",CENTRIC BRANDS LLC,,,,,,,,,,,,,,,,
43578,43578,40818,Swiss Prime Site Ag,Swiss Prime Site AG,,,,,,,,,,,,,,,,
43588,43588,36613,Northwave Group,Northwave,,,,,,,,,,,,,,,,
43591,43591,21192,Bank of Queensland Limited,Bank of Queensland,,,,,,,,,,,,,,,,
43593,43593,220,DMG Mori Seiki Co Ltd,DMG Mori Co. Ltd,,,,,,,,,,,,,,,,
43598,43598,24324,Banca Monte dei Paschi di Siena SpA,Banca Monte dei Paschi di Siena S.p.A.,,,,,,,,,,,,,,,,
43605,43605,42387,Savills Plc,Savills,,,,,,,,,,,,,,,,
43616,43616,24294,Hitachi Transport System Ltd,Hitachi Transport System,,,,,,,,,,,,,,,,
43629,43629,34277,Grant Thornton Bharat,Grant Thornton,,,,,,,,,,,,,,,,
43658,43658,42480,Snam Spa,Snam SpA,,,,,,,,,,,,,,,,
43662,43662,41290,SOFTWARE ENGINEERING LIMITED,SOFTWARE ENGINEERING EXPERTS LIMITED,,,,,,,,,,,,,,,,
43673,43673,28075,Alamo Group Inc,Alamo Group,,,,,,,,,,,,,,,,
43674,43674,3462,ALL ABOUT CRAFTS TRADE LIMITED,ALL ABOUT CRAFTS LIMITED,,,,,,,,,,,,,,,,
43677,43677,24198,Investment AB Öresund,Investment AB Oresund,,,,,,,,,,,,,,,,
43699,43699,15125,"Casey's General Stores, Inc.",Casey's General Stores Inc,,,,,,,,,,,,,,,,
43713,43713,2953,Japan Post Insurance Co Ltd,Japan Post Insurance,,,,,,,,,,,,,,,,
43722,43722,3399,ITDS Polska,ITDS Poland,,,,,,,,,,,,,,,,
43731,43731,33188,Glaxosmithkline,GlaxoSmithKline plc,,,,,,,,,,,,,,,,
43742,43742,25284,"BROWN & BROWN, INC.","BROWN & BROWN OF FLORIDA, INC.",,,,,,,,,,,,,,,,
43745,43745,40465,"Hisamitsu Pharmaceutical Co., Inc.",Hisamitsu Pharmaceutical Co Inc,,,,,,,,,,,,,,,,
43747,43747,4729,D.R. Horton Inc,D.R. Horton,,,,,,,,,,,,,,,,
43788,43788,41447,Isuzu Motors Ltd,Isuzu Motors,,,,,,,,,,,,,,,,
43793,43793,39178,Maxim Integrated Products Inc,Maxim Integrated Products,,,,,,,,,,,,,,,,
43796,43796,3717,ASE Technology Holding Co Ltd,ASE Technology Holding,,,,,,,,,,,,,,,,
43798,43798,37536,Yamana Gold Inc.,Yamana Gold Inc,,,,,,,,,,,,,,,,
43823,43823,9248,Adevinta Asa,Adevinta ASA,,,,,,,,,,,,,,,,
43834,43834,1190,H A CONSTRUCTION SERVICES LTD,H A CONSTRUCTION LTD,,,,,,,,,,,,,,,,
43836,43836,18243,Hyundai Engineering & Construction,Hyundai Engineering,,,,,,,,,,,,,,,,
43837,43837,35224,Equital Ltd,Equital,,,,,,,,,,,,,,,,
43849,43849,8855,Royal Bank of Canada,Royal Bank Of Canada,,,,,,,,,,,,,,,,
43853,43853,15538,Poly Property Services Co. Ltd,Poly Property Group Co. Ltd,,,,,,,,,,,,,,,,
43870,43870,41565,Amphenol Corp,Amphenol,,,,,,,,,,,,,,,,
43880,43880,34340,Coty Inc.,Coty Inc,,,,,,,,,,,,,,,,
43898,43898,4220,Donaldson Company,Donaldson Co Inc,,,,,,,,,,,,,,,,
43903,43903,7195,FOOD AND BEVERAGE CONSULTANTS LIMITED,FOOD AND BEVERAGE BRANDS LIMITED,,,,,,,,,,,,,,,,
43912,43912,9690,CSSC Offshore & Marine Engineering Group Co Ltd,CSSC Offshore & Marine Engineering (Group) Company Ltd,,,,,,,,,,,,,,,,
43924,43924,30714,GDS Holdings Ltd,GDS Holdings Limited,,,,,,,,,,,,,,,,
43925,43925,25538,Z CONSULTING LTD,Z CONSULTANTS LIMITED,,,,,,,,,,,,,,,,
43932,43932,31365,Q DENT LTD,Q DELTA LTD,,,,,,,,,,,,,,,,
43934,43934,6724,JDE Peet's N.V.,JDE Peet's,,,,,,,,,,,,,,,,
43935,43935,25459,BlueScope Steel Ltd,BlueScope Steel Limited,,,,,,,,,,,,,,,,
43941,43941,35108,Premier Investments Limited,Premier Investments,,,,,,,,,,,,,,,,
43944,43944,25227,Affiliated Managers Group Inc,Affiliated Managers Group,,,,,,,,,,,,,,,,
43951,43951,6813,Eclat Textile Co Ltd,Eclat Textile,,,,,,,,,,,,,,,,
43957,43957,36208,Integer Holdings Corporation,Integer Holdings Corp,,,,,,,,,,,,,,,,
43962,43962,11384,UDG Healthcare plc,UDG Healthcare Plc,,,,,,,,,,,,,,,,
43963,43963,10919,Fangda Special Steel Technology Co. Ltd,Fangda Special Steel Technology,,,,,,,,,,,,,,,,
43967,43967,30408,Siemens Healthineers AG,Siemens Healthineers,,,,,,,,,,,,,,,,
43968,43968,36318,Kurita Water Industries Ltd,Kurita Water Industries,,,,,,,,,,,,,,,,
43975,43975,21393,Janus Henderson Group Plc,Janus Henderson Group,,,,,,,,,,,,,,,,
43976,43976,38022,Inner Mongolia Yitai Coal Co Ltd,Inner Mongolia Yitai Coal,,,,,,,,,,,,,,,,
43985,43985,24774,Formosa Taffeta Co Ltd,Formosa Taffeta,,,,,,,,,,,,,,,,
43989,43989,24867,Zscaler Inc,Zscaler,,,,,,,,,,,,,,,,
44021,44021,18810,Omron Corporation,Omron Corp,,,,,,,,,,,,,,,,
44024,44024,30976,Kintetsu Groupholdings,"Kintetsu Group Holdings Co.,Ltd.",,,,,,,,,,,,,,,,
44036,44036,26087,TransDigm Group Incorporated,TransDigm Group Inc,,,,,,,,,,,,,,,,
44041,44041,12147,Arcos Dorados Holdings Inc.,Arcos Dorados Holdings,,,,,,,,,,,,,,,,
44043,44043,40676,Alaska Air Group Inc,Alaska Air Group,,,,,,,,,,,,,,,,
44067,44067,41702,Canadian Natural Resources Ltd,Canadian Natural Resources Limited,,,,,,,,,,,,,,,,
44070,44070,36955,Chong Kun Dang Pharmaceutical Corp,Chong Kun Dang Pharmaceutical,,,,,,,,,,,,,,,,
44076,44076,35757,K's Holdings Corporation,K's Holdings Corp,,,,,,,,,,,,,,,,
44080,44080,24450,Ningbo Tuopu Group Co. Ltd,Ningbo Tuopu Group,,,,,,,,,,,,,,,,
44094,44094,21304,Melisron Ltd,Melisron,,,,,,,,,,,,,,,,
44107,44107,16972,Public Joint Stock Company Gazprom,Public Joint Stock Company GAZ,,,,,,,,,,,,,,,,
44112,44112,18447,BEAUTY BENEATH SALON LIMITED,BEAUTY BENEATH LIMITED,,,,,,,,,,,,,,,,
44115,44115,24254,"SK Telecom Co.,Ltd",SK Telecom Co Ltd,,,,,,,,,,,,,,,,
44117,44117,36198,"Shanghai Aj Group Co.,Ltd",Shanghai Aj Group,,,,,,,,,,,,,,,,
44131,44131,30565,Enbridge Inc,Enbridge,,,,,,,,,,,,,,,,
44168,44168,14880,CANVAS HOLIDAYS LIMITED,CANVAS HOLDINGS LIMITED,,,,,,,,,,,,,,,,
44189,44189,36594,Spirax-sarco Engineering,Spirax-Sarco Engineering plc,,,,,,,,,,,,,,,,
44205,44205,8625,"Rising Nonferrous Metals Share Co.,Ltd.",Rising Nonferrous Metals Share,,,,,,,,,,,,,,,,
44208,44208,13364,Vienna Insurance Group AG,Vienna Insurance Group,,,,,,,,,,,,,,,,
44231,44231,24709,Yara International Asa,Yara International ASA,,,,,,,,,,,,,,,,
44233,44233,30885,"Cellnex Telecom, SA",Cellnex Telecom SA,,,,,,,,,,,,,,,,
44242,44242,33692,Sailun Group Co. Ltd,Sailun Group Co Ltd,,,,,,,,,,,,,,,,
44244,44244,33436,Korea Gas Corp,Korea Gas,,,,,,,,,,,,,,,,
44245,44245,28871,SOFTWARE ASIA LTD,SOFTWARE ARTISTS LTD,,,,,,,,,,,,,,,,
44247,44247,13534,Screen Holdings Co Ltd,Screen Holdings,,,,,,,,,,,,,,,,
44253,44253,25322,ALL ABOUT BOILERS LTD,ALL ABOUT BLING LTD,,,,,,,,,,,,,,,,
44254,44254,15194,"Trex Company, Inc.",Trex Company Inc,,,,,,,,,,,,,,,,
44260,44260,9353,Zhefu Holding Group Co Ltd,Zhefu Holding Group,,,,,,,,,,,,,,,,
44275,44275,15239,OFFICINE MACCAFERRI SPA,OFFICINE MACCAFERRI ITALIA SRL,,,,,,,,,,,,,,,,
44283,44283,14332,Krones AG,Krones,,,,,,,,,,,,,,,,
44292,44292,4407,Shanghai Flyco Electrical Appliance Co. Ltd,Shanghai Flyco Electrical Appliance,,,,,,,,,,,,,,,,
44306,44306,9766,Zoomlion Heavy Industry Science and Technology Co Ltd,Zoomlion Heavy Industry Science And Technology,,,,,,,,,,,,,,,,
44310,44310,37295,Raspadskaya OJSC,Raspadskaya,,,,,,,,,,,,,,,,
44342,44342,20914,Grundfos Pumps,Grundfos,,,,,,,,,,,,,,,,
44347,44347,8082,Crestwood Equity Partners Lp,Crestwood Equity Partners LP,,,,,,,,,,,,,,,,
44376,44376,28385,Kenedix Office Investment Corporation,Kenedix Office Investment Corp,,,,,,,,,,,,,,,,
44377,44377,13384,Ratch Group Public Company Ltd,Ratch Group Public Company,,,,,,,,,,,,,,,,
44395,44395,20169,"Arrow Electronics, Inc.",Arrow Electronics Inc,,,,,,,,,,,,,,,,
44403,44403,41210,SOFTWARE HATCH LTD,SOFTWARE HAMSTERS LTD,,,,,,,,,,,,,,,,
44407,44407,166,Samsung SDS Co Ltd,Samsung SDS,,,,,,,,,,,,,,,,
44408,44408,27935,Trigano SA,Trigano,,,,,,,,,,,,,,,,
44421,44421,35431,Iridium Communications Inc.,Iridium Communications,,,,,,,,,,,,,,,,
44427,44427,17214,Intertek Group plc,Intertek Group Plc,,,,,,,,,,,,,,,,
44439,44439,1884,Hyundai Engineering and Construction,Hyundai Engineering & Construction Co Ltd,,,,,,,,,,,,,,,,
44442,44442,42888,Rosgosstrakh Insurance Company (public Joint Stock Company),Rosgosstrakh Insurance Company (Public Joint Stock Company),,,,,,,,,,,,,,,,
44453,44453,26611,Nedbank Ltd,Nedbank Group Ltd,,,,,,,,,,,,,,,,
44461,44461,9743,Owl Rock Capital Corporation,Owl Rock Capital Corp,,,,,,,,,,,,,,,,
44474,44474,6577,The Mosaic Company,The Mosaic Co,,,,,,,,,,,,,,,,
44486,44486,14268,Playtech Plc,Playtech,,,,,,,,,,,,,,,,
44489,44489,33046,Tessenderlo Group Nv,Tessenderlo Group NV,,,,,,,,,,,,,,,,
44490,44490,18116,Murata Manufacturing Co. Ltd,Murata Manufacturing Co Ltd,,,,,,,,,,,,,,,,
44534,44534,20701,Tav Havalimanlari Holding A.s.,Tav Havalimanlari Holding,,,,,,,,,,,,,,,,
44540,44540,17364,ARC Resources Ltd.,ARC Resources Ltd,,,,,,,,,,,,,,,,
44571,44571,25863,Pointsbet Holdings,PointsBet Holdings Limited,,,,,,,,,,,,,,,,
44573,44573,24800,Yes Bank Ltd,Yes Bank,,,,,,,,,,,,,,,,
44575,44575,22965,"Songcheng Performance Development Co.,Ltd",Songcheng Performance Development,,,,,,,,,,,,,,,,
44582,44582,13287,Change Healthcare Inc.,Change Healthcare,,,,,,,,,,,,,,,,
44584,44584,38664,Johnson Matthey plc,Johnson Matthey Plc,,,,,,,,,,,,,,,,
44585,44585,17301,Samsung Fire & Marine Insurance,Samsung Fire & Marine,,,,,,,,,,,,,,,,
44593,44593,4850,Mebuki Financial Group Inc,Mebuki Financial Group,,,,,,,,,,,,,,,,
44595,44595,24347,Caltagirone Editore SpA,Caltagirone Editore,,,,,,,,,,,,,,,,
44597,44597,32149,Chicony Electronics Co. Ltd,Chicony Electronics Co Ltd,,,,,,,,,,,,,,,,
44604,44604,21803,ALL ABOUT MEDIA LIMITED,ALL ABOUT MECHANICAL LIMITED,,,,,,,,,,,,,,,,
44616,44616,28937,Dorel Industries Inc.,Dorel Industries Inc,,,,,,,,,,,,,,,,
44617,44617,9178,Stamps.com Inc.,Stamps.com,,,,,,,,,,,,,,,,
44619,44619,34291,mVISE AG,mVISE,,,,,,,,,,,,,,,,
44623,44623,15443,Stitch Fix Inc,Stitch Fix,,,,,,,,,,,,,,,,
44627,44627,1143,Samsung Life Insurance Co Ltd,Samsung Life Insurance,,,,,,,,,,,,,,,,
44646,44646,32951,Garmin Ltd.,Garmin Ltd,,,,,,,,,,,,,,,,
44667,44667,40951,MOTT MACDONALD LIMITED,MOTT MACDONALD GROUP LIMITED,,,,,,,,,,,,,,,,
44698,44698,21906,"Takamatsu Construction Group Co., Ltd.",Takamatsu Construction Group Co. Ltd,,,,,,,,,,,,,,,,
44701,44701,7649,"Hikari Tsushin, Inc.",Hikari Tsushin Inc,,,,,,,,,,,,,,,,
44703,44703,2303,"Shell Midstream Partners, L.P.",Shell Midstream Partners,,,,,,,,,,,,,,,,
44705,44705,36687,Voestalpine AG,Voestalpine,,,,,,,,,,,,,,,,
44713,44713,3291,Dairy Farm International Holdings Limited,Dairy Farm International Holdings,,,,,,,,,,,,,,,,
44731,44731,36702,Chugai Pharmaceutical Co Ltd,Chugai Pharmaceutical,,,,,,,,,,,,,,,,
44740,44740,33792,Zalando Se,Zalando SE,,,,,,,,,,,,,,,,
44752,44752,40587,Verkkokauppa.com Oyj,Verkkokauppa.com,,,,,,,,,,,,,,,,
44757,44757,12449,Godrej Agrovet Ltd,Godrej Agrovet,,,,,,,,,,,,,,,,
44758,44758,7481,Interpump Group S.p.A.,Interpump Group,,,,,,,,,,,,,,,,
44764,44764,31308,S A DESIGN SOLUTIONS LTD,S A DESIGN CONSULTANTS LTD,,,,,,,,,,,,,,,,
44776,44776,13888,Banca Popolare di Sondrio S.C.p.A.,Banca Popolare di Sondrio,,,,,,,,,,,,,,,,
44784,44784,1624,Ackermans & Van Haaren Nv,Ackermans & Van Haaren NV,,,,,,,,,,,,,,,,
44792,44792,6778,Nippon Light Metal Holdings Company Ltd,Nippon Light Metal Holdings Company,,,,,,,,,,,,,,,,
44797,44797,22812,"Compal Electronics, Inc.",Compal Electronics Inc,,,,,,,,,,,,,,,,
44827,44827,6320,Canadian Pacific Railway Ltd,Canadian Pacific Railway Limited,,,,,,,,,,,,,,,,
44828,44828,7318,Reply Spa,Reply SpA,,,,,,,,,,,,,,,,
44856,44856,1627,"SKY Perfect JSAT Holdings, Inc.",SKY Perfect JSAT Holdings Inc,,,,,,,,,,,,,,,,
44862,44862,20274,BEAUTY BEE SERVICES LTD,BEAUTY BEE LTD,,,,,,,,,,,,,,,,
44867,44867,8744,Halma plc,Halma Plc,,,,,,,,,,,,,,,,
44875,44875,36134,Instillo,Instilla,,,,,,,,,,,,,,,,
44883,44883,30498,Walgreens Boots Alliance Inc,Walgreens Boots Alliance,,,,,,,,,,,,,,,,
44900,44900,11141,Kiatnakin Phatra Bank Public Company Ltd,Kiatnakin Phatra Bank Public Co Ltd,,,,,,,,,,,,,,,,
44905,44905,6595,"Qi An Xin Technology Group, Inc.",Qi An Xin Technology Group Inc.,,,,,,,,,,,,,,,,
44924,44924,16956,Regal Rexnord Corporation,Regal Rexnord Corp,,,,,,,,,,,,,,,,
44928,44928,38701,SSR Mining Inc.,SSR Mining Inc,,,,,,,,,,,,,,,,
44945,44945,737,China Hongqiao Group Ltd,China Hongqiao Group,,,,,,,,,,,,,,,,
44973,44973,18923,Fujifilm Holdings Corp,Fujifilm Holdings,,,,,,,,,,,,,,,,
44980,44980,30173,Cowen Inc,Cowen,,,,,,,,,,,,,,,,
44985,44985,17373,Sandvik Ab,Sandvik AB,,,,,,,,,,,,,,,,
44995,44995,32203,Bank of Chongqing Co. Ltd,Bank of Chongqing Co Ltd,,,,,,,,,,,,,,,,
44999,44999,43549,Corticeira Amorim S.g.p.s,Corticeira Amorim,,,,,,,,,,,,,,,,
45008,45008,23648,Obiz Concept SAS,Obiz Concept,,,,,,,,,,,,,,,,
45013,45013,13692,SDIC Power Holdings CO. Ltd,SDIC Power Holdings,,,,,,,,,,,,,,,,
45016,45016,24739,NetEase Inc,NetEase,,,,,,,,,,,,,,,,
45017,45017,38051,BLOOMBERG L.P.,BLOOMBERG FINANCE L.P.,,,,,,,,,,,,,,,,
45020,45020,9664,Banco Santander Rio SA,Banco Santander Rio,,,,,,,,,,,,,,,,
45022,45022,41646,Merck Kgaa O.n.,Merck Kgaa,,,,,,,,,,,,,,,,
45049,45049,36039,Tenaris SA,Tenaris,,,,,,,,,,,,,,,,
45071,45071,8553,"Cable One, Inc.",Cable One Inc,,,,,,,,,,,,,,,,
45084,45084,43332,Groupe Bruxelles Lambert SA,Groupe Bruxelles Lambert,,,,,,,,,,,,,,,,
45093,45093,44216,THALES UK LIMITED,THALES DIS UK LIMITED,,,,,,,,,,,,,,,,
45098,45098,33025,"Orbia Advance Corp, S.A.B. de C.V.",Orbia Advance Corp SAB de CV,,,,,,,,,,,,,,,,
45104,45104,4267,Beazley plc,Beazley,,,,,,,,,,,,,,,,
45105,45105,21,Benchmark Electronics Inc,Benchmark Electronics,,,,,,,,,,,,,,,,
45122,45122,20074,Deutsche Börse,Deutsche Borse AG,,,,,,,,,,,,,,,,
45125,45125,39743,Eutelsat Communications SA,Eutelsat Communications,,,,,,,,,,,,,,,,
45128,45128,24533,Firefly AB,Firefly,,,,,,,,,,,,,,,,
45145,45145,18288,Sociedad Quimica y Minera de Chile SA,Sociedad Quimica Y Minera De Chile,,,,,,,,,,,,,,,,
45150,45150,30928,"Alpha Networks, Inc.",Alpha Networks Inc,,,,,,,,,,,,,,,,
45152,45152,32485,Pirelli & C SpA,Pirelli & C,,,,,,,,,,,,,,,,
45156,45156,4402,"CONSTELLIS, LLC","CONSTELLIS HOLDINGS, LLC",,,,,,,,,,,,,,,,
45159,45159,33967,Crotram,Croteam,,,,,,,,,,,,,,,,
45166,45166,6220,Telenet Group Holding Nv,Telenet Group Holding NV,,,,,,,,,,,,,,,,
45175,45175,8243,Wielton SA,Wielton,,,,,,,,,,,,,,,,
45177,45177,44058,Meghmani Organics Ltd,Meghmani Organics,,,,,,,,,,,,,,,,
45178,45178,25773,Accell Group N.V.,Accell Group,,,,,,,,,,,,,,,,
45181,45181,40133,China Aerospace Times Electronics CO. Ltd,China Aerospace Times Electronics,,,,,,,,,,,,,,,,
45211,45211,3620,Aeon Co. Ltd,Aeon Co Ltd,,,,,,,,,,,,,,,,
45217,45217,19845,Shin-Etsu Chemical Co Ltd,Shin-Etsu Chemical,,,,,,,,,,,,,,,,
45219,45219,32872,DaVita Inc,DaVita,,,,,,,,,,,,,,,,
45227,45227,10145,"Five Below, Inc.",Five Below Inc,,,,,,,,,,,,,,,,
45231,45231,2318,Boohoo Group Plc,Boohoo Group,,,,,,,,,,,,,,,,
45234,45234,1171,San Miguel Corp,San Miguel,,,,,,,,,,,,,,,,
45238,45238,7003,Recordati Industria Chimica e Farmaceutica S.p.A.,Recordati Industria Chimica E Farmaceutica Spa,,,,,,,,,,,,,,,,
45289,45289,4804,Koito Manufacturing Co. Ltd,Koito Manufacturing Co Ltd,,,,,,,,,,,,,,,,
45294,45294,20158,Pinnacle Investment Management Group Limited,Pinnacle Investment Management Group,,,,,,,,,,,,,,,,
45310,45310,2170,Noctuai,Noctua,,,,,,,,,,,,,,,,
45312,45312,26079,Old Dominion Freight Line Inc,Old Dominion Freight Line,,,,,,,,,,,,,,,,
45320,45320,27070,Sumitomo Realty & Development Co. Ltd,Sumitomo Realty & Development Co Ltd,,,,,,,,,,,,,,,,
45355,45355,27838,Pembina Pipeline Corp,Pembina Pipeline,,,,,,,,,,,,,,,,
45358,45358,18151,Eland Oil & Gas**,Eland Oil & Gas,,,,,,,,,,,,,,,,
45374,45374,37260,Suntory Beverage & Food Ltd,Suntory Beverage & Food,,,,,,,,,,,,,,,,
45394,45394,41858,Lumentum Holdings Inc.,Lumentum Holdings Inc,,,,,,,,,,,,,,,,
45401,45401,2255,GOOD BROTHERS LTD,GOOD BROTHERS BOYD LTD,,,,,,,,,,,,,,,,
45406,45406,11483,Hexatronic Group Ab (publ),Hexatronic Group AB,,,,,,,,,,,,,,,,
45411,45411,17856,LIC Housing Finance Ltd,LIC Housing Finance,,,,,,,,,,,,,,,,
45412,45412,3196,Modern Times Group Mtg AB,Modern Times Group (MTG),,,,,,,,,,,,,,,,
45415,45415,4238,Komatsu Ltd,Komatsu,,,,,,,,,,,,,,,,
45417,45417,27381,Noevir Holdings Co. Ltd,Noevir Holdings,,,,,,,,,,,,,,,,
45418,45418,38696,Aptus Value Housing Finance India Limited,Aptus Value Housing Finance India,,,,,,,,,,,,,,,,
45419,45419,24244,AerCap Holdings N.V.,AerCap Holdings,,,,,,,,,,,,,,,,
45424,45424,27265,Teradata Corporation,Teradata Corp,,,,,,,,,,,,,,,,
45439,45439,12622,Illumina Inc,Illumina,,,,,,,,,,,,,,,,
45440,45440,18607,Pan Pacific International Holdings Corporation,Pan Pacific International Holdings Corp,,,,,,,,,,,,,,,,
45443,45443,8893,KB Financial Group Inc,KB Financial Group,,,,,,,,,,,,,,,,
45444,45444,29296,Contourglobal,ContourGlobal plc,,,,,,,,,,,,,,,,
45446,45446,41811,SBI Holdings Inc,SBI Holdings,,,,,,,,,,,,,,,,
45448,45448,22639,"EDGEWELL PERSONAL CARE, LLC",EDGEWELL PERSONAL CARE COMPANY,,,,,,,,,,,,,,,,
45457,45457,13949,Ceconomy Ag,Ceconomy AG,,,,,,,,,,,,,,,,
45459,45459,3816,Taiwan Secom Co. Ltd,Taiwan Secom,,,,,,,,,,,,,,,,
45468,45468,38129,Reconnaissance Energy Africa Ltd,Reconnaissance Energy Africa,,,,,,,,,,,,,,,,
45470,45470,19894,Hon Hai Precision Industry,Hon Hai Precision,,,,,,,,,,,,,,,,
45477,45477,34833,"Arena Pharmaceuticals, Inc.",Arena Pharmaceuticals,,,,,,,,,,,,,,,,
45480,45480,26454,Western Alliance Bancorp.,Western Alliance Bancorp,,,,,,,,,,,,,,,,
45482,45482,7878,Fujian Longking Co Ltd,Fujian Longking,,,,,,,,,,,,,,,,
45516,45516,33802,Breville Group Ltd,Breville Group Limited,,,,,,,,,,,,,,,,
45523,45523,37948,Taichung Commercial Bank Co. Ltd,Taichung Commercial Bank,,,,,,,,,,,,,,,,
45528,45528,21724,Dampskibsselskabet Norden AS,Dampskibsselskabet Norden A/s,,,,,,,,,,,,,,,,
45542,45542,27299,Jack Henry & Associates Inc,Jack Henry & Associates,,,,,,,,,,,,,,,,
45548,45548,21416,Stellantis NV,Stellantis N.v,,,,,,,,,,,,,,,,
45573,45573,22005,ALL ABOUT ANIMALS LTD,ALL ABOUT ANGLING MAD LTD,,,,,,,,,,,,,,,,
45575,45575,15277,Texhong Textile Group Ltd,Texhong Textile Group,,,,,,,,,,,,,,,,
45576,45576,12264,Shandong Publishing&media,"Shandong Publishing&Media Co.,Ltd",,,,,,,,,,,,,,,,
45587,45587,25844,SOFTWARE CONTRACTORS LTD,SOFTWARE CONTRACTING LTD,,,,,,,,,,,,,,,,
45616,45616,2958,"Sugi Holdings Co.,Ltd.",Sugi Holdings,,,,,,,,,,,,,,,,
45628,45628,22442,Kohnan Shoji Co Ltd,Kohnan Shoji,,,,,,,,,,,,,,,,
45629,45629,39981,Shanghai Putailai New Energy Technology Co. Ltd,Shanghai Putailai New Energy Technology,,,,,,,,,,,,,,,,
45634,45634,664,"Caesars Entertainment, Inc.",Caesars Entertainment Inc,,,,,,,,,,,,,,,,
45637,45637,39761,China Mobile Ltd,China Mobile (HK),,,,,,,,,,,,,,,,
45642,45642,5677,Philip Morris International Inc,Philip Morris International,,,,,,,,,,,,,,,,
45655,45655,43052,Kyoritsu Maintenance Co. Ltd,Kyoritsu Maintenance Co Ltd,,,,,,,,,,,,,,,,
45662,45662,40132,Alliant Energy Corporation,Alliant Energy Corp,,,,,,,,,,,,,,,,
45663,45663,11662,Hypoport SE,Hypoport Ag,,,,,,,,,,,,,,,,
45674,45674,14306,Anhui Expressway Company Ltd,Anhui Expressway Company,,,,,,,,,,,,,,,,
45681,45681,31409,PerkinElmer Inc,PerkinElmer,,,,,,,,,,,,,,,,
45690,45690,30430,Coface Sa,Coface SA,,,,,,,,,,,,,,,,
45698,45698,29973,Stantec Inc.,Stantec Inc,,,,,,,,,,,,,,,,
45704,45704,18031,Lundin Mining Corporation,Lundin Mining Corp,,,,,,,,,,,,,,,,
45708,45708,1315,Yamato Holdings Co Ltd,Yamato Holdings,,,,,,,,,,,,,,,,
45710,45710,29701,Itochu Enex Co Ltd,Itochu Enex,,,,,,,,,,,,,,,,
45714,45714,35780,China Gezhouba Group Company Ltd,China Gezhouba Group Co Ltd,,,,,,,,,,,,,,,,
45740,45740,21984,Schwarz Gruppe,Schwarz Group,,,,,,,,,,,,,,,,
45742,45742,10099,Genius Electronic Optical Co. Ltd,Genius Electronic Optical,,,,,,,,,,,,,,,,
45745,45745,4606,"Hashicorp, Inc.",Hashicorp,,,,,,,,,,,,,,,,
45759,45759,39242,Thai Union Group Public Company,Thai Union Group PCL,,,,,,,,,,,,,,,,
45770,45770,39500,Land and Houses Public Company Ltd,Land and Houses Public Co Ltd,,,,,,,,,,,,,,,,
45778,45778,36003,Guangzhou Great Power Energy and Technology Co. Ltd,Guangzhou Great Power Energy And Technology Co. Ltd,,,,,,,,,,,,,,,,
45779,45779,23692,Challenger Ltd,Challenger Limited,,,,,,,,,,,,,,,,
45803,45803,42770,Yue Yuen Industrial (holdings),Yue Yuen Industrial (Holdings) Ltd,,,,,,,,,,,,,,,,
45829,45829,44248,Freebit,Free,,,,,,,,,,,,,,,,
45843,45843,29033,Hudbay Minerals Inc.,Hudbay Minerals Inc,,,,,,,,,,,,,,,,
45844,45844,44869,"Guizhou Panjiang Refined Coal Co.,Ltd.",Guizhou Panjiang Refined Coal,,,,,,,,,,,,,,,,
45845,45845,5169,Ralph Lauren Corporation,Ralph Lauren Corp,,,,,,,,,,,,,,,,
45851,45851,29872,TPI Polene Public Company Ltd,TPI Polene Power Public Company Ltd,,,,,,,,,,,,,,,,
45855,45855,20095,Las Vegas Sands Corp.,Las Vegas Sands Corp,,,,,,,,,,,,,,,,
45857,45857,40677,Olin Corporation,Olin Corp,,,,,,,,,,,,,,,,
45861,45861,30553,Consolidated Contractors Co,Consolidated Contractors,,,,,,,,,,,,,,,,
45868,45868,25726,China Literature Ltd,China Literature,,,,,,,,,,,,,,,,
45873,45873,31905,Bombardier Inc.,Bombardier Inc,,,,,,,,,,,,,,,,
45874,45874,5923,Intel Corporation,Intel Corp,,,,,,,,,,,,,,,,
45879,45879,9886,Parsons Corporation,Parsons Corp,,,,,,,,,,,,,,,,
45898,45898,2190,Lepu Medical Technology (beijing),Lepu Medical Technology,,,,,,,,,,,,,,,,
45913,45913,7304,BEAUTY & DETOX SPA LIMITED,BEAUTY & DETOX SPA ACADEMY LTD,,,,,,,,,,,,,,,,
45925,45925,36636,"Tetra Tech, Inc.",Tetra Tech Inc,,,,,,,,,,,,,,,,
45932,45932,5467,AMBITION JOB,AMBITION,,,,,,,,,,,,,,,,
45948,45948,7886,Broadridge Financial Solutions Inc,Broadridge Financial Solutions,,,,,,,,,,,,,,,,
45953,45953,33717,Norbord Inc,Norbord,,,,,,,,,,,,,,,,
45956,45956,13486,Nohmi Bosai Ltd,Nohmi Bosai,,,,,,,,,,,,,,,,
45984,45984,34544,"Bengo4.com,Inc.",Bengo4.com,,,,,,,,,,,,,,,,
45986,45986,4123,Shandong Iron and Steel Company Ltd,Shandong Iron and Steel,,,,,,,,,,,,,,,,
45998,45998,26296,Boston Scientific Corporation,Boston Scientific Corp,,,,,,,,,,,,,,,,
46007,46007,3259,National Express Group Plc,National Express Group,,,,,,,,,,,,,,,,
46032,46032,33227,Intesa Sanpaolo Spa,Intesa Sanpaolo SpA,,,,,,,,,,,,,,,,
46048,46048,10186,Sanwa Holdings Corporation,Sanwa Holdings Corp,,,,,,,,,,,,,,,,
46049,46049,24658,Intco Medical Technology Co Ltd,Intco Medical Technology,,,,,,,,,,,,,,,,
46061,46061,2378,3i Group plc,3i Group Plc,,,,,,,,,,,,,,,,
46082,46082,17863,CVS Health Corp,CVS Health,,,,,,,,,,,,,,,,
46100,46100,11486,Stolt-Nielsen Ltd,Stolt-Nielsen Limited Careers,,,,,,,,,,,,,,,,
46105,46105,21259,Willis Towers Watson PLC,Willis Towers Watson,,,,,,,,,,,,,,,,
46122,46122,1613,Plenus Company Ltd,Plenus Co Ltd,,,,,,,,,,,,,,,,
46149,46149,37841,Globe Life Inc.,Globe Life Inc,,,,,,,,,,,,,,,,
46150,46150,33905,Viavi Solutions Inc,Viavi Solutions,,,,,,,,,,,,,,,,
46151,46151,3071,Alpha Real Estate Holding,Alpha Real Estate,,,,,,,,,,,,,,,,
46169,46169,361,Xinfengming Group Co. Ltd,Xinfengming Group,,,,,,,,,,,,,,,,
46201,46201,18563,RICOH EUROPE PLC,RICOH EUROPE HOLDINGS PLC,,,,,,,,,,,,,,,,
46227,46227,33180,Sumitomo Chemical Company Ltd,Sumitomo Chemical Company,,,,,,,,,,,,,,,,
46235,46235,7562,Heiwado Co. Ltd,Heiwado Co Ltd,,,,,,,,,,,,,,,,
46238,46238,26688,Paz Oil Company Ltd,Paz Oil Company,,,,,,,,,,,,,,,,
46242,46242,17894,"Allbirds, Inc.",Allbirds,,,,,,,,,,,,,,,,
46251,46251,11831,Chemours Company,Chemours Co,,,,,,,,,,,,,,,,
46256,46256,34873,Geberit AG,Geberit,,,,,,,,,,,,,,,,
46259,46259,18524,Bangkok Life Assurance Public Company Ltd,Bangkok Life Assurance Public Company,,,,,,,,,,,,,,,,
46266,46266,29180,Daiichi Sankyo Company Ltd,Daiichi Sankyo Company,,,,,,,,,,,,,,,,
46267,46267,41896,Reliance Steel & Aluminum,Reliance Steel,,,,,,,,,,,,,,,,
46273,46273,25745,West Japan Railway Co,West Japan Railway,,,,,,,,,,,,,,,,
46277,46277,31840,Alibaba Group Holding Ltd,Alibaba Group Holding,,,,,,,,,,,,,,,,
46281,46281,35952,"Maravai Lifesciences Holdings, Inc.","Maravai LifeSciences Holdings, Inc.",,,,,,,,,,,,,,,,
46301,46301,28665,ALL ABOUT KIDZ N20 LIMITED,ALL ABOUT KIDS LTD,,,,,,,,,,,,,,,,
46303,46303,7671,Leyard Optoelectronic Co. Ltd,Leyard Optoelectronic,,,,,,,,,,,,,,,,
46328,46328,24341,BEAUTY AND THE BUTTON LIMITED,BEAUTY AND THE BUMP MATERNITY LIMITED,,,,,,,,,,,,,,,,
46329,46329,32100,Toromont Industries Ltd,Toromont Industries,,,,,,,,,,,,,,,,
46333,46333,11746,"Daiwa Securities Group, Inc.",Daiwa Securities Group Inc,,,,,,,,,,,,,,,,
46340,46340,18971,FOOD COMO LTD.,FOOD COMFORT LTD,,,,,,,,,,,,,,,,
46343,46343,5650,SOFTWARE CONNEXTIONS LTD,SOFTWARE CONNEXION LIMITED,,,,,,,,,,,,,,,,
46365,46365,32126,Regions Financial Corporation,Regions Financial Corp,,,,,,,,,,,,,,,,
46368,46368,1877,Aalberts Nv,Aalberts N.V.,,,,,,,,,,,,,,,,
46377,46377,28831,FINANCE SOLUTIONS CONSULTANCY LIMITED,FINANCE SOLUTIONS 4U LIMITED,,,,,,,,,,,,,,,,
46380,46380,6440,Central Bank of Ireland,Central Bank of India,,,,,,,,,,,,,,,,
46385,46385,28919,Shangri-la Asia Limited,Shangri-la Asia,,,,,,,,,,,,,,,,
46386,46386,33143,China Tourism Group Duty Free Corporation Limited,China Tourism Group Duty Free Corp Ltd,,,,,,,,,,,,,,,,
46390,46390,12093,Business-intelligence of Oriental Nations Corp Ltd,Business-intelligence Of Oriental Nations Corporation,,,,,,,,,,,,,,,,
46401,46401,38339,Sanne Group plc,Sanne Group,,,,,,,,,,,,,,,,
46407,46407,39440,BioGaia AB,BioGaia,,,,,,,,,,,,,,,,
46408,46408,19476,Anhui Conch Cement Company Ltd,Anhui Conch Cement Company,,,,,,,,,,,,,,,,
46427,46427,12619,Amundi SA,Amundi,,,,,,,,,,,,,,,,
46429,46429,1192,Swisscom Ag,Swisscom AG,,,,,,,,,,,,,,,,
46439,46439,31186,Telstra Corporation Limited,Telstra Corporation,,,,,,,,,,,,,,,,
46440,46440,37684,Inner Mongolia Yili Industrial Group Co Ltd,Inner Mongolia Yili Industrial Group,,,,,,,,,,,,,,,,
46467,46467,22844,Metallurgical Corp of China Ltd,Metallurgical Corp of China,,,,,,,,,,,,,,,,
46473,46473,33241,First Solar Inc,First Solar,,,,,,,,,,,,,,,,
46484,46484,4147,Megaworld Corp,Megaworld,,,,,,,,,,,,,,,,
46489,46489,37600,"Terminix Global Holdings, Inc.",Terminix Global Holdings Inc,,,,,,,,,,,,,,,,
46502,46502,23064,Doosan Corporation,Doosan Corp,,,,,,,,,,,,,,,,
46511,46511,3292,Cairn Homes plc,Cairn Homes,,,,,,,,,,,,,,,,
46517,46517,44027,"Money Forward, Inc.",Money Forward,,,,,,,,,,,,,,,,
46522,46522,4141,Deep Industries Ltd,Deep Industries,,,,,,,,,,,,,,,,
46525,46525,26734,"Boya Bio-pharmaceutical Group Co.,Ltd",Boya Bio-pharmaceutical Group,,,,,,,,,,,,,,,,
46541,46541,12208,Wuxi Taiji Industry Company Ltd,Wuxi Taiji Industry Company,,,,,,,,,,,,,,,,
46544,46544,20405,Cascades Inc.,Cascades Inc,,,,,,,,,,,,,,,,
46554,46554,21547,Lasertec Corporation,Lasertec Corp,,,,,,,,,,,,,,,,
46570,46570,14849,"Fuso Chemical Co.,Ltd.",Fuso Chemical,,,,,,,,,,,,,,,,
46576,46576,7849,SamyRoad,Samy Road,,,,,,,,,,,,,,,,
46579,46579,21492,Becton Dickinson and Co,Becton Dickinson And Company,,,,,,,,,,,,,,,,
46592,46592,45256,Boliden AB,Boliden,,,,,,,,,,,,,,,,
46596,46596,7682,Jiangsu New Energy Development Co. Ltd,Jiangsu New Energy Development,,,,,,,,,,,,,,,,
46606,46606,8458,"LG Electronics, Inc.",LG Electronics Inc,,,,,,,,,,,,,,,,
46615,46615,39166,Commerzbank AG,Commerzbank,,,,,,,,,,,,,,,,
46621,46621,40759,Nu Holdings Ltd.,Nu Holdings,,,,,,,,,,,,,,,,
46627,46627,23008,YOUR FINANCES SIMPLIFIED LTD,YOUR FINANCES LIMITED,,,,,,,,,,,,,,,,
46636,46636,19566,H & A MEDICAL SERVICES LIMITED,H & A MECHANICAL SERVICES LIMITED,,,,,,,,,,,,,,,,
46641,46641,30550,Simplo Technology Co Ltd,Simplo Technology,,,,,,,,,,,,,,,,
46660,46660,7621,Charter Hall Social Infrastructure Reit,Charter Hall Social Infrastructure REIT,,,,,,,,,,,,,,,,
46676,46676,41331,Howden Joinery Group plc,Howden Joinery Group Plc,,,,,,,,,,,,,,,,
46691,46691,24213,BEAUTY AND SLIM ART LTD,BEAUTY AND SKIN LTD,,,,,,,,,,,,,,,,
46712,46712,15104,Antarchile,AntarChile SA,,,,,,,,,,,,,,,,
46718,46718,40226,Datang International Power Generation Company Ld,Datang International Power Generation Co. Ltd,,,,,,,,,,,,,,,,
46719,46719,12631,Hitachi High-technologies Corporation,Hitachi High-Technologies Corp,,,,,,,,,,,,,,,,
46721,46721,20928,Per Aarsleff Holding A/s,Per Aarsleff Holding A/S,,,,,,,,,,,,,,,,
46728,46728,28035,SOL SpA,SOL S.p.A.,,,,,,,,,,,,,,,,
46759,46759,5844,"Grupo Comercial Chedraui, S.A.B. de C.V.",Grupo Comercial Chedraui,,,,,,,,,,,,,,,,
46765,46765,44731,Chugai Pharmaceutical Co. Ltd,Chugai Pharmaceutical Co Ltd,,,,,,,,,,,,,,,,
46771,46771,45825,"Autek China, Inc.",Autek China,,,,,,,,,,,,,,,,
46775,46775,9053,Foshan Haitian Flavouring and Food,Foshan Haitian Flavouring And Food Company,,,,,,,,,,,,,,,,
46776,46776,2512,"HubSpot, Inc.",HubSpot Inc,,,,,,,,,,,,,,,,
46780,46780,19608,ALL ABOUT USO LTD,ALL ABOUT USERS LIMITED,,,,,,,,,,,,,,,,
46782,46782,44082,"Hakuhodo DY Holdings, Inc.",Hakuhodo DY Holdings Inc,,,,,,,,,,,,,,,,
46784,46784,9072,"Mizuho Financial Group, Inc.",Mizuho Financial Group Inc,,,,,,,,,,,,,,,,
46797,46797,1005,Netwealth Group Limited,Netwealth Group,,,,,,,,,,,,,,,,
46799,46799,2002,Teva Pharmaceutical Industries Ltd,Teva Pharmaceutical Industries Limited,,,,,,,,,,,,,,,,
46839,46839,37584,NEW ADVANCE LIMITED,NEW ADV LTD,,,,,,,,,,,,,,,,
46843,46843,40122,"Air Water, Inc.",Air Water Inc,,,,,,,,,,,,,,,,
46849,46849,38566,"Shanxi Coal International Energy Group Co.,Ltd",Shanxi Coal International Energy Group,,,,,,,,,,,,,,,,
46869,46869,39328,Sun Life Financial Inc,Sun Life Financial Careers,,,,,,,,,,,,,,,,
46894,46894,23345,Virgin Money UK plc,Virgin Money UK Plc,,,,,,,,,,,,,,,,
46899,46899,14722,Novatek Microelectronics Corp,Novatek Microelectronics,,,,,,,,,,,,,,,,
46912,46912,45421,Baxter International Inc,Baxter International,,,,,,,,,,,,,,,,
46928,46928,38224,Sany Heavy Industry Co. Ltd,Sany Heavy Industry Co Ltd,,,,,,,,,,,,,,,,
46936,46936,9409,Continental Resources Inc,Continental Resources,,,,,,,,,,,,,,,,
46942,46942,30915,The Clorox Company,The Clorox Co,,,,,,,,,,,,,,,,
46967,46967,35196,FINANCES4YOU LIMITED,FINANCES4U LIMITED,,,,,,,,,,,,,,,,
46971,46971,11090,"Hotai Motor Co.,Ltd.",Hotai Motor Co Ltd,,,,,,,,,,,,,,,,
46994,46994,41615,Laureate Education Inc,Laureate Education,,,,,,,,,,,,,,,,
47001,47001,10367,"Acerinox, SA",Acerinox SA,,,,,,,,,,,,,,,,
47008,47008,5461,Toronto-dominion Bank,Toronto Dominion Bank,,,,,,,,,,,,,,,,
47013,47013,46206,iA Financial Corporation,iA Financial Corp Inc,,,,,,,,,,,,,,,,
47016,47016,18647,Softchoice Corporation,Softchoice Corp,,,,,,,,,,,,,,,,
47017,47017,25693,Swiss Steel Holding Ag,Swiss Steel Holding AG,,,,,,,,,,,,,,,,
47030,47030,31193,Cyrela Brazil Realty S.A. Empreendimentos e Participacoes,Cyrela Brazil Realty Empreendimentos E Participacoes,,,,,,,,,,,,,,,,
47040,47040,32597,Bellway Plc,Bellway,,,,,,,,,,,,,,,,
47044,47044,6883,Boral Ltd,Boral Limited,,,,,,,,,,,,,,,,
47057,47057,655,Streets,Streetec,,,,,,,,,,,,,,,,
47075,47075,31192,BEAUTY ALLURE LIMITED,BEAUTY ALICE LIMITED,,,,,,,,,,,,,,,,
47077,47077,8078,BEAUTY AND THE BENEFIT LIMITED,BEAUTY AND THE BEEF LTD,,,,,,,,,,,,,,,,
47088,47088,38608,Hyosung Chemical Corporation,Hyosung Chemical Corp,,,,,,,,,,,,,,,,
47092,47092,39012,Dana India,Dana Inc,,,,,,,,,,,,,,,,
47095,47095,1113,China Resources Beer (holdings) Company,China Resources Beer (Holdings) Company Ltd,,,,,,,,,,,,,,,,
47099,47099,43544,Flash Express,Flash Ex,,,,,,,,,,,,,,,,
47114,47114,39164,Japan Real Estate Investment Corporation,Japan Real Estate Investment Corp,,,,,,,,,,,,,,,,
47116,47116,25366,LTIMindtree Ltd,LTIMindtree,,,,,,,,,,,,,,,,
47121,47121,9019,"Jiangsu Zongyi Co.,LTD",Jiangsu Zongyi,,,,,,,,,,,,,,,,
47125,47125,17005,Ashtead Group Plc,Ashtead Group,,,,,,,,,,,,,,,,
47128,47128,21865,84codes.com,84codes,,,,,,,,,,,,,,,,
47132,47132,30484,Crown Castle Inc,Crown Castle,,,,,,,,,,,,,,,,
47134,47134,18021,Reliance Worldwide Corporation Ltd,Reliance Worldwide Corporation,,,,,,,,,,,,,,,,
47136,47136,45696,Alitalia,Alita,,,,,,,,,,,,,,,,
47145,47145,17063,Vestas Wind Systems A-S,Vestas Wind Systems,,,,,,,,,,,,,,,,
47148,47148,38294,Shenzhen Mindray Bio-Medical Electronics Co. Ltd,Shenzhen Mindray Bio-Medical Electronics Co Ltd,,,,,,,,,,,,,,,,
47166,47166,12844,Coretronic Corporation,Coretronic Corp,,,,,,,,,,,,,,,,
47184,47184,38543,"Yamaguchi Financial Group, Inc.",Yamaguchi Financial Group Inc,,,,,,,,,,,,,,,,
47194,47194,29952,AFR-IX telecom,AFR-IX Telecom,,,,,,,,,,,,,,,,
47204,47204,13121,Evergreen International Storage & Transport Corporation,Evergreen International Storage & Transport Corp,,,,,,,,,,,,,,,,
47233,47233,30875,Denison Mines Corp.,Denison Mines,,,,,,,,,,,,,,,,
47236,47236,8916,Magellan Midstream Partners LP,Magellan Midstream Partners,,,,,,,,,,,,,,,,
47239,47239,16285,Loomis AB,Loomis,,,,,,,,,,,,,,,,
47244,47244,19275,Saudi Arabian Mining Co,Saudi Arabian Mining,,,,,,,,,,,,,,,,
47255,47255,13285,Orange Belgium SA,Orange Belgium,,,,,,,,,,,,,,,,
47259,47259,12706,Kansai Paint Co. Ltd,Kansai Paint Co Ltd,,,,,,,,,,,,,,,,
47266,47266,46445,Latitude Group Holdings Ltd,Latitude Group Holdings Limited,,,,,,,,,,,,,,,,
47290,47290,14732,Kemper Corporation,Kemper Corp,,,,,,,,,,,,,,,,
47295,47295,39616,Worthington Industries Inc,Worthington Industries,,,,,,,,,,,,,,,,
47307,47307,8084,ALL ABOUT MUSIC LTD,ALL ABOUT MUGS LTD,,,,,,,,,,,,,,,,
47308,47308,11528,"Pengxin International Mining Co.,ltd",Penguin International Ltd,,,,,,,,,,,,,,,,
47309,47309,14028,Sino-American Silicon Products Inc,Sino-American Silicon Products,,,,,,,,,,,,,,,,
47310,47310,16038,Samsung Securities Co Ltd,Samsung Securities,,,,,,,,,,,,,,,,
47324,47324,40320,QBE Insurance Group Limited,QBE Insurance Group,,,,,,,,,,,,,,,,
47331,47331,22923,Commercial Metals Co,Commercial Metals,,,,,,,,,,,,,,,,
47359,47359,2520,Lumen Technologies Inc,Lumen Technologies,,,,,,,,,,,,,,,,
47361,47361,11721,Ushio Inc,Ushio,,,,,,,,,,,,,,,,
47373,47373,15039,Japan Aviation Electronics Industry Ltd,Japan Aviation Electronics Industry,,,,,,,,,,,,,,,,
47379,47379,553,Nobina AB,Nobina,,,,,,,,,,,,,,,,
47385,47385,12108,"Shaanxi Construction Engineering Group Co.,ltd.",Shaanxi Construction Engineering Group,,,,,,,,,,,,,,,,
47386,47386,1563,SOFTWARE TECHNOLOGIES LTD,SOFTWARE TECHNOLOGIES CONSULTING LIMITED,,,,,,,,,,,,,,,,
47387,47387,19906,Sinopec Oilfield Service Corporation,Sinopec Oilfield Service Corp,,,,,,,,,,,,,,,,
47396,47396,34669,Sartorius Stedim Biotech SA,Sartorius Stedim Biotech,,,,,,,,,,,,,,,,
47406,47406,32326,Purplle.com,Purplle,,,,,,,,,,,,,,,,
47415,47415,30132,Rayonier Inc,Rayonier,,,,,,,,,,,,,,,,
47425,47425,12223,Hon Hai Precision Industry Co. Ltd,Hon Hai Precision Industry Co Ltd,,,,,,,,,,,,,,,,
47428,47428,42111,Leroy Seafood Group Asa,Leroy Seafood Group ASA,,,,,,,,,,,,,,,,
47430,47430,16631,Asahi Group Holdings Ltd,Asahi Group Holdings,,,,,,,,,,,,,,,,
47435,47435,44085,Barrick Gold Corp,Barrick Gold,,,,,,,,,,,,,,,,
47442,47442,9896,Shanghai Sinyang Semiconductor Materials Co. Ltd,Shanghai Sinyang Semiconductor Materials,,,,,,,,,,,,,,,,
47461,47461,25251,Henderson Land Development Company,Henderson Land Development Co Ltd,,,,,,,,,,,,,,,,
47468,47468,12979,Energias de Portugal SA,Energias de Portugal (EDP),,,,,,,,,,,,,,,,
47484,47484,10803,Takasago Thermal Engineering Co Ltd,Takasago Thermal Engineering,,,,,,,,,,,,,,,,
47486,47486,17410,ICICI Lombard General Insurance Company,ICICI Lombard General Insurance Co Ltd,,,,,,,,,,,,,,,,
47498,47498,36127,Sixt Se,Sixt SE,,,,,,,,,,,,,,,,
47500,47500,14432,CIMB Group Holdings Bhd,CIMB Group Holdings,,,,,,,,,,,,,,,,
47530,47530,13743,"Tianjin Chase Sun Pharmaceutical Co.,Ltd",Tianjin Chase Sun Pharmaceutical Co Ltd,,,,,,,,,,,,,,,,
47546,47546,47484,Takasago Thermal Engineering Co. Ltd,Takasago Thermal Engineering Co Ltd,,,,,,,,,,,,,,,,
47560,47560,15747,Delegat Group Ltd,Delegat Group,,,,,,,,,,,,,,,,
47572,47572,25239,WH Group Ltd,WH Group,,,,,,,,,,,,,,,,
47577,47577,45765,Turkcell Iletisim Hizmetleri A.S.,Turkcell Iletisim Hizmetleri,,,,,,,,,,,,,,,,
47580,47580,26154,Arco Platform Limited,Arco Platform,,,,,,,,,,,,,,,,
47581,47581,2756,Ningbo Zhoushan Port Company Ltd,Ningbo Zhoushan Port Company,,,,,,,,,,,,,,,,
47592,47592,1456,Intas Pharmaceuticals Ltd,Intas Pharmaceuticals,,,,,,,,,,,,,,,,
47600,47600,46804,Madison Square Garden Entertainment Corp.,Madison Square Garden Company,,,,,,,,,,,,,,,,
47601,47601,1166,Independent Bank Group,Independent Bank,,,,,,,,,,,,,,,,
47604,47604,10946,CSPC Pharmaceutical Group Ltd,CSPC Pharmaceutical Group,,,,,,,,,,,,,,,,
47625,47625,36624,SOFTWARE INNOVATIONS UK LIMITED,SOFTWARE INNOVATIONS LIMITED,,,,,,,,,,,,,,,,
47632,47632,43768,FOOD CABARET LTD,FOOD CAB LTD,,,,,,,,,,,,,,,,
47635,47635,7838,Orient Securities Co Ltd,Orient Securities,,,,,,,,,,,,,,,,
47643,47643,31148,Saudi Arabian Mining Company (ma'aden),Saudi Arabian Mining Company,,,,,,,,,,,,,,,,
47652,47652,33584,ABELLIO EAST MIDLANDS LIMITED,ABELLIO EAST ANGLIA LIMITED,,,,,,,,,,,,,,,,
47664,47664,32900,Iwatani Corporation,Iwatani Corp,,,,,,,,,,,,,,,,
47667,47667,8189,Atos Syntel,Atos Se,,,,,,,,,,,,,,,,
47669,47669,44107,Public Joint Stock Company Globaltruck Management,Public Joint Stock Company Gazprom,,,,,,,,,,,,,,,,
47670,47670,575,Manolete Partners plc,Manolete Partners,,,,,,,,,,,,,,,,
47673,47673,42940,Synapsy*,Synapsy,,,,,,,,,,,,,,,,
47683,47683,4183,Osaka Gas Co. Ltd,Osaka Gas Co Ltd,,,,,,,,,,,,,,,,
47694,47694,4895,Atlas Copco Ab,Atlas Copco AB,,,,,,,,,,,,,,,,
47696,47696,28974,Hyundai Development Company,Hyundai Development Co,,,,,,,,,,,,,,,,
47709,47709,5743,Enphase Energy Inc,Enphase Energy,,,,,,,,,,,,,,,,
47722,47722,10396,Fifth Third Bank,Fifth Third Bancorp,,,,,,,,,,,,,,,,
47727,47727,4998,Nippon Kayaku Co Ltd,Nippon Kayaku,,,,,,,,,,,,,,,,
47728,47728,14316,Banca Monte dei Paschi di Siena,Banca Monte Dei Paschi Di Siena Spa,,,,,,,,,,,,,,,,
47737,47737,6770,Kenon Holdings Ltd.,Kenon Holdings,,,,,,,,,,,,,,,,
47742,47742,38036,Yantai Eddie Precision Machinery Co. Ltd,Yantai Eddie Precision Machinery,,,,,,,,,,,,,,,,
47754,47754,20305,Karvy Innotech,Karvy Fintech,,,,,,,,,,,,,,,,
47762,47762,10294,Total Access Communication Public Company,Total Access Communication Public Co Ltd,,,,,,,,,,,,,,,,
47763,47763,5749,Credit Bank of Moscow PJSC,Credit Bank of Moscow,,,,,,,,,,,,,,,,
47767,47767,19386,Varian Medical Systems Inc,Varian Medical Systems,,,,,,,,,,,,,,,,
47777,47777,6945,Great Wall Motor Co Ltd,Great Wall Motor,,,,,,,,,,,,,,,,
47788,47788,20645,Banco Patagonia SA,Banco Pan SA,,,,,,,,,,,,,,,,
47798,47798,17816,Italian-Thai Development Public Company Ltd,Italian-Thai Development PCL,,,,,,,,,,,,,,,,
47818,47818,1130,Oriental Bank of Commerce,Oriental Bank Of Commerce,,,,,,,,,,,,,,,,
47819,47819,26458,Bilfinger SE,Bilfinger,,,,,,,,,,,,,,,,
47826,47826,40157,Leon's Furniture Limited,Leon's Furniture,,,,,,,,,,,,,,,,
47828,47828,3809,Del Monte Foods,Del Monte,,,,,,,,,,,,,,,,
47844,47844,4755,E*trade Financial Corporation,E*Trade Financial Corp,,,,,,,,,,,,,,,,
47857,47857,32756,Selectus,Selectsys,,,,,,,,,,,,,,,,
47871,47871,604,Qatar Islamic Bank (q.p.s.c.),Qatar Islamic Bank,,,,,,,,,,,,,,,,
47877,47877,3290,"Arctech Solar Holding Co., Ltd.",Arctech Solar Holding Co. Ltd,,,,,,,,,,,,,,,,
47881,47881,37900,QC TERME SRL,QC TERME ROMA SRL,,,,,,,,,,,,,,,,
47885,47885,39844,"Oscar Health, Inc.",Oscar Health,,,,,,,,,,,,,,,,
47888,47888,27890,Universal Display Corporation,Universal Corporation,,,,,,,,,,,,,,,,
47894,47894,12571,"Mitsui Chemicals, Inc.",Mitsui Chemicals Inc,,,,,,,,,,,,,,,,
47897,47897,19973,Berli Jucker Public Company,Berli Jucker Public Co Ltd,,,,,,,,,,,,,,,,
47909,47909,28682,Snowflake Inc.,Snowflake Inc,,,,,,,,,,,,,,,,
47916,47916,8369,Aquis Exchange plc,Aquis Exchange,,,,,,,,,,,,,,,,
47919,47919,21177,Guideline Geo AB,Guideline,,,,,,,,,,,,,,,,
47925,47925,20381,Electricity Generating Public Company,Electricity Generating Public Co Ltd,,,,,,,,,,,,,,,,
47940,47940,475,"Medallia, Inc.",Medallia,,,,,,,,,,,,,,,,
47943,47943,33325,"Yangling Metron New Material, Inc.",Yangling Metron New Material Inc.,,,,,,,,,,,,,,,,
47954,47954,10388,ALL ABOUT CLAIMS LTD,ALL ABOUT CLADDING LTD,,,,,,,,,,,,,,,,
47964,47964,40659,Viatris Inc.,Viatris Inc,,,,,,,,,,,,,,,,
47968,47968,10791,Seven Generations Energy Ltd,Seven Generations Energy,,,,,,,,,,,,,,,,
47970,47970,40493,Novo Nordisk A/s,Novo Nordisk,,,,,,,,,,,,,,,,
47986,47986,418,Univar Solutions Inc,Univar Solutions,,,,,,,,,,,,,,,,
47995,47995,18995,Ono Pharmaceutical Co Ltd,Ono Pharmaceutical,,,,,,,,,,,,,,,,
47998,47998,21550,ALL ABOUT THE BABY LIMITED,ALL ABOUT THE APPS LTD,,,,,,,,,,,,,,,,
48007,48007,42863,SIAN Wholesale Ltd,SIAN Wholesale,,,,,,,,,,,,,,,,
48010,48010,12204,Trinity Industries Inc,Trinity Industries,,,,,,,,,,,,,,,,
48034,48034,43770,Uniti Group Inc,Uniti Group,,,,,,,,,,,,,,,,
48055,48055,1530,Six Flags Entertainment Corporation,Six Flags Entertainment Corp,,,,,,,,,,,,,,,,
48066,48066,15723,Evolution Adv,Evolution AB,,,,,,,,,,,,,,,,
48078,48078,22953,Ningbo Ronbay New Energy Technology Co. Ltd,Ningbo Ronbay New Energy Technology,,,,,,,,,,,,,,,,
48085,48085,25082,Irish Residential Properties Reit,Irish Residential Properties REIT Plc,,,,,,,,,,,,,,,,
48086,48086,39795,Sprott Physical Gold Trust,Sprott Physical Gold And Silver Trust,,,,,,,,,,,,,,,,
48087,48087,1085,NFI Group Inc.,NFI Group Inc,,,,,,,,,,,,,,,,
48088,48088,8187,Cleveland-Cliffs Inc,Cleveland-Cliffs,,,,,,,,,,,,,,,,
48114,48114,39996,Computacenter plc,Computacenter,,,,,,,,,,,,,,,,
48118,48118,29182,Kobayashi Pharmaceutical Co. Ltd,Kobayashi Pharmaceutical Co Ltd,,,,,,,,,,,,,,,,
48126,48126,18492,Mineral Resources Ltd,Mineral Resources Limited,,,,,,,,,,,,,,,,
48128,48128,41495,Corbion NV,Corbion N.V.,,,,,,,,,,,,,,,,
48130,48130,20488,Nissan Chemical Corporation,Nissan Chemical Corp,,,,,,,,,,,,,,,,
48133,48133,10455,Sakata Seed Corporation,Sakata Seed Corp,,,,,,,,,,,,,,,,
48140,48140,46252,"Grupo Catalana Occidente, SA",Grupo Catalana Occidente SA,,,,,,,,,,,,,,,,
48144,48144,18931,BEAUTY & AESTHETICS BY CARLA LTD,BEAUTY & AESTHETICS BY BONNIE LTD,,,,,,,,,,,,,,,,
48152,48152,12688,Paytm Money Careers,Paytm Money,,,,,,,,,,,,,,,,
48156,48156,36807,Dover Corporation,Dover Corp,,,,,,,,,,,,,,,,
48167,48167,31419,BAD MOON MEDIA LTD,BAD MOON LTD,,,,,,,,,,,,,,,,
48171,48171,37013,Open Text Corporation,Open Text Corp,,,,,,,,,,,,,,,,
48172,48172,13477,Encore Wire Corporation,Encore Wire Corp,,,,,,,,,,,,,,,,
48173,48173,7078,Zhejiang Hangke Technology Company,"Zhejiang HangKe Technology, Inc. Company",,,,,,,,,,,,,,,,
48190,48190,30089,"Bestore Co.,ltd.","Bestore Co.,Ltd.",,,,,,,,,,,,,,,,
48195,48195,36851,Petro Rio SA,Petro Rio,,,,,,,,,,,,,,,,
48212,48212,24100,BEAUTY BOUTIQUE FIFE LTD,BEAUTY BOUTIQUE FAIR OAK LIMITED,,,,,,,,,,,,,,,,
48215,48215,18898,Coal India Ltd,Coal India,,,,,,,,,,,,,,,,
48226,48226,8716,"Yihai Kerry Arawana Holdings Co., Ltd",Yihai Kerry Arawana Holdings Co. Ltd,,,,,,,,,,,,,,,,
48238,48238,30704,Tenneco Inc,Tenneco,,,,,,,,,,,,,,,,
48255,48255,46681,Varroc Engineering Ltd,"Varroc Engineering Limited, VEL-PN",,,,,,,,,,,,,,,,
48270,48270,28673,Reckitt Benckiser Group Plc,Reckitt Benckiser Group,,,,,,,,,,,,,,,,
48281,48281,16011,Ana Holdings Inc,Ana Holdings,,,,,,,,,,,,,,,,
48287,48287,45036,SOFTWARE OF EXCELLENCE UNITED KINGDOM LIMITED,SOFTWARE OF EXCELLENCE UK HOLDINGS LIMITED,,,,,,,,,,,,,,,,
48288,48288,41669,"American Financial Group, Inc.",American Financial Group Inc,,,,,,,,,,,,,,,,
48292,48292,40037,Lassonde Industries Inc.,Lassonde Industries Inc,,,,,,,,,,,,,,,,
48328,48328,331,Cargojet Inc.,Cargojet,,,,,,,,,,,,,,,,
48349,48349,45635,Shenzhen Fine Made Electronics Group Co. Ltd,Shenzhen Fine Made Electronics Group,,,,,,,,,,,,,,,,
48350,48350,5525,Starbucks Corp,Starbucks,,,,,,,,,,,,,,,,
48358,48358,30479,Tapestry Inc,Tapestry,,,,,,,,,,,,,,,,
48376,48376,41443,Toto Ltd.,Toto Ltd,,,,,,,,,,,,,,,,
48382,48382,26950,Xpressbees,XpressBees,,,,,,,,,,,,,,,,
48385,48385,25464,Codexis,Codewise,,,,,,,,,,,,,,,,
48389,48389,8434,Tokyo Seimitsu Co Ltd,Tokyo Seimitsu,,,,,,,,,,,,,,,,
48394,48394,18530,Sunward Intelligent Equipment Co Ltd,Sunward Intelligent Equipment,,,,,,,,,,,,,,,,
48404,48404,44450,Kokuyo Co. Ltd,Kokuyo Co Ltd,,,,,,,,,,,,,,,,
48409,48409,8805,Naturgy Energy Group SA,Naturgy Energy Group,,,,,,,,,,,,,,,,
48411,48411,35318,Zhejiang Hisun Pharmaceutical,Zhejiang Hisoar Pharmaceutical,,,,,,,,,,,,,,,,
48424,48424,30804,Orexo AB,Orexo,,,,,,,,,,,,,,,,
48429,48429,19387,Community Health Systems Inc,Community Health Systems,,,,,,,,,,,,,,,,
48445,48445,17115,Inner Mongolia Baotou Steel Union Co. Ltd,Inner Mongolia Baotou Steel,,,,,,,,,,,,,,,,
48458,48458,25937,SG Holdings Co Ltd,SG Holdings,,,,,,,,,,,,,,,,
48472,48472,16409,BEAUTY AND THE BULLYS LTD,BEAUTY AND THE BRUSH LTD,,,,,,,,,,,,,,,,
48484,48484,32237,Gazprom Neft,Gazprom,,,,,,,,,,,,,,,,
48504,48504,41969,Arkema SA,Arkema,,,,,,,,,,,,,,,,
48514,48514,28870,Valvoline Inc.,Valvoline Inc,,,,,,,,,,,,,,,,
48533,48533,32254,Draftkings Inc.,DraftKings Inc.,,,,,,,,,,,,,,,,
48536,48536,39367,Global-e Online Ltd,Global-e Online,,,,,,,,,,,,,,,,
48546,48546,25530,Taylor Wimpey Plc,Taylor Wimpey,,,,,,,,,,,,,,,,
48555,48555,6592,New China Life Insurance Company Ltd,New China Life Insurance Company,,,,,,,,,,,,,,,,
48566,48566,41041,Government of Maharashtra,Government of Madhya Pradesh,,,,,,,,,,,,,,,,
48569,48569,30640,Spectrum Brands Holdings Inc,Spectrum Brands Holdings,,,,,,,,,,,,,,,,
48572,48572,12890,"Persol Holdings Co.,Ltd.",Persol Holdings Co Ltd,,,,,,,,,,,,,,,,
48578,48578,15469,GiglioCom,Giglio.com,,,,,,,,,,,,,,,,
48583,48583,29140,Owens & Minor Inc,Owens & Minor,,,,,,,,,,,,,,,,
48596,48596,19586,Prologis Inc,Prologis,,,,,,,,,,,,,,,,
48599,48599,26889,FirstService Corporation,FirstService Corp,,,,,,,,,,,,,,,,
48601,48601,42036,Softbank Group,Softbank Corp.,,,,,,,,,,,,,,,,
48604,48604,12186,Trelleborg AB,Trelleborg,,,,,,,,,,,,,,,,
48607,48607,46717,New Hope Liuhe Co Ltd,New Hope Liuhe,,,,,,,,,,,,,,,,
48613,48613,20865,Nikkon Holdings Co Ltd,Nikkon Holdings,,,,,,,,,,,,,,,,
48617,48617,15920,SOFTWARE SYSTEMS LIMITED,SOFTWARE SYSTEMS EUROPE LIMITED,,,,,,,,,,,,,,,,
48620,48620,26055,SOFTWARE IMAGING LIMITED,SOFTWARE IMAGING GROUP LIMITED,,,,,,,,,,,,,,,,
48625,48625,2517,Poonawalla Fincorp Limited,Poonawalla Fincorp,,,,,,,,,,,,,,,,
48626,48626,18729,SOFTWARE GENERATION LTD,SOFTWARE GENERATION HOLDINGS LIMITED,,,,,,,,,,,,,,,,
48643,48643,22294,NEW AGE ELECTRICAL OXFORD LIMITED,NEW AGE ELECTRICAL GROUP LIMITED,,,,,,,,,,,,,,,,
48645,48645,46932,Heineken NV,Heineken N.V.,,,,,,,,,,,,,,,,
48650,48650,7871,"Proya Cosmetics Co.,Ltd.",Proya Cosmetics,,,,,,,,,,,,,,,,
48659,48659,925,Ebara Corporation,Ebara Corp,,,,,,,,,,,,,,,,
48675,48675,9162,SS&C Technologies Holdings Inc,SS&C Technologies,,,,,,,,,,,,,,,,
48676,48676,25919,Urban Outfitters Inc,Urban Outfitters,,,,,,,,,,,,,,,,
48679,48679,17389,Hangzhou Robam Appliances Co Ltd,Hangzhou Robam Appliances,,,,,,,,,,,,,,,,
48683,48683,28603,"Essex Property Trust, Inc.",Essex Property Trust Inc,,,,,,,,,,,,,,,,
48687,48687,11739,SOFTWARE QUALITY SERVICES LTD.,SOFTWARE QUALITY LIMITED,,,,,,,,,,,,,,,,
48688,48688,12138,Iren Spa,Iren SpA,,,,,,,,,,,,,,,,
48692,48692,45427,ElringKlinger AG,ElringKlinger,,,,,,,,,,,,,,,,
48721,48721,48613,Nikkon Holdings Co. Ltd,Nikkon Holdings Co Ltd,,,,,,,,,,,,,,,,
48738,48738,5519,Cablevisión Holding SA,Cablevision Holding,,,,,,,,,,,,,,,,
48742,48742,8376,Energizer Holdings Inc,Energizer Holdings,,,,,,,,,,,,,,,,
48748,48748,15646,Singapore Exchange Ltd,Singapore Exchange,,,,,,,,,,,,,,,,
48753,48753,24085,BAD RAVEN LTD.,BAD RAM LTD,,,,,,,,,,,,,,,,
48757,48757,47792,Taiwan High Speed Rail Corporation,Taiwan High Speed Rail Corp,,,,,,,,,,,,,,,,
48759,48759,8953,BEAUTY BANKS,BEAUTY BANKKS LTD,,,,,,,,,,,,,,,,
48774,48774,6702,TELEFONICA UK LIMITED,TELEFONICA O2 UK LIMITED,,,,,,,,,,,,,,,,
48787,48787,23763,NEW AGE MEDICAL LIMITED,NEW AGE MEDIA LIMITED,,,,,,,,,,,,,,,,
48794,48794,9518,BAD VIBRATIONS LIMITED,BAD VIBRATIONS FILM LIMITED,,,,,,,,,,,,,,,,
48796,48796,41043,BEAUTY BEAUTIQUE LTD,BEAUTY BEAT LTD,,,,,,,,,,,,,,,,
48804,48804,1285,"Indra Sistemas, SA",Indra Sistemas SA,,,,,,,,,,,,,,,,
48807,48807,29890,Lufax Holding Ltd,Lufax Holding,,,,,,,,,,,,,,,,
48809,48809,15247,Cloetta AB,Cloetta,,,,,,,,,,,,,,,,
48811,48811,37765,International Paper Co,International Paper Careers,,,,,,,,,,,,,,,,
48812,48812,18522,PT Bank Central Asia Tbk,PT Bank Capital Indonesia Tbk,,,,,,,,,,,,,,,,
48817,48817,12243,"Chongqing Water Group Co.,Ltd.",Chongqing Water Group,,,,,,,,,,,,,,,,
48820,48820,39474,Cosmei,Cosmed,,,,,,,,,,,,,,,,
48826,48826,11246,"Marriott International, Inc.",Marriott International Inc,,,,,,,,,,,,,,,,
48828,48828,10698,ALL ABOUT THE CORE LIMITED,ALL ABOUT THE COOKS LTD,,,,,,,,,,,,,,,,
48832,48832,43301,"Amadeus IT Group, SA",Amadeus IT Group SA,,,,,,,,,,,,,,,,
48834,48834,16793,Aareal Bank Ag,Aareal Bank AG,,,,,,,,,,,,,,,,
48837,48837,4211,Shenzhen Energy Group Co Ltd,Shenzhen Energy Group,,,,,,,,,,,,,,,,
48839,48839,15829,General Motors Company,General Motors Co,,,,,,,,,,,,,,,,
48854,48854,25384,Team17 Group plc,Team17 Group,,,,,,,,,,,,,,,,
48860,48860,33016,BEAUTY ADDICTION NAILS LTD,BEAUTY ADDICTION LTD,,,,,,,,,,,,,,,,
48879,48879,2049,Avangrid Inc,Avangrid,,,,,,,,,,,,,,,,
48893,48893,4541,Power Assets Holdings Ltd,Power Assets Holdings,,,,,,,,,,,,,,,,
48894,48894,28832,Meidensha Corporation,Meidensha Corp,,,,,,,,,,,,,,,,
48895,48895,21116,ALL ABOUT LAWNS LTD,ALL ABOUT LAW LIMITED,,,,,,,,,,,,,,,,
48932,48932,16999,"Domino's Pizza, Inc.",Domino's Pizza Inc,,,,,,,,,,,,,,,,
48933,48933,15225,Fukuda Denshi Co. Ltd,Fukuda Denshi Co Ltd,,,,,,,,,,,,,,,,
48947,48947,37012,Goldman Sachs Bdc,Goldman Sachs,,,,,,,,,,,,,,,,
48948,48948,17047,Paramount Resources Ltd.,Paramount Resources,,,,,,,,,,,,,,,,
48951,48951,9524,"Kandenko Co.,Ltd.",Kandenko Co Ltd,,,,,,,,,,,,,,,,
48953,48953,32824,Jiangsu Zhongnan Construction Group Co Ltd,Jiangsu Zhongnan Construction Group,,,,,,,,,,,,,,,,
48954,48954,45277,Mainfreight Ltd,Mainfreight,,,,,,,,,,,,,,,,
48957,48957,16059,State Street Bank,State Street,,,,,,,,,,,,,,,,
48969,48969,41800,Wiwynn Corporation,Wiwynn Corp,,,,,,,,,,,,,,,,
48970,48970,19569,Chang Hwa Commercial Bank Ltd,Chang Hwa Commercial Bank,,,,,,,,,,,,,,,,
48980,48980,6084,Cathay Pacific Airways,Cathay Pacific,,,,,,,,,,,,,,,,
48982,48982,16771,Tod's Spa,Tod's,,,,,,,,,,,,,,,,
49003,49003,270,BAD BOY BURGERS MOBILE LTD,BAD BOY BURGERS LTD,,,,,,,,,,,,,,,,
49015,49015,41012,Technicolor SA,Technicolor,,,,,,,,,,,,,,,,
49017,49017,12601,WATCHES OF SWITZERLAND OPERATIONS LIMITED,WATCHES OF SWITZERLAND COMPANY LIMITED,,,,,,,,,,,,,,,,
49019,49019,33222,Bausch Health Companies Inc,Bausch Health Companies,,,,,,,,,,,,,,,,
49026,49026,25036,Alupar Investimento SA,Alupar Investimento,,,,,,,,,,,,,,,,
49028,49028,31378,Zhejiang Hisun Pharmaceutical Co. Ltd,Zhejiang Hisun Pharmaceutical Co Ltd,,,,,,,,,,,,,,,,
49034,49034,25215,FOOD CONCEPTS ONE LTD,FOOD CONCEPTS LTD,,,,,,,,,,,,,,,,
49042,49042,44332,Autoneum Holding Ag,Autoneum Holding AG,,,,,,,,,,,,,,,,
49050,49050,9735,"Advanced Drainage Systems, Inc.",Advanced Drainage Systems Inc,,,,,,,,,,,,,,,,
49056,49056,34534,Zhangzhou Pientzehuang Pharmaceutical. Ltd,Zhangzhou Pientzehuang Pharmaceutical,,,,,,,,,,,,,,,,
49059,49059,44705,Voestalpine Ag,Voestalpine AG,,,,,,,,,,,,,,,,
49062,49062,32418,Rogers Communications Inc,Rogers Communications,,,,,,,,,,,,,,,,
49068,49068,26086,Bird Construction Inc.,Bird Construction Inc,,,,,,,,,,,,,,,,
49069,49069,14272,Is Yatirim Menkul Degerler Anonim Sirketi,Is Yatirim Menkul Degerler A.S.,,,,,,,,,,,,,,,,
49070,49070,13721,Symrise Ag,Symrise AG,,,,,,,,,,,,,,,,
49071,49071,31316,Marfrig Global Foods SA,Marfrig Global Foods,,,,,,,,,,,,,,,,
49078,49078,46760,"CoreLogic, Inc.",CoreLogic Inc,,,,,,,,,,,,,,,,
49086,49086,3359,Schroder Japan Growth Fund plc,Schroder Income Growth Fund plc,,,,,,,,,,,,,,,,
49087,49087,25125,Edenred Sa,Edenred SA,,,,,,,,,,,,,,,,
49100,49100,27492,Domino's Pizza Enterprises Limited,Domino's Pizza Enterprises,,,,,,,,,,,,,,,,
49111,49111,49002,Unilumin Group Co Ltd,Unilumin Group,,,,,,,,,,,,,,,,
49112,49112,22388,Syneos Health Inc,Syneos Health,,,,,,,,,,,,,,,,
49113,49113,1967,KUKA AG,KUKA,,,,,,,,,,,,,,,,
49116,49116,11298,Japan Airport Terminal Co. Ltd,Japan Airport Terminal,,,,,,,,,,,,,,,,
49128,49128,27365,Bahnhof AB,Bahnhof,,,,,,,,,,,,,,,,
49153,49153,30599,U HIRE LIMITED,U HIRE (NI) LIMITED,,,,,,,,,,,,,,,,
49171,49171,27032,"Hulic Reit, Inc.",Hulic Reit,,,,,,,,,,,,,,,,
49173,49173,282,Genesis Energy Ltd,Genesis Energy Lp,,,,,,,,,,,,,,,,
49178,49178,27159,Corning Inc,Corning,,,,,,,,,,,,,,,,
49182,49182,25153,ALL ABOUT REHAB LTD,ALL ABOUT REEL LTD,,,,,,,,,,,,,,,,
49189,49189,16743,RHB Bank Bhd,RHB Bank,,,,,,,,,,,,,,,,
49195,49195,28896,AEON Financial Service Co. Ltd,AEON Financial Service Co Ltd,,,,,,,,,,,,,,,,
49210,49210,43711,Nanjing King-friend Biochemical Pharmaceutical Co. Ltd,Nanjing King-Friend Biochemical Pharmaceutical Co. Ltd,,,,,,,,,,,,,,,,
49216,49216,38652,Plus500 Ltd.,Plus500,,,,,,,,,,,,,,,,
49240,49240,35411,Nexus Ag,Nexus AG,,,,,,,,,,,,,,,,
49249,49249,24246,"Nankang Rubber Tire Corp,Ltd.",Nankang Rubber Tire,,,,,,,,,,,,,,,,
49252,49252,25533,Transocean Ltd.,Transocean Ltd,,,,,,,,,,,,,,,,
49253,49253,36964,ALL ABOUT BUILDING HOMES LIMITED,ALL ABOUT BUILDERS LTD,,,,,,,,,,,,,,,,
49265,49265,43713,Japan Post Insurance Co. Ltd,Japan Post Insurance Co Ltd,,,,,,,,,,,,,,,,
49269,49269,3540,Olympus Corporation,Olympus Corp,,,,,,,,,,,,,,,,
49278,49278,37783,Takeda Pharmaceutical Company Limited,Takeda Pharmaceutical Company,,,,,,,,,,,,,,,,
49283,49283,4012,V AESTHETICS LTD,V AESTHETICA LTD,,,,,,,,,,,,,,,,
49284,49284,15600,Fisher & Paykel Healthcare Corporation Ltd,Fisher & Paykel Healthcare Corporation Limited,,,,,,,,,,,,,,,,
49289,49289,35816,China Tower Corporation,China Tower Corp.,,,,,,,,,,,,,,,,
49295,49295,19080,Robert Half International Inc.,Robert Half International Inc,,,,,,,,,,,,,,,,
49297,49297,1269,Microchip Technology Inc,Microchip Technology,,,,,,,,,,,,,,,,
49301,49301,45542,"Jack Henry & Associates, Inc.",Jack Henry & Associates Inc,,,,,,,,,,,,,,,,
49312,49312,32826,Loma Negra Compañía Industrial Argentina Sociedad Anónima,Loma Negra Compania Industrial Argentina Sociedad Anonima,,,,,,,,,,,,,,,,
49313,49313,48811,International Paper Company,International Paper Co,,,,,,,,,,,,,,,,
49316,49316,11114,FRoSTA AG,FRoSTA,,,,,,,,,,,,,,,,
49351,49351,28867,Dai Nippon Printing Co Ltd,Dai Nippon Printing,,,,,,,,,,,,,,,,
49355,49355,47307,ALL ABOUT NAMES LIMITED,ALL ABOUT MUSIC LTD,,,,,,,,,,,,,,,,
49358,49358,32484,Norwegian Cruise Line Holdings Ltd.,Norwegian Cruise Line Holdings,,,,,,,,,,,,,,,,
49368,49368,11782,Greenland Holdings Group,Greenland Holdings Corporation,,,,,,,,,,,,,,,,
49387,49387,28521,Landis+Gyr Careers,Landis+Gyr,,,,,,,,,,,,,,,,
49409,49409,9355,G5 Entertainment AB,G5 Entertainment,,,,,,,,,,,,,,,,
49415,49415,26759,EN+ Group International PJSC,EN+ Group International,,,,,,,,,,,,,,,,
49421,49421,11124,Chongqing Iron & Steel Company Limited,Chongqing Iron & Steel Co Ltd,,,,,,,,,,,,,,,,
49441,49441,25176,Guotai Junan Securities Co. Ltd,Guotai Junan Securities Co Ltd,,,,,,,,,,,,,,,,
49443,49443,12685,P & A MANAGEMENT SERVICES LTD,P & A MANAGEMENT LIMITED,,,,,,,,,,,,,,,,
49448,49448,23752,Industrias Ch S. A. B. De C. V,"Industrias CH, S. A. B. de C. V.",,,,,,,,,,,,,,,,
49468,49468,34,Blue Moon Group Holdings Ltd,Blue Moon Group Holdings Limited,,,,,,,,,,,,,,,,
49469,49469,29750,Amada Co. Ltd,Amada Co Ltd,,,,,,,,,,,,,,,,
49480,49480,14528,Semcon AB,Semcon,,,,,,,,,,,,,,,,
49483,49483,17914,China Grand Automotive Services Group Co Ltd,China Grand Automotive Services Group,,,,,,,,,,,,,,,,
49489,49489,41897,Mercury General Corporation,Mercury General Corp,,,,,,,,,,,,,,,,
49490,49490,12836,Pro Medicus Limited,Pro Medicus,,,,,,,,,,,,,,,,
49496,49496,12061,Anglo American Platinum Ltd,Anglo American Platinum,,,,,,,,,,,,,,,,
49506,49506,42358,NKT AS,NKT A-S,,,,,,,,,,,,,,,,
49510,49510,34438,"Chengdu Kanghua Biological Products Co., Ltd.",Chengdu Kanghua Biological Products Co. Ltd,,,,,,,,,,,,,,,,
49522,49522,4976,Mabuchi Motor Co Ltd,Mabuchi Motor,,,,,,,,,,,,,,,,
49533,49533,14152,BorgWarner Inc.,BorgWarner Inc,,,,,,,,,,,,,,,,
49561,49561,46262,Youngone Corporation,Youngone Corp,,,,,,,,,,,,,,,,
49563,49563,44420,Digital 9 Infrastructure Plc,Digital 9 Infrastructure PLC,,,,,,,,,,,,,,,,
49564,49564,10988,"Hankyu Hanshin Holdings, Inc.",Hankyu Hanshin Holdings Inc,,,,,,,,,,,,,,,,
49584,49584,38813,IDFC FIRST Bharat,IDFC FIRST Bank,,,,,,,,,,,,,,,,
49587,49587,46397,Alfresa Holdings Corp,Alfresa Holdings,,,,,,,,,,,,,,,,
49593,49593,39725,Titan Company Ltd,Titan Company,,,,,,,,,,,,,,,,
49610,49610,29904,Patrizia Ag,Patrizia AG,,,,,,,,,,,,,,,,
49612,49612,16055,LG Display Co. Ltd,LG Display Co Ltd,,,,,,,,,,,,,,,,
49614,49614,520,BEAUTY & WELLNESS LTD,BEAUTY & WELL-BEING LIMITED,,,,,,,,,,,,,,,,
49622,49622,47537,Cls Holdings,Clp Holdings,,,,,,,,,,,,,,,,
49642,49642,37611,ION Acquisition Corp 3 Ltd,ION Acquisition Corp 2 Ltd,,,,,,,,,,,,,,,,
49647,49647,2622,NEW AGE RESOURCE LTD,NEW AGE RESOURCE LIMITED,,,,,,,,,,,,,,,,
49653,49653,24968,Louis Vuitton (LV),Louis Vuitton,,,,,,,,,,,,,,,,
49654,49654,18917,Huishang Bank Corp Ltd,Huishang Bank,,,,,,,,,,,,,,,,
49663,49663,12349,"Flowers Foods, Inc.",Flowers Foods Inc,,,,,,,,,,,,,,,,
49666,49666,11277,Downer EDI Ltd,Downer EDI Limited,,,,,,,,,,,,,,,,
49670,49670,4095,WESCO International Inc,WESCO International,,,,,,,,,,,,,,,,
49677,49677,10115,Lenta PLC,Lenta IPJSC,,,,,,,,,,,,,,,,
49683,49683,32931,Hangzhou Silan Microelectronics Co. Ltd,Hangzhou Silan Microelectronics Co Ltd,,,,,,,,,,,,,,,,
49684,49684,440,Luxshare Precision Industry Co Ltd,Luxshare Precision Industry,,,,,,,,,,,,,,,,
49691,49691,6786,Larsen & Toubro Ltd,Larsen & Toubro Limited,,,,,,,,,,,,,,,,
49692,49692,5423,ALL ABOUT FLIGHTS LIMITED,ALL ABOUT FITNESS LTD,,,,,,,,,,,,,,,,
49694,49694,20256,Vista Outdoor Inc,Vista Outdoor,,,,,,,,,,,,,,,,
49705,49705,14832,Veoneer,Veon,,,,,,,,,,,,,,,,
49709,49709,31738,Multix solutions,Multix Solutions,,,,,,,,,,,,,,,,
49716,49716,5566,Diagnosticos da America SA,Diagnosticos Da America,,,,,,,,,,,,,,,,
49739,49739,2372,Computershare Ltd,Computershare Limited,,,,,,,,,,,,,,,,
49745,49745,31222,Banco Bilbao Vizcaya Argentaria Colombia SA,Banco Bilbao Vizcaya Argentaria (BBVA),,,,,,,,,,,,,,,,
49746,49746,17847,Loblaw Companies Ltd,Loblaw Companies Limited,,,,,,,,,,,,,,,,
49762,49762,2549,Bank of Changsha Co. Ltd,Bank of Changsha Co Ltd,,,,,,,,,,,,,,,,
49765,49765,10449,Fuji Kyuko Co. Ltd,Fuji Kyuko,,,,,,,,,,,,,,,,
49778,49778,3605,Treasury Intelligences Solutions,Treasury Intelligence Solutions,,,,,,,,,,,,,,,,
49787,49787,23194,Haohua Chemical Science & Technology Corp Ltd,Haohua Chemical Science & Technology,,,,,,,,,,,,,,,,
49789,49789,37228,Essity AB,Essity,,,,,,,,,,,,,,,,
49795,49795,33385,Carvana Co.,Carvana Co,,,,,,,,,,,,,,,,
49800,49800,37759,Bank of Jinzhou Co. Ltd,Bank of Jinzhou,,,,,,,,,,,,,,,,
49802,49802,7240,Huaku Development Co. Ltd,Huaku Development,,,,,,,,,,,,,,,,
49805,49805,37124,Ares Management Corp,Ares Management,,,,,,,,,,,,,,,,
49817,49817,39586,Northern Star Resources Ltd,Northern Star Resources Limited,,,,,,,,,,,,,,,,
49818,49818,29383,PTT Global Chemical Public Company Ltd,PTT Global Chemical Public Co Ltd,,,,,,,,,,,,,,,,
49820,49820,42318,DCC plc,DCC Plc,,,,,,,,,,,,,,,,
49827,49827,23997,Nippon Shinyaku Co. Ltd,Nippon Shinyaku Co Ltd,,,,,,,,,,,,,,,,
49832,49832,32256,Majar – Matzaridis Bros,Majar - Matzaridis Bros,,,,,,,,,,,,,,,,
49836,49836,22231,Riocan Real Estate Investment Trust,RioCan Real Estate Investment Trust,,,,,,,,,,,,,,,,
49839,49839,36825,Polaris Inc.,Polaris Inc,,,,,,,,,,,,,,,,
49841,49841,7059,Spotify Technology SA,Spotify Technology,,,,,,,,,,,,,,,,
49854,49854,10494,"Starwood Property Trust, Inc.",Starwood Property Trust Inc,,,,,,,,,,,,,,,,
49875,49875,28313,Delivery Hero Se,Delivery Hero SE,,,,,,,,,,,,,,,,
49876,49876,32791,"Casio Computer Co.,Ltd.",Casio Computer Co Ltd,,,,,,,,,,,,,,,,
49896,49896,34327,VMware Inc,VMware,,,,,,,,,,,,,,,,
49913,49913,32384,Carnival Corporation & plc,Carnival Corporation & Plc,,,,,,,,,,,,,,,,
49919,49919,33786,"Airbnb, Inc.",Airbnb Inc,,,,,,,,,,,,,,,,
49921,49921,38452,Q & K CONSTRUCTION LTD,Q & J CONSTRUCTION LTD,,,,,,,,,,,,,,,,
49926,49926,29079,NEW AGE REBEL LTD,NEW AGE REALTY LTD,,,,,,,,,,,,,,,,
49931,49931,16177,Tong Hsing Electronic Industries Ltd,Tong Hsing Electronic Industries,,,,,,,,,,,,,,,,
49942,49942,13858,Catena AB,Catella AB,,,,,,,,,,,,,,,,
49947,49947,20291,Lojas Americanas SA,Lojas Americanas,,,,,,,,,,,,,,,,
49950,49950,30713,Apogee Enterprises Inc,Apogee Enterprises,,,,,,,,,,,,,,,,
49956,49956,23786,Megmilk Snow Brand Co Ltd,Megmilk Snow Brand,,,,,,,,,,,,,,,,
49958,49958,627,Vossloh AG,Vossloh,,,,,,,,,,,,,,,,
49963,49963,40836,Bharat Heavy Electricals Ltd,Bharat Heavy Electricals,,,,,,,,,,,,,,,,
49964,49964,20474,Julius Bar Gruppe Ag,Julius Baer Group,,,,,,,,,,,,,,,,
49984,49984,35979,Valio Ltd,Valio,,,,,,,,,,,,,,,,
49999,49999,31188,"Curaleaf Holdings, Inc.",Curaleaf Holdings Inc,,,,,,,,,,,,,,,,
50005,50005,35899,PT Bank Rakyat Indonesia Agroniaga Tbk,PT Bank Rakyat Indonesia (Persero) Tbk,,,,,,,,,,,,,,,,
50015,50015,44365,Walsin Technology Corporation,Walsin Technology Corp,,,,,,,,,,,,,,,,
50016,50016,20763,FINANCE SYSTEMS LIMITED,FINANCE SYSTEMS INTEGRATION LTD.,,,,,,,,,,,,,,,,
50027,50027,46589,Mytilineos SA,Mytilineos S.a.,,,,,,,,,,,,,,,,
50028,50028,2502,Intercontinental Exchange Inc,Intercontinental Exchange,,,,,,,,,,,,,,,,
50036,50036,16326,Audi AG,Audi,,,,,,,,,,,,,,,,
50090,50090,49544,Renishaw plc,Renishaw,,,,,,,,,,,,,,,,
50096,50096,6716,Dexerials Corporation,Dexerials Corp,,,,,,,,,,,,,,,,
50112,50112,22343,Hong Leong Financial,Hong Leong Finance Ltd,,,,,,,,,,,,,,,,
50114,50114,6537,"Transcend Information, Inc.",Transcend Information,,,,,,,,,,,,,,,,
50119,50119,22969,PBF Energy Inc,PBF Energy,,,,,,,,,,,,,,,,
50124,50124,38437,Sotera Health Company,Sotera Health Co,,,,,,,,,,,,,,,,
50126,50126,48858,"Allegro Microsystems, Inc.","Allegro MicroSystems, Inc.",,,,,,,,,,,,,,,,
50130,50130,15930,PT Saratoga Investama Sedaya Tbk,PT Saratoga Investama Sedaya,,,,,,,,,,,,,,,,
50135,50135,32678,Eaton Vance Corp.,Eaton Vance Corp,,,,,,,,,,,,,,,,
50138,50138,12157,Flagstar Bancorp Inc,Flagstar Bancorp,,,,,,,,,,,,,,,,
50154,50154,13893,CGN Power Co. Ltd,CGN Power Co Ltd,,,,,,,,,,,,,,,,
50161,50161,30421,Elekta AB,Elekta,,,,,,,,,,,,,,,,
50162,50162,45390,Novartis Ag,Novartis AG,,,,,,,,,,,,,,,,
50163,50163,46362,Ambev SA,Ambev,,,,,,,,,,,,,,,,
50177,50177,3990,Mensch und Maschine Software SE,Mensch Und Maschine Software Se,,,,,,,,,,,,,,,,
50192,50192,23797,"Huntington Ingalls Industries, Inc.",Huntington Ingalls Industries Inc,,,,,,,,,,,,,,,,
50197,50197,4508,Power Construction Corporation Of China Ltd,Power Construction Corp of China Ltd,,,,,,,,,,,,,,,,
50226,50226,6541,Largan Precision Co Ltd,Largan Precision,,,,,,,,,,,,,,,,
50228,50228,36723,Fincantieri S.p.A.,Fincantieri,,,,,,,,,,,,,,,,
50229,50229,47123,Fuchs Petrolub SE,Fuchs Petrolub,,,,,,,,,,,,,,,,
50247,50247,31272,The Home Depot Inc,The Home Depot,,,,,,,,,,,,,,,,
50249,50249,43951,Eclat Textile Co. Ltd,Eclat Textile Co Ltd,,,,,,,,,,,,,,,,
50250,50250,36554,Thomson Medical Group Ltd,Thomson Medical Group,,,,,,,,,,,,,,,,
50253,50253,33908,"Infraestructura Energética Nova, S.A.B. de C.V.",Infraestructura Energetica Nova SAB de CV,,,,,,,,,,,,,,,,
50263,50263,34740,Agile Group Holdings Ltd,Agile Group Holdings,,,,,,,,,,,,,,,,
50267,50267,17004,UNO Minda Ltd,UNO Minda,,,,,,,,,,,,,,,,
50281,50281,25197,China Coal Energy Company,China Coal Energy Co Ltd,,,,,,,,,,,,,,,,
50282,50282,29598,Zions Bancorporation National Association,Zions Bancorporation NA,,,,,,,,,,,,,,,,
50284,50284,3266,Octopus Titan Vct,Octopus Titan VCT plc,,,,,,,,,,,,,,,,
50285,50285,40781,Devyani International Limited,Devyani International,,,,,,,,,,,,,,,,
50292,50292,41620,First International Bank of Israel Ltd,First International Bank Of Israel Ltd,,,,,,,,,,,,,,,,
50293,50293,31918,Novavax Inc,Novavax,,,,,,,,,,,,,,,,
50294,50294,7206,Saint-Gobain Weber,Saint-Gobain Abrasives,,,,,,,,,,,,,,,,
50318,50318,13967,Ping An Healthcare Technology,Ping An Healthcare And Technology Company,,,,,,,,,,,,,,,,
50347,50347,12054,Maanshan Iron & Steel Company Ltd,Maanshan Iron & Steel Company Limited,,,,,,,,,,,,,,,,
50353,50353,31697,Toshiba Corp,Toshiba,,,,,,,,,,,,,,,,
50356,50356,20442,"TaiMed Biologics, Inc.",TaiMed Biologics,,,,,,,,,,,,,,,,
50358,50358,44758,Interpump Group SpA,Interpump Group S.p.A.,,,,,,,,,,,,,,,,
50359,50359,26434,Ratos AB,Ratos,,,,,,,,,,,,,,,,
50364,50364,40831,Academy Sports + Outdoors,"Academy Sports & Outdoors, Inc.",,,,,,,,,,,,,,,,
50370,50370,43796,"ASE Technology Holding Co., Ltd.",ASE Technology Holding Co Ltd,,,,,,,,,,,,,,,,
50372,50372,12072,ILLVA SARONNO SPA,ILLVA SARONNO HOLDING SPA,,,,,,,,,,,,,,,,
50376,50376,40980,Western Digital Corporation,Western Digital Corp,,,,,,,,,,,,,,,,
50377,50377,6802,Itausa - Investimentos Itau SA,Itausa - Investimentos Itau,,,,,,,,,,,,,,,,
50382,50382,29734,CapitaLand Investment Ltd,CapitaLand Investment,,,,,,,,,,,,,,,,
50384,50384,46032,Intesa Sanpaolo Vita Spa,Intesa Sanpaolo Spa,,,,,,,,,,,,,,,,
50387,50387,32600,Future Generation Investment Company Limited,Future Generation Global Investment Company Limited,,,,,,,,,,,,,,,,
50394,50394,14645,BEAUTY AESTHETICS SALON LTD,BEAUTY AESTHETICS LTD,,,,,,,,,,,,,,,,
50396,50396,35050,Grupo Elektra SAB de CV,Grupo Elektra SAB DE CV,,,,,,,,,,,,,,,,
50397,50397,28713,Societe Generale SA,Societe Generale,,,,,,,,,,,,,,,,
50400,50400,18586,Eagle Materials Inc.,Eagle Materials Inc,,,,,,,,,,,,,,,,
50401,50401,16108,Nine Entertainment Co. Holdings,Nine Entertainment Co Holdings Ltd,,,,,,,,,,,,,,,,
50404,50404,20373,Catcher Technology Co. Ltd,Catcher Technology Co Ltd,,,,,,,,,,,,,,,,
50421,50421,1813,Strategic Education Inc,Strategic Education,,,,,,,,,,,,,,,,
50439,50439,47787,Big Hit Entertainment Co. Ltd,Big Hit Entertainment,,,,,,,,,,,,,,,,
50449,50449,25076,"Mattel, Inc.",Mattel Inc,,,,,,,,,,,,,,,,
50450,50450,48695,Credicorp Ltd,Credicorp,,,,,,,,,,,,,,,,
50460,50460,3102,Shimizu Corporation,Shimizu Corp,,,,,,,,,,,,,,,,
50464,50464,28914,Brunel International NV,Brunel International N.V.,,,,,,,,,,,,,,,,
50475,50475,2811,O'Reilly Automotive Inc,O'Reilly Automotive,,,,,,,,,,,,,,,,
50477,50477,41239,BAD ROBOT LTD,BAD ROBOT FILMS LTD,,,,,,,,,,,,,,,,
50480,50480,34631,Starling Bank Careers,Starling Bank,,,,,,,,,,,,,,,,
50484,50484,20781,METRO-GOLDWYN-MAYER STUDIOS INC.,METRO-GOLDWYN-MAYER PICTURES INC.,,,,,,,,,,,,,,,,
50491,50491,44470,"Henry Schein, Inc.",Henry Schein Inc,,,,,,,,,,,,,,,,
50501,50501,43240,Kapston Facilities Management Ltd,Kapston Facilities Management,,,,,,,,,,,,,,,,
50515,50515,46040,De Agostini Spa,De Agostini,,,,,,,,,,,,,,,,
50525,50525,18338,ALL ABOUT THE GIRL LTD,ALL ABOUT THE FACE LTD,,,,,,,,,,,,,,,,
50527,50527,16480,Sopra Steria Group SA,Sopra Steria Group,,,,,,,,,,,,,,,,
50535,50535,27627,Seino Holdings Co. Ltd,Seino Holdings,,,,,,,,,,,,,,,,
50542,50542,1969,Fleury SA,Fleury Michon SA,,,,,,,,,,,,,,,,
50550,50550,33774,Hyundai Rotem Company,Hyundai Rotem Co,,,,,,,,,,,,,,,,
50554,50554,10661,Yangzijiang Shipbuilding (holdings),Yangzijiang Shipbuilding (Holdings) Ltd,,,,,,,,,,,,,,,,
50560,50560,34149,Graham Holdings Company,Graham Holdings Co,,,,,,,,,,,,,,,,
50564,50564,29612,T ACCOUNTS SERVICES LIMITED,T ACCOUNTS LIMITED,,,,,,,,,,,,,,,,
50577,50577,5648,Smarkets,Smarketer,,,,,,,,,,,,,,,,
50578,50578,45342,P A INVESTMENTS LIMITED,P A INVESTMENT SOLUTIONS LIMITED,,,,,,,,,,,,,,,,
50596,50596,37100,"Micron Technology, Inc.",Micron Technology Inc,,,,,,,,,,,,,,,,
50600,50600,38707,Murphy Oil Corporation,Murphy Oil Corp,,,,,,,,,,,,,,,,
50615,50615,29621,Maxscend Microelectronics Company Ltd,Maxscend Microelectronics Company,,,,,,,,,,,,,,,,
50617,50617,22753,Sul America SA,Sul America,,,,,,,,,,,,,,,,
50629,50629,21451,"Macy's, Inc.",Macy's Inc,,,,,,,,,,,,,,,,
50631,50631,5515,Hexcel Corporation,Hexcel Corp,,,,,,,,,,,,,,,,
50653,50653,18707,Orica Ltd,Orica Limited,,,,,,,,,,,,,,,,
50658,50658,15476,"Crown Holdings, Inc.",Crown Holdings Inc,,,,,,,,,,,,,,,,
50672,50672,30007,Personiv,Personio,,,,,,,,,,,,,,,,
50673,50673,17407,Bangkok Chain Hospital Public Company Ltd,Bangkok Chain Hospital Public Company,,,,,,,,,,,,,,,,
50685,50685,24111,Nanya Technology Corporation,Nanya Technology Corp,,,,,,,,,,,,,,,,
50704,50704,39920,Dalata Hotel Group plc,Dalata Hotel Group,,,,,,,,,,,,,,,,
50705,50705,5260,Fastenal Co,Fastenal,,,,,,,,,,,,,,,,
50709,50709,33374,Peach Property Group Ag,Peach Property Group AG,,,,,,,,,,,,,,,,
50724,50724,21995,Knorr-Bremse AG,Knorr-Bremse,,,,,,,,,,,,,,,,
50728,50728,11678,Jazz Pharmaceuticals plc,Jazz Pharmaceuticals Plc,,,,,,,,,,,,,,,,
50742,50742,43006,Global Blue Group Holding Ag,Global Blue Group Holding AG,,,,,,,,,,,,,,,,
50747,50747,36535,Thai Wah Public Company Ltd,Thai Wacoal Public Company Ltd,,,,,,,,,,,,,,,,
50756,50756,47970,Novo Nordisk AS,Novo Nordisk A/s,,,,,,,,,,,,,,,,
50758,50758,28307,Assicurazioni Generali Spa,Assicurazioni Generali SpA,,,,,,,,,,,,,,,,
50764,50764,47145,Vestas Wind Systems A/s,Vestas Wind Systems A-S,,,,,,,,,,,,,,,,
50766,50766,12391,CD Projekt SA,CD Projekt,,,,,,,,,,,,,,,,
50785,50785,49773,Assura plc,Assura,,,,,,,,,,,,,,,,
50788,50788,13903,ALL ABOUT THE BENJAMINS LTD,ALL ABOUT THE BEES LIMITED,,,,,,,,,,,,,,,,
50797,50797,29386,Tritax Eurobox Plc,Tritax EuroBox plc,,,,,,,,,,,,,,,,
50803,50803,14364,SOFTWARE 64 LTD,SOFTWARE 51 LTD,,,,,,,,,,,,,,,,
50815,50815,36370,Oxford Industries Inc,Oxford Industries,,,,,,,,,,,,,,,,
50820,50820,26760,WSP Global Inc.,WSP Global Inc,,,,,,,,,,,,,,,,
50821,50821,47773,Kyowa Kirin Co Ltd,Kyowa Kirin,,,,,,,,,,,,,,,,
50828,50828,40915,Advanced Micro-fabrication Equipment China,"Advanced Micro-Fabrication Equipment, Inc. China",,,,,,,,,,,,,,,,
50830,50830,10458,SOFTWARE PROJECTS LTD,SOFTWARE PROJECT SOLUTIONS LIMITED,,,,,,,,,,,,,,,,
50835,50835,45378,"Tenable Holdings, Inc.",Tenable Holdings,,,,,,,,,,,,,,,,
50846,50846,39297,Arriyadh Development Company,Arriyadh Development Co.,,,,,,,,,,,,,,,,
50851,50851,20365,Zhengzhou Yutong Bus Co Ltd,Zhengzhou Yutong Bus,,,,,,,,,,,,,,,,
50854,50854,22927,"China Industrial Securities Co.,Ltd.",China Industrial Securities,,,,,,,,,,,,,,,,
50882,50882,190,Chudenko Corporation,Chudenko Corp,,,,,,,,,,,,,,,,
50916,50916,47280,"Proofpoint, Inc.",Proofpoint Inc,,,,,,,,,,,,,,,,
50927,50927,39335,Hang Lung Group Ltd,Hang Lung Group,,,,,,,,,,,,,,,,
50931,50931,7942,Great Portland Estates plc,Great Portland Estates,,,,,,,,,,,,,,,,
50937,50937,48543,Odontoprev SA,Odontoprev,,,,,,,,,,,,,,,,
50938,50938,27578,Mitsubishi Materials Corp,Mitsubishi Materials,,,,,,,,,,,,,,,,
50951,50951,5500,International Business Machines Corporation,International Business Machines Corp,,,,,,,,,,,,,,,,
50952,50952,32651,"HCA Healthcare, Inc.",HCA Healthcare Inc,,,,,,,,,,,,,,,,
50960,50960,15198,Samsung Biologics Co Ltd,Samsung Biologics,,,,,,,,,,,,,,,,
50974,50974,1919,Sally Beauty Holdings Inc,Sally Beauty Holdings,,,,,,,,,,,,,,,,
50976,50976,49193,Nizhnekamskneftekhim PJSC,Nizhnekamskneftekhim,,,,,,,,,,,,,,,,
50986,50986,46114,Angang Steel Co Ltd,Angang Steel,,,,,,,,,,,,,,,,
51002,51002,2882,People.cn Co. Ltd,People.cn CO. Ltd,,,,,,,,,,,,,,,,
51003,51003,47986,Univar Solutions Inc.,Univar Solutions Inc,,,,,,,,,,,,,,,,
51013,51013,30103,China Tianrui Group Cement Company Ltd,China Tianrui Group Cement Company,,,,,,,,,,,,,,,,
51017,51017,38215,China Petroleum Engineering Corporation,China Petroleum Engineering Corp,,,,,,,,,,,,,,,,
51019,51019,32413,Hilltop Holdings Inc,Hilltop Holdings,,,,,,,,,,,,,,,,
51022,51022,2978,Stagecoach Group plc,Stagecoach Group Plc,,,,,,,,,,,,,,,,
51030,51030,24144,China Energy Engineering Corp Ltd,China Energy Engineering,,,,,,,,,,,,,,,,
51040,51040,2282,GOOD COP BAD COP LTD,GOOD COP BAD COP CONSULTANTS LTD,,,,,,,,,,,,,,,,
51047,51047,41840,Ero Copper Corp.,Ero Copper,,,,,,,,,,,,,,,,
51055,51055,12405,Glanbia plc,Glanbia,,,,,,,,,,,,,,,,
51060,51060,2873,R A CONSTRUCTIONS LIMITED,R A CONSTRUCTION SERVICES LTD,,,,,,,,,,,,,,,,
51064,51064,35189,PICC Property and Casualty Company Ltd,PICC Property and Casualty Co Ltd,,,,,,,,,,,,,,,,
51072,51072,10056,"Armada Hoffler Properties, Inc.",Armada Hoffler Properties,,,,,,,,,,,,,,,,
51087,51087,28329,Primary Health Properties plc,Primary Health Properties,,,,,,,,,,,,,,,,
51100,51100,25879,Danieli & C. Officine Meccaniche SpA,Danieli & C. Officine Meccaniche S.p.A.,,,,,,,,,,,,,,,,
51104,51104,2798,Foxconn Industrial Internet Co. Ltd,Foxconn Industrial Internet,,,,,,,,,,,,,,,,
51109,51109,38734,Sinotrans Ltd.,Sinotrans Ltd,,,,,,,,,,,,,,,,
51112,51112,44340,Jiangsu Hengshun Vinegar-industry,"Jiangsu Hengshun Vinegar-Industry Co.,Ltd",,,,,,,,,,,,,,,,
51125,51125,28224,EXOR NV,EXOR,,,,,,,,,,,,,,,,
51130,51130,44630,Guoco Group Ltd,Guoco Group,,,,,,,,,,,,,,,,
51137,51137,10436,Coats Group Plc,Coats Group,,,,,,,,,,,,,,,,
51140,51140,35004,FOOD & BEVERAGE INTERNATIONAL LTD,FOOD & BEVERAGE INTERIOR SOLUTIONS LTD,,,,,,,,,,,,,,,,
51144,51144,24363,"American International Group, Inc.",American International Group Inc (AIG),,,,,,,,,,,,,,,,
51151,51151,29733,Idexx Laboratories Inc,Idexx Laboratories,,,,,,,,,,,,,,,,
51154,51154,10068,Anglo American plc,Anglo American Plc,,,,,,,,,,,,,,,,
51155,51155,15769,IMI plc,IMI Plc,,,,,,,,,,,,,,,,
51163,51163,25934,O2 Czech Republic AS,O2 Czech Republic,,,,,,,,,,,,,,,,
51165,51165,7243,Luzerner Kantonalbank Ag,Luzerner Kantonalbank AG,,,,,,,,,,,,,,,,
51166,51166,40065,"T. Rowe Price Group, Inc.",T. Rowe Price Group Inc,,,,,,,,,,,,,,,,
51169,51169,13640,Allegion Plc,Allegion,,,,,,,,,,,,,,,,
51179,51179,20534,Jiangxi Copper Company Ltd,Jiangxi Copper Company,,,,,,,,,,,,,,,,
51196,51196,33538,Heartland Group Holdings Limited,Heartland Group Holdings,,,,,,,,,,,,,,,,
51201,51201,12621,"Mondelez International, Inc.",Mondelez International Inc,,,,,,,,,,,,,,,,
51202,51202,12861,"Guangzhou Wondfo Biotech Co.,Ltd",Guangzhou Wondfo Biotech,,,,,,,,,,,,,,,,
51203,51203,25556,Invibes advertising,Invibes Advertising N.V.,,,,,,,,,,,,,,,,
51208,51208,10229,Aiful Corporation,Aiful Corp,,,,,,,,,,,,,,,,
51209,51209,49658,Denbury Inc.,Denbury Inc,,,,,,,,,,,,,,,,
51210,51210,927,ACCENTURE SPA,ACCENTURE PLC,,,,,,,,,,,,,,,,
51224,51224,6989,Star Charge,Star Channel,,,,,,,,,,,,,,,,
51237,51237,49303,"Matson, Inc.",Matson Inc,,,,,,,,,,,,,,,,
51240,51240,38694,Aekyung 2080,Aekyung,,,,,,,,,,,,,,,,
51242,51242,49267,Experian PLC,Experian,,,,,,,,,,,,,,,,
51253,51253,41998,Shanghai Huayi Group Corporation,Shanghai Huayi Group Corp Ltd,,,,,,,,,,,,,,,,
51256,51256,40758,Direct Line Insurance Group Plc,Direct Line Insurance Group,,,,,,,,,,,,,,,,
51268,51268,367,Exxon Mobil Corp,Exxon Mobil,,,,,,,,,,,,,,,,
51275,51275,6170,ALL ABOUT STEM EVENTS LIMITED,ALL ABOUT SPORTS EVENTS LTD,,,,,,,,,,,,,,,,
51276,51276,36543,"Zhejiang Orient Gene Biotech Co., Ltd.",Zhejiang Orient Gene Biotech Co. Ltd,,,,,,,,,,,,,,,,
51278,51278,35192,Digital China Group Co Ltd,Digital China Group,,,,,,,,,,,,,,,,
51285,51285,42938,Equinix Inc,Equinix,,,,,,,,,,,,,,,,
51295,51295,21569,Air China Ld,Air China,,,,,,,,,,,,,,,,
51301,51301,1257,Mangalore Refinery and Petrochemicals Ltd,Mangalore Refinery and Petrochemicals,,,,,,,,,,,,,,,,
51307,51307,50435,Trencadis Corp,Trencadis,,,,,,,,,,,,,,,,
51316,51316,23428,Hapag-lloyd,Hapag-Lloyd AG,,,,,,,,,,,,,,,,
51325,51325,8948,U AND I IPB LTD,U AND I IPA SC LIMITED,,,,,,,,,,,,,,,,
51337,51337,19457,American Eagle Outfitters Inc,American Eagle Outfitters,,,,,,,,,,,,,,,,
51341,51341,48023,Kuala Lumpur Kepong Bhd,Kuala Lumpur Kepong Berhad,,,,,,,,,,,,,,,,
51371,51371,7183,Gecina Sa,Gecina SA,,,,,,,,,,,,,,,,
51382,51382,3959,Hollyfrontier Corporation,HollyFrontier Corporation,,,,,,,,,,,,,,,,
51384,51384,49848,Marketech International Corp,Marketech International,,,,,,,,,,,,,,,,
51390,51390,45494,LG Chem Ltd,LG Chem,,,,,,,,,,,,,,,,
51395,51395,26045,Meggitt plc,Meggitt Plc,,,,,,,,,,,,,,,,
51409,51409,49958,Vossloh Ag,Vossloh AG,,,,,,,,,,,,,,,,
51411,51411,6856,Caisse Regionale de Credit Agricole du Morbihan,Caisse Regionale de Credit Agricole Mutuel du Languedoc SCCV,,,,,,,,,,,,,,,,
51419,51419,21381,S A HALE LIMITED,S A HALAL MEAT LIMITED,,,,,,,,,,,,,,,,
51430,51430,6550,Wistron Information Technology and,Wistron Information Technology & Services Corp,,,,,,,,,,,,,,,,
51436,51436,37879,Weichai Power Co Ltd,Weichai Power,,,,,,,,,,,,,,,,
51448,51448,39325,Z Energy Ltd,Z Energy Limited,,,,,,,,,,,,,,,,
51454,51454,26121,General Electric Company,General Electric Co,,,,,,,,,,,,,,,,
51464,51464,931,Keyence Corporation,Keyence Corp,,,,,,,,,,,,,,,,
51474,51474,33844,Stepan Company,Stepan Co,,,,,,,,,,,,,,,,
51480,51480,33071,Monster Beverage Corp,Monster Beverage,,,,,,,,,,,,,,,,
51485,51485,26717,Melia Hotels International SA,Melia Hotels International,,,,,,,,,,,,,,,,
51504,51504,21794,Hella Gmbh & Co. Kgaa,Hella GmbH & Co KGaA,,,,,,,,,,,,,,,,
51506,51506,32208,SBI Life Insurance Company,SBI Life Insurance Co Ltd,,,,,,,,,,,,,,,,
51543,51543,47506,H A ACCOUNTANCY SERVICES LTD,H A ACCOUNTANCY LIMITED,,,,,,,,,,,,,,,,
51549,51549,9980,Shanghai Bright Power Semiconductor Co. Ltd,Shanghai Bright Power Semiconductor,,,,,,,,,,,,,,,,
51567,51567,22658,"Kyushu Financial Group, Inc.",Kyushu Financial Group Inc,,,,,,,,,,,,,,,,
51569,51569,24929,Ford Motor Co,Ford Motor,,,,,,,,,,,,,,,,
51582,51582,43900,"Zhejiang Xinan Chemical Industrial Group Co.,Ltd",Zhejiang Xinan Chemical Industrial Group,,,,,,,,,,,,,,,,
51588,51588,14739,Xinyi Solar Holdings Ltd,Xinyi Solar Holdings,,,,,,,,,,,,,,,,
51593,51593,22851,Just Group plc,Just Group Plc,,,,,,,,,,,,,,,,
51610,51610,30422,Descartes Systems Group Inc.,Descartes Systems Group,,,,,,,,,,,,,,,,
51619,51619,35138,Carlsberg A-S,Carlsberg,,,,,,,,,,,,,,,,
51620,51620,45084,Groupe Bruxelles Lambert Sa,Groupe Bruxelles Lambert SA,,,,,,,,,,,,,,,,
51622,51622,49645,Santos Ltd,Santos Limited,,,,,,,,,,,,,,,,
51623,51623,14305,Elisa Oyj,Elisa,,,,,,,,,,,,,,,,
51629,51629,30679,Fossil Group Inc,Fossil Group,,,,,,,,,,,,,,,,
51644,51644,29428,Oxford Biomedica plc,Oxford Biomedica,,,,,,,,,,,,,,,,
51650,51650,9858,Cibus Nordic Real Estate Ab (publ),Cibus Nordic Real Estate AB,,,,,,,,,,,,,,,,
51664,51664,40397,"Stericycle, Inc.",Stericycle,,,,,,,,,,,,,,,,
51674,51674,687,Skyline Champion Corporation,Skyline Champion Corp,,,,,,,,,,,,,,,,
51681,51681,19158,ADT Inc.,ADT Inc,,,,,,,,,,,,,,,,
51687,51687,11785,Steel Dynamics Inc,Steel Dynamics,,,,,,,,,,,,,,,,
51703,51703,32844,JD Sports Fashion Plc,JD Sports Fashion,,,,,,,,,,,,,,,,
51704,51704,18028,President Bakery Public Company Ltd,President Bakery Public Company,,,,,,,,,,,,,,,,
51719,51719,5646,Petkim Petrokimya Holding A.s.,Petkim Petrokimya Holding A.S.,,,,,,,,,,,,,,,,
51729,51729,13296,Q ELECTRICALS SERVICES LTD,Q ELECTRICAL SERVICES LTD,,,,,,,,,,,,,,,,
51730,51730,47240,SOFTWARE ROCKS LTD,SOFTWARE RISK LIMITED,,,,,,,,,,,,,,,,
51738,51738,43839,Cummins India,Cummins Inc.,,,,,,,,,,,,,,,,
51741,51741,27235,Formosa Plastics Corp,Formosa Plastics,,,,,,,,,,,,,,,,
51755,51755,12860,Quintoandar,QuintoAndar,,,,,,,,,,,,,,,,
51776,51776,33790,Scout24 Ag,Scout24 AG,,,,,,,,,,,,,,,,
51779,51779,13669,Veeva Systems Inc.,Veeva Systems Inc,,,,,,,,,,,,,,,,
51782,51782,25670,SOFTWARE DESIGN SYSTEMS LTD,SOFTWARE DESIGN SMART LTD,,,,,,,,,,,,,,,,
51785,51785,40287,Extra Space Storage Inc.,Extra Space Storage Inc,,,,,,,,,,,,,,,,
51787,51787,35465,McDermott International Inc,McDermott International,,,,,,,,,,,,,,,,
51795,51795,19668,China Life Insurance Co. Ltd,China Life Insurance Co Ltd,,,,,,,,,,,,,,,,
51802,51802,44565,Toyoda Gosei Co. Ltd,Toyoda Gosei Co Ltd,,,,,,,,,,,,,,,,
51811,51811,48251,"Xiamen Bank Co., Ltd.",Xiamen Bank Co. Ltd,,,,,,,,,,,,,,,,
51829,51829,27810,BEAUTY LTD,BEAUTY BOX LIMITED,,,,,,,,,,,,,,,,
51830,51830,21740,MinebeaMitsumi Inc,"Minebea Mitsumi, Inc.",,,,,,,,,,,,,,,,
51838,51838,49531,Ryerson Holding Corporation,Ryerson Holding Corp,,,,,,,,,,,,,,,,
51840,51840,5320,Schibsted Asa,Schibsted ASA,,,,,,,,,,,,,,,,
51849,51849,17171,Bolsas y Mercados Españoles (BME),Bolsas y Mercados Espanoles SHMSF SA,,,,,,,,,,,,,,,,
51853,51853,48373,Generac Holdings Inc,Generac Holdings,,,,,,,,,,,,,,,,
51856,51856,30616,Tube Investments of India,Tube Investments Of India,,,,,,,,,,,,,,,,
51867,51867,40969,Anhui Guangxin Agrochemical Co. Ltd,Anhui Guangxin Agrochemical,,,,,,,,,,,,,,,,
51877,51877,13093,Empresas Gasco SA,Empresas Copec SA,,,,,,,,,,,,,,,,
51883,51883,36333,Ganfeng Lithium Co. Ltd,Ganfeng Lithium,,,,,,,,,,,,,,,,
51896,51896,26048,"Wintime Energy Co.,Ltd.",Wintime Energy,,,,,,,,,,,,,,,,
51897,51897,8853,"Conagra Brands, Inc.",Conagra Brands Inc,,,,,,,,,,,,,,,,
51903,51903,1916,TD SYNNEX Corp,TD SYNNEX,,,,,,,,,,,,,,,,
51908,51908,14482,Amkor Technology Inc,Amkor Technology,,,,,,,,,,,,,,,,
51924,51924,31443,Kinsus Interconnect Technology Corp,Kinsus Interconnect Technology,,,,,,,,,,,,,,,,
51928,51928,19392,Ferguson plc,Ferguson Plc,,,,,,,,,,,,,,,,
51932,51932,34148,ALL ABOUT LAPTOPS LTD,ALL ABOUT LAPTOPS AND COMPUTERS LTD,,,,,,,,,,,,,,,,
51948,51948,22627,Heineken Holding N.V.,Heineken Holding,,,,,,,,,,,,,,,,
51955,51955,42868,Kyushu Electric Power Company,Kyushu Electric Power Co Inc,,,,,,,,,,,,,,,,
51958,51958,22062,Deutsche Wohnen Se,Deutsche Wohnen SE,,,,,,,,,,,,,,,,
51959,51959,45259,Banca Mediolanum SpA,Banca Mediolanum S.p.A.,,,,,,,,,,,,,,,,
51975,51975,51581,Shinva Medical Instrument Co Ltd,Shinva Medical Instrument,,,,,,,,,,,,,,,,
52012,52012,5736,Hanwha Systems Co. Ltd,Hanwha Systems,,,,,,,,,,,,,,,,
52013,52013,9297,Landstar System Inc,Landstar System,,,,,,,,,,,,,,,,
52024,52024,26997,China Yongda Automobiles Services Holdings Ltd,China Yongda Automobiles Services Holdings,,,,,,,,,,,,,,,,
52026,52026,7624,Administradora de Fondos de Pensiones ProVida SA,Administradora de Fondos de Pensiones PlanVital SA,,,,,,,,,,,,,,,,
52042,52042,10882,Standard Chartered Bank,Standard Chartered,,,,,,,,,,,,,,,,
52065,52065,5183,Aedifica Sa,Aedifica SA,,,,,,,,,,,,,,,,
52080,52080,25992,Welspun Corp,Welspun,,,,,,,,,,,,,,,,
52091,52091,26250,Befimmo SA,Befimmo,,,,,,,,,,,,,,,,
52092,52092,11584,Jumia Technologies Ag,Jumia Technologies AG,,,,,,,,,,,,,,,,
52106,52106,30273,Safilo,Safi,,,,,,,,,,,,,,,,
52107,52107,3592,Wacker Neuson SE,Wacker Neuson,,,,,,,,,,,,,,,,
52112,52112,33595,Conocophillips,ConocoPhillips,,,,,,,,,,,,,,,,
52119,52119,7238,National Building and Marketing Co.,National Building And Marketing,,,,,,,,,,,,,,,,
52127,52127,45430,Smart Energy Water,Smart Energy Group,,,,,,,,,,,,,,,,
52136,52136,34877,"DCP Midstream, LP",DCP Midstream LP,,,,,,,,,,,,,,,,
52140,52140,5526,Western Superconducting Technologies Co. Ltd,Western Superconducting Technologies,,,,,,,,,,,,,,,,
52145,52145,37220,SOFTWARE SOLUTIONS AND TRAINING LIMITED,SOFTWARE SOLUTIONS AI LIMITED,,,,,,,,,,,,,,,,
52147,52147,5819,Dillard's Inc,Dillard's,,,,,,,,,,,,,,,,
52157,52157,23543,Hengan International Group Company,Hengan International Group Co Ltd,,,,,,,,,,,,,,,,
52161,52161,16512,China Merchants Port Holdings,China Merchants Port Group,,,,,,,,,,,,,,,,
52170,52170,18114,Kuehne + Nagel International Ag,Kuehne + Nagel International AG,,,,,,,,,,,,,,,,
52182,52182,51241,Agilent Technologies Inc,Agilent Technologies,,,,,,,,,,,,,,,,
52193,52193,4575,Controladora Vuela Compania de Aviacion SAB de CV,Controladora Vuela Compania De Aviacion,,,,,,,,,,,,,,,,
52195,52195,12029,Boston Properties Inc,Boston Properties,,,,,,,,,,,,,,,,
52200,52200,19869,Harita Seating Systems Ltd,Harita Seating Systems,,,,,,,,,,,,,,,,
52201,52201,47829,Bajaj Finserv Ltd,Bajaj Finserv,,,,,,,,,,,,,,,,
52202,52202,30923,Zhejiang Huahai Pharmaceutical Co Ltd,Zhejiang Huahai Pharmaceutical,,,,,,,,,,,,,,,,
52208,52208,47675,Nexteer Automotive Group,Nexteer Automotive,,,,,,,,,,,,,,,,
52222,52222,32342,Equinox Gold Corp,Equinox Gold,,,,,,,,,,,,,,,,
52228,52228,40125,ALL ABOUT HOME CARE LIMITED,ALL ABOUT HOLES LIMITED,,,,,,,,,,,,,,,,
52255,52255,18441,Sino Wealth Electronic Ltd,Sino Wealth Electronic,,,,,,,,,,,,,,,,
52256,52256,12438,Sprouts Farmers Market Inc,Sprouts Farmers Market,,,,,,,,,,,,,,,,
52257,52257,50234,Ideagen plc,Ideagen,,,,,,,,,,,,,,,,
52266,52266,8406,"TBS Holdings,Inc.",TBS Holdings Inc,,,,,,,,,,,,,,,,
52267,52267,43502,ROINET Solution,ROI NET Solution,,,,,,,,,,,,,,,,
52268,52268,32204,Norsk Hydro Asa,Norsk Hydro ASA,,,,,,,,,,,,,,,,
52273,52273,5694,Lechwerke Ag,Lechwerke AG,,,,,,,,,,,,,,,,
52279,52279,16136,Yocabe’,Yocabe,,,,,,,,,,,,,,,,
52286,52286,32806,Ubisoft Entertainment SA,Ubisoft Entertainment,,,,,,,,,,,,,,,,
52289,52289,20380,NOV Inc.,NOV Inc,,,,,,,,,,,,,,,,
52297,52297,4399,McKesson Corporation,McKesson Corp,,,,,,,,,,,,,,,,
52305,52305,3468,Sinocelltech Group Ltd,Sinocelltech Group Limited,,,,,,,,,,,,,,,,
52314,52314,17724,BEAUTY & HOLISTIC THERAPY LTD,BEAUTY & HOLISTIC LOUNGE LTD,,,,,,,,,,,,,,,,
52317,52317,32453,Kainos Group plc,Kainos Group,,,,,,,,,,,,,,,,
52319,52319,42886,SOFTWARE ACQUISITIONS LTD,SOFTWARE ACQUISITIONS & LICENSING LIMITED,,,,,,,,,,,,,,,,
52333,52333,13912,SOFTWARE SOLUTIONS INDIA LIMITED,SOFTWARE SOLUTIONS IG LIMITED,,,,,,,,,,,,,,,,
52334,52334,45219,DaVita Inc.,DaVita Inc,,,,,,,,,,,,,,,,
52336,52336,35122,Enel Generacion Chile SA,Enel Generacion Chile,,,,,,,,,,,,,,,,
52344,52344,5200,"CDK Global, Inc.",CDK Global Inc,,,,,,,,,,,,,,,,
52347,52347,37756,Aurelius Equity Opportunities Se & Co. Kgaa,Aurelius Equity Opportunities SE & Co KGaA,,,,,,,,,,,,,,,,
52352,52352,27000,Loro Piana Spa,Loro Piana,,,,,,,,,,,,,,,,
52354,52354,42082,Elektro Redes S.a.,Elektro Redes,,,,,,,,,,,,,,,,
52369,52369,25145,Durr AG,Durr,,,,,,,,,,,,,,,,
52378,52378,50424,Rand Merchant Investment Holdings Ltd,Rand Merchant Investment Holdings,,,,,,,,,,,,,,,,
52385,52385,36112,Hilan Ltd,Hilan,,,,,,,,,,,,,,,,
52387,52387,36256,Horace Mann Educators Corporation,Horace Mann Educators Corp,,,,,,,,,,,,,,,,
52401,52401,6049,Rothschild & Co Sca,Rothschild & Co SCA,,,,,,,,,,,,,,,,
52406,52406,23116,Kosmos Energy Ltd,Kosmos Energy,,,,,,,,,,,,,,,,
52412,52412,21878,Varta Ag,Varta AG,,,,,,,,,,,,,,,,
52455,52455,14963,Shanghai Aerospace Automobile Electromechanical Co. Ltd,Shanghai Aerospace Automobile Electromechanical,,,,,,,,,,,,,,,,
52458,52458,31170,Ellaktor SA,Ellaktor,,,,,,,,,,,,,,,,
52463,52463,3568,Sumec Corporation Ltd,Sumec Corporation,,,,,,,,,,,,,,,,
52476,52476,34325,China Longyuan Power Group Corporation,China Longyuan Power Group Corp Ltd,,,,,,,,,,,,,,,,
52495,52495,22361,Masimo Corporation,Masimo Corp,,,,,,,,,,,,,,,,
52500,52500,11747,Franco-Nevada Corp,Franco-Nevada,,,,,,,,,,,,,,,,
52504,52504,94,IQVIA Holdings Inc.,IQVIA Holdings Inc,,,,,,,,,,,,,,,,
52512,52512,51343,Nokia Corporation,Nokia Corp,,,,,,,,,,,,,,,,
52521,52521,18436,Equitable Holdings Inc,Equitable Holdings,,,,,,,,,,,,,,,,
52526,52526,27327,Holcim Ltd,Holcim,,,,,,,,,,,,,,,,
52527,52527,15934,Koninklijke Philips NV,Koninklijke Philips N.V.,,,,,,,,,,,,,,,,
52535,52535,47494,"China Hainan Rubber Industry Group Co., Ltd.",China Hainan Rubber Industry Group Co. Ltd,,,,,,,,,,,,,,,,
52537,52537,12436,"CyberAgent, Inc.",CyberAgent Inc,,,,,,,,,,,,,,,,
52549,52549,37823,Wienerberger Ag,Wienerberger AG,,,,,,,,,,,,,,,,
52552,52552,16414,Flex Ltd.,Flex Ltd,,,,,,,,,,,,,,,,
52576,52576,23069,Edwards Lifesciences Corp,Edwards Lifesciences,,,,,,,,,,,,,,,,
52595,52595,41251,Renewable Energy Group Inc,Renewable Energy Group,,,,,,,,,,,,,,,,
52601,52601,8979,Cranswick plc,Cranswick,,,,,,,,,,,,,,,,
52613,52613,35473,Arthur J. Gallagher & Co,Arthur J. Gallagher,,,,,,,,,,,,,,,,
52615,52615,32127,THE J W T PARTNERSHIP LTD,THE J T L PARTNERSHIP LIMITED,,,,,,,,,,,,,,,,
52623,52623,22660,BEAUTY AT THE VINERY LIMITED,BEAUTY AT THE UBER LTD,,,,,,,,,,,,,,,,
52624,52624,32260,InterContinental Hotels Group plc,InterContinental Hotels Group Plc,,,,,,,,,,,,,,,,
52628,52628,15287,Jiayuan International Group Ltd,Jiayuan International Group,,,,,,,,,,,,,,,,
52651,52651,37122,"Hill-Rom Holdings, Inc.",Hill-Rom Holdings Inc,,,,,,,,,,,,,,,,
52655,52655,40168,Edison Spa,Edison S.p.a,,,,,,,,,,,,,,,,
52671,52671,27865,Dolby Laboratories Inc,Dolby Laboratories,,,,,,,,,,,,,,,,
52672,52672,46412,Chongqing Rural Commercial Bank,Chongqing Rural Bank,,,,,,,,,,,,,,,,
52677,52677,48724,Transneft PJSC,Transneft,,,,,,,,,,,,,,,,
52682,52682,28776,Evergreen Marine Corp Taiwan Ltd,Evergreen Marine Corp,,,,,,,,,,,,,,,,
52683,52683,32338,Check Point Software Technologies Ltd.,Check Point Software Technologies Ltd,,,,,,,,,,,,,,,,
52687,52687,34515,NEW AGE DIGITAL MEDIA LIMITED,NEW AGE DIGITAL LIMITED,,,,,,,,,,,,,,,,
52689,52689,25070,Reliance Industries Ltd,Reliance Industries Careers,,,,,,,,,,,,,,,,
52690,52690,3982,Woolworths Holdings Ltd,Woolworths Holdings,,,,,,,,,,,,,,,,
52693,52693,36772,"YFY, Inc.",YFY Inc,,,,,,,,,,,,,,,,
52704,52704,22532,Bank of Shanghai Co. Ltd,Bank of Shanghai Co Ltd,,,,,,,,,,,,,,,,
52708,52708,12424,Villeroy & Boch AG,Villeroy & Boch,,,,,,,,,,,,,,,,
52713,52713,12490,Cronos Group Inc.,Cronos Group,,,,,,,,,,,,,,,,
52720,52720,45658,Equity Lifestyle Properties Inc,Equity Lifestyle Properties,,,,,,,,,,,,,,,,
52728,52728,15452,Caisse Regionale de Credit Agricole Mutuel Brie Picardie,Caisse Regionale de Credit Agricole Mutuel Alpes Provence,,,,,,,,,,,,,,,,
52732,52732,22151,Science Applications International Corporation,Science Applications International Corp,,,,,,,,,,,,,,,,
52757,52757,10762,Amazon Web Services Emea Sarl,Amazon Web Services,,,,,,,,,,,,,,,,
52764,52764,51030,China Energy Engineering Corporation Limited,China Energy Engineering Corp Ltd,,,,,,,,,,,,,,,,
52781,52781,819,T & B (CONTRACTORS) LIMITED,T & B (CONTRACTORS) HOLDINGS LIMITED,,,,,,,,,,,,,,,,
52789,52789,34097,"Cadence Design Systems, Inc.",Cadence Design Systems Inc,,,,,,,,,,,,,,,,
52790,52790,17250,"Fortinet, Inc.",Fortinet Inc,,,,,,,,,,,,,,,,
52793,52793,38937,Ramkhamhaeng Hospital Public Company Ltd,Ramkhamhaeng Hospital Public Company,,,,,,,,,,,,,,,,
52796,52796,47489,Lennar Corporation,Lennar Corp,,,,,,,,,,,,,,,,
52805,52805,37687,Minor International Public Company,Minor International PCL,,,,,,,,,,,,,,,,
52807,52807,39504,Grinm Advanced Materials Co. Ltd,Grinm Advanced Materials,,,,,,,,,,,,,,,,
52808,52808,20497,INEOS INDUSTRIES LIMITED,INEOS INDUSTRIES HOLDINGS LIMITED,,,,,,,,,,,,,,,,
52819,52819,38393,Pigeon Corporation,Pigeon Corp,,,,,,,,,,,,,,,,
52822,52822,3707,Public Joint Stock Company Saratovenergo,Public Joint Stock Company Rusolovo,,,,,,,,,,,,,,,,
52824,52824,23721,"Wuxi Autowell Technology Co.,ltd.","Wuxi Autowell Technology Co.,Ltd.",,,,,,,,,,,,,,,,
52834,52834,6509,Electronic Arts Inc.,Electronic Arts Inc,,,,,,,,,,,,,,,,
52836,52836,5076,Mahindra CIE Automotive,Mahindra Automotives,,,,,,,,,,,,,,,,
52839,52839,2155,Cooper Tire & Rubber Company,Cooper Tire & Rubber Co,,,,,,,,,,,,,,,,
52853,52853,19842,Rolls-royce Holdings,Rolls-Royce Holdings plc,,,,,,,,,,,,,,,,
52858,52858,9660,"Sinocare, Inc.",Sinocare,,,,,,,,,,,,,,,,
52868,52868,27014,Vontobel Holding Ag,Vontobel Holding AG,,,,,,,,,,,,,,,,
52885,52885,23155,Foot Locker Careers,Foot Locker,,,,,,,,,,,,,,,,
52889,52889,1125,Brixmor Property Group Inc,Brixmor Property Group,,,,,,,,,,,,,,,,
52907,52907,35915,Huadian Power International Corporation,Huadian Power International Corp Ltd,,,,,,,,,,,,,,,,
52920,52920,22180,Zhejiang Ausun Pharmaceutical Co. Ltd,Zhejiang Ausun Pharmaceutical,,,,,,,,,,,,,,,,
52927,52927,38808,Evergreen Marine Corporation (taiwan),Evergreen Marine Corp. (Taiwan),,,,,,,,,,,,,,,,
52954,52954,11436,Horizon Therapeutics Public Company,Horizon Therapeutics Plc,,,,,,,,,,,,,,,,
52963,52963,27568,Mivne Real Estate (k.d) Ltd,Mivne Real Estate,,,,,,,,,,,,,,,,
52967,52967,48947,Goldman Sachs Group,Goldman Sachs Bdc,,,,,,,,,,,,,,,,
52968,52968,37394,Canoe Eit Income Fund,Canoe EIT Income Fund,,,,,,,,,,,,,,,,
52980,52980,4390,Altarea SCA,Altarea,,,,,,,,,,,,,,,,
52988,52988,41369,Westinghouse Air Brake Technologies Corp,Westinghouse Air Brake Technologies,,,,,,,,,,,,,,,,
52989,52989,4048,Jubilant Pharmova Limited,Jubilant Pharmova,,,,,,,,,,,,,,,,
52990,52990,22952,IPG Photonics Corporation,IPG Photonics Corp,,,,,,,,,,,,,,,,
53006,53006,19721,Briscoe Group Limited,Briscoe Group,,,,,,,,,,,,,,,,
53022,53022,40615,PT Mahaka Radio Integra Tbk,PT Mahaka Media Tbk,,,,,,,,,,,,,,,,
53025,53025,10240,DeNA Co. Ltd,DeNA Co Ltd,,,,,,,,,,,,,,,,
53035,53035,50153,Z BARBER LTD,Z BARBER CLUB LTD,,,,,,,,,,,,,,,,
53036,53036,4921,Atrys Health SA,Atrys Health,,,,,,,,,,,,,,,,
53041,53041,20368,BAD BOY BOSSES LTD,BAD BOY BARBER LTD,,,,,,,,,,,,,,,,
53043,53043,28218,Fuji Seal International Inc,Fuji Seal International,,,,,,,,,,,,,,,,
53044,53044,43001,Masraf Al Rayan (Q.S.C.),Masraf Al Rayan,,,,,,,,,,,,,,,,
53059,53059,42495,Lenenergo PJSC,Lenenergo,,,,,,,,,,,,,,,,
53067,53067,7425,Berkshire Hathaway Inc,Berkshire Hathaway Energy Co,,,,,,,,,,,,,,,,
53068,53068,12078,"Coinbase Global, Inc.","Coinbase Global, Inc",,,,,,,,,,,,,,,,
53071,53071,2071,"Alexandria Real Estate Equities, Inc.",Alexandria Real Estate Equities Inc,,,,,,,,,,,,,,,,
53077,53077,41848,Tutor2you,Tutor2You,,,,,,,,,,,,,,,,
53085,53085,26753,Lion Corporation,Lion Corp,,,,,,,,,,,,,,,,
53087,53087,7158,Sanyo Special Steel Co. Ltd,Sanyo Special Steel,,,,,,,,,,,,,,,,
53088,53088,35144,Bridgestone Corp,Bridgestone,,,,,,,,,,,,,,,,
53091,53091,38974,Smith & Nephew Plc,Smith & Nephew Healthcare,,,,,,,,,,,,,,,,
53093,53093,46588,Aegis Logistics Ltd,Aegis Logistics,,,,,,,,,,,,,,,,
53094,53094,9433,Viohalco S.a.,Viohalco,,,,,,,,,,,,,,,,
53096,53096,20182,Australian Ethical Investment Ltd.,Australian Ethical Investment Ltd,,,,,,,,,,,,,,,,
53097,53097,42751,Nippon Steel Trading Corporation,Nippon Steel Trading Corp,,,,,,,,,,,,,,,,
53099,53099,20471,TOTAL MARKETING SUPPORT LIMITED,TOTAL MARKETING SUPPORT GLOBAL LIMITED,,,,,,,,,,,,,,,,
53102,53102,48252,Volante Technologies,Volansys Technologies,,,,,,,,,,,,,,,,
53119,53119,20457,Thonburi Healthcare Group Public Company Ltd,Thonburi Healthcare Group Public Company,,,,,,,,,,,,,,,,
53121,53121,51553,"Lyft, Inc.",Lyft Inc,,,,,,,,,,,,,,,,
53123,53123,52239,Sanlorenzo S.p.a.,Sanlorenzo S.p.A.,,,,,,,,,,,,,,,,
53134,53134,36004,Huaxin Cement Co Ltd,Huaxin Cement,,,,,,,,,,,,,,,,
53136,53136,43138,Orient Corporation,Orient Corp,,,,,,,,,,,,,,,,
53137,53137,45105,"Benchmark Electronics, Inc.",Benchmark Electronics Inc,,,,,,,,,,,,,,,,
53143,53143,40008,On Holding Ag,On Holding AG,,,,,,,,,,,,,,,,
53178,53178,27497,Beijing Shunxin Agriculture Co Ltd,Beijing Shunxin Agriculture,,,,,,,,,,,,,,,,
53192,53192,6243,CaixaBank SA,CaixaBank,,,,,,,,,,,,,,,,
53196,53196,8965,Uniper Se,Uniper SE,,,,,,,,,,,,,,,,
53197,53197,26668,Western Midstream Partners Lp,Western Midstream Partners LP,,,,,,,,,,,,,,,,
53209,53209,35718,ALL ABOUT FIRES LTD,ALL ABOUT FILM LTD,,,,,,,,,,,,,,,,
53211,53211,1341,"Gruma, S.A.B. de C.V.",Gruma SAB de CV,,,,,,,,,,,,,,,,
53217,53217,7319,NEW AGE BEER LIMITED,NEW AGE BEAUTY LIMITED,,,,,,,,,,,,,,,,
53223,53223,30233,"Dian Diagnostics Group Co.,Ltd.",Dian Diagnostics Group,,,,,,,,,,,,,,,,
53226,53226,12229,SES SA,SES S.A.,,,,,,,,,,,,,,,,
53231,53231,21742,BAD MONDAY LIMITED,BAD MOLLYS LIMITED,,,,,,,,,,,,,,,,
53247,53247,48654,Medacta Group Sa,Medacta Group SA,,,,,,,,,,,,,,,,
53253,53253,29863,GOOD AS GOLD LONDON LIMITED,GOOD AS GOLD LIMITED,,,,,,,,,,,,,,,,
53258,53258,32285,Haidilao International Holding Ltd,Haidilao International Holding,,,,,,,,,,,,,,,,
53262,53262,23725,Showa Denko K.k,Showa Denko K.K.,,,,,,,,,,,,,,,,
53264,53264,30546,INTEL CORPORATION (UK) LIMITED,INTEL CORPORATION,,,,,,,,,,,,,,,,
53292,53292,3813,Healthpeak Properties Inc,Healthpeak Properties,,,,,,,,,,,,,,,,
53294,53294,7740,Spirent Communications plc,Spirent Communications,,,,,,,,,,,,,,,,
53296,53296,37870,"Cathay Biotech, Inc.",Cathay Biotech Inc.,,,,,,,,,,,,,,,,
53298,53298,27446,Chr. Hansen Holding,Chr. Hansen,,,,,,,,,,,,,,,,
53301,53301,20428,Highwealth Construction Corp,Highwealth Construction,,,,,,,,,,,,,,,,
53321,53321,3518,JAC Recruitment Co. Ltd,JAC Recruitment,,,,,,,,,,,,,,,,
53324,53324,38242,WPG Holdings Ltd,WPG Holdings,,,,,,,,,,,,,,,,
53333,53333,37822,P & A PROPERTIES WIRRAL LTD,P & A PROPERTIES SERVICES LTD,,,,,,,,,,,,,,,,
53341,53341,28676,Beijing Jingneng Clean Energy Co Ltd,Beijing Jingneng Clean Energy,,,,,,,,,,,,,,,,
53347,53347,29894,"Ventas, Inc.",Ventas Inc,,,,,,,,,,,,,,,,
53352,53352,33555,Phison Electronics Corp,Phison Electronics,,,,,,,,,,,,,,,,
53357,53357,38107,Balkrishna Industries Ltd,Balkrishna Industries,,,,,,,,,,,,,,,,
53385,53385,43902,Yadong Group Holdings Ltd,Yadea Group Holdings Ltd,,,,,,,,,,,,,,,,
53388,53388,21977,Wintrust Financial Corp,Wintrust Financial,,,,,,,,,,,,,,,,
53389,53389,18109,Shuangliang Eco-energy Systems,"Shuangliang Eco-Energy Systems Co.,Ltd",,,,,,,,,,,,,,,,
53395,53395,12116,Beijing Geoenviron Engineering & Technology,"Beijing GeoEnviron Engineering & Technology, Inc.",,,,,,,,,,,,,,,,
53407,53407,35081,Shaanxi Coal Industry Company Ltd,Shaanxi Coal Industry Company,,,,,,,,,,,,,,,,
53416,53416,23309,Concentric AB,Concentric,,,,,,,,,,,,,,,,
53425,53425,46327,H A MAY SERVICES LTD,H A MAY SERVICES LIMITED,,,,,,,,,,,,,,,,
53436,53436,16139,"Schnitzer Steel Industries, Inc.",Schnitzer Steel Industries,,,,,,,,,,,,,,,,
53441,53441,35511,U & S PROPERTY LTD,U & S PROPERTIES LTD,,,,,,,,,,,,,,,,
53453,53453,12840,"Lushang Health Industry Development Co.,Ltd.",Lushang Health Industry Development,,,,,,,,,,,,,,,,
53462,53462,17987,Shanghai Tunnel Engineering Co. Ltd,Shanghai Tunnel Engineering Co Ltd,,,,,,,,,,,,,,,,
53464,53464,9856,Shandong Linglong Tyre Co. Ltd,Shandong Linglong Tyre,,,,,,,,,,,,,,,,
53467,53467,45681,"PerkinElmer, Inc.",PerkinElmer Inc,,,,,,,,,,,,,,,,
53468,53468,19232,America Movil SAB DE CV,America Movil,,,,,,,,,,,,,,,,
53474,53474,16505,Jiumaojiu International Holdings Ltd,Jiumaojiu International Holdings Limited,,,,,,,,,,,,,,,,
53496,53496,17706,Maruichi Steel Tube Ltd,Maruichi Steel Tube,,,,,,,,,,,,,,,,
53498,53498,7131,Columbus A/S,Columbus,,,,,,,,,,,,,,,,
53514,53514,14952,Shanghai Pharmaceuticals Holding Co. Ltd,Shanghai Pharmaceuticals Holding Co Ltd,,,,,,,,,,,,,,,,
53530,53530,28042,Vodafone Group plc,Vodafone Group Plc,,,,,,,,,,,,,,,,
53533,53533,38558,IGM Financial Inc.,IGM Financial Inc,,,,,,,,,,,,,,,,
53534,53534,19539,First Advantage Careers,First Advantage,,,,,,,,,,,,,,,,
53537,53537,47998,ALL ABOUT THE BAIZE LTD,ALL ABOUT THE BABY LIMITED,,,,,,,,,,,,,,,,
53540,53540,4461,Franco-nevada Corporation,Franco-Nevada Corporation,,,,,,,,,,,,,,,,
53542,53542,36434,Chubb Ltd,Chubb Limited,,,,,,,,,,,,,,,,
53546,53546,28945,Power Corporation of Canada,Power Corporation Of Canada,,,,,,,,,,,,,,,,
53547,53547,21055,CSR Ltd,CSR Limited,,,,,,,,,,,,,,,,
53551,53551,21655,R. A. GLASS ASSOCIATES (LARNE) LTD,R. A. GLASS ASSOCIATES (COMBER) LTD,,,,,,,,,,,,,,,,
53560,53560,23293,"EPAM Systems, Inc.",EPAM Systems Inc,,,,,,,,,,,,,,,,
53572,53572,27633,MSA Safety Incorporated,MSA Safety Inc,,,,,,,,,,,,,,,,
53588,53588,36070,Bell Food Group Ag,Bell Food Group AG,,,,,,,,,,,,,,,,
53604,53604,29706,Redington Gulf,Redington,,,,,,,,,,,,,,,,
53606,53606,50235,Hang Seng Bank Limited,Hang Seng Bank,,,,,,,,,,,,,,,,
53608,53608,15533,Viking Line ABP,Viking Line,,,,,,,,,,,,,,,,
53609,53609,35040,Sumitomo Electric Industries Ltd,Sumitomo Electric Industries,,,,,,,,,,,,,,,,
53618,53618,39027,Austal Ltd,Austal Limited,,,,,,,,,,,,,,,,
53631,53631,8435,Taiwan Cooperative Financial Holding Co. Ltd,Taiwan Cooperative Financial Holding,,,,,,,,,,,,,,,,
53635,53635,45354,NEW ADVENTURES SERVICES LIMITED,NEW ADVENTURES RED SHOES LIMITED,,,,,,,,,,,,,,,,
53643,53643,39913,Whitbread Plc,Whitbread,,,,,,,,,,,,,,,,
53645,53645,20099,Itaú Unibanco Holding SA,Itaú Unibanco Holding,,,,,,,,,,,,,,,,
53657,53657,7042,"Euronet Worldwide, Inc.",Euronet Worldwide Inc,,,,,,,,,,,,,,,,
53658,53658,39589,Sekisui Chemical Co Ltd,Sekisui Chemical,,,,,,,,,,,,,,,,
53666,53666,17581,Melexis Nv,Melexis NV,,,,,,,,,,,,,,,,
53667,53667,41037,Savencia Sa,Savencia SA,,,,,,,,,,,,,,,,
53672,53672,18896,Clarivate Plc,Clarivate Analytics,,,,,,,,,,,,,,,,
53673,53673,34764,Sun Pharmaceutical Industries Ltd,Sun Pharmaceutical Industries,,,,,,,,,,,,,,,,
53680,53680,50422,Cellcom Israel Ltd,Cellcom Israel,,,,,,,,,,,,,,,,
53684,53684,6516,Jonjee Hi-tech Industrial & Commercial Holding Co. Ltd,Jonjee Hi-tech Industrial & Commercial Holding,,,,,,,,,,,,,,,,
53686,53686,48446,Guess Inc,Guess,,,,,,,,,,,,,,,,
53692,53692,52129,Gildan Activewear Inc.,Gildan Activewear Inc,,,,,,,,,,,,,,,,
53702,53702,8253,Albemarle Corp,Albemarle,,,,,,,,,,,,,,,,
53703,53703,5928,Compagnie Financiere Richemont Sa,Compagnie Financiere Richemont SA,,,,,,,,,,,,,,,,
53705,53705,32452,Apartment Income Reit Corp.,Apartment Income REIT Corp.,,,,,,,,,,,,,,,,
53712,53712,29357,Mallinckrodt plc,Mallinckrodt Plc,,,,,,,,,,,,,,,,
53718,53718,52954,Horizon Therapeutics Public Limited Company,Horizon Therapeutics Public Company,,,,,,,,,,,,,,,,
53754,53754,27978,Deceuninck,DeceunInck NV,,,,,,,,,,,,,,,,
53759,53759,30916,KGHM Polska Miedz SA,KGHM Polska Miedz,,,,,,,,,,,,,,,,
53760,53760,8223,BeiGene Ltd,BeiGene,,,,,,,,,,,,,,,,
53768,53768,41637,Permanent Tsb Group Holdings,Permanent TSB Group Holdings plc,,,,,,,,,,,,,,,,
53771,53771,24458,Universal Scientific Industrial Shanghai Co Ltd,Universal Scientific Industrial (shanghai),,,,,,,,,,,,,,,,
53775,53775,50072,"Mewah International, Inc.",Mewah International Inc,,,,,,,,,,,,,,,,
53780,53780,19483,Royal Mail plc,Royal Mail,,,,,,,,,,,,,,,,
53800,53800,21128,Carel Industries S.p.A.,Carel Industries,,,,,,,,,,,,,,,,
53808,53808,45499,Hainan Mining Co. Ltd,Hainan Mining,,,,,,,,,,,,,,,,
53816,53816,31530,Industrias Penoles SAB de CV,Industrias Penoles,,,,,,,,,,,,,,,,
53817,53817,52161,China Merchants Port Holdings Co Ltd,China Merchants Port Holdings,,,,,,,,,,,,,,,,
53823,53823,24299,BEAUTY AND THE BARBELL LTD,BEAUTY AND THE BALLOONS LTD,,,,,,,,,,,,,,,,
53827,53827,49345,Enel Americas SA,Enel Americas,,,,,,,,,,,,,,,,
53828,53828,42607,"Hovnanian Enterprises, Inc. Pfd Dep1/1000a",Hovnanian Enterprises Inc,,,,,,,,,,,,,,,,
53829,53829,39473,Novicap,NoviCap,,,,,,,,,,,,,,,,
53850,53850,48142,Dno Asa,Dnb Asa,,,,,,,,,,,,,,,,
53851,53851,28246,Aspen Pharmacare Holdings Ltd,Aspen Pharmacare Holdings,,,,,,,,,,,,,,,,
53855,53855,53406,Kingfisher plc,Kingfisher Plc,,,,,,,,,,,,,,,,
53857,53857,51754,Endurance International Group Holdings,Endurance International Group,,,,,,,,,,,,,,,,
53871,53871,53584,ALL ABOUT FEET LTD,ALL ABOUT FEET FRANCHISING LTD,,,,,,,,,,,,,,,,
53872,53872,11550,Thomson Reuters Corporation,Thomson Reuters Corp,,,,,,,,,,,,,,,,
53886,53886,13991,Mediclinic International plc,Mediclinic International Plc,,,,,,,,,,,,,,,,
53888,53888,23416,"Kumagai Gumi Co.,Ltd.",Kumagai Gumi Co Ltd,,,,,,,,,,,,,,,,
53890,53890,46309,Shenzhen Inovance Technology Co Ltd,Shenzhen Inovance Technology,,,,,,,,,,,,,,,,
53915,53915,24327,Octopus AIM VCT PLC,Octopus AIM VCT 2 plc,,,,,,,,,,,,,,,,
53921,53921,16395,Bangkok Bank Public Company,Bangkok Bank Public Co Ltd,,,,,,,,,,,,,,,,
53929,53929,24200,CSL Ltd,CSL Limited,,,,,,,,,,,,,,,,
53936,53936,22742,L E Lundbergforetagen Ab (publ),L E Lundbergforetagen AB,,,,,,,,,,,,,,,,
53949,53949,17356,Tsim Sha Tsui Properties Ltd,Tsim Sha Tsui Properties Limited,,,,,,,,,,,,,,,,
53952,53952,52848,NEW ABILITY LIMITED,NEW ABILITY (TORBAY) LIMITED,,,,,,,,,,,,,,,,
53958,53958,14111,Fundo de Investimento Imobiliario - FII Shopping Jardim Sul,Fundo de Investimento Imobiliario - FII Edificio Galeria,,,,,,,,,,,,,,,,
53960,53960,5047,Sungrow Power Supply Co Ltd,Sungrow Power Supply,,,,,,,,,,,,,,,,
53967,53967,44517,AltaGas Ltd.,AltaGas Ltd,,,,,,,,,,,,,,,,
53976,53976,7480,M&T Bank Corp,M&T Bank,,,,,,,,,,,,,,,,
53985,53985,4229,Woolworths Group Limited,Woolworths Group,,,,,,,,,,,,,,,,
54001,54001,9681,Redrow plc,Redrow Plc,,,,,,,,,,,,,,,,
54027,54027,42893,Northern 3 VCT PLC,Northern 2 VCT PLC,,,,,,,,,,,,,,,,
54029,54029,32363,Provident Financial plc,Provident Financial Services,,,,,,,,,,,,,,,,
54030,54030,53941,Medibank Private Limited,Medibank Private,,,,,,,,,,,,,,,,
54031,54031,9134,"Plains All American Pipeline, L.P.",Plains All American Pipeline LP,,,,,,,,,,,,,,,,
54044,54044,46035,Lotte Corporation,Lotte Corp,,,,,,,,,,,,,,,,
54076,54076,32430,Brenntag Ag,Brenntag AG,,,,,,,,,,,,,,,,
54088,54088,39430,Banco BPM,Banco BMG SA,,,,,,,,,,,,,,,,
54089,54089,11117,Dormakaba Holding Ag,Dormakaba Holding AG,,,,,,,,,,,,,,,,
54093,54093,30552,Hensoldt Ag,Hensoldt AG,,,,,,,,,,,,,,,,
54094,54094,43609,Iron Mountain Inc,Iron Mountain,,,,,,,,,,,,,,,,
54098,54098,5482,"Duck Creek Technologies, Inc.",Duck Creek Technologies,,,,,,,,,,,,,,,,
54105,54105,48423,Yunnan Copper Co. Ltd.,Yunnan Copper,,,,,,,,,,,,,,,,
54111,54111,2443,Northern Trust Corp,Northern Trust,,,,,,,,,,,,,,,,
54116,54116,2338,Hertz Global Holdings Inc,Hertz Global Holdings,,,,,,,,,,,,,,,,
54128,54128,4374,Primerica Inc,Primerica,,,,,,,,,,,,,,,,
54138,54138,6092,Greencoat Renewables plc,Greencoat Renewables,,,,,,,,,,,,,,,,
54139,54139,5251,Sunfun Info Co. Ltd,Sunfun Info,,,,,,,,,,,,,,,,
54153,54153,10025,China Railway Construction Corp Ltd,China Railway Construction,,,,,,,,,,,,,,,,
54155,54155,9587,AGL Energy Ltd,AGL Energy Limited,,,,,,,,,,,,,,,,
54157,54157,38818,NEW AGE FUNDING LIMITED,NEW AGE FLOORING LIMITED,,,,,,,,,,,,,,,,
54161,54161,12140,Kadokawa Corporation,Kadokawa Corp,,,,,,,,,,,,,,,,
54168,54168,53972,Charles River Laboratories International Inc,Charles River Laboratories International,,,,,,,,,,,,,,,,
54174,54174,57,Tokyo Tatemono Co Ltd,Tokyo Tatemono,,,,,,,,,,,,,,,,
54176,54176,18997,BEAUTY & THE LABEL LTD,BEAUTY & THE JUICE LTD,,,,,,,,,,,,,,,,
54180,54180,47605,"10x Genomics, Inc.",10x Genomics,,,,,,,,,,,,,,,,
54182,54182,35222,Inwido Ab,Inwido AB,,,,,,,,,,,,,,,,
54187,54187,53735,Cloudflare,Cloudera,,,,,,,,,,,,,,,,
54189,54189,11920,Ferrexpo Plc,Ferrexpo,,,,,,,,,,,,,,,,
54211,54211,27640,"Vidrala, SA",Vidrala SA,,,,,,,,,,,,,,,,
54244,54244,3075,GOOD CHAT LTD,GOOD CHAOS LTD,,,,,,,,,,,,,,,,
54262,54262,423,Synnex Technology International Corporation,Synnex Technology International Corp,,,,,,,,,,,,,,,,
54267,54267,28782,Public Service Enterprise Group Inc,Public Service Enterprise Group,,,,,,,,,,,,,,,,
54271,54271,8508,Houlihan Lokey Inc,Houlihan Lokey,,,,,,,,,,,,,,,,
54288,54288,41554,Clal Insurance Enterprises Holdings,Clal Insurance Enterprises,,,,,,,,,,,,,,,,
54289,54289,51641,Parque Arauco SA,Parque Arauco,,,,,,,,,,,,,,,,
54291,54291,6176,Neusoft Corporation,Neusoft Corp,,,,,,,,,,,,,,,,
54293,54293,44977,Zhejiang Tianyu Pharmaceutical Co. Ltd,Zhejiang Tianyu Pharmaceutical,,,,,,,,,,,,,,,,
54296,54296,46142,Okamura Corporation,Okamura Corp,,,,,,,,,,,,,,,,
54307,54307,23136,Piraeus Financial Holdings SA,Piraeus Financial Holdings,,,,,,,,,,,,,,,,
54308,54308,38322,Fuji Electric Co Ltd,Fuji Electric,,,,,,,,,,,,,,,,
54310,54310,48557,Jiangsu Hengrui Medicine Co. Ltd,Jiangsu Hengrui Medicine Co Ltd,,,,,,,,,,,,,,,,
54317,54317,36787,Tamburi Investment Partners S.p.A.,Tamburi Investment Partners,,,,,,,,,,,,,,,,
54320,54320,35015,"Nippon Steel Nisshin Co., Ltd.",Nippon Steel Nisshin Co. Ltd,,,,,,,,,,,,,,,,
54321,54321,47868,nVent Electric plc,nVent Electric Plc,,,,,,,,,,,,,,,,
54335,54335,47270,Sri Trang Agro-Industry Public Company Ltd,Sri Trang Agro-Industry Public Co Ltd,,,,,,,,,,,,,,,,
54346,54346,1629,Benetton Group Srl,Benetton Group,,,,,,,,,,,,,,,,
54353,54353,2711,First American Financial Corporation,First American Financial Corp,,,,,,,,,,,,,,,,
54361,54361,23470,Brunello Cucinelli Spa,Brunello Cucinelli S.p.A.,,,,,,,,,,,,,,,,
54376,54376,53901,Sea Ltd,Sea Limited,,,,,,,,,,,,,,,,
54380,54380,41983,"Anhui Wanwei Updated High-tech Material Industry Co.,ltd","Anhui Wanwei Updated High-Tech Material Industry Co.,Ltd",,,,,,,,,,,,,,,,
54383,54383,10315,"Zhuzhou Kibing Group Co.,Ltd",Zhuzhou Kibing Group,,,,,,,,,,,,,,,,
54386,54386,41244,Property For Industry Ltd,Property For Industry,,,,,,,,,,,,,,,,
54391,54391,20621,Supportas,SupportMart,,,,,,,,,,,,,,,,
54395,54395,5996,Top Glove Corporation Bhd,Top Glove Corp Bhd.,,,,,,,,,,,,,,,,
54397,54397,43688,China Life Insurance Company Limited,China Life Insurance Company,,,,,,,,,,,,,,,,
54401,54401,13113,Sun Hung Kai & Co. Ltd,Sun Hung Kai & Co,,,,,,,,,,,,,,,,
54411,54411,53084,EMERSON PROCESS MANAGEMENT SRL,EMERSON PROCESS MANAGEMENT,,,,,,,,,,,,,,,,
54413,54413,38472,RCS MediaGroup S.p.A.,RCS MediaGroup,,,,,,,,,,,,,,,,
54416,54416,19241,United Utilities Group Plc,United Utilities Group,,,,,,,,,,,,,,,,
54417,54417,26445,Industrial Bank Co Ltd,Industrial Bank,,,,,,,,,,,,,,,,
54423,54423,28223,Arcosa Inc,Arcosa,,,,,,,,,,,,,,,,
54436,54436,12291,SOFTWARE BRANDS LIMITED,SOFTWARE BRAIN LTD,,,,,,,,,,,,,,,,
54437,54437,15529,Seabridge Gold Inc.,Seabridge Gold,,,,,,,,,,,,,,,,
54440,54440,7767,United States Cellular Corporation,United States Cellular Corp,,,,,,,,,,,,,,,,
54453,54453,25903,H & A VENTURES LTD,H & A VENETIAN LTD,,,,,,,,,,,,,,,,
54462,54462,7973,Lanco Anpara Power,Lanco Amarkantak Power,,,,,,,,,,,,,,,,
54466,54466,13898,Rosneft Oil Co PJSC,Rosneft Oil Co,,,,,,,,,,,,,,,,
54496,54496,36533,IMImobile plc,IMImobile,,,,,,,,,,,,,,,,
54498,54498,5565,China Shipbuilding Industry Company,China Shipbuilding Industry Co Ltd,,,,,,,,,,,,,,,,
54500,54500,40033,Tatva Chintan Pharma Chem Limited,Tatva Chintan Pharma Chem,,,,,,,,,,,,,,,,
54502,54502,7944,National Bank of Greece SA,National Bank of Greece,,,,,,,,,,,,,,,,
54508,54508,40298,"Japan Exchange Group, Inc.",Japan Exchange Group Inc,,,,,,,,,,,,,,,,
54511,54511,33874,Aurubis AG,Aurubis,,,,,,,,,,,,,,,,
54515,54515,16907,Wolverine World Wide Inc,Wolverine World Wide,,,,,,,,,,,,,,,,
54519,54519,14889,Algonquin Power & Utilities Corp.,Algonquin Power & Utilities Corp,,,,,,,,,,,,,,,,
54523,54523,11742,Asia Cement Corp,"Asia Cement Co.,Ltd.",,,,,,,,,,,,,,,,
54526,54526,7517,Park Hotels & Resorts Inc,Park Hotels & Resorts,,,,,,,,,,,,,,,,
54529,54529,26057,Reinsurance Group of America Inc,Reinsurance Group of America,,,,,,,,,,,,,,,,
54540,54540,31519,Covestro Ag,Covestro AG,,,,,,,,,,,,,,,,
54549,54549,18848,Hero Motocorp,Hero MotoCorp Ltd,,,,,,,,,,,,,,,,
54559,54559,34821,Proximus Group,Proximus,,,,,,,,,,,,,,,,
54566,54566,52293,Comture Corp,Comture,,,,,,,,,,,,,,,,
54569,54569,23906,Telecom Italia Sparkle Spa,Telecom Italia Spa,,,,,,,,,,,,,,,,
54572,54572,15356,Deutsche Bank,Deutsche Balaton AG,,,,,,,,,,,,,,,,
54580,54580,24729,Infineon Technologies AG,Infineon Technologies,,,,,,,,,,,,,,,,
54583,54583,1234,BayWa AG,BayWa,,,,,,,,,,,,,,,,
54595,54595,17337,BAD WOLF (HDM3) LIMITED,BAD WOLF (HDM) LTD,,,,,,,,,,,,,,,,
54602,54602,25083,China Resources Sanjiu Medical & Pharmaceutical Co Ltd,China Resources Sanjiu Medical & Pharmaceutical,,,,,,,,,,,,,,,,
54608,54608,38632,Prysmian Spa,Prysmian SpA,,,,,,,,,,,,,,,,
54609,54609,42887,TransUnion LLC,TransUnion,,,,,,,,,,,,,,,,
54611,54611,50461,Shenzhen Hepalink Pharmaceutical Group Co Ltd,Shenzhen Hepalink Pharmaceutical Group,,,,,,,,,,,,,,,,
54615,54615,47040,Bellway plc,Bellway Plc,,,,,,,,,,,,,,,,
54623,54623,9917,GD Power Development Co Ltd,GD Power Development,,,,,,,,,,,,,,,,
54625,54625,37737,Archingest,Archies,,,,,,,,,,,,,,,,
54627,54627,26578,Petroleo Brasileiro SA,Petroleo Brasileiro - Petrobras,,,,,,,,,,,,,,,,
54643,54643,21493,"Nippon Television Holdings, Inc.",Nippon Television Holdings Inc,,,,,,,,,,,,,,,,
54645,54645,30515,Zumiez Inc,Zumiez,,,,,,,,,,,,,,,,
54653,54653,17186,Finning International Inc,Finning International,,,,,,,,,,,,,,,,
54659,54659,25606,Seria Co. Ltd,Seria Co Ltd,,,,,,,,,,,,,,,,
54660,54660,35622,Hainan Airlines Holding Co. Ltd,Hainan Airlines Holding,,,,,,,,,,,,,,,,
54662,54662,21248,Invitation Homes Inc,Invitation Homes,,,,,,,,,,,,,,,,
54675,54675,35921,Nippon Paint Holdings Co. Ltd,Nippon Paint Holdings Co Ltd,,,,,,,,,,,,,,,,
54687,54687,8157,X5 Retail Group Careers,X5 Retail Group,,,,,,,,,,,,,,,,
54696,54696,49039,NEW AGE GLASS LIMITED,NEW AGE GAMES LIMITED,,,,,,,,,,,,,,,,
54703,54703,11099,Brother Industries Ltd,Brother Industries,,,,,,,,,,,,,,,,
54705,54705,33067,Minerva SA,Minerva,,,,,,,,,,,,,,,,
54707,54707,43782,Man Wah Holdings Ltd,Man Wah Holdings,,,,,,,,,,,,,,,,
54713,54713,34048,Celulosa Argentina SA,Celulosa Argentina,,,,,,,,,,,,,,,,
54717,54717,34454,BEAUTY AND THE BLOG LTD,BEAUTY AND THE BLEACH LTD,,,,,,,,,,,,,,,,
54718,54718,40718,Bureau Veritas SA,Bureau Veritas,,,,,,,,,,,,,,,,
54728,54728,48546,Taylor Wimpey plc,Taylor Wimpey Plc,,,,,,,,,,,,,,,,
54733,54733,43865,State Street Corporation,State Street Corp,,,,,,,,,,,,,,,,
54748,54748,9841,APOEL V.C.,APOEL FC,,,,,,,,,,,,,,,,
54753,54753,4812,Telephone and Data Systems Inc,Telephone And Data Systems,,,,,,,,,,,,,,,,
54755,54755,33600,Fundo de Investimento Imobiliário - FII Floripa Shopping,Fundo de Investimento Imobiliário - FII Anhanguera Educacional,,,,,,,,,,,,,,,,
54767,54767,38018,Shenzhen Kaifa Technology Co Ltd,Shenzhen Kaifa Technology,,,,,,,,,,,,,,,,
54768,54768,50521,Thai Oil Public Company Ltd,Thai Oil Public Company,,,,,,,,,,,,,,,,
54774,54774,18869,Krungthai Card Public Company Ltd,Krungthai Card Public Company,,,,,,,,,,,,,,,,
54782,54782,2699,Patra Corporation Careers,Patra Corporation,,,,,,,,,,,,,,,,
54785,54785,3278,Shionogi & Co. Ltd,Shionogi & Co Ltd,,,,,,,,,,,,,,,,
54791,54791,38108,"The Navigator Company, S.a.",The Navigator Company,,,,,,,,,,,,,,,,
54797,54797,49340,Hankook Tire & Technology Co Ltd,Hankook Tire & Technology,,,,,,,,,,,,,,,,
54799,54799,8518,Beijing Sanyuan Foods Co Ltd,Beijing Sanyuan Foods,,,,,,,,,,,,,,,,
54807,54807,30742,"El Puerto de Liverpool, S.A.B. de C.V.",El Puerto de Liverpool SAB de CV,,,,,,,,,,,,,,,,
54812,54812,47293,Lugar da Veiga,Lugar Da Veiga,,,,,,,,,,,,,,,,
54827,54827,22188,Colliers International Group Inc,Colliers International Group,,,,,,,,,,,,,,,,
54841,54841,5342,Bandhan Bank Ltd,Bandhan Bank,,,,,,,,,,,,,,,,
54855,54855,53763,FOOD BY SEAN NO600 LIMITED,FOOD BY SEAN LIMITED,,,,,,,,,,,,,,,,
54861,54861,35751,eBay Inc.,eBay Inc,,,,,,,,,,,,,,,,
54864,54864,53293,FOOD DELIVERY SERVICE 123 LTD,FOOD DELIVERY LTD,,,,,,,,,,,,,,,,
54867,54867,19642,"Zhejiang Cfmoto Power Co.,Ltd",Zhejiang Cfmoto Power,,,,,,,,,,,,,,,,
54874,54874,14901,Dottikon Es Holding Ag,Dottikon Es Holding AG,,,,,,,,,,,,,,,,
54881,54881,38088,Asia Pacific Telecom Co. Ltd,Asia Pacific Telecom,,,,,,,,,,,,,,,,
54889,54889,8721,Shanghai Jahwa United Co. Ltd,Shanghai Jahwa United Co Ltd,,,,,,,,,,,,,,,,
54900,54900,1049,Caltagirone Spa,Caltagirone SpA,,,,,,,,,,,,,,,,
54903,54903,43903,FOOD AND BEVERAGE LIMITED,FOOD AND BEVERAGE CONSULTANTS LIMITED,,,,,,,,,,,,,,,,
54910,54910,1966,Aston Martin Lagonda Global Holdings Plc,Aston Martin Lagonda Global Holdings,,,,,,,,,,,,,,,,
54914,54914,43106,Prudential (UK),Prudential,,,,,,,,,,,,,,,,
54918,54918,936,IDSUD SA,IDS SA,,,,,,,,,,,,,,,,
54920,54920,24880,Jacobs Engineering Group,Jacobs Engineering,,,,,,,,,,,,,,,,
54923,54923,44462,Shanghai Haohai Biological Technology Co. Ltd,Shanghai Haohai Biological Technology,,,,,,,,,,,,,,,,
54925,54925,18571,China Merchants Bank Co Ltd,China Merchants Bank,,,,,,,,,,,,,,,,
54929,54929,14933,New Oriental Education & Technology Group Inc.,New Oriental Education & Technology Group,,,,,,,,,,,,,,,,
54944,54944,53334,Babcock International Group Plc,Babcock International Group,,,,,,,,,,,,,,,,
54954,54954,45901,ROHM Co. Ltd,ROHM Co Ltd,,,,,,,,,,,,,,,,
54977,54977,49551,Fastned B.V.,Fastned,,,,,,,,,,,,,,,,
54985,54985,1841,New World Development Company Ltd,New World Development Company,,,,,,,,,,,,,,,,
54988,54988,2127,Agripower France SA,Agripower France,,,,,,,,,,,,,,,,
54996,54996,42136,Class Editori S.p.A.,Class Editori,,,,,,,,,,,,,,,,
55000,55000,25496,BEAUTY ANGELS STORE UK LTD,BEAUTY ANGELS SPA LTD,,,,,,,,,,,,,,,,
55012,55012,6330,Pennon Group plc,Pennon Group Plc,,,,,,,,,,,,,,,,
55049,55049,26483,Kinepolis Group Nv,Kinepolis Group NV,,,,,,,,,,,,,,,,
55056,55056,23076,Deere & Company,Deere & Co,,,,,,,,,,,,,,,,
55062,55062,36615,Sichuan Road & Bridge Co. Ltd,Sichuan Road & Bridge,,,,,,,,,,,,,,,,
55077,55077,29603,Golden Entertainment Inc,Golden Entertainment,,,,,,,,,,,,,,,,
55080,55080,31180,Hong Kong Exchanges and Clearing Ltd,Hong Kong Exchanges And Clearing (hkex),,,,,,,,,,,,,,,,
55081,55081,36696,Taiwan Glass Ind. Corp,Taiwan Glass Ind,,,,,,,,,,,,,,,,
55090,55090,31725,Visteon Corp,Visteon,,,,,,,,,,,,,,,,
55097,55097,52018,Brenntag Spa,Brenntag SE,,,,,,,,,,,,,,,,
55098,55098,46895,Commonwealth Bank,Commonwealth,,,,,,,,,,,,,,,,
55109,55109,32454,Beijer Ref Ab (publ),Beijer Ref Ab,,,,,,,,,,,,,,,,
55113,55113,38252,Z CONSTRUCTION MANAGEMENT LTD,Z CONSTRUCTION LTD,,,,,,,,,,,,,,,,
55124,55124,16847,"Resona Holdings, Inc.",Resona Holdings Inc,,,,,,,,,,,,,,,,
55129,55129,38205,"Alnylam Pharmaceuticals, Inc.",Alnylam Pharmaceuticals,,,,,,,,,,,,,,,,
55137,55137,52646,Prothena Corporation plc,Prothena Corporation,,,,,,,,,,,,,,,,
55139,55139,24523,"Public Joint Stock Company ""ingrad""","Public Joint Stock Company ""TNS energo Kuban""",,,,,,,,,,,,,,,,
55140,55140,20819,Hiwin Technologies Corp,Hiwin Technologies,,,,,,,,,,,,,,,,
55149,55149,52935,Huber+suhner Ag,Huber+Suhner AG,,,,,,,,,,,,,,,,
55156,55156,39487,Investor Ab (publ),Investor Ab,,,,,,,,,,,,,,,,
55157,55157,42314,Ubisoft,Ubis,,,,,,,,,,,,,,,,
55158,55158,3639,Rathbone Brothers plc,Rathbone Brothers,,,,,,,,,,,,,,,,
55163,55163,32773,FE FUNDINFO LIMITED,FE FUNDINFO (UK) LIMITED,,,,,,,,,,,,,,,,
55174,55174,43462,Morgan Sindall Group plc,Morgan Sindall Group Plc,,,,,,,,,,,,,,,,
55182,55182,14382,Xylem Inc.,Xylem Inc,,,,,,,,,,,,,,,,
55189,55189,35679,First Financial Holding Co Ltd,First Financial Holding,,,,,,,,,,,,,,,,
55210,55210,12806,ManpowerGroup Inc.,ManpowerGroup Inc,,,,,,,,,,,,,,,,
55211,55211,12535,T & A INSTALLATIONS SERVICES LIMITED,T & A INSTALLATIONS LTD.,,,,,,,,,,,,,,,,
55217,55217,51488,Z DESIGN UK LIMITED,Z DESIGN LIMITED,,,,,,,,,,,,,,,,
55218,55218,3868,IDBI Bank Ltd,IDBI Bank,,,,,,,,,,,,,,,,
55220,55220,40438,Omnicell Inc,Omnicell,,,,,,,,,,,,,,,,
55224,55224,26777,Neosperience S.p.A.,Neosperience,,,,,,,,,,,,,,,,
55231,55231,36961,"Bio-Rad Laboratories, Inc.",Bio-Rad Laboratories Inc,,,,,,,,,,,,,,,,
55241,55241,16931,"SYNEOS HEALTH, LLC","SYNEOS HEALTH, INC.",,,,,,,,,,,,,,,,
55250,55250,32985,Consolidated Edison Inc,Consolidated Edison,,,,,,,,,,,,,,,,
55255,55255,18690,Centene,Centelon,,,,,,,,,,,,,,,,
55256,55256,33162,Vetropack Holding Ag,Vetropack Holding AG,,,,,,,,,,,,,,,,
55260,55260,52667,Zoetis Inc,Zoetis,,,,,,,,,,,,,,,,
55268,55268,48692,Elringklinger Ag,ElringKlinger AG,,,,,,,,,,,,,,,,
55269,55269,14601,Deutz AG,Deutz,,,,,,,,,,,,,,,,
55275,55275,5462,BEAUTY AND THE BROWS ESSEX LIMITED,BEAUTY AND THE BRIDE LIMITED,,,,,,,,,,,,,,,,
55284,55284,572,StoneX Group Inc,StoneX Group,,,,,,,,,,,,,,,,
55290,55290,25608,GOOD & TRUSTED WILLS LTD,GOOD & TRUSTED STORAGE LTD,,,,,,,,,,,,,,,,
55296,55296,46974,Dundee Precious Metals Inc.,Dundee Precious Metals,,,,,,,,,,,,,,,,
55301,55301,37025,Levi Strauss & Co.,Levi Strauss & Co,,,,,,,,,,,,,,,,
55314,55314,32580,Pampa Energía SA,Pampa Energia SA,,,,,,,,,,,,,,,,
55319,55319,13568,Triangle Tyre Co. Ltd,Triangle Tyre Co Ltd,,,,,,,,,,,,,,,,
55321,55321,36090,O'reilly Automotive,"O'Reilly Automotive, Inc.",,,,,,,,,,,,,,,,
55325,55325,24984,Ryohin Keikaku Co Ltd,Ryohin Keikaku,,,,,,,,,,,,,,,,
55326,55326,21743,Entegris Inc,Entegris,,,,,,,,,,,,,,,,
55328,55328,46125,Boyd Group Services Inc.,Boyd Group Services,,,,,,,,,,,,,,,,
55336,55336,53466,Want Want China Holdings Ltd,Want Want China Holdings,,,,,,,,,,,,,,,,
55349,55349,13972,Coronation Fund Managers Ltd,Coronation Fund Managers,,,,,,,,,,,,,,,,
55353,55353,54270,Siasun Robot&automation,"Siasun Robot&Automation Co.,Ltd.",,,,,,,,,,,,,,,,
55380,55380,37932,Lagardere SCA,Lagardere SA,,,,,,,,,,,,,,,,
55382,55382,21101,Legend Holdings Corp,Legend Holding,,,,,,,,,,,,,,,,
55386,55386,4260,"Zhejiang Huatie Emergency Equipment Science & Technology Co.,Ltd.",Zhejiang Huatie Emergency Equipment Science & Technology,,,,,,,,,,,,,,,,
55395,55395,27278,Hypera SA,Hypera,,,,,,,,,,,,,,,,
55399,55399,37696,Mizuho Leasing Company,Mizuho Leasing Co Ltd,,,,,,,,,,,,,,,,
55402,55402,36585,Wan Hai Lines Ltd,Wan Hai Lines,,,,,,,,,,,,,,,,
55407,55407,39130,Avaya Holdings Corp,Avaya Holdings,,,,,,,,,,,,,,,,
55424,55424,1075,American Tower Corporation,American Tower Corp,,,,,,,,,,,,,,,,
55435,55435,12363,Jiangsu Lihua Animal Husbandry Co Ltd,Jiangsu Lihua Animal Husbandry,,,,,,,,,,,,,,,,
55443,55443,1561,Austevoll Seafood Asa,Austevoll Seafood ASA,,,,,,,,,,,,,,,,
55449,55449,47117,Hopson Development Holdings Ltd,Hopson Development Holdings,,,,,,,,,,,,,,,,
55464,55464,16006,Schroders Plc,Schroders,,,,,,,,,,,,,,,,
55467,55467,40188,Waters Corporation,Waters Corp,,,,,,,,,,,,,,,,
55483,55483,38675,China Suntien Green Energy Corporation,China Suntien Green Energy Corp Ltd,,,,,,,,,,,,,,,,
55484,55484,1061,Nagarro SE,Nagarro,,,,,,,,,,,,,,,,
55505,55505,13957,Kinder Morgan Inc,Kinder Morgan,,,,,,,,,,,,,,,,
55524,55524,901,Devon Energy Corporation,Devon Energy Corp,,,,,,,,,,,,,,,,
55525,55525,37267,Supermarket Income Reit,Supermarket Income REIT plc,,,,,,,,,,,,,,,,
55526,55526,39946,BAD ART LIMITED,BAD ART LIFE LIMITED,,,,,,,,,,,,,,,,
55533,55533,22622,Espressif Systems (shanghai),Espressif Systems,,,,,,,,,,,,,,,,
55537,55537,34119,FOOD CAREERS LIMITED,FOOD CARE SERVICES LIMITED,,,,,,,,,,,,,,,,
55539,55539,25188,Ball Corporation,Ball Corp,,,,,,,,,,,,,,,,
55540,55540,29722,"Zardoya Otis, SA","Zardoya Otis, S.a.",,,,,,,,,,,,,,,,
55548,55548,51177,CBRE Group Inc,CBRE Group,,,,,,,,,,,,,,,,
55565,55565,46484,Megaworld Corporation,Megaworld Corp,,,,,,,,,,,,,,,,
55572,55572,32225,Capital Gearing Trust plc,Capital Gearing Trust,,,,,,,,,,,,,,,,
55575,55575,26591,Salvatore Ferragamo SpA,Salvatore Ferragamo S.p.A.,,,,,,,,,,,,,,,,
55581,55581,37940,Myer Holdings Ltd,Myer Holdings Limited,,,,,,,,,,,,,,,,
55601,55601,25319,Hengtong Optic-electric,Hengtong Optic-Electric Co. Ltd,,,,,,,,,,,,,,,,
55613,55613,51930,Intermediate Capital Group Plc,Intermediate Capital Group,,,,,,,,,,,,,,,,
55616,55616,22595,Boot Barn Holdings Inc,Boot Barn Holdings,,,,,,,,,,,,,,,,
55617,55617,46058,Hainan Poly Pharm. Co. Ltd,Hainan Poly Pharm,,,,,,,,,,,,,,,,
55620,55620,10652,Daimler AG,Daimler,,,,,,,,,,,,,,,,
55623,55623,28739,Jindal Steel and Power,Jindal Steel & Power Ltd,,,,,,,,,,,,,,,,
55635,55635,54388,Asseco Poland SA,Asseco Poland,,,,,,,,,,,,,,,,
55636,55636,35709,Greentown China Holdings Ltd,Greentown China Holdings,,,,,,,,,,,,,,,,
55653,55653,12071,Jefferies Financial Group Inc.,Jefferies Financial Group Inc,,,,,,,,,,,,,,,,
55659,55659,4022,Mastercard Inc,Mastercard,,,,,,,,,,,,,,,,
55662,55662,34154,"EDP Renováveis, SA",EDP Renovaveis SA,,,,,,,,,,,,,,,,
55685,55685,18239,Elbit Systems Ltd,Elbit Systems,,,,,,,,,,,,,,,,
55687,55687,50724,Knorr-bremse,Knorr-Bremse AG,,,,,,,,,,,,,,,,
55688,55688,15713,Toshiba Tec Corporation,Toshiba Tec Corp,,,,,,,,,,,,,,,,
55691,55691,40962,Chow Tai Fook Jewellery Group Ltd,Chow Tai Fook Jewellery Group,,,,,,,,,,,,,,,,
55695,55695,43164,Atmos Energy Corp,Atmos Energy,,,,,,,,,,,,,,,,
55699,55699,45439,"Illumina, Inc.",Illumina Inc,,,,,,,,,,,,,,,,
55702,55702,48270,Reckitt Benckiser Group plc,Reckitt Benckiser Group Plc,,,,,,,,,,,,,,,,
55703,55703,28926,SIG Combibloc Group Ltd,SIG Combibloc Group AG,,,,,,,,,,,,,,,,
55706,55706,23511,Yusys Technologies Co. Ltd,Yusys Technologies,,,,,,,,,,,,,,,,
55713,55713,46957,Verizon Communications Inc,Verizon Communications,,,,,,,,,,,,,,,,
55719,55719,4215,Shandong Gold Mining Co. Ltd,Shandong Gold Mining Co Ltd,,,,,,,,,,,,,,,,
55722,55722,1313,"Exponent, Inc.",Exponent,,,,,,,,,,,,,,,,
55734,55734,45118,Airbus SE,Airbus,,,,,,,,,,,,,,,,
55738,55738,23324,Generali Group,Generali,,,,,,,,,,,,,,,,
55741,55741,908,Zhuzhou CRRC Times Electric Co. Ltd,Zhuzhou CRRC Times Electric Co Ltd,,,,,,,,,,,,,,,,
55755,55755,1233,Unipol Gruppo S.p.A.,Unipol Gruppo,,,,,,,,,,,,,,,,
55763,55763,12347,BEAUTY BLOCKS LTD,BEAUTY BLOC LIMITED,,,,,,,,,,,,,,,,
55764,55764,14481,CK Asset Holdings Limited,CK Asset Holdings,,,,,,,,,,,,,,,,
55778,55778,23113,King Slide Works Co. Ltd,King Slide Works,,,,,,,,,,,,,,,,
55789,55789,31901,Acom Co. Ltd,Acom Co Ltd,,,,,,,,,,,,,,,,
55792,55792,25210,Konfoong Materials International Co. Ltd,Konfoong Materials International,,,,,,,,,,,,,,,,
55796,55796,20269,Acushnet Holdings Corp,Acushnet Holdings,,,,,,,,,,,,,,,,
55804,55804,352,Louisiana-pacific Corporation,Louisiana-Pacific Corporation,,,,,,,,,,,,,,,,
55806,55806,30938,Otsuka Corporation,Otsuka Corp,,,,,,,,,,,,,,,,
55813,55813,15289,Hera SpA,Hera S.p.A.,,,,,,,,,,,,,,,,
55820,55820,15993,Givaudan Sa,Givaudan SA,,,,,,,,,,,,,,,,
55823,55823,27208,PTC Inc.,PTC Inc,,,,,,,,,,,,,,,,
55824,55824,37640,Huazhu Group Limited,Huazhu Group,,,,,,,,,,,,,,,,
55836,55836,37850,Schneider Electric Spa,Schneider Electric SE,,,,,,,,,,,,,,,,
55843,55843,18588,Shanxi Coking Co. Ltd,Shanxi Coking,,,,,,,,,,,,,,,,
55847,55847,30193,RED BULL POWERTRAINS LIMITED,RED BULL POWERTRAINS 2026 LIMITED,,,,,,,,,,,,,,,,
55848,55848,19957,Shenzhen Transsion Holdings Co. Ltd,Shenzhen Transsion Holdings,,,,,,,,,,,,,,,,
55850,55850,45122,Deutsche Börse AG,Deutsche Börse,,,,,,,,,,,,,,,,
55852,55852,54118,Yoshinoya Holdings Co Ltd,Yoshinoya Holdings,,,,,,,,,,,,,,,,
55857,55857,4477,Toho Gas Co. Ltd,Toho Gas Co Ltd,,,,,,,,,,,,,,,,
55870,55870,41695,Arad Investment & Industrial Development Ltd,Arad Investment & Industrial Development,,,,,,,,,,,,,,,,
55884,55884,36775,"Nissin Electric Co.,Ltd.",Nissin Electric Co Ltd,,,,,,,,,,,,,,,,
55896,55896,11169,The Allstate Corporation,The Allstate Corp,,,,,,,,,,,,,,,,
55910,55910,3486,"Sumitomo Mitsui Financial Group, Inc.",Sumitomo Mitsui Financial Group Inc,,,,,,,,,,,,,,,,
55917,55917,46640,ICICI Prudential Life Insurance Co Ltd,ICICI Prudential Life Insurance,,,,,,,,,,,,,,,,
55919,55919,33714,Chow Tai Fook Jewellery,Chow Tai Fook,,,,,,,,,,,,,,,,
55925,55925,31448,Barloworld Ltd,Barloworld Limited,,,,,,,,,,,,,,,,
55927,55927,50302,Chongqing Gas Group Corporation,Chongqing Gas Group Corp Ltd,,,,,,,,,,,,,,,,
55928,55928,19715,Metropolis Healthcare Limited,Metropolis Healthcare,,,,,,,,,,,,,,,,
55944,55944,43672,Maiora Srl,Maior Srl,,,,,,,,,,,,,,,,
55948,55948,49557,H & A MANAGEMENT SERVICES LTD,H & A MANAGEMENT LIMITED,,,,,,,,,,,,,,,,
55953,55953,25097,Freeport-McMoRan Inc.,Freeport-McMoRan Inc,,,,,,,,,,,,,,,,
55961,55961,50197,Power Construction Corporation of China,Power Construction Corporation Of China Ltd,,,,,,,,,,,,,,,,
55975,55975,1898,"Fidelity National Information Services, Inc.",Fidelity National Information Services Inc,,,,,,,,,,,,,,,,
55986,55986,11329,Z Holdings Corporation,Z Holdings Corp,,,,,,,,,,,,,,,,
55990,55990,32349,Qiagen NV,Qiagen,,,,,,,,,,,,,,,,
55993,55993,51270,Brown & Brown Inc,Brown & Brown,,,,,,,,,,,,,,,,
56012,56012,29212,"Etsy, Inc.",Etsy Inc,,,,,,,,,,,,,,,,
56013,56013,35309,Torrent Pharmaceuticals Ltd,Torrent Pharmaceuticals,,,,,,,,,,,,,,,,
56028,56028,11113,Resolute Forest Products Inc,Resolute Forest Products,,,,,,,,,,,,,,,,
56032,56032,32065,Jyske Bank A/S,Jyske Bank,,,,,,,,,,,,,,,,
56036,56036,11137,ALL ABOUT SAFETY LIMITED,ALL ABOUT SAFES LTD,,,,,,,,,,,,,,,,
56054,56054,40658,Yieh Phui Enterprise Co. Ltd,Yieh Phui Enterprise,,,,,,,,,,,,,,,,
56056,56056,18310,Tongda Group Holdings Ltd,Tongda Group Holdings Limited,,,,,,,,,,,,,,,,
56062,56062,21777,"Advance Auto Parts, Inc.",Advance Auto Parts Inc,,,,,,,,,,,,,,,,
56073,56073,38080,Daily Mail and General Trust plc,Daily Mail & General Trust plc,,,,,,,,,,,,,,,,
56079,56079,19187,Harel Insurance Investments & Financial Services Ltd,Harel Insurance Investments & Financial Services,,,,,,,,,,,,,,,,
56088,56088,2187,Nexstar Media Group Inc,Nexstar Media Group,,,,,,,,,,,,,,,,
56093,56093,43045,Roper Technologies Inc,Roper Technologies,,,,,,,,,,,,,,,,
56101,56101,3315,Morgan Advanced Materials plc,Morgan Advanced Materials Plc,,,,,,,,,,,,,,,,
56104,56104,19104,Advanced Info Service PCL,Advanced Info Service,,,,,,,,,,,,,,,,
56116,56116,53228,"Luoyang Xinqianglian Slewing Bearing Co., Ltd.",Luoyang Xinqianglian Slewing Bearing Co. Ltd,,,,,,,,,,,,,,,,
56118,56118,24181,Cheng Shin Rubber Industry Co Ltd,Cheng Shin Rubber Ind. Co. Ltd,,,,,,,,,,,,,,,,
56122,56122,17592,Cleveland-cliffs,Cleveland-Cliffs Inc.,,,,,,,,,,,,,,,,
56128,56128,52286,Ubisoft Entertainment Sa,Ubisoft Entertainment SA,,,,,,,,,,,,,,,,
56143,56143,21350,Q DESIGN HOMES LTD,Q DESIGN GROUP LTD,,,,,,,,,,,,,,,,
56150,56150,4400,Russel Metals Inc,Russel Metals,,,,,,,,,,,,,,,,
56151,56151,45693,Talanx Ag,Talanx AG,,,,,,,,,,,,,,,,
56155,56155,55578,Jamieson Wellness Inc.,Jamieson Wellness,,,,,,,,,,,,,,,,
56171,56171,11515,Oil India Ltd,Oil India,,,,,,,,,,,,,,,,
56193,56193,23003,"Mitsui High-tec, Inc.",Mitsui High-tec,,,,,,,,,,,,,,,,
56195,56195,46473,"First Solar, Inc.",First Solar Inc,,,,,,,,,,,,,,,,
56200,56200,25497,Kahoot! Asa,Kahoot! As,,,,,,,,,,,,,,,,
56220,56220,42252,FINANCE SYSTEM CONSULTING LTD,FINANCE SYNERGY CONSULTING LTD,,,,,,,,,,,,,,,,
56222,56222,29279,CIE Automotive SA,CIE Automotive,,,,,,,,,,,,,,,,
56231,56231,34614,Chicony Power Technology Co. Ltd,Chicony Power Technology,,,,,,,,,,,,,,,,
56240,56240,14054,Bodycote plc,Bodycote,,,,,,,,,,,,,,,,
56249,56249,20561,Fantastico,Fantastic,,,,,,,,,,,,,,,,
56250,56250,29372,Foxconn Technology Co Ltd,Foxconn Technology,,,,,,,,,,,,,,,,
56253,56253,53586,Travel + Leisure Co.,Travel + Leisure Co,,,,,,,,,,,,,,,,
56256,56256,19606,Alpha Group,Alpha Fx Group,,,,,,,,,,,,,,,,
56258,56258,40369,Just Eat Takeaway.com,Just Eat Takeaway,,,,,,,,,,,,,,,,
56265,56265,34026,McKinsey & Company Careers,McKinsey & Company,,,,,,,,,,,,,,,,
56268,56268,36956,Gerresheimer AG,Gerresheimer,,,,,,,,,,,,,,,,
56269,56269,2802,"Kakaku.com, Inc.",Kakaku.com,,,,,,,,,,,,,,,,
56279,56279,8689,Hancock Whitney Corporation,Hancock Whitney Corp,,,,,,,,,,,,,,,,
56280,56280,54271,"Houlihan Lokey, Inc.",Houlihan Lokey Inc,,,,,,,,,,,,,,,,
56282,56282,47201,Fraport AG,Fraport,,,,,,,,,,,,,,,,
56286,56286,38575,Universal Music Group Careers,Universal Music Group,,,,,,,,,,,,,,,,
56294,56294,14043,Land Securities Group plc,Land Securities Group,,,,,,,,,,,,,,,,
56298,56298,21242,Interroll Holding Ag,Interroll Holding AG,,,,,,,,,,,,,,,,
56312,56312,25597,Toyota Industries Corporation,Toyota Industries Corp,,,,,,,,,,,,,,,,
56320,56320,6930,Huaneng Lancang River Hydropower Co Ltd,Huaneng Lancang River Hydropower,,,,,,,,,,,,,,,,
56321,56321,38534,Akbank T.a.s,Akbank T.A.S.,,,,,,,,,,,,,,,,
56329,56329,45481,T & A DESIGN LIMITED,T & A DENNIS LIMITED,,,,,,,,,,,,,,,,
56338,56338,32795,T & A PROPERTY HOLDINGS LTD,T & A PROPERTY DEVELOPER LTD,,,,,,,,,,,,,,,,
56346,56346,30108,Kimco Realty Corporation,Kimco Realty Corp,,,,,,,,,,,,,,,,
56358,56358,54511,Aurubis Ag,Aurubis AG,,,,,,,,,,,,,,,,
56368,56368,41879,Shanxi Lu'an Environmental Energy Development Co. Ltd,Shanxi Lu'an Environmental Energy Development,,,,,,,,,,,,,,,,
56379,56379,17020,Laboratory Corporation Of America Holdings,Laboratory Corp of America Holdings,,,,,,,,,,,,,,,,
56396,56396,19858,United Natural Foods Inc,United Natural Foods,,,,,,,,,,,,,,,,
56401,56401,49692,ALL ABOUT FLOORING LIMITED,ALL ABOUT FLIGHTS LIMITED,,,,,,,,,,,,,,,,
56412,56412,54696,NEW AGE GLAZING LIMITED,NEW AGE GLASS LIMITED,,,,,,,,,,,,,,,,
56421,56421,48698,Sappi Ltd,Sappi Limited,,,,,,,,,,,,,,,,
56426,56426,15366,AMAZON.COM.INDC LLC,"AMAZON.COM.DEDC, LLC",,,,,,,,,,,,,,,,
56433,56433,46191,Alliance Resource Partners LP,Alliance Resource Partners,,,,,,,,,,,,,,,,
56435,56435,36437,Skanska AB,Skanska,,,,,,,,,,,,,,,,
56440,56440,7488,Matsumotokiyoshi Holdings Co. Ltd,Matsumotokiyoshi Holdings Co Ltd,,,,,,,,,,,,,,,,
56442,56442,37610,Mettler-Toledo International Inc,Mettler-Toledo International,,,,,,,,,,,,,,,,
56446,56446,26964,Credito Emiliano Spa,Credito Emiliano SpA,,,,,,,,,,,,,,,,
56447,56447,8058,"Elitegroup Computer Systems Co.,Ltd.",Elitegroup Computer Systems Co Ltd,,,,,,,,,,,,,,,,
56460,56460,38979,The Goldman Sachs Group Inc,The Goldman Sachs Group,,,,,,,,,,,,,,,,
56467,56467,8054,"Yunnan Chihong Zinc & Germanium Co., Ltd.",Yunnan Chihong Zinc & Germanium Co. Ltd,,,,,,,,,,,,,,,,
56478,56478,21065,Continental Hotels,Continental Hospitals,,,,,,,,,,,,,,,,
56486,56486,8964,Mochida Pharmaceutical Co. Ltd,Mochida Pharmaceutical,,,,,,,,,,,,,,,,
56489,56489,5688,Sunny Optical Technology (group) Company,Sunny Optical Technology (Group) Co Ltd,,,,,,,,,,,,,,,,
56495,56495,19582,Twilio Inc.,Twilio Inc,,,,,,,,,,,,,,,,
56498,56498,22915,NEW AGE HUMAN LIMITED,NEW AGE HORIZONS LIMITED,,,,,,,,,,,,,,,,
56501,56501,48880,Z DES LTD,Z DEC LTD,,,,,,,,,,,,,,,,
56503,56503,49302,Jadestone Energy plc,Jadestone Energy Inc.,,,,,,,,,,,,,,,,
56507,56507,17101,"Flexium Interconnect, Inc.",Flexium Interconnect Inc,,,,,,,,,,,,,,,,
56516,56516,45336,Kerry Logistics Network Ltd,Kerry Logistics Network,,,,,,,,,,,,,,,,
56517,56517,3047,Engie Brasil Energia SA,Engie Brasil Energia,,,,,,,,,,,,,,,,
56523,56523,33861,Shanghai Zhangjiang Hi-tech Park Development,Shanghai Zhangjiang Hi-Tech Park Development Co. Ltd,,,,,,,,,,,,,,,,
56525,56525,17986,Webuild S.p.a.,Webuild S.p.A.,,,,,,,,,,,,,,,,
56537,56537,19010,Hisense Visual Technology Co. Ltd,Hisense Visual Technology,,,,,,,,,,,,,,,,
56547,56547,13436,Automatic Data Processing (ADP),Automatic Data Processing,,,,,,,,,,,,,,,,
56571,56571,4182,ZIM Integrated Shipping Services Ltd.,ZIM Integrated Shipping Services Ltd,,,,,,,,,,,,,,,,
56575,56575,21854,Cavco Industries Inc,Cavco Industries,,,,,,,,,,,,,,,,
56583,56583,21166,Federal Grid Company of Unified Energy System PJSC,Federal Grid Company Of Unified Energy System,,,,,,,,,,,,,,,,
56585,56585,38125,Nihon Kohden Corporation,Nihon Kohden Corp,,,,,,,,,,,,,,,,
56597,56597,46929,"Inner Mongolia Junzheng Energy & Chemical Group Co.,ltd.","Inner Mongolia Junzheng Energy & Chemical Group Co.,Ltd.",,,,,,,,,,,,,,,,
56599,56599,56222,"CIE Automotive, SA",CIE Automotive SA,,,,,,,,,,,,,,,,
56606,56606,37666,Alkermes Plc,Alkermes,,,,,,,,,,,,,,,,
56616,56616,47613,Kowloon Development Company Ltd,Kowloon Development Company,,,,,,,,,,,,,,,,
56634,56634,22427,Northeast Pharmaceutical Group Co Ltd,Northeast Pharmaceutical Group,,,,,,,,,,,,,,,,
56650,56650,12547,Esker Sa,Esker SA,,,,,,,,,,,,,,,,
56660,56660,54977,Fastned B.v,Fastned B.V.,,,,,,,,,,,,,,,,
56661,56661,41083,Clearway Energy Inc,Clearway Energy,,,,,,,,,,,,,,,,
56662,56662,52277,Z & K GLOUCESTER LTD,Z & K FLEETS LTD,,,,,,,,,,,,,,,,
56665,56665,50833,Gentherm Inc,Gentherm,,,,,,,,,,,,,,,,
56668,56668,30362,Air Liquide SA,Air Liquide,,,,,,,,,,,,,,,,
56677,56677,25334,BEAUTY AND THE BULLZ LTD,BEAUTY AND THE BULLZ LIMITED,,,,,,,,,,,,,,,,
56687,56687,38687,Country Garden Services Holdings Company,Country Garden Holdings Company,,,,,,,,,,,,,,,,
56691,56691,6983,China State Construction Engineering Corporation,China State Construction Engineering Corp Ltd,,,,,,,,,,,,,,,,
56700,56700,30687,Mitsui Fudosan Co Ltd,Mitsui Fudosan,,,,,,,,,,,,,,,,
56705,56705,26401,Zijin Mining Group Company,Zijin Mining Group Co Ltd,,,,,,,,,,,,,,,,
56707,56707,36128,Fortescue Metals Group Ltd,Fortescue Metals Group Limited,,,,,,,,,,,,,,,,
56711,56711,1242,Trustpilot Group plc,Trustpilot Group Plc,,,,,,,,,,,,,,,,
56714,56714,29707,Li Auto Inc.,Li Auto Inc,,,,,,,,,,,,,,,,
56719,56719,39471,Diamondback Energy Inc,Diamondback Energy,,,,,,,,,,,,,,,,
56722,56722,44972,Argosy Property Ltd,Argosy Property,,,,,,,,,,,,,,,,
56739,56739,44810,ENN Energy Holdings Ltd,ENN Energy Holdings,,,,,,,,,,,,,,,,
56740,56740,4785,BAD DESIGN LIMITED,BAD DENIM LIMITED,,,,,,,,,,,,,,,,
56748,56748,4560,Wipro BPS,Wipro,,,,,,,,,,,,,,,,
56755,56755,37472,Iida Group Holdings Co Ltd,Iida Group Holdings,,,,,,,,,,,,,,,,
56766,56766,50913,Zeal Network Se,Zeal Network SE,,,,,,,,,,,,,,,,
56777,56777,6970,Fairfax Financial Holdings Ltd,Fairfax Financial Holdings Limited,,,,,,,,,,,,,,,,
56778,56778,53606,Hang Seng Bank Ltd,Hang Seng Bank Limited,,,,,,,,,,,,,,,,
56779,56779,41425,Greencoat Uk Wind,Greencoat UK Wind plc,,,,,,,,,,,,,,,,
56781,56781,17648,Alibaba Pictures Group Ltd,Alibaba Pictures Group,,,,,,,,,,,,,,,,
56790,56790,53958,Fundo de Investimento Imobiliario - FII Vila Olimpia Corporate,Fundo de Investimento Imobiliario - FII Shopping Jardim Sul,,,,,,,,,,,,,,,,
56791,56791,27337,Scatec Solar Asa,Scatec Solar,,,,,,,,,,,,,,,,
56794,56794,1249,American Axle & Manufacturing Holdings,American Axle & Manufacturing,,,,,,,,,,,,,,,,
56800,56800,36466,China Jushi Co. Ltd,China Jushi,,,,,,,,,,,,,,,,
56801,56801,1212,Shenzhen Gas Corporation,Shenzhen Gas Corp Ltd,,,,,,,,,,,,,,,,
56808,56808,47183,Antero Resources Corporation,Antero Resources Corp,,,,,,,,,,,,,,,,
56811,56811,13377,Atrium Ljungberg Ab (publ),Atrium Ljungberg AB,,,,,,,,,,,,,,,,
56819,56819,29462,Cheniere Energy Partners LP,Cheniere Energy Partners,,,,,,,,,,,,,,,,
56822,56822,9296,IWG plc,IWG Plc,,,,,,,,,,,,,,,,
56825,56825,54413,RCS MediaGroup SpA,RCS MediaGroup S.p.A.,,,,,,,,,,,,,,,,
56830,56830,39036,Partner Communications Company Ltd.,Partner Communications Company,,,,,,,,,,,,,,,,
56832,56832,4835,China Gas Holdings Ltd,China Gas Holdings,,,,,,,,,,,,,,,,
56835,56835,727,"North Pacific Bank,Ltd.",North Pacific Bank Ltd,,,,,,,,,,,,,,,,
56837,56837,37843,Pioneer Natural Resources Company,Pioneer Natural Resources Co,,,,,,,,,,,,,,,,
56842,56842,48825,Quaker Chemical Corporation,Quaker Chemical Corp,,,,,,,,,,,,,,,,
56845,56845,31689,Taiheiyo Cement Corporation,Taiheiyo Cement Corp,,,,,,,,,,,,,,,,
56849,56849,53257,Bruker Corporation,Bruker Corp,,,,,,,,,,,,,,,,
56862,56862,36795,Coloplast A/s,Coloplast A/S,,,,,,,,,,,,,,,,
56865,56865,25503,Usinas Siderúrgicas de Minas Gerais SA,Usinas Siderurgicas de Minas Gerais SA,,,,,,,,,,,,,,,,
56867,56867,45272,Phillips 66 Partners Lp,Phillips 66 Partners LP,,,,,,,,,,,,,,,,
56886,56886,37857,Steadfast Group Limited,Steadfast Group,,,,,,,,,,,,,,,,
56892,56892,31662,"Uber Technologies, Inc.",Uber Technologies Inc,,,,,,,,,,,,,,,,
56899,56899,50032,The Star Entertainment Group Limited,The Star Entertainment Group,,,,,,,,,,,,,,,,
56909,56909,10009,Takuma Co. Ltd,Takuma Co Ltd,,,,,,,,,,,,,,,,
56931,56931,2140,Growthpoint Properties Ltd,Growthpoint Properties Australia,,,,,,,,,,,,,,,,
56937,56937,691,"Beijing Easpring Material Technology CO.,LTD.",Beijing Easpring Material Technology,,,,,,,,,,,,,,,,
56938,56938,45443,KB Financial Group Inc.,KB Financial Group Inc,,,,,,,,,,,,,,,,
56943,56943,53643,Whitbread plc,Whitbread Plc,,,,,,,,,,,,,,,,
56946,56946,36447,Nippon Shokubai Co. Ltd,Nippon Shokubai Co Ltd,,,,,,,,,,,,,,,,
56963,56963,33376,China Zheshang Bank Co Ltd,China Zheshang Bank,,,,,,,,,,,,,,,,
56978,56978,49989,Embotelladora Andina SA,Embotelladora Andina,,,,,,,,,,,,,,,,
56984,56984,5488,Octopus Energy Ltd,Octopus Energy,,,,,,,,,,,,,,,,
56988,56988,13705,Suncorp Group Ltd,Suncorp Group Limited,,,,,,,,,,,,,,,,
56991,56991,18157,"Suzhou Jinhong Gas Co., Ltd.",Suzhou Jinhong Gas Co. Ltd,,,,,,,,,,,,,,,,
56994,56994,26929,Yangtze Optical Fibre And Cable Joint Stock Ltd Company,Yangtze Optical Fibre And Cable Joint Stock Company,,,,,,,,,,,,,,,,
57000,57000,31760,"Asahi Holdings, Inc.",Asahi Holdings,,,,,,,,,,,,,,,,
57004,57004,46663,Tecma Solutions S.p.A.,Tecma Solutions,,,,,,,,,,,,,,,,
57012,57012,55577,Sun Communities Inc,Sun Communities,,,,,,,,,,,,,,,,
57015,57015,38761,Prosegur Cash,Prosegur,,,,,,,,,,,,,,,,
57030,57030,40140,Humana AB,Humana,,,,,,,,,,,,,,,,
57038,57038,30958,Seven Group Holdings Ltd,Seven Group Holdings Limited,,,,,,,,,,,,,,,,
57047,57047,35148,Rolls-Royce,Rolls Royce,,,,,,,,,,,,,,,,
57053,57053,9021,Container Corporation of India Ltd,Container Corporation Of India,,,,,,,,,,,,,,,,
57056,57056,18932,Suncor Energy Inc,Suncor Energy,,,,,,,,,,,,,,,,
57081,57081,51991,Otsuka Holdings,Otsuka Holding,,,,,,,,,,,,,,,,
57095,57095,55902,S A CLOTHING LTD,S A CLOTHING (MCR) LTD,,,,,,,,,,,,,,,,
57106,57106,55997,"Genomma Lab Internacional, S.A.B. de C.V.",Genomma Lab Internacional,,,,,,,,,,,,,,,,
57124,57124,36914,Israel Canada (t.r) Ltd,Israel Canada,,,,,,,,,,,,,,,,
57126,57126,26319,Winpak Ltd,Winpak,,,,,,,,,,,,,,,,
57134,57134,12325,Deutsche Pfandbriefbank Ag,Deutsche Pfandbriefbank AG,,,,,,,,,,,,,,,,
57136,57136,10588,L1 Long Short Fund Limited,L1 Long Short Fund,,,,,,,,,,,,,,,,
57137,57137,11717,Campbell Soup Co,Campbell Soup,,,,,,,,,,,,,,,,
57144,57144,34448,Administradora de Fondos de Pensiones Habitat SA,Administradora de Fondos de Pensiones Cuprum SA,,,,,,,,,,,,,,,,
57145,57145,48445,"Inner Mongolia Baotou Steel Union Co., Ltd.",Inner Mongolia Baotou Steel Union Co. Ltd,,,,,,,,,,,,,,,,
57146,57146,35724,Dai-ichi Life Holdings Inc,Dai-ichi Life Holdings,,,,,,,,,,,,,,,,
57148,57148,9872,Advantest Corp,Advantest,,,,,,,,,,,,,,,,
57149,57149,16005,Hewlett Packard Enterprise Company,Hewlett Packard Enterprise Co,,,,,,,,,,,,,,,,
57154,57154,55053,"Huntington Bancshares, Inc.",Huntington Bancshares Incorporated,,,,,,,,,,,,,,,,
57155,57155,16533,CDK Global Careers,CDK Global,,,,,,,,,,,,,,,,
57164,57164,51625,"Chongqing Sokon Industry Group Stock Co.,Ltd.",Chongqing Sokon Industry Group Stock,,,,,,,,,,,,,,,,
57170,57170,31888,Publicis Groupe SA,Publicis Groupe,,,,,,,,,,,,,,,,
57176,57176,26922,Ecoslops SA,Ecoslops,,,,,,,,,,,,,,,,
57177,57177,4511,Juewei Food Co. Ltd,Juewei Food,,,,,,,,,,,,,,,,
57193,57193,47125,Ashtead Group plc,Ashtead Group Plc,,,,,,,,,,,,,,,,
57196,57196,27404,Intact Financial Corp,Intact Financial,,,,,,,,,,,,,,,,
57205,57205,18617,Shanxi Lanhua Sci-tech Venture,"Shanxi Lanhua Sci-Tech Venture Co.,Ltd",,,,,,,,,,,,,,,,
57206,57206,6637,Electra Consumer Products (1970) Ltd,Electra Consumer Products,,,,,,,,,,,,,,,,
57212,57212,50551,Grupo Carso,Grupo Calvo,,,,,,,,,,,,,,,,
57216,57216,46264,Carl Zeiss AG,Carl Zeiss,,,,,,,,,,,,,,,,
57224,57224,34057,Energiedienst Holding Ag,Energiedienst Holding AG,,,,,,,,,,,,,,,,
57232,57232,8636,Baytex Energy Corp,Baytex Energy,,,,,,,,,,,,,,,,
57239,57239,57012,"Sun Communities, Inc.",Sun Communities Inc,,,,,,,,,,,,,,,,
57244,57244,26957,SOFTWARE BUSINESS PARTNERS LIMITED,SOFTWARE BUSINESS LTD,,,,,,,,,,,,,,,,
57253,57253,36608,Signet Jewelers Ltd,Signet Jewelers,,,,,,,,,,,,,,,,
57261,57261,50219,Great Bear Resources Ltd,Great Bear Resources,,,,,,,,,,,,,,,,
57267,57267,11107,Lawson Inc,Lawson,,,,,,,,,,,,,,,,
57268,57268,9573,BEAUTY BOUTIQUE ZIM LTD,BEAUTY BOUTIQUE YORKSHIRE LTD,,,,,,,,,,,,,,,,
57271,57271,27423,ALL ABOUT LOYALTY LIMITED,ALL ABOUT LOVE LIMITED,,,,,,,,,,,,,,,,
57278,57278,49276,Repsol SA,Repsol,,,,,,,,,,,,,,,,
57286,57286,35773,Guangdong Kinlong Hardware Products Co Ltd,Guangdong Kinlong Hardware Products,,,,,,,,,,,,,,,,
57287,57287,49140,Sun International Ltd,Sun International Group Ltd,,,,,,,,,,,,,,,,
57289,57289,49252,Transpaco Ltd,Transocean Ltd.,,,,,,,,,,,,,,,,
57294,57294,28273,Beijing Wandong Medical Technology Co. Ltd,Beijing Wandong Medical Technology,,,,,,,,,,,,,,,,
57302,57302,6472,"Gentera, S.A.B. de C.V.",Gentera SAB de CV,,,,,,,,,,,,,,,,
57305,57305,21752,Companhia de Saneamento Básico do Estado de São Paulo - SABESP,Companhia de Saneamento Basico do Estado de Sao Paulo,,,,,,,,,,,,,,,,
57308,57308,39040,Charoen Pokphand Foods Public Company,Charoen Pokphand Foods Public Co Ltd,,,,,,,,,,,,,,,,
57311,57311,17226,ALL ABOUT PROPERTY INVESTMENTS LTD,ALL ABOUT PROPERTIES LTD,,,,,,,,,,,,,,,,
57314,57314,25094,T & A CONSULTANCY LIMITED,T & A CONSULT LTD,,,,,,,,,,,,,,,,
57316,57316,34240,Ircon International Ltd,Ircon International,,,,,,,,,,,,,,,,
57320,57320,36643,"Distribuidora Internacional de Alimentación, SA",Distribuidora Internacional de Alimentacion SA,,,,,,,,,,,,,,,,
57331,57331,7223,Jiangsu Zhongtian Technology Co. Ltd,Jiangsu Zhongtian Technology Co Ltd,,,,,,,,,,,,,,,,
57340,57340,46055,"Monex Group, Inc.",Monex Group,,,,,,,,,,,,,,,,
57343,57343,9679,NoBrokerHOOD,NoBroker,,,,,,,,,,,,,,,,
57347,57347,26561,FOOD ALLERGY FRIENDS LIMITED,FOOD ALLERGY FIT LTD,,,,,,,,,,,,,,,,
57348,57348,35900,POMELLATO SPA,POMELLATO EUROPA SPA,,,,,,,,,,,,,,,,
57355,57355,8723,K & M INVESTMENTS AND FINANCES.EGYPT LTD,K & M INVESTMENTS AND FINANCES LTD.,,,,,,,,,,,,,,,,
57366,57366,39031,Rengo Co. Ltd,Rengo Co Ltd,,,,,,,,,,,,,,,,
57367,57367,33357,JB Hi-Fi Ltd,JB Hi-Fi Limited,,,,,,,,,,,,,,,,
57373,57373,2635,Shandong Hualu-Hengsheng Chemical Co. Ltd,Shandong Hualu-Hengsheng Chemical,,,,,,,,,,,,,,,,
57395,57395,16590,Amplifon Spa,Amplifon SpA,,,,,,,,,,,,,,,,
57427,57427,49206,Kerry Group plc,Kerry Group,,,,,,,,,,,,,,,,
57442,57442,16272,Gibraltar Industries Inc,Gibraltar Industries,,,,,,,,,,,,,,,,
57460,57460,50318,Ping An Healthcare and Technology Co Ltd,Ping An Healthcare Technology,,,,,,,,,,,,,,,,
57461,57461,29337,Arte e Passione,Arte E Passione,,,,,,,,,,,,,,,,
57463,57463,36467,Nomura Real Estate Holdings Inc,Nomura Real Estate Holdings,,,,,,,,,,,,,,,,
57478,57478,23478,ADVA Careers,ADTRAN Careers,,,,,,,,,,,,,,,,
57480,57480,17229,FOOD CONNECTIONS LIMITED,FOOD CONNECT SOLUTIONS LIMITED,,,,,,,,,,,,,,,,
57482,57482,2552,Chongqing Changan Automobile Company,Chongqing Changan Automobile Co Ltd,,,,,,,,,,,,,,,,
57492,57492,12431,China Jinmao Holdings Group Ltd,China Jinmao Holdings Group,,,,,,,,,,,,,,,,
57500,57500,34380,Absolute Clean Energy Public Company Ltd,Absolute Clean Energy Public Company,,,,,,,,,,,,,,,,
57516,57516,24797,Mastek,Mastec,,,,,,,,,,,,,,,,
57534,57534,2397,Aier Eye Hospital Group Co. Ltd,Aier Eye Hospital Group Co Ltd,,,,,,,,,,,,,,,,
57537,57537,52592,Shanghai International Airport Co. Ltd,Shanghai International Airport,,,,,,,,,,,,,,,,
57540,57540,15113,Cleanaway Waste Management Limited,Cleanaway Waste Management,,,,,,,,,,,,,,,,
57545,57545,41714,Realord Group Holdings Ltd,Realord Group Holdings,,,,,,,,,,,,,,,,
57546,57546,12370,Shanghai Zhenhua Heavy Industries Co Ltd,Shanghai Zhenhua Heavy Industries,,,,,,,,,,,,,,,,
57547,57547,21593,Chongqing Taiji Industry(group),Chongqing Taiji Industry,,,,,,,,,,,,,,,,
57553,57553,35134,Brown-forman Corporation,Brown-Forman Corporation,,,,,,,,,,,,,,,,
57556,57556,26918,American Woodmark Corporation,American Woodmark Corp,,,,,,,,,,,,,,,,
57559,57559,53088,Bridgestone Corporation,Bridgestone Corp,,,,,,,,,,,,,,,,
57564,57564,46076,Old Republic International Corp,Old Republic International,,,,,,,,,,,,,,,,
57567,57567,46607,AngloGold Ashanti Ltd,AngloGold Ashanti Limited,,,,,,,,,,,,,,,,
57581,57581,1256,Canadian Utilities Ltd,Canadian Utilities Limited,,,,,,,,,,,,,,,,
57582,57582,41599,EQTEC plc,EQTEC,,,,,,,,,,,,,,,,
57585,57585,29955,ITALWARE SRL,ITALWARE SERVICES SRL,,,,,,,,,,,,,,,,
57605,57605,50867,Avicopter Plc,Avicopter,,,,,,,,,,,,,,,,
57612,57612,56625,BEAUTY AT HAND LIMITED,BEAUTY AT HALO LTD,,,,,,,,,,,,,,,,
57614,57614,23161,Nucor Corporation,Nucor Corp,,,,,,,,,,,,,,,,
57615,57615,38203,Morinaga & Co. Ltd,Morinaga & Co Ltd,,,,,,,,,,,,,,,,
57622,57622,5599,OGE Energy Corp.,OGE Energy Corp,,,,,,,,,,,,,,,,
57628,57628,4578,Archer-daniels-midland Company,Archer-Daniels-Midland Company,,,,,,,,,,,,,,,,
57634,57634,46116,Cassiopea S.p.A.,Cassina S.p.A.,,,,,,,,,,,,,,,,
57636,57636,52972,OneMain Holdings Inc,OneMain Holdings,,,,,,,,,,,,,,,,
57641,57641,42296,India Power Corporation,India Power Corp Ltd,,,,,,,,,,,,,,,,
57654,57654,25409,S A CONTRACTORS LIMITED,S A CONTRACT LTD,,,,,,,,,,,,,,,,
57663,57663,42361,E.ON SE,E.ON,,,,,,,,,,,,,,,,
57667,57667,49027,P & A BARTON LIMITED,P & A BARRATT LIMITED,,,,,,,,,,,,,,,,
57673,57673,21001,Public Joint Stock Company RBC,Public Joint Stock Company Polyus,,,,,,,,,,,,,,,,
57675,57675,55774,TIM SpA,TIM SA,,,,,,,,,,,,,,,,
57677,57677,8823,Wistron Corporation,Wistron Corp,,,,,,,,,,,,,,,,
57687,57687,57315,Blackrock Science And Technology Trust Ii,Blackrock Science And Technology Trust,,,,,,,,,,,,,,,,
57690,57690,46132,Sleep Country Canada Holdings Inc.,Sleep Country Canada Holdings,,,,,,,,,,,,,,,,
57699,57699,4050,"Public Joint Stock Company ""ROSSETI South""","Public Joint Stock Company ""ROSSETI Northern Caucasus""",,,,,,,,,,,,,,,,
57705,57705,55424,American Tower Corporation (reit),American Tower Corporation,,,,,,,,,,,,,,,,
57714,57714,34913,Elite Material Co Ltd,Elite Material,,,,,,,,,,,,,,,,
57716,57716,19932,Minera Valparaiso SA,Minera Valparaiso,,,,,,,,,,,,,,,,
57717,57717,38579,Toyo Suisan Kaisha Ltd,Toyo Suisan Kaisha,,,,,,,,,,,,,,,,
57729,57729,43844,BAD DINOSAUR LIMITED,BAD DINOS LTD,,,,,,,,,,,,,,,,
57738,57738,24167,Aspen Group Ltd,Aspen Group,,,,,,,,,,,,,,,,
57739,57739,1559,BillerudKorsnas AB,Billerud AB,,,,,,,,,,,,,,,,
57742,57742,18546,RMSI,RMS,,,,,,,,,,,,,,,,
57744,57744,7950,Asiana Airlines Inc,Asiana Airlines,,,,,,,,,,,,,,,,
57747,57747,29582,WillScot Mobile Mini Holdings Corp.,WillScot Mobile Mini Holdings Corp,,,,,,,,,,,,,,,,
57749,57749,55633,Prodiel,Prodeval,,,,,,,,,,,,,,,,
57755,57755,43944,"Affiliated Managers Group, Inc.",Affiliated Managers Group Inc,,,,,,,,,,,,,,,,
57763,57763,50053,The Scotts Miracle-Gro Company,The Scotts Miracle-Gro Co,,,,,,,,,,,,,,,,
57768,57768,32280,Nasdaq Inc,Nasdaq,,,,,,,,,,,,,,,,
57775,57775,26002,S A GROCERS LTD,S A GROCERIES LTD,,,,,,,,,,,,,,,,
57779,57779,18354,BEAUTY BLOSSOM LTD,BEAUTY BLOOMER LIMITED,,,,,,,,,,,,,,,,
57782,57782,34619,Harbour Energy Plc,Harbour Energy PLC,,,,,,,,,,,,,,,,
57787,57787,15655,Nutrien Ltd.,Nutrien Ltd,,,,,,,,,,,,,,,,
57788,57788,19783,Marriott Vacations Worldwide Corporation,Marriott Vacations Worldwide Corp,,,,,,,,,,,,,,,,
57794,57794,54817,"KBR, Inc.",KBR Inc,,,,,,,,,,,,,,,,
57805,57805,45232,Sanderson Farms Inc,Sanderson Farms,,,,,,,,,,,,,,,,
57807,57807,11877,Formosa Petrochemical Corp,Formosa Petrochemical,,,,,,,,,,,,,,,,
57809,57809,8348,Itau Unibanco Holding SA,Itau Unibanco Holding,,,,,,,,,,,,,,,,
57811,57811,4567,Gartner Inc,Gartner,,,,,,,,,,,,,,,,
57830,57830,12933,Alliance Healthcare Italia Spa,Alliance Healthcare Italia Distribuzione Spa,,,,,,,,,,,,,,,,
57834,57834,17009,"NetApp, Inc.",NetApp Inc,,,,,,,,,,,,,,,,
57839,57839,57373,Shandong Hualu-hengsheng Chemical,Shandong Hualu-Hengsheng Chemical Co. Ltd,,,,,,,,,,,,,,,,
57845,57845,50788,ALL ABOUT THE BIRDS LTD,ALL ABOUT THE BENJAMINS LTD,,,,,,,,,,,,,,,,
57860,57860,37351,Fideicomiso Irrevocable F/2061 Fhipo,Fideicomiso Irrevocable F/2061 FHipo,,,,,,,,,,,,,,,,
57864,57864,51883,Ganfeng Lithium Group Co Ltd,Ganfeng Lithium Co. Ltd,,,,,,,,,,,,,,,,
57875,57875,24948,Murphy USA Inc,Murphy USA,,,,,,,,,,,,,,,,
57886,57886,461,Capital One Financial Corporation,Capital One Financial Corp,,,,,,,,,,,,,,,,
57896,57896,29736,Sambanova Systems,SambaNova Systems,,,,,,,,,,,,,,,,
57906,57906,17441,Yang Ming Marine Transport Corporation,Yang Ming Marine Transport Corp,,,,,,,,,,,,,,,,
57911,57911,33200,China Resources Cement Holdings Ltd,China Resources Cement Holdings,,,,,,,,,,,,,,,,
57937,57937,44613,Shimadzu Corporation,Shimadzu Corp,,,,,,,,,,,,,,,,
57938,57938,10413,Gungho Online Entertainment,"GungHo Online Entertainment, Inc.",,,,,,,,,,,,,,,,
57940,57940,12693,Hioki E.e. Corporation,Hioki E.E. Corp,,,,,,,,,,,,,,,,
57945,57945,21246,SKILLSDAY,SKILLS,,,,,,,,,,,,,,,,
57947,57947,33728,Winning Health Technology Group Co. Ltd,Winning Health Technology Group,,,,,,,,,,,,,,,,
57953,57953,29568,Shanghai Mechanical & Electrical Industry Co. Ltd,Shanghai Mechanical & Electrical Industry,,,,,,,,,,,,,,,,
57957,57957,33878,Clinigen Group plc,Clinigen Group,,,,,,,,,,,,,,,,
57965,57965,47549,E-L Financial Corporation Limited,E-L Financial Corp Ltd,,,,,,,,,,,,,,,,
57974,57974,10597,Shriram Pistons & Rings Ltd,Shriram Pistons & Rings,,,,,,,,,,,,,,,,
57983,57983,11194,H & A PROPERTIES LTD,H & A PROPERTIES (MALVERN) LIMITED,,,,,,,,,,,,,,,,
57990,57990,18058,Dynamo6,Dynamo,,,,,,,,,,,,,,,,
58004,58004,48630,BOEHRINGER INGELHEIM LIMITED,BOEHRINGER INGELHEIM ANIMAL HEALTH UK LIMITED,,,,,,,,,,,,,,,,
58015,58015,18474,Apeloa Pharmaceutical Co Ltd,Apeloa Pharmaceutical,,,,,,,,,,,,,,,,
58027,58027,54917,Born Stahlbau*,Born Stahlbau,,,,,,,,,,,,,,,,
58029,58029,49613,DXC Technology Co,DXC Technology,,,,,,,,,,,,,,,,
58035,58035,37798,"Contec Medical Systems Co.,ltd","Contec Medical Systems Co.,Ltd",,,,,,,,,,,,,,,,
58038,58038,13974,Transportadora de Gas del Sur SA,Transportadora de Gas del Norte SA,,,,,,,,,,,,,,,,
58060,58060,39665,Xiamen Tungsten Co. Ltd,Xiamen Tungsten,,,,,,,,,,,,,,,,
58061,58061,36367,Tractor Supply Company,Tractor Supply Co,,,,,,,,,,,,,,,,
58064,58064,5456,Buzzi Unicem S.p.A.,Buzzi Unicem,,,,,,,,,,,,,,,,
58067,58067,11661,"NRG Energy, Inc.",NRG Energy Inc,,,,,,,,,,,,,,,,
58068,58068,7514,Kotobuki Spirits Co. Ltd,Kotobuki Spirits,,,,,,,,,,,,,,,,
58073,58073,23028,Globaltrans Investment PLC,Globaltrans Investment,,,,,,,,,,,,,,,,
58087,58087,47922,Zensho Holdings Co Ltd,Zensho Holdings,,,,,,,,,,,,,,,,
58090,58090,28188,"Jiangsu Provincial Agricultural Reclamation and Development Co.,Ltd.",Jiangsu Provincial Agricultural Reclamation And Development,,,,,,,,,,,,,,,,
58093,58093,23179,Saudi Telecom Company,Saudi Telecom Co,,,,,,,,,,,,,,,,
58104,58104,43347,Hnac Technology,Hna Technology,,,,,,,,,,,,,,,,
58113,58113,36486,Abcam plc,Abcam,,,,,,,,,,,,,,,,
58120,58120,6198,Cameco Corporation,Cameco Corp,,,,,,,,,,,,,,,,
58122,58122,8009,"Hangzhou Changchuan Technology Co.,Ltd",Hangzhou Changchuan Technology,,,,,,,,,,,,,,,,
58124,58124,46449,Ashland Global Holdings Inc.,Ashland Global Holdings,,,,,,,,,,,,,,,,
58127,58127,44950,Tri-continental Corporation Pfd $2.50,Tri-continental Corporation,,,,,,,,,,,,,,,,
58128,58128,34367,FOOD & DRINK ZONE UK LTD,FOOD & DRINK TOURS LTD,,,,,,,,,,,,,,,,
58143,58143,34879,H & A TRADING LIMITED,H & A TRADERS LIMITED,,,,,,,,,,,,,,,,
58153,58153,12856,Isrotel Ltd,Isrotel,,,,,,,,,,,,,,,,
58161,58161,1414,Canadian Western Bank Group,Canadian Western Bank,,,,,,,,,,,,,,,,
58169,58169,41684,Bechtle AG,Bechtle,,,,,,,,,,,,,,,,
58183,58183,23548,Banka BioLoo Ltd,Banka BioLoo,,,,,,,,,,,,,,,,
58191,58191,49085,Value Partners Group Ltd,Value Partners Group,,,,,,,,,,,,,,,,
58198,58198,5144,LSR Group PJSC,LSR Group,,,,,,,,,,,,,,,,
58220,58220,53728,Jindal Stainless (hisar),Jindal Stainless,,,,,,,,,,,,,,,,
58233,58233,11430,Shanghai Runda Medical and Technology Co Ltd,Shanghai Runda Medical Technology,,,,,,,,,,,,,,,,
58236,58236,31891,Unisys Corporation,Unisys Corp,,,,,,,,,,,,,,,,
58250,58250,36404,Bank of Beijing Co Ltd,Bank of Beijing,,,,,,,,,,,,,,,,
58252,58252,19848,Brambles Ltd,Brambles Limited,,,,,,,,,,,,,,,,
58253,58253,44131,Enbridge Inc.,Enbridge Inc,,,,,,,,,,,,,,,,
58259,58259,9228,Public Joint-Stock Company UTair Aviation,Public Joint-Stock Company The Likhachov Plant,,,,,,,,,,,,,,,,
58265,58265,14539,Abeo SA,Abengoa SA,,,,,,,,,,,,,,,,
58267,58267,51964,BAD BETTY MEDIA LTD,BAD BETTY DESIGNS LTD,,,,,,,,,,,,,,,,
58273,58273,26927,"Penske Automotive Group, Inc.",Penske Automotive Group Inc,,,,,,,,,,,,,,,,
58277,58277,51147,Doha Bank QSC,Doha Bank,,,,,,,,,,,,,,,,
58279,58279,46960,China International Marine Containers (Group) Co. Ltd,China International Marine Containers (Group) Co Ltd,,,,,,,,,,,,,,,,
58295,58295,13731,Cheng Loong Corporation,Cheng Loong Corp,,,,,,,,,,,,,,,,
58303,58303,18946,"Kintetsu World Express, Inc.",Kintetsu World Express Inc,,,,,,,,,,,,,,,,
58305,58305,11257,Murray Income Trust plc,Murray Income Trust,,,,,,,,,,,,,,,,
58317,58317,12720,Asahi Kasei Corp,Asahi Kasei,,,,,,,,,,,,,,,,
58321,58321,28506,Trip.com Group Limited,Trip.com Group,,,,,,,,,,,,,,,,
58333,58333,421,Beijing Enterprises Holdings Ltd,Beijing Enterprises Holdings,,,,,,,,,,,,,,,,
58334,58334,11368,Merck & Co.,Merck & Co Inc,,,,,,,,,,,,,,,,
58358,58358,24189,Star Petroleum Refining Public Company Ltd,Star Petroleum Refining Public Company,,,,,,,,,,,,,,,,
58363,58363,19666,Hastings Group Holdings plc,Hastings Group Holdings,,,,,,,,,,,,,,,,
58367,58367,1513,Ulta Beauty Inc,Ulta Beauty,,,,,,,,,,,,,,,,
58372,58372,41656,Epaper*,Epaper,,,,,,,,,,,,,,,,
58389,58389,43914,Bangchak Corporation Public Company,Bangchak Corporation PCL,,,,,,,,,,,,,,,,
58395,58395,3495,Sihuan Pharmaceutical Holdings Group Ltd.,Sihuan Pharmaceutical Holdings Group Ltd,,,,,,,,,,,,,,,,
58396,58396,15639,Insight Enterprises Inc,Insight Enterprises,,,,,,,,,,,,,,,,
58397,58397,1575,Maanshan Iron & Steel Co Ltd,Maanshan Iron & Steel,,,,,,,,,,,,,,,,
58398,58398,46067,Eaton Vance Tax-advantaged Global Dividend Income Fund,Eaton Vance Tax-advantaged Dividend Income Fund,,,,,,,,,,,,,,,,
58403,58403,54946,"Amvis Holdings, Inc.",Amvis Holdings,,,,,,,,,,,,,,,,
58404,58404,1453,SK Innovation Co Ltd,SK Innovation,,,,,,,,,,,,,,,,
58436,58436,53192,"CaixaBank, SA",CaixaBank SA,,,,,,,,,,,,,,,,
58439,58439,54756,Sumitomo Bakelite Company Ltd,Sumitomo Bakelite Company,,,,,,,,,,,,,,,,
58448,58448,11259,Q & Q CONSULTANT LTD,Q & Q CONSTRUCTION LTD,,,,,,,,,,,,,,,,
58452,58452,35955,Barry Callebaut Ag,Barry Callebaut AG,,,,,,,,,,,,,,,,
58464,58464,16865,Z & M TRADING LTD,Z & M TRADE LIMITED,,,,,,,,,,,,,,,,
58472,58472,26152,"AAC Technologies Holdings, Inc.",AAC Technologies Holdings Inc,,,,,,,,,,,,,,,,
58476,58476,858,Embraer SA,Embraer,,,,,,,,,,,,,,,,
58493,58493,37186,Paycom Software Inc,Paycom Software,,,,,,,,,,,,,,,,
58504,58504,35147,Jiangsu Hengli Hydraulic Co Ltd,Jiangsu Hengli Hydraulic,,,,,,,,,,,,,,,,
58513,58513,55863,Kohl's Corporation,Kohl's Corp,,,,,,,,,,,,,,,,
58518,58518,11202,"Take-Two Interactive Software, Inc.",Take-Two Interactive Software Inc,,,,,,,,,,,,,,,,
58539,58539,57639,Xior Student Housing Nv,Xior Student Housing NV,,,,,,,,,,,,,,,,
58548,58548,46279,Dechra Pharmaceuticals plc,Dechra Pharmaceuticals,,,,,,,,,,,,,,,,
58551,58551,17879,NEW AGE PROPERTY LTD,NEW AGE PROJECT LIMITED,,,,,,,,,,,,,,,,
58560,58560,53212,West Holdings Corporation,West Holdings Corp,,,,,,,,,,,,,,,,
58562,58562,34022,Imperial Brands plc,Imperial Brands Plc,,,,,,,,,,,,,,,,
58564,58564,26019,Nobia AB,Nobia,,,,,,,,,,,,,,,,
58571,58571,53055,"PDC Energy, Inc.",PDC Energy Inc,,,,,,,,,,,,,,,,
58581,58581,49526,Manpower Srl,Manpower,,,,,,,,,,,,,,,,
58598,58598,3768,Telekom Austria Ag,Telekom Austria AG,,,,,,,,,,,,,,,,
58615,58615,37468,Yunnan Botanee Bio-technology Group Co.ltd,Yunnan Botanee Bio-Technology Group Co.LTD,,,,,,,,,,,,,,,,
58620,58620,8732,Solvay SA,Solvay S.A.,,,,,,,,,,,,,,,,
58621,58621,26208,Verisk Analytics Inc,Verisk Analytics,,,,,,,,,,,,,,,,
58622,58622,28393,Valero Energy Corporation,Valero Energy Corp,,,,,,,,,,,,,,,,
58629,58629,44286,Agricultural Bank of China,Agricultural Bank Of China,,,,,,,,,,,,,,,,
58645,58645,54786,Sleep Cycle AB,Sleep Cycle,,,,,,,,,,,,,,,,
58649,58649,41877,Central Japan Railway Co,Central Japan Railway,,,,,,,,,,,,,,,,
58652,58652,33579,INTESA SANPAOLO SPA,INTESA SANPAOLO ASSICURA SPA,,,,,,,,,,,,,,,,
58654,58654,53501,Petropavlovsk PLC,Petropavlovsk,,,,,,,,,,,,,,,,
58665,58665,5341,Xinte Energy Co. Ltd,Xinte Energy Co Ltd,,,,,,,,,,,,,,,,
58671,58671,11577,Zhen Ding Technology Holding Ltd,Zhen Ding Technology Holding,,,,,,,,,,,,,,,,
58689,58689,2407,SOFTWARE EXPERTS LTD,SOFTWARE EXPERTS GROUP LTD,,,,,,,,,,,,,,,,
58693,58693,41407,LONGi Green Energy Technology Co. Ltd,LONGi Green Energy Technology Co Ltd,,,,,,,,,,,,,,,,
58700,58700,6612,S A ELLIS LIMITED,S A ELLES LTD,,,,,,,,,,,,,,,,
58702,58702,11186,P & A PROPERTIES LIMITED,P & A PROPERTIES (SW) LIMITED,,,,,,,,,,,,,,,,
58703,58703,56661,"Clearway Energy, Inc.",Clearway Energy Inc,,,,,,,,,,,,,,,,
58707,58707,41824,Bendigo And Adelaide Bank,Bendigo & Adelaide Bank,,,,,,,,,,,,,,,,
58722,58722,14879,Vonage Holdings Corp,Vonage Holdings,,,,,,,,,,,,,,,,
58740,58740,58624,Costco Wholesale Corp,Costco Wholesale,,,,,,,,,,,,,,,,
58748,58748,46078,Kobenhavns Lufthavne A/s,Kobenhavns Lufthavne,,,,,,,,,,,,,,,,
58767,58767,56841,Cincinnati Financial Corporation,Cincinnati Financial Corp,,,,,,,,,,,,,,,,
58768,58768,7310,Partners Group Holding Ag,Partners Group Holding AG,,,,,,,,,,,,,,,,
58770,58770,5217,Groupm,Groupimo,,,,,,,,,,,,,,,,
58773,58773,51922,Walker & Dunlop Inc,Walker & Dunlop,,,,,,,,,,,,,,,,
58778,58778,38345,Nyrstar NV,Nyrstar,,,,,,,,,,,,,,,,
58794,58794,53906,SOFTWARE GENIE LIMITED,SOFTWARE GENICS LTD,,,,,,,,,,,,,,,,
58801,58801,7654,Warner Bros. Discovery Inc,Warner Bros. Discovery,,,,,,,,,,,,,,,,
58811,58811,17282,Gi Group Spa,Gi Group,,,,,,,,,,,,,,,,
58819,58819,25074,Mitsubishi Estate,Mitsubishi Elevators,,,,,,,,,,,,,,,,
58843,58843,347,Porton Pharma Solutions Ltd,Porton Pharma Solutions,,,,,,,,,,,,,,,,
58844,58844,24305,"Sichuan Changhong Electric Co.,Ltd.",Sichuan Changhong Electric Co Ltd,,,,,,,,,,,,,,,,
58860,58860,16437,Law Debenture Corporation plc,Law Debenture Corporation,,,,,,,,,,,,,,,,
58861,58861,34994,Seagate Technology plc,Seagate Technology Holdings PLC,,,,,,,,,,,,,,,,
58863,58863,19987,Brookfield Renewable Partners LP,Brookfield Renewable Partners,,,,,,,,,,,,,,,,
58867,58867,13583,UltraTech Cement Ltd,UltraTech Cement,,,,,,,,,,,,,,,,
58870,58870,1223,Constantia Flexibles Group GmbH,Constantia Flexibles,,,,,,,,,,,,,,,,
58884,58884,3585,Turquoise Hill Resources Ltd.,Turquoise Hill Resources Ltd,,,,,,,,,,,,,,,,
58892,58892,53803,ALL ABOUT PET HEALTH LIMITED,ALL ABOUT PEOPLE LIMITED,,,,,,,,,,,,,,,,
58897,58897,28208,"Expedia Group, Inc.",Expedia Group Inc,,,,,,,,,,,,,,,,
58914,58914,39158,Texas Pacific Land Trust,Texas Pacific Land Corporation,,,,,,,,,,,,,,,,
58926,58926,32548,Westpac Banking Corporation,Westpac Banking Corp,,,,,,,,,,,,,,,,
58936,58936,43475,Zhongjin Gold Corp Ltd,Zhongjin Gold,,,,,,,,,,,,,,,,
58940,58940,29246,Micro Focus International Plc,Micro Focus International,,,,,,,,,,,,,,,,
58944,58944,30032,CIMOLAI SPA,CIMOLAI HOLDING SPA,,,,,,,,,,,,,,,,
58958,58958,2371,"Chipotle Mexican Grill, Inc.",Chipotle Mexican Grill Inc,,,,,,,,,,,,,,,,
58964,58964,35340,Biogen Inc,Biogen,,,,,,,,,,,,,,,,
58968,58968,9981,Drilling Company of 1972 A/S,Drilling Company Of 1972 A/s,,,,,,,,,,,,,,,,
58971,58971,42642,Acciaierie D'italia Spa,Acciaierie D'italia Holding Spa,,,,,,,,,,,,,,,,
58974,58974,16159,China Animal Husbandry Industry Co. Ltd,China Animal Husbandry Industry,,,,,,,,,,,,,,,,
58995,58995,57441,Fidelity National Financial Careers,Fidelity National Financial,,,,,,,,,,,,,,,,
59001,59001,13375,AMP Ltd,AMP Limited,,,,,,,,,,,,,,,,
59007,59007,58073,Globaltrans Investment Plc,Globaltrans Investment PLC,,,,,,,,,,,,,,,,
59012,59012,30251,Align Technology Inc,Align Technology,,,,,,,,,,,,,,,,
59027,59027,18293,Mianyang Fulin Precision Machining Co. Ltd,Mianyang Fulin Precision Machining,,,,,,,,,,,,,,,,
59032,59032,34333,BAD MANORS LIMITED,BAD MANOR FILMS LTD,,,,,,,,,,,,,,,,
59039,59039,14146,Cosmo Energy Holdings Co Ltd,Cosmo Energy Holdings,,,,,,,,,,,,,,,,
59045,59045,35447,Mitsubishi Gas Chemical Company,Mitsubishi Gas Chemical Co Inc,,,,,,,,,,,,,,,,
59068,59068,6893,Bed Bath & Beyond Inc,Bed Bath & Beyond,,,,,,,,,,,,,,,,
59074,59074,33941,Gjensidige Forsikring ASA,Gjensidige Forsikring,,,,,,,,,,,,,,,,
59075,59075,50362,Hartford Financial Services Group,Hartford Financial Services,,,,,,,,,,,,,,,,
59078,59078,11345,Formosa Chemicals & Fibre Corp,Formosa Chemicals,,,,,,,,,,,,,,,,
59085,59085,38439,ALL ABOUT EVE BRIDALS LIMITED,ALL ABOUT EVE BRIDALS CHEPSTOW LIMITED,,,,,,,,,,,,,,,,
59088,59088,29068,Coterra Energy Inc,Coterra Energy,,,,,,,,,,,,,,,,
59099,59099,32730,Takara Standard Co Ltd,Takara Standard,,,,,,,,,,,,,,,,
59137,59137,43020,Churchill Capital Corp Ii,Churchill Capital Corp IV,,,,,,,,,,,,,,,,
59143,59143,47924,NEW AGE CLIMBING LTD,NEW AGE CLEANING LTD,,,,,,,,,,,,,,,,
59147,59147,315,Brookdale Senior Living Inc,Brookdale Senior Living,,,,,,,,,,,,,,,,
59154,59154,5448,Kato Sangyo Co. Ltd,Kato Sangyo Co Ltd,,,,,,,,,,,,,,,,
59161,59161,49160,China Medical System Holdings Ltd,China Medical System Holdings,,,,,,,,,,,,,,,,
59169,59169,43641,"Zhongtai Securities Co., Ltd.",Zhongtai Securities Co. Ltd,,,,,,,,,,,,,,,,
59201,59201,28399,Kweichow Moutai Co Ltd,Kweichow Moutai,,,,,,,,,,,,,,,,
59217,59217,25639,Star Asia Investment Corporation,Star Asia Investment Corp,,,,,,,,,,,,,,,,
59221,59221,14865,NORBROOK LABORATORIES LIMITED,NORBROOK LABORATORIES (G.B.) LIMITED,,,,,,,,,,,,,,,,
59222,59222,55006,"Wuxi Nce Power Co., Ltd.",Wuxi NCE Power Co. Ltd,,,,,,,,,,,,,,,,
59226,59226,14614,Telekom Malaysia Bhd,Telekom Malaysia Berhad,,,,,,,,,,,,,,,,
59227,59227,54316,Jastrzebska Spólka Weglowa SA,Jastrzebska Spolka Weglowa SA,,,,,,,,,,,,,,,,
59229,59229,723,Tata Communications Ltd,Tata Communications,,,,,,,,,,,,,,,,
59232,59232,31621,Turkiye Petrol Rafinerileri AS,Turkiye Petrol Rafinerileri,,,,,,,,,,,,,,,,
59240,59240,34475,Scottish American Investment Company plc,Scottish American Investment Co.,,,,,,,,,,,,,,,,
59245,59245,40034,Megachem Ltd,Megachem,,,,,,,,,,,,,,,,
59246,59246,32632,Mitsui & Co.,Mitsui & Co Ltd,,,,,,,,,,,,,,,,
59258,59258,47119,Andritz AG,Andritz,,,,,,,,,,,,,,,,
59261,59261,51882,Winner Medical Co. Ltd,Winner Medical Co. Limited,,,,,,,,,,,,,,,,
59270,59270,14394,Bristow Group Inc.,Bristow Group Inc,,,,,,,,,,,,,,,,
59274,59274,18244,"Leidos Holdings, Inc.",Leidos Holdings Inc,,,,,,,,,,,,,,,,
59279,59279,30514,Aluar Aluminio Argentino S.A.I.C.,Aluar Aluminio Argentino,,,,,,,,,,,,,,,,
59292,59292,51480,Monster Beverage Corporation,Monster Beverage Corp,,,,,,,,,,,,,,,,
59298,59298,52760,Innospec Inc,Innospec,,,,,,,,,,,,,,,,
59302,59302,34681,Alimentation Couche-tard,Alimentation Couche-Tard Inc.,,,,,,,,,,,,,,,,
59305,59305,44518,International Consolidated Airlines Group SA,International Consolidated Airlines Group,,,,,,,,,,,,,,,,
59307,59307,56667,Deluxe Corporation,Deluxe Corp,,,,,,,,,,,,,,,,
59311,59311,1500,COMPARE YOUR FINANCES LIMITED,COMPARE MY FINANCES LTD,,,,,,,,,,,,,,,,
59313,59313,14622,China Pacific Insurance (Group) Co Ltd,China Pacific Insurance,,,,,,,,,,,,,,,,
59316,59316,57739,BillerudKorsnäs,BillerudKorsnas AB,,,,,,,,,,,,,,,,
59318,59318,46894,Virgin Money Uk,Virgin Money UK plc,,,,,,,,,,,,,,,,
59320,59320,55712,Tomra Systems Asa,Tomra Systems ASA,,,,,,,,,,,,,,,,
59324,59324,21374,Amasten Fastighets Ab (publ),Amasten Fastighets AB,,,,,,,,,,,,,,,,
59331,59331,2394,Burelle Sa,Burelle SA,,,,,,,,,,,,,,,,
59335,59335,42092,Unitedhealth Group,Unitedhealth,,,,,,,,,,,,,,,,
59338,59338,23109,T. A. CLOUD LIMITED,T. A. CLIFFORD LIMITED,,,,,,,,,,,,,,,,
59358,59358,47326,Compass Minerals International Inc,Compass Minerals International,,,,,,,,,,,,,,,,
59360,59360,13406,Valmont Industries Inc,Valmont Industries,,,,,,,,,,,,,,,,
59361,59361,31699,South State Corporation,South State Corp,,,,,,,,,,,,,,,,
59362,59362,3111,GOOD CONNEXIONS (SUSSEX) LIMITED,GOOD CONNEXION LTD,,,,,,,,,,,,,,,,
59365,59365,45981,SOFTWARE DEVELOPMENT & ECOMMERCE SOLUTIONS LTD,SOFTWARE DEVELOPMENT & CONSULTING LTD,,,,,,,,,,,,,,,,
59368,59368,56479,Netflix Inc,Netflix,,,,,,,,,,,,,,,,
59369,59369,45020,Banco Santander Río SA,Banco Santander Rio SA,,,,,,,,,,,,,,,,
59370,59370,14835,MercadoLibre,Mercado Libre Inc,,,,,,,,,,,,,,,,
59376,59376,38638,Sanlam Ltd,Sanlam,,,,,,,,,,,,,,,,
59387,59387,18934,Bank of Hangzhou Co. Ltd,Bank of Guizhou Co. Ltd,,,,,,,,,,,,,,,,
59393,59393,47727,Nippon Kayaku Co. Ltd,Nippon Kayaku Co Ltd,,,,,,,,,,,,,,,,
59396,59396,14758,International Flavors & Fragrances Inc.,International Flavors & Fragrances Inc,,,,,,,,,,,,,,,,
59397,59397,38011,SOFTWARE PERIMETERS LTD,SOFTWARE PARTNERS LIMITED,,,,,,,,,,,,,,,,
59399,59399,35021,Sirius Xm Holdings,Sirius XM Holdings Inc.,,,,,,,,,,,,,,,,
59401,59401,14981,Panasonic Corporation,Panasonic Corp,,,,,,,,,,,,,,,,
59413,59413,32460,Groupe SFPI SA,Groupe SEB SA,,,,,,,,,,,,,,,,
59427,59427,2004,SOFTWARE COMPLIANCE LIMITED,SOFTWARE COMPLIANCE HOLDINGS LTD,,,,,,,,,,,,,,,,
59435,59435,33813,Enova International Inc,Enova International,,,,,,,,,,,,,,,,
59444,59444,39890,"Diversey Holdings, Ltd.",Diversey Holdings Ltd,,,,,,,,,,,,,,,,
59449,59449,36986,COMPUTERSHARE TRUSTEES (JERSEY) LIMITED,COMPUTERSHARE TRUSTEES (C.I.) LIMITED,,,,,,,,,,,,,,,,
59451,59451,19713,Sino Land Company Ltd,Sino Land Company,,,,,,,,,,,,,,,,
59452,59452,4500,Titan Cement International SA,Titan Cement International,,,,,,,,,,,,,,,,
59462,59462,2350,Tiffany & Co.,Tiffany & Co,,,,,,,,,,,,,,,,
59468,59468,12312,SOFTWARE STRATEGY LIMITED,SOFTWARE STATEMENTS LIMITED,,,,,,,,,,,,,,,,
59498,59498,16457,Atlantia SpA,Atlantia,,,,,,,,,,,,,,,,
59500,59500,20903,Cachet Pharmaceuticals,Cachet Pharmaceutical Co Ltd,,,,,,,,,,,,,,,,
59506,59506,51376,"Kailuan Energy Chemical Co.,Ltd.",Kailuan Energy Chemical,,,,,,,,,,,,,,,,
59508,59508,43605,Savills plc,Savills Plc,,,,,,,,,,,,,,,,
59511,59511,50558,Marshalls plc,Marshalls,,,,,,,,,,,,,,,,
59527,59527,22771,Q ASSOCIATES SERVICES LIMITED,Q ASSOCIATES LIMITED,,,,,,,,,,,,,,,,
59530,59530,20700,Shanghai Electric Power Company Ltd,Shanghai Electric Power Company,,,,,,,,,,,,,,,,
59560,59560,31391,Alm. Brand A/s,Alm. Brand,,,,,,,,,,,,,,,,
59569,59569,21622,Nankai Electric Railway Co. Ltd,Nankai Electric Railway Co Ltd,,,,,,,,,,,,,,,,
59592,59592,50406,China Eastern Airlines Corp Ltd,China Eastern Airlines,,,,,,,,,,,,,,,,
59600,59600,2872,Lamar Advertising Company (REIT),Lamar Advertising Co,,,,,,,,,,,,,,,,
59616,59616,34570,Zhongsheng Group Holdings Ltd,Zhongsheng Group Holdings,,,,,,,,,,,,,,,,
59617,59617,17153,PALANTIR TECHNOLOGIES INC.,PALANTIR TECHNOLOGIES HOLDINGS LLC,,,,,,,,,,,,,,,,
59625,59625,75,Kelly Services Inc,Kelly Services,,,,,,,,,,,,,,,,
59629,59629,36357,T & A TRADERS LIMITED,T & A TRADELINE LTD,,,,,,,,,,,,,,,,
59644,59644,22956,Core Laboratories N.V.,Core Laboratories,,,,,,,,,,,,,,,,
59645,59645,58519,Kinden Corporation,Kinden Corp,,,,,,,,,,,,,,,,
59647,59647,20747,Valneva Se,Valneva SE,,,,,,,,,,,,,,,,
59650,59650,57056,Suncor Energy Inc.,Suncor Energy Inc,,,,,,,,,,,,,,,,
59651,59651,35596,Winall Hi-tech Seed Co. Ltd,Winall Hi-tech Seed,,,,,,,,,,,,,,,,
59653,59653,373,iEnergizer Limited,iEnergizer,,,,,,,,,,,,,,,,
59661,59661,733,"TriNet Group, Inc.",TriNet Group Inc,,,,,,,,,,,,,,,,
59669,59669,50106,Shanghai Electric Group Company,Shanghai Electric Group Co Ltd,,,,,,,,,,,,,,,,
59671,59671,53644,Chongqing Brewery Co. Ltd,Chongqing Brewery,,,,,,,,,,,,,,,,
59707,59707,15164,Winnebago Industries Inc,Winnebago Industries,,,,,,,,,,,,,,,,
59713,59713,53587,Celerity,Celeritas,,,,,,,,,,,,,,,,
59719,59719,44819,"Hubei Dinglong CO.,Ltd.",Hubei Dinglong,,,,,,,,,,,,,,,,
59720,59720,18815,Aurizon Holdings Ltd,Aurizon Holdings Limited,,,,,,,,,,,,,,,,
59728,59728,36187,Ipsos SA,Ipsos,,,,,,,,,,,,,,,,
59733,59733,49483,China Grand Automotive Services Group Co. Ltd,China Grand Automotive Services Group Co Ltd,,,,,,,,,,,,,,,,
59738,59738,31452,North China Pharmaceutical Company Ltd,North China Pharmaceutical Co Ltd,,,,,,,,,,,,,,,,
59742,59742,38281,4imprint Group plc,4imprint Group,,,,,,,,,,,,,,,,
59744,59744,17939,Pt Bank Rakyat Indonesia Agroniaga Tbk,Pt Bank Rakyat Indonesia (persero) Tbk,,,,,,,,,,,,,,,,
59745,59745,32,"Jiangsu Goodwe Power Supply Technology Co.,Ltd.","Jiangsu Goodwe Power Supply Technology Co., Ltd",,,,,,,,,,,,,,,,
59747,59747,7776,Farglory Land Development Co Ltd,Farglory Land Development,,,,,,,,,,,,,,,,
59755,59755,8183,FOOD DIRECTION LTD,FOOD DIRECT YORK LIMITED,,,,,,,,,,,,,,,,
59770,59770,23883,Marathon Oil Corporation,Marathon Oil Corp,,,,,,,,,,,,,,,,
59777,59777,2516,Companhia Energetica de Brasilia - CEB,Companhia Energetica De Minas Gerais,,,,,,,,,,,,,,,,
59780,59780,49543,Palfinger AG,Palfinger,,,,,,,,,,,,,,,,
59786,59786,50241,BAD GIRL BARRE LIMITED,BAD GIRL BAKERY LTD,,,,,,,,,,,,,,,,
59803,59803,36689,Puma Se,Puma SE,,,,,,,,,,,,,,,,
59814,59814,37330,EISLER CAPITAL (TS) LTD,EISLER CAPITAL (HC) LTD,,,,,,,,,,,,,,,,
59817,59817,4502,East West Bancorp Inc,East West Bancorp,,,,,,,,,,,,,,,,
59818,59818,13391,TFF Group,TF1 Group,,,,,,,,,,,,,,,,
59824,59824,35903,Summerset Group Holdings Limited,Summerset Group Holdings,,,,,,,,,,,,,,,,
59830,59830,16110,Dassault Systemes SE,Dassault Systemes,,,,,,,,,,,,,,,,
59843,59843,39912,Banca Generali SpA,Banca Generali S.p.A.,,,,,,,,,,,,,,,,
59845,59845,3210,China Lesso Group Holdings Ltd,China Lesso Group Holdings,,,,,,,,,,,,,,,,
59851,59851,40023,Taiyo Yuden Co. Ltd,Taiyo Yuden Co Ltd,,,,,,,,,,,,,,,,
59853,59853,4781,Sto Express Co Ltd,Sto Express,,,,,,,,,,,,,,,,
59856,59856,45757,"EMCOR Group, Inc.",EMCOR Group Inc,,,,,,,,,,,,,,,,
59860,59860,43591,Bank of Queensland Ltd,Bank of Queensland Limited,,,,,,,,,,,,,,,,
59861,59861,16539,Japan Post Bank Co Ltd,Japan Post Bank,,,,,,,,,,,,,,,,
59864,59864,17797,Aditya Birla Nuvo,Aditya Birla Money,,,,,,,,,,,,,,,,
59869,59869,48589,Expeditors International Of Washington,Expeditors International,,,,,,,,,,,,,,,,
59877,59877,4119,Companhia Paranaense de Energia - COPEL,Companhia Paranaense De Energia - Copel,,,,,,,,,,,,,,,,
59881,59881,56638,Royal Boskalis Westminster N.V.,Royal Boskalis Westminster,,,,,,,,,,,,,,,,
59884,59884,630,Musashi Seimitsu Industry Co. Ltd,Musashi Seimitsu Industry,,,,,,,,,,,,,,,,
59895,59895,47395,Dashenlin Pharmaceutical Group Co Ltd,Dashenlin Pharmaceutical Group,,,,,,,,,,,,,,,,
59904,59904,254,Beiqi Foton Motor Co. Ltd,Beiqi Foton Motor Co Ltd,,,,,,,,,,,,,,,,
59905,59905,34210,Melrose Industries plc,Melrose Industries PLC,,,,,,,,,,,,,,,,
59909,59909,30162,Pepco Group N.v.,Pepco Group N.V.,,,,,,,,,,,,,,,,
59920,59920,18384,Dell Technologies Inc,Dell Technologies,,,,,,,,,,,,,,,,
59932,59932,45948,"Broadridge Financial Solutions, Inc.",Broadridge Financial Solutions Inc,,,,,,,,,,,,,,,,
59936,59936,31536,Yakult Honsha Co Ltd,Yakult Honsha,,,,,,,,,,,,,,,,
59949,59949,25209,Abdullah Al-othaim Markets Company,Abdullah Al-Othaim Markets Company,,,,,,,,,,,,,,,,
59954,59954,50503,Colbun SA,Colbun,,,,,,,,,,,,,,,,
59957,59957,52320,The Bank of New York Mellon Corporation,The Bank of New York Mellon Corp,,,,,,,,,,,,,,,,
59958,59958,25327,P A CREATIVE TECHNICAL LTD,P A CREATIVE LTD,,,,,,,,,,,,,,,,
59978,59978,17061,Hirose Electric Co Ltd,Hirose Electric,,,,,,,,,,,,,,,,
59985,59985,59369,Banco Santander SA,Banco Santander Río SA,,,,,,,,,,,,,,,,
60000,60000,8828,Kenedix Retail Reit Corporation,Kenedix Retail REIT Corp,,,,,,,,,,,,,,,,
60002,60002,33822,Bio-Techne Corporation,Bio-Techne Corp,,,,,,,,,,,,,,,,
60006,60006,24970,"Chongqing Department Store Co.,Ltd.",Chongqing Department Store,,,,,,,,,,,,,,,,
60022,60022,2620,Shenzhen International Holdings Ltd,Shenzhen International Holdings,,,,,,,,,,,,,,,,
60023,60023,44715,Sands China Ltd,Sands China,,,,,,,,,,,,,,,,
60024,60024,30802,FINANCE SOLUTIONS LIMITED,FINANCE SOLUTIONS JACEK LIMITED,,,,,,,,,,,,,,,,
60031,60031,37232,Tempur Sealy International Inc,Tempur Sealy International,,,,,,,,,,,,,,,,
60032,60032,43118,Joincare Pharmaceutical Group Industry Co Ltd,Joincare Pharmaceutical Group Industry,,,,,,,,,,,,,,,,
60033,60033,12501,Aluminum Corporation Of China,Aluminum Corp of China,,,,,,,,,,,,,,,,
60034,60034,19805,Mitsui Mining & Smelting Co. Ltd,Mitsui Mining & Smelting Co Ltd,,,,,,,,,,,,,,,,
60040,60040,47441,SOFTWARE SURGERY LIMITED,SOFTWARE SURF LTD,,,,,,,,,,,,,,,,
