id,left_row_index,right_row_index,left_name_company,right_name_company,left_industryname,right_industryname,left_sector,right_sector,left_address,right_address,left_city,right_city,left_state,right_state,left_country,right_country,left_continent,right_continent,left_other,right_other
823,823,76,Conseqta Careers,Consolidated Communications Holdings Inc,,,,,,,,,,,,,,,www.conseqta.com,www.consolidated.com
1023,1023,768,Stride Inc,Strike Careers,,,,,,,,,,,,,,,www.stridelearning.com,www.strikeusa.com
1965,1965,305,Deutsche Grundstuecksauktionen AG,Deutsche Pfandbriefbank AG,,,,,,,,,,,,,,,https://disfold.com/company/deutsche-grundstuecksauktionen-ag/,https://disfold.com/company/deutsche-pfandbriefbank-ag/
2220,2220,1814,Envictus International Holdings Ltd,Envipco Holding N.V.,,,,,,,,,,,,,,,https://disfold.com/company/envictus-international-holdings-ltd/,https://disfold.com/company/envipco-holding-nv/
2294,2294,880,Mondi plc,Mondo TV S.p.A.,,,,,,,,,,,,,,,https://disfold.com/company/mondi-plc/,https://disfold.com/company/mondo-tv-spa/
2299,2299,2112,Dollar General Corp,Dollar Tree Inc,,,,,,,,,,,,,,,www.dollargeneral.com,www.dollartree.com
2399,2399,1272,Farglory Land Development Co Ltd,Farglory Life Insurance Co. Ltd,,,,,,,,,,,,,,,www.farglory-land.com.tw,https://disfold.com/company/farglory-life-insurance-co-ltd/
2416,2416,179,PT Pratama Abadi Nusa Industri Tbk,PT Prima Cakrawala Abadi Tbk,,,,,,,,,,,,,,,https://disfold.com/company/pt-pratama-abadi-nusa-industri-tbk/,https://disfold.com/company/pt-prima-cakrawala-abadi-tbk/
2599,2599,388,Rolling Arrays Consulting,Rollins Inc,,,,,,,,,,,,,,,https://www.rollingarrays.com/,www.rollins.com
2694,2694,1417,Longboat Clinical,Longchen Paper & Packaging Co Ltd,,,,,,,,,,,,,,,https://www.longboat.com,www.longchenpaper.com
2742,2742,80,Teladoc Health Inc,TelcoSwitch Group,,,,,,,,,,,,,,,www.teladochealth.com,https://telcoswitch.com/
2994,2994,1530,H&M Careers,H&R Block Inc,,,,,,,,,,,,,,,www.hm.com,www.hrblock.com
2995,2995,382,Dahua Technology Co Ltd,Dai-ichi Life Holdings Inc,,,,,,,,,,,,,,,www.dahuatech.com,www.dai-ichi-life-hd.com
3035,3035,2420,Dana Inc,Danaher Corp,,,,,,,,,,,,,,,www.dana.com,www.danaher.com
3289,3289,798,Stiltz,Stiltz Lifts,,,,,,,,,,,,,,,https://www.stiltz.co.uk/,https://www.stiltz.co.uk
3295,3295,2895,Cast Group Unipersonale,Casta Diva Group S.p.A.,,,,,,,,,,,,,,,https://www.cast-group.it,https://disfold.com/company/casta-diva-group-spa/
3370,3370,254,Zur Rose Group AG,Zurich Insurance Group AG,,,,,,,,,,,,,,,https://disfold.com/company/zur-rose-group-ag/,https://disfold.com/company/zurich-insurance-group-ag/
3542,3542,98,American Pacific Borates Limited,American Rare Earths Limited,,,,,,,,,,,,,,,https://disfold.com/company/american-pacific-borates-limited/,https://disfold.com/company/american-rare-earths-limited/
3565,3565,657,Five Motors,Fiverr Careers,,,,,,,,,,,,,,,https://www.fivemotors.it,fiverr
3615,3615,1403,Columbia Bank Careers,Columbia Sportswear Company,,,,,,,,,,,,,,,www.columbiabank.com,https://disfold.com/company/columbia-sportswear-company/
3644,3644,3441,Far East Group Ltd,Far East Hospitality Trust,,,,,,,,,,,,,,,https://disfold.com/company/far-east-group-ltd/,https://disfold.com/company/far-east-hospitality-trust/
3688,3688,1367,Accent Group Limited,Accenture Plc,,,,,,,,,,,,,,,https://disfold.com/company/accent-group-limited/,www.accenture.com
3854,3854,3158,Medion AG,Medios AG,,,,,,,,,,,,,,,https://disfold.com/company/medion-ag/,https://disfold.com/company/medios-ag/
4020,4020,1368,Sygnia Ltd,Sylogist Ltd,,,,,,,,,,,,,,,https://disfold.com/company/sygnia-ltd/,https://disfold.com/company/sylogist-ltd/
4065,4065,1566,Advancer Global Ltd,Advantage Energy Ltd,,,,,,,,,,,,,,,https://disfold.com/company/advancer-global-ltd/,https://disfold.com/company/advantage-energy-ltd/
4258,4258,3132,Performance Food Group Co,Performance54,,,,,,,,,,,,,,,www.pfgc.com,http://www.performance54.com
4303,4303,454,Godrej Industries Ltd,GoerTek Inc,,,,,,,,,,,,,,,www.godrejindustries.com,www.goertek.com
4501,4501,3283,Santos Ltd,Santé Formapro,,,,,,,,,,,,,,,www.santos.com,https://www.santeformapro.com
4626,4626,1990,DGB Group N.V.,DGL Group Ltd,,,,,,,,,,,,,,,https://disfold.com/company/dgb-group-nv/,https://disfold.com/company/dgl-group-ltd/
4665,4665,1913,CSHG Real Estate - Fundo de Investimento Imobiliario - FII,CSHG Renda Urbana Fundo Investimento Imobilirio - FII,,,,,,,,,,,,,,,https://disfold.com/company/cshg-real-estate-fundo-de-investimento-imobiliario-fii/,https://disfold.com/company/cshg-renda-urbana-fundo-investimento-imobilirio-fii/
4669,4669,2455,Toshiba Tec Corp,Tosoh Corp,,,,,,,,,,,,,,,https://disfold.com/company/toshiba-tec-corp/,https://disfold.com/company/tosoh-corp/
4759,4759,4486,Ichor Holdings Ltd,Icon Key,,,,,,,,,,,,,,,www.ichorsystems.com,https://www.icon-key.com
4766,4766,2513,"Advanced Drainage Systems, Inc.",Advanced Energy Solution Holding Co. Ltd,,,,,,,,,,,,,,,https://disfold.com/company/advanced-drainage-systems-inc/,https://disfold.com/company/advanced-energy-solution-holding-co-ltd/
4777,4777,4269,"Transcom, Inc.",Transcontinental Inc.,,,,,,,,,,,,,,,https://disfold.com/company/transcom-inc/,https://disfold.com/company/transcontinental-inc/
4860,4860,1047,Teledyne Technologies Inc,Teleflex Inc,,,,,,,,,,,,,,,www.teledyne.com,www.teleflex.com
4893,4893,1079,TeamViewer Careers,Teamtailor,,,,,,,,,,,,,,,www.teamviewer.com,https://www.teamtailor.com
4959,4959,1998,Entain PLC,Entegris Inc,,,,,,,,,,,,,,,entaingroup.com,www.entegris.com
4976,4976,1508,Chart Industries Inc,Charter Communications,,,,,,,,,,,,,,,www.chartindustries.com,https://disfold.com/company/charter-communications-inc/
5022,5022,3340,The Goodyear Tire & Rubber Co,The Greenbrier Companies Inc,,,,,,,,,,,,,,,www.goodyear.com,www.gbrx.com
5032,5032,644,"American National Group, Inc","American Oil & Gas, Inc.",,,,,,,,,,,,,,,www.americannational.com/wps/portal,https://disfold.com/company/american-oil-gas-inc/
5168,5168,2053,CloudBees Careers,CloudKaptan,,,,,,,,,,,,,,,www.cloudbees.com,https://cloudkaptan.com/
5185,5185,1434,Triumph Group Inc,Triva Group,,,,,,,,,,,,,,,www.triumphgroup.com,https://www.trivagroup.com
5289,5289,126,Banco Inter SA,Banco Macro SA,,,,,,,,,,,,,,,https://disfold.com/company/banco-inter-sa/,https://disfold.com/company/banco-macro-sa/
5395,5395,599,Wingtech Technology Co Ltd,Winnebago Industries Inc,,,,,,,,,,,,,,,www.wingtech.com,winnebagoind.com
5436,5436,1539,Marathon Gold Corporation,Marathon Oil Corporation,,,,,,,,,,,,,,,https://disfold.com/company/marathon-gold-corporation/,https://disfold.com/company/marathon-oil-corporation/
5461,5461,1450,Asia Plus Group Holdings Public Company Ltd,Asia Precision Public Company Ltd,,,,,,,,,,,,,,,https://disfold.com/company/asia-plus-group-holdings-public-company-ltd/,https://disfold.com/company/asia-precision-public-company-ltd/
5554,5554,3126,Terex Corp,Terminix Global Holdings Inc,,,,,,,,,,,,,,,www.terex.com,www.terminix.com
5660,5660,4237,Banco BPM,Banco BTG Pactual SA,,,,,,,,,,,,,,,https://disfold.com/company/banco-bpm-spa/,https://disfold.com/company/banco-btg-pactual-sa/
5807,5807,4368,Central Glass Co. Ltd,Central Japan Railway Co,,,,,,,,,,,,,,,https://disfold.com/company/central-glass-co-ltd/,https://disfold.com/company/central-japan-railway-co/
5817,5817,4555,Coda Minerals Limited,Codan Limited,,,,,,,,,,,,,,,https://disfold.com/company/coda-minerals-limited/,https://disfold.com/company/codan-limited/
5854,5854,4704,Galaxy Resources Limited,Gale Pacific Limited,,,,,,,,,,,,,,,https://disfold.com/company/galaxy-resources-limited/,https://disfold.com/company/gale-pacific-limited/
5896,5896,3836,Tokyo Gas Co Ltd,Tokyo Ohka Kogyo Co Ltd,,,,,,,,,,,,,,,www.tokyo-gas.co.jp,www.tok.co.jp
6025,6025,3927,Total Tiles,Total Wine & More Careers,,,,,,,,,,,,,,,https://totaltiles.co.uk/,www.totalwine.com
6040,6040,3418,The Kraft Heinz Co,The Kraft Heinz Company Careers,,,,,,,,,,,,,,,www.kraftheinzcompany.com,www.kraftheinzcompany.com
6062,6062,570,Vialterra Infraestructuras,Viaréno,,,,,,,,,,,,,,,http://vialterra.com/,https://www.viareno.com/
6070,6070,5620,CSX Corp,CShark,,,,,,,,,,,,,,,www.csx.com,https://cshark.com/
6132,6132,1478,PRA Health Sciences Inc,PRADA SpA,,,,,,,,,,,,,,,www.prahs.com,www.prada.com/it/it
6214,6214,4414,Deeper,Deere & Co,,,,,,,,,,,,,,,https://www.deepersonar.com,www.deere.com
6239,6239,6016,Investment AB Oresund,Investor AB,,,,,,,,,,,,,,,https://disfold.com/company/investment-ab-oresund/,https://disfold.com/company/investor-ab/
6249,6249,5882,Tupperware Brands Corp,Turbine Labs Careers,,,,,,,,,,,,,,,www.tupperwarebrands.com,www.turbinelabs.com
6463,6463,2525,Hyperconnect,Hyperoptic,,,,,,,,,,,,,,,https://hyperconnect.com/ko/,https://www.hyperoptic.com
6515,6515,2637,Chip Hope Co. Ltd,Chipbond Technology Corp,,,,,,,,,,,,,,,https://disfold.com/company/chip-hope-co-ltd/,https://disfold.com/company/chipbond-technology-corp/
6530,6530,5935,Groupe Hiolle Industries,Groupe IRD,,,,,,,,,,,,,,,https://disfold.com/company/groupe-hiolle-industries/,https://disfold.com/company/groupe-ird/
6622,6622,3881,Ratch Group Public Company Ltd,Ratchthani Leasing Public Company Ltd,,,,,,,,,,,,,,,https://disfold.com/company/ratch-group-public-company-ltd/,https://disfold.com/company/ratchthani-leasing-public-company-ltd/
6678,6678,4137,Genmab AS,Genoke Trading,,,,,,,,,,,,,,,www.genmab.com,https://www.genoke.com
6888,6888,5694,Beijing Compass Technology Development Co. Ltd,"Beijing Dahao Technology Corp,Ltd",,,,,,,,,,,,,,,https://disfold.com/company/beijing-compass-technology-development-co-ltd/,https://disfold.com/company/beijing-dahao-technology-corpltd/
6905,6905,5235,Taiwan Glass Ind. Corp,Taiwan High Speed Rail Corp,,,,,,,,,,,,,,,https://disfold.com/company/taiwan-glass-ind-corp/,https://disfold.com/company/taiwan-high-speed-rail-corp/
6993,6993,1722,Sofidys,Soft & Cloud,,,,,,,,,,,,,,,https://www.sofidys.com,https://www.softandcloud.com
7148,7148,5877,Enel Distribucion Chile SA,Enel Generación Chile SA,,,,,,,,,,,,,,,https://disfold.com/company/enel-distribucion-chile-sa/,https://disfold.com/company/enel-generacion-chile-sa/
7212,7212,1411,360 Capital Digital Infrastructure Fund,360 Capital REIT,,,,,,,,,,,,,,,https://disfold.com/company/360-capital-digital-infrastructure-fund/,https://disfold.com/company/360-capital-reit/
7222,7222,3768,SourceBreaker,Sourcebreaker,,,,,,,,,,,,,,,https://www.sourcebreaker.com/,https://www.sourcebreaker.com
7243,7243,2804,Hill & Smith Holdings plc,"Hill-Rom Holdings, Inc.",,,,,,,,,,,,,,,https://disfold.com/company/hill-smith-holdings-plc/,https://disfold.com/company/hill-rom-holdings-inc/
7245,7245,4759,"Ichikoh Industries, Ltd.",Ichor Holdings Ltd,,,,,,,,,,,,,,,www.ichikoh.com,www.ichorsystems.com
7315,7315,3674,Hillenbrand Inc,Hillrom Careers,,,,,,,,,,,,,,,www.hillenbrand.com,www.hillrom.com
7365,7365,4651,Nuffield Dental Holdings,Nuiteq,,,,,,,,,,,,,,,https://www.nuffielddental.com.sg/,https://www.nuiteq.com/
7402,7402,2191,PT Citatah Tbk,PT Citra Putra Realty Tbk,,,,,,,,,,,,,,,https://disfold.com/company/pt-citatah-tbk/,https://disfold.com/company/pt-citra-putra-realty-tbk/
7420,7420,2935,Banco Modal SA,Banco Patagonia SA,,,,,,,,,,,,,,,https://disfold.com/company/banco-modal-sa/,https://disfold.com/company/banco-patagonia-sa/
7428,7428,6968,Seafco Public Company Ltd,Seafresh Industry Public Company Ltd,,,,,,,,,,,,,,,https://disfold.com/company/seafco-public-company-ltd/,https://disfold.com/company/seafresh-industry-public-company-ltd/
7480,7480,813,General Mills Inc,General Motors Co,,,,,,,,,,,,,,,www.generalmills.com,www.gm.com
7520,7520,7518,Parcel Compare,ParcelLab,,,,,,,,,,,,,,,https://parcelcompare.com/,https://parcellab.com
7560,7560,3466,Mitsubishi Electric Corp,Mitsubishi Estate Co Ltd,,,,,,,,,,,,,,,www.mitsubishielectric.co.jp,www.mec.co.jp
7579,7579,3140,"Corporativo Fragua, S.A.B. de C.V.","Corpovael, S.A.B. de C.V.",,,,,,,,,,,,,,,https://disfold.com/company/corporativo-fragua-sab-de-cv/,https://disfold.com/company/corpovael-sab-de-cv/
7679,7679,2207,Akbank TAS,Akebono Brake Industry Co Ltd,,,,,,,,,,,,,,,www.akbank.com,www.akebono-brake.com
7690,7690,1364,Nexon,Nexon Co Ltd,,,,,,,,,,,,,,,http://company.nexon.co.jp/,company.nexon.co.jp
7718,7718,3372,Universal Electronics Careers,Universal Health Services Inc,,,,,,,,,,,,,,,www.uei.com,www.uhs.com
7748,7748,3357,Quicklink Solutions,Quid Careers,,,,,,,,,,,,,,,https://www.qlsol.com/,www.quid.com
7778,7778,2299,Dolby Laboratories Inc,Dollar General Corp,,,,,,,,,,,,,,,www.dolby.com,www.dollargeneral.com
7829,7829,6024,Singapore O&G Ltd,Singapore Post Ltd,,,,,,,,,,,,,,,https://disfold.com/company/singapore-og-ltd/,https://disfold.com/company/singapore-post-ltd/
7843,7843,6614,Global Payments Inc,Global Perspectives,,,,,,,,,,,,,,,www.globalpayments.com,https://global-perspectives.com/
7886,7886,5042,Carter's Inc,Carvana Co,,,,,,,,,,,,,,,www.carters.com,www.carvana.com
7899,7899,238,"Beijing United Information Technology Co.,Ltd.",Beijing Urban Construction Investment & Development Co. Ltd,,,,,,,,,,,,,,,https://disfold.com/company/beijing-united-information-technology-coltd/,https://disfold.com/company/beijing-urban-construction-investment-development-co-ltd/
7909,7909,1018,Man Buildings,Man Group Plc,,,,,,,,,,,,,,,https://www.manbuildings.com,www.man.com
7939,7939,4837,Guangzhou Port Company Ltd,Guangzhou Restaurant Group Company Ltd,,,,,,,,,,,,,,,https://disfold.com/company/guangzhou-port-company-ltd/,https://disfold.com/company/guangzhou-restaurant-group-company-ltd/
8014,8014,551,Premier Products Public Company Ltd,Premier Technology Public Company Ltd,,,,,,,,,,,,,,,https://disfold.com/company/premier-products-public-company-ltd/,https://disfold.com/company/premier-technology-public-company-ltd/
8018,8018,4357,Lendable,Lending Works,,,,,,,,,,,,,,,https://www.lendable.co.uk/,https://www.lendingworks.co.uk
8102,8102,6920,Aeon Delight Co. Ltd,Aeon Kyushu Co. Ltd,,,,,,,,,,,,,,,https://disfold.com/company/aeon-delight-co-ltd/,https://disfold.com/company/aeon-kyushu-co-ltd/
8159,8159,6742,Tata Consumer Products Ltd,Tata Motors Ltd,,,,,,,,,,,,,,,www.tataconsumer.com,www.tatamotors.com
8163,8163,6588,First Resources Ltd,First Ship Lease Trust,,,,,,,,,,,,,,,https://disfold.com/company/first-resources-ltd/,https://disfold.com/company/first-ship-lease-trust/
8236,8236,8151,"Test Rite International Co., Ltd.",TestEquity Careers,,,,,,,,,,,,,,,www.testritegroup.com,www.testequity.com
8238,8238,3603,TheMathCompany,Thenpandian,,,,,,,,,,,,,,,https://themathcompany.com/,https://www.thenpandian.com/
8405,8405,3684,Enterprise Holdings Inc,Enterprise Products Partners LP,,,,,,,,,,,,,,,www.enterpriseholdings.com,www.enterpriseproducts.com
8410,8410,5574,Gruma SAB de CV,Grup Montaner,,,,,,,,,,,,,,,www.gruma.com,https://www.grupmontaner.com
8470,8470,7839,Nomura Careers,Nomura Holdings Inc,,,,,,,,,,,,,,,www.nomura.com,www.nomuraholdings.com
8484,8484,6836,Empire Energy Group Limited,Empired Limited,,,,,,,,,,,,,,,https://disfold.com/company/empire-energy-group-limited/,https://disfold.com/company/empired-limited/
8496,8496,5760,Teradyne Inc,Terakeet Careers,,,,,,,,,,,,,,,www.teradyne.com,www.terakeet.com
8531,8531,705,Intertape Polymer Group Inc,Intertek Group Plc,,,,,,,,,,,,,,,www.itape.com,www.intertek.com
8556,8556,5916,Global Marketing,Global Medical Response Careers,,,,,,,,,,,,,,,https://www.globalmarketingsrl.com,www.globalmedicalresponse.com
8557,8557,2658,Applicad Public Company Ltd,Applied Industrial Technologies Inc,,,,,,,,,,,,,,,https://disfold.com/company/applicad-public-company-ltd/,www.applied.com
8650,8650,923,Çemtas Çelik Makina Sanayi ve Ticaret A.S.,Çimsa Çimento Sanayi ve Ticaret A.S.,,,,,,,,,,,,,,,https://disfold.com/company/cemtas-celik-makina-sanayi-ve-ticaret-as/,https://disfold.com/company/cimsa-cimento-sanayi-ve-ticaret-as/
8685,8685,7365,Nufarm Ltd,Nuffield Dental Holdings,,,,,,,,,,,,,,,www.nufarm.com,https://www.nuffielddental.com.sg/
8697,8697,3213,Marel hf,Marfreight,,,,,,,,,,,,,,,marel.com,https://www.marfreight.com
8705,8705,7996,Tesoro Resources Limited,Tesserent Limited,,,,,,,,,,,,,,,https://disfold.com/company/tesoro-resources-limited/,https://disfold.com/company/tesserent-limited/
8737,8737,1788,Sumitomo Metal Mining Co Ltd,Sumitomo Mitsui Construction Co Ltd,,,,,,,,,,,,,,,www.smm.co.jp,www.smcon.co.jp
8752,8752,6282,SANGACIO JAPAN,SAP SE,,,,,,,,,,,,,,,https://via.sangacio.com/,www.sap.com
8800,8800,1226,Nippon Kayaku Co Ltd,Nippon Koei Co Ltd,,,,,,,,,,,,,,,www.nipponkayaku.co.jp,www.n-koei.co.jp
8816,8816,5659,Arte E Passione,Artea,,,,,,,,,,,,,,,https://www.artepassioneristorazione.it,https://disfold.com/company/artea/
8835,8835,7923,Agricodem,Agriconomie,,,,,,,,,,,,,,,https://www.agricodem.it/,https://www.agriconomie.com/
8846,8846,5261,China SCE Group Holdings Ltd,China Shenhua Energy Co Ltd,,,,,,,,,,,,,,,www.sce-re.com,www.csec.com
8863,8863,1041,"Alpha Cognition, Inc.",Alpha FX Group,,,,,,,,,,,,,,,https://disfold.com/company/alpha-cognition-inc/,https://www.alphafx.co.uk/
8921,8921,6342,Fruitas Holdings,Fruugo.Com,,,,,,,,,,,,,,,https://fruitasholdings.com/,https://www.fruugo.com
8946,8946,8496,Teradata Corp,Teradyne Inc,,,,,,,,,,,,,,,www.teradata.com,www.teradyne.com
8955,8955,8798,Pilgrim's Pride Corporation,Pilot Corp,,,,,,,,,,,,,,,https://disfold.com/company/pilgrim-s-pride-corporation/,https://disfold.com/company/pilot-corp/
8999,8999,3869,China Energy Development Holdings Ltd,China Enterprise Company Ltd,,,,,,,,,,,,,,,https://disfold.com/company/china-energy-development-holdings-ltd/,https://disfold.com/company/china-enterprise-company-ltd/
9053,9053,6148,Thai Wacoal Public Company Ltd,Thai Wire Products Public Company Ltd,,,,,,,,,,,,,,,https://disfold.com/company/thai-wacoal-public-company-ltd/,https://disfold.com/company/thai-wire-products-public-company-ltd/
9077,9077,5988,Capita Plc,CapitaLand China Trust,,,,,,,,,,,,,,,www.capita.com,https://disfold.com/company/capitaland-china-trust/
9111,9111,1664,LONGi Green Energy Technology Co Ltd,LOTTE Fine Chemical Co Ltd,,,,,,,,,,,,,,,www.longi.com,www.lottefinechem.com
9177,9177,8348,Merit Medical Systems Inc,Meritage Homes Corporation,,,,,,,,,,,,,,,www.merit.com,www.meritagehomes.com
9194,9194,4807,Semantive,Semarah Hotel Management,,,,,,,,,,,,,,,https://semantive.com,https://www.semarahhotels.com/
9267,9267,3037,Zelis Careers,Zemoso,,,,,,,,,,,,,,,www.zelis.com,https://www.zemosolabs.com/
9307,9307,8234,Navico Careers,Navient Corp,,,,,,,,,,,,,,,navico.com,www.navient.com
9325,9325,5478,Chemtrade Logistics Income Fund,Chenavari Toro Income Fund Ltd,,,,,,,,,,,,,,,https://disfold.com/company/chemtrade-logistics-income-fund/,https://disfold.com/company/chenavari-toro-income-fund-ltd/
9372,9372,6643,Alaska Air Group Inc,Alaska Airlines Careers,,,,,,,,,,,,,,,investor.alaskaair.com,www.alaskaair.com
9381,9381,4197,Canadian Natural Resources Limited,Canadian Overseas Petroleum Limited,,,,,,,,,,,,,,,https://disfold.com/company/canadian-natural-resources-limited/,https://disfold.com/company/canadian-overseas-petroleum-limited/
9427,9427,6855,Koninklijke KPN NV,Koninklijke Philips NV,,,,,,,,,,,,,,,www.kpn.com,www.philips.com
9439,9439,486,Federal International,Federal Realty Investment Trust,,,,,,,,,,,,,,,https://disfold.com/company/federal-international/,https://disfold.com/company/federal-realty-investment-trust/
9478,9478,6063,PT Multi Indocitra Tbk,PT Multifiling Mitra Indonesia Tbk,,,,,,,,,,,,,,,https://disfold.com/company/pt-multi-indocitra-tbk/,https://disfold.com/company/pt-multifiling-mitra-indonesia-tbk/
9503,9503,7453,SuperAwesome,SuperOx Japan,,,,,,,,,,,,,,,https://www.superawesome.com/,http://www.superoxjapan.com/
9506,9506,1438,Zhejiang Hisun Pharmaceutical Co Ltd,Zhejiang Huahai Pharmaceutical Co Ltd,,,,,,,,,,,,,,,www.hisunpharm.com,www.huahaipharm.com
9566,9566,8410,Grubhub Careers,Gruma SAB de CV,,,,,,,,,,,,,,,www.grubhub.com,www.gruma.com
9567,9567,3378,PT Asuransi Jiwa Sinarmas MSIG Tbk,PT Asuransi Kresna Mitra Tbk,,,,,,,,,,,,,,,https://disfold.com/company/pt-asuransi-jiwa-sinarmas-msig-tbk/,https://disfold.com/company/pt-asuransi-kresna-mitra-tbk/
9603,9603,5172,AutoNation Inc,AutoZone Inc,,,,,,,,,,,,,,,www.autonation.com,www.autozone.com
9631,9631,2338,PartnerRe Ltd.,Partners,,,,,,,,,,,,,,,partnerre.com,https://www.partners-re.co.jp/
9640,9640,5769,Schneider National Inc,Scholastic Careers,,,,,,,,,,,,,,,schneider.com,www.scholastic.com
9663,9663,293,Fresh Del Monte Produce Inc,Freshfields Bruckhaus Deringer LLP,,,,,,,,,,,,,,,www.freshdelmonte.com,www.freshfields.com
9689,9689,5460,"Advanced Microelectronic Products, Inc.",Advanced Petrochemical Company,,,,,,,,,,,,,,,https://disfold.com/company/advanced-microelectronic-products-inc/,https://disfold.com/company/advanced-petrochemical-company/
9748,9748,8081,LP3 Careers,LPL Financial Holdings Inc,,,,,,,,,,,,,,,www.lp3.com,lplfinancial.lpl.com
9749,9749,9546,Golden Ponder Holdings Ltd,Golden Resorts Group Ltd,,,,,,,,,,,,,,,https://disfold.com/company/golden-ponder-holdings-ltd/,https://disfold.com/company/golden-resorts-group-ltd/
9764,9764,5651,MG Export,MG Project,,,,,,,,,,,,,,,https://www.mgexportsrl.com,https://www.mg-project.com/
9808,9808,296,Invibes Advertising,Invibes advertising,,,,,,,,,,,,,,,https://www.invibes.com,https://www.invibes.com/
9853,9853,808,CloudAcademy Careers,CloudCall,,,,,,,,,,,,,,,cloudacademy.com,https://www.cloudcall.com
9860,9860,8548,Zenlist Careers,Zenoti Careers,,,,,,,,,,,,,,,zenlist.com,www.zenoti.com
9862,9862,4781,Apollo Pipes Ltd,Apollo Sindoori Hotels Ltd,,,,,,,,,,,,,,,https://disfold.com/company/apollo-pipes-ltd/,https://disfold.com/company/apollo-sindoori-hotels-ltd/
9918,9918,3452,Genesis Energy LP,Genesis Energy Ltd,,,,,,,,,,,,,,,www.genesisenergy.com,www.genesisenergy.co.nz
9932,9932,5771,Leclanché SA,Lectra SA,,,,,,,,,,,,,,,https://disfold.com/company/leclanche-sa/,https://disfold.com/company/lectra-sa/
9990,9990,2312,Polar Capital Global Financials Trust,Polar Capital Holdings plc,,,,,,,,,,,,,,,https://disfold.com/company/polar-capital-global-financials-trust/,https://disfold.com/company/polar-capital-holdings-plc/
10025,10025,2563,Lennox International Inc,Lenovo Careers,,,,,,,,,,,,,,,www.lennoxinternational.com,www.lenovo.com
10065,10065,1839,Sunrun Inc,Sunseap Group,,,,,,,,,,,,,,,www.sunrun.com,https://www.sunseap.com/
10183,10183,1802,GC Corp,GCC SAB de CV,,,,,,,,,,,,,,,www.greencross.com,www.gcc.com
10190,10190,2372,China Smarter Energy Group Holdings Ltd,China South City Holdings Ltd,,,,,,,,,,,,,,,https://disfold.com/company/china-smarter-energy-group-holdings-ltd/,https://disfold.com/company/china-south-city-holdings-ltd/
10219,10219,6472,Murata Manufacturing Co Ltd,Muroexe Industries,,,,,,,,,,,,,,,www.murata.com,https://www.muroexe.com
10308,10308,5076,Bangkok Post Public Company Ltd,Bangkok Sheet Metal Public Company Ltd,,,,,,,,,,,,,,,https://disfold.com/company/bangkok-post-public-company-ltd/,https://disfold.com/company/bangkok-sheet-metal-public-company-ltd/
10359,10359,1588,Bank of Shanghai Co. Ltd,"Bank of Xi'an Co.,Ltd.",,,,,,,,,,,,,,,https://disfold.com/company/bank-of-shanghai-co-ltd/,https://disfold.com/company/bank-of-xian-coltd/
10375,10375,5050,Fubon Financial Holding Co Ltd,Fuchs Petrolub SE,,,,,,,,,,,,,,,www.fubon.com,www.fuchs.com
10378,10378,3152,Mida Leasing Public Company Ltd,Middle East Healthcare Company,,,,,,,,,,,,,,,https://disfold.com/company/mida-leasing-public-company-ltd/,https://disfold.com/company/middle-east-healthcare-company/
10384,10384,9654,"Public Joint Stock Company ""ROSSETI South""","Public Joint Stock Company ""Sakhalinenergo""",,,,,,,,,,,,,,,https://disfold.com/company/public-joint-stock-company-rosseti-south/,https://disfold.com/company/public-joint-stock-company-sakhalinenergo/
10404,10404,10111,Private Health Management Careers,Privé Technologies,,,,,,,,,,,,,,,www.privatehealth.com,https://www.privetechnologies.com/
10474,10474,6463,Hyper Recruitment Solutions,Hyperconnect,,,,,,,,,,,,,,,https://www.hyperec.com/,https://hyperconnect.com/ko/
10486,10486,7756,Obiz,Obiz Concept SAS,,,,,,,,,,,,,,,https://obiz-concept.fr/,https://disfold.com/company/obiz-concept-sas/
10540,10540,10414,En+ Group plc,EnBW Energie Baden-Wurttemberg AG,,,,,,,,,,,,,,,www.enplusgroup.com,www.enbw.com
10563,10563,5039,Hyundai Card Co Ltd,Hyundai Department Store Co Ltd,,,,,,,,,,,,,,,www.hyundaicard.com,www.ehyundai.com
10572,10572,8393,Beijing Urban Construction Design & Development Group Co Ltd,Beijing Vantone Real Estate Co. Ltd,,,,,,,,,,,,,,,https://disfold.com/company/beijing-urban-construction-design-development-group-co-ltd/,https://disfold.com/company/beijing-vantone-real-estate-co-ltd/
10615,10615,6008,Domalys,Domator24.com,,,,,,,,,,,,,,,https://www.domalys.com,https://www.domator24.com/
10696,10696,9711,Takeuchi Construction,Takeuchi Mfg. Co. Ltd,,,,,,,,,,,,,,,https://www.takeuchi-const.co.jp/,https://disfold.com/company/takeuchi-mfg-co-ltd/
10697,10697,4879,Clean TeQ Holdings Limited,CleanSpace Holdings Limited,,,,,,,,,,,,,,,https://disfold.com/company/clean-teq-holdings-limited/,https://disfold.com/company/cleanspace-holdings-limited/
10715,10715,9310,QNB Finans Finansal Kiralama AS,QNB Finansbank A.S.,,,,,,,,,,,,,,,https://disfold.com/company/qnb-finans-finansal-kiralama-as/,https://disfold.com/company/qnb-finansbank-as/
10748,10748,10308,Bangkok Land Public Company Ltd,Bangkok Post Public Company Ltd,,,,,,,,,,,,,,,https://disfold.com/company/bangkok-land-public-company-ltd/,https://disfold.com/company/bangkok-post-public-company-ltd/
10813,10813,3885,Australian Unity Office Fund,Australian Vintage Ltd,,,,,,,,,,,,,,,https://disfold.com/company/australian-unity-office-fund/,https://disfold.com/company/australian-vintage-ltd/
10836,10836,7368,Amata Corp Public Company Ltd,Amata VN Public Company Ltd,,,,,,,,,,,,,,,https://disfold.com/company/amata-corp-public-company-ltd/,https://disfold.com/company/amata-vn-public-company-ltd/
10857,10857,3558,Movetia Digital,Mowi ASA,,,,,,,,,,,,,,,https://www.movetia.com,mowi.com
10869,10869,976,Podium Advanced Technologies,Podium Engineering,,,,,,,,,,,,,,,https://www.podium-tech.com/,https://www.podium-tech.com
10882,10882,5359,Mason Advisory*,Masonite International Corp,,,,,,,,,,,,,,,https://www.masonadvisory.com,www.masonite.com
10952,10952,7019,Yankuang Group,Yanmar Holdings Co Ltd,,,,,,,,,,,,,,,www.yankuanggroup.com,www.yanmar.com
10980,10980,10857,Mouser Electronics Careers,Movetia Digital,,,,,,,,,,,,,,,www.mouser.com,https://www.movetia.com
11003,11003,5271,The Keiyo Bank Ltd,The Kiyo Bank Ltd,,,,,,,,,,,,,,,https://disfold.com/company/the-keiyo-bank-ltd/,https://disfold.com/company/the-kiyo-bank-ltd/
11056,11056,6728,BlackRock Inc,BlackRock Smaller Companies Trust,,,,,,,,,,,,,,,www.blackrock.com,https://disfold.com/company/blackrock-smaller-companies-trust/
11141,11141,10879,PM Capital Asian Opportunities Fund Limited,PM Thoresen Asia Holdings Public Company Ltd,,,,,,,,,,,,,,,https://disfold.com/company/pm-capital-asian-opportunities-fund-limited/,https://disfold.com/company/pm-thoresen-asia-holdings-public-company-ltd/
11185,11185,5415,Allied Farmers Ltd,Allied Properties Real Estate Investment Trust,,,,,,,,,,,,,,,https://disfold.com/company/allied-farmers-ltd/,https://disfold.com/company/allied-properties-reit/
11204,11204,9102,DeceunInck NV,Decision Science Agency,,,,,,,,,,,,,,,www.deceuninck.com,https://www.decision-science.com/
11212,11212,7242,Public Joint Stock Company Kurgan Generation Company,Public Joint Stock Company Magnit,,,,,,,,,,,,,,,https://disfold.com/company/public-joint-stock-company-kurgan-generation-company/,https://disfold.com/company/public-joint-stock-company-magnit/
11213,11213,6570,Inknown Careers,Inmar Careers,,,,,,,,,,,,,,,www.inknown.com,www.inmar.com
11248,11248,10268,Construction Partners Inc,Construtora Tenda SA,,,,,,,,,,,,,,,www.constructionpartners.net,https://disfold.com/company/construtora-tenda-sa/
11287,11287,10572,Beijing Tongrentang Co. Ltd,Beijing Urban Construction Design & Development Group Co Ltd,,,,,,,,,,,,,,,https://disfold.com/company/beijing-tongrentang-co-ltd/,https://disfold.com/company/beijing-urban-construction-design-development-group-co-ltd/
11310,11310,1679,Cybergun SA,Cyberoo S.p.A.,,,,,,,,,,,,,,,https://disfold.com/company/cybergun-sa/,https://disfold.com/company/cyberoo-spa/
11371,11371,8181,ATL Careers,ATLAS Innovative Engineering,,,,,,,,,,,,,,,www.atlinc.com,http://atlasinnove.com/
11409,11409,1228,SCG Packaging Public Company Ltd,SCI Electric Public Company Ltd,,,,,,,,,,,,,,,https://disfold.com/company/scg-packaging-public-company-ltd/,https://disfold.com/company/sci-electric-public-company-ltd/
11414,11414,7560,Mitsubishi Corp,Mitsubishi Electric Corp,,,,,,,,,,,,,,,https://disfold.com/company/mitsubishi-corp/,www.mitsubishielectric.co.jp
11417,11417,478,Credicorp Ltd,Credit Acceptance Corp,,,,,,,,,,,,,,,credicorp.gcs-web.com,www.creditacceptance.com
11438,11438,971,Apollo Global Management Inc,Apollo Gold & Silver Corp,,,,,,,,,,,,,,,www.apollo.com,https://disfold.com/company/apollo-gold-silver-corp/
11468,11468,504,Flex Legal,Flex Ltd.,,,,,,,,,,,,,,,https://flex.legal/,https://disfold.com/company/flex-ltd/
11482,11482,322,DyFlowing,Dycom Industries Inc,,,,,,,,,,,,,,,https://www.dyflowing.com/,dycomind.com
11485,11485,6230,Caire,Cairn Homes plc,,,,,,,,,,,,,,,https://disfold.com/company/caire/,https://disfold.com/company/cairn-homes-plc/
11502,11502,11353,Advanced Oncotherapy plc,Advanced Power Electronics Co. Ltd,,,,,,,,,,,,,,,https://disfold.com/company/advanced-oncotherapy-plc/,https://disfold.com/company/advanced-power-electronics-co-ltd/
11510,11510,2507,Encompass Health Corp,Encore Capital Group Inc,,,,,,,,,,,,,,,www.encompasshealth.com,www.encorecapital.com
11521,11521,3455,Mewah International Inc,Mews,,,,,,,,,,,,,,,www.mewahgroup.com,https://www.mews.com/
11534,11534,4462,Campbell Careers,Campbell Soup Company,,,,,,,,,,,,,,,campbells.com,https://disfold.com/company/campbell-soup-company/
11536,11536,1151,Johnson Controls International Plc,Johnson Electric Holdings Limited,,,,,,,,,,,,,,,www.johnsoncontrols.com,www.johnsonelectric.com
11666,11666,5965,Teledyne Technologies Incorporated,Teleflex Incorporated,,,,,,,,,,,,,,,https://disfold.com/company/teledyne-technologies-incorporated/,https://disfold.com/company/teleflex-incorporated/
11740,11740,2648,La Sarraz Pictures,La Société Des Revêtements,,,,,,,,,,,,,,,http://www.lasarraz.com/,https://www.lsrfrance.com
11912,11912,3266,Canon Inc.,"Canon Marketing Japan, Inc.",,,,,,,,,,,,,,,https://disfold.com/company/canon-inc/,https://disfold.com/company/canon-marketing-japan-inc/
11959,11959,2862,Tenneco Inc,Tenso Floor,,,,,,,,,,,,,,,www.tenneco.com,https://www.teknachemgroup.com
11974,11974,5480,Astro Group,Astron Corporation Limited,,,,,,,,,,,,,,,http://www.astrocorp.com.tw/,https://disfold.com/company/astron-corporation-limited/
11993,11993,1130,GrainCorp Limited,Grainger plc,,,,,,,,,,,,,,,https://disfold.com/company/graincorp-limited/,https://disfold.com/company/grainger-plc/
12044,12044,6940,Vilmorin & Cie,Vim Careers,,,,,,,,,,,,,,,www.vilmorincie.com,www.getvim.com
12072,12072,4602,Victory Tailgate Careers,Vida Health Careers,,,,,,,,,,,,,,,victorytailgate.com,www.vida.com
12085,12085,11194,MyAppFree,MyChauffage.com,,,,,,,,,,,,,,,https://www.myappfree.com/,https://www.mychauffage.com/
12093,12093,363,Signature Aviation Ltd,Signaturit,,,,,,,,,,,,,,,www.signatureaviation.com,https://www.signaturit.com/
12201,12201,4546,Sahamitr Pressure Container Public Company Ltd,Sahathai Terminal Public Company Ltd,,,,,,,,,,,,,,,https://disfold.com/company/sahamitr-pressure-container-public-company-ltd/,https://disfold.com/company/sahathai-terminal-public-company-ltd/
12204,12204,1014,Cassona SE,Cast SA,,,,,,,,,,,,,,,https://disfold.com/company/cassona-se/,https://disfold.com/company/cast-sa/
12229,12229,6238,Filo,FiloBlu,,,,,,,,,,,,,,,https://www.filotrack.com/,https://www.filoblu.com/
12316,12316,1790,WebEngage,Webby Central Careers,,,,,,,,,,,,,,,https://webengage.com/,www.webbycentral.com
12345,12345,8527,Cheng Shin Rubber Ind. Co. Ltd,Cheng Uei Precision Industry Co. Ltd,,,,,,,,,,,,,,,https://disfold.com/company/cheng-shin-rubber-ind-co-ltd/,https://disfold.com/company/cheng-uei-precision-industry-co-ltd/
12353,12353,4012,CITIC Resources Holdings Ltd,CITIC Telecom International Holdings Ltd,,,,,,,,,,,,,,,https://disfold.com/company/citic-resources-holdings-ltd/,https://disfold.com/company/citic-telecom-international-holdings-ltd/
12387,12387,11765,Green River Holding Co. Ltd,Green World Fintech Service Co. Ltd,,,,,,,,,,,,,,,https://disfold.com/company/green-river-holding-co-ltd/,https://disfold.com/company/green-world-fintech-service-co-ltd/
12421,12421,3969,Reinagreen Italia,Reinsurance Group of America Inc,,,,,,,,,,,,,,,http://www.reinagreen.com,www.rgare.com
12428,12428,6686,Qatar Islamic Bank,Qburst,,,,,,,,,,,,,,,www.qib.com.qa,https://www.qburst.com/
12497,12497,2960,PT Tunas Alfin Tbk,PT Tunas Ridean Tbk,,,,,,,,,,,,,,,https://disfold.com/company/pt-tunas-alfin-tbk/,https://disfold.com/company/pt-tunas-ridean-tbk/
12533,12533,2194,Step Careers,Stepan Co,,,,,,,,,,,,,,,www.step.com,www.stepan.com
12606,12606,11548,Organo Corp,Organon & Co.,,,,,,,,,,,,,,,https://disfold.com/company/organo-corp/,https://disfold.com/company/organon-co/
12621,12621,11103,Periscope Data Careers,Perkbox,,,,,,,,,,,,,,,periscopedata.com,https://www.perkbox.com
12624,12624,11198,Nestle Careers,Nestle SA,,,,,,,,,,,,,,,www.nestle.com,www.nestle.com
12690,12690,3748,CO.NET,COFARIM,,,,,,,,,,,,,,,https://www.conet24.com/,https://www.cookut.com
12763,12763,1500,"Boston Properties, Inc.",Boston Scientific Corporation,,,,,,,,,,,,,,,https://disfold.com/company/boston-properties-inc/,https://disfold.com/company/boston-scientific-corporation/
12798,12798,2392,Enervit S.p.A.,Eneva SA,,,,,,,,,,,,,,,https://disfold.com/company/enervit-spa/,https://disfold.com/company/eneva-sa/
12841,12841,2431,Global Payments Inc.,Global Ports Holding plc,,,,,,,,,,,,,,,https://disfold.com/company/global-payments-inc/,https://disfold.com/company/global-ports-holding-plc/
12953,12953,1171,Omnicell Inc,Omnicom Group Inc,,,,,,,,,,,,,,,www.omnicell.com,www.omnicomgroup.com
12968,12968,7446,Interglobe Aviation Ltd,Interim Search,,,,,,,,,,,,,,,www.interglobe.com,https://www.interimsearch.com
12999,12999,10206,Thai Rubber Latex Group Public Company Ltd,Thai Solar Energy Public Company Ltd,,,,,,,,,,,,,,,https://disfold.com/company/thai-rubber-latex-group-public-company-ltd/,https://disfold.com/company/thai-solar-energy-public-company-ltd/
13045,13045,3542,"American National Group, Inc.",American Pacific Borates Limited,,,,,,,,,,,,,,,https://disfold.com/company/american-national-group-inc/,https://disfold.com/company/american-pacific-borates-limited/
13127,13127,6604,Beijing Jingyuntong Technology Co. Ltd,Beijing Kunlun Tech Co. Ltd,,,,,,,,,,,,,,,https://disfold.com/company/beijing-jingyuntong-technology-co-ltd/,https://disfold.com/company/beijing-kunlun-tech-co-ltd/
13130,13130,11832,Compass Group Plc,Compass Minerals International Inc,,,,,,,,,,,,,,,www.compass-group.com/en/index.html,www.compassminerals.com
13133,13133,8512,Bangkok Dusit Medical Services Public Company Ltd,Bangkok Insurance Public Company Ltd,,,,,,,,,,,,,,,https://disfold.com/company/bangkok-dusit-medical-services-public-company-ltd/,https://disfold.com/company/bangkok-insurance-public-company-ltd/
13141,13141,12780,Hindustan Petroleum Corp Ltd,Hindustan Zinc Ltd,,,,,,,,,,,,,,,www.hindustanpetroleum.com,www.hzlindia.com
13161,13161,13127,Beijing Jingneng Clean Energy Co. Ltd,Beijing Jingyuntong Technology Co. Ltd,,,,,,,,,,,,,,,https://disfold.com/company/beijing-jingneng-clean-energy-co-ltd/,https://disfold.com/company/beijing-jingyuntong-technology-co-ltd/
13187,13187,3537,Scalia Group,ScanSource Inc,,,,,,,,,,,,,,,https://www.scaliagroup.com/,www.scansource.com
13210,13210,2999,Qatar Insurance Company QSPC,Qatar National Bank,,,,,,,,,,,,,,,www.qatarinsurance.com,www.qnb.com
13217,13217,10595,Gerresheimer AG,Gesco AG,,,,,,,,,,,,,,,https://disfold.com/company/gerresheimer-ag/,https://disfold.com/company/gesco-ag/
13241,13241,9631,Partner Communications Co Ltd,PartnerRe Ltd.,,,,,,,,,,,,,,,www.partner.co.il,partnerre.com
13306,13306,9348,Beijing Xinleineng Technology Co. Ltd,"Beijing eGOVA Co,. Ltd",,,,,,,,,,,,,,,https://disfold.com/company/beijing-xinleineng-technology-co-ltd/,https://disfold.com/company/beijing-egova-co-ltd/
13332,13332,9763,Firstcash Holdings Inc,Fiserv Careers,,,,,,,,,,,,,,,www.firstcash.com,www.fiserv.com
13396,13396,10644,Unidata S.p.A.,Unieuro S.p.A.,,,,,,,,,,,,,,,https://disfold.com/company/unidata-spa/,https://disfold.com/company/unieuro-spa/
13415,13415,11984,Le Hibou,Le Petit Vapoteur,,,,,,,,,,,,,,,https://www.lehibou.com,https://www.lepetitvapoteur.com/
13430,13430,10789,Empresa Eléctrica de Magallanes SA,Empresa Nacional de Telecomunicaciones SA,,,,,,,,,,,,,,,https://disfold.com/company/empresa-electrica-de-magallanes-sa/,https://disfold.com/company/empresa-nacional-de-telecomunicaciones-sa/
13437,13437,12153,National HealthCare Corp,National Instruments Corp,,,,,,,,,,,,,,,nhccare.com,www.ni.com
13441,13441,12154,Crep Protect,Crescent Point Energy Corp,,,,,,,,,,,,,,,https://www.crepprotect.com,www.crescentpointenergy.com
13499,13499,7773,Take-Two Interactive Software Inc,Takeda Pharmaceutical Co Ltd,,,,,,,,,,,,,,,www.take2games.com,www.takeda.com
13539,13539,5328,Nikkiso Co. Ltd,Nikkon Holdings Co. Ltd,,,,,,,,,,,,,,,https://disfold.com/company ikkiso-co-ltd/,https://disfold.com/company ikkon-holdings-co-ltd/
13571,13571,6888,Beijing Capital Development Co. Ltd,Beijing Compass Technology Development Co. Ltd,,,,,,,,,,,,,,,https://disfold.com/company/beijing-capital-development-co-ltd/,https://disfold.com/company/beijing-compass-technology-development-co-ltd/
13626,13626,6502,PicoCandy Careers,Picodi.com,,,,,,,,,,,,,,,picocandy.com,https://www.picodi.com/
13649,13649,7707,Al-Omran Industrial Trading Co.,Al-Samaani Factory For Metal Industries Co.,,,,,,,,,,,,,,,https://disfold.com/company/al-omran-industrial-trading-co/,https://disfold.com/company/al-samaani-factory-for-metal-industries-co/
13677,13677,9784,Seach Medical Group Ltd,Seafarms Group Limited,,,,,,,,,,,,,,,https://disfold.com/company/seach-medical-group-ltd/,https://disfold.com/company/seafarms-group-limited/
13706,13706,8475,RTL Group SA,RUAG International Holding AG,,,,,,,,,,,,,,,www.rtlgroup.com,www.ruag.com
13708,13708,6838,Veralogiq Careers,Verbund AG,,,,,,,,,,,,,,,www.veralogiq.com,www.verbund.com
13724,13724,13188,Sonic Automotive Inc,Sonic Healthcare Ltd,,,,,,,,,,,,,,,www.sonicautomotive.com,www.sonichealthcare.com
13749,13749,9988,Kingsrose Mining Limited,Kingston Resources Limited,,,,,,,,,,,,,,,https://disfold.com/company/kingsrose-mining-limited/,https://disfold.com/company/kingston-resources-limited/
13758,13758,11099,Asarina Pharma AB,Ascelia Pharma AB,,,,,,,,,,,,,,,https://disfold.com/company/asarina-pharma-ab/,https://disfold.com/company/ascelia-pharma-ab/
13819,13819,7333,Kenshoo Careers,Kentigen,,,,,,,,,,,,,,,www.kenshoo.com,https://www.kentigen.com/
13842,13842,9564,Ata Gayrimenkul Yatirim Ortakligi A.S.,Atakule Gayrimenkul Yatirim Ortakligi A.S.,,,,,,,,,,,,,,,https://disfold.com/company/ata-gayrimenkul-yatirim-ortakligi-as/,https://disfold.com/company/atakule-gayrimenkul-yatirim-ortakligi-as/
13858,13858,12385,Hurricane Energy plc,"Husky Energy, Inc.",,,,,,,,,,,,,,,https://disfold.com/company/hurricane-energy-plc/,https://disfold.com/company/husky-energy-inc/
13866,13866,10816,Public Joint Stock Company Magadanenergo,Public Joint Stock Company Magnitogorsk Iron & Steel Works,,,,,,,,,,,,,,,https://disfold.com/company/public-joint-stock-company-magadanenergo/,https://disfold.com/company/public-joint-stock-company-magnitogorsk-iron-steel-works/
13868,13868,8572,OPKO Health Inc,OPS Careers,,,,,,,,,,,,,,,www.opko.com,www.opstrax.com
13902,13902,8384,Critical Mass Careers,Critical Start Careers,,,,,,,,,,,,,,,www.criticalmass.com,www.criticalstart.com
13917,13917,11634,Metaminds,Metcash Ltd,,,,,,,,,,,,,,,https://www.metaminds.com/,www.metcash.com
13931,13931,3021,Vale SA,Valeo SA,,,,,,,,,,,,,,,https://disfold.com/company/vale-sa/,https://disfold.com/company/valeo-sa/
13942,13942,13045,"American Manganese, Inc.","American National Group, Inc.",,,,,,,,,,,,,,,https://disfold.com/company/american-manganese-inc/,https://disfold.com/company/american-national-group-inc/
13999,13999,7316,Trex Company Inc,Tri Chemical Laboratories,,,,,,,,,,,,,,,www.trex.com,http://www.trichemical.com/
14011,14011,2994,H World Group Ltd,H&M Careers,,,,,,,,,,,,,,,ir.hworld.com,www.hm.com
14028,14028,13664,Monolithic Power Systems Inc,MonotaRO Co Ltd,,,,,,,,,,,,,,,www.monolithicpower.com,www.monotaro.com
14067,14067,1040,Hibbett Sports Inc,Hicmobile,,,,,,,,,,,,,,,www.hibbett.com,https://www.hicmobile.com
14079,14079,13607,Ems-Chemie Holding AG,Emtrain Careers,,,,,,,,,,,,,,,www.ems-group.com,www.emtrain.com
14085,14085,9918,Genesco Inc,Genesis Energy LP,,,,,,,,,,,,,,,www.genesco.com,www.genesisenergy.com
14107,14107,1105,Tesha Corporation,Tesla Inc,,,,,,,,,,,,,,,https://www.teshagroup.com/,www.tesla.com
14110,14110,554,Sika,Sika Interplant Systems,,,,,,,,,,,,,,,http://www.sikaglobal.com/,https://www.sikaglobal.com/
14115,14115,9666,Tubi TV Careers,Tucows Careers,,,,,,,,,,,,,,,www.tubitv.com,www.tucows.com
14121,14121,2920,Marathon Petroleum Careers,Marathon Petroleum Corporation,,,,,,,,,,,,,,,www.marathonpetroleum.com,https://disfold.com/company/marathon-petroleum-corporation/
14127,14127,184,Groupe Open,Groupe Parot SACA,,,,,,,,,,,,,,,https://disfold.com/company/groupe-open/,https://disfold.com/company/groupe-parot-saca/
14166,14166,9236,Cornerstone Careers,Corning Inc,,,,,,,,,,,,,,,www.cornerstoneondemand.com,www.corning.com
14168,14168,12539,Computer Direct Group Ltd,Computers Parts,,,,,,,,,,,,,,,https://disfold.com/company/computer-direct-group-ltd/,https://www.computersparts.it
14171,14171,91,Heng Hup Holdings Ltd,Hengdeli Holdings Ltd,,,,,,,,,,,,,,,https://disfold.com/company/heng-hup-holdings-ltd/,https://disfold.com/company/hengdeli-holdings-ltd/
14187,14187,4723,UNIQA Insurance Group AG,UNO Minda Ltd,,,,,,,,,,,,,,,www.uniqagroup.com,unominda.com
14239,14239,11211,Beijing Gehua CATV Network Co. Ltd,Beijing Haohua Energy Resource Co. Ltd,,,,,,,,,,,,,,,https://disfold.com/company/beijing-gehua-catv-network-co-ltd/,https://disfold.com/company/beijing-haohua-energy-resource-co-ltd/
14244,14244,11151,Clean Industry Solutions Holding Europe AB,Clean Motion AB,,,,,,,,,,,,,,,https://disfold.com/company/clean-industry-solutions-holding-europe-ab/,https://disfold.com/company/clean-motion-ab/
14247,14247,2942,Healthgrades Careers,Healthians,,,,,,,,,,,,,,,www.healthgrades.com,https://www.healthians.com/
14268,14268,4142,The Wharf (Holdings) Ltd,The Williams Companies Inc,,,,,,,,,,,,,,,www.wharfholdings.com,www.williams.com
14293,14293,13866,Public Joint Stock Company Krasnoyarskenergosbyt,Public Joint Stock Company Magadanenergo,,,,,,,,,,,,,,,https://disfold.com/company/public-joint-stock-company-krasnoyarskenergosbyt/,https://disfold.com/company/public-joint-stock-company-magadanenergo/
14326,14326,1663,PT Indo Komoditi Korpora Tbk,PT Indo Straits Tbk,,,,,,,,,,,,,,,https://disfold.com/company/pt-indo-komoditi-korpora-tbk/,https://disfold.com/company/pt-indo-straits-tbk/
14329,14329,8152,Canadian Solar Inc.,"Canadian Tire Corporation, Limited",,,,,,,,,,,,,,,https://disfold.com/company/canadian-solar-inc/,https://disfold.com/company/canadian-tire-corporation-limited/
14370,14370,12104,Unify Communications,Unilever Careers,,,,,,,,,,,,,,,https://www.unifyus.com,www.unilever.com
14372,14372,10725,Siam Steel International Public Company Ltd,Siam Wellness Group Public Company Ltd,,,,,,,,,,,,,,,https://disfold.com/company/siam-steel-international-public-company-ltd/,https://disfold.com/company/siam-wellness-group-public-company-ltd/
14466,14466,8628,"Avangrid, Inc.","Avanti Energy, Inc.",,,,,,,,,,,,,,,https://disfold.com/company/avangrid-inc/,https://disfold.com/company/avanti-energy-inc/
14497,14497,10207,Cargojet Inc.,Cargotec Oyj,,,,,,,,,,,,,,,https://disfold.com/company/cargojet-inc/,www.cargotec.com
14500,14500,6495,Australian Mines Limited,Australian Potash Limited,,,,,,,,,,,,,,,https://disfold.com/company/australian-mines-limited/,https://disfold.com/company/australian-potash-limited/
14556,14556,7157,Software AG,SoftwareONE Holding AG,,,,,,,,,,,,,,,https://disfold.com/company/software-ag/,https://disfold.com/company/softwareone-holding-ag/
14619,14619,7908,Ulta Beauty Inc,Ultimate Holdings,,,,,,,,,,,,,,,www.ulta.com,https://www.ultimateholdings.com
14621,14621,8977,Naspers Careers,NatWest Group Plc,,,,,,,,,,,,,,,www.naspers.com,www.natwestgroup.com
14679,14679,5253,Bankinter SA,Bannerflow,,,,,,,,,,,,,,,www.bankinter.com,https://www.bannerflow.com
14710,14710,2515,Marubeni Corp,Maruha Nichiro Corp,,,,,,,,,,,,,,,https://disfold.com/company/marubeni-corp/,https://disfold.com/company/maruha-nichiro-corp/
14725,14725,2317,TenderHut,Tenet Healthcare Corp,,,,,,,,,,,,,,,https://www.tenderhut.com,www.tenethealth.com
14728,14728,9585,Aristocrat Leisure Limited,Aristotle Careers,,,,,,,,,,,,,,,https://disfold.com/company/aristocrat-leisure-limited/,www.aristotle.com
14748,14748,10323,H. Lundbeck AS,H.B. Fuller Co,,,,,,,,,,,,,,,www.lundbeck.com,www.hbfuller.com
14761,14761,11276,SendCloud,Sendcloud,,,,,,,,,,,,,,,https://www.sendcloud.com,https://www.sendcloud.com/
14763,14763,7371,Fundo de Investimento Imobiliario GWI Renda Imobiliaria - FII,Fundo de Investimento Imobiliario Panamby,,,,,,,,,,,,,,,https://disfold.com/company/fundo-de-investimento-imobiliario-gwi-renda-imobiliaria-fii/,https://disfold.com/company/fundo-de-investimento-imobiliario-panamby/
14772,14772,753,Plains GP Holdings LP,Plan Communications Holding,,,,,,,,,,,,,,,www.plains.com,https://www.plan.com/
14773,14773,141,Meritor Inc,Meritz Securities Co Ltd,,,,,,,,,,,,,,,www.meritor.com,home.imeritz.com
14775,14775,9254,Martin Marietta Materials Inc,Martinrea International Inc,,,,,,,,,,,,,,,www.martinmarietta.com,www.martinrea.com
14779,14779,1794,Formosa Petrochemical Corp,Formosa Sumco Technology Corp,,,,,,,,,,,,,,,https://disfold.com/company/formosa-petrochemical-corp/,https://disfold.com/company/formosa-sumco-technology-corp/
14790,14790,194,Voya Financial Inc,Voyager Careers,,,,,,,,,,,,,,,www.voya.com,www.investvoyager.com
14795,14795,3929,Hazer Group Limited,Headlam Group plc,,,,,,,,,,,,,,,https://disfold.com/company/hazer-group-limited/,https://disfold.com/company/headlam-group-plc/
14802,14802,4630,Kingfish Ltd,Kingfisher plc,,,,,,,,,,,,,,,https://disfold.com/company/kingfish-ltd/,https://disfold.com/company/kingfisher-plc/
14852,14852,2036,Onex Corp,Oni Foods Overseas,,,,,,,,,,,,,,,www.onex.com,http://onifoods.com/
14853,14853,3801,DaVita Inc,Daan Gene Co Ltd,,,,,,,,,,,,,,,www.davita.com,en.daangene.com
14902,14902,13554,Innospec Inc,Innov8tif,,,,,,,,,,,,,,,innospec.com,https://innov8tif.com/
14911,14911,901,Xalient,Xcede Recruitment,,,,,,,,,,,,,,,https://xalient.com/,https://www.xcede.com/
14943,14943,1250,Genius Progetti,Genius Sports Ltd,,,,,,,,,,,,,,,https://www.geniusprogetti.it,https://disfold.com/company/genius-sports-ltd/
14969,14969,3214,Air Canada,Air China Ld,,,,,,,,,,,,,,,https://disfold.com/company/air-canada/,https://disfold.com/company/air-china-ld/
14982,14982,14200,ConMed Corp,Conagra Brands Careers,,,,,,,,,,,,,,,www.conmed.com,www.conagrabrands.com
14995,14995,318,Beijing Enterprises Holdings Ltd,Beijing Enterprises Urban Resources Group Ltd,,,,,,,,,,,,,,,https://disfold.com/company/beijing-enterprises-holdings-ltd/,https://disfold.com/company/beijing-enterprises-urban-resources-group-ltd/
14996,14996,7544,Dynamo6,Dynaphos,,,,,,,,,,,,,,,https://www.dynamo6.com/,https://dynaphos.com
15017,15017,11297,Griffin Markets Group,Griffon Corporation,,,,,,,,,,,,,,,https://www.griffinmarkets.com,griffon.com
15045,15045,12646,Avangrid Inc,Avant Corp,,,,,,,,,,,,,,,www.avangrid.com,https://disfold.com/company/avant-corp/
15056,15056,9838,Kinougarde,Kinross Gold Corp,,,,,,,,,,,,,,,https://www.kinougarde.com,www.kinross.com
15075,15075,10420,GrafTech International Ltd,Grafton Group Plc,,,,,,,,,,,,,,,www.graftech.com,www.graftonplc.com
15080,15080,9833,IntelliScience Careers,Intelsat SA,,,,,,,,,,,,,,,www.intelliscience.com,www.intelsat.com
15100,15100,3598,Administradora de Fondos de Pensiones Habitat SA,Administradora de Fondos de Pensiones ProVida SA,,,,,,,,,,,,,,,https://disfold.com/company/administradora-de-fondos-de-pensiones-habitat-sa/,https://disfold.com/company/administradora-de-fondos-de-pensiones-provida-sa/
15155,15155,3896,"AVer Information, Inc.","AVerMedia Technologies, Inc.",,,,,,,,,,,,,,,https://disfold.com/company/aver-information-inc/,https://disfold.com/company/avermedia-technologies-inc/
15175,15175,11221,PT Bank Danamon Indonesia Tbk,PT Bank Harda Internasional Tbk,,,,,,,,,,,,,,,https://disfold.com/company/pt-bank-danamon-indonesia-tbk/,https://disfold.com/company/pt-bank-harda-internasional-tbk/
15180,15180,11128,Euro Kapital Yatirim Ortakligi Anonim Sirketi,Euro Menkul Kiymet Yatirim Ortakligi Anonim Sirketi,,,,,,,,,,,,,,,https://disfold.com/company/euro-kapital-yatirim-ortakligi-anonim-sirketi/,https://disfold.com/company/euro-menkul-kiymet-yatirim-ortakligi-anonim-sirketi/
15186,15186,7669,Saudi Electricity Company,Saudi Fisheries Company,,,,,,,,,,,,,,,https://disfold.com/company/saudi-electricity-company/,https://disfold.com/company/saudi-fisheries-company/
15198,15198,877,Galiano Gold Inc.,Galileo Tech Ltd,,,,,,,,,,,,,,,https://disfold.com/company/galiano-gold-inc/,https://disfold.com/company/galileo-tech-ltd/
15248,15248,6171,ParcelHero.com,Parcelport,,,,,,,,,,,,,,,https://www.parcelhero.com,https://parcelport.co.nz/
15256,15256,9855,JACCS Co. Ltd,JAPAN MATERIAL Co. Ltd,,,,,,,,,,,,,,,https://disfold.com/company/jaccs-co-ltd/,https://disfold.com/company/japan-material-co-ltd/
15309,15309,12631,Sonoco Products Co,Sonos Careers,,,,,,,,,,,,,,,www.sonoco.com,www.sonos.com
15334,15334,8855,The Hanover Insurance Group Inc,The Hartford Financial Services Group Inc,,,,,,,,,,,,,,,www.hanover.com,www.thehartford.com
15360,15360,11457,Nanjing Gaoke Company Ltd,Nanjing Iron & Steel Co. Ltd,,,,,,,,,,,,,,,https://disfold.com/company anjing-gaoke-company-ltd/,https://disfold.com/company anjing-iron-steel-co-ltd/
15386,15386,14873,Satu Holdings Ltd,Sau San Tong Holdings Ltd,,,,,,,,,,,,,,,https://disfold.com/company/satu-holdings-ltd/,https://disfold.com/company/sau-san-tong-holdings-ltd/
15388,15388,14839,Riotloc,Ripple Careers,,,,,,,,,,,,,,,https://www.riotloc.com/,www.ripple.com
15421,15421,3890,Arab Bank Group,Arab National Bank,,,,,,,,,,,,,,,www.arabbank.jo,https://disfold.com/company/arab-national-bank/
15496,15496,3988,The Middleby Corporation,The Monogatari Corp,,,,,,,,,,,,,,,https://disfold.com/company/middleby-corporation/,https://disfold.com/company/the-monogatari-corp/
15501,15501,10858,TruScreen Group Limited,Trubnaya Metallurgicheskaya Kompaniya,,,,,,,,,,,,,,,https://disfold.com/company/truscreen-group-limited/,www.tmk-group.ru
15510,15510,7854,PT Bank Jago Tbk,PT Bank Mandiri (Persero) Tbk,,,,,,,,,,,,,,,https://disfold.com/company/pt-bank-jago-tbk/,https://disfold.com/company/pt-bank-mandiri-persero-tbk/
15514,15514,8064,Eaton Corporation plc,Eaton Vance Corp.,,,,,,,,,,,,,,,https://disfold.com/company/eaton-corporation-plc/,https://disfold.com/company/eaton-vance-corp/
15532,15532,3597,Immunicum AB,Immunovia AB,,,,,,,,,,,,,,,https://disfold.com/company/immunicum-ab/,https://disfold.com/company/immunovia-ab/
15555,15555,10815,Amedisys Inc,Ameren Careers,,,,,,,,,,,,,,,www.amedisys.com,www.ameren.com
15563,15563,4303,Godrej Agrovet Ltd,Godrej Industries Ltd,,,,,,,,,,,,,,,www.godrejagrovet.com,www.godrejindustries.com
15569,15569,11605,Installed Building Products Inc,Instantor,,,,,,,,,,,,,,,installedbuildingproducts.com,https://www.instantor.com
15630,15630,1746,Tennant Co,Tennessee Valley Authority,,,,,,,,,,,,,,,www.tennantco.com,www.tva.com
15673,15673,1823,China Shuifa Singyes Energy Holdings Ltd,China Smartpay Group Holdings Ltd,,,,,,,,,,,,,,,https://disfold.com/company/china-shuifa-singyes-energy-holdings-ltd/,https://disfold.com/company/china-smartpay-group-holdings-ltd/
15683,15683,4234,Tosho Co. Ltd,Total Access Communication Public Co Ltd,,,,,,,,,,,,,,,https://disfold.com/company/tosho-co-ltd/,www.dtac.co.th
15686,15686,1141,"Cardinal Health, Inc.",Cardno Limited,,,,,,,,,,,,,,,https://disfold.com/company/cardinal-health-inc/,https://disfold.com/company/cardno-limited/
15701,15701,10728,Asian Paints Ltd,AsianStream,,,,,,,,,,,,,,,www.asianpaints.com,https://asianstream.co.jp/
15713,15713,1670,Experian plc,Experis Careers,,,,,,,,,,,,,,,https://disfold.com/company/experian-plc/,www.experis.us
15734,15734,10771,Okuma Corp,Okumura Corp,,,,,,,,,,,,,,,www.okuma.co.jp,https://disfold.com/company/okumura-corp/
15742,15742,9797,Caisse Regionale de Credit Agricole Mutuel de Normandie-Seine,Caisse Regionale de Credit Agricole Mutuel du Languedoc SCCV,,,,,,,,,,,,,,,https://disfold.com/company/caisse-regionale-de-credit-agricole-mutuel-de-normandie-seine/,https://disfold.com/company/caisse-regionale-de-credit-agricole-mutuel-du-languedoc-sccv/
15773,15773,3910,Siam Global House Public Company Ltd,Siam Makro Public Company Ltd,,,,,,,,,,,,,,,https://disfold.com/company/siam-global-house-public-company-ltd/,https://disfold.com/company/siam-makro-public-company-ltd/
15798,15798,13906,Equitable Group Inc.,"Equitable Holdings, Inc.",,,,,,,,,,,,,,,https://disfold.com/company/equitable-group-inc/,https://disfold.com/company/equitable-holdings-inc/
15806,15806,6223,JYP Entertainment,Jabil Inc,,,,,,,,,,,,,,,https://www.jype.com/,www.jabil.com
15810,15810,5232,DYNVEO,DZ Bank AG,,,,,,,,,,,,,,,https://www.dynveo.com/,www.dzbank.com
15812,15812,291,Publicis Groupe SA,Publift,,,,,,,,,,,,,,,www.publicisgroupe.com,https://www.publift.com/
15831,15831,10160,Global Lithium Resources Ltd,Global Mastermind Holdings Ltd,,,,,,,,,,,,,,,https://disfold.com/company/global-lithium-resources-ltd/,https://disfold.com/company/global-mastermind-holdings-ltd/
15856,15856,11912,"Canon Electronics, Inc.",Canon Inc.,,,,,,,,,,,,,,,https://disfold.com/company/canon-electronics-inc/,https://disfold.com/company/canon-inc/
15870,15870,5475,Mint Italia,Mint Tower Capital Management,,,,,,,,,,,,,,,https://www.mintitalia.com/,https://www.minttowercapital.com
15887,15887,10880,Cascades Inc,Casey's General Stores Inc,,,,,,,,,,,,,,,www.cascades.com,www.caseys.com
15901,15901,5974,Aisin Corp,Aisino Corp,,,,,,,,,,,,,,,www.aisin.com,https://disfold.com/company/aisino-corp/
15931,15931,10143,M.Video PJSC,M.video,,,,,,,,,,,,,,,https://disfold.com/company/mvideo-pjsc/,www.mvideo.ru
15941,15941,9153,Vodafone Group Plc,Vodafone Idea Ltd,,,,,,,,,,,,,,,www.vodafone.com,www.vodafoneidea.com
15947,15947,14441,Metropolitan Bank & Trust Company,Metsa Board Corp,,,,,,,,,,,,,,,www.metrobank.com.ph,www.metsaboard.com
15992,15992,14667,Allied Cooperative Insurance Group,Allied Electronics Corp Ltd,,,,,,,,,,,,,,,https://disfold.com/company/allied-cooperative-insurance-group/,https://disfold.com/company/allied-electronics-corp-ltd/
16015,16015,15321,Ascendis Health Ltd,Ascential plc,,,,,,,,,,,,,,,https://disfold.com/company/ascendis-health-ltd/,https://disfold.com/company/ascential-plc/
16043,16043,10190,China Shipbuilding Industry Group Power Co. Ltd,China Smarter Energy Group Holdings Ltd,,,,,,,,,,,,,,,https://disfold.com/company/china-shipbuilding-industry-group-power-co-ltd/,https://disfold.com/company/china-smarter-energy-group-holdings-ltd/
16069,16069,7398,Aberdeen Standard Asia Focus plc,Aberdeen Standard European Logistics Income plc,,,,,,,,,,,,,,,https://disfold.com/company/aberdeen-standard-asia-focus-plc/,https://disfold.com/company/aberdeen-standard-european-logistics-income-plc/
16098,16098,3375,Global Dragon Ltd,Global Education Ltd,,,,,,,,,,,,,,,https://disfold.com/company/global-dragon-ltd/,https://disfold.com/company/global-education-ltd/
16117,16117,5517,Boustead Holdings Bhd,Boustead Singapore,,,,,,,,,,,,,,,www.boustead.com.my,https://boustead.sg/
16134,16134,15344,Broadcom Inc,Broadridge Careers,,,,,,,,,,,,,,,www.broadcom.com,www.broadridge.com
16160,16160,7804,State Auto Financial Corp,State Farm Mutual Automobile Insurance Co,,,,,,,,,,,,,,,stateauto.com,www.statefarm.com
16172,16172,2254,eila Consulting,elbkind,,,,,,,,,,,,,,,https://www.eila.de/,https://www.elbkind.de
16188,16188,3095,Raytheon Technologies Corp,Razer Inc,,,,,,,,,,,,,,,www.rtx.com,www.razer.com
16196,16196,49,Thai Metal Drum Manufacturing Public Company Ltd,Thai Mui Corp Public Company Ltd,,,,,,,,,,,,,,,https://disfold.com/company/thai-metal-drum-manufacturing-public-company-ltd/,https://disfold.com/company/thai-mui-corp-public-company-ltd/
16280,16280,5309,The Bombay Burmah Trading Corp Ltd,The Boston Consulting Group,,,,,,,,,,,,,,,bbtcl.com,www.bcg.com
16282,16282,5441,Tokyo Tatemono Co Ltd,Tokyo Tsushin,,,,,,,,,,,,,,,tatemono.com,https://tokyo-tsushin.com/
16296,16296,5192,Qred Företagslån*,Quad/Graphics Inc,,,,,,,,,,,,,,,https://qred.com/en-se/,www.quad.com
16318,16318,3352,Varagon Careers,Vardhman Textiles Ltd,,,,,,,,,,,,,,,www.varagon.com,www.vardhman.com
16337,16337,5909,ON Semiconductor Corp,ON ZE AIR,,,,,,,,,,,,,,,www.onsemi.com,https://www.onzeair.com/
16402,16402,3147,Clearwater Paper Corp,"Clearway Energy, Inc.",,,,,,,,,,,,,,,www.clearwaterpaper.com,https://disfold.com/company/clearway-energy-inc/
16406,16406,15663,Vista Outdoor Inc,Visteon Corp,,,,,,,,,,,,,,,www.vistaoutdoor.com,www.visteon.com
16411,16411,7832,Anima Holding SA,Animoca Brands,,,,,,,,,,,,,,,https://disfold.com/company/anima-holding-sa/,https://www.animocabrands.com/
16414,16414,7718,Universal Corp,Universal Electronics Careers,,,,,,,,,,,,,,,www.universalcorp.com,www.uei.com
16421,16421,8082,"Sega Sammy Holdings, Inc.","Seibu Holdings, Inc.",,,,,,,,,,,,,,,https://disfold.com/company/sega-sammy-holdings-inc/,https://disfold.com/company/seibu-holdings-inc/
16427,16427,9790,Ingenico SA,Ingersoll Rand Inc,,,,,,,,,,,,,,,www.ingenico.com,www.irco.com
16433,16433,10417,Compass Group Careers,Compass Group plc,,,,,,,,,,,,,,,www.compass-group.com,https://disfold.com/company/compass-group-plc/
16446,16446,3051,BB Progressivo II Fundo de Investimento Imobiliario - FII,BB Renda de Papeis Imobiliarios Fundo de Investimento Imobiliario - FII,,,,,,,,,,,,,,,https://disfold.com/company/bb-progressivo-ii-fundo-de-investimento-imobiliario-fii/,https://disfold.com/company/bb-renda-de-papeis-imobiliarios-fundo-de-investimento-imobiliario-fii/
16447,16447,6785,Samsung Fire & Marine Insurance Co Ltd,Samsung Life Insurance Co Ltd,,,,,,,,,,,,,,,www.samsungfire.com,www.samsunglife.com
16486,16486,8235,Quilter Plc,Quimera Energy,,,,,,,,,,,,,,,www.quilter.com,http://www.quimeraee.com/
16493,16493,10336,Advenis SA,Adventus Holdings Ltd,,,,,,,,,,,,,,,https://disfold.com/company/advenis-sa/,https://disfold.com/company/adventus-holdings-ltd/
16528,16528,16309,Wolt Enterprises,Wolverine World Wide Inc,,,,,,,,,,,,,,,https://wolt.com/,www.wolverineworldwide.com
16538,16538,10744,VmWay,Vmway,,,,,,,,,,,,,,,https://www.vmway.it/,https://www.vmway.it
16562,16562,14321,Boral Limited,Boralex Inc.,,,,,,,,,,,,,,,https://disfold.com/company/boral-limited/,https://disfold.com/company/boralex-inc/
16566,16566,8616,Saudi Arabian Cooperative Insurance Company,Saudi Arabian Mining Company,,,,,,,,,,,,,,,https://disfold.com/company/saudi-arabian-cooperative-insurance-company/,https://disfold.com/company/saudi-arabian-mining-company/
16570,16570,6322,FOSTEC & Company,FPT Corp,,,,,,,,,,,,,,,https://www.fostec.com/,www.fpt.com.vn
16596,16596,7272,Casa Holdings Ltd,Casablanca Group Ltd,,,,,,,,,,,,,,,https://disfold.com/company/casa-holdings-ltd/,https://disfold.com/company/casablanca-group-ltd/
16648,16648,2146,Apache Corp,Apache Software Foundation Careers,,,,,,,,,,,,,,,www.apachecorp.com,www.apache.org
16666,16666,10025,Lennar Corp,Lennox International Inc,,,,,,,,,,,,,,,www.lennar.com,www.lennoxinternational.com
16672,16672,15933,Interroll Holding AG,Intershop Holding AG,,,,,,,,,,,,,,,https://disfold.com/company/interroll-holding-ag/,https://disfold.com/company/intershop-holding-ag/
16698,16698,1969,Northern Trust Corp,Northern Trust Wealth Management,,,,,,,,,,,,,,,www.northerntrust.com/united-states,www.northerntrust.com/united-states/what-we-do/wealth-management
16705,16705,4310,"Builders FirstSource, Inc.",Buildmet Fibres,,,,,,,,,,,,,,,https://disfold.com/company/builders-firstsource-inc/,http://www.buildmetfibres.com/
16711,16711,9294,Advantech Co. Ltd,Advantest Corp,,,,,,,,,,,,,,,https://disfold.com/company/advantech-co-ltd/,https://disfold.com/company/advantest-corp/
16713,16713,7683,Prodiel,Prodigi Group,,,,,,,,,,,,,,,http://prodiel.com/,https://prodigi.com/
16715,16715,12251,Deckers Outdoor Corp,Declarators,,,,,,,,,,,,,,,www.deckers.com,https://declarators.com.sg/
16719,16719,3973,Dangote Cement Plc,Danieli & C. Officine Meccaniche SpA,,,,,,,,,,,,,,,www.dangotecement.com,www.danieli.com
16743,16743,5224,Healthpeak Properties Inc,Heart Apartments,,,,,,,,,,,,,,,www.healthpeak.com,https://www.heartmilanapartments.com/
16745,16745,15239,VostroNet,Voxpopme,,,,,,,,,,,,,,,https://www.vostronet.com/,https://site.voxpopme.com/
16754,16754,8629,Jointown Pharmaceutical Group Co Ltd,Joist Careers,,,,,,,,,,,,,,,www.jztey.com,www.joist.com
16763,16763,7401,Canadian Life Companies Split Corp.,Canadian National Railway Company,,,,,,,,,,,,,,,https://disfold.com/company/canadian-life-companies-split-corp/,https://disfold.com/company/canadian-national-railway-company/
16801,16801,15256,JAC Recruitment Co. Ltd,JACCS Co. Ltd,,,,,,,,,,,,,,,https://disfold.com/company/jac-recruitment-co-ltd/,https://disfold.com/company/jaccs-co-ltd/
16815,16815,1471,Public Joint-Stock Company Federal Grid Company of Unified Energy System,Public Joint-Stock Company Investment Company IC Russ-Invest,,,,,,,,,,,,,,,https://disfold.com/company/public-joint-stock-company-federal-grid-company-of-unified-energy-system/,https://disfold.com/company/public-joint-stock-company-investment-company-ic-russ-invest/
16818,16818,920,Klaviyo Careers,Klepierre SA,,,,,,,,,,,,,,,www.klaviyo.com,www.klepierre.com
16826,16826,6602,"Continental Resources, Inc.",Continental Wood Kft.,,,,,,,,,,,,,,,https://disfold.com/company/continental-resources-inc/,https://continentalwood.hu/
16893,16893,8848,PT Indo Kordsa Tbk,PT Indo Tambangraya Megah Tbk,,,,,,,,,,,,,,,https://disfold.com/company/pt-indo-kordsa-tbk/,https://disfold.com/company/pt-indo-tambangraya-megah-tbk/
16934,16934,13026,AIA Group,AIB Group plc,,,,,,,,,,,,,,,https://disfold.com/company/aia-group-ltd/,https://disfold.com/company/aib-group-plc/
16968,16968,6294,Federal Home Loan Mortgage Corp,Federal National Mortgage Association,,,,,,,,,,,,,,,www.freddiemac.com,www.fanniemae.com
16986,16986,12613,ProcureAbility Careers,Procurri Corporation,,,,,,,,,,,,,,,www.procureability.com,https://www.procurri.com/
17015,17015,15479,Stantec Inc,Staples Careers,,,,,,,,,,,,,,,www.stantec.com,www.staples.com
17070,17070,7818,Wetzel SA,Weya SA,,,,,,,,,,,,,,,https://disfold.com/company/wetzel-sa/,https://disfold.com/company/weya-sa/
17072,17072,1751,Indian Bank,Indian Overseas Bank,,,,,,,,,,,,,,,www.indianbank.in,www.iob.in
17131,17131,12590,Titan Cement International SA,Titan International Inc,,,,,,,,,,,,,,,www.titan-cement.com,www.titan-intl.com
17149,17149,11311,PT Lippo Cikarang Tbk,PT Lippo Karawaci Tbk,,,,,,,,,,,,,,,https://disfold.com/company/pt-lippo-cikarang-tbk/,https://disfold.com/company/pt-lippo-karawaci-tbk/
17154,17154,6789,Takara Holdings Inc,Takara Standard Co Ltd,,,,,,,,,,,,,,,www.takara.co.jp,www.takara-standard.co.jp
17169,17169,12999,Thai Rayon Public Company Ltd,Thai Rubber Latex Group Public Company Ltd,,,,,,,,,,,,,,,https://disfold.com/company/thai-rayon-public-company-ltd/,https://disfold.com/company/thai-rubber-latex-group-public-company-ltd/
17189,17189,14487,Thai Nam Plastic Public Company Ltd,Thai Nondestructive Testing Public Company Ltd,,,,,,,,,,,,,,,https://disfold.com/company/thai-nam-plastic-public-company-ltd/,https://disfold.com/company/thai-nondestructive-testing-public-company-ltd/
17195,17195,15045,Avanade Careers,Avangrid Inc,,,,,,,,,,,,,,,www.avanade.com,www.avangrid.com
17203,17203,4406,PricewaterhouseCoopers International Ltd,Pridel,,,,,,,,,,,,,,,www.pwc.com,http://pridel.com/
17249,17249,1958,Emperor Entertainment Hotel Ltd,Emperor Watch & Jewellery Ltd,,,,,,,,,,,,,,,https://disfold.com/company/emperor-entertainment-hotel-ltd/,https://disfold.com/company/emperor-watch-jewellery-ltd/
17262,17262,7021,"Alpha Pro Tech, Ltd.",Alpha Real Estate Holding,,,,,,,,,,,,,,,https://disfold.com/company/alpha-pro-tech-ltd/,https://alpha-realestate.de/
17297,17297,1455,Endesa SA,Endo International Plc,,,,,,,,,,,,,,,www.endesa.com/es,www.endo.com
17323,17323,13513,The Restaurant Group plc,The SPAR Group Ltd,,,,,,,,,,,,,,,https://disfold.com/company/the-restaurant-group-plc/,https://disfold.com/company/the-spar-group-ltd/
17324,17324,2675,Axiata Group Bhd,Axilis Careers,,,,,,,,,,,,,,,www.axiata.com,www.axilis.com
17328,17328,2570,Bloom & Wild,Bloomberg Industry Group Careers,,,,,,,,,,,,,,,https://www.bloomandwild.com/,www.bloombergindustry.com
17334,17334,14654,JustPark Parking,Justworks Careers,,,,,,,,,,,,,,,https://www.justpark.com/,www.justworks.com
17359,17359,14720,First Financial Holding Co Ltd,First Gen Corp,,,,,,,,,,,,,,,www.firstholding.com.tw,www.firstgen.com.ph
17369,17369,7579,"Corporación Moctezuma, S.A.B. de C.V.","Corporativo Fragua, S.A.B. de C.V.",,,,,,,,,,,,,,,https://disfold.com/company/corporacion-moctezuma-sab-de-cv/,https://disfold.com/company/corporativo-fragua-sab-de-cv/
17406,17406,10242,OpenCorporates,OpenText Careers,,,,,,,,,,,,,,,https://opencorporates.com/,www.opentext.com
17437,17437,9610,Radian Group Inc,Radiance Technologies Careers,,,,,,,,,,,,,,,www.radian.com,www.radiancetech.com
17452,17452,16017,RoundPoint Careers,RouteNote,,,,,,,,,,,,,,,www.roundpointmortgage.com,https://www.routenote.com/
17460,17460,4408,Concord New Energy Group Ltd,Concordia Financial Group Ltd,,,,,,,,,,,,,,,https://disfold.com/company/concord-new-energy-group-ltd/,https://disfold.com/company/concordia-financial-group-ltd/
17463,17463,7886,Carsome,Carter's Inc,,,,,,,,,,,,,,,https://www.carsome.com/,www.carters.com
17464,17464,14453,Apple,Applegreen plc,,,,,,,,,,,,,,,https://disfold.com/company/apple-inc/,https://disfold.com/company/applegreen-plc/
17469,17469,4010,Twitter Careers,"Twitter, Inc.",,,,,,,,,,,,,,,www.twitter.com,https://disfold.com/company/twitter-inc/
17471,17471,9339,China National Medicines Corp Ltd,China National Nuclear Power Co. Ltd,,,,,,,,,,,,,,,https://disfold.com/company/china-national-medicines-corp-ltd/,https://disfold.com/company/china-national-nuclear-power-co-ltd/
17490,17490,5934,Wing Chi Holdings Ltd,Wing Tai Holdings Ltd,,,,,,,,,,,,,,,https://disfold.com/company/wing-chi-holdings-ltd/,https://disfold.com/company/wing-tai-holdings-ltd/
17493,17493,14010,Nuvei Corporation,Nvidia,,,,,,,,,,,,,,,https://disfold.com/company uvei-corporation/,https://disfold.com/company vidia-corporation/
17507,17507,4098,Turkiye Garanti Bankası Anonim Sirketi,Turkiye IS Bankasi AS,,,,,,,,,,,,,,,www.garantibbva.com.tr,www.isbank.com.tr
17541,17541,6584,Oppenheimer Holdings Inc,Oppo Brothers,,,,,,,,,,,,,,,www.oppenheimer.com,https://www.oppobrothers.com
17556,17556,1835,Samsung Biologics Co Ltd,Samsung C&T Corp,,,,,,,,,,,,,,,samsungbiologics.com,www.samsungcnt.com
17580,17580,17060,Country Garden Services Holdings Company Ltd,Country Group Holdings Public Company Ltd,,,,,,,,,,,,,,,https://disfold.com/company/country-garden-services-holdings-company-ltd/,https://disfold.com/company/country-group-holdings-public-company-ltd/
17621,17621,15144,Stille AB,Stillfront Group AB,,,,,,,,,,,,,,,https://disfold.com/company/stille-ab/,https://disfold.com/company/stillfront-group-ab/
17639,17639,7581,Accton,AccuWeather Careers,,,,,,,,,,,,,,,http://www.accton.com/,www.accuweather.com
17661,17661,11722,PureSoftware,Puregold Price Club Inc,,,,,,,,,,,,,,,https://puresoftware.com/,www.puregold.com.ph
17665,17665,11397,Beijing Originwater Technology Co. Ltd,Beijing Sanju Environmental Protection & New Materials Co. Ltd,,,,,,,,,,,,,,,https://disfold.com/company/beijing-originwater-technology-co-ltd/,https://disfold.com/company/beijing-sanju-environmental-protection-new-materials-co-ltd/
17702,17702,5770,Studio Schiattarella Associati,Stufe A Pellet Italia,,,,,,,,,,,,,,,http://www.schiattarella.com/,https://www.stufeapelletitalia.com/
17710,17710,9921,AviChina Industry & Technology Co Ltd,Avianca Holdings SA,,,,,,,,,,,,,,,www.avichina.com,www.aviancataca.com
17713,17713,2853,Asiarim Corp,Asiatic Group,,,,,,,,,,,,,,,https://disfold.com/company/asiarim-corp/,https://disfold.com/company/asiatic-group/
17731,17731,14466,Avangard Bank PJSC,"Avangrid, Inc.",,,,,,,,,,,,,,,https://disfold.com/company/avangard-bank-pjsc/,https://disfold.com/company/avangrid-inc/
17739,17739,6781,Super Group Ltd,Super Retail Group Limited,,,,,,,,,,,,,,,https://disfold.com/company/super-group-ltd/,https://disfold.com/company/super-retail-group-limited/
17836,17836,1801,Design & Realization,Designer Brands Inc,,,,,,,,,,,,,,,http://www.designerealization.com,www.designerbrands.com
17861,17861,1396,Broadcom,Broadmedia Corp,,,,,,,,,,,,,,,https://disfold.com/company/broadcom-inc/,https://disfold.com/company/broadmedia-corp/
17879,17879,4008,AppUnite,Apparent Communications,,,,,,,,,,,,,,,https://appunite.com/,https://apparent.com.au/
17902,17902,9604,China Mobile,China Molybdenum Co Ltd,,,,,,,,,,,,,,,https://disfold.com/company/china-mobile-ltd/,https://disfold.com/company/china-molybdenum-co-ltd/
17918,17918,13315,Aberdeen Diversified Income And Growth Trust plc,Aberdeen Global Premier Properties Fund,,,,,,,,,,,,,,,https://disfold.com/company/aberdeen-diversified-income-and-growth-trust-plc/,https://disfold.com/company/aberdeen-global-premier-properties-fund/
17931,17931,11287,Beijing Tiantan Biological Products Co. Ltd,Beijing Tongrentang Co. Ltd,,,,,,,,,,,,,,,https://disfold.com/company/beijing-tiantan-biological-products-co-ltd/,https://disfold.com/company/beijing-tongrentang-co-ltd/
17952,17952,14334,REMI Careers,RENEW IT,,,,,,,,,,,,,,,www.remi.com,https://renew-it.com/
17989,17989,3806,Gandolfi International Trading,Ganfeng Lithium Group Co Ltd,,,,,,,,,,,,,,,https://www.gandolfiparma.com,www.ganfenglithium.com
17991,17991,6188,Capital VC Ltd,Capitalcom Events,,,,,,,,,,,,,,,https://disfold.com/company/capital-vc-ltd/,http://www.capitalcomevents.fr/
18004,18004,4263,Jindal Stainless Ltd,Jindal Worldwide,,,,,,,,,,,,,,,www.jindalstainless.com,http://www.jindaltextiles.com/
18013,18013,8578,PT Rig Tenders Indonesia Tbk,PT Rockfields Properti Indonesia Tbk.,,,,,,,,,,,,,,,https://disfold.com/company/pt-rig-tenders-indonesia-tbk/,https://disfold.com/company/pt-rockfields-properti-indonesia-tbk/
18031,18031,15703,Banco Santander Río SA,"Banco Santander, SA",,,,,,,,,,,,,,,https://disfold.com/company/banco-santander-rio-sa/,https://disfold.com/company/banco-santander-sa/
18058,18058,9104,Bank of Nova Scotia,Bank of Qingdao Co. Ltd,,,,,,,,,,,,,,,https://disfold.com/company/bank-of-nova-scotia/,https://disfold.com/company/bank-of-qingdao-co-ltd/
18066,18066,2395,Vonage Holdings Corp,Vonmählen,,,,,,,,,,,,,,,www.vonage.com,https://www.vonmaehlen.com
18085,18085,1752,Xilinx Careers,"Xilinx, Inc.",,,,,,,,,,,,,,,www.xilinx.com,https://disfold.com/company/xilinx-inc/
18088,18088,4150,Fundo de Investimento Imobiliario Presidente Vargas,Fundo de Investimento Imobiliario Rio Negro,,,,,,,,,,,,,,,https://disfold.com/company/fundo-de-investimento-imobiliario-presidente-vargas/,https://disfold.com/company/fundo-de-investimento-imobiliario-rio-negro/
18100,18100,1858,Spacenet Enterprises India Ltd,Spackman Entertainment Group Ltd,,,,,,,,,,,,,,,https://disfold.com/company/spacenet-enterprises-india-ltd/,https://disfold.com/company/spackman-entertainment-group-ltd/
18119,18119,6013,DXC Technology Co,DXP Enterprises Inc,,,,,,,,,,,,,,,www.dxc.com/us/en,www.dxpe.com
18135,18135,6378,Arch Capital Group Ltd,Archegos Capital Careers,,,,,,,,,,,,,,,www.archgroup.com,www.archegoscapital.com
18156,18156,5265,NiSource Inc,Niagara Careers,,,,,,,,,,,,,,,www.nisource.com,www.niagarawater.com
18221,18221,7651,Century City International Holdings Ltd,Century Global Commodities Corporation,,,,,,,,,,,,,,,https://disfold.com/company/century-city-international-holdings-ltd/,https://disfold.com/company/century-global-commodities-corporation/
18261,18261,15037,"Dollar Tree, Inc.",Dollarama Inc.,,,,,,,,,,,,,,,https://disfold.com/company/dollar-tree-inc/,https://disfold.com/company/dollarama-inc/
18277,18277,17134,Modec Inc,ModelOp Careers,,,,,,,,,,,,,,,www.modec.com,www.modelop.com
18278,18278,2343,Codedose,"Codere, SA",,,,,,,,,,,,,,,https://codedose.com/,https://disfold.com/company/codere-sa/
18287,18287,9752,Glayx,Glencore Plc,,,,,,,,,,,,,,,https://www.glayx.com/,www.glencore.com
18306,18306,12063,Capital Power Corp,Capital Securities Corp,,,,,,,,,,,,,,,www.capitalpower.com,https://disfold.com/company/capital-securities-corp/
18319,18319,6684,Spotawheel,Spreedly Careers,,,,,,,,,,,,,,,https://www.spotawheel.com,spreedly.com
18323,18323,3608,Shandong Dongyue Organosilicon Materials Co. Ltd,Shandong Gold Mining Co. Ltd,,,,,,,,,,,,,,,https://disfold.com/company/shandong-dongyue-organosilicon-materials-co-ltd/,https://disfold.com/company/shandong-gold-mining-co-ltd/
18342,18342,14006,Anglo Australian Resources NL,Anglo-Eastern Plantations plc,,,,,,,,,,,,,,,https://disfold.com/company/anglo-australian-resources-nl/,https://disfold.com/company/anglo-eastern-plantations-plc/
18348,18348,15177,Dunkin Donuts Careers,Duolingo Careers,,,,,,,,,,,,,,,www.dunkindonuts.com,www.duolingo.com
18364,18364,14567,ROHM Co. Ltd,ROMAC,,,,,,,,,,,,,,,https://disfold.com/company/rohm-co-ltd/,https://www.romac.co.jp/
18372,18372,18060,Holland & Knight Careers,HollyFrontier Corp,,,,,,,,,,,,,,,www.hklaw.com,www.hfsinclair.com
18398,18398,13814,Doctify,Doctor Hail (Dottor Grandine),,,,,,,,,,,,,,,https://www.doctify.com/,https://www.dottorgrandine.com
18399,18399,13334,PT Bank Mega Tbk,PT Bank Nationalnobu Tbk,,,,,,,,,,,,,,,https://disfold.com/company/pt-bank-mega-tbk/,https://disfold.com/company/pt-bank-nationalnobu-tbk/
18408,18408,14127,Groupe Minoteries SA,Groupe Open,,,,,,,,,,,,,,,https://disfold.com/company/groupe-minoteries-sa/,https://disfold.com/company/groupe-open/
18423,18423,603,Australian Finance Group Limited,Australian Leaders Fund Limited,,,,,,,,,,,,,,,https://disfold.com/company/australian-finance-group-limited/,https://disfold.com/company/australian-leaders-fund-limited/
18429,18429,6952,Atlas Corp.,Atlassian Corporation Plc,,,,,,,,,,,,,,,https://disfold.com/company/atlas-corp/,https://disfold.com/company/atlassian-corporation-plc/
18434,18434,4539,Asia Hotel Public Company Ltd,"Asia Optical Co., Inc.",,,,,,,,,,,,,,,https://disfold.com/company/asia-hotel-public-company-ltd/,https://disfold.com/company/asia-optical-co-inc/
18480,18480,17042,National Australia Bank Limited,National Bank of Canada,,,,,,,,,,,,,,,https://disfold.com/company ational-australia-bank-limited/,https://disfold.com/company ational-bank-canada/
18488,18488,12304,Gazprom Neft,Gazprombank,,,,,,,,,,,,,,,www.gazprom-neft.ru,www.gazprombank.ru
18493,18493,8814,WebmediaRM,Webskitters,,,,,,,,,,,,,,,https://www.webmediarm.com/,https://www.webskitters.com/
18500,18500,16580,Orascom Construction Plc,Orbia Advance Corp SAB de CV,,,,,,,,,,,,,,,www.orascom.com,www.orbia.com
18530,18530,11954,Kitwave Group plc,Kiwi Property Group Ltd,,,,,,,,,,,,,,,https://disfold.com/company/kitwave-group-plc/,https://disfold.com/company/kiwi-property-group-ltd/
18569,18569,11467,Retelit S.p.A.,Reti S.p.A.,,,,,,,,,,,,,,,https://disfold.com/company/retelit-spa/,https://disfold.com/company/reti-spa/
18622,18622,4085,United Airlines Holdings Inc,United Airlines Inc,,,,,,,,,,,,,,,ir.united.com,www.united.com
18629,18629,5331,Altran Careers,Altria Group Inc,,,,,,,,,,,,,,,www.altran.com,www.altria.com
18631,18631,3177,KPMG International Coop,KPP Group Holdings Co Ltd,,,,,,,,,,,,,,,www.kpmg.com,www.kpp-gr.com
18658,18658,15272,PT Asia Pacific Investama Tbk,PT Asiaplast Industries Tbk.,,,,,,,,,,,,,,,https://disfold.com/company/pt-asia-pacific-investama-tbk/,https://disfold.com/company/pt-asiaplast-industries-tbk/
18669,18669,11564,PT Bank BTPN Tbk,PT Bank Bukopin Tbk,,,,,,,,,,,,,,,https://disfold.com/company/pt-bank-btpn-tbk/,https://disfold.com/company/pt-bank-bukopin-tbk/
18693,18693,12966,NetApp Inc,NetDragon Websoft Holdings Ltd,,,,,,,,,,,,,,,www.netapp.com,www.netdragon.com
18706,18706,4271,Increff,Incyte Corp,,,,,,,,,,,,,,,https://www.increff.com/,www.incyte.com
18719,18719,6253,Lam Research Corp,Lamar Advertising Co,,,,,,,,,,,,,,,www.lamresearch.com,www.lamar.com
18747,18747,15007,Elan,Elanco Animal Health Inc,,,,,,,,,,,,,,,https://www.kkelan.com/,www.elanco.com
18761,18761,16040,Vobile Group Ltd,Vocus Group Limited,,,,,,,,,,,,,,,https://disfold.com/company/vobile-group-ltd/,https://disfold.com/company/vocus-group-limited/
18788,18788,14759,Humanas Pflege,Humanus Personalservice,,,,,,,,,,,,,,,https://www.humanas.de,https://www.humanus-personalservice.de
18814,18814,5664,A.U.E. Genc,A.U.E. Genc Warenhandels-UG,,,,,,,,,,,,,,,https://www.weg-ist-weg.com,https://www.weg-ist-weg.com/
18844,18844,12604,Proxima Careers,Proximus plc,,,,,,,,,,,,,,,www.proximagroup.com,www.proximus.com
18877,18877,1553,Australian United Investment Company Limited,Australian Vanadium Limited,,,,,,,,,,,,,,,https://disfold.com/company/australian-united-investment-company-limited/,https://disfold.com/company/australian-vanadium-limited/
18884,18884,11728,Laguna Resorts & Hotels Public Company Ltd,Lai Group Holding Company Ltd,,,,,,,,,,,,,,,https://disfold.com/company/laguna-resorts-hotels-public-company-ltd/,https://disfold.com/company/lai-group-holding-company-ltd/
18902,18902,7032,Amplifon S.p.A.,Amplio Automatika,,,,,,,,,,,,,,,https://disfold.com/company/amplifon-spa/,https://www.amplio.hu
18919,18919,5305,Pioneer Motor Public Company Ltd,Pioneer Natural Resources Company,,,,,,,,,,,,,,,https://disfold.com/company/pioneer-motor-public-company-ltd/,https://disfold.com/company/pioneer-natural-resources-company/
18936,18936,15187,AGRANA Beteiligungs-AG,AGRIVI d.o.o.,,,,,,,,,,,,,,,www.agrana.com,https://www.agrivi.com
18951,18951,3448,CapitaLand Group Pte Ltd,CapitaLand Investment Ltd,,,,,,,,,,,,,,,www.capitaland.com/international/en.html,https://disfold.com/company/capitaland-investment-ltd/
18958,18958,13500,PT Bank Net Indonesia Syariah Tbk,PT Bank Oke Indonesia Tbk,,,,,,,,,,,,,,,https://disfold.com/company/pt-bank-net-indonesia-syariah-tbk/,https://disfold.com/company/pt-bank-oke-indonesia-tbk/
18971,18971,14658,Overstock Careers,Ovintiv Inc,,,,,,,,,,,,,,,www.overstock.com,www.ovintiv.com
19009,19009,8160,Frencken Group Ltd,Frenkel Topping Group plc,,,,,,,,,,,,,,,https://disfold.com/company/frencken-group-ltd/,https://disfold.com/company/frenkel-topping-group-plc/
19131,19131,18472,Basedo Steel,Baselode Energy Corp,,,,,,,,,,,,,,,https://www.basedosteel.com,https://disfold.com/company/baselode-energy-corp/
19132,19132,10928,Coterra Energy Inc,Coty Careers,,,,,,,,,,,,,,,coterra.com,www.coty.com
19141,19141,11355,Radar Cyber Security,Radarservices,,,,,,,,,,,,,,,https://www.radarcs.com/,https://www.radarservices.com
19146,19146,7315,Hill-Rom Holdings Inc,Hillenbrand Inc,,,,,,,,,,,,,,,hillrom.com,www.hillenbrand.com
19153,19153,14500,Australian Foundation Investment Company Limited,Australian Mines Limited,,,,,,,,,,,,,,,https://disfold.com/company/australian-foundation-investment-company-limited/,https://disfold.com/company/australian-mines-limited/
19176,19176,11934,Circle Careers,Circle S.p.A.,,,,,,,,,,,,,,,www.circle.com,https://disfold.com/company/circle-spa/
19238,19238,11056,BlackRock Frontiers Investment Trust plc,BlackRock Inc,,,,,,,,,,,,,,,https://disfold.com/company/blackrock-frontiers-investment-trust-plc/,www.blackrock.com
19263,19263,3322,erwin Careers,eversai Careers,,,,,,,,,,,,,,,www.erwin.com,www.eversai.com
19274,19274,17700,YSO CORP,YTL Corporation Bhd,,,,,,,,,,,,,,,https://ysocorp.com/,www.ytl.com
19283,19283,2835,Adani Enterprises Ltd,Adani Power Ltd,,,,,,,,,,,,,,,www.adanienterprises.com,www.adanipower.com
19310,19310,11949,Flex Ltd,FlexiLivre,,,,,,,,,,,,,,,https://flex.com/,https://www.flexilivre.com/
19352,19352,18165,"Grupo Televisa, S.A.B.","Grupo Vasconia, S.A.B.",,,,,,,,,,,,,,,https://disfold.com/company/grupo-televisa-sab/,https://disfold.com/company/grupo-vasconia-sab/
19376,19376,3487,Life360 Careers,LifeOmic Careers,,,,,,,,,,,,,,,www.life360.com,www.lifeomic.com
19379,19379,14600,Alexion Pharmaceuticals Inc,Aleysia,,,,,,,,,,,,,,,alexion.com,https://www.aleysia.com/
19417,19417,8623,Hertz Global Holdings Inc,Hess Corp,,,,,,,,,,,,,,,www.hertz.com,www.hess.com
19418,19418,16846,Jiangsu Hengrui Medicine Co. Ltd,Jiangsu Hoperun Software Co. Ltd,,,,,,,,,,,,,,,https://disfold.com/company/jiangsu-hengrui-medicine-co-ltd/,https://disfold.com/company/jiangsu-hoperun-software-co-ltd/
19455,19455,17128,Eurofins Scientific SE,Eurofirms ETT,,,,,,,,,,,,,,,www.eurofins.com,https://www.eurofirms.com
19472,19472,1689,Optimal Synthesis Inc. Careers,Optimity Advisors Careers,,,,,,,,,,,,,,,www.optisyn.com,www.optimityadvisors.com
19478,19478,812,Florida Ice and Farm SA,Florio Carta*,,,,,,,,,,,,,,,www.fifco.com,https://www.floriocarta.com
19481,19481,6079,Tsumura & Co.,Tsuruha Holdings Inc,,,,,,,,,,,,,,,https://disfold.com/company/tsumura-co/,www.tsuruha-hd.co.jp
19488,19488,13133,Bangkok Commercial Property Fund,Bangkok Dusit Medical Services Public Company Ltd,,,,,,,,,,,,,,,https://disfold.com/company/bangkok-commercial-property-fund/,https://disfold.com/company/bangkok-dusit-medical-services-public-company-ltd/
19489,19489,12886,Greyfood,GridX Careers,,,,,,,,,,,,,,,https://www.greyfood.com/,www.gridx.com
19494,19494,18159,Japan Post Holdings Co. Ltd,Japan Post Insurance Co. Ltd,,,,,,,,,,,,,,,https://disfold.com/company/japan-post-holdings-co-ltd/,https://disfold.com/company/japan-post-insurance-co-ltd/
19521,19521,19197,CRRC Corp Ltd,CS Wind Corp,,,,,,,,,,,,,,,https://disfold.com/company/crrc-corp-ltd/,https://disfold.com/company/cs-wind-corp/
19522,19522,967,Tropic Skincare,Trouva,,,,,,,,,,,,,,,https://tropicskincare.com/,https://www.trouva.com/
19527,19527,6110,Plymouth Rock Assurance Careers,Plásticos Dão / Sacos & Saquetas,,,,,,,,,,,,,,,www.plymouthrock.com,https://plasticosdao.com/
19543,19543,11817,Universal Iberland,Universal Insurance Holdings Inc,,,,,,,,,,,,,,,https://universaliberland.com,universalinsuranceholdings.com
19551,19551,8832,Vestas Wind Systems AS,Vestel Elektronik Sanayi Ve Ticaret AS,,,,,,,,,,,,,,,www.vestas.com,www.vestelyatirimciiliskileri.com
19565,19565,6800,SmartLens Analytics Careers,SmartSearch,,,,,,,,,,,,,,,www.smartlensanalytics.com,https://www.smartsearch.com
19579,19579,3629,Comal S.p.A.,Comarch SA,,,,,,,,,,,,,,,https://disfold.com/company/comal-spa/,https://disfold.com/company/comarch-sa/
19586,19586,15098,Hilton Food Group Plc,Hilton Grand Vacations Inc,,,,,,,,,,,,,,,www.hiltonfoodgroupplc.com,www.hiltongrandvacations.com
19594,19594,5986,Nippon Steel Trading Corp,Nippon Telegraph & Telephone Corp,,,,,,,,,,,,,,,https://disfold.com/company ippon-steel-trading-corp/,https://disfold.com/company ippon-telegraph-telephone-corp/
19647,19647,6621,Severn Trent Plc,Severstal,,,,,,,,,,,,,,,www.severntrent.com,severstal.com/global
19650,19650,2912,Uber Technologies Inc,Ubiquicom,,,,,,,,,,,,,,,www.uber.com,https://www.ubiquicom.com/
19652,19652,8007,Freegold Ventures Limited,Freelancer Limited,,,,,,,,,,,,,,,https://disfold.com/company/freegold-ventures-limited/,https://disfold.com/company/freelancer-limited/
19670,19670,1581,Enovis Corp,Enphase Energy Inc,,,,,,,,,,,,,,,www.enovis.com,enphase.com
19672,19672,19221,Scandbook AB,ScandiDos AB,,,,,,,,,,,,,,,https://disfold.com/company/scandbook-ab/,https://disfold.com/company/scandidos-ab/
19677,19677,3208,Saico,Saigon Beer Alcohol Beverage Corp,,,,,,,,,,,,,,,https://www.saicosrl.com/,www.sabeco.com.vn
19750,19750,2746,"Aberdeen Asia-Pacific Income Fund, Inc.",Aberdeen Asian Income Fund Limited,,,,,,,,,,,,,,,https://disfold.com/company/aberdeen-asia-pacific-income-fund-inc/,https://disfold.com/company/aberdeen-asian-income-fund-limited/
19751,19751,14648,Oasis Smart SIM Europe**,Oath Careers,,,,,,,,,,,,,,,https://www.oasis-smartsim.com/,www.oath.com
19766,19766,15940,Brewhouse,Brewshop.no,,,,,,,,,,,,,,,https://brewshop.no,https://brewshop.no/
19768,19768,2132,Indorama Ventures PCL,Indos Financial,,,,,,,,,,,,,,,www.indoramaventures.com,https://www.indosgroup.com
19789,19789,7451,RingCentral Inc,Ringcentral Careers,,,,,,,,,,,,,,,www.ringcentral.com,www.ringcentral.com
19791,19791,8787,Banco Pan SA,Banco Pine SA,,,,,,,,,,,,,,,https://disfold.com/company/banco-pan-sa/,https://disfold.com/company/banco-pine-sa/
19813,19813,12174,SK Ecoplant Co Ltd,SK Inc,,,,,,,,,,,,,,,www.skec.com,www.sk-inc.com
19837,19837,4910,Ferrexpo Plc,Ferro Corp,,,,,,,,,,,,,,,www.ferrexpo.com,www.ferro.com
19847,19847,17333,AFR-IX Telecom,AFRY AB,,,,,,,,,,,,,,,https://afr-ix.com/,afry.com
19848,19848,11575,Chicony Electronics Co Ltd,Chicony Power Technology Co. Ltd,,,,,,,,,,,,,,,www.chicony.com.tw,https://disfold.com/company/chicony-power-technology-co-ltd/
19861,19861,5642,Capital Environment Holdings Ltd,Capital Gearing Trust plc,,,,,,,,,,,,,,,https://disfold.com/company/capital-environment-holdings-ltd/,https://disfold.com/company/capital-gearing-trust-plc/
19862,19862,7250,Litmus7 Careers,Littelfuse Inc,,,,,,,,,,,,,,,www.litmus7.com,www.littelfuse.com
19888,19888,6222,MindTree Ltd,Minderest,,,,,,,,,,,,,,,www.mindtree.com,https://www.minderest.com/
19908,19908,9053,Thai Union Group Public Company Ltd,Thai Wacoal Public Company Ltd,,,,,,,,,,,,,,,https://disfold.com/company/thai-union-group-public-company-ltd/,https://disfold.com/company/thai-wacoal-public-company-ltd/
19915,19915,55,Air Lease Corporation,Air Marine SA,,,,,,,,,,,,,,,https://disfold.com/company/air-lease-corporation/,https://disfold.com/company/air-marine-sa/
19925,19925,10773,Philip Morris International Inc,Philips International Careers,,,,,,,,,,,,,,,www.pmi.com,www.pihc.com
19931,19931,16459,The Toronto-Dominion Bank,The Travelers Companies Inc,,,,,,,,,,,,,,,www.td.com,www.travelers.com
19967,19967,17912,PT Indonesia Prima Property Tbk,PT Indonesian Paradise Property Tbk,,,,,,,,,,,,,,,https://disfold.com/company/pt-indonesia-prima-property-tbk/,https://disfold.com/company/pt-indonesian-paradise-property-tbk/
19974,19974,10062,"AutoNation, Inc.","AutoZone, Inc.",,,,,,,,,,,,,,,https://disfold.com/company/autonation-inc/,https://disfold.com/company/autozone-inc/
19998,19998,12350,Elbit Medical Technologies Ltd,Elbit Systems Ltd.,,,,,,,,,,,,,,,https://disfold.com/company/elbit-medical-technologies-ltd/,https://disfold.com/company/elbit-systems-ltd/
20001,20001,1935,Hitachi Ltd,Hitachi Transport System Ltd,,,,,,,,,,,,,,,https://disfold.com/company/hitachi-ltd/,https://disfold.com/company/hitachi-transport-system-ltd/
20022,20022,19931,The Timken Co,The Toronto-Dominion Bank,,,,,,,,,,,,,,,www.timken.com,www.td.com
20024,20024,2809,Enel Americas SA,Enel Careers,,,,,,,,,,,,,,,www.enelamericas.com,www.enel.com
20034,20034,7023,TransKonteyner,TransUnion LLC,,,,,,,,,,,,,,,trcont.com,www.transunion.com
20044,20044,7340,Cadence Capital Limited,Cadence Design Systems Inc,,,,,,,,,,,,,,,https://disfold.com/company/cadence-capital-limited/,www.cadence.com
20068,20068,7081,Oracle Corporation Japan,Oradian,,,,,,,,,,,,,,,www.oracle.com/jp,https://oradian.com/
20070,20070,206,Pegasus Hava Tasimaciligi AS,Pegasystems Inc,,,,,,,,,,,,,,,www.flypgs.com,www.pega.com
20084,20084,10144,EXEO Group Inc,EXIDEA,,,,,,,,,,,,,,,www.exeo.co.jp,https://exidea.co.jp/
20132,20132,9904,Cyden (iPulse),Cye Energia,,,,,,,,,,,,,,,https://www.cyden.com,http://www.cye-energia.com/
20140,20140,4960,Beijing Cuiwei Tower Co. Ltd,Beijing E-Hualu Information Technology Co. Ltd,,,,,,,,,,,,,,,https://disfold.com/company/beijing-cuiwei-tower-co-ltd/,https://disfold.com/company/beijing-e-hualu-information-technology-co-ltd/
20145,20145,13890,Venture Minerals Limited,Venturex Resources Limited,,,,,,,,,,,,,,,https://disfold.com/company/venture-minerals-limited/,https://disfold.com/company/venturex-resources-limited/
20146,20146,2729,WideOrbit Careers,Widget Brain Holding,,,,,,,,,,,,,,,www.wideorbit.com,https://widgetbrain.com/
20151,20151,12963,Srisawad Finance Public Company Ltd,Srivichaivejvivat Public Company Ltd,,,,,,,,,,,,,,,https://disfold.com/company/srisawad-finance-public-company-ltd/,https://disfold.com/company/srivichaivejvivat-public-company-ltd/
20185,20185,11049,Steering Holdings Ltd,Stefanutti Stocks Holdings Ltd,,,,,,,,,,,,,,,https://disfold.com/company/steering-holdings-ltd/,https://disfold.com/company/stefanutti-stocks-holdings-ltd/
20218,20218,5071,Molex Careers,Molina Healthcare Inc,,,,,,,,,,,,,,,www.molex.com,molinacares.com
20225,20225,9681,Public Joint Stock Company Group of Companies TNS energo,Public Joint Stock Company Kamchatskenergo,,,,,,,,,,,,,,,https://disfold.com/company/public-joint-stock-company-group-of-companies-tns-energo/,https://disfold.com/company/public-joint-stock-company-kamchatskenergo/
20226,20226,16957,PT Aneka Gas Industri Tbk,PT Aneka Tambang Tbk,,,,,,,,,,,,,,,https://disfold.com/company/pt-aneka-gas-industri-tbk/,https://disfold.com/company/pt-aneka-tambang-tbk/
20243,20243,7906,Internet República,Interni Italiani,,,,,,,,,,,,,,,https://internetrepublica.com/,https://www.interniitaliani.com
20267,20267,13919,Liebherr-International AG,Lier Chemical Co Ltd,,,,,,,,,,,,,,,www.liebherr.com,www.lierchem.com
20291,20291,6296,Alphabet,Alphaspel,,,,,,,,,,,,,,,https://disfold.com/company/alphabet-inc/,https://alphaspel.se/
20307,20307,312,Grupo LALA SAB de CV,Grupo Lamosa SAB de CV,,,,,,,,,,,,,,,www.lala.com.mx,www.lamosa.com
20308,20308,14784,"Advance Auto Parts, Inc.",Advance NanoTek Limited,,,,,,,,,,,,,,,https://disfold.com/company/advance-auto-parts-inc/,https://disfold.com/company/advance-nanotek-limited/
20333,20333,8777,Analog Devices Inc,AnalogFolk,,,,,,,,,,,,,,,www.analog.com,https://www.analogfolk.com
20334,20334,4439,Deutsche Telekom AG,Deutz AG,,,,,,,,,,,,,,,https://disfold.com/company/deutsche-telekom-ag/,https://disfold.com/company/deutz-ag/
20359,20359,12589,AsiaInfo Technologies Ltd,AsiaPay,,,,,,,,,,,,,,,www.asiainfo.com,https://www.asiapay.com/
20371,20371,502,Akfen Gayrimenkul Yatirim Ortakligi A.S.,Akis Gayrimenkul Yatirim Ortakligi A.S.,,,,,,,,,,,,,,,https://disfold.com/company/akfen-gayrimenkul-yatirim-ortakligi-as/,https://disfold.com/company/akis-gayrimenkul-yatirim-ortakligi-as/
20466,20466,3906,BiomX Inc.,Biomm SA,,,,,,,,,,,,,,,https://disfold.com/company/biomx-inc/,https://disfold.com/company/biomm-sa/
20472,20472,11281,TBK & Sons Holdings Ltd,"TBS Holdings,Inc.",,,,,,,,,,,,,,,https://disfold.com/company/tbk-sons-holdings-ltd/,https://disfold.com/company/tbs-holdingsinc/
20529,20529,13824,Central China Securities Co. Ltd,Central Garden & Pet Co,,,,,,,,,,,,,,,https://disfold.com/company/central-china-securities-co-ltd/,www.central.com
20543,20543,8298,"Cathay Consolidated, Inc.",Cathay Financial Holding Co. Ltd,,,,,,,,,,,,,,,https://disfold.com/company/cathay-consolidated-inc/,https://disfold.com/company/cathay-financial-holding-co-ltd/
20545,20545,13201,SerComm Corp,Sercomm Corp,,,,,,,,,,,,,,,www.sercomm.com,https://disfold.com/company/sercomm-corp/
20573,20573,10604,AnteoTech Limited,Antero Midstream Corporation,,,,,,,,,,,,,,,https://disfold.com/company/anteotech-limited/,https://disfold.com/company/antero-midstream-corporation/
20577,20577,16163,CafePod,Café du Cycliste,,,,,,,,,,,,,,,https://www.cafepod.com,https://www.cafeducycliste.com
20678,20678,1548,Public Joint Stock Company Rosinter Restaurants Holding,Public Joint Stock Company Saratovenergo,,,,,,,,,,,,,,,https://disfold.com/company/public-joint-stock-company-rosinter-restaurants-holding/,https://disfold.com/company/public-joint-stock-company-saratovenergo/
20693,20693,14605,Biogen Inc,Biogroupe,,,,,,,,,,,,,,,www.biogen.com,https://www.biogroupe.com
20713,20713,2524,POSCO-Thainox Public Company Ltd,PP PRIME Public Company Ltd,,,,,,,,,,,,,,,https://disfold.com/company/posco-thainox-public-company-ltd/,https://disfold.com/company/pp-prime-public-company-ltd/
20730,20730,5022,The Goldman Sachs Group Inc,The Goodyear Tire & Rubber Co,,,,,,,,,,,,,,,www.goldmansachs.com,www.goodyear.com
20742,20742,17788,Devensys Cybersecurity,Devon Energy Corp,,,,,,,,,,,,,,,https://www.devensys.com/,www.devonenergy.com
20769,20769,13081,Veo Careers,Veoneer Inc,,,,,,,,,,,,,,,www.veoride.com,www.veoneer.com
20776,20776,8489,National Petrochemical Company,"National Retail Properties, Inc.",,,,,,,,,,,,,,,https://disfold.com/company ational-petrochemical-company/,https://disfold.com/company ational-retail-properties-inc/
20777,20777,14656,AB SA,AB Sagax,,,,,,,,,,,,,,,https://disfold.com/company/ab-sa/,https://disfold.com/company/ab-sagax/
20794,20794,339,Cool Link,Coolshop,,,,,,,,,,,,,,,https://disfold.com/company/cool-link/,https://www.coolshop.it
20812,20812,14025,Eletromidia SA,Elettronsea SocCoop,,,,,,,,,,,,,,,https://disfold.com/company/eletromidia-sa/,http://www.elettronsea.it/
20831,20831,1648,Shanghai Electric Group Co Ltd,Shanghai Environment Group Co. Ltd,,,,,,,,,,,,,,,https://disfold.com/company/shanghai-electric-group-co-ltd/,https://disfold.com/company/shanghai-environment-group-co-ltd/
20858,20858,7489,Is Gayrimenkul Yatirim Ortakligi Anonim Sirketi,Is Yatirim Menkul Degerler Anonim Sirketi,,,,,,,,,,,,,,,https://disfold.com/company/is-gayrimenkul-yatirim-ortakligi-anonim-sirketi/,https://disfold.com/company/is-yatirim-menkul-degerler-anonim-sirketi/
20861,20861,18981,Teck Resources Ltd,Tecma Solutions,,,,,,,,,,,,,,,www.teck.com,https://www.tecmasolutions.com/
20865,20865,15559,Chung Hwa Food Industrial Co. Ltd,Chung Lien Transportation Co. Ltd,,,,,,,,,,,,,,,https://disfold.com/company/chung-hwa-food-industrial-co-ltd/,https://disfold.com/company/chung-lien-transportation-co-ltd/
20870,20870,18464,ICICI Bank Ltd,ICICI Prudential Life Insurance Co Ltd,,,,,,,,,,,,,,,www.icicibank.com,www.iciciprulife.com
20876,20876,13050,Comture,Comunitelia Comunicaciones,,,,,,,,,,,,,,,https://www.comture.com/en/,https://www.comunitelia.com/
20879,20879,3859,Nordstrom Inc,Norfolk Southern Corp,,,,,,,,,,,,,,,investor.nordstrom.com,www.nscorp.com
20891,20891,4735,Kindom,Kindred Group plc,,,,,,,,,,,,,,,https://www.kindom.com.tw/,www.kindredgroup.com
20892,20892,8986,L'Estrange London,L'Oreal SA,,,,,,,,,,,,,,,https://lestrangelondon.com,www.loreal.com
20893,20893,5969,Machvision,Macingo Technologies,,,,,,,,,,,,,,,http://www.machvision.com.tw/,https://www.macingo.com/
20908,20908,20822,Figure Careers,Filinvest Development Corp,,,,,,,,,,,,,,,www.figure.com,www.filinvestgroup.com
20917,20917,578,CarrefourSA Carrefour Sabanci Ticaret Merkezi AS,Carrier Careers,,,,,,,,,,,,,,,www.carrefoursa.com,www.carrier.com
20921,20921,20240,COSCO SHIPPING Energy Transportation Co. Ltd,COSCO SHIPPING International (Hong Kong) Co. Ltd,,,,,,,,,,,,,,,https://disfold.com/company/cosco-shipping-energy-transportation-co-ltd/,https://disfold.com/company/cosco-shipping-international-hong-kong-co-ltd/
20951,20951,4347,Valeo Careers,Valero Energy Corp,,,,,,,,,,,,,,,www.valeo.com,www.valero.com
21051,21051,20874,Dialectica,Dialog Semiconductor Ltd,,,,,,,,,,,,,,,https://dialecticanet.com,www.dialog-semiconductor.com
21088,21088,14112,Bank of Jerusalem Ltd,Bank of Jiangsu Co. Ltd,,,,,,,,,,,,,,,https://disfold.com/company/bank-of-jerusalem-ltd/,https://disfold.com/company/bank-of-jiangsu-co-ltd/
21096,21096,7703,Avantium N.V.,"Avantor, Inc.",,,,,,,,,,,,,,,https://disfold.com/company/avantium-nv/,https://disfold.com/company/avantor-inc/
21118,21118,8982,Samchai Steel Industries Public Company Ltd,Samitivej Public Company Ltd,,,,,,,,,,,,,,,https://disfold.com/company/samchai-steel-industries-public-company-ltd/,https://disfold.com/company/samitivej-public-company-ltd/
21129,21129,2558,VALD,VALiNTRY Careers,,,,,,,,,,,,,,,https://vald.com/,valintry.com
21192,21192,7146,Schroder Income Growth Fund plc,Schroder Oriental Income Fund Limited,,,,,,,,,,,,,,,https://disfold.com/company/schroder-income-growth-fund-plc/,https://disfold.com/company/schroder-oriental-income-fund-limited/
21195,21195,2263,NORMA Group SE,NOV Inc,,,,,,,,,,,,,,,www.normagroup.com,www.nov.com
21217,21217,6140,Ultra Premium Direct,UltraTech Cement Ltd,,,,,,,,,,,,,,,https://www.ultrapremiumdirect.com/,www.ultratechcement.com
21221,21221,1702,PT Bank MNC Internasional Tbk,PT Bank Maspion Indonesia Tbk,,,,,,,,,,,,,,,https://disfold.com/company/pt-bank-mnc-internasional-tbk/,https://disfold.com/company/pt-bank-maspion-indonesia-tbk/
21225,21225,4286,China Jinmao Holdings Group Ltd,China LNG Group Ltd,,,,,,,,,,,,,,,https://disfold.com/company/china-jinmao-holdings-group-ltd/,https://disfold.com/company/china-lng-group-ltd/
21324,21324,17714,Prodiel Proyectos,Prodigioso Volcán,,,,,,,,,,,,,,,https://www.prodiel.com,https://www.prodigiosovolcan.com
21328,21328,557,Globalis Viagens e Eventos Corporativos,Globaltrans Investment Plc,,,,,,,,,,,,,,,https://globalisviagens.pt/,https://disfold.com/company/globaltrans-investment-plc/
21348,21348,13967,ION Acquisition Corp 1 Ltd.,ION Acquisition Corp 3 Ltd,,,,,,,,,,,,,,,https://disfold.com/company/ion-acquisition-corp-1-ltd/,https://disfold.com/company/ion-acquisition-corp-3-ltd/
21351,21351,19024,Al Khaleej Training and Education Company,Al Rajhi Banking and Investment Corp,,,,,,,,,,,,,,,https://disfold.com/company/al-khaleej-training-and-education-company/,https://disfold.com/company/al-rajhi-banking-and-investment-corp/
21410,21410,15869,Thanasiri Group Public Company Ltd,Thanulux Public Company Ltd,,,,,,,,,,,,,,,https://disfold.com/company/thanasiri-group-public-company-ltd/,https://disfold.com/company/thanulux-public-company-ltd/
21453,21453,21172,Silgo Retail Ltd,Silicom Ltd.,,,,,,,,,,,,,,,https://disfold.com/company/silgo-retail-ltd/,https://disfold.com/company/silicom-ltd/
21454,21454,9835,Bank of Africa,Bank of America Careers,,,,,,,,,,,,,,,www.bankofafrica.ma,www.bankofamerica.com
21466,21466,20268,"Invesco Office J-REIT, Inc.",Invesque Inc.,,,,,,,,,,,,,,,https://disfold.com/company/invesco-office-j-reit-inc/,https://disfold.com/company/invesque-inc/
21489,21489,220,Advance Auto Parts Inc,Advance Capital,,,,,,,,,,,,,,,shop.advanceautoparts.com,https://advance-capital.fr
21494,21494,6819,"American Water Works Company, Inc.",Americanas SA,,,,,,,,,,,,,,,https://disfold.com/company/american-water-works-company-inc/,www.americanas.com.br
21504,21504,1713,Spectris Plc,Spectrum Brands Holdings Inc,,,,,,,,,,,,,,,www.spectris.com,www.spectrumbrands.com
21507,21507,9067,Boosted Careers,Boot Barn Holdings Inc,,,,,,,,,,,,,,,www.boostedusa.com,www.bootbarn.com
21514,21514,1100,Alleghany Corporation,Allegiant Travel Co,,,,,,,,,,,,,,,https://disfold.com/company/alleghany-corporation/,www.allegiantair.com
21531,21531,10296,Dea Terra,Dealernet,,,,,,,,,,,,,,,https://www.deaterra.net,https://www.dealernet.it/
21532,21532,17067,AEON Financial Service Co. Ltd,AEON REIT Investment Corp,,,,,,,,,,,,,,,https://disfold.com/company/aeon-financial-service-co-ltd/,https://disfold.com/company/aeon-reit-investment-corp/
21564,21564,975,Algolux Careers,Algonquin Power & Utilities Corp,,,,,,,,,,,,,,,www.algolux.com,algonquinpower.com
21572,21572,5638,Spirit AeroSystems Holdings Inc,Spirit Airlines Inc,,,,,,,,,,,,,,,www.spiritaero.com,www.spirit.com
21580,21580,5295,Mitsubishi Logistics Corp,Mitsubishi Materials Corp,,,,,,,,,,,,,,,https://disfold.com/company/mitsubishi-logistics-corp/,https://disfold.com/company/mitsubishi-materials-corp/
21581,21581,8490,Ashtead Group Plc,Ashtrom Group Ltd,,,,,,,,,,,,,,,www.ashtead-group.com,https://disfold.com/company/ashtrom-group-ltd/
21584,21584,2313,Silicon Optronics,Siliconware Precision Industries Co Ltd,,,,,,,,,,,,,,,http://www.soinc.com.tw/,www.spil.com.tw
21596,21596,21118,Samart Digital Public Company Ltd,Samchai Steel Industries Public Company Ltd,,,,,,,,,,,,,,,https://disfold.com/company/samart-digital-public-company-ltd/,https://disfold.com/company/samchai-steel-industries-public-company-ltd/
21605,21605,14790,Voxy Careers,Voya Financial Inc,,,,,,,,,,,,,,,voxy.com,www.voya.com
21615,21615,21177,MPI Corp,MPM Corpóreos SA,,,,,,,,,,,,,,,https://disfold.com/company/mpi-corp/,https://disfold.com/company/mpm-corporeos-sa/
21627,21627,18134,Sun Autos Ventes,Sun Communities Inc,,,,,,,,,,,,,,,http://www.sunautos-ventes.com,www.suncommunities.com
21641,21641,8621,Roper Technologies Inc,Ropes & Gray LLP,,,,,,,,,,,,,,,www.ropertech.com,www.ropesgray.com
21666,21666,16070,Ferguson Plc,Fermentalg,,,,,,,,,,,,,,,www.fergusonplc.com,https://www.fermentalg.com
21676,21676,9203,RMB Holdings Ltd,RMH Holdings Ltd,,,,,,,,,,,,,,,https://disfold.com/company/rmb-holdings-ltd/,https://disfold.com/company/rmh-holdings-ltd/
21682,21682,20860,Taiwan Surface Mounting Technology Corp,Taiwan Tea Corp,,,,,,,,,,,,,,,https://disfold.com/company/taiwan-surface-mounting-technology-corp/,https://disfold.com/company/taiwan-tea-corp/
21695,21695,4930,"American Electric Power Company, Inc.",American Express,,,,,,,,,,,,,,,https://disfold.com/company/american-electric-power-company-inc/,https://disfold.com/company/american-express-company/
21699,21699,10784,Hydro One Ltd,Hydro-Quebec,,,,,,,,,,,,,,,www.hydroone.com,www.hydroquebec.com
21738,21738,8158,Yamato Kogyo Co Ltd,Yamazaki Baking Co Ltd,,,,,,,,,,,,,,,www.yamatokogyo.co.jp,www.yamazakipan.co.jp
21748,21748,10927,TopBuild Corp,TopFunnel Careers,,,,,,,,,,,,,,,www.topbuild.com,www.topfunnel.com
21749,21749,16667,Smarkets,Smart Adserver,,,,,,,,,,,,,,,https://www.smarkets.com,https://www.smartadserver.com
21769,21769,15097,Toho Co Ltd,Toho Gas Co. Ltd,,,,,,,,,,,,,,,www.toho.co.jp,https://disfold.com/company/toho-gas-co-ltd/
21774,21774,7369,Ability Enterprise Co. Ltd,"Ability, Inc.",,,,,,,,,,,,,,,https://disfold.com/company/ability-enterprise-co-ltd/,https://disfold.com/company/ability-inc/
21814,21814,12559,Florida Power & Light Co,Flour Mills of Nigeria Plc,,,,,,,,,,,,,,,www.fpl.com,fmnplc.com
21815,21815,11164,Guangzhou R&F Properties Co Ltd,Guangzhou Rural Commercial Bank Co Ltd,,,,,,,,,,,,,,,www.rfchina.com,www.grcbank.com
21839,21839,13706,RTB House,RTL Group SA,,,,,,,,,,,,,,,https://www.rtbhouse.com/,www.rtlgroup.com
21844,21844,19211,Instabase Careers,Instabug Careers,,,,,,,,,,,,,,,www.instabase.com,www.instabug.com
21862,21862,3207,Freepik,Freeport-McMoRan Inc,,,,,,,,,,,,,,,https://www.freepik.com,www.fcx.com
21866,21866,19839,Inner Mongolia Yili Industrial Group Co Ltd,Inner Mongolia Yitai Coal Co Ltd,,,,,,,,,,,,,,,www.yili.com,yitaicoal.com
21902,21902,8842,Envestnet Inc,Envinergy Transactions,,,,,,,,,,,,,,,www.envestnet.com,https://www.envinergy.com/
21927,21927,20255,Chinese Estates Holdings Ltd,Chinese Maritime Transport Ltd,,,,,,,,,,,,,,,https://disfold.com/company/chinese-estates-holdings-ltd/,https://disfold.com/company/chinese-maritime-transport-ltd/
21933,21933,19081,Laramide Resources Ltd.,Largo Resources Ltd.,,,,,,,,,,,,,,,https://disfold.com/company/laramide-resources-ltd/,https://disfold.com/company/largo-resources-ltd/
21944,21944,15751,Polar Capital Global Healthcare Trust,Polar Capital Technology Trust,,,,,,,,,,,,,,,https://disfold.com/company/polar-capital-global-healthcare-trust/,https://disfold.com/company/polar-capital-technology-trust/
21947,21947,15473,Amino Technologies plc,"Amita Technologies, Inc.",,,,,,,,,,,,,,,https://disfold.com/company/amino-technologies-plc/,https://disfold.com/company/amita-technologies-inc/
21977,21977,4596,"Arena Minerals, Inc.",Arena REIT,,,,,,,,,,,,,,,https://disfold.com/company/arena-minerals-inc/,https://disfold.com/company/arena-reit/
21997,21997,7970,Turk Telekomunikasyon AS,Turkcell Iletisim Hizmetleri AS,,,,,,,,,,,,,,,www.turktelekom.com.tr,www.turkcell.com.tr
22003,22003,3014,Bakkavor Group Plc,Bakken & Bæck,,,,,,,,,,,,,,,www.bakkavor.com,https://www.bakkenbaeck.com
22025,22025,11630,The Steel Public Company Ltd,The Straits Trading Company Ltd,,,,,,,,,,,,,,,https://disfold.com/company/the-steel-public-company-ltd/,https://disfold.com/company/the-straits-trading-company-ltd/
22026,22026,13789,Berkshire Hathaway,Berkshire Hathaway Inc,,,,,,,,,,,,,,,https://disfold.com/company/berkshire-hathaway-inc/,www.berkshirehathaway.com
22034,22034,8468,Alternativa Impianti,Alternatyva,,,,,,,,,,,,,,,https://www.alternativaimpianti.com/,https://www.alternatyva.it
22056,22056,18141,Viatris Inc,Viavi Solutions Inc,,,,,,,,,,,,,,,www.viatris.com/en,www.viavisolutions.com
22069,22069,1726,Point72 Careers,Points Careers,,,,,,,,,,,,,,,www.point72.com,points.com
22083,22083,19996,Bank of Changsha Co. Ltd,Bank of Chengdu Co. Ltd,,,,,,,,,,,,,,,https://disfold.com/company/bank-of-changsha-co-ltd/,https://disfold.com/company/bank-of-chengdu-co-ltd/
22098,22098,20452,China Tourism Group Duty Free Corp Ltd,China Tower Corp Ltd,,,,,,,,,,,,,,,https://disfold.com/company/china-tourism-group-duty-free-corp-ltd/,https://disfold.com/company/china-tower-corp-ltd/
22118,22118,10868,Celerity Careers,Celestica Inc,,,,,,,,,,,,,,,www.celerity.com,www.celestica.com
22173,22173,9413,Nichicon Corp,Nichiha Corp,,,,,,,,,,,,,,,https://disfold.com/company ichicon-corp/,https://disfold.com/company ichiha-corp/
22179,22179,5373,Saudi Industrial Services Company,Saudi Marketing Company,,,,,,,,,,,,,,,https://disfold.com/company/saudi-industrial-services-company/,https://disfold.com/company/saudi-marketing-company/
22220,22220,18056,Nue-Pro Select,Nuevo Conseil et Formation,,,,,,,,,,,,,,,https://www.nue-proselect.fr,https://www.nuevo.fr/
22226,22226,13726,Everbright Securities Co Ltd,Evercore Inc,,,,,,,,,,,,,,,www.ebscn.com,www.evercore.com
22228,22228,20891,Kinder Morgan Inc,Kindom,,,,,,,,,,,,,,,www.kindermorgan.com,https://www.kindom.com.tw/
22256,22256,18866,Logan Group Co Ltd,LogiNext Solutions,,,,,,,,,,,,,,,www.loganestate.com,https://www.loginextsolutions.com/
22263,22263,4515,Thai Coating Industrial Public Company Ltd,Thai Film Industries Public Company Ltd,,,,,,,,,,,,,,,https://disfold.com/company/thai-coating-industrial-public-company-ltd/,https://disfold.com/company/thai-film-industries-public-company-ltd/
22266,22266,7745,Srisawad Corp Public Company Ltd,Srithai Superware Public Company Ltd,,,,,,,,,,,,,,,https://disfold.com/company/srisawad-corp-public-company-ltd/,https://disfold.com/company/srithai-superware-public-company-ltd/
22305,22305,20149,ADT Inc,ADTRAN Careers,,,,,,,,,,,,,,,www.adt.com,www.adtran.com
22342,22342,6484,Santos Limited,Santova Ltd,,,,,,,,,,,,,,,https://disfold.com/company/santos-limited/,https://disfold.com/company/santova-ltd/
22359,22359,1925,Genting Bhd,Genting Malaysia Bhd,,,,,,,,,,,,,,,www.genting.com,www.gentingmalaysia.com
22366,22366,17661,Pure Storage Inc,PureSoftware,,,,,,,,,,,,,,,www.purestorage.com,https://puresoftware.com/
22385,22385,21764,Mizuho Financial Group Inc,Mizuho Leasing Co Ltd,,,,,,,,,,,,,,,www.mizuho-fg.co.jp,www.mizuho-ls.co.jp
22389,22389,9785,CityMD Careers,Citycon Oyj,,,,,,,,,,,,,,,www.citymd.com,https://disfold.com/company/citycon-oyj/
22393,22393,10358,The National Company for Glass Industries,The Navakij Insurance Public Company Ltd,,,,,,,,,,,,,,,https://disfold.com/company/the-national-company-for-glass-industries/,https://disfold.com/company/the-navakij-insurance-public-company-ltd/
22402,22402,20106,PT Bank Bisnis Internasional Tbk,PT Bank CIMB Niaga Tbk,,,,,,,,,,,,,,,https://disfold.com/company/pt-bank-bisnis-internasional-tbk/,https://disfold.com/company/pt-bank-cimb-niaga-tbk/
22410,22410,9432,Alcon Inc.,"Alcor Micro,Corp",,,,,,,,,,,,,,,https://disfold.com/company/alcon-inc/,https://disfold.com/company/alcor-microcorp/
22416,22416,4252,Argosy Minerals Limited,"Argosy Research, Inc.",,,,,,,,,,,,,,,https://disfold.com/company/argosy-minerals-limited/,https://disfold.com/company/argosy-research-inc/
22438,22438,10790,Snowflake Careers,Snowflake Inc.,,,,,,,,,,,,,,,www.snowflake.com,https://disfold.com/company/snowflake-inc/
22461,22461,14146,Ares Capital Corporation,Ares Management Corporation,,,,,,,,,,,,,,,https://disfold.com/company/ares-capital-corporation/,https://disfold.com/company/ares-management-corporation/
22485,22485,13676,DIVA,DKSH Holding Ltd,,,,,,,,,,,,,,,http://www.ptdvn.com/,www.dksh.com
22504,22504,21207,Arcadia Investment,Arcadia Worldwide Ltd,,,,,,,,,,,,,,,https://www.arcadia-invest.de,https://disfold.com/company/arcadia-worldwide-ltd/
22530,22530,14725,Tencent Holdings Ltd,TenderHut,,,,,,,,,,,,,,,www.tencent.com,https://www.tenderhut.com
22544,22544,6218,"Grupo Lala, S.A.B. de C.V.","Grupo Lamosa, S.A.B. de C.V.",,,,,,,,,,,,,,,https://disfold.com/company/grupo-lala-sab-de-cv/,https://disfold.com/company/grupo-lamosa-sab-de-cv/
22550,22550,18438,China Everbright Greentech Ltd,China Evergrande Group,,,,,,,,,,,,,,,https://disfold.com/company/china-everbright-greentech-ltd/,https://disfold.com/company/china-evergrande-group/
22564,22564,9668,CenterPoint Energy Inc,Centerra Gold Inc.,,,,,,,,,,,,,,,www.centerpointenergy.com,https://disfold.com/company/centerra-gold-inc/
22570,22570,17390,Hap Seng Consolidated Berhad,Happy Bulle,,,,,,,,,,,,,,,www.hapseng.com.my,https://www.happybulle.com
22594,22594,20564,Banca IFIS S.p.A.,Banca Mediolanum S.p.A.,,,,,,,,,,,,,,,https://disfold.com/company/banca-ifis-spa/,https://disfold.com/company/banca-mediolanum-spa/
22599,22599,18123,PCM Granitos Moldurados,PDC Energy Inc,,,,,,,,,,,,,,,https://www.pcmmasene.com/,www.pdce.com
22624,22624,1857,Saha-Union Public Company Ltd,Sahakol Equipment Public Company Ltd,,,,,,,,,,,,,,,https://disfold.com/company/saha-union-public-company-ltd/,https://disfold.com/company/sahakol-equipment-public-company-ltd/
22633,22633,9508,NTT DATA Corp,NTT Data Corp,,,,,,,,,,,,,,,www.nttdata.com/jp,https://disfold.com/company tt-data-corp/
22634,22634,1116,Crown Agents Bank,Crown Castle Inc,,,,,,,,,,,,,,,https://www.crownagentsbank.com/,www.crowncastle.com
22679,22679,8871,Fabelio,Fabrinet,,,,,,,,,,,,,,,https://fabelio.com/,fabrinet.com
22687,22687,13048,Intact Financial Corp,Intas Pharmaceuticals Ltd,,,,,,,,,,,,,,,www.intactfc.com,www.intaspharma.com
22706,22706,7268,Itau Unibanco Holding SA,Itausa SA,,,,,,,,,,,,,,,www.itauunibanco.com.br,www.itausa.com.br
22716,22716,15904,Champion Iron Limited,Champion Microelectronic Corp,,,,,,,,,,,,,,,https://disfold.com/company/champion-iron-limited/,https://disfold.com/company/champion-microelectronic-corp/
22724,22724,7385,Nishi-Nippon Railroad Co Ltd,Nishimatsu Construction Co Ltd,,,,,,,,,,,,,,,www.nishitetsu.co.jp,www.nishimatsu.co.jp
22737,22737,12467,Restaurant Brands International Inc.,Restaurant Brands New Zealand Limited,,,,,,,,,,,,,,,https://disfold.com/company/restaurant-brands-international-inc/,https://disfold.com/company/restaurant-brands-new-zealand-limited/
22738,22738,3516,China Petroleum Engineering Corp,China Power International Development Ltd,,,,,,,,,,,,,,,https://disfold.com/company/china-petroleum-engineering-corp/,https://disfold.com/company/china-power-international-development-ltd/
22746,22746,6459,"Formosan Rubber Group, Inc.",Formula One Group,,,,,,,,,,,,,,,https://disfold.com/company/formosan-rubber-group-inc/,https://disfold.com/company/formula-one-group/
22765,22765,3751,Hostess Brands Inc,Hostmaker,,,,,,,,,,,,,,,www.hostessbrands.com,https://hostmaker.com/
22806,22806,16711,Advantage Oil & Gas Ltd.,Advantech Co. Ltd,,,,,,,,,,,,,,,https://disfold.com/company/advantage-oil-gas-ltd/,https://disfold.com/company/advantech-co-ltd/
22815,22815,14456,Thai Enger Holding Public Company Ltd,Thai Group Holdings Public Company Ltd,,,,,,,,,,,,,,,https://disfold.com/company/thai-enger-holding-public-company-ltd/,https://disfold.com/company/thai-group-holdings-public-company-ltd/
22846,22846,18669,PT Bank BRIsyariah Tbk,PT Bank BTPN Tbk,,,,,,,,,,,,,,,https://disfold.com/company/pt-bank-brisyariah-tbk/,https://disfold.com/company/pt-bank-btpn-tbk/
22852,22852,16452,HackerOne Careers,Haemonetics Corp,,,,,,,,,,,,,,,hackerone.com,www.haemonetics.com
22905,22905,18635,Medix Careers,Medline Industries Inc,,,,,,,,,,,,,,,www.medixteam.com,www.medline.com
22943,22943,16082,Fuyao Glass Industry Group Co. Ltd,Fuyo General Lease Co. Ltd,,,,,,,,,,,,,,,https://disfold.com/company/fuyao-glass-industry-group-co-ltd/,https://disfold.com/company/fuyo-general-lease-co-ltd/
23008,23008,16260,Horace Mann Educators Corp,Horiba Ltd,,,,,,,,,,,,,,,www.horacemann.com,www.horiba.com
23085,23085,4517,Oyak Yatirim Ortakligi AS,Ozak Gayrimenkul Yatirim Ortakligi A.S.,,,,,,,,,,,,,,,https://disfold.com/company/oyak-yatirim-ortakligi-as/,https://disfold.com/company/ozak-gayrimenkul-yatirim-ortakligi-as/
23101,23101,2040,PicoCELA,PicoCela,,,,,,,,,,,,,,,https://picocela.com/,https://www.picocela.com/
23142,23142,7200,Ayala Corp,"Ayala Pharmaceuticals, Inc.",,,,,,,,,,,,,,,www.ayala.com.ph,https://disfold.com/company/ayala-pharmaceuticals-inc/
23153,23153,16962,KWS SAAT SE & Co KGaA,KWah International Holdings Ltd,,,,,,,,,,,,,,,www.kws.com,www.kwih.com
23155,23155,17556,Samsonite International SA,Samsung Biologics Co Ltd,,,,,,,,,,,,,,,www.samsonite.com,samsungbiologics.com
23170,23170,21671,Daewoo Engineering & Construction Co Ltd,Daewoong Pharmaceutical Co Ltd,,,,,,,,,,,,,,,www.daewooenc.com,www.daewoong.com
23200,23200,2138,Cogeco Communications Inc.,Cogeco Inc.,,,,,,,,,,,,,,,https://disfold.com/company/cogeco-communications-inc/,https://disfold.com/company/cogeco-inc/
23211,23211,2593,Le Studio LED,LeHibou,,,,,,,,,,,,,,,https://www.lestudioled.com,https://www.lehibou.com/
23225,23225,4152,Workable Technology,Workday Careers,,,,,,,,,,,,,,,https://www.workable.com,www.workday.com
23227,23227,12453,Havas SA,Haverty Furniture Companies Inc,,,,,,,,,,,,,,,www.havasgroup.com,www.havertys.com
23230,23230,8773,HubSpot Inc,Hubbell Inc,,,,,,,,,,,,,,,www.hubspot.com,www.hubbell.com
23233,23233,8397,Flowers Foods Inc,Flowserve Corp,,,,,,,,,,,,,,,www.flowersfoods.com,www.flowserve.com
23251,23251,1895,Schindler Holding Ltd,Schlimgen Logistics Solutions,,,,,,,,,,,,,,,www.schindler.com,https://www.schlimgen.com
23257,23257,23059,Helpshift Careers,Helvetia Group,,,,,,,,,,,,,,,www.helpshift.com,www.helvetia.com
23259,23259,4399,Statista Careers,StatsBomb,,,,,,,,,,,,,,,www.statista.com,https://statsbomb.com/
23271,23271,5562,Publicis Sapient Careers,Publix Super Markets Inc,,,,,,,,,,,,,,,www.publicissapient.com,www.publix.com
23274,23274,2714,Public Joint-Stock Company Rusgrain Holding,Public Joint-Stock Company TNS energo Nizhny Novgorod,,,,,,,,,,,,,,,https://disfold.com/company/public-joint-stock-company-rusgrain-holding/,https://disfold.com/company/public-joint-stock-company-tns-energo-nizhny-novgorod/
23279,23279,20917,Carrefour SA,CarrefourSA Carrefour Sabanci Ticaret Merkezi AS,,,,,,,,,,,,,,,https://disfold.com/company/carrefour-sa/,www.carrefoursa.com
23288,23288,18918,Empresas Hites SA,Empresas Lipigas SA,,,,,,,,,,,,,,,https://disfold.com/company/empresas-hites-sa/,https://disfold.com/company/empresas-lipigas-sa/
23289,23289,525,Cigna Corp,Cigniti Careers,,,,,,,,,,,,,,,www.cigna.com,www.cigniti.com
23290,23290,23257,Helmerich & Payne Inc,Helpshift Careers,,,,,,,,,,,,,,,www.helmerichpayne.com,www.helpshift.com
23363,23363,7101,ORBIS AG,ORIOR AG,,,,,,,,,,,,,,,https://disfold.com/company/orbis-ag/,https://disfold.com/company/orior-ag/
23374,23374,20559,Brambles Limited,Brampton Brick Limited,,,,,,,,,,,,,,,https://disfold.com/company/brambles-limited/,https://disfold.com/company/brampton-brick-limited/
23418,23418,13570,"Abaco Systems, Inc. Careers",Abalia Consulting,,,,,,,,,,,,,,,www.abaco.com,https://www.abalia.com
23457,23457,2128,Allegis Group Inc,Allen & Overy LLP,,,,,,,,,,,,,,,www.allegisgroup.com,www.allenovery.com
23461,23461,20546,Accelerate Property Fund Ltd,Acceleware Ltd,,,,,,,,,,,,,,,https://disfold.com/company/accelerate-property-fund-ltd/,https://disfold.com/company/acceleware-ltd/
23465,23465,20768,Ryder Careers,Ryerson Holding Corp,,,,,,,,,,,,,,,www.ryder.com,ir.ryerson.com
23470,23470,21988,Sampo Corp,Sampo plc,,,,,,,,,,,,,,,https://disfold.com/company/sampo-corp/,www.sampo.com
23474,23474,13912,"Huaneng Lancang River Hydropower, Inc.","Huaneng Power International, Inc.",,,,,,,,,,,,,,,https://disfold.com/company/huaneng-lancang-river-hydropower-inc/,https://disfold.com/company/huaneng-power-international-inc/
23484,23484,13,Singapore Paincare Holdings Ltd,Singapore Press Holdings Ltd,,,,,,,,,,,,,,,https://disfold.com/company/singapore-paincare-holdings-ltd/,https://disfold.com/company/singapore-press-holdings-ltd/
23493,23493,9250,MedPark,"MedPeer,Inc.",,,,,,,,,,,,,,,https://www.medpark.net/,https://disfold.com/company/medpeerinc/
23512,23512,12740,Aberdeen New India Investment Trust plc,Aberdeen Standard Equity Income Trust plc,,,,,,,,,,,,,,,https://disfold.com/company/aberdeen-new-india-investment-trust-plc/,https://disfold.com/company/aberdeen-standard-equity-income-trust-plc/
23514,23514,8967,Solutions 30 SE,Soluzione Tasse,,,,,,,,,,,,,,,www.solutions30.com,https://www.soluzionetasse.com/
23516,23516,3634,Analog Devices Careers,"Analog Devices, Inc.",,,,,,,,,,,,,,,www.analog.com,https://disfold.com/company/analog-devices-inc/
23523,23523,7506,iFAST Corp Ltd,iFabric Corp.,,,,,,,,,,,,,,,https://disfold.com/company/ifast-corp-ltd/,https://disfold.com/company/ifabric-corp/
23531,23531,11131,Empresas Gasco SA,Empresas La Polar SA,,,,,,,,,,,,,,,https://disfold.com/company/empresas-gasco-sa/,https://disfold.com/company/empresas-la-polar-sa/
23554,23554,3178,Service Stream Ltd,ServiceMaster Careers,,,,,,,,,,,,,,,www.servicestream.com.au,www.servicemaster.com
23565,23565,6761,Pegatron Corp,Pegavision Corp,,,,,,,,,,,,,,,https://disfold.com/company/pegatron-corp/,https://disfold.com/company/pegavision-corp/
23596,23596,15673,China Shipbuilding Industry Company Ltd,China Shuifa Singyes Energy Holdings Ltd,,,,,,,,,,,,,,,https://disfold.com/company/china-shipbuilding-industry-company-ltd/,https://disfold.com/company/china-shuifa-singyes-energy-holdings-ltd/
23611,23611,8940,Tokyo Seimitsu Co. Ltd,Tokyo Tatemono Co. Ltd,,,,,,,,,,,,,,,https://disfold.com/company/tokyo-seimitsu-co-ltd/,https://disfold.com/company/tokyo-tatemono-co-ltd/
23619,23619,8582,Sasmos,Sasol Ltd,,,,,,,,,,,,,,,https://www.sasmos.com/,www.sasol.com
23654,23654,3756,Baillie Gifford Shin Nippon plc,Baillie Gifford US Growth Trust plc,,,,,,,,,,,,,,,https://disfold.com/company/baillie-gifford-shin-nippon-plc/,https://disfold.com/company/baillie-gifford-us-growth-trust-plc/
23678,23678,534,Compuage Infocom Ltd,Compugen Ltd.,,,,,,,,,,,,,,,https://disfold.com/company/compuage-infocom-ltd/,https://disfold.com/company/compugen-ltd/
23722,23722,7971,Groq Careers,Group 1 Automotive Inc,,,,,,,,,,,,,,,groq.com,www.group1auto.com
23725,23725,5254,Sahamit Machinery Public Company Ltd,Sahara International Petrochemical Company,,,,,,,,,,,,,,,https://disfold.com/company/sahamit-machinery-public-company-ltd/,https://disfold.com/company/sahara-international-petrochemical-company/
23753,23753,3182,Banco do Estado do Rio Grande do Sul SA,Banco do Nordeste do Brasil SA,,,,,,,,,,,,,,,https://disfold.com/company/banco-do-estado-do-rio-grande-do-sul-sa/,https://disfold.com/company/banco-do-nordeste-do-brasil-sa/
23773,23773,11865,Carr's Group plc,Carraro S.p.A.,,,,,,,,,,,,,,,https://disfold.com/company/carrs-group-plc/,https://disfold.com/company/carraro-spa/
23776,23776,19830,Sienna Senior Living Inc.,"Sierra Oncology, Inc.",,,,,,,,,,,,,,,https://disfold.com/company/sienna-senior-living-inc/,https://disfold.com/company/sierra-oncology-inc/
23805,23805,6758,WorkFusion Careers,Workable Software,,,,,,,,,,,,,,,www.workfusion.com,https://www.workable.com/
23832,23832,6618,Siemens AG,Siemens Energy AG,,,,,,,,,,,,,,,www.siemens.com,www.siemens-energy.com
23844,23844,9551,Rackforest,RadNet Inc,,,,,,,,,,,,,,,https://rackforest.com,www.radnet.com
23882,23882,4575,Targa Resources Partners LP,Target Circle,,,,,,,,,,,,,,,www.targaresources.com,https://www.targetcircle.com
23885,23885,1853,NEPC Careers,NERA Economic Consulting Careers,,,,,,,,,,,,,,,www.nepc.com,www.nera.com
23886,23886,11027,SaaS Labs,Saab Defense and Security USA Careers,,,,,,,,,,,,,,,https://saaslabs.co/,www.saabusa.com
23900,23900,9280,PT Capital Financial Indonesia Tbk,PT Capitol Nusantara Indonesia Tbk,,,,,,,,,,,,,,,https://disfold.com/company/pt-capital-financial-indonesia-tbk/,https://disfold.com/company/pt-capitol-nusantara-indonesia-tbk/
23946,23946,22001,Fountain Set (Holdings) Ltd,Fourace Industries Group Holdings Ltd,,,,,,,,,,,,,,,https://disfold.com/company/fountain-set-holdings-ltd/,https://disfold.com/company/fourace-industries-group-holdings-ltd/
23949,23949,7634,Caisse Regionale de Credit Agricole Mutuel Alpes Provence,Caisse Regionale de Credit Agricole Mutuel Nord de France,,,,,,,,,,,,,,,https://disfold.com/company/caisse-regionale-de-credit-agricole-mutuel-alpes-provence/,https://disfold.com/company/caisse-regionale-de-credit-agricole-mutuel-nord-de-france/
23967,23967,15563,Godel Technologies Europe,Godrej Agrovet Ltd,,,,,,,,,,,,,,,https://www.godeltech.com/,www.godrejagrovet.com
23977,23977,7198,Mercado Libre Careers,"MercadoLibre, Inc.",,,,,,,,,,,,,,,www.mercadolibre.com.mx,https://disfold.com/company/mercadolibre-inc/
23987,23987,4669,Toshiba Corp,Toshiba Tec Corp,,,,,,,,,,,,,,,https://disfold.com/company/toshiba-corp/,https://disfold.com/company/toshiba-tec-corp/
24020,24020,20042,Samart Corp Public Company Ltd,Samart Telcoms Public Company Ltd,,,,,,,,,,,,,,,https://disfold.com/company/samart-corp-public-company-ltd/,https://disfold.com/company/samart-telcoms-public-company-ltd/
24024,24024,15377,"Naturgy BAN, SA","Naturgy Energy Group, SA",,,,,,,,,,,,,,,https://disfold.com/company aturgy-ban-sa/,https://disfold.com/company aturgy-energy-group-sa/
24080,24080,2875,High Volt Electrical,"HighGold Mining, Inc.",,,,,,,,,,,,,,,http://www.highvolt.in/,https://disfold.com/company/highgold-mining-inc/
24096,24096,23454,Thai Oil Public Company Ltd,Thai Packaging & Printing Public Company Ltd,,,,,,,,,,,,,,,https://disfold.com/company/thai-oil-public-company-ltd/,https://disfold.com/company/thai-packaging-printing-public-company-ltd/
24149,24149,16237,Applause Careers,Apple Inc,,,,,,,,,,,,,,,www.applause.com,www.apple.com
24180,24180,7186,Nauto Careers,Naval Group,,,,,,,,,,,,,,,www.nauto.com,www.naval-group.com
24186,24186,12372,Samsung Card Co Ltd,Samsung Electronics Co Ltd,,,,,,,,,,,,,,,www.samsungcard.com,www.samsung.com
24190,24190,7948,Clever Careers,Cleveron,,,,,,,,,,,,,,,clever.com,https://cleveron.com
24221,24221,6517,Piramal Enterprises Ltd,Pirelli & C SpA,,,,,,,,,,,,,,,www.piramal.com,www.pirelli.com
24233,24233,9628,Amadeus Careers,Amadeus IT Group SA,,,,,,,,,,,,,,,www.amadeus.com,amadeus.com/es
24236,24236,22087,Aquila,Aquis Exchange,,,,,,,,,,,,,,,https://disfold.com/company/aquila/,http://www.aquis.eu/
24239,24239,3769,Aflac Careers,Aflac Incorporated,,,,,,,,,,,,,,,www.aflac.com,https://disfold.com/company/aflac-incorporated/
24240,24240,3899,Sumitomo Bakelite Company Ltd,Sumitomo Chemical Company Ltd,,,,,,,,,,,,,,,https://disfold.com/company/sumitomo-bakelite-company-ltd/,https://disfold.com/company/sumitomo-chemical-company-ltd/
24252,24252,15048,Alliance Pharma plc,Alliance Trust plc,,,,,,,,,,,,,,,https://disfold.com/company/alliance-pharma-plc/,https://disfold.com/company/alliance-trust-plc/
24263,24263,23486,Speed Tech,Speedway Careers,,,,,,,,,,,,,,,https://www.speedtech.com.tw/,speedway.com
24285,24285,19505,Vienna Insurance Group AG,Vietnam Airlines JSC,,,,,,,,,,,,,,,www.vig.com,www.vietnamairlines.com
24301,24301,1659,BBR Holdings,BBTV Holdings Inc.,,,,,,,,,,,,,,,https://disfold.com/company/bbr-holdings/,https://disfold.com/company/bbtv-holdings-inc/
24307,24307,12581,Domino's Pizza Group plc,"Domino's Pizza, Inc.",,,,,,,,,,,,,,,https://disfold.com/company/dominos-pizza-group-plc/,https://disfold.com/company/domino-s-pizza-inc/
24317,24317,3569,Fundbox Careers,Funding Options,,,,,,,,,,,,,,,fundbox.com,https://www.fundingoptions.com
24325,24325,13811,Reliance Steel & Aluminum Co,Reliance Worldwide Corporation Ltd,,,,,,,,,,,,,,,www.rsac.com,www.rwc.com
24330,24330,20225,Public Joint Stock Company Gazprom,Public Joint Stock Company Group of Companies TNS energo,,,,,,,,,,,,,,,https://disfold.com/company/public-joint-stock-company-gazprom/,https://disfold.com/company/public-joint-stock-company-group-of-companies-tns-energo/
24339,24339,13102,Ameriprise Financial Inc,Ameris Bancorp,,,,,,,,,,,,,,,www.ameriprise.com,www.amerisbank.com
24340,24340,20804,Karsan Otomotiv Sanayii ve Ticaret A.S.,Karsu Tekstil Sanayii ve Ticaret A.S.,,,,,,,,,,,,,,,https://disfold.com/company/karsan-otomotiv-sanayii-ve-ticaret-as/,https://disfold.com/company/karsu-tekstil-sanayii-ve-ticaret-as/
24346,24346,17687,Jack Henry & Associates Inc,Jack in the Box Inc,,,,,,,,,,,,,,,www.jackhenry.com,www.jackinthebox.com
24363,24363,23064,Thai-German Products Public Company Ltd,Thaifoods Group Public Company Ltd,,,,,,,,,,,,,,,https://disfold.com/company/thai-german-products-public-company-ltd/,https://disfold.com/company/thaifoods-group-public-company-ltd/
24368,24368,5875,Exotec,Expanded Impact Careers,,,,,,,,,,,,,,,https://www.exotec.com/,www.expandedimpact.com
24391,24391,10652,Thai Stanley Electric Public Company Ltd,Thai Sugar Terminal Public Company Ltd,,,,,,,,,,,,,,,https://disfold.com/company/thai-stanley-electric-public-company-ltd/,https://disfold.com/company/thai-sugar-terminal-public-company-ltd/
24410,24410,12164,Anadolu Anonim Türk Sigorta Sirketi,Anadolu Hayat Emeklilik Anonim Sirketi,,,,,,,,,,,,,,,https://disfold.com/company/anadolu-anonim-turk-sigorta-sirketi/,https://disfold.com/company/anadolu-hayat-emeklilik-anonim-sirketi/
24424,24424,19291,Parkster,Parlem Telecom Companyia de Telecomunicacions,,,,,,,,,,,,,,,https://www.parkster.com/se/,https://www.parlem.com
24440,24440,14116,United Microelectronics Corp,United Natural Foods Inc,,,,,,,,,,,,,,,www.umc.com,www.unfi.com
24462,24462,19522,Tronox Holdings Plc,Tropic Skincare,,,,,,,,,,,,,,,www.tronox.com,https://tropicskincare.com/
24474,24474,8327,Mednax Inc,Medtecs,,,,,,,,,,,,,,,www.mednax.com,https://www.medtecs.com/
24487,24487,320,Housing Development Finance Corporation Ltd,Hovnanian Enterprises Inc,,,,,,,,,,,,,,,www.hdfc.com,www.khov.com
24489,24489,23562,SNC-Lavalin Group Inc,SNCF Group,,,,,,,,,,,,,,,www.snclavalin.com,www.sncf.com
24493,24493,2405,PT Bank Neo Commerce Tbk,PT Bank OCBC NISP Tbk,,,,,,,,,,,,,,,https://disfold.com/company/pt-bank-neo-commerce-tbk/,https://disfold.com/company/pt-bank-ocbc-nisp-tbk/
24500,24500,20407,Advanced Ceramic X Corp,Advanced Connection Corp Public Company Ltd,,,,,,,,,,,,,,,https://disfold.com/company/advanced-ceramic-x-corp/,https://disfold.com/company/advanced-connection-corp-public-company-ltd/
24504,24504,17280,Topchoice Medical Corp,Topco Technologies Corp,,,,,,,,,,,,,,,https://disfold.com/company/topchoice-medical-corp/,https://disfold.com/company/topco-technologies-corp/
24525,24525,8286,MailUp,Mailgun Technologies Careers,,,,,,,,,,,,,,,https://www.mailupgroup.com,www.mailgun.com
24527,24527,19309,Brookfield Business Partners LP,Brookfield Infrastructure Partners LP,,,,,,,,,,,,,,,bbu.brookfield.com,bip.brookfield.com/en
24529,24529,2805,INDOS Financial,INDUSTRY Careers,,,,,,,,,,,,,,,https://indosgroup.com/,www.industrypdx.com
24547,24547,21578,Toho Gas Co Ltd,Toho Holdings Co Ltd,,,,,,,,,,,,,,,www.tohogas.co.jp,www.tohohd.co.jp
24588,24588,10447,Wells Fargo & Co,Wellynx,,,,,,,,,,,,,,,www.wellsfargo.com,https://www.wellynx.com
24604,24604,13107,Aberdeen Income Credit Strategies Fund,Aberdeen New Dawn Investment Trust plc,,,,,,,,,,,,,,,https://disfold.com/company/aberdeen-income-credit-strategies-fund/,https://disfold.com/company/aberdeen-new-dawn-investment-trust-plc/
24625,24625,14895,Capital Numbers,Capital One Financial Corp,,,,,,,,,,,,,,,https://www.capitalnumbers.com/,www.capitalone.com
24641,24641,7475,Biosite Systems,"Biosyent, Inc.",,,,,,,,,,,,,,,https://www.biositesystems.com/,https://disfold.com/company/biosyent-inc/
24646,24646,17400,Alltop Technology Co. Ltd,"Allwinnertech Technology Co.,Ltd.",,,,,,,,,,,,,,,https://disfold.com/company/alltop-technology-co-ltd/,https://disfold.com/company/allwinnertech-technology-coltd/
24650,24650,1094,WSP Global Inc,WT Microelectronics,,,,,,,,,,,,,,,www.wsp.com,http://www.wtmec.com/
24653,24653,19928,Freudenberg Group Careers,Frg,,,,,,,,,,,,,,,www.freudenberg.com,https://www.frg.eu.com
24672,24672,18423,Australian Clinical Labs Ltd,Australian Finance Group Limited,,,,,,,,,,,,,,,https://disfold.com/company/australian-clinical-labs-ltd/,https://disfold.com/company/australian-finance-group-limited/
24697,24697,21632,The Saudi British Bank,The Saudi National Bank,,,,,,,,,,,,,,,https://disfold.com/company/the-saudi-british-bank/,https://disfold.com/company/the-saudi-national-bank/
24708,24708,8159,Tata Communications Ltd,Tata Consumer Products Ltd,,,,,,,,,,,,,,,www.tatacommunications.com,www.tataconsumer.com
24729,24729,9009,Quality Hospitality Leasehold Property Fund,Quality Houses Property Fund,,,,,,,,,,,,,,,https://disfold.com/company/quality-hospitality-leasehold-property-fund/,https://disfold.com/company/quality-houses-property-fund/
24747,24747,8072,UAB Hostinger,UAB Integre Trans,,,,,,,,,,,,,,,https://www.hostinger.com/,https://www.integretrans.com/
24764,24764,11220,Glassbox Digital UK,Glaucus,,,,,,,,,,,,,,,https://www.glassboxdigital.com/,https://www.glaucuslogistics.com/
24772,24772,10037,Groupe N.A.T,Groupe PERSPECTIVE,,,,,,,,,,,,,,,https://www.groupe-nat.fr,https://www.groupe-perspective.fr/
24774,24774,15257,Petronas Gas Bhd,Petropavlovsk PLC,,,,,,,,,,,,,,,www.petronasgas.com,petropavlovskplc.com
24806,24806,10384,"Public Joint Stock Company ""Quadra - Power Generation""","Public Joint Stock Company ""ROSSETI South""",,,,,,,,,,,,,,,https://disfold.com/company/public-joint-stock-company-quadra-power-generation/,https://disfold.com/company/public-joint-stock-company-rosseti-south/
24827,24827,15794,Murphy Oil Corp,Murphy USA Inc,,,,,,,,,,,,,,,www.murphyoilcorp.com,www.murphyusa.com
24832,24832,6279,Challenger Limited,Challenger Technologies Ltd,,,,,,,,,,,,,,,https://disfold.com/company/challenger-limited/,https://disfold.com/company/challenger-technologies-ltd/
24837,24837,24475,Groupe SFPI SA,Groupe Tera SACA,,,,,,,,,,,,,,,https://disfold.com/company/groupe-sfpi-sa/,https://disfold.com/company/groupe-tera-saca/
24845,24845,19418,Jiangsu Hengli Hydraulic Co. Ltd,Jiangsu Hengrui Medicine Co. Ltd,,,,,,,,,,,,,,,https://disfold.com/company/jiangsu-hengli-hydraulic-co-ltd/,https://disfold.com/company/jiangsu-hengrui-medicine-co-ltd/
24847,24847,9989,EnerSys,Enercotec Servicios,,,,,,,,,,,,,,,www.enersys.com,https://www.enercotec.com
24856,24856,17697,Taiwan Mobile Co. Ltd,Taiwan Optical Platform Co. Ltd,,,,,,,,,,,,,,,https://disfold.com/company/taiwan-mobile-co-ltd/,https://disfold.com/company/taiwan-optical-platform-co-ltd/
24861,24861,12927,Deutsche Lufthansa AG,Deutsche Post AG,,,,,,,,,,,,,,,https://disfold.com/company/deutsche-lufthansa-ag/,https://disfold.com/company/deutsche-post-ag/
24863,24863,16455,Equinix Inc,Equinor ASA,,,,,,,,,,,,,,,www.equinix.com,www.equinor.com
24884,24884,3897,Alkem Laboratories Ltd,Alkemy S.p.A.,,,,,,,,,,,,,,,www.alkemlabs.com,https://disfold.com/company/alkemy-spa/
24902,24902,2903,Recticel SA/NV,Recylex SA,,,,,,,,,,,,,,,https://disfold.com/company/recticel-sanv/,https://disfold.com/company/recylex-sa/
24905,24905,23134,Masan Group Corp,Masco Corp,,,,,,,,,,,,,,,masangroup.com,masco.com
24943,24943,12503,Jackson National Life Insurance Co,Jacobs Solutions Inc,,,,,,,,,,,,,,,www.jackson.com/,www.jacobs.com
24958,24958,597,Banque Cantonale Vaudoise,Banque Cantonale du Jura SA,,,,,,,,,,,,,,,https://disfold.com/company/banque-cantonale-vaudoise/,https://disfold.com/company/banque-cantonale-du-jura-sa/
24987,24987,10494,Joyful Honda Co Ltd,Joyoung Co Ltd,,,,,,,,,,,,,,,www.joyfulhonda.com,www.joyoung.com
24988,24988,19568,Casino Guichard-Perrachon SA,Casio Computer Co Ltd,,,,,,,,,,,,,,,www.groupe-casino.fr,casio.jp
24996,24996,1370,"Beijing Kingsoft Office Software, Inc.",Beijing North Star Co Ltd,,,,,,,,,,,,,,,https://disfold.com/company/beijing-kingsoft-office-software-inc/,www.beijingns.com.cn
25014,25014,19791,Banco Mercantil do Brasil SA,Banco Pan SA,,,,,,,,,,,,,,,https://disfold.com/company/banco-mercantil-do-brasil-sa/,https://disfold.com/company/banco-pan-sa/
25018,25018,14757,The Conygar Investment Company plc,"The Cooper Companies, Inc.",,,,,,,,,,,,,,,https://disfold.com/company/the-conygar-investment-company-plc/,https://disfold.com/company/cooper-companies-inc/
25028,25028,19958,Miwon Chemicals Co. Ltd,Miwon Specialty Chemical Co. Ltd,,,,,,,,,,,,,,,https://disfold.com/company/miwon-chemicals-co-ltd/,https://disfold.com/company/miwon-specialty-chemical-co-ltd/
25046,25046,9015,"Anthem, Inc.",Anthesis,,,,,,,,,,,,,,,https://disfold.com/company/anthem-inc/,https://www.anthesis.co.uk/
25047,25047,8321,Dreadnought Resources Limited,Dream Industrial Real Estate Investment Trust,,,,,,,,,,,,,,,https://disfold.com/company/dreadnought-resources-limited/,https://disfold.com/company/dream-industrial-reit/
25059,25059,6217,PT Indonesia Transport & Infrastructure Tbk,PT Indonesian Tobacco Tbk,,,,,,,,,,,,,,,https://disfold.com/company/pt-indonesia-transport-infrastructure-tbk/,https://disfold.com/company/pt-indonesian-tobacco-tbk/
25060,25060,512,Saudi Real Estate Company,Saudi Steel Pipes Company,,,,,,,,,,,,,,,https://disfold.com/company/saudi-real-estate-company/,https://disfold.com/company/saudi-steel-pipes-company/
25065,25065,4761,Mitsubishi Paper Mills Ltd,Mitsubishi Research Institute Inc,,,,,,,,,,,,,,,www.mpm.co.jp,www.mri.co.jp
25083,25083,18136,Tianjin Development Holdings Ltd,Tianjin Port Development Holdings Ltd,,,,,,,,,,,,,,,https://disfold.com/company/tianjin-development-holdings-ltd/,https://disfold.com/company/tianjin-port-development-holdings-ltd/
25167,25167,22092,Seagull Pharma,Sealed Air Corp,,,,,,,,,,,,,,,http://seagullpharma.com/,sealedair.com
25170,25170,12806,Charter Hall Long WALE REIT,Charter Hall Social Infrastructure REIT,,,,,,,,,,,,,,,https://disfold.com/company/charter-hall-long-wale-reit/,https://disfold.com/company/charter-hall-social-infrastructure-reit/
25186,25186,6879,ABM Industries Inc,ABN AMRO Bank NV,,,,,,,,,,,,,,,www.abm.com,www.abnamro.com
25218,25218,7360,Fufeng Group Ltd,Fugro NV,,,,,,,,,,,,,,,www.fufeng-group.com,www.fugro.com
25222,25222,24458,Tecnimed,Tecnogiardini,,,,,,,,,,,,,,,https://www.tecnimed.it/,https://www.tecnogiardini.it
25238,25238,17408,Expeditors International of Washington Inc,Experian PLC,,,,,,,,,,,,,,,www.expeditors.com,www.experianplc.com
25244,25244,11806,"Schnitzer Steel Industries, Inc.",Scholastic Corp,,,,,,,,,,,,,,,www.schnitzersteel.com,www.scholastic.com
25268,25268,4703,Regen Power,Regency Centers Corp,,,,,,,,,,,,,,,https://regenpower.com/,www.regencycenters.com
25306,25306,475,PT Kawasan Industri Jababeka Tbk,PT Kedawung Setia Industrial Tbk,,,,,,,,,,,,,,,https://disfold.com/company/pt-kawasan-industri-jababeka-tbk/,https://disfold.com/company/pt-kedawung-setia-industrial-tbk/
25320,25320,19352,"Grupo TMM, S.A.B.","Grupo Televisa, S.A.B.",,,,,,,,,,,,,,,https://disfold.com/company/grupo-tmm-sab/,https://disfold.com/company/grupo-televisa-sab/
25340,25340,20629,Feiniko,Feiniko Handelsgesellschaft mbH,,,,,,,,,,,,,,,https://www.feiniko.de,https://www.feiniko.de
25345,25345,19832,Toppan Forms Co Ltd,Toppan Inc,,,,,,,,,,,,,,,www.toppan-f.co.jp,www.toppan.co.jp
25364,25364,21432,Frasers Property,Frasers Property Ltd,,,,,,,,,,,,,,,https://disfold.com/company/frasers-property/,https://disfold.com/company/frasers-property-ltd/
25378,25378,15920,Tetra Consulting & Engineering,Tetra Pak International SA,,,,,,,,,,,,,,,https://www.tetrace.com,www.tetrapak.com
25382,25382,5539,PT Bank Maybank Indonesia Tbk,PT Bank Mestika Dharma Tbk,,,,,,,,,,,,,,,https://disfold.com/company/pt-bank-maybank-indonesia-tbk/,https://disfold.com/company/pt-bank-mestika-dharma-tbk/
25387,25387,7997,Inventec Corp,Inventrust Properties Corp,,,,,,,,,,,,,,,https://disfold.com/company/inventec-corp/,https://disfold.com/company/inventrust-properties-corp/
25391,25391,19948,Eze Software Careers,Ezz Steel Company SAE,,,,,,,,,,,,,,,www.ezesoft.com,www.ezzindustries.com
25394,25394,10461,Alibaba Group Holding Ltd,Alibaba Pictures Group Ltd,,,,,,,,,,,,,,,www.alibabagroup.com,https://disfold.com/company/alibaba-pictures-group-ltd/
25409,25409,23153,KWG Group Holdings Ltd,KWS SAAT SE & Co KGaA,,,,,,,,,,,,,,,www.kwggroupholdings.com,www.kws.com
25437,25437,17874,Avistar Careers,Aviva Plc,,,,,,,,,,,,,,,avistar.com,www.aviva.com
25440,25440,7824,"Bank of Guiyang Co.,Ltd.",Bank of Hangzhou Co. Ltd,,,,,,,,,,,,,,,https://disfold.com/company/bank-of-guiyang-coltd/,https://disfold.com/company/bank-of-hangzhou-co-ltd/
25447,25447,18655,Public Joint-Stock Company Unipro,Public Joint-stock Company TNS energo Mari El,,,,,,,,,,,,,,,https://disfold.com/company/public-joint-stock-company-unipro/,https://disfold.com/company/public-joint-stock-company-tns-energo-mari-el/
25451,25451,13306,Beijing Wandong Medical Technology Co. Ltd,Beijing Xinleineng Technology Co. Ltd,,,,,,,,,,,,,,,https://disfold.com/company/beijing-wandong-medical-technology-co-ltd/,https://disfold.com/company/beijing-xinleineng-technology-co-ltd/
25467,25467,78,OMD Careers,OMV AG,,,,,,,,,,,,,,,www.omd.com,www.omv.com
25481,25481,6636,Doctor Hail,Doctor Hail spa,,,,,,,,,,,,,,,https://www.dottorgrandine.com,https://www.dottorgrandine.com/
25486,25486,2242,TBEA Co. Ltd,TBI MOTION Technology Co. Ltd,,,,,,,,,,,,,,,https://disfold.com/company/tbea-co-ltd/,https://disfold.com/company/tbi-motion-technology-co-ltd/
25492,25492,13398,China Railway Construction Corp Ltd,China Railway Hi-tech Industry Corp Ltd,,,,,,,,,,,,,,,https://disfold.com/company/china-railway-construction-corp-ltd/,https://disfold.com/company/china-railway-hi-tech-industry-corp-ltd/
25514,25514,17235,Icon Outsourcing*,Idacorp Inc,,,,,,,,,,,,,,,https://www.iconcsgroup.com,www.idacorpinc.com
25529,25529,24506,Exelixis Inc,Exelon Corp,,,,,,,,,,,,,,,www.exelixis.com,www.exeloncorp.com
25530,25530,14361,PT Asia Pacific Fibers Tbk,PT Asia Sejahtera Mina Tbk,,,,,,,,,,,,,,,https://disfold.com/company/pt-asia-pacific-fibers-tbk/,https://disfold.com/company/pt-asia-sejahtera-mina-tbk/
857,857,102,AJ2,AJ2 Holdings,,,,,,,,,,,,,,,https://www.tcb.com.sg/,https://www.tcb.com.sg/
1125,1125,1111,StrongArm Tech Careers,Structural Careers,,,,,,,,,,,,,,,www.strongarmtech.com,www.structural.com
1177,1177,1000,Advanced Share Registry Limited,Advanced Systems Automation Ltd,,,,,,,,,,,,,,,https://disfold.com/company/advanced-share-registry-limited/,https://disfold.com/company/advanced-systems-automation-ltd/
1388,1388,782,BH Global Limited,BH Macro Limited GBP,,,,,,,,,,,,,,,https://disfold.com/company/bh-global-limited/,https://disfold.com/company/bh-macro-limited-gbp/
1450,1450,422,Asia Precision Public Company Ltd,Asia Sermkij Leasing Public Company Ltd,,,,,,,,,,,,,,,https://disfold.com/company/asia-precision-public-company-ltd/,https://disfold.com/company/asia-sermkij-leasing-public-company-ltd/
2132,2132,1767,Indos Financial,Indosat Ooredoo,,,,,,,,,,,,,,,https://www.indosgroup.com,indosatooredoo.com
2200,2200,831,Euro Trend Yatirim Ortakligi A.S.,Euro Yatirim Holding A.S.,,,,,,,,,,,,,,,https://disfold.com/company/euro-trend-yatirim-ortakligi-as/,https://disfold.com/company/euro-yatirim-holding-as/
2452,2452,55,Air Liquide SA,Air Marine SA,,,,,,,,,,,,,,,https://disfold.com/company/air-liquide-sa/,https://disfold.com/company/air-marine-sa/
2492,2492,2331,T.K.S. Technologies Public Company Ltd,T.Krungthai Industries Public Company Ltd,,,,,,,,,,,,,,,https://disfold.com/company/tks-technologies-public-company-ltd/,https://disfold.com/company/tkrungthai-industries-public-company-ltd/
2513,2513,738,Advanced Energy Solution Holding Co. Ltd,Advanced Health Ltd,,,,,,,,,,,,,,,https://disfold.com/company/advanced-energy-solution-holding-co-ltd/,https://disfold.com/company/advanced-health-ltd/
2707,2707,923,Çimentas Izmir Çimento Fabrikasi Türk A.S.,Çimsa Çimento Sanayi ve Ticaret A.S.,,,,,,,,,,,,,,,https://disfold.com/company/cimentas-izmir-cimento-fabrikasi-turk-as/,https://disfold.com/company/cimsa-cimento-sanayi-ve-ticaret-as/
2737,2737,2676,Pinterest Inc,"Pinterest, Inc.",,,,,,,,,,,,,,,in.pinterest.com,https://disfold.com/company/pinterest-inc/
2837,2837,1876,Cognex Corp,Cognex Corporation,,,,,,,,,,,,,,,www.cognex.com,https://disfold.com/company/cognex-corporation/
3233,3233,2660,TVS Motor Co Ltd,TVSquared,,,,,,,,,,,,,,,www.tvsmotor.com,https://tvsquared.com/
3378,3378,2402,PT Asuransi Kresna Mitra Tbk,PT Asuransi Ramayana Tbk,,,,,,,,,,,,,,,https://disfold.com/company/pt-asuransi-kresna-mitra-tbk/,https://disfold.com/company/pt-asuransi-ramayana-tbk/
3416,3416,49,Thai Mitsuwa Public Company Ltd,Thai Mui Corp Public Company Ltd,,,,,,,,,,,,,,,https://disfold.com/company/thai-mitsuwa-public-company-ltd/,https://disfold.com/company/thai-mui-corp-public-company-ltd/
3428,3428,3407,Tremend,Tremend Software Consulting,,,,,,,,,,,,,,,https://www.tremend.com/,https://www.tremend.com
3523,3523,2363,Royal Boskalis Westminster N.V.,Royal Boskalis Westminster NV,,,,,,,,,,,,,,,https://disfold.com/company/royal-boskalis-westminster-nv/,boskalis.com
3575,3575,3092,Xiamen Tungsten Co. Ltd,Xiamen Xiangyu Co. Ltd,,,,,,,,,,,,,,,https://disfold.com/company/xiamen-tungsten-co-ltd/,https://disfold.com/company/xiamen-xiangyu-co-ltd/
3590,3590,1021,Novartis AG,Novastar,,,,,,,,,,,,,,,www.novartis.com,https://www.novastar.com.gr/
3674,3674,380,Hillrom Careers,Hilltop Holdings Inc,,,,,,,,,,,,,,,www.hillrom.com,www.hilltop-holdings.com
3694,3694,2001,Citrine Global Corp,Citrix Systems Inc,,,,,,,,,,,,,,,https://disfold.com/company/citrine-global-corp/,www.citrix.com
3761,3761,652,PT Bakrie & Brothers Tbk,PT Bakrie Sumatera Plantations Tbk,,,,,,,,,,,,,,,https://disfold.com/company/pt-bakrie-brothers-tbk/,https://disfold.com/company/pt-bakrie-sumatera-plantations-tbk/
3804,3804,1555,HiiizL,Hikari Tsushin Inc,,,,,,,,,,,,,,,https://hiiizl.co.jp/,www.hikari.co.jp
3854,3854,2898,Medion AG,Medios,,,,,,,,,,,,,,,https://disfold.com/company/medion-ag/,https://medios.ag
3869,3869,3635,China Enterprise Company Ltd,China Environmental Resources Group Ltd,,,,,,,,,,,,,,,https://disfold.com/company/china-enterprise-company-ltd/,https://disfold.com/company/china-environmental-resources-group-ltd/
4044,4044,2798,Grill Autoservice,Grillfürst,,,,,,,,,,,,,,,https://grill-mobile.de/,https://www.grillfuerst.de/
4054,4054,3348,Albertsons Companies Inc,"Albertsons Companies, Inc.",,,,,,,,,,,,,,,www.albertsonscompanies.com,https://disfold.com/company/albertsons-companies-inc/
4100,4100,3037,Zemax Careers,Zemoso,,,,,,,,,,,,,,,www.zemax.com,https://www.zemosolabs.com/
4136,4136,331,Gold Royalty Corp,Gold Standard Ventures Corp.,,,,,,,,,,,,,,,https://disfold.com/company/gold-royalty-corp/,https://disfold.com/company/gold-standard-ventures-corp/
4145,4145,1105,Tesla,Tesla Inc,,,,,,,,,,,,,,,https://disfold.com/company/tesla-inc/,www.tesla.com
4152,4152,963,Workday Careers,Workday Inc,,,,,,,,,,,,,,,www.workday.com,www.workday.com
4160,4160,3175,First Capital Real Estate Investment Trust,First Capital S.p.A.,,,,,,,,,,,,,,,https://disfold.com/company/first-capital-reit/,https://disfold.com/company/first-capital-spa/
4221,4221,3573,Transocean Ltd.,Transpaco Ltd,,,,,,,,,,,,,,,https://disfold.com/company/transocean-ltd/,https://disfold.com/company/transpaco-ltd/
4272,4272,3769,Aflac Inc,Aflac Incorporated,,,,,,,,,,,,,,,www.aflac.com,https://disfold.com/company/aflac-incorporated/
4295,4295,1500,Boston Scientific Corp,Boston Scientific Corporation,,,,,,,,,,,,,,,www.bostonscientific.com,https://disfold.com/company/boston-scientific-corporation/
4343,4343,6,Treasury Intelligence Solutions,Treasury Intelligences Solutions,,,,,,,,,,,,,,,https://www.tis.biz,https://www.tis.biz/
4381,4381,521,"Cloudflare, Inc.",Cloudfm Integrated Services,,,,,,,,,,,,,,,https://disfold.com/company/cloudflare-inc/,https://cloudfmgroup.com/
4455,4455,1471,Public Joint-Stock Company Interregional Distribution Grid Company of the North-West,Public Joint-Stock Company Investment Company IC Russ-Invest,,,,,,,,,,,,,,,https://disfold.com/company/public-joint-stock-company-interregional-distribution-grid-company-of-the-north-west/,https://disfold.com/company/public-joint-stock-company-investment-company-ic-russ-invest/
4503,4503,1311,GS Retail Co Ltd,GS Star,,,,,,,,,,,,,,,www.gsretail.com,https://www.gsstar-hotels.com
4549,4549,4186,China Development Bank Financial Leasing Co. Ltd,China Development Bank International Investment Ltd,,,,,,,,,,,,,,,https://disfold.com/company/china-development-bank-financial-leasing-co-ltd/,https://disfold.com/company/china-development-bank-international-investment-ltd/
4596,4596,1653,Arena REIT,Arena Star Group Ltd,,,,,,,,,,,,,,,https://disfold.com/company/arena-reit/,https://disfold.com/company/arena-star-group-ltd/
4650,4650,733,Beijing Enterprises Clean Energy Group Ltd,Beijing Enterprises Environment Group Ltd,,,,,,,,,,,,,,,https://disfold.com/company/beijing-enterprises-clean-energy-group-ltd/,https://disfold.com/company/beijing-enterprises-environment-group-ltd/
4686,4686,1886,Cashrewards Limited,Cashwerkz Limited,,,,,,,,,,,,,,,https://disfold.com/company/cashrewards-limited/,https://disfold.com/company/cashwerkz-limited/
4697,4697,2714,Public Joint-Stock Company Seligdar,Public Joint-Stock Company TNS energo Nizhny Novgorod,,,,,,,,,,,,,,,https://disfold.com/company/public-joint-stock-company-seligdar/,https://disfold.com/company/public-joint-stock-company-tns-energo-nizhny-novgorod/
4710,4710,717,Siamraj Public Company Ltd,Siamrajathanee Public Company Ltd,,,,,,,,,,,,,,,https://disfold.com/company/siamraj-public-company-ltd/,https://disfold.com/company/siamrajathanee-public-company-ltd/
4823,4823,3364,Six Flags Entertainment Corp,Sixt Careers,,,,,,,,,,,,,,,www.sixflags.com,www.sixt.com
4827,4827,2307,Rubis,Rubis SCA,,,,,,,,,,,,,,,https://disfold.com/company/rubis/,www.rubis.fr
4861,4861,256,Shandong Buchang Pharmaceutical Co Ltd,Shandong Buchang Pharmaceuticals Co. Ltd,,,,,,,,,,,,,,,www.buchang.com,https://disfold.com/company/shandong-buchang-pharmaceuticals-co-ltd/
4966,4966,1063,Ethic Technology,Ethique,,,,,,,,,,,,,,,https://www.ethic-technology.com/,https://ethiqueworld.com/
4968,4968,2835,Adani Ports and Special Economic Zone Ltd,Adani Power Ltd,,,,,,,,,,,,,,,www.adaniports.com,www.adanipower.com
5028,5028,597,Banque Cantonale de Genève SA,Banque Cantonale du Jura SA,,,,,,,,,,,,,,,https://disfold.com/company/banque-cantonale-de-geneve-sa/,https://disfold.com/company/banque-cantonale-du-jura-sa/
5069,5069,327,PersonalHub Holding,Personalhaus Bielefeld,,,,,,,,,,,,,,,https://www.personalhub.de,https://www.personalhaus-bi.de
5070,5070,578,Carrevolutis,Carrier Careers,,,,,,,,,,,,,,,https://www.carrevolutis.com,www.carrier.com
5077,5077,3393,SoftBank Group Corp,SoftBank Group Corp.,,,,,,,,,,,,,,,group.softbank,https://disfold.com/company/softbank-group-corp/
5082,5082,3065,Standard Chartered plc,Standard Chem & Pharm CO. Ltd,,,,,,,,,,,,,,,https://disfold.com/company/standard-chartered-plc/,https://disfold.com/company/standard-chem-pharm-co-ltd/
5085,5085,4010,Twitter Inc,"Twitter, Inc.",,,,,,,,,,,,,,,www.twitter.com,https://disfold.com/company/twitter-inc/
5168,5168,808,CloudBees Careers,CloudCall,,,,,,,,,,,,,,,www.cloudbees.com,https://www.cloudcall.com
5188,5188,402,Accolade,Accolade Holding,,,,,,,,,,,,,,,https://accolade.eu/,https://www.accolade.cz
5191,5191,4813,Aeroflot OAO,Aeroflot PJSC,,,,,,,,,,,,,,,www.aeroflot.ru,https://disfold.com/company/aeroflot-pjsc/
5233,5233,1591,Zai Lab Limited,Zai Lab Ltd,,,,,,,,,,,,,,,https://disfold.com/company/zai-lab-limited/,https://disfold.com/company/zai-lab-ltd/
5254,5254,4546,Sahara International Petrochemical Company,Sahathai Terminal Public Company Ltd,,,,,,,,,,,,,,,https://disfold.com/company/sahara-international-petrochemical-company/,https://disfold.com/company/sahathai-terminal-public-company-ltd/
5295,5295,3183,Mitsubishi Materials Corp,Mitsubishi Motors Corp,,,,,,,,,,,,,,,https://disfold.com/company/mitsubishi-materials-corp/,https://disfold.com/company/mitsubishi-motors-corp/
5350,5350,4736,Accord Financial Corp.,Accordant Group Ltd,,,,,,,,,,,,,,,https://disfold.com/company/accord-financial-corp/,https://disfold.com/company/accordant-group-ltd/
5415,5415,3853,Allied Properties Real Estate Investment Trust,Allied Supreme Corp,,,,,,,,,,,,,,,https://disfold.com/company/allied-properties-reit/,https://disfold.com/company/allied-supreme-corp/
5512,5512,736,TEGNA Inc,TEGNA Inc.,,,,,,,,,,,,,,,www.tegna.com,https://disfold.com/company/tegna-inc/
5546,5546,3362,Annaly Capital Management Inc,"Annaly Capital Management, Inc.",,,,,,,,,,,,,,,www.annaly.com,https://disfold.com/company/annaly-capital-management-inc/
5549,5549,936,France Tourisme Immobilier,FranceSoir Groupe SA,,,,,,,,,,,,,,,https://disfold.com/company/france-tourisme-immobilier/,https://disfold.com/company/francesoir-groupe-sa/
5574,5574,3217,Grup Montaner,Grupa 5 Architekci,,,,,,,,,,,,,,,https://www.grupmontaner.com,http://www.grupa5.com.pl/
5598,5598,4341,Deutsche Balaton AG,Deutsche Bank AG,,,,,,,,,,,,,,,https://disfold.com/company/deutsche-balaton-ag/,https://disfold.com/company/deutsche-bank-ag/
5600,5600,4109,CLARA analytics Careers,CLAREO,,,,,,,,,,,,,,,www.claraanalytics.com,https://www.clareolighting.com/
5678,5678,1939,Indie Campers,Indigo Ag Careers,,,,,,,,,,,,,,,https://indiecampers.com/,www.indigoag.com
5694,5694,4960,"Beijing Dahao Technology Corp,Ltd",Beijing E-Hualu Information Technology Co. Ltd,,,,,,,,,,,,,,,https://disfold.com/company/beijing-dahao-technology-corpltd/,https://disfold.com/company/beijing-e-hualu-information-technology-co-ltd/
5708,5708,4907,Toyoda Gosei Co Ltd,Toyoda Gosei Co. Ltd,,,,,,,,,,,,,,,www.toyoda-gosei.co.jp,https://disfold.com/company/toyoda-gosei-co-ltd/
5711,5711,1562,IFS Capital,IFS Capital Ltd,,,,,,,,,,,,,,,https://disfold.com/company/ifs-capital/,https://disfold.com/company/ifs-capital-ltd/
5760,5760,5554,Terakeet Careers,Terex Corp,,,,,,,,,,,,,,,www.terakeet.com,www.terex.com
5787,5787,1572,Adler Modemaerkte AG,Adler Real Estate AG,,,,,,,,,,,,,,,https://disfold.com/company/adler-modemaerkte-ag/,adler-ag.com
5838,5838,1790,Webalo Careers,Webby Central Careers,,,,,,,,,,,,,,,www.webalo.com,www.webbycentral.com
5884,5884,1522,Levi Strauss & Co,Levi Strauss & Co.,,,,,,,,,,,,,,,www.levistrauss.com,https://disfold.com/company/levi-strauss-co/
5897,5897,4321,Caterpillar Inc,Caterpillar Inc.,,,,,,,,,,,,,,,www.caterpillar.com/en.html,https://disfold.com/company/caterpillar-inc/
5919,5919,5037,Korea National Oil Corp,Korea Shipbuilding & Offshore Engineering Co Ltd,,,,,,,,,,,,,,,www.knoc.co.kr,www.ksoe.co.kr
5930,5930,5373,Saudi Kayan Petrochemical Company,Saudi Marketing Company,,,,,,,,,,,,,,,https://disfold.com/company/saudi-kayan-petrochemical-company/,https://disfold.com/company/saudi-marketing-company/
5937,5937,3677,Scribbr,Script and Go,,,,,,,,,,,,,,,https://www.scribbr.com,https://www.scriptandgo.com
6052,6052,1821,Quartix Holdings plc,Qube Holdings Limited,,,,,,,,,,,,,,,https://disfold.com/company/quartix-holdings-plc/,https://disfold.com/company/qube-holdings-limited/
6092,6092,1714,"Cable One, Inc.",Cablevisión Holding SA,,,,,,,,,,,,,,,https://disfold.com/company/cable-one-inc/,https://disfold.com/company/cablevision-holding-sa/
6223,6223,4994,Jabil Inc,Jabil Inc.,,,,,,,,,,,,,,,www.jabil.com,https://disfold.com/company/jabil-inc/
6291,6291,4399,Statkraft AS,StatsBomb,,,,,,,,,,,,,,,www.statkraft.com,https://statsbomb.com/
6377,6377,4609,Allegion Plc,Allegion plc,,,,,,,,,,,,,,,www.allegion.com/corp/en/index.html,https://disfold.com/company/allegion-plc/
6413,6413,4331,DMG Mori Co. Ltd,DMG Mori Seiki Co Ltd,,,,,,,,,,,,,,,https://disfold.com/company/dmg-mori-co-ltd/,www.dmgmori.co.jp
6434,6434,1219,ADATA Technology Co Ltd,ADATA Technology Co. Ltd,,,,,,,,,,,,,,,www.adata.com,https://disfold.com/company/adata-technology-co-ltd/
6476,6476,68,Advanced Information Technology Public Company Ltd,Advanced International Multitech Co. Ltd,,,,,,,,,,,,,,,https://disfold.com/company/advanced-information-technology-public-company-ltd/,https://disfold.com/company/advanced-international-multitech-co-ltd/
6508,6508,5424,Urban Outfitters Inc,Urban Science Careers,,,,,,,,,,,,,,,www.urbn.com,www.urbanscience.com
6532,6532,832,TechnipFMC Plc,TechnipFMC plc,,,,,,,,,,,,,,,www.technipfmc.com,https://disfold.com/company/technipfmc-plc/
6544,6544,1754,"American International Group, Inc.",American Lithium Corp,,,,,,,,,,,,,,,https://disfold.com/company/american-international-group-inc/,https://disfold.com/company/american-lithium-corp/
6570,6570,6118,Inmar Careers,Inmarsat Group Holdings Ltd,,,,,,,,,,,,,,,www.inmar.com,www.inmarsat.com
6604,6604,1370,Beijing Kunlun Tech Co. Ltd,Beijing North Star Co Ltd,,,,,,,,,,,,,,,https://disfold.com/company/beijing-kunlun-tech-co-ltd/,www.beijingns.com.cn
6630,6630,243,Amco-Bulgaria,Amcon Distributing Co,,,,,,,,,,,,,,,https://www.amco-shop.com,www.amcon.com
6643,6643,469,Alaska Airlines Careers,Alaska Airlines Inc,,,,,,,,,,,,,,,www.alaskaair.com,www.alaskaair.com
6653,6653,4640,Rizhao Port Co Ltd,Rizing Careers,,,,,,,,,,,,,,,www.rzpcl.com,www.rizing.com
6667,6667,273,Sankyo Co. Ltd,Sankyu Inc,,,,,,,,,,,,,,,https://disfold.com/company/sankyo-co-ltd/,www.sankyu.co.jp
6679,6679,5473,Austal Limited,Austal Ltd,,,,,,,,,,,,,,,https://disfold.com/company/austal-limited/,www.austal.com
6705,6705,5480,Astro Malaysia Holdings Berhad,Astron Corporation Limited,,,,,,,,,,,,,,,corporate.astro.com.my,https://disfold.com/company/astron-corporation-limited/
6712,6712,4632,NAOS Emerging Opportunities Company Limited,NAOS Small Cap Opportunities Company Limited,,,,,,,,,,,,,,,https://disfold.com/company aos-emerging-opportunities-company-limited/,https://disfold.com/company aos-small-cap-opportunities-company-limited/
6721,6721,5389,Beazer Homes USA Inc,Beazley plc,,,,,,,,,,,,,,,www.beazer.com,https://disfold.com/company/beazley-plc/
6725,6725,4388,China Logistics Property Holdings Co. Ltd,China Longyuan Power Group Corp Ltd,,,,,,,,,,,,,,,https://disfold.com/company/china-logistics-property-holdings-co-ltd/,https://disfold.com/company/china-longyuan-power-group-corp-ltd/
6728,6728,342,BlackRock Smaller Companies Trust,BlackRock Throgmorton Trust plc,,,,,,,,,,,,,,,https://disfold.com/company/blackrock-smaller-companies-trust/,https://disfold.com/company/blackrock-throgmorton-trust-plc/
6749,6749,3881,Ratchaphruek Hospital Public Company Ltd,Ratchthani Leasing Public Company Ltd,,,,,,,,,,,,,,,https://disfold.com/company/ratchaphruek-hospital-public-company-ltd/,https://disfold.com/company/ratchthani-leasing-public-company-ltd/
6784,6784,146,Alpha Networks Inc,"Alpha Networks, Inc.",,,,,,,,,,,,,,,www.alphanetworks.com,https://disfold.com/company/alpha-networks-inc/
6789,6789,1781,Takara Standard Co Ltd,"Takara Standard Co.,Ltd.",,,,,,,,,,,,,,,www.takara-standard.co.jp,https://disfold.com/company/takara-standard-coltd/
6814,6814,3793,Automotive Properties Real Estate Investment Trust,Automotives Keim,,,,,,,,,,,,,,,https://disfold.com/company/automotive-properties-reit/,https://www.automotives-keim.de/
6819,6819,6527,Americanas SA,Americas Gold and Silver Corporation,,,,,,,,,,,,,,,www.americanas.com.br,https://disfold.com/company/americas-gold-silver-corporation/
6901,6901,6327,Tech Mahindra Careers,Tech Mahindra Ltd,,,,,,,,,,,,,,,www.techmahindra.com,www.techmahindra.com
6918,6918,3510,Amcor Plc,Amcor plc,,,,,,,,,,,,,,,www.amcor.com,https://disfold.com/company/amcor-plc/
6944,6944,1676,UACJ Corp,UAS Drone Corp,,,,,,,,,,,,,,,https://disfold.com/company/uacj-corp/,https://disfold.com/company/uas-drone-corp/
6967,6967,399,Atlante,Atlantia SpA,,,,,,,,,,,,,,,https://www.atlante.fr,https://disfold.com/company/atlantia-spa/
7025,7025,2908,Baker Hughes Co,Baker Hughes Company,,,,,,,,,,,,,,,www.bakerhughes.com,https://disfold.com/company/baker-hughes-company/
7063,7063,3701,Trip.com Group Ltd,TripAdvisor Careers,,,,,,,,,,,,,,,www.ctrip.com,www.tripadvisor.com
7073,7073,1537,Bioksan,Bioksan Naturalmente Juntos,,,,,,,,,,,,,,,https://bioksan.com/,https://www.bioksan.com
7074,7074,4125,Archer Daniels Midland Co,Archer Daniels Midland Company Careers,,,,,,,,,,,,,,,www.adm.com,www.adm.com
7082,7082,1267,BlueScope Steel Ltd,BlueStacks Careers,,,,,,,,,,,,,,,www.bluescope.com,www.bluestacks.com
7115,7115,6299,Vitl,Vitro SAB de CV,,,,,,,,,,,,,,,https://vitl.com,www.vitro.com
7163,7163,326,Embry Holdings Ltd,Emeco Holdings Limited,,,,,,,,,,,,,,,https://disfold.com/company/embry-holdings-ltd/,https://disfold.com/company/emeco-holdings-limited/
7175,7175,5336,Bridgetown 2 Holdings Limited,Bridgetown Holdings Limited,,,,,,,,,,,,,,,https://disfold.com/company/bridgetown-2-holdings-limited/,https://disfold.com/company/bridgetown-holdings-limited/
7199,7199,1704,"Future Science Holdings, Inc.",Future plc,,,,,,,,,,,,,,,https://disfold.com/company/future-science-holdings-inc/,https://disfold.com/company/future-plc/
7271,7271,3213,Marfeel Solutions,Marfreight,,,,,,,,,,,,,,,https://www.marfeel.com,https://www.marfreight.com
7337,7337,5425,Buzzi Unicem S.p.A.,Buzzi Unicem SpA,,,,,,,,,,,,,,,https://disfold.com/company/buzzi-unicem-spa/,www.buzziunicem.it
7345,7345,1484,Datapulse Technology Ltd,Datatec Ltd,,,,,,,,,,,,,,,https://disfold.com/company/datapulse-technology-ltd/,https://disfold.com/company/datatec-ltd/
7433,7433,2031,Cooper Tire & Rubber Co,Cooper-Standard Holdings Inc,,,,,,,,,,,,,,,us.coopertire.com,www.cooperstandard.com
7467,7467,1470,Softchoice Corp,Softcreate Holdings Corp,,,,,,,,,,,,,,,https://disfold.com/company/softchoice-corp/,https://disfold.com/company/softcreate-holdings-corp/
7521,7521,2443,LeadGenius Careers,LeadIQ Careers,,,,,,,,,,,,,,,leadgenius.com,leadiq.com
7538,7538,358,MediaTek Inc,"MediaTek, Inc.",,,,,,,,,,,,,,,www.mediatek.com,https://disfold.com/company/mediatek-inc/
7540,7540,6638,2E Vertriebs,2E Vertriebs-GmbH,,,,,,,,,,,,,,,https://www.2e-vertrieb.de,https://www.2e-vertrieb.de/
7571,7571,6155,Nutmeg,Nutrien Ltd,,,,,,,,,,,,,,,https://www.nutmeg.com/,www.nutrien.com
7574,7574,4406,Pride Tours NYC Careers,Pridel,,,,,,,,,,,,,,,www.pridetoursnyc.com,http://pridel.com/
7579,7579,503,"Corporativo Fragua, S.A.B. de C.V.","Corporativo GBM, S.A.B. de C.V.",,,,,,,,,,,,,,,https://disfold.com/company/corporativo-fragua-sab-de-cv/,https://disfold.com/company/corporativo-gbm-sab-de-cv/
7633,7633,3032,Tapestry Inc,"Tapestry, Inc.",,,,,,,,,,,,,,,www.tapestry.com,https://disfold.com/company/tapestry-inc/
7666,7666,777,Fujisoft Inc,Fujitec Co Ltd,,,,,,,,,,,,,,,www.fsi.co.jp,www.fujitec.co.jp
7669,7669,6895,Saudi Fisheries Company,Saudi Ground Services Company,,,,,,,,,,,,,,,https://disfold.com/company/saudi-fisheries-company/,https://disfold.com/company/saudi-ground-services-company/
7705,7705,6916,Founder Securities Co Ltd,Founder Securities Co. Ltd,,,,,,,,,,,,,,,www.foundersc.com,https://disfold.com/company/founder-securities-co-ltd/
7707,7707,1395,Al-Samaani Factory For Metal Industries Co.,Al-Yamamah Steel Industries Company,,,,,,,,,,,,,,,https://disfold.com/company/al-samaani-factory-for-metal-industries-co/,https://disfold.com/company/al-yamamah-steel-industries-company/
7830,7830,5660,Banco BMG SA,Banco BPM,,,,,,,,,,,,,,,https://disfold.com/company/banco-bmg-sa/,https://disfold.com/company/banco-bpm-spa/
7841,7841,4742,Flight Club Darts,FlightSafety International Careers,,,,,,,,,,,,,,,https://flightclubdarts.com/,www.flightsafety.com
7854,7854,1702,PT Bank Mandiri (Persero) Tbk,PT Bank Maspion Indonesia Tbk,,,,,,,,,,,,,,,https://disfold.com/company/pt-bank-mandiri-persero-tbk/,https://disfold.com/company/pt-bank-maspion-indonesia-tbk/
7918,7918,6788,CEMEX SAB de CV,"CEMEX, S.A.B. de C.V.",,,,,,,,,,,,,,,www.cemex.com,https://disfold.com/company/cemex-sab-cv/
7932,7932,7634,Caisse Regionale de Credit Agricole Mutuel Brie Picardie,Caisse Regionale de Credit Agricole Mutuel Nord de France,,,,,,,,,,,,,,,https://disfold.com/company/caisse-regionale-de-credit-agricole-mutuel-brie-picardie/,https://disfold.com/company/caisse-regionale-de-credit-agricole-mutuel-nord-de-france/
7937,7937,2787,CSSC (Hong Kong) Shipping Company Ltd,CSSC Offshore & Marine Engineering (Group) Company Ltd,,,,,,,,,,,,,,,https://disfold.com/company/cssc-hong-kong-shipping-company-ltd/,https://disfold.com/company/cssc-offshore-marine-engineering-group-company-ltd/
7956,7956,3481,Actspand,Acuity Brands Inc,,,,,,,,,,,,,,,http://www.actspand.com/,www.acuitybrands.com
8171,8171,4810,"Digital Garage, Inc.",Digital Magics S.p.A.,,,,,,,,,,,,,,,https://disfold.com/company/digital-garage-inc/,https://disfold.com/company/digital-magics-spa/
8205,8205,860,GlobalWafers Co Ltd,GlobalWafers Co. Ltd,,,,,,,,,,,,,,,www.sas-globalwafers.com,https://disfold.com/company/globalwafers-co-ltd/
8226,8226,3598,Administradora de Fondos de Pensiones PlanVital SA,Administradora de Fondos de Pensiones ProVida SA,,,,,,,,,,,,,,,https://disfold.com/company/administradora-de-fondos-de-pensiones-planvital-sa/,https://disfold.com/company/administradora-de-fondos-de-pensiones-provida-sa/
8228,8228,2191,PT Citra Marga Nusaphala Persada Tbk,PT Citra Putra Realty Tbk,,,,,,,,,,,,,,,https://disfold.com/company/pt-citra-marga-nusaphala-persada-tbk/,https://disfold.com/company/pt-citra-putra-realty-tbk/
8266,8266,7143,AMA Corp PLC,AMA Group Limited,,,,,,,,,,,,,,,https://disfold.com/company/ama-corp-plc/,https://disfold.com/company/ama-group-limited/
8282,8282,2651,Stelco Holdings Inc.,Stella International Holdings Ltd,,,,,,,,,,,,,,,https://disfold.com/company/stelco-holdings-inc/,https://disfold.com/company/stella-international-holdings-ltd/
8326,8326,4210,CaixaBank SA,"CaixaBank, SA",,,,,,,,,,,,,,,www.caixabank.com,https://disfold.com/company/caixabank-sa/
8379,8379,2849,Assis-Tec,Assiteca S.p.A.,,,,,,,,,,,,,,,https://www.assistec.cc,https://disfold.com/company/assiteca-spa/
8409,8409,8237,Perrigo Co Plc,Perrigo Company plc,,,,,,,,,,,,,,,www.perrigo.com,https://disfold.com/company/perrigo-company-plc/
8435,8435,3624,Metals X Limited,MetalsTech Limited,,,,,,,,,,,,,,,https://disfold.com/company/metals-x-limited/,https://disfold.com/company/metalstech-limited/
8450,8450,2438,Shionogi & Co Ltd,Shionogi & Co. Ltd,,,,,,,,,,,,,,,www.shionogi.co.jp,https://disfold.com/company/shionogi-co-ltd/
8482,8482,5206,China Life Insurance Co. Ltd,China Life Insurance Company Limited,,,,,,,,,,,,,,,https://disfold.com/company/china-life-insurance-co-ltd/,https://disfold.com/company/china-life-insurance-company-limited/
8524,8524,918,Joint-Stock Company Krasnyj Octyabr,Joint-Stock Company Ryazanenergosbyt,,,,,,,,,,,,,,,https://disfold.com/company/joint-stock-company-krasnyj-octyabr/,https://disfold.com/company/joint-stock-company-ryazanenergosbyt/
8526,8526,7650,WAM Microcap Limited,WAM Research Limited,,,,,,,,,,,,,,,https://disfold.com/company/wam-microcap-limited/,https://disfold.com/company/wam-research-limited/
8528,8528,642,KINLISER,KINTARO Cells Power,,,,,,,,,,,,,,,https://www.kinliser.co.jp/,https://kintarocellspower.co.jp/
8542,8542,8314,PT Central Omega Resources Tbk,PT Central Proteina Prima Tbk,,,,,,,,,,,,,,,https://disfold.com/company/pt-central-omega-resources-tbk/,https://disfold.com/company/pt-central-proteina-prima-tbk/
8567,8567,346,DW TRANS,DW Trans,,,,,,,,,,,,,,,https://www.dw-trans.fr/,https://www.dw-trans.fr/
8639,8639,7133,Cardinal Energy Ltd.,Cardinal Health Inc,,,,,,,,,,,,,,,https://disfold.com/company/cardinal-energy-ltd/,www.cardinalhealth.com/en.html
8666,8666,8662,CME Corp. Careers,CME Group Inc,,,,,,,,,,,,,,,www.cmecorp.com,www.cmegroup.com
8697,8697,7271,Marel hf,Marfeel Solutions,,,,,,,,,,,,,,,marel.com,https://www.marfeel.com
8748,8748,7825,Union Pioneer Public Company Ltd,Union Plastic Public Company Ltd,,,,,,,,,,,,,,,https://disfold.com/company/union-pioneer-public-company-ltd/,https://disfold.com/company/union-plastic-public-company-ltd/
8749,8749,2658,Applied DB Public Company Ltd,Applied Industrial Technologies Inc,,,,,,,,,,,,,,,https://disfold.com/company/applied-db-public-company-ltd/,www.applied.com
8771,8771,781,Multix Solutions,Multix solutions,,,,,,,,,,,,,,,https://www.multix-trolley.com,https://multix-trolley.com/
8835,8835,3814,Agricodem,Agricollibio,,,,,,,,,,,,,,,https://www.agricodem.it/,https://www.agricolli.bio
8849,8849,1060,MSC Industrial Direct Co Inc,MSCI Inc,,,,,,,,,,,,,,,www.mscdirect.com,www.msci.com
8893,8893,4499,Fibra Plus,Fibra Shop,,,,,,,,,,,,,,,https://disfold.com/company/fibra-plus/,https://disfold.com/company/fibra-shop/
8900,8900,6981,Almendral SA,"Almirall, SA",,,,,,,,,,,,,,,https://disfold.com/company/almendral-sa/,https://disfold.com/company/almirall-sa/
8974,8974,2278,ABTOT Mark & Anläggning,ABTOT Mark & Anläggning AB,,,,,,,,,,,,,,,https://www.abtot.se,https://www.abtot.se/
9004,9004,4577,Audensiel,Audi AG,,,,,,,,,,,,,,,http://www.audensiel.com,www.audi.com
9010,9010,8908,Vico International Holdings Ltd,Vicon Holdings Ltd,,,,,,,,,,,,,,,https://disfold.com/company/vico-international-holdings-ltd/,https://disfold.com/company/vicon-holdings-ltd/
9024,9024,7560,Mitsubishi Corporation Careers,Mitsubishi Electric Corp,,,,,,,,,,,,,,,www.mitsubishicorp.com,www.mitsubishielectric.co.jp
9073,9073,6185,Bomae,Bomax,,,,,,,,,,,,,,,https://www.bomae.dk/,https://www.bomax.it
9077,9077,5691,Capita Plc,Capita plc,,,,,,,,,,,,,,,www.capita.com,https://disfold.com/company/capita-plc/
9095,9095,3964,Citigroup Inc.,Citizen Watch Co Ltd,,,,,,,,,,,,,,,https://disfold.com/company/citigroup-inc/,www.citizen.co.jp
9108,9108,9061,Keihan Holdings Co Ltd,Keihan Holdings Co. Ltd,,,,,,,,,,,,,,,www.keihan-holdings.co.jp,https://disfold.com/company/keihan-holdings-co-ltd/
9210,9210,1916,Yieh Hsing Enterprise Co. Ltd,Yieh Phui Enterprise Co. Ltd,,,,,,,,,,,,,,,https://disfold.com/company/yieh-hsing-enterprise-co-ltd/,https://disfold.com/company/yieh-phui-enterprise-co-ltd/
9264,9264,3605,PT First Media Tbk,PT Fortune Indonesia Tbk,,,,,,,,,,,,,,,https://disfold.com/company/pt-first-media-tbk/,https://disfold.com/company/pt-fortune-indonesia-tbk/
9267,9267,4100,Zelis Careers,Zemax Careers,,,,,,,,,,,,,,,www.zelis.com,www.zemax.com
9335,9335,8722,The Boeing Co,The Boeing Company,,,,,,,,,,,,,,,www.boeing.com,https://disfold.com/company/boeing-company/
9502,9502,3380,Electra Ltd,Electra Real Estate Ltd,,,,,,,,,,,,,,,https://disfold.com/company/electra-ltd/,https://disfold.com/company/electra-real-estate-ltd/
9542,9542,845,Stellantis N.V.,Stellantis NV,,,,,,,,,,,,,,,https://disfold.com/company/stellantis-nv/,www.stellantis.com
9543,9543,8935,Horizon Securities Co. Ltd,Horizon Therapeutics Plc,,,,,,,,,,,,,,,https://disfold.com/company/horizon-securities-co-ltd/,www.horizontherapeutics.com
9554,9554,667,"Asahi Holdings, Inc.",Asahi Intecc Co. Ltd,,,,,,,,,,,,,,,https://disfold.com/company/asahi-holdings-inc/,https://disfold.com/company/asahi-intecc-co-ltd/
9659,9659,1683,MyState Limited,Myanmar Metals Limited,,,,,,,,,,,,,,,https://disfold.com/company/mystate-limited/,https://disfold.com/company/myanmar-metals-limited/
9679,9679,377,Chongqing Sanfeng Environment Group Corp Ltd,"Chongqing Sokon Industry Group Stock Co.,Ltd.",,,,,,,,,,,,,,,https://disfold.com/company/chongqing-sanfeng-environment-group-corp-ltd/,https://disfold.com/company/chongqing-sokon-industry-group-stock-coltd/
9719,9719,8038,Autogrill S.p.A.,Autogrill SpA,,,,,,,,,,,,,,,https://disfold.com/company/autogrill-spa/,www.autogrill.com
9749,9749,6975,Golden Ponder Holdings Ltd,Golden Power Group Holdings Ltd,,,,,,,,,,,,,,,https://disfold.com/company/golden-ponder-holdings-ltd/,https://disfold.com/company/golden-power-group-holdings-ltd/
9758,9758,7861,Maximus Inc,Maxis Bhd,,,,,,,,,,,,,,,www.maximus.com,www.maxis.com.my
9763,9763,6842,Fiserv Careers,Fiserv Inc,,,,,,,,,,,,,,,www.fiserv.com,www.fiserv.com
9788,9788,3621,Alexander Forbes Group Holdings Ltd,Alexander Marine Co. Ltd,,,,,,,,,,,,,,,https://disfold.com/company/alexander-forbes-group-holdings-ltd/,https://disfold.com/company/alexander-marine-co-ltd/
9806,9806,8359,Breedon Group PLC,Breedon Group plc,,,,,,,,,,,,,,,www.breedongroup.com,https://disfold.com/company/breedon-group-plc/
9853,9853,5168,CloudAcademy Careers,CloudBees Careers,,,,,,,,,,,,,,,cloudacademy.com,www.cloudbees.com
9862,9862,745,Apollo Pipes Ltd,Apollo Power Ltd,,,,,,,,,,,,,,,https://disfold.com/company/apollo-pipes-ltd/,https://disfold.com/company/apollo-power-ltd/
9868,9868,2314,Boa Safra Sementes SA,Boa Vista Serviços SA,,,,,,,,,,,,,,,https://disfold.com/company/boa-safra-sementes-sa/,https://disfold.com/company/boa-vista-servicos-sa/
9890,9890,7198,Mercado Libre Inc,"MercadoLibre, Inc.",,,,,,,,,,,,,,,www.mercadolibre.com,https://disfold.com/company/mercadolibre-inc/
9919,9919,8297,Poujoulat SA,Poulaillon SA,,,,,,,,,,,,,,,https://disfold.com/company/poujoulat-sa/,https://disfold.com/company/poulaillon-sa/
9951,9951,6178,Wacom Co. Ltd,Wacom Technology Corp. Careers,,,,,,,,,,,,,,,https://disfold.com/company/wacom-co-ltd/,www.wacom.com
10001,10001,6247,Craneware plc,Cranswick plc,,,,,,,,,,,,,,,https://disfold.com/company/craneware-plc/,https://disfold.com/company/cranswick-plc/
10002,10002,5524,Opisto,Opisto (SACEO),,,,,,,,,,,,,,,https://www.opisto.fr,https://www.opisto.fr/
10005,10005,6188,CapitalOnTap,Capitalcom Events,,,,,,,,,,,,,,,https://www.capitalontap.com/en/,http://www.capitalcomevents.fr/
10020,10020,1146,Central Petroleum Limited,Central Puerto SA,,,,,,,,,,,,,,,https://disfold.com/company/central-petroleum-limited/,https://disfold.com/company/central-puerto-sa/
10022,10022,7538,MediaPlatform Careers,MediaTek Inc,,,,,,,,,,,,,,,www.mediaplatform.com,www.mediatek.com
10067,10067,7071,Mitsui & Co Ltd,Mitsui & Co. Ltd,,,,,,,,,,,,,,,www.mitsui.com,https://disfold.com/company/mitsui-co-ltd/
10088,10088,6168,BuilderSmart Public Company Ltd,Builders Alliance,,,,,,,,,,,,,,,https://disfold.com/company/buildersmart-public-company-ltd/,https://www.facebook.com/Buildersalliancepteltd/
10158,10158,3594,Snigel,Snigel Web Services,,,,,,,,,,,,,,,https://snigel.com/,https://www.snigel.com
10171,10171,4169,Chun Yu Works & Co. Ltd,Chun Yuan Steel Industry Co. Ltd,,,,,,,,,,,,,,,https://disfold.com/company/chun-yu-works-co-ltd/,https://disfold.com/company/chun-yuan-steel-industry-co-ltd/
10190,10190,1823,China Smarter Energy Group Holdings Ltd,China Smartpay Group Holdings Ltd,,,,,,,,,,,,,,,https://disfold.com/company/china-smarter-energy-group-holdings-ltd/,https://disfold.com/company/china-smartpay-group-holdings-ltd/
10193,10193,2433,Meblobranie,Meblobranie.pl,,,,,,,,,,,,,,,https://www.meblobranie.pl,https://www.meblobranie.pl/
10241,10241,6848,Bajaj Finance Ltd,Bajaj Finserv Ltd,,,,,,,,,,,,,,,www.bajajfinserv.in,www.bajajfinserv.in
10281,10281,9598,CDW Corp,CDW Corporation,,,,,,,,,,,,,,,www.cdw.com,https://disfold.com/company/cdw-corporation/
10284,10284,688,"Grupo Empresarial San José, SA",Grupo Empresas Navieras SA,,,,,,,,,,,,,,,https://disfold.com/company/grupo-empresarial-san-jose-sa/,https://disfold.com/company/grupo-empresas-navieras-sa/
10355,10355,7021,Alpha Real Estate,Alpha Real Estate Holding,,,,,,,,,,,,,,,https://alpha-realestate.de/,https://alpha-realestate.de/
10357,10357,4066,AstraZeneca,AstraZeneca Plc,,,,,,,,,,,,,,,https://disfold.com/company/astrazeneca-plc/,www.astrazeneca.com
10384,10384,4425,"Public Joint Stock Company ""ROSSETI South""","Public Joint Stock Company ""Rollman Group""",,,,,,,,,,,,,,,https://disfold.com/company/public-joint-stock-company-rosseti-south/,https://disfold.com/company/public-joint-stock-company-rollman-group/
10392,10392,8448,Amazon Web Services Inc,Amazon.com Inc,,,,,,,,,,,,,,,www.aws.amazon.com,www.amazon.com
10483,10483,2239,PT Bali Bintang Sejahtera Tbk,PT Bali Towerindo Sentra Tbk,,,,,,,,,,,,,,,https://disfold.com/company/pt-bali-bintang-sejahtera-tbk/,https://disfold.com/company/pt-bali-towerindo-sentra-tbk/
10508,10508,3123,Ferroamp,Ferroamp Elektronik,,,,,,,,,,,,,,,https://ferroamp.com/,https://ferroamp.com/en
10533,10533,1747,Cementir Holding N.V.,Cementir Holding NV,,,,,,,,,,,,,,,https://disfold.com/company/cementir-holding-nv/,www.cementirholding.it
10544,10544,4099,"Inner Mongolia Erdos Resources Co.,ltd.","Inner Mongolia First Machinery Group Co.,Ltd.",,,,,,,,,,,,,,,https://disfold.com/company/inner-mongolia-erdos-resources-coltd/,https://disfold.com/company/inner-mongolia-first-machinery-group-coltd/
10547,10547,1256,Westrafo,Westrock Co,,,,,,,,,,,,,,,https://www.westrafo.com/,www.westrock.com
10565,10565,8159,Tata Consultancy Services Ltd,Tata Consumer Products Ltd,,,,,,,,,,,,,,,www.tcs.com,www.tataconsumer.com
10572,10572,238,Beijing Urban Construction Design & Development Group Co Ltd,Beijing Urban Construction Investment & Development Co. Ltd,,,,,,,,,,,,,,,https://disfold.com/company/beijing-urban-construction-design-development-group-co-ltd/,https://disfold.com/company/beijing-urban-construction-investment-development-co-ltd/
10574,10574,5806,Laureate Education Inc,Laurent-Perrier,,,,,,,,,,,,,,,www.laureate.net,https://disfold.com/company/laurent-perrier/
10616,10616,3663,Abiomed Inc,"Abiomed, Inc.",,,,,,,,,,,,,,,www.abiomed.com,https://disfold.com/company/abiomed-inc/
10652,10652,7668,Thai Sugar Terminal Public Company Ltd,Thai Textile Industry Public Company Ltd,,,,,,,,,,,,,,,https://disfold.com/company/thai-sugar-terminal-public-company-ltd/,https://disfold.com/company/thai-textile-industry-public-company-ltd/
10696,10696,9574,Takeuchi Construction,Takeuchi Mfg. Co Ltd,,,,,,,,,,,,,,,https://www.takeuchi-const.co.jp/,www.takeuchi-mfg.co.jp
10704,10704,8623,Heslil Careers,Hess Corp,,,,,,,,,,,,,,,www.heslil.com,www.hess.com
10709,10709,3448,CapitaLand Integrated Commercial Trust,CapitaLand Investment Ltd,,,,,,,,,,,,,,,https://disfold.com/company/capitaland-integrated-commercial-trust/,https://disfold.com/company/capitaland-investment-ltd/
10727,10727,1902,Kinea Renda Imobiliaria Fundo de Investimento Imobiliario,Kinea Rendimentos Imobiliarios Fundo de Investimento Imobiliario - FII,,,,,,,,,,,,,,,https://disfold.com/company/kinea-renda-imobiliaria-fundo-de-investimento-imobiliario/,https://disfold.com/company/kinea-rendimentos-imobiliarios-fundo-de-investimento-imobiliario-fii/
10777,10777,3660,Matson Careers,Matson Inc,,,,,,,,,,,,,,,www.matson.com,www.matson.com
10813,10813,1553,Australian Unity Office Fund,Australian Vanadium Limited,,,,,,,,,,,,,,,https://disfold.com/company/australian-unity-office-fund/,https://disfold.com/company/australian-vanadium-limited/
10832,10832,8478,BOE Technology Group Co Ltd,BOE Varitronix Limited,,,,,,,,,,,,,,,www.boe.com,www.boevx.com
10868,10868,5619,Celestica Inc,Celestica Inc.,,,,,,,,,,,,,,,www.celestica.com,https://disfold.com/company/celestica-inc/
10893,10893,4414,Deepki,Deere & Co,,,,,,,,,,,,,,,https://www.deepki.com,www.deere.com
10941,10941,764,Kokuyo Co Ltd,Kokuyo Co. Ltd,,,,,,,,,,,,,,,www.kokuyo.co.jp,https://disfold.com/company/kokuyo-co-ltd/
10969,10969,467,GP Industries Ltd,GP Investments Ltd,,,,,,,,,,,,,,,https://disfold.com/company/gp-industries-ltd/,https://disfold.com/company/gp-investments-ltd/
10979,10979,2625,Canfor Corp,Canfor Corporation,,,,,,,,,,,,,,,www.canfor.com,https://disfold.com/company/canfor-corporation/
11001,11001,2746,Aberdeen Asia-Pacific Income Investment Company Limited,Aberdeen Asian Income Fund Limited,,,,,,,,,,,,,,,https://disfold.com/company/aberdeen-asia-pacific-income-investment-company-limited/,https://disfold.com/company/aberdeen-asian-income-fund-limited/
11028,11028,6625,Warner Bros. Entertainment Careers,Warner Land Surveys,,,,,,,,,,,,,,,www.warnerbros.com,https://www.warnersurveys.com/
11058,11058,4244,HOCHTIEF AG,HOCHTIEF Aktiengesellschaft,,,,,,,,,,,,,,,https://disfold.com/company/hochtief-ag/,www.hochtief.de
11097,11097,2382,Rent-A-Center Inc,RentPath Careers,,,,,,,,,,,,,,,www.rentacenter.com,www.rentpath.com
11176,11176,10666,OTA Insight,OTC Engineering,,,,,,,,,,,,,,,https://www.otainsight.com/,https://otcengineering.com
11181,11181,7797,Vedanta Ltd,Vedanta Resources Ltd,,,,,,,,,,,,,,,www.vedantalimited.com,www.vedantaresources.com
11184,11184,5102,"Altura Energy, Inc.",Altura Mining Limited,,,,,,,,,,,,,,,https://disfold.com/company/altura-energy-inc/,https://disfold.com/company/altura-mining-limited/
11196,11196,2017,Pinduoduo,Pinduoduo Inc,,,,,,,,,,,,,,,https://disfold.com/company/pinduoduo-inc/,www.pinduoduo.com
11239,11239,5499,Southern California Edison Co,Southern Co,,,,,,,,,,,,,,,www.sce.com,www.southerncompany.com
11268,11268,5058,Zycus Careers,Zydus Lifesciences Ltd,,,,,,,,,,,,,,,www.zycus.com,www.zyduslife.com/zyduslife
11276,11276,3675,Sendcloud,Seneca Foods Corp,,,,,,,,,,,,,,,https://www.sendcloud.com/,www.senecafoods.com
11287,11287,7899,Beijing Tongrentang Co. Ltd,"Beijing United Information Technology Co.,Ltd.",,,,,,,,,,,,,,,https://disfold.com/company/beijing-tongrentang-co-ltd/,https://disfold.com/company/beijing-united-information-technology-coltd/
11319,11319,3266,Canon Marketing Japan Inc,"Canon Marketing Japan, Inc.",,,,,,,,,,,,,,,canon.jp,https://disfold.com/company/canon-marketing-japan-inc/
11370,11370,6265,China Medical & HealthCare Group Ltd,China Medical System Holdings Ltd,,,,,,,,,,,,,,,https://disfold.com/company/china-medical-healthcare-group-ltd/,https://disfold.com/company/china-medical-system-holdings-ltd/
11414,11414,9024,Mitsubishi Corp,Mitsubishi Corporation Careers,,,,,,,,,,,,,,,https://disfold.com/company/mitsubishi-corp/,www.mitsubishicorp.com
11502,11502,5460,Advanced Oncotherapy plc,Advanced Petrochemical Company,,,,,,,,,,,,,,,https://disfold.com/company/advanced-oncotherapy-plc/,https://disfold.com/company/advanced-petrochemical-company/
11515,11515,1548,Public Joint Stock Company Rusolovo,Public Joint Stock Company Saratovenergo,,,,,,,,,,,,,,,https://disfold.com/company/public-joint-stock-company-rusolovo/,https://disfold.com/company/public-joint-stock-company-saratovenergo/
11518,11518,4596,"Arena Pharmaceuticals, Inc.",Arena REIT,,,,,,,,,,,,,,,https://disfold.com/company/arena-pharmaceuticals-inc/,https://disfold.com/company/arena-reit/
11528,11528,5610,Storytel,Storytel AB,,,,,,,,,,,,,,,https://www.storytel.se,https://disfold.com/company/storytel-ab/
11561,11561,3208,Saigon - Hanoi Commercial Joint Stock Bank,Saigon Beer Alcohol Beverage Corp,,,,,,,,,,,,,,,www.shb.com.vn,www.sabeco.com.vn
11598,11598,3711,Crowd Bank,Crowd Credit,,,,,,,,,,,,,,,https://crowdbank.jp/,https://www.crowdcredit.jp/
11611,11611,4679,Taiwan Secom Co. Ltd,Taiwan Semiconductor Co. Ltd,,,,,,,,,,,,,,,https://disfold.com/company/taiwan-secom-co-ltd/,https://disfold.com/company/taiwan-semiconductor-co-ltd/
11626,11626,1425,Samyang Corp,Samyang Packaging Corp,,,,,,,,,,,,,,,https://disfold.com/company/samyang-corp/,https://disfold.com/company/samyang-packaging-corp/
11647,11647,7035,Canadian School Of Milan,Canadian Solar Inc,,,,,,,,,,,,,,,https://www.canadianschool.it,www.canadiansolar.com
11702,11702,3004,PostNL N.V.,PostNL NV,,,,,,,,,,,,,,,https://disfold.com/company/postnl-nv/,www.postnl.nl
11708,11708,5939,Morinaga & Co Ltd,Morinaga & Co. Ltd,,,,,,,,,,,,,,,www.morinaga.co.jp,https://disfold.com/company/morinaga-co-ltd/
11712,11712,2317,TenderHut (Group),Tenet Healthcare Corp,,,,,,,,,,,,,,,https://tenderhut.com/en,www.tenethealth.com
11724,11724,5538,Paychex Inc,"Paychex, Inc.",,,,,,,,,,,,,,,www.paychex.com,https://disfold.com/company/paychex-inc/
11742,11742,8762,Capelli,Capelli For You,,,,,,,,,,,,,,,https://disfold.com/company/capelli/,https://www.capelliforyou.it/
11755,11755,8483,The Drinkery,The E. W. Scripps Co,,,,,,,,,,,,,,,https://www.thirsty.com.sg/,scripps.com
11757,11757,11390,Century Pacific Food,Century Pacific Food Inc,,,,,,,,,,,,,,,https://centurypacific.com.ph/,centurypacific.com.ph
11760,11760,3040,ImAlliance SA,"Imaflex, Inc.",,,,,,,,,,,,,,,https://disfold.com/company/imalliance-sa/,https://disfold.com/company/imaflex-inc/
11783,11783,9491,Acom Co Ltd,Acom Co. Ltd,,,,,,,,,,,,,,,www.acom.co.jp,https://disfold.com/company/acom-co-ltd/
11786,11786,11104,reMarkable,reNature Careers,,,,,,,,,,,,,,,https://remarkable.com/,www.renatureinc.com
11817,11817,8197,Universal Insurance Holdings Inc,"Universal Logistics Holdings, Inc.",,,,,,,,,,,,,,,universalinsuranceholdings.com,www.universallogistics.com
11822,11822,3091,REV Group Inc,REWE Group,,,,,,,,,,,,,,,www.revgroup.com,www.rewe-group.com
11829,11829,5289,Banco Hipotecario SA,Banco Inter SA,,,,,,,,,,,,,,,https://disfold.com/company/banco-hipotecario-sa/,https://disfold.com/company/banco-inter-sa/
11833,11833,7980,Eastern Star Real Estate Public Company Ltd,Eastern Technical Engineering Public Company Ltd,,,,,,,,,,,,,,,https://disfold.com/company/eastern-star-real-estate-public-company-ltd/,https://disfold.com/company/eastern-technical-engineering-public-company-ltd/
11845,11845,10232,The AES Corp,The AES Corporation,,,,,,,,,,,,,,,www.aes.com,https://disfold.com/company/aes-corporation/
11892,11892,152,New Flyer Careers,New Fortress Energy Inc,,,,,,,,,,,,,,,www.newflyer.com,www.newfortressenergy.com
11912,11912,11319,Canon Inc.,Canon Marketing Japan Inc,,,,,,,,,,,,,,,https://disfold.com/company/canon-inc/,canon.jp
11916,11916,10554,Esurance Careers,Esyen,,,,,,,,,,,,,,,www.esurance.com,https://www.esyen.com/
11919,11919,7964,Çelebi Hava Servisi A.S.,Çelik Halat ve Tel Sanayii A.S.,,,,,,,,,,,,,,,https://disfold.com/company/celebi-hava-servisi-as/,https://disfold.com/company/celik-halat-ve-tel-sanayii-as/
11937,11937,3500,Plastore,Plastrading,,,,,,,,,,,,,,,https://www.plastore.it/,https://www.plastrading.it
11951,11951,5921,Expertease Partners,Experts People,,,,,,,,,,,,,,,https://www.expertease-partners.com,https://www.expertspeople.com
11959,11959,1746,Tenneco Inc,Tennessee Valley Authority,,,,,,,,,,,,,,,www.tenneco.com,www.tva.com
11974,11974,6705,Astro Group,Astro Malaysia Holdings Berhad,,,,,,,,,,,,,,,http://www.astrocorp.com.tw/,corporate.astro.com.my
11988,11988,9957,African Media Entertainment Ltd,African Rainbow Minerals Ltd,,,,,,,,,,,,,,,https://disfold.com/company/african-media-entertainment-ltd/,https://disfold.com/company/african-rainbow-minerals-ltd/
11998,11998,225,Coherent Inc,"Coherent, Inc.",,,,,,,,,,,,,,,www.coherent.com,https://disfold.com/company/coherent-inc/
12009,12009,5612,Ningbo Yongxin Optics Co. Ltd,Ningbo Yunsheng Co. Ltd,,,,,,,,,,,,,,,https://disfold.com/company ingbo-yongxin-optics-co-ltd/,https://disfold.com/company ingbo-yunsheng-co-ltd/
12014,12014,8403,Ford Motor Co,Ford Motor Company,,,,,,,,,,,,,,,www.ford.com,https://disfold.com/company/ford-motor-company/
12021,12021,5478,Chen Full International Co. Ltd,Chenavari Toro Income Fund Ltd,,,,,,,,,,,,,,,https://disfold.com/company/chen-full-international-co-ltd/,https://disfold.com/company/chenavari-toro-income-fund-ltd/
12033,12033,8731,accesso Careers,accesso Technology Group plc,,,,,,,,,,,,,,,www.accesso.com,https://disfold.com/company/accesso-technology-group-plc/
12059,12059,5231,"Brighthouse Financial, Inc.",Brighton & Hove Albion Football Club,,,,,,,,,,,,,,,www.brighthousefinancial.com,https://www.brightonandhovealbion.com/
12092,12092,10111,Privitar,Privé Technologies,,,,,,,,,,,,,,,https://www.privitar.com,https://www.privetechnologies.com/
12199,12199,10335,MetLife Inc,"MetLife, Inc.",,,,,,,,,,,,,,,www.metlife.com,https://disfold.com/company/metlife-inc/
12201,12201,5254,Sahamitr Pressure Container Public Company Ltd,Sahara International Petrochemical Company,,,,,,,,,,,,,,,https://disfold.com/company/sahamitr-pressure-container-public-company-ltd/,https://disfold.com/company/sahara-international-petrochemical-company/
12230,12230,6230,Cairn Energy plc,Cairn Homes plc,,,,,,,,,,,,,,,https://disfold.com/company/cairn-energy-plc/,https://disfold.com/company/cairn-homes-plc/
12272,12272,3806,Ganfeng Lithium Co. Ltd,Ganfeng Lithium Group Co Ltd,,,,,,,,,,,,,,,https://disfold.com/company/ganfeng-lithium-co-ltd/,www.ganfenglithium.com
12293,12293,6430,Vietnam Electricity,Vietnam International Commercial Joint Stock Bank,,,,,,,,,,,,,,,www.evn.com.vn,www.vib.com.vn
12316,12316,5838,WebEngage,Webalo Careers,,,,,,,,,,,,,,,https://webengage.com/,www.webalo.com
12327,12327,9015,Antherica,Anthesis,,,,,,,,,,,,,,,https://www.antherica.com,https://www.anthesis.co.uk/
12340,12340,7824,Bank of Guizhou Co. Ltd,Bank of Hangzhou Co. Ltd,,,,,,,,,,,,,,,https://disfold.com/company/bank-of-guizhou-co-ltd/,https://disfold.com/company/bank-of-hangzhou-co-ltd/
12356,12356,6441,Kuwait Finance House,Kuwait Projects Company Holding KSC,,,,,,,,,,,,,,,www.kfh.com,kipco.com
12365,12365,9637,Bionime Corp,Bionomics Limited,,,,,,,,,,,,,,,https://disfold.com/company/bionime-corp/,https://disfold.com/company/bionomics-limited/
12380,12380,613,Enpire,Enprise Group Ltd,,,,,,,,,,,,,,,https://enpire.pl,https://disfold.com/company/enprise-group-ltd/
12421,12421,11540,Reinagreen Italia,Reinbold Friseur,,,,,,,,,,,,,,,http://www.reinagreen.com,https://www.friseur-einkauf.com
12428,12428,2999,Qatar Islamic Bank,Qatar National Bank,,,,,,,,,,,,,,,www.qib.com.qa,www.qnb.com
12432,12432,7669,Saudi Enaya Cooperative Insurance Company,Saudi Fisheries Company,,,,,,,,,,,,,,,https://disfold.com/company/saudi-enaya-cooperative-insurance-company/,https://disfold.com/company/saudi-fisheries-company/
12436,12436,2565,Contact Energy Ltd,ContactEngine,,,,,,,,,,,,,,,contact.co.nz,https://www.contactengine.com/
12451,12451,9618,Sav-eco Packaging Ltd,Savait,,,,,,,,,,,,,,,https://sav-eco.com/,https://www.savait.com/
12475,12475,10697,Clean Seas Seafood Limited,Clean TeQ Holdings Limited,,,,,,,,,,,,,,,https://disfold.com/company/clean-seas-seafood-limited/,https://disfold.com/company/clean-teq-holdings-limited/
12529,12529,10860,Pakistan Petroleum Ltd,Pakistan State Oil Co Ltd,,,,,,,,,,,,,,,www.ppl.com.pk,www.psopk.com
12578,12578,2976,Renewable Energy Group Inc,Renewable Japan,,,,,,,,,,,,,,,www.regi.com,https://www.rn-j.com/
12590,12590,3248,Titan International Inc,Titan Machinery Inc,,,,,,,,,,,,,,,www.titan-intl.com,www.titanmachinery.com
12608,12608,11882,Schaeffler AG,Schaeffler Careers,,,,,,,,,,,,,,,https://disfold.com/company/schaeffler-ag/,www.schaeffler.com
12631,12631,2977,Sonos Careers,Sonos Inc,,,,,,,,,,,,,,,www.sonos.com,www.sonos.com
12638,12638,6045,Chenbro Careers,Chenbro Micom Co. Ltd,,,,,,,,,,,,,,,www.chenbro.com,https://disfold.com/company/chenbro-micom-co-ltd/
12641,12641,6784,Alpha Metallurgical Resources Inc,Alpha Networks Inc,,,,,,,,,,,,,,,alphametresources.com,www.alphanetworks.com
12654,12654,3968,China Merchants Securities Co. Ltd,China Metal Products Co. Ltd,,,,,,,,,,,,,,,https://disfold.com/company/china-merchants-securities-co-ltd/,https://disfold.com/company/china-metal-products-co-ltd/
12655,12655,964,"Benefit One, Inc.",Benefit Systems SA,,,,,,,,,,,,,,,https://disfold.com/company/benefit-one-inc/,https://disfold.com/company/benefit-systems-sa/
12674,12674,6512,Exacaster,Exact Sciences Corp,,,,,,,,,,,,,,,https://www.exacaster.com/,www.exactsciences.com
12682,12682,7737,NoviCap,Novicap,,,,,,,,,,,,,,,https:/ ovicap.com/,https:/ ovicap.com
12695,12695,12010,Man of Many,ManTech International Corp,,,,,,,,,,,,,,,https://manofmany.com/,www.mantech.com
12697,12697,9034,Q,Q Agency,,,,,,,,,,,,,,,https://q.agency,https://q.agency/
12726,12726,2957,Arihant Capital Markets Ltd,Arihant Superstructures Ltd,,,,,,,,,,,,,,,https://disfold.com/company/arihant-capital-markets-ltd/,https://disfold.com/company/arihant-superstructures-ltd/
12740,12740,7398,Aberdeen Standard Equity Income Trust plc,Aberdeen Standard European Logistics Income plc,,,,,,,,,,,,,,,https://disfold.com/company/aberdeen-standard-equity-income-trust-plc/,https://disfold.com/company/aberdeen-standard-european-logistics-income-plc/
12741,12741,10007,CreditAccess Grameen Ltd,Credito Emiliano S.p.A.,,,,,,,,,,,,,,,https://disfold.com/company/creditaccess-grameen-ltd/,https://disfold.com/company/credito-emiliano-spa/
12759,12759,5488,Foot Locker Careers,Foot Locker Inc,,,,,,,,,,,,,,,www.footlocker.com,www.footlocker-inc.com
12767,12767,9797,Caisse Regionale de Credit Agricole Mutuel de la Touraine et du Poitou,Caisse Regionale de Credit Agricole Mutuel du Languedoc SCCV,,,,,,,,,,,,,,,https://disfold.com/company/caisse-regionale-de-credit-agricole-mutuel-de-la-touraine-et-du-poitou/,https://disfold.com/company/caisse-regionale-de-credit-agricole-mutuel-du-languedoc-sccv/
12774,12774,1506,Cosan Limited,Cosan SA,,,,,,,,,,,,,,,https://disfold.com/company/cosan-limited/,https://disfold.com/company/cosan-sa/
12795,12795,11943,ArcelorMittal Careers,ArcelorMittal SA,,,,,,,,,,,,,,,corporate.arcelormittal.com,corporate.arcelormittal.com
12893,12893,760,Indiabulls Housing Finance Ltd,Indiabulls Ventures,,,,,,,,,,,,,,,www.indiabullshomeloans.com,https://www.indiabullsventures.com/
12914,12914,9799,3SBio Inc,"3SBio, Inc.",,,,,,,,,,,,,,,www.3sbio.com,https://disfold.com/company/3sbio-inc/
12922,12922,7887,BDO Unibank,BDO Unibank Inc,,,,,,,,,,,,,,,https://www.bdo.com.ph/,www.bdo.com.ph
12984,12984,10700,Adameo PM,Adams Resources & Energy Inc,,,,,,,,,,,,,,,https://www.adameo.com/,www.adamsresources.com
13003,13003,4008,Apparent,Apparent Communications,,,,,,,,,,,,,,,https://apparent.com.au/,https://apparent.com.au/
13041,13041,11940,SA Formação,SA Formação - Simples Analises,,,,,,,,,,,,,,,https://www.sa-formacao.pt/,https://www.sa-formacao.pt
13045,13045,644,"American National Group, Inc.","American Oil & Gas, Inc.",,,,,,,,,,,,,,,https://disfold.com/company/american-national-group-inc/,https://disfold.com/company/american-oil-gas-inc/
13073,13073,1805,Schulz Baugesellschaft,Schulz SA,,,,,,,,,,,,,,,https://www.bgs-schulz.de,https://disfold.com/company/schulz-sa/
13086,13086,13079,Chubb Limited,Chubb Ltd,,,,,,,,,,,,,,,https://disfold.com/company/chubb-limited/,www.chubb.com
13102,13102,10845,Ameris Bancorp,AmerisourceBergen Corp,,,,,,,,,,,,,,,www.amerisbank.com,www.amerisourcebergen.com
13151,13151,5607,Cream Team,Create SD Holdings Co. Ltd,,,,,,,,,,,,,,,https://creamteam.co/en/,https://disfold.com/company/create-sd-holdings-co-ltd/
13170,13170,6872,MISONOZA,MISUMI Group Inc,,,,,,,,,,,,,,,https://www.misonoza.co.jp/,www.misumi.co.jp
13190,13190,1896,Randstad N.V.,Randstad NV,,,,,,,,,,,,,,,https://disfold.com/company/randstad-nv/,www.randstad.com
13227,13227,9668,"CenterPoint Energy, Inc.",Centerra Gold Inc.,,,,,,,,,,,,,,,https://disfold.com/company/centerpoint-energy-inc/,https://disfold.com/company/centerra-gold-inc/
13233,13233,12664,NRC Health Careers,NRG Energy Inc,,,,,,,,,,,,,,,www.nrchealth.com,www.nrg.com
13254,13254,1421,Torana (Toysub!),Toray Industries Inc,,,,,,,,,,,,,,,https://torana.co.jp/,www.toray.co.jp
13256,13256,12138,Bolt,Bolt Technology,,,,,,,,,,,,,,,https://bolt.eu/,https://bolt.eu/
13260,13260,6734,Benesse Holdings Inc,"Benesse Holdings, Inc.",,,,,,,,,,,,,,,www.benesse-hd.co.jp,https://disfold.com/company/benesse-holdings-inc/
13262,13262,1635,PT Bank QNB Indonesia Tbk,PT Bank Rakyat Indonesia (Persero) Tbk,,,,,,,,,,,,,,,https://disfold.com/company/pt-bank-qnb-indonesia-tbk/,https://disfold.com/company/pt-bank-rakyat-indonesia-persero-tbk/
13288,13288,9603,AutoCanada Inc.,AutoNation Inc,,,,,,,,,,,,,,,https://disfold.com/company/autocanada-inc/,www.autonation.com
13302,13302,8929,Fractal Gaming Group AB,Fragbite Group AB,,,,,,,,,,,,,,,https://disfold.com/company/fractal-gaming-group-ab/,https://disfold.com/company/fragbite-group-ab/
13322,13322,5517,Boustead Projects Ltd,Boustead Singapore,,,,,,,,,,,,,,,https://disfold.com/company/boustead-projects-ltd/,https://boustead.sg/
13334,13334,7878,PT Bank Nationalnobu Tbk,PT Bank Negara Indonesia (Persero) Tbk,,,,,,,,,,,,,,,https://disfold.com/company/pt-bank-nationalnobu-tbk/,https://disfold.com/company/pt-bank-negara-indonesia-persero-tbk/
13362,13362,4462,Campbell Soup Co,Campbell Soup Company,,,,,,,,,,,,,,,www.campbellsoupcompany.com,https://disfold.com/company/campbell-soup-company/
13402,13402,9925,Carbios SAS,Carboclor SA,,,,,,,,,,,,,,,https://disfold.com/company/carbios-sas/,https://disfold.com/company/carboclor-sa/
13424,13424,2428,Magellan Health Inc,Magellan Midstream Partners LP,,,,,,,,,,,,,,,www.magellanhealth.com,www.magellanlp.com
13426,13426,1367,Accenture,Accenture Plc,,,,,,,,,,,,,,,https://disfold.com/company/accenture-plc/,www.accenture.com
13437,13437,279,National HealthCare Corp,National Instruments Careers,,,,,,,,,,,,,,,nhccare.com,www.ni.com
13440,13440,1840,Kimberly-Clark Corp,Kimberly-Clark Corporation,,,,,,,,,,,,,,,www.kimberly-clark.com/en-us,https://disfold.com/company/kimberly-clark-corporation/
13475,13475,3706,Gresham House plc,Gresham Technologies plc,,,,,,,,,,,,,,,https://disfold.com/company/gresham-house-plc/,https://disfold.com/company/gresham-technologies-plc/
13498,13498,10965,ASUS Careers,ASUSTeK Computer Inc,,,,,,,,,,,,,,,www.asus.com,www.asus.com
13515,13515,9477,Marvell Semiconductor Careers,Marvell Technology Inc,,,,,,,,,,,,,,,www.marvell.com,www.marvell.com
13518,13518,9507,Almarai Company,Almawave S.p.A.,,,,,,,,,,,,,,,https://disfold.com/company/almarai-company/,https://disfold.com/company/almawave-spa/
13540,13540,8020,Convent Experts,Converge,,,,,,,,,,,,,,,https://www.convent-experts.com,https://corporate.convergeict.com/
13554,13554,5886,Innov8tif,Innova Hts,,,,,,,,,,,,,,,https://innov8tif.com/,https://www.innovahts.com/
13557,13557,8455,Coal India Ltd,Coanda Energies,,,,,,,,,,,,,,,www.coalindia.in,https://www.coanda.fr
13569,13569,3135,Public joint stock company NPO Nauka,Public joint stock company ROSBANK,,,,,,,,,,,,,,,https://disfold.com/company/public-joint-stock-company-npo-nauka/,https://disfold.com/company/public-joint-stock-company-rosbank/
13598,13598,1968,Ecoslops SA,Ecosuntek S.p.A.,,,,,,,,,,,,,,,https://disfold.com/company/ecoslops-sa/,https://disfold.com/company/ecosuntek-spa/
13599,13599,5262,Oxford Instruments plc,Oxford Metrics plc,,,,,,,,,,,,,,,https://disfold.com/company/oxford-instruments-plc/,https://disfold.com/company/oxford-metrics-plc/
13608,13608,4263,Jindal Steel & Power Ltd,Jindal Worldwide,,,,,,,,,,,,,,,www.jindalsteelpower.com,http://www.jindaltextiles.com/
13613,13613,7023,TransUnion,TransUnion LLC,,,,,,,,,,,,,,,https://disfold.com/company/transunion/,www.transunion.com
13614,13614,10170,Public Joint Stock Company Polyus,Public Joint Stock Company RBC,,,,,,,,,,,,,,,https://disfold.com/company/public-joint-stock-company-polyus/,https://disfold.com/company/public-joint-stock-company-rbc/
13617,13617,938,Predica,Predica Consulting Services Sp. z o.o. Sp. Komandytowa,,,,,,,,,,,,,,,https://www.predicagroup.com/,https://www.predicagroup.com
13621,13621,1752,Xilinx Inc,"Xilinx, Inc.",,,,,,,,,,,,,,,www.xilinx.com,https://disfold.com/company/xilinx-inc/
13626,13626,2040,PicoCandy Careers,PicoCela,,,,,,,,,,,,,,,picocandy.com,https://www.picocela.com/
13630,13630,176,"Corporación Inmobiliaria Vesta, S.A.B. de C.V.","Corporación Interamericana de Entretenimiento, S.A.B. de C.V.",,,,,,,,,,,,,,,https://disfold.com/company/corporacion-inmobiliaria-vesta-sab-de-cv/,https://disfold.com/company/corporacion-interamericana-de-entretenimiento-sab-de-cv/
13642,13642,3838,Nutanix Inc,"Nutanix, Inc.",,,,,,,,,,,,,,,www.nutanix.com,https://disfold.com/company utanix-inc/
13673,13673,1095,Bright Horizons Family Solutions Inc,Bright Horizons Family Solutions Inc.,,,,,,,,,,,,,,,investors.brighthorizons.com,https://disfold.com/company/bright-horizons-family-solutions-inc/
13751,13751,7123,Fortress Minerals Ltd,Fortress REIT Ltd,,,,,,,,,,,,,,,https://disfold.com/company/fortress-minerals-ltd/,https://disfold.com/company/fortress-reit-ltd/
13777,13777,5664,A.U.E. Genc Warenhandels,A.U.E. Genc Warenhandels-UG,,,,,,,,,,,,,,,https://www.weg-ist-weg.com/,https://www.weg-ist-weg.com/
13795,13795,11400,Accellion Careers,Accely,,,,,,,,,,,,,,,www.accellion.com,https://www.accely.com/
13814,13814,6636,Doctor Hail (Dottor Grandine),Doctor Hail spa,,,,,,,,,,,,,,,https://www.dottorgrandine.com,https://www.dottorgrandine.com/
13815,13815,2261,Giglio.com,GiglioCom,,,,,,,,,,,,,,,https://www.giglio.com,https://www.giglio.com/
13824,13824,5807,Central Garden & Pet Co,Central Glass Co. Ltd,,,,,,,,,,,,,,,www.central.com,https://disfold.com/company/central-glass-co-ltd/
13836,13836,3947,Cintac SA,Cintas Corp,,,,,,,,,,,,,,,https://disfold.com/company/cintac-sa/,www.cintas.com
13845,13845,8321,Dream Impact Trust,Dream Industrial Real Estate Investment Trust,,,,,,,,,,,,,,,https://disfold.com/company/dream-impact-trust/,https://disfold.com/company/dream-industrial-reit/
13866,13866,7242,Public Joint Stock Company Magadanenergo,Public Joint Stock Company Magnit,,,,,,,,,,,,,,,https://disfold.com/company/public-joint-stock-company-magadanenergo/,https://disfold.com/company/public-joint-stock-company-magnit/
13886,13886,1100,Allegiance Coal Limited,Allegiant Travel Co,,,,,,,,,,,,,,,https://disfold.com/company/allegiance-coal-limited/,www.allegiantair.com
13936,13936,6568,Crossflow Payment Solutions Trading,Crossflow Payments,,,,,,,,,,,,,,,https://www.crossflowpayments.co.uk,https://crossflowpayments.co.uk/
13942,13942,5032,"American Manganese, Inc.","American National Group, Inc",,,,,,,,,,,,,,,https://disfold.com/company/american-manganese-inc/,www.americannational.com/wps/portal
13964,13964,699,CNH Industrial N.V.,CNH Industrial NV,,,,,,,,,,,,,,,https://disfold.com/company/cnh-industrial-nv/,cnhindustrial.com
14037,14037,8529,Lemon Way,Lemonade Careers,,,,,,,,,,,,,,,https://www.lemonway.com,www.lemonade.com
14048,14048,3894,Steven Madden Ltd,Stewart Information Services Corp,,,,,,,,,,,,,,,www.stevemadden.com,www.stewart.com
14050,14050,6763,"Cheniere Energy Partners, L.P.","Cheniere Energy, Inc.",,,,,,,,,,,,,,,https://disfold.com/company/cheniere-energy-partners-lp/,https://disfold.com/company/cheniere-energy-inc/
14055,14055,9421,Orange Polska SA,Orange SA,,,,,,,,,,,,,,,https://disfold.com/company/orange-polska-sa/,https://disfold.com/company/orange-sa/
14079,14079,11688,Ems-Chemie Holding AG,Emsproto,,,,,,,,,,,,,,,www.ems-group.com,https://www.emsproto.com
14088,14088,2619,Chung Fu Tex-International Corp,Chung Hung Steel Corp,,,,,,,,,,,,,,,https://disfold.com/company/chung-fu-tex-international-corp/,https://disfold.com/company/chung-hung-steel-corp/
14095,14095,6406,Public Joint-Stock Company Territorial Generation Company No.2,Public Joint-Stock Company The Likhachov Plant,,,,,,,,,,,,,,,https://disfold.com/company/public-joint-stock-company-territorial-generation-company-no2/,https://disfold.com/company/public-joint-stock-company-the-likhachov-plant/
14153,14153,10058,WineDirect Careers,Winelivery,,,,,,,,,,,,,,,www.winedirect.com,https://www.winelivery.com/
14160,14160,11683,Fb.M.,Fb.M. S.r.l.,,,,,,,,,,,,,,,https://www.fbmsrl.net/,https://www.fbmsrl.net
14163,14163,10773,Philippine National Bank,Philips International Careers,,,,,,,,,,,,,,,www.pnb.com.ph,www.pihc.com
14168,14168,2366,Computer Direct Group Ltd,Computer Modelling Group Ltd.,,,,,,,,,,,,,,,https://disfold.com/company/computer-direct-group-ltd/,https://disfold.com/company/computer-modelling-group-ltd/
14177,14177,3502,MyPay,MyPostcard.com,,,,,,,,,,,,,,,https://www.mypay.uk.com,https://www.mypostcard.com/
14197,14197,11988,African Equity Empowerment Investments Ltd,African Media Entertainment Ltd,,,,,,,,,,,,,,,https://disfold.com/company/african-equity-empowerment-investments-ltd/,https://disfold.com/company/african-media-entertainment-ltd/
14200,14200,7940,Conagra Brands Careers,Conagra Brands Inc,,,,,,,,,,,,,,,www.conagrabrands.com,www.conagrabrands.com
14210,14210,7679,Akbank T.A.S.,Akbank TAS,,,,,,,,,,,,,,,https://disfold.com/company/akbank-tas/,www.akbank.com
14231,14231,14081,Chong Hong Construction Co. Ltd,Chong Kin Group Holdings Ltd,,,,,,,,,,,,,,,https://disfold.com/company/chong-hong-construction-co-ltd/,https://disfold.com/company/chong-kin-group-holdings-ltd/
14249,14249,7365,Nuffield Dental,Nuffield Dental Holdings,,,,,,,,,,,,,,,https://www.nuffielddental.com.sg/,https://www.nuffielddental.com.sg/
14252,14252,13933,SVI Public Company Ltd,SVOA Public Company Ltd,,,,,,,,,,,,,,,https://disfold.com/company/svi-public-company-ltd/,https://disfold.com/company/svoa-public-company-ltd/
14254,14254,11056,BlackRock Greater Europe Investment Trust plc,BlackRock Inc,,,,,,,,,,,,,,,https://disfold.com/company/blackrock-greater-europe-investment-trust-plc/,www.blackrock.com
14279,14279,10563,Hyundai Capital America Careers,Hyundai Card Co Ltd,,,,,,,,,,,,,,,www.hyundaicapitalamerica.com,www.hyundaicard.com
14293,14293,11212,Public Joint Stock Company Krasnoyarskenergosbyt,Public Joint Stock Company Kurgan Generation Company,,,,,,,,,,,,,,,https://disfold.com/company/public-joint-stock-company-krasnoyarskenergosbyt/,https://disfold.com/company/public-joint-stock-company-kurgan-generation-company/
14295,14295,7846,B2DIGIT,B2Gold Corp,,,,,,,,,,,,,,,https://www.b2digit.com/,www.b2gold.com
14300,14300,13383,Nippon Telegraph and Telephone Corp,Nippon Television Holdings Inc,,,,,,,,,,,,,,,www.ntt.co.jp,www.ntvhd.co.jp
14310,14310,8367,Fresenius Kabi AG,Fresenius Medical Care AG & Co KGaA,,,,,,,,,,,,,,,www.fresenius-kabi.com,www.freseniusmedicalcare.com
14340,14340,11021,Absolute Clean Energy Public Company Ltd,Absolute Equity Performance Fund Limited,,,,,,,,,,,,,,,https://disfold.com/company/absolute-clean-energy-public-company-ltd/,https://disfold.com/company/absolute-equity-performance-fund-limited/
14342,14342,12872,EchoStar Corp,Eciglogística,,,,,,,,,,,,,,,www.echostar.com,https://eciglogistica.com/
14362,14362,5605,APA Corp,APA Group,,,,,,,,,,,,,,,https://disfold.com/company/apa-corp/,https://disfold.com/company/apa-group/
14388,14388,5038,Altia Oyj,Altice USA Inc,,,,,,,,,,,,,,,https://disfold.com/company/altia-oyj/,www.alticeusa.com
14399,14399,4035,Digitalist Group Plc,Digitalmind,,,,,,,,,,,,,,,https://disfold.com/company/digitalist-group-plc/,https://www.digital-mind.it/
14425,14425,6038,Brightstar Corp. Careers,Brightstone Group,,,,,,,,,,,,,,,www.brightstar.com,https://www.brightstonegroup.nl
14426,14426,1018,Man Group Careers,Man Group Plc,,,,,,,,,,,,,,,www.man.com,www.man.com
14437,14437,14412,Barclays Plc,Barclays plc,,,,,,,,,,,,,,,www.home.barclays,https://disfold.com/company/barclays-plc/
14449,14449,2529,"Consolidated Edison, Inc.",Consolidated Finvest & Holdings Ltd,,,,,,,,,,,,,,,https://disfold.com/company/consolidated-edison-inc/,https://disfold.com/company/consolidated-finvest-holdings-ltd/
14456,14456,13962,Thai Group Holdings Public Company Ltd,Thai Ha Public Company Ltd,,,,,,,,,,,,,,,https://disfold.com/company/thai-group-holdings-public-company-ltd/,https://disfold.com/company/thai-ha-public-company-ltd/
14480,14480,9513,Eni SpA,Enigma Careers,,,,,,,,,,,,,,,www.eni.com,enigma.com
14500,14500,2180,Australian Mines Limited,Australian Pharmaceutical Industries Limited,,,,,,,,,,,,,,,https://disfold.com/company/australian-mines-limited/,https://disfold.com/company/australian-pharmaceutical-industries-limited/
14508,14508,13058,"PT Mas Murni Indonesia, Tbk",PT Maskapai Reasuransi Indonesia Tbk,,,,,,,,,,,,,,,https://disfold.com/company/pt-mas-murni-indonesia-tbk/,https://disfold.com/company/pt-maskapai-reasuransi-indonesia-tbk/
14509,14509,3961,Turing Video Careers,Turk Hava Yollari Anonim Ortakligi,,,,,,,,,,,,,,,www.turingvideo.com,www.turkishairlines.com
14517,14517,11774,Ajinomoto Co Inc,"Ajinomoto Co., Inc.",,,,,,,,,,,,,,,www.ajinomoto.co.jp,https://disfold.com/company/ajinomoto-co-inc/
14540,14540,12087,Great Bear Resources Ltd,Great Bear Royalties Corp,,,,,,,,,,,,,,,https://disfold.com/company/great-bear-resources-ltd/,https://disfold.com/company/great-bear-royalties-corp/
14551,14551,5884,Lever Touch,Levi Strauss & Co,,,,,,,,,,,,,,,https://www.levertouch.com,www.levistrauss.com
14563,14563,5084,Custom Group,Cvent Careers,,,,,,,,,,,,,,,https://www.customconcepts.com,www.cvent.com
14564,14564,13566,Beijer Electronics Group AB,Beijer Ref AB,,,,,,,,,,,,,,,https://disfold.com/company/beijer-electronics-group-ab/,https://disfold.com/company/beijer-ref-ab/
14633,14633,10275,Arabia Insurance Cooperative Company,Arabian Petroleum,,,,,,,,,,,,,,,https://disfold.com/company/arabia-insurance-cooperative-company/,https://www.arabianpetroleum.co.in/
14637,14637,2167,Light & Wonder Inc,Light Microfinance,,,,,,,,,,,,,,,www.scientificgames.com,https://www.lightmicrofinance.com/
14655,14655,11213,Inkitt,Inknown Careers,,,,,,,,,,,,,,,https://www.inkitt.com/,www.inknown.com
14657,14657,5111,PT Red Planet Indonesia Tbk,PT Reliance Sekuritas Indonesia Tbk,,,,,,,,,,,,,,,https://disfold.com/company/pt-red-planet-indonesia-tbk/,https://disfold.com/company/pt-reliance-sekuritas-indonesia-tbk/
14658,14658,6980,Ovintiv Inc,Ovintiv Inc.,,,,,,,,,,,,,,,www.ovintiv.com,https://disfold.com/company/ovintiv-inc/
14659,14659,4599,Shopify,Shopify Inc,,,,,,,,,,,,,,,https://disfold.com/company/shopify-inc/,www.shopify.com
14667,14667,11185,Allied Electronics Corp Ltd,Allied Farmers Ltd,,,,,,,,,,,,,,,https://disfold.com/company/allied-electronics-corp-ltd/,https://disfold.com/company/allied-farmers-ltd/
14675,14675,9727,China Feihe Ltd,"China Film Co.,Ltd.",,,,,,,,,,,,,,,https://disfold.com/company/china-feihe-ltd/,https://disfold.com/company/china-film-coltd/
14679,14679,13606,Bankinter SA,"Bankinter, SA",,,,,,,,,,,,,,,www.bankinter.com,https://disfold.com/company/bankinter-sa/
14681,14681,4336,Daifuku Co Ltd,Daifuku Co. Ltd,,,,,,,,,,,,,,,www.daifuku.com,https://disfold.com/company/daifuku-co-ltd/
14720,14720,482,First Gen Corp,First Gen Corporation,,,,,,,,,,,,,,,www.firstgen.com.ph,https://www.firstgen.com.ph/
14725,14725,11712,TenderHut,TenderHut (Group),,,,,,,,,,,,,,,https://www.tenderhut.com,https://tenderhut.com/en
14726,14726,230,Zhejiang Starry Pharmaceutical Co. Ltd,Zhejiang Tianyu Pharmaceutical Co. Ltd,,,,,,,,,,,,,,,https://disfold.com/company/zhejiang-starry-pharmaceutical-co-ltd/,https://disfold.com/company/zhejiang-tianyu-pharmaceutical-co-ltd/
14728,14728,9018,Aristocrat Leisure Limited,Aristocrat Leisure Ltd,,,,,,,,,,,,,,,https://disfold.com/company/aristocrat-leisure-limited/,www.aristocrat.com
14743,14743,13016,TSEC Corp,TSH Corp Ltd,,,,,,,,,,,,,,,https://disfold.com/company/tsec-corp/,https://disfold.com/company/tsh-corp-ltd/
14768,14768,2459,Fleury Michon SA,Fleury SA,,,,,,,,,,,,,,,https://disfold.com/company/fleury-michon-sa/,https://disfold.com/company/fleury-sa/
14787,14787,5051,Izumi Co Ltd,Izumi Co. Ltd,,,,,,,,,,,,,,,www.izumi.co.jp,https://disfold.com/company/izumi-co-ltd/
14795,14795,1961,Hazer Group Limited,HeadHunter Group PLC,,,,,,,,,,,,,,,https://disfold.com/company/hazer-group-limited/,https://disfold.com/company/headhunter-group-plc/
14797,14797,1625,Airbase Careers,Airbnb Inc,,,,,,,,,,,,,,,www.airbase.com,www.airbnb.co.in
14835,14835,9496,Stella-Jones Inc,Stella-Jones Inc.,,,,,,,,,,,,,,,www.stella-jones.com,https://disfold.com/company/stella-jones-inc/
14836,14836,11283,Venquis,Ventas Inc,,,,,,,,,,,,,,,https://www.venquis.com,www.ventasreit.com
14861,14861,2292,Steinhoff International Holdings NV,Steinhoff Investment Holdings Ltd,,,,,,,,,,,,,,,https://disfold.com/company/steinhoff-international-holdings-nv/,https://disfold.com/company/steinhoff-investment-holdings-ltd/
14909,14909,5553,Catana Group SA,Catapult Group International Limited,,,,,,,,,,,,,,,https://disfold.com/company/catana-group-sa/,https://disfold.com/company/catapult-group-international-limited/
14954,14954,14155,Silver Tide Holdings Ltd,SilverBridge Holdings Ltd,,,,,,,,,,,,,,,https://disfold.com/company/silver-tide-holdings-ltd/,https://disfold.com/company/silverbridge-holdings-ltd/
14970,14970,13160,Williams Sonoma Inc,"Williams-Sonoma, Inc.",,,,,,,,,,,,,,,www.williams-sonomainc.com,https://disfold.com/company/williams-sonoma-inc/
15025,15025,2637,ChipMOS TECHNOLOGIES INC.,Chipbond Technology Corp,,,,,,,,,,,,,,,https://disfold.com/company/chipmos-technologies-inc/,https://disfold.com/company/chipbond-technology-corp/
15045,15045,14466,Avangrid Inc,"Avangrid, Inc.",,,,,,,,,,,,,,,www.avangrid.com,https://disfold.com/company/avangrid-inc/
15046,15046,11223,Infocom Corp,Infocon Careers,,,,,,,,,,,,,,,https://disfold.com/company/infocom-corp/,www.infoconn.com
15098,15098,4146,Hilton Grand Vacations Inc,Hilton Worldwide Holdings Inc,,,,,,,,,,,,,,,www.hiltongrandvacations.com,www.hilton.com
15100,15100,8226,Administradora de Fondos de Pensiones Habitat SA,Administradora de Fondos de Pensiones PlanVital SA,,,,,,,,,,,,,,,https://disfold.com/company/administradora-de-fondos-de-pensiones-habitat-sa/,https://disfold.com/company/administradora-de-fondos-de-pensiones-planvital-sa/
15135,15135,13895,PT Indonesia Kendaraan Terminal Tbk,PT Indonesia Pondasi Raya Tbk,,,,,,,,,,,,,,,https://disfold.com/company/pt-indonesia-kendaraan-terminal-tbk/,https://disfold.com/company/pt-indonesia-pondasi-raya-tbk/
15145,15145,6148,Thai Wah Public Company Ltd,Thai Wire Products Public Company Ltd,,,,,,,,,,,,,,,https://disfold.com/company/thai-wah-public-company-ltd/,https://disfold.com/company/thai-wire-products-public-company-ltd/
15171,15171,12454,Compagnie Financière Richemont SA,Compagnie Financière Tradition SA,,,,,,,,,,,,,,,https://disfold.com/company/compagnie-financiere-richemont-sa/,https://disfold.com/company/compagnie-financiere-tradition-sa/
15175,15175,8811,PT Bank Danamon Indonesia Tbk,PT Bank Ganesha Tbk,,,,,,,,,,,,,,,https://disfold.com/company/pt-bank-danamon-indonesia-tbk/,https://disfold.com/company/pt-bank-ganesha-tbk/
15186,15186,12432,Saudi Electricity Company,Saudi Enaya Cooperative Insurance Company,,,,,,,,,,,,,,,https://disfold.com/company/saudi-electricity-company/,https://disfold.com/company/saudi-enaya-cooperative-insurance-company/
15201,15201,10138,Sichuan Changhong Electric Co Ltd,"Sichuan Changhong Electric Co.,Ltd.",,,,,,,,,,,,,,,www.changhong.com,https://disfold.com/company/sichuan-changhong-electric-coltd/
15214,15214,5249,Datalex plc,Datalogic S.p.A.,,,,,,,,,,,,,,,https://disfold.com/company/datalex-plc/,https://disfold.com/company/datalogic-spa/
15219,15219,10242,OpenGov Inc. Careers,OpenText Careers,,,,,,,,,,,,,,,opengov.com,www.opentext.com
15235,15235,798,Stiltz Homelifts,Stiltz Lifts,,,,,,,,,,,,,,,https://www.stiltz.co.uk/,https://www.stiltz.co.uk
15248,15248,7518,ParcelHero.com,ParcelLab,,,,,,,,,,,,,,,https://www.parcelhero.com,https://parcellab.com
15259,15259,7751,iHeartMedia Inc,iHerb Careers,,,,,,,,,,,,,,,www.iheartmedia.com,www.iherb.com
15261,15261,9162,CK Infrastructure Holdings Ltd,"CK Life Sciences Int'l., (Holdings), Inc.",,,,,,,,,,,,,,,https://disfold.com/company/ck-infrastructure-holdings-ltd/,https://disfold.com/company/ck-life-sciences-intl-holdings-inc/
15273,15273,719,Costain Group plc,Costamp Group S.p.A.,,,,,,,,,,,,,,,https://disfold.com/company/costain-group-plc/,https://disfold.com/company/costamp-group-spa/
15338,15338,885,Join Business,Join Business Management Consulting,,,,,,,,,,,,,,,https://www.joinbusinessmc.com,https://www.joinbusinessmc.com/
15344,15344,3999,Broadridge Careers,Broadridge Financial Solutions Inc,,,,,,,,,,,,,,,www.broadridge.com,www.broadridge.com
15351,15351,10361,Duskin Co Ltd,Duskin Co. Ltd,,,,,,,,,,,,,,,www.duskin.co.jp,https://disfold.com/company/duskin-co-ltd/
15360,15360,11064,Nanjing Gaoke Company Ltd,"Nanjing Hanrui Cobalt Co.,Ltd.",,,,,,,,,,,,,,,https://disfold.com/company anjing-gaoke-company-ltd/,https://disfold.com/company anjing-hanrui-cobalt-coltd/
15371,15371,7843,Global Partners LP,Global Payments Inc,,,,,,,,,,,,,,,www.globalp.com,www.globalpayments.com
15402,15402,6607,New York Power Authority,New York State Office of Information Technology Services Careers,,,,,,,,,,,,,,,www.nypa.gov,its.ny.gov
15423,15423,12534,Sinotrans Ltd,Sinotrans Shipping Ltd,,,,,,,,,,,,,,,https://disfold.com/company/sinotrans-ltd/,https://disfold.com/company/sinotrans-shipping-ltd/
15432,15432,7723,Valvoline Inc,Valvoline Inc.,,,,,,,,,,,,,,,www.valvoline.com,https://disfold.com/company/valvoline-inc/
15448,15448,6785,Samsung Heavy Industries Co Ltd,Samsung Life Insurance Co Ltd,,,,,,,,,,,,,,,www.samsungshi.com,www.samsunglife.com
15472,15472,352,IGIS RESIDENCE REIT Co. Ltd,IGIS Value Plus REIT Co. Ltd,,,,,,,,,,,,,,,https://disfold.com/company/igis-residence-reit-co-ltd/,https://disfold.com/company/igis-value-plus-reit-co-ltd/
15473,15473,37,"Amita Technologies, Inc.",Amity,,,,,,,,,,,,,,,https://disfold.com/company/amita-technologies-inc/,https://www.amity.co/
15483,15483,13204,Omnia Holdings Ltd,Omnibridge Holdings Ltd,,,,,,,,,,,,,,,https://disfold.com/company/omnia-holdings-ltd/,https://disfold.com/company/omnibridge-holdings-ltd/
15519,15519,4220,Boohoo Group,Boohoo Group Plc,,,,,,,,,,,,,,,https://www.boohooplc.com,www.boohooplc.com
15529,15529,5312,Alsea SAB de CV,"Alsea, S.A.B. de C.V.",,,,,,,,,,,,,,,www.alsea.com.mx,https://disfold.com/company/alsea-sab-de-cv/
15530,15530,6612,Ooni,Ooni Pizza Ovens,,,,,,,,,,,,,,,https://ooni.com/,https://ooni.com/
15576,15576,10706,Eland Oil & Gas,Eland Oil & Gas**,,,,,,,,,,,,,,,https://www.elandoilandgas.com,https://www.elandoilandgas.com/
15584,15584,9928,Sanken Electric Co Ltd,Sanken Electric Co. Ltd,,,,,,,,,,,,,,,www.sanken-ele.co.jp,https://disfold.com/company/sanken-electric-co-ltd/
15599,15599,4840,Aptitude Software Group,Aptitude Software Group plc,,,,,,,,,,,,,,,https://www.aptitudesoftware.com/,https://disfold.com/company/aptitude-software-group-plc/
15603,15603,9498,Granicus Careers,Granite Construction Inc,,,,,,,,,,,,,,,granicus.com,www.graniteconstruction.com
15630,15630,11959,Tennant Co,Tenneco Inc,,,,,,,,,,,,,,,www.tennantco.com,www.tenneco.com
15652,15652,6960,Exscientia,Exscientia AI,,,,,,,,,,,,,,,https://www.exscientia.ai,https://www.exscientia.ai/
15673,15673,10190,China Shuifa Singyes Energy Holdings Ltd,China Smarter Energy Group Holdings Ltd,,,,,,,,,,,,,,,https://disfold.com/company/china-shuifa-singyes-energy-holdings-ltd/,https://disfold.com/company/china-smarter-energy-group-holdings-ltd/
15689,15689,4148,Zia Lucia,Zia Lucia Holdings,,,,,,,,,,,,,,,https://zialucia.com/,https://zialucia.com
15692,15692,13628,NuStar Energy LP,NuVasive Inc,,,,,,,,,,,,,,,www.nustarenergy.com,www.nuvasive.com
15709,15709,6132,PRA Group Inc,PRA Health Sciences Inc,,,,,,,,,,,,,,,www.pragroup.com,www.prahs.com
15710,15710,5278,UMB Financial Corp,UMR Careers,,,,,,,,,,,,,,,www.umb.com,www.umr.com
15720,15720,14892,Signet Jewelers Ltd,Signicat,,,,,,,,,,,,,,,www.signetjewelers.com,https://www.signicat.com/
15730,15730,3993,China Motor Corp,China Motor Corporation,,,,,,,,,,,,,,,https://disfold.com/company/china-motor-corp/,www.china-motor.com.tw
15742,15742,12767,Caisse Regionale de Credit Agricole Mutuel de Normandie-Seine,Caisse Regionale de Credit Agricole Mutuel de la Touraine et du Poitou,,,,,,,,,,,,,,,https://disfold.com/company/caisse-regionale-de-credit-agricole-mutuel-de-normandie-seine/,https://disfold.com/company/caisse-regionale-de-credit-agricole-mutuel-de-la-touraine-et-du-poitou/
15759,15759,15492,Greentown China Holdings Ltd,Greentown Management Holdings Company Ltd,,,,,,,,,,,,,,,https://disfold.com/company/greentown-china-holdings-ltd/,https://disfold.com/company/greentown-management-holdings-company-ltd/
15794,15794,15539,Murphy USA Inc,Murphy USA Inc.,,,,,,,,,,,,,,,www.murphyusa.com,https://disfold.com/company/murphy-usa-inc/
15797,15797,15018,Chiangmai Frozen Foods Public Company Ltd,Chiangmai Rimdoi Public Company Ltd,,,,,,,,,,,,,,,https://disfold.com/company/chiangmai-frozen-foods-public-company-ltd/,https://disfold.com/company/chiangmai-rimdoi-public-company-ltd/
15809,15809,3751,Hostinger,Hostmaker,,,,,,,,,,,,,,,https://www.hostinger.com/,https://hostmaker.com/
15823,15823,3535,Samsung SDS Co Ltd,Samsung Securities Co Ltd,,,,,,,,,,,,,,,www.samsungsds.com,www.samsungpop.com
15830,15830,6997,Schaffner Holding AG,Schaltbau Holding AG,,,,,,,,,,,,,,,https://disfold.com/company/schaffner-holding-ag/,https://disfold.com/company/schaltbau-holding-ag/
15833,15833,4334,BAE Systems Plc,BAE Systems plc,,,,,,,,,,,,,,,www.baesystems.com,https://disfold.com/company/bae-systems-plc/
15834,15834,6690,Aljazira Mawten REIT Fund,Aljazira Takaful Taawuni Company,,,,,,,,,,,,,,,https://disfold.com/company/aljazira-mawten-reit-fund/,https://disfold.com/company/aljazira-takaful-taawuni-company/
15862,15862,15385,LionTree LLC Careers,Lions Gate Entertainment Corp,,,,,,,,,,,,,,,www.liontree.com,www.lionsgate.com
15882,15882,4545,The Shyft Group Inc,The Siam Cement Public Co Ltd,,,,,,,,,,,,,,,theshyftgroup.com,www.scg.com
15896,15896,977,Wai Chi Holdings Company Ltd,Wai Chun Group Holdings Ltd,,,,,,,,,,,,,,,https://disfold.com/company/wai-chi-holdings-company-ltd/,https://disfold.com/company/wai-chun-group-holdings-ltd/
15901,15901,11734,Aisin Corp,Aisin Seiki Co. Ltd,,,,,,,,,,,,,,,www.aisin.com,https://disfold.com/company/aisin-seiki-co-ltd/
15906,15906,5932,Carro,Carrols Restaurant Group Inc,,,,,,,,,,,,,,,https://carro.sg/,www.carrols.com
15951,15951,2140,Hammerson plc,Hammond Power Solutions Inc.,,,,,,,,,,,,,,,https://disfold.com/company/hammerson-plc/,https://disfold.com/company/hammond-power-solutions-inc/
15973,15973,9803,Maruti Suzuki India Ltd,Maruti Techlabs,,,,,,,,,,,,,,,www.marutisuzuki.com,https://marutitech.com/
15982,15982,15068,Regeneron Careers,Regeneron Pharmaceuticals Inc,,,,,,,,,,,,,,,www.regeneron.com,www.regeneron.com
15984,15984,13127,Beijing Jingneng Power Co. Ltd,Beijing Jingyuntong Technology Co. Ltd,,,,,,,,,,,,,,,https://disfold.com/company/beijing-jingneng-power-co-ltd/,https://disfold.com/company/beijing-jingyuntong-technology-co-ltd/
15987,15987,8443,"Quanta Services, Inc.","Quanta Storage, Inc.",,,,,,,,,,,,,,,https://disfold.com/company/quanta-services-inc/,https://disfold.com/company/quanta-storage-inc/
15992,15992,6943,Allied Cooperative Insurance Group,Allied Corp,,,,,,,,,,,,,,,https://disfold.com/company/allied-cooperative-insurance-group/,https://disfold.com/company/allied-corp/
16017,16017,14221,RouteNote,Rouvy,,,,,,,,,,,,,,,https://www.routenote.com/,https://www.rouvy.com/
16029,16029,12959,OfBusiness,Ofbusiness,,,,,,,,,,,,,,,https://www.ofbusiness.com/,https://www.ofbusiness.com/
16040,16040,33,Vocus Group Limited,Vodacom Group Ltd,,,,,,,,,,,,,,,https://disfold.com/company/vocus-group-limited/,https://disfold.com/company/vodacom-group-ltd/
16061,16061,65,MIRAI Corp,MIRAIT Holdings Corp,,,,,,,,,,,,,,,https://disfold.com/company/mirai-corp/,https://disfold.com/company/mirait-holdings-corp/
16069,16069,12740,Aberdeen Standard Asia Focus plc,Aberdeen Standard Equity Income Trust plc,,,,,,,,,,,,,,,https://disfold.com/company/aberdeen-standard-asia-focus-plc/,https://disfold.com/company/aberdeen-standard-equity-income-trust-plc/
16099,16099,1069,Mapbox Careers,Mapfre SA,,,,,,,,,,,,,,,www.mapbox.com,www.mapfre.com
16117,16117,13322,Boustead Holdings Bhd,Boustead Projects Ltd,,,,,,,,,,,,,,,www.boustead.com.my,https://disfold.com/company/boustead-projects-ltd/
16133,16133,478,Credimi,Credit Acceptance Corp,,,,,,,,,,,,,,,https://www.credimi.com/,www.creditacceptance.com
16145,16145,11635,Goodman Group,Goodman Property Trust,,,,,,,,,,,,,,,https://disfold.com/company/goodman-group/,https://disfold.com/company/goodman-property-trust/
16153,16153,1959,Kosmos Energy Ltd,Kossan Rubber Industries Berhad,,,,,,,,,,,,,,,www.kosmosenergy.com,www.kossan.com
16165,16165,7029,Sterling Accuris Diagnostics,Sterling Infrastructure Inc,,,,,,,,,,,,,,,http://sterlingaccuris.com/,www.strlco.com
16172,16172,5515,eila Consulting,eila consulting,,,,,,,,,,,,,,,https://www.eila.de/,https://www.eila-events.de
16178,16178,2343,Codenor,"Codere, SA",,,,,,,,,,,,,,,https://www.codenor.net/,https://disfold.com/company/codere-sa/
16181,16181,15583,Akamai Technologies Inc,"Akamai Technologies, Inc.",,,,,,,,,,,,,,,www.akamai.com,https://disfold.com/company/akamai-technologies-inc/
16191,16191,2812,Line Corp,Lineate Careers,,,,,,,,,,,,,,,www.linecorp.com,www.lineate.com
16196,16196,3416,Thai Metal Drum Manufacturing Public Company Ltd,Thai Mitsuwa Public Company Ltd,,,,,,,,,,,,,,,https://disfold.com/company/thai-metal-drum-manufacturing-public-company-ltd/,https://disfold.com/company/thai-mitsuwa-public-company-ltd/
16203,16203,10532,Thomson Reuters Careers,Thomson Reuters Corp,,,,,,,,,,,,,,,www.thomsonreuters.com,www.thomsonreuters.com
16210,16210,8238,The a2 Milk Company Ltd,TheMathCompany,,,,,,,,,,,,,,,thea2milkcompany.com,https://themathcompany.com/
16226,16226,13185,Currencycloud Careers,CurrentBody,,,,,,,,,,,,,,,www.currencycloud.com,https://www.currentbody.com/
16252,16252,10309,Ares,Ares Capital Corp,,,,,,,,,,,,,,,https://cabinet-ares.com,www.arescapitalcorp.com
16267,16267,11460,The Berkeley Group Holdings Plc,The Berkeley Group Holdings plc,,,,,,,,,,,,,,,www.berkeleygroup.co.uk,https://disfold.com/company/the-berkeley-group-holdings-plc/
16313,16313,14,KFC Holdings Japan Ltd,KFM Kingdom Holdings Ltd,,,,,,,,,,,,,,,https://disfold.com/company/kfc-holdings-japan-ltd/,https://disfold.com/company/kfm-kingdom-holdings-ltd/
16317,16317,7886,Carta Careers,Carter's Inc,,,,,,,,,,,,,,,www.carta.com,www.carters.com
16342,16342,13419,Aptiv PLC,Aptiv Plc,,,,,,,,,,,,,,,https://disfold.com/company/aptiv-plc/,www.aptiv.com
16352,16352,1475,Archer-Daniels-Midland Company,Archicom SA,,,,,,,,,,,,,,,https://disfold.com/company/archer-daniels-midland-company/,https://disfold.com/company/archicom-sa/
16428,16428,6442,Banca Farmafactoring S.p.A.,Banca Finnat Euramerica S.p.A.,,,,,,,,,,,,,,,https://disfold.com/company/banca-farmafactoring-spa/,https://disfold.com/company/banca-finnat-euramerica-spa/
16433,16433,13130,Compass Group Careers,Compass Group Plc,,,,,,,,,,,,,,,www.compass-group.com,www.compass-group.com/en/index.html
16441,16441,2122,Bruker Corp,Bruker Corporation,,,,,,,,,,,,,,,www.bruker.com,https://disfold.com/company/bruker-corporation/
16446,16446,7534,BB Progressivo II Fundo de Investimento Imobiliario - FII,BB Renda Corporativa Fundo de Investimento Imobiliario - FII,,,,,,,,,,,,,,,https://disfold.com/company/bb-progressivo-ii-fundo-de-investimento-imobiliario-fii/,https://disfold.com/company/bb-renda-corporativa-fundo-de-investimento-imobiliario-fii/
16447,16447,15448,Samsung Fire & Marine Insurance Co Ltd,Samsung Heavy Industries Co Ltd,,,,,,,,,,,,,,,www.samsungfire.com,www.samsungshi.com
16452,16452,113,Haemonetics Corp,Hagadone Media Careers,,,,,,,,,,,,,,,www.haemonetics.com,www.hagadonemediagroup.com
16455,16455,11979,Equinor ASA,Equinox Gold Corp,,,,,,,,,,,,,,,www.equinor.com,www.equinoxgold.com
16458,16458,4799,NewsCred Careers,Newsystock,,,,,,,,,,,,,,,www.newscred.com,https://www.newsystock.com/
16475,16475,3246,Allianz Malaysia Berhad,Allianz SE,,,,,,,,,,,,,,,www.allianz.com.my,https://disfold.com/company/allianz-se/
16486,16486,10650,Quilter Plc,Quilter plc,,,,,,,,,,,,,,,www.quilter.com,https://disfold.com/company/quilter-plc/
16529,16529,5192,Qrf Comm. VA,Quad/Graphics Inc,,,,,,,,,,,,,,,https://disfold.com/company/qrf-comm-va/,www.quad.com
16536,16536,2962,S. Khonkaen Foods Public Company Ltd,S. Pack & Print Public Company Ltd,,,,,,,,,,,,,,,https://disfold.com/company/s-khonkaen-foods-public-company-ltd/,https://disfold.com/company/s-pack-print-public-company-ltd/
16568,16568,1794,Formosa Plastics Corp,Formosa Sumco Technology Corp,,,,,,,,,,,,,,,https://disfold.com/company/formosa-plastics-corp/,https://disfold.com/company/formosa-sumco-technology-corp/
16583,16583,4695,Weifu High-Technology Group Co Ltd,Weight Watchers Careers,,,,,,,,,,,,,,,www.wuxiweifu.com,www.ww.com
16616,16616,8385,VeriSign Inc,"VeriSign, Inc.",,,,,,,,,,,,,,,www.verisign.com,https://disfold.com/company/verisign-inc/
16629,16629,8617,Aker Solutions ASA,"Akeso, Inc.",,,,,,,,,,,,,,,www.akersolutions.com,https://disfold.com/company/akeso-inc/
16641,16641,12999,Thai Reinsurance Public Company Ltd,Thai Rubber Latex Group Public Company Ltd,,,,,,,,,,,,,,,https://disfold.com/company/thai-reinsurance-public-company-ltd/,https://disfold.com/company/thai-rubber-latex-group-public-company-ltd/
16664,16664,6169,GoldMining Inc.,GoldMoney Inc.,,,,,,,,,,,,,,,https://disfold.com/company/goldmining-inc/,https://disfold.com/company/goldmoney-inc/
16678,16678,5618,Ciena Careers,Ciena Corp,,,,,,,,,,,,,,,www.ciena.com,www.ciena.com
16724,16724,10519,Bashneft,Bashneft PJSC,,,,,,,,,,,,,,,www.bashneft.ru,https://disfold.com/company/bashneft-pjsc/
16740,16740,13564,SoftFinity Careers,Softcat Plc,,,,,,,,,,,,,,,www.softfinity.com,www.softcat.com
16762,16762,6434,ADARA Careers,ADATA Technology Co Ltd,,,,,,,,,,,,,,,adara.com,www.adata.com
16791,16791,1957,Amdocs Limited,Amdocs Ltd,,,,,,,,,,,,,,,https://disfold.com/company/amdocs-limited/,www.amdocs.com
16806,16806,11914,Lion Rock Group Ltd,Lion Selection Group Limited,,,,,,,,,,,,,,,https://disfold.com/company/lion-rock-group-ltd/,https://disfold.com/company/lion-selection-group-limited/
16815,16815,4455,Public Joint-Stock Company Federal Grid Company of Unified Energy System,Public Joint-Stock Company Interregional Distribution Grid Company of the North-West,,,,,,,,,,,,,,,https://disfold.com/company/public-joint-stock-company-federal-grid-company-of-unified-energy-system/,https://disfold.com/company/public-joint-stock-company-interregional-distribution-grid-company-of-the-north-west/
16849,16849,7985,Curio,Curio Group,,,,,,,,,,,,,,,https://curio.co/,https://www.curio.co/
16893,16893,1663,PT Indo Kordsa Tbk,PT Indo Straits Tbk,,,,,,,,,,,,,,,https://disfold.com/company/pt-indo-kordsa-tbk/,https://disfold.com/company/pt-indo-straits-tbk/
16895,16895,7096,Supalai Public Company Ltd,Super Energy Corp Public Company Ltd,,,,,,,,,,,,,,,https://disfold.com/company/supalai-public-company-ltd/,https://disfold.com/company/super-energy-corp-public-company-ltd/
16908,16908,11910,The Kroger Co,The Kroger Co.,,,,,,,,,,,,,,,www.thekrogerco.com,https://disfold.com/company/kroger-co/
16910,16910,5765,CMC Magnetics Corp,CMC Markets plc,,,,,,,,,,,,,,,https://disfold.com/company/cmc-magnetics-corp/,https://disfold.com/company/cmc-markets-plc/
16918,16918,15656,Saudi Cement Company,Saudi Ceramic Company,,,,,,,,,,,,,,,https://disfold.com/company/saudi-cement-company/,https://disfold.com/company/saudi-ceramic-company/
16962,16962,14380,KWah International Holdings Ltd,KX CONCEPT,,,,,,,,,,,,,,,www.kwih.com,https://www.kxproshop.com/
16970,16970,2518,Glory Ltd,Glory Mark Hi-Tech,,,,,,,,,,,,,,,https://disfold.com/company/glory-ltd/,https://disfold.com/company/glory-mark-hi-tech/
16972,16972,14025,Elettro TLC,Elettronsea SocCoop,,,,,,,,,,,,,,,https://www.elettrotlc.it,http://www.elettronsea.it/
16977,16977,10312,Grupo Aeromexico SAB de CV,"Grupo Aeroméxico, S.A.B. de C.V.",,,,,,,,,,,,,,,aeromexico.com/es-mx,https://disfold.com/company/grupo-aeromexico-sab-de-cv/
17015,17015,10149,Stantec Inc,Stantec Inc.,,,,,,,,,,,,,,,www.stantec.com,https://disfold.com/company/stantec-inc/
17025,17025,5479,Companhia Siderúrgica Nacional,Companhia Tecidos Santanense Ltda.,,,,,,,,,,,,,,,https://disfold.com/company/companhia-siderurgica-nacional/,https://disfold.com/company/companhia-tecidos-santanense-ltda/
17054,17054,9672,Türkiye Is Bankasi A.S.,Türkiye Kalkinma ve Yatirim Bankasi A.S.,,,,,,,,,,,,,,,https://disfold.com/company/turkiye-is-bankasi-as/,https://disfold.com/company/turkiye-kalkinma-ve-yatirim-bankasi-as/
17055,17055,583,Emirates NBD Bank,Emirates Telecommunications Group Co PJSC,,,,,,,,,,,,,,,www.emiratesnbd.com/en,eand.com
17056,17056,6602,Continental Wood,Continental Wood Kft.,,,,,,,,,,,,,,,http://www.continentalwood.hu/,https://continentalwood.hu/
17057,17057,9194,Sema4 Careers,Semantive,,,,,,,,,,,,,,,www.sema4.com,https://semantive.com
17071,17071,5200,Africa Oil Corp.,African Dawn Capital Ltd,,,,,,,,,,,,,,,https://disfold.com/company/africa-oil-corp/,https://disfold.com/company/african-dawn-capital-ltd/
17104,17104,8864,Pfizer,Pfizer Inc,,,,,,,,,,,,,,,https://disfold.com/company/pfizer-inc/,www.pfizer.com
17121,17121,12372,Samsung Electro-Mechanics Co Ltd,Samsung Electronics Co Ltd,,,,,,,,,,,,,,,www.samsungsem.com,www.samsung.com
17169,17169,16641,Thai Rayon Public Company Ltd,Thai Reinsurance Public Company Ltd,,,,,,,,,,,,,,,https://disfold.com/company/thai-rayon-public-company-ltd/,https://disfold.com/company/thai-reinsurance-public-company-ltd/
17170,17170,4071,Agility Public Warehousing Co,Agillic A/S,,,,,,,,,,,,,,,www.agility.com,https://disfold.com/company/agillic-as/
17171,17171,15374,Hyfusin Group Holdings Ltd,Hygieia Group Ltd,,,,,,,,,,,,,,,https://disfold.com/company/hyfusin-group-holdings-ltd/,https://disfold.com/company/hygieia-group-ltd/
17177,17177,723,Lazard Ltd,Lazer Lamps,,,,,,,,,,,,,,,www.lazard.com,https://www.lazerlamps.com
17209,17209,3104,Doosan Corp,Doosan Enerbility Co Ltd,,,,,,,,,,,,,,,www.doosan.com,www.doosanenerbility.com
17230,17230,10882,Mason Advisory,Mason Advisory*,,,,,,,,,,,,,,,https://www.masonadvisory.com/,https://www.masonadvisory.com
17239,17239,6792,Shanghai SMI Holding Co. Ltd,Shanghai Shimao Co. Ltd,,,,,,,,,,,,,,,https://disfold.com/company/shanghai-smi-holding-co-ltd/,https://disfold.com/company/shanghai-shimao-co-ltd/
17256,17256,6474,BizMow,Bizaway,,,,,,,,,,,,,,,https://bizmow.com/,https://www.bizaway.com
17262,17262,10355,"Alpha Pro Tech, Ltd.",Alpha Real Estate,,,,,,,,,,,,,,,https://disfold.com/company/alpha-pro-tech-ltd/,https://alpha-realestate.de/
17263,17263,5443,Millennial Lithium Corp,Millennial Precious Metals Corp,,,,,,,,,,,,,,,https://disfold.com/company/millennial-lithium-corp/,https://disfold.com/company/millennial-precious-metals-corp/
17279,17279,4643,Caverion Corp,Caverion Oyj,,,,,,,,,,,,,,,www.caverion.fi,https://disfold.com/company/caverion-oyj/
17286,17286,5877,Enel Generacion Chile SA,Enel Generación Chile SA,,,,,,,,,,,,,,,www.enelgeneracion.cl,https://disfold.com/company/enel-generacion-chile-sa/
17347,17347,14524,Saputo Inc,Saputo Inc.,,,,,,,,,,,,,,,www.saputo.com,https://disfold.com/company/saputo-inc/
17354,17354,5900,Neoen SA,Neoenergia SA,,,,,,,,,,,,,,,https://disfold.com/company eoen-sa/,https://disfold.com/company eoenergia-sa/
17357,17357,1665,GPP Communication,GPS,,,,,,,,,,,,,,,https://www.gpp-com.de,https://www.gps-germany.com/
17406,17406,15219,OpenCorporates,OpenGov Inc. Careers,,,,,,,,,,,,,,,https://opencorporates.com/,opengov.com
17429,17429,3145,Milk & Honey PR,Milk Mantra,,,,,,,,,,,,,,,https://www.milkandhoneypr.com/,https://www.milkmantra.com/
17448,17448,17043,Featurespace,FedEx Corp,,,,,,,,,,,,,,,https://www.featurespace.com/,www.fedex.com
17458,17458,8102,Aeon Delight Co Ltd,Aeon Delight Co. Ltd,,,,,,,,,,,,,,,www.aeondelight.co.jp,https://disfold.com/company/aeon-delight-co-ltd/
17464,17464,16237,Apple,Apple Inc,,,,,,,,,,,,,,,https://disfold.com/company/apple-inc/,www.apple.com
17468,17468,6329,Maxi Renda Fundo De Investimento Imobiliaro - FII,Maxi Renda Fundo de Investimento Imobiliario - FII,,,,,,,,,,,,,,,https://disfold.com/company/maxi-renda-fundo-de-investimento-imobiliaro-fii/,https://disfold.com/company/maxi-renda-fundo-de-investimento-imobiliario-fii/
17469,17469,5085,Twitter Careers,Twitter Inc,,,,,,,,,,,,,,,www.twitter.com,www.twitter.com
17509,17509,15897,Piazza Hotels & Residences,Picanol Group,,,,,,,,,,,,,,,https://www.piazzahr.com,www.picanolgroup.com
17511,17511,15818,3M Co,3M Company,,,,,,,,,,,,,,,www.3m.com,https://disfold.com/company/3m-company/
17544,17544,6255,CDK Global Careers,CDK Global Inc,,,,,,,,,,,,,,,www.cdkglobal.com,www.cdkglobal.com
17559,17559,12402,Bombardier Inc,Bombardier Inc.,,,,,,,,,,,,,,,www.bombardier.com,https://disfold.com/company/bombardier-inc/
17561,17561,6761,Pegavision,Pegavision Corp,,,,,,,,,,,,,,,http://www.pegavision.com/,https://disfold.com/company/pegavision-corp/
17571,17571,14586,Hi Gold Ocean Kmarin No.12 Ship Investment Company,Hi Gold Ocean No.3 Ship Investment Company,,,,,,,,,,,,,,,https://disfold.com/company/hi-gold-ocean-kmarin-no12-ship-investment-company/,https://disfold.com/company/hi-gold-ocean-no3-ship-investment-company/
17580,17580,6765,Country Garden Services Holdings Company Ltd,Country Group Development Public Company Ltd,,,,,,,,,,,,,,,https://disfold.com/company/country-garden-services-holdings-company-ltd/,https://disfold.com/company/country-group-development-public-company-ltd/
17585,17585,5929,AMETEK Inc,"AMETEK, Inc.",,,,,,,,,,,,,,,www.ametek.com,https://disfold.com/company/ametek-inc/
17587,17587,4368,Central Holding Group Co. Ltd,Central Japan Railway Co,,,,,,,,,,,,,,,https://disfold.com/company/central-holding-group-co-ltd/,https://disfold.com/company/central-japan-railway-co/
17619,17619,4098,Turkiye Halk Bankasi AS,Turkiye IS Bankasi AS,,,,,,,,,,,,,,,www.halkbank.com.tr,www.isbank.com.tr
17625,17625,12093,SignalFx Careers,Signature Aviation Ltd,,,,,,,,,,,,,,,signalfx.com,www.signatureaviation.com
17626,17626,4535,Energica Motor Company,Energica Motor Company S.p.A.,,,,,,,,,,,,,,,https://www.energicamotor.com,https://disfold.com/company/energica-motor-company-spa/
17639,17639,15029,Accton,Accton Technology Corp,,,,,,,,,,,,,,,http://www.accton.com/,https://disfold.com/company/accton-technology-corp/
17661,17661,10322,PureSoftware,Puregold Price Club,,,,,,,,,,,,,,,https://puresoftware.com/,https://www.puregold.com.ph/
17665,17665,9894,Beijing Originwater Technology Co. Ltd,Beijing Roborock Technology Co. Ltd,,,,,,,,,,,,,,,https://disfold.com/company/beijing-originwater-technology-co-ltd/,https://disfold.com/company/beijing-roborock-technology-co-ltd/
17681,17681,4269,Transcontinental Inc,Transcontinental Inc.,,,,,,,,,,,,,,,tctranscontinental.com,https://disfold.com/company/transcontinental-inc/
17689,17689,2644,GrandVision N.V.,GrandVision NV,,,,,,,,,,,,,,,https://disfold.com/company/grandvision-nv/,www.grandvision.com
17700,17700,2611,YTL Corporation Bhd,YTL Power International Bhd,,,,,,,,,,,,,,,www.ytl.com,www.ytlpowerinternational.com
17710,17710,12094,AviChina Industry & Technology Co Ltd,AviChina Industry & Technology Company Ltd.,,,,,,,,,,,,,,,www.avichina.com,https://disfold.com/company/avichina-industry-technology-company-ltd/
17719,17719,5080,Tomorrowish Careers,Tomra Systems ASA,,,,,,,,,,,,,,,www.tomorrowish.com,www.tomra.com
17731,17731,15045,Avangard Bank PJSC,Avangrid Inc,,,,,,,,,,,,,,,https://disfold.com/company/avangard-bank-pjsc/,www.avangrid.com
17742,17742,7651,Century Communities Inc,Century Global Commodities Corporation,,,,,,,,,,,,,,,www.centurycommunities.com,https://disfold.com/company/century-global-commodities-corporation/
17782,17782,17196,PT Multipolar Tbk,PT Multipolar Technology Tbk,,,,,,,,,,,,,,,https://disfold.com/company/pt-multipolar-tbk/,https://disfold.com/company/pt-multipolar-technology-tbk/
17785,17785,12458,Edinburgh Investment Trust plc,Edinburgh Worldwide Investment Trust plc,,,,,,,,,,,,,,,https://disfold.com/company/edinburgh-investment-trust-plc/,https://disfold.com/company/edinburgh-worldwide-investment-trust-plc/
17795,17795,1006,Farmarelax,Farmaè S.p.A.,,,,,,,,,,,,,,,https://www.farmarelax.it/,https://disfold.com/company/farmae-spa/
17861,17861,16134,Broadcom,Broadcom Inc,,,,,,,,,,,,,,,https://disfold.com/company/broadcom-inc/,www.broadcom.com
17879,17879,13003,AppUnite,Apparent,,,,,,,,,,,,,,,https://appunite.com/,https://apparent.com.au/
17887,17887,16232,PIK Group,PIK Group PJSC,,,,,,,,,,,,,,,pik-group.ru,https://disfold.com/company/pik-group-pjsc/
17902,17902,939,China Mobile,China Mobile Ltd,,,,,,,,,,,,,,,https://disfold.com/company/china-mobile-ltd/,www.chinamobileltd.com
17912,17912,6217,PT Indonesian Paradise Property Tbk,PT Indonesian Tobacco Tbk,,,,,,,,,,,,,,,https://disfold.com/company/pt-indonesian-paradise-property-tbk/,https://disfold.com/company/pt-indonesian-tobacco-tbk/
17919,17919,17236,Teleperformance,Teleperformance SE,,,,,,,,,,,,,,,https://disfold.com/company/teleperformance-se/,www.teleperformance.com
17924,17924,13069,Audience Group Agency Pty Ltd,Audience Serv,,,,,,,,,,,,,,,https://audiencegroup.com.au/,https://audienceserv.com/
17927,17927,15620,"Osisko Metals, Inc.",Osisko Mining Inc.,,,,,,,,,,,,,,,https://disfold.com/company/osisko-metals-inc/,https://disfold.com/company/osisko-mining-inc/
17938,17938,12781,Sitowise Group Oyj,Sitoy Group Holdings Ltd,,,,,,,,,,,,,,,https://disfold.com/company/sitowise-group-oyj/,https://disfold.com/company/sitoy-group-holdings-ltd/
17950,17950,5947,Kwan On Holdings Ltd,Kwan Yong Holdings Ltd,,,,,,,,,,,,,,,https://disfold.com/company/kwan-on-holdings-ltd/,https://disfold.com/company/kwan-yong-holdings-ltd/
17952,17952,17020,REMI Careers,REMOVE,,,,,,,,,,,,,,,www.remi.com,https://www.groupe-remove.com/
17963,17963,15496,The Middleby Corp,The Middleby Corporation,,,,,,,,,,,,,,,www.middleby.com,https://disfold.com/company/middleby-corporation/
17973,17973,12326,Beijing Hotgen Biotech Co. Ltd,Beijing Huafeng Test & Control Technology Co. Ltd,,,,,,,,,,,,,,,https://disfold.com/company/beijing-hotgen-biotech-co-ltd/,https://disfold.com/company/beijing-huafeng-test-control-technology-co-ltd/
17990,17990,4673,BML Inc,"BML, Inc.",,,,,,,,,,,,,,,www.bml.co.jp,https://disfold.com/company/bml-inc/
17991,17991,10005,Capital VC Ltd,CapitalOnTap,,,,,,,,,,,,,,,https://disfold.com/company/capital-vc-ltd/,https://www.capitalontap.com/en/
18004,18004,13608,Jindal Stainless Ltd,Jindal Steel & Power Ltd,,,,,,,,,,,,,,,www.jindalstainless.com,www.jindalsteelpower.com
18023,18023,12265,Diginex Limited,Digio,,,,,,,,,,,,,,,https://disfold.com/company/diginex-limited/,https://www.digio.in/
18029,18029,1443,Grupo Mexico SAB de CV,"Grupo Minsa, S.A.B. de C.V.",,,,,,,,,,,,,,,https://disfold.com/company/grupo-mexico-sab-de-cv/,https://disfold.com/company/grupo-minsa-sab-de-cv/
18037,18037,6450,PT Energi Mega Persada Tbk,PT Enseval Putera Megatrading Tbk,,,,,,,,,,,,,,,https://disfold.com/company/pt-energi-mega-persada-tbk/,https://disfold.com/company/pt-enseval-putera-megatrading-tbk/
18038,18038,5306,Hanmi Pharm. Co. Ltd,Hanmi Pharmaceuticals Co Ltd,,,,,,,,,,,,,,,https://disfold.com/company/hanmi-pharm-co-ltd/,www.hanmi.co.kr
18047,18047,3441,Far East Horizon Ltd,Far East Hospitality Trust,,,,,,,,,,,,,,,https://disfold.com/company/far-east-horizon-ltd/,https://disfold.com/company/far-east-hospitality-trust/
18050,18050,13824,Central Depository Services,Central Garden & Pet Co,,,,,,,,,,,,,,,https://disfold.com/company/central-depository-services/,www.central.com
18069,18069,10039,Lintes Technology,Lintes Technology Co. Ltd,,,,,,,,,,,,,,,https://www.lintestech.com/,https://disfold.com/company/lintes-technology-co-ltd/
18081,18081,5537,"Cybin, Inc.","Cybozu, Inc.",,,,,,,,,,,,,,,https://disfold.com/company/cybin-inc/,https://disfold.com/company/cybozu-inc/
18085,18085,13621,Xilinx Careers,Xilinx Inc,,,,,,,,,,,,,,,www.xilinx.com,www.xilinx.com
18106,18106,16354,Elvie,Elvie*,,,,,,,,,,,,,,,https://www.elvie.com/,https://www.elvie.com
18120,18120,9714,Maeda Corp,Maeda Corporation,,,,,,,,,,,,,,,https://disfold.com/company/maeda-corp/,www.maeda.co.jp
18124,18124,5544,Nanushka,Nanushka International,,,,,,,,,,,,,,,https://www.nanushka.com/,https://www.nanushka.com/
18125,18125,2151,Abbott,Abbott Laboratories,,,,,,,,,,,,,,,https://disfold.com/company/abbott-laboratories/,www.abbott.com
18128,18128,8644,BP Plc,BP plc,,,,,,,,,,,,,,,www.bp.com,https://disfold.com/company/bp-plc/
18150,18150,4885,Change Healthcare Inc.,"Change, Inc.",,,,,,,,,,,,,,,https://disfold.com/company/change-healthcare-inc/,https://disfold.com/company/change-inc/
18153,18153,12282,COSCO Shipping Energy Transportation Co Ltd,COSCO Shipping Holdings Co Ltd,,,,,,,,,,,,,,,energy.coscoshipping.com,hold.coscoshipping.com
18161,18161,16290,CipherHealth Careers,Cipla Ltd,,,,,,,,,,,,,,,cipherhealth.com,www.cipla.com
18179,18179,4223,Fidelity National Financial Careers,Fidelity National Financial Inc,,,,,,,,,,,,,,,www.fnf.com,fnf.com
18180,18180,14284,Choice Hotels International Inc,"Choice Hotels International, Inc.",,,,,,,,,,,,,,,www.choicehotels.com/en-in,https://disfold.com/company/choice-hotels-international-inc/
18214,18214,12376,SHS Viveon AG,SHW AG,,,,,,,,,,,,,,,https://disfold.com/company/shs-viveon-ag/,https://disfold.com/company/shw-ag/
18215,18215,11175,Barratt Developments Plc,Barratt Developments plc,,,,,,,,,,,,,,,www.barrattdevelopments.co.uk,https://disfold.com/company/barratt-developments-plc/
18220,18220,9705,"Crown Holdings, Inc.",Crown Resorts Limited,,,,,,,,,,,,,,,https://disfold.com/company/crown-holdings-inc/,https://disfold.com/company/crown-resorts-limited/
18232,18232,6263,"Digihost Technology, Inc.",Digilife Technologies Ltd.,,,,,,,,,,,,,,,https://disfold.com/company/digihost-technology-inc/,https://disfold.com/company/digilife-technologies-ltd/
18235,18235,18095,BioArctic AB,BioGaia AB,,,,,,,,,,,,,,,https://disfold.com/company/bioarctic-ab/,https://disfold.com/company/biogaia-ab/
18287,18287,660,Glayx,Glencar Construction,,,,,,,,,,,,,,,https://www.glayx.com/,https://glencar.com
18319,18319,3980,Spotawheel,Spotify Technology SA,,,,,,,,,,,,,,,https://www.spotawheel.com,www.spotify.com
18326,18326,16566,Saudi Arabia Refineries Co.,Saudi Arabian Cooperative Insurance Company,,,,,,,,,,,,,,,https://disfold.com/company/saudi-arabia-refineries-co/,https://disfold.com/company/saudi-arabian-cooperative-insurance-company/
18350,18350,16903,Daibiru Corp,Daicel Corp,,,,,,,,,,,,,,,https://disfold.com/company/daibiru-corp/,https://disfold.com/company/daicel-corp/
18362,18362,7082,BlueScope Steel Limited,BlueScope Steel Ltd,,,,,,,,,,,,,,,https://disfold.com/company/bluescope-steel-limited/,www.bluescope.com
18363,18363,5328,Nikkon Holdings Co Ltd,Nikkon Holdings Co. Ltd,,,,,,,,,,,,,,,www.nikkon-hd.co.jp,https://disfold.com/company ikkon-holdings-co-ltd/
18399,18399,5539,PT Bank Mega Tbk,PT Bank Mestika Dharma Tbk,,,,,,,,,,,,,,,https://disfold.com/company/pt-bank-mega-tbk/,https://disfold.com/company/pt-bank-mestika-dharma-tbk/
18422,18422,17036,Systena Corp,Systex Corp,,,,,,,,,,,,,,,https://disfold.com/company/systena-corp/,https://disfold.com/company/systex-corp/
18434,18434,10220,Asia Hotel Public Company Ltd,Asia Metal Public Company Ltd,,,,,,,,,,,,,,,https://disfold.com/company/asia-hotel-public-company-ltd/,https://disfold.com/company/asia-metal-public-company-ltd/
18438,18438,17994,China Evergrande Group,China Evergrande New Energy Vehicle Group Ltd,,,,,,,,,,,,,,,https://disfold.com/company/china-evergrande-group/,https://disfold.com/company/china-evergrande-new-energy-vehicle-group-ltd/
18447,18447,9689,"Advanced Micro-Fabrication Equipment, Inc. China","Advanced Microelectronic Products, Inc.",,,,,,,,,,,,,,,https://disfold.com/company/advanced-micro-fabrication-equipment-inc-china/,https://disfold.com/company/advanced-microelectronic-products-inc/
18488,18488,7713,Gazprom Neft,Gazprom Neft PJSC,,,,,,,,,,,,,,,www.gazprom-neft.ru,https://disfold.com/company/gazprom-neft-pjsc/
18507,18507,10207,Cargotec Corp,Cargotec Oyj,,,,,,,,,,,,,,,https://disfold.com/company/cargotec-corp/,www.cargotec.com
18509,18509,17027,Attensi,Attentive Careers,,,,,,,,,,,,,,,https://www.attensi.com,attentivemobile.com
18522,18522,13347,Cognizant Technology Solutions Corp,Cognizant Technology Solutions Corporation,,,,,,,,,,,,,,,www.cognizant.com,https://disfold.com/company/cognizant-technology-solutions-corporation/
18578,18578,6453,Smith & Nephew Careers,Smith & Nephew Plc,,,,,,,,,,,,,,,www.smith-nephew.com,www.smith-nephew.com
18598,18598,7943,Formind,Formind Consulting,,,,,,,,,,,,,,,https://www.formind.fr/fr/,https://www.formind.fr/
18602,18602,8381,Aspen Technology Careers,"Aspen Technology, Inc.",,,,,,,,,,,,,,,www.aspentech.com,https://disfold.com/company/aspen-technology-inc/
18608,18608,16231,Ball Corporation Careers,Ballard Power Systems Inc.,,,,,,,,,,,,,,,www.ball.com,https://disfold.com/company/ballard-power-systems-inc/
18636,18636,13178,Tide,Tidehold Development,,,,,,,,,,,,,,,https://www.tide.co/,http://www.tidehold.com/
18643,18643,10009,INTELUCK,INTLOOP,,,,,,,,,,,,,,,https://www.inteluck.com/,http://www.intloop.com/
18650,18650,5160,ASML Holding NV,ASMPT Ltd,,,,,,,,,,,,,,,www.asml.com,www.asmpt.com
18658,18658,14361,PT Asia Pacific Investama Tbk,PT Asia Sejahtera Mina Tbk,,,,,,,,,,,,,,,https://disfold.com/company/pt-asia-pacific-investama-tbk/,https://disfold.com/company/pt-asia-sejahtera-mina-tbk/
18692,18692,3099,Catalent Inc,"Catalent, Inc.",,,,,,,,,,,,,,,www.catalent.com,https://disfold.com/company/catalent-inc/
18694,18694,18069,Lintec Corp,Lintes Technology,,,,,,,,,,,,,,,www.lintec.co.jp,https://www.lintestech.com/
18696,18696,4578,Matador Resources Co,Matador Resources Company,,,,,,,,,,,,,,,www.matadorresources.com,https://disfold.com/company/matador-resources-company/
18711,18711,6402,Keysight Technologies Careers,Keysight Technologies Inc,,,,,,,,,,,,,,,www.keysight.com,www.keysight.com
18721,18721,16514,DFI,DFI Retail Group Holdings Ltd,,,,,,,,,,,,,,,https://www.dfi.com/,www.dairyfarmgroup.com
18723,18723,14387,LoopMe,Lorefice & Ponzio,,,,,,,,,,,,,,,https://www.loopme.com,https://www.loreficeeponzio.com/
18737,18737,9453,Nedbank Group Ltd,Nedbank Ltd,,,,,,,,,,,,,,,https://disfold.com/company edbank-group-ltd/,https://disfold.com/company edbank-ltd/
18745,18745,16198,Bunka Shutter Co Ltd,Bunka Shutter Co. Ltd,,,,,,,,,,,,,,,www.bunka-s.co.jp,https://disfold.com/company/bunka-shutter-co-ltd/
18767,18767,9954,BMO Managed Portfolio Trust plc,BMO Private Equity Trust plc,,,,,,,,,,,,,,,https://disfold.com/company/bmo-managed-portfolio-trust-plc/,https://disfold.com/company/bmo-private-equity-trust-plc/
18768,18768,17,POPPRI Fashion Auctions,PORR AG,,,,,,,,,,,,,,,https://www.poppri.com,porr-group.com
18775,18775,816,Alinma Bank,Alinma Tokio Marine Company,,,,,,,,,,,,,,,https://disfold.com/company/alinma-bank/,https://disfold.com/company/alinma-tokio-marine-company/
18779,18779,9032,Harmony Gold Mining Company Limited,Harn Engineering Solutions Public Company Ltd,,,,,,,,,,,,,,,https://disfold.com/company/harmony-gold-mining-company-limited/,https://disfold.com/company/harn-engineering-solutions-public-company-ltd/
18786,18786,5968,Foresee Pharmaceuticals,Foresee Pharmaceuticals Co. Ltd,,,,,,,,,,,,,,,https://www.foreseepharma.com/,https://disfold.com/company/foresee-pharmaceuticals-co-ltd/
18795,18795,4156,Suprieve,Suprieve Holdings,,,,,,,,,,,,,,,https://www.suprieve.com/,https://suprieve.com/
18797,18797,4029,TPI Polene Power Public Company Ltd,TPI Polene Public Company Ltd,,,,,,,,,,,,,,,https://disfold.com/company/tpi-polene-power-public-company-ltd/,https://disfold.com/company/tpi-polene-public-company-ltd/
18814,18814,13777,A.U.E. Genc,A.U.E. Genc Warenhandels,,,,,,,,,,,,,,,https://www.weg-ist-weg.com,https://www.weg-ist-weg.com/
18823,18823,4429,Goodyear,Goodyear Lastikleri T.A.S.,,,,,,,,,,,,,,,https://disfold.com/company/goodyear/,https://disfold.com/company/goodyear-lastikleri-tas/
18825,18825,15800,Aboitiz Equity Ventures Inc,Aboitiz Power Corp,,,,,,,,,,,,,,,aboitiz.com,www.aboitizpower.com
18840,18840,11658,ICF Careers,ICF International Inc,,,,,,,,,,,,,,,www.icf.com,www.icf.com
18845,18845,7328,Brodynt Global,Brodynt Global Services,,,,,,,,,,,,,,,https://www.brodynt.com/,https://www.brodynt.com
18858,18858,5780,Dhipaya Insurance Public Company Ltd,Dhouse Pattana Public Company Ltd,,,,,,,,,,,,,,,https://disfold.com/company/dhipaya-insurance-public-company-ltd/,https://disfold.com/company/dhouse-pattana-public-company-ltd/
18890,18890,15291,Delta Capita,Delta Capita Group,,,,,,,,,,,,,,,https://www.deltacapita.com/,https://www.deltacapita.com
18908,18908,8681,PPHE Hotel Group Limited,PPK Group Limited,,,,,,,,,,,,,,,https://disfold.com/company/pphe-hotel-group-limited/,https://disfold.com/company/ppk-group-limited/
18910,18910,10068,"SAN-A CO.,LTD.",SAN-A Co Ltd,,,,,,,,,,,,,,,https://disfold.com/company/san-a-coltd/,www.san-a.co.jp
18914,18914,17786,Nuance Communications Careers,Nuance Communications Inc,,,,,,,,,,,,,,,www.nuance.com,www.nuance.com
18921,18921,2693,Roku Inc,"Roku, Inc.",,,,,,,,,,,,,,,www.roku.com,https://disfold.com/company/roku-inc/
18947,18947,12943,"Artemis Gold, Inc.",Artemis Resources Limited,,,,,,,,,,,,,,,https://disfold.com/company/artemis-gold-inc/,https://disfold.com/company/artemis-resources-limited/
18951,18951,10709,CapitaLand Group Pte Ltd,CapitaLand Integrated Commercial Trust,,,,,,,,,,,,,,,www.capitaland.com/international/en.html,https://disfold.com/company/capitaland-integrated-commercial-trust/
18955,18955,18464,ICICI Lombard General Insurance Co Ltd,ICICI Prudential Life Insurance Co Ltd,,,,,,,,,,,,,,,www.icicilombard.com,www.iciciprulife.com
18971,18971,2364,Overstock Careers,Overstock.com Inc,,,,,,,,,,,,,,,www.overstock.com,www.overstock.com
19011,19011,727,PT Dharma Samudera Fishing Industries Tbk,PT Dharma Satya Nusantara Tbk,,,,,,,,,,,,,,,https://disfold.com/company/pt-dharma-samudera-fishing-industries-tbk/,https://disfold.com/company/pt-dharma-satya-nusantara-tbk/
19052,19052,1675,Centene Corporation,"Center International Group Co.,Ltd.",,,,,,,,,,,,,,,https://disfold.com/company/centene-corporation/,https://disfold.com/company/center-international-group-coltd/
19063,19063,9055,China Overseas Land & Investment Ltd,China Overseas Property Holdings Ltd,,,,,,,,,,,,,,,https://disfold.com/company/china-overseas-land-investment-ltd/,https://disfold.com/company/china-overseas-property-holdings-ltd/
19075,19075,14391,Delante,Delante Media,,,,,,,,,,,,,,,https://delante.co/,https://delante.co
19081,19081,7877,Largo Resources Ltd.,Largo SA,,,,,,,,,,,,,,,https://disfold.com/company/largo-resources-ltd/,https://disfold.com/company/largo-sa/
19082,19082,12161,Petroleos Mexicanos,Petron Corp,,,,,,,,,,,,,,,www.pemex.com,www.petron.com
19096,19096,9064,Aecon Group Inc,Aecon Group Inc.,,,,,,,,,,,,,,,www.aecon.com,https://disfold.com/company/aecon-group-inc/
19122,19122,18712,CIM Environmental Pty Ltd,CIMB Group Holdings Bhd,,,,,,,,,,,,,,,https://cim.io/,www.cimb.com
19151,19151,12624,Nestle (Malaysia) Bhd,Nestle Careers,,,,,,,,,,,,,,,www.nestle.com.my,www.nestle.com
19153,19153,603,Australian Foundation Investment Company Limited,Australian Leaders Fund Limited,,,,,,,,,,,,,,,https://disfold.com/company/australian-foundation-investment-company-limited/,https://disfold.com/company/australian-leaders-fund-limited/
19160,19160,10067,Mitsufuji,Mitsui & Co Ltd,,,,,,,,,,,,,,,https://www.mitsufuji.co.jp/,www.mitsui.com
19177,19177,7051,ViaSat Inc,Viabill,,,,,,,,,,,,,,,www.viasat.com,https://viabill.com
19183,19183,7176,Grupo SBF SA,Grupo Security SA,,,,,,,,,,,,,,,https://disfold.com/company/grupo-sbf-sa/,https://disfold.com/company/grupo-security-sa/
19187,19187,13584,Amphenol Corp,Amphenol Corporation,,,,,,,,,,,,,,,www.amphenol.com,https://disfold.com/company/amphenol-corporation/
19191,19191,2138,Cogeco Inc,Cogeco Inc.,,,,,,,,,,,,,,,corpo.cogeco.com,https://disfold.com/company/cogeco-inc/
19192,19192,6530,Groupe Guillin,Groupe Hiolle Industries,,,,,,,,,,,,,,,https://disfold.com/company/groupe-guillin/,https://disfold.com/company/groupe-hiolle-industries/
19197,19197,15151,CS Wind Corp,CSBC Corp,,,,,,,,,,,,,,,https://disfold.com/company/cs-wind-corp/,https://disfold.com/company/csbc-corp/
19201,19201,373,WEX Careers,WEX Inc,,,,,,,,,,,,,,,www.wexinc.com,www.wexinc.com
19205,19205,12453,Havells India Ltd,Haverty Furniture Companies Inc,,,,,,,,,,,,,,,www.havells.com,www.havertys.com
19214,19214,17479,Evergreen Products Group Ltd,Evergreen SA,,,,,,,,,,,,,,,https://disfold.com/company/evergreen-products-group-ltd/,https://disfold.com/company/evergreen-sa/
19216,19216,16443,The Mosaic Co,The Mosaic Company,,,,,,,,,,,,,,,www.mosaicco.com,https://disfold.com/company/mosaic-company/
19219,19219,11670,Deporvillage,Deppon Logistics Co Ltd,,,,,,,,,,,,,,,https://www.deporvillage.com,www.deppon.com
19226,19226,13746,GlobalData plc,GlobalSpace,,,,,,,,,,,,,,,https://disfold.com/company/globaldata-plc/,https://www.globalspace.in/
19230,19230,2525,Hyperdrive Innovation,Hyperoptic,,,,,,,,,,,,,,,https://hyperdriveinnovation.com,https://www.hyperoptic.com
19235,19235,1450,Asia Polymer Corp,Asia Precision Public Company Ltd,,,,,,,,,,,,,,,https://disfold.com/company/asia-polymer-corp/,https://disfold.com/company/asia-precision-public-company-ltd/
19238,19238,14254,BlackRock Frontiers Investment Trust plc,BlackRock Greater Europe Investment Trust plc,,,,,,,,,,,,,,,https://disfold.com/company/blackrock-frontiers-investment-trust-plc/,https://disfold.com/company/blackrock-greater-europe-investment-trust-plc/
19272,19272,2227,Imdex,Imdex Limited,,,,,,,,,,,,,,,https://www.imdexlimited.com/,https://disfold.com/company/imdex-limited/
19283,19283,4968,Adani Enterprises Ltd,Adani Ports and Special Economic Zone Ltd,,,,,,,,,,,,,,,www.adanienterprises.com,www.adaniports.com
19296,19296,2558,VALUMEN,VALiNTRY Careers,,,,,,,,,,,,,,,https://www.valumen.com/,valintry.com
19306,19306,18762,Activ Bilanz,Activate Interactive,,,,,,,,,,,,,,,https://activbilanz.de,https://www.activate.sg/
19309,19309,15527,Brookfield Infrastructure Partners LP,Brookfield Property Partners LP,,,,,,,,,,,,,,,bip.brookfield.com/en,bpy.brookfield.com/en
19380,19380,5044,Aritzia Inc,Aritzia Inc.,,,,,,,,,,,,,,,aritzia.com,https://disfold.com/company/aritzia-inc/
19393,19393,14401,Conn's Inc,Connect Group,,,,,,,,,,,,,,,www.conns.com,https://www.connectcue.com/
19394,19394,340,BankUnited Inc,Banka BioLoo,,,,,,,,,,,,,,,www.bankunited.com,https://www.bankabio.com/
19417,19417,10704,Hertz Global Holdings Inc,Heslil Careers,,,,,,,,,,,,,,,www.hertz.com,www.heslil.com
19425,19425,10787,Ogrodosfera,Ogrodosfera.pl,,,,,,,,,,,,,,,https://ogrodosfera.pl/,https://ogrodosfera.pl/
19448,19448,16686,National Fuel Gas Company,National Gas & Industerialization Co.,,,,,,,,,,,,,,,https://disfold.com/company ational-fuel-gas-company/,https://disfold.com/company ational-gas-industerialization-co/
19462,19462,1113,Carnaby Resources Limited,Carnarvon Petroleum Limited,,,,,,,,,,,,,,,https://disfold.com/company/carnaby-resources-limited/,https://disfold.com/company/carnarvon-petroleum-limited/
19464,19464,9413,Nichidenbo Corp,Nichiha Corp,,,,,,,,,,,,,,,https://disfold.com/company ichidenbo-corp/,https://disfold.com/company ichiha-corp/
19466,19466,6001,Accel Group Holdings Ltd,Accel Solutions Group Ltd,,,,,,,,,,,,,,,https://disfold.com/company/accel-group-holdings-ltd/,https://disfold.com/company/accel-solutions-group-ltd/
19471,19471,11058,HOCHDORF Holding AG,HOCHTIEF AG,,,,,,,,,,,,,,,https://disfold.com/company/hochdorf-holding-ag/,https://disfold.com/company/hochtief-ag/
19474,19474,6600,ChinaSoft International Ltd,Chinasoft International Ltd,,,,,,,,,,,,,,,www.chinasofti.com,https://disfold.com/company/chinasoft-international-ltd/
19483,19483,15116,Billerud AB,BillerudKorsnas AB,,,,,,,,,,,,,,,www.billerudkorsnas.com,https://disfold.com/company/billerudkorsnas-ab/
19499,19499,2377,Translated,Transmission,,,,,,,,,,,,,,,https://www.translated.com,https://www.transmissionagency.com
19505,19505,4576,Vietnam Airlines JSC,Vietnam Dairy Products Joint Stock Co,,,,,,,,,,,,,,,www.vietnamairlines.com,www.vinamilk.com.vn
19507,19507,3756,Baillie Gifford UK Growth,Baillie Gifford US Growth Trust plc,,,,,,,,,,,,,,,https://disfold.com/company/baillie-gifford-uk-growth/,https://disfold.com/company/baillie-gifford-us-growth-trust-plc/
19529,19529,2211,Tokai Rika Co Ltd,Tokai Rika Co. Ltd,,,,,,,,,,,,,,,www.tokai-rika.co.jp,https://disfold.com/company/tokai-rika-co-ltd/
19535,19535,1992,ABC-MART Inc,"ABC-Mart, Inc.",,,,,,,,,,,,,,,www.abc-mart.co.jp,https://disfold.com/company/abc-mart-inc/
19536,19536,12412,OutSystems Careers,Outdoorsy Careers,,,,,,,,,,,,,,,www.outsystems.com,www.outdoorsy.com
19538,19538,8329,Horizon Minerals Limited,Horizon Oil Limited,,,,,,,,,,,,,,,https://disfold.com/company/horizon-minerals-limited/,https://disfold.com/company/horizon-oil-limited/
19547,19547,6022,Savills Plc,Savills plc,,,,,,,,,,,,,,,www.savills.com,https://disfold.com/company/savills-plc/
19569,19569,2228,Taze Kuru Gida Sanayi ve Ticaret A.S.,Taç Tarim Ürünleri Hayvancilik Gida Sanayi ve Ticaret A.S.,,,,,,,,,,,,,,,https://disfold.com/company/taze-kuru-gida-sanayi-ve-ticaret-as/,https://disfold.com/company/tac-tarim-urunleri-hayvancilik-gida-sanayi-ve-ticaret-as/
19578,19578,2710,Popular Inc,"Popular, Inc.",,,,,,,,,,,,,,,www.popular.com,https://disfold.com/company/popular-inc/
19615,19615,15738,Agilent Technologies Inc,"Agilent Technologies, Inc.",,,,,,,,,,,,,,,www.agilent.com,https://disfold.com/company/agilent-technologies-inc/
19618,19618,13555,Royal Unibrew A-S,Royal Unibrew AS,,,,,,,,,,,,,,,https://disfold.com/company/royal-unibrew-a-s/,www.royalunibrew.com
19652,19652,8308,Freegold Ventures Limited,Freehold Royalties Ltd.,,,,,,,,,,,,,,,https://disfold.com/company/freegold-ventures-limited/,https://disfold.com/company/freehold-royalties-ltd/
19654,19654,5007,Cornell Surgical Careers,Cornerstone Building Brands Inc,,,,,,,,,,,,,,,cornellsurgical.com,www.cornerstonebuildingbrands.com
19675,19675,13652,Energisa SA,Energisme SA,,,,,,,,,,,,,,,https://disfold.com/company/energisa-sa/,https://disfold.com/company/energisme-sa/
19676,19676,11865,Carranco,Carraro S.p.A.,,,,,,,,,,,,,,,https://www.carrancosl.com/,https://disfold.com/company/carraro-spa/
19681,19681,8185,Caesars Entertainment Inc,"Caesars Entertainment, Inc.",,,,,,,,,,,,,,,www.caesars.com,https://disfold.com/company/caesars-entertainment-inc/
19694,19694,1530,H&R Block Careers,H&R Block Inc,,,,,,,,,,,,,,,www.hrblock.com,www.hrblock.com
19717,19717,12063,Capital Power Corporation,Capital Securities Corp,,,,,,,,,,,,,,,https://disfold.com/company/capital-power-corporation/,https://disfold.com/company/capital-securities-corp/
19725,19725,8511,"GOLDEN ABC, Inc.",GOME Retail Holdings Ltd,,,,,,,,,,,,,,,https://www.goldenabc.com/,www.gome.com.hk
19726,19726,14926,PT Indopoly Swakarsa Industry Tbk,PT Indoritel Makmur Internasional Tbk.,,,,,,,,,,,,,,,https://disfold.com/company/pt-indopoly-swakarsa-industry-tbk/,https://disfold.com/company/pt-indoritel-makmur-internasional-tbk/
19741,19741,4962,Gruppo Del Barba Consulting,Gruppo Del Barba Consulting - Gdb,,,,,,,,,,,,,,,https://www.gruppodelbarba.com/,https://www.gruppodelbarba.com
19742,19742,15904,Champion Iron Ltd,Champion Microelectronic Corp,,,,,,,,,,,,,,,www.championiron.com,https://disfold.com/company/champion-microelectronic-corp/
19743,19743,14606,"Azimut Exploration, Inc.",Azimut Holding S.p.A.,,,,,,,,,,,,,,,https://disfold.com/company/azimut-exploration-inc/,https://disfold.com/company/azimut-holding-spa/
19748,19748,4762,Lumina Gold Corp,Lumina Group Ltd,,,,,,,,,,,,,,,https://disfold.com/company/lumina-gold-corp/,https://disfold.com/company/lumina-group-ltd/
19749,19749,18469,Monterail,Monterosa Productions,,,,,,,,,,,,,,,https://www.monterail.com,https://www.monterosa.co/
19750,19750,11001,"Aberdeen Asia-Pacific Income Fund, Inc.",Aberdeen Asia-Pacific Income Investment Company Limited,,,,,,,,,,,,,,,https://disfold.com/company/aberdeen-asia-pacific-income-fund-inc/,https://disfold.com/company/aberdeen-asia-pacific-income-investment-company-limited/
19780,19780,17247,Financiere Marjos,Financiere Moncey,,,,,,,,,,,,,,,https://disfold.com/company/financiere-marjos/,https://disfold.com/company/financiere-moncey/
19791,19791,2935,Banco Pan SA,Banco Patagonia SA,,,,,,,,,,,,,,,https://disfold.com/company/banco-pan-sa/,https://disfold.com/company/banco-patagonia-sa/
19799,19799,6648,Constellium SE,Consti Oyj,,,,,,,,,,,,,,,https://disfold.com/company/constellium-se/,https://disfold.com/company/consti-oyj/
19813,19813,11773,SK Ecoplant Co Ltd,SK Hynix Inc,,,,,,,,,,,,,,,www.skec.com,www.skhynix.com
19819,19819,1387,Simplify Healthcare Careers,Simplo Technology Co Ltd,,,,,,,,,,,,,,,www.simplifyhealthcare.com,www.simplo.com.tw
19847,19847,2192,AFR-IX Telecom,AFR-IX telecom,,,,,,,,,,,,,,,https://afr-ix.com/,https://afr-ix.com/
19848,19848,1561,Chicony Electronics Co Ltd,Chicony Electronics Co. Ltd,,,,,,,,,,,,,,,www.chicony.com.tw,https://disfold.com/company/chicony-electronics-co-ltd/
19851,19851,15838,Brisbane Broncos Limited,Briscoe Group Limited,,,,,,,,,,,,,,,https://disfold.com/company/brisbane-broncos-limited/,https://disfold.com/company/briscoe-group-limited/
19866,19866,11497,Beijing Energy International Holding Co Ltd,Beijing Enlight Media Co. Ltd,,,,,,,,,,,,,,,https://disfold.com/company/beijing-energy-international-holding-co-ltd/,https://disfold.com/company/beijing-enlight-media-co-ltd/
19875,19875,16139,Grupo Argos SA,Grupo Aval Acciones y Valores SA,,,,,,,,,,,,,,,www.grupoargos.com,www.grupoaval.com
19881,19881,1525,Dentsply Sirona Inc,Dentsu Group Inc,,,,,,,,,,,,,,,www.dentsplysirona.com,www.group.dentsu.com
19890,19890,4808,PT Batavia Prosperindo Finance Tbk,PT Batavia Prosperindo Trans Tbk,,,,,,,,,,,,,,,https://disfold.com/company/pt-batavia-prosperindo-finance-tbk/,https://disfold.com/company/pt-batavia-prosperindo-trans-tbk/
19895,19895,6227,Big River Gold Limited,Big River Industries Limited,,,,,,,,,,,,,,,https://disfold.com/company/big-river-gold-limited/,https://disfold.com/company/big-river-industries-limited/
19916,19916,6190,ITP TECHNOLOGIE,ITT Inc,,,,,,,,,,,,,,,https://www.itp-technologie.com/fr,www.itt.com
19925,19925,14163,Philip Morris International Inc,Philippine National Bank,,,,,,,,,,,,,,,www.pmi.com,www.pnb.com.ph
19926,19926,8905,Altus Group Limited,Altus Holdings Ltd,,,,,,,,,,,,,,,https://disfold.com/company/altus-group-limited/,https://disfold.com/company/altus-holdings-ltd/
19931,19931,13833,The Toronto-Dominion Bank,The Trade Desk Inc,,,,,,,,,,,,,,,www.td.com,thetradedesk.com
19955,19955,12254,MillerKnoll Inc,Millicom International Cellular SA,,,,,,,,,,,,,,,hermanmiller.com,www.millicom.com
19959,19959,14372,Siam Pan Group Public Company Ltd,Siam Steel International Public Company Ltd,,,,,,,,,,,,,,,https://disfold.com/company/siam-pan-group-public-company-ltd/,https://disfold.com/company/siam-steel-international-public-company-ltd/
19965,19965,15167,Countryside Properties plc,Countrywide plc,,,,,,,,,,,,,,,https://disfold.com/company/countryside-properties-plc/,https://disfold.com/company/countrywide-plc/
19979,19979,19064,Thaitheparos Public Company Ltd,Thaivivat Insurance Public Company Ltd,,,,,,,,,,,,,,,https://disfold.com/company/thaitheparos-public-company-ltd/,https://disfold.com/company/thaivivat-insurance-public-company-ltd/
19984,19984,2756,RR Donnelley & Sons Co,RS Group plc,,,,,,,,,,,,,,,www.rrd.com,www.rsgroup.com
19991,19991,15615,Adobe,Adobute,,,,,,,,,,,,,,,https://disfold.com/company/adobe-inc/,https://www.adobute.co.jp/
19992,19992,11184,Altur Investissement SCA,"Altura Energy, Inc.",,,,,,,,,,,,,,,https://disfold.com/company/altur-investissement-sca/,https://disfold.com/company/altura-energy-inc/
20011,20011,1584,Dr. Wu Skincare Co. Ltd,DrDoctor,,,,,,,,,,,,,,,https://disfold.com/company/dr-wu-skincare-co-ltd/,https://www.drdoctor.co.uk/
20014,20014,16339,Zairyo,Zaius Careers,,,,,,,,,,,,,,,https://www.zairyo.com.sg/,zaius.com
20029,20029,10863,Sime Darby Bhd,Sime Darby Plantation Sdn Bhd,,,,,,,,,,,,,,,www.simedarby.com,www.simedarbyplantation.com
20041,20041,16843,Sumitomo Pharma Co Ltd,Sumitomo Realty & Development Co Ltd,,,,,,,,,,,,,,,www.sumitomo-pharma.co.jp,www.sumitomo-rd.co.jp
20044,20044,1082,Cadence Capital Limited,Cadence Design Systems Careers,,,,,,,,,,,,,,,https://disfold.com/company/cadence-capital-limited/,www.cadence.com
20049,20049,8878,Vidsy Media,Vidyard Careers,,,,,,,,,,,,,,,https://vidsy.co/,www.vidyard.com
20064,20064,8830,Dexatel,Dexatel*,,,,,,,,,,,,,,,https://dexatel.com/,https://dexatel.com/
20065,20065,16699,S&G Solar,S&P Global Inc,,,,,,,,,,,,,,,https://sig-solar.com/,www.spglobal.com
20067,20067,9156,IMI Plc,IMI plc,,,,,,,,,,,,,,,www.imiplc.com,https://disfold.com/company/imi-plc/
20080,20080,16954,Egeli & Co Enerji Yatirimlari A.S.,Egeli & Co Yatirim Holding AS,,,,,,,,,,,,,,,https://disfold.com/company/egeli-co-enerji-yatirimlari-as/,https://disfold.com/company/egeli-co-yatirim-holding-as/
20082,20082,16296,Qred,Qred Företagslån*,,,,,,,,,,,,,,,https://qred.com/en-se,https://qred.com/en-se/
20095,20095,12029,AO World PLC,AO World plc,,,,,,,,,,,,,,,www.ao-world.com,https://disfold.com/company/ao-world-plc/
20097,20097,663,PT Indosat Tbk,PT Indospring Tbk,,,,,,,,,,,,,,,https://disfold.com/company/pt-indosat-tbk/,https://disfold.com/company/pt-indospring-tbk/
20106,20106,9219,PT Bank CIMB Niaga Tbk,PT Bank Capital Indonesia Tbk,,,,,,,,,,,,,,,https://disfold.com/company/pt-bank-cimb-niaga-tbk/,https://disfold.com/company/pt-bank-capital-indonesia-tbk/
20118,20118,10714,KEC International Ltd,KEMET Corp,,,,,,,,,,,,,,,www.kecrpg.com,www.kemet.com/
20127,20127,3521,Accesa IT Systems,Access Engineering,,,,,,,,,,,,,,,https://www.accesa.eu,https://www.access-eng.com/
20135,20135,13743,Suzuken Co Ltd,Suzuken Co. Ltd,,,,,,,,,,,,,,,www.suzuken.co.jp,https://disfold.com/company/suzuken-co-ltd/
20136,20136,20059,COSCO Shipping Ports Ltd,COSCO Shipping Specialized Carriers Co Ltd,,,,,,,,,,,,,,,ports.coscoshipping.com,spe.coscoshipping.com
20143,20143,6758,WorkReduce Careers,Workable Software,,,,,,,,,,,,,,,workreduce.com,https://www.workable.com/
20144,20144,13009,NEC Corp,NEC Networks & System Integration Corp,,,,,,,,,,,,,,,https://disfold.com/company ec-corp/,https://disfold.com/company ec-networks-system-integration-corp/
20149,20149,10078,ADTRAN Careers,ADVA Careers,,,,,,,,,,,,,,,www.adtran.com,www.adva.com
20151,20151,7745,Srisawad Finance Public Company Ltd,Srithai Superware Public Company Ltd,,,,,,,,,,,,,,,https://disfold.com/company/srisawad-finance-public-company-ltd/,https://disfold.com/company/srithai-superware-public-company-ltd/
20160,20160,14310,Fresco Tours,Fresenius Kabi AG,,,,,,,,,,,,,,,https://www.frescotours.com,www.fresenius-kabi.com
20170,20170,18969,Rostelecom PJSC,Rostovoblgaz PJSC,,,,,,,,,,,,,,,https://disfold.com/company/rostelecom-pjsc/,https://disfold.com/company/rostovoblgaz-pjsc/
20189,20189,4868,Heijmans N.V.,Heijmans NV,,,,,,,,,,,,,,,https://disfold.com/company/heijmans-nv/,www.heijmans.nl
20197,20197,3206,Maire Tecnimont SpA,Maisonette Careers,,,,,,,,,,,,,,,www.mairetecnimont.com,www.maisonette.com
20202,20202,9615,ProfixSystemleasing,Profixsystemleasing,,,,,,,,,,,,,,,http://profixsystemleasing.de/,https://www.profixsystemleasing.de
20225,20225,4929,Public Joint Stock Company Group of Companies TNS energo,Public Joint Stock Company Interregional Distribution Grid Company of Siberia,,,,,,,,,,,,,,,https://disfold.com/company/public-joint-stock-company-group-of-companies-tns-energo/,https://disfold.com/company/public-joint-stock-company-interregional-distribution-grid-company-of-siberia/
20236,20236,4719,Shanghai Jin Jiang International Hotels Development Co. Ltd,Shanghai Jinqiao Export Processing Zone Development Co. Ltd,,,,,,,,,,,,,,,https://disfold.com/company/shanghai-jin-jiang-international-hotels-development-co-ltd/,https://disfold.com/company/shanghai-jinqiao-export-processing-zone-development-co-ltd/
20250,20250,13720,HDFC Bank Ltd,HDFC Life Insurance Co Ltd,,,,,,,,,,,,,,,www.hdfcbank.com,www.hdfclife.com
20286,20286,14095,Public Joint-Stock Company TNS energo Rostov-on-Don,Public Joint-Stock Company Territorial Generation Company No.2,,,,,,,,,,,,,,,https://disfold.com/company/public-joint-stock-company-tns-energo-rostov-on-don/,https://disfold.com/company/public-joint-stock-company-territorial-generation-company-no2/
20308,20308,220,"Advance Auto Parts, Inc.",Advance Capital,,,,,,,,,,,,,,,https://disfold.com/company/advance-auto-parts-inc/,https://advance-capital.fr
20309,20309,15599,Aptible Careers,Aptitude Software Group,,,,,,,,,,,,,,,www.aptible.com,https://www.aptitudesoftware.com/
20310,20310,14126,Bank of Jinzhou Co. Ltd,Bank of Jiujiang Co. Ltd,,,,,,,,,,,,,,,https://disfold.com/company/bank-of-jinzhou-co-ltd/,https://disfold.com/company/bank-of-jiujiang-co-ltd/
20312,20312,1251,Empresas CMPC SA,Empresas Copec SA,,,,,,,,,,,,,,,https://disfold.com/company/empresas-cmpc-sa/,https://disfold.com/company/empresas-copec-sa/
20333,20333,3634,Analog Devices Inc,"Analog Devices, Inc.",,,,,,,,,,,,,,,www.analog.com,https://disfold.com/company/analog-devices-inc/
20338,20338,9567,PT Asuransi Jasa Tania Tbk,PT Asuransi Jiwa Sinarmas MSIG Tbk,,,,,,,,,,,,,,,https://disfold.com/company/pt-asuransi-jasa-tania-tbk/,https://disfold.com/company/pt-asuransi-jiwa-sinarmas-msig-tbk/
20348,20348,13469,Cisco,Cisco Careers,,,,,,,,,,,,,,,https://disfold.com/company/cisco-systems-inc/,www.cisco.com
20350,20350,1965,Deutsche EuroShop AG,Deutsche Grundstuecksauktionen AG,,,,,,,,,,,,,,,https://disfold.com/company/deutsche-euroshop-ag/,https://disfold.com/company/deutsche-grundstuecksauktionen-ag/
20353,20353,13518,Almarai Co,Almarai Company,,,,,,,,,,,,,,,www.almarai.com,https://disfold.com/company/almarai-company/
20373,20373,11628,StoneCo Ltd,StoneX Group Inc,,,,,,,,,,,,,,,www.stone.co,www.stonex.com
20385,20385,2002,ISA Holdings Ltd,ISDN Holdings Ltd,,,,,,,,,,,,,,,https://disfold.com/company/isa-holdings-ltd/,https://disfold.com/company/isdn-holdings-ltd/
20457,20457,7373,Source Central,Source Central Partners,,,,,,,,,,,,,,,https://www.sourcecentral.com.au/,https://www.sourcecentral.com.au/
20462,20462,9989,Enerbrain,Enercotec Servicios,,,,,,,,,,,,,,,https://www.enerbrain.com/,https://www.enercotec.com
20465,20465,10024,Focused Photonics,Focusrite plc,,,,,,,,,,,,,,,https://disfold.com/company/focused-photonics/,https://disfold.com/company/focusrite-plc/
20466,20466,7193,BiomX Inc.,Biometric Solutions,,,,,,,,,,,,,,,https://disfold.com/company/biomx-inc/,https://www.biometric.dk
20473,20473,8118,Kaisa Group Holdings Ltd,Kaiser Aluminum Corp,,,,,,,,,,,,,,,www.kaisagroup.com,www.kaiseraluminum.com
20510,20510,3449,ANSYS Inc,"ANSYS, Inc.",,,,,,,,,,,,,,,www.ansys.com,https://disfold.com/company/ansys-inc/
20525,20525,4928,Skane-Mollan AB,Skanska AB,,,,,,,,,,,,,,,https://disfold.com/company/skane-mollan-ab/,https://disfold.com/company/skanska-ab/
20530,20530,18944,Paltac Corp,Paltac Corporation,,,,,,,,,,,,,,,https://disfold.com/company/paltac-corp/,www.paltac.co.jp
20543,20543,14494,"Cathay Consolidated, Inc.",Cathay Financial Holding Co Ltd,,,,,,,,,,,,,,,https://disfold.com/company/cathay-consolidated-inc/,www.cathayholdings.com
20562,20562,4552,Donatella,Donatella*,,,,,,,,,,,,,,,https://www.donatella.de/,https://www.donatella.de
20564,20564,19037,Banca Mediolanum S.p.A.,Banca Mediolanum SpA,,,,,,,,,,,,,,,https://disfold.com/company/banca-mediolanum-spa/,www.bancamediolanum.it
20573,20573,3277,AnteoTech Limited,Anteris Technologies Ltd,,,,,,,,,,,,,,,https://disfold.com/company/anteotech-limited/,https://disfold.com/company/anteris-technologies-ltd/
20586,20586,1141,Cardiol Therapeutics Inc.,Cardno Limited,,,,,,,,,,,,,,,https://disfold.com/company/cardiol-therapeutics-inc/,https://disfold.com/company/cardno-limited/
20594,20594,8534,Atal SA,Atari SA,,,,,,,,,,,,,,,https://disfold.com/company/atal-sa/,https://disfold.com/company/atari-sa/
20606,20606,8110,PulteGroup Inc,"PulteGroup, Inc.",,,,,,,,,,,,,,,www.pultegroupinc.com,https://disfold.com/company/pultegroup-inc/
20607,20607,6743,Americold Realty Trust,Amerigo Resources Ltd.,,,,,,,,,,,,,,,https://disfold.com/company/americold-realty-trust/,https://disfold.com/company/amerigo-resources-ltd/
20632,20632,133,Signify NV,Signify Technology,,,,,,,,,,,,,,,www.signify.com,https://www.signifytechnology.com/
20678,20678,11515,Public Joint Stock Company Rosinter Restaurants Holding,Public Joint Stock Company Rusolovo,,,,,,,,,,,,,,,https://disfold.com/company/public-joint-stock-company-rosinter-restaurants-holding/,https://disfold.com/company/public-joint-stock-company-rusolovo/
20693,20693,11206,Biogen Inc,Biogen Inc.,,,,,,,,,,,,,,,www.biogen.com,https://disfold.com/company/biogen-inc/
20703,20703,16303,Postype,PotlatchDeltic Corp,,,,,,,,,,,,,,,https://www.postype.com/,www.potlatchdeltic.com
20710,20710,3271,SB Supply,SB Supply Europe,,,,,,,,,,,,,,,https://www.sbsupply.nl/,https://www.sbsupply.nl
20724,20724,7642,Zscaler Inc,"Zscaler, Inc.",,,,,,,,,,,,,,,www.zscaler.com,https://disfold.com/company/zscaler-inc/
20745,20745,3429,Clarke Inc.,Clarkson plc,,,,,,,,,,,,,,,https://disfold.com/company/clarke-inc/,https://disfold.com/company/clarkson-plc/
20766,20766,5223,X5 Retail Group Careers,X5 Retail Group NV,,,,,,,,,,,,,,,www.x5.ru,x5.ru
20774,20774,2803,Public Joint Stock Company ALROSA-Nurba,Public Joint Stock Company Abrau-Durso,,,,,,,,,,,,,,,https://disfold.com/company/public-joint-stock-company-alrosa-nurba/,https://disfold.com/company/public-joint-stock-company-abrau-durso/
20785,20785,14463,Showa Sangyo Co Ltd,Showa Sangyo Co. Ltd,,,,,,,,,,,,,,,www.showa-sangyo.co.jp,https://disfold.com/company/showa-sangyo-co-ltd/
20809,20809,8324,Heritage Trust Company Careers,Herman Miller Careers,,,,,,,,,,,,,,,www.heritagetrust.com,www.hermanmiller.com
20819,20819,9682,Doctor Qube,DocuSign Careers,,,,,,,,,,,,,,,http://www.doctorqube.com/,www.docusign.com
20831,20831,20259,Shanghai Electric Group Co Ltd,Shanghai Electric Power Company Ltd,,,,,,,,,,,,,,,https://disfold.com/company/shanghai-electric-group-co-ltd/,https://disfold.com/company/shanghai-electric-power-company-ltd/
20843,20843,9644,Bollore SE,Bolloré SE,,,,,,,,,,,,,,,www.bollore.com/fr,https://disfold.com/company/bollore-se/
20848,20848,8689,PT Mitra Pinasthika Mustika Tbk,PT Mitrabahtera Segara Sejati Tbk,,,,,,,,,,,,,,,https://disfold.com/company/pt-mitra-pinasthika-mustika-tbk/,https://disfold.com/company/pt-mitrabahtera-segara-sejati-tbk/
20861,20861,4496,Teck Resources Ltd,Tecknuovo,,,,,,,,,,,,,,,www.teck.com,https://tecknuovo.com/
20870,20870,18955,ICICI Bank Ltd,ICICI Lombard General Insurance Co Ltd,,,,,,,,,,,,,,,www.icicibank.com,www.icicilombard.com
20882,20882,18002,Aggreko Ltd,Aggreko plc,,,,,,,,,,,,,,,www.plc.aggreko.com,https://disfold.com/company/aggreko-plc/
20885,20885,4051,Snap Inc,Snap Inc.,,,,,,,,,,,,,,,www.snap.com,https://disfold.com/company/snap-inc/
20901,20901,1403,Columbia Sportswear Co,Columbia Sportswear Company,,,,,,,,,,,,,,,www.columbia.com,https://disfold.com/company/columbia-sportswear-company/
20905,20905,14826,Carreau Concept,Carreau Sol,,,,,,,,,,,,,,,https://www.carreauconcept.com/,http://www.carreausol.fr
20914,20914,13112,PT Fortune Mate Indonesia Tbk,PT Forza Land Indonesia Tbk,,,,,,,,,,,,,,,https://disfold.com/company/pt-fortune-mate-indonesia-tbk/,https://disfold.com/company/pt-forza-land-indonesia-tbk/
20917,20917,5070,CarrefourSA Carrefour Sabanci Ticaret Merkezi AS,Carrevolutis,,,,,,,,,,,,,,,www.carrefoursa.com,https://www.carrevolutis.com
20925,20925,16821,Esserre Pharma,Essex Property Trust Inc,,,,,,,,,,,,,,,https://www.esserrepharma.com/,www.essexapartmenthomes.com
20950,20950,1073,Accedia,Accedia JSC,,,,,,,,,,,,,,,https://accedia.com,https://accedia.com
20987,20987,13618,Azure Minerals Limited,Azure Power Global Limited,,,,,,,,,,,,,,,https://disfold.com/company/azure-minerals-limited/,https://disfold.com/company/azure-power-global-limited/
20993,20993,10635,Telekom Malaysia Bhd,Telemedi,,,,,,,,,,,,,,,www.tm.com.my,https://telemedi.com/pl/
21024,21024,13967,ION Acquisition Corp 2 Ltd,ION Acquisition Corp 3 Ltd,,,,,,,,,,,,,,,https://disfold.com/company/ion-acquisition-corp-2-ltd/,https://disfold.com/company/ion-acquisition-corp-3-ltd/
21040,21040,20323,Fibra Terrafina,Fibra UNO,,,,,,,,,,,,,,,https://disfold.com/company/fibra-terrafina/,https://disfold.com/company/fibra-uno/
21042,21042,6059,Ellies Holdings Ltd,Ellipsiz Ltd,,,,,,,,,,,,,,,https://disfold.com/company/ellies-holdings-ltd/,https://disfold.com/company/ellipsiz-ltd/
21049,21049,17632,Swiss Prime Site AG,Swiss Re AG,,,,,,,,,,,,,,,https://disfold.com/company/swiss-prime-site-ag/,https://disfold.com/company/swiss-re-ag/
21050,21050,17750,Nippon Densetsu Kogyo Co Ltd,Nippon Densetsu Kogyo Co. Ltd,,,,,,,,,,,,,,,www.densetsuko.co.jp,https://disfold.com/company ippon-densetsu-kogyo-co-ltd/
21095,21095,8223,Coppola Foods,Coptrz,,,,,,,,,,,,,,,https://www.coppolafoodsgroup.com,https://coptrz.com/
21109,21109,5983,Chipotle Mexican Grill Inc,"Chipotle Mexican Grill, Inc.",,,,,,,,,,,,,,,www.chipotle.com,https://disfold.com/company/chipotle-mexican-grill-inc/
21115,21115,5061,Altarea SCA,Altareit SCA,,,,,,,,,,,,,,,https://disfold.com/company/altarea-sca/,https://disfold.com/company/altareit-sca/
21127,21127,5211,Nissan Shatai Co Ltd,Nissan Shatai Co. Ltd,,,,,,,,,,,,,,,www.nissan-shatai.co.jp,https://disfold.com/company issan-shatai-co-ltd/
21128,21128,14214,Topoint Technology Co. Ltd,Topower Co. Ltd,,,,,,,,,,,,,,,https://disfold.com/company/topoint-technology-co-ltd/,https://disfold.com/company/topower-co-ltd/
21129,21129,19296,VALD,VALUMEN,,,,,,,,,,,,,,,https://vald.com/,https://www.valumen.com/
21147,21147,11432,Kingboard Holdings Ltd,Kingboard Laminates Holdings Ltd,,,,,,,,,,,,,,,https://disfold.com/company/kingboard-holdings-ltd/,https://disfold.com/company/kingboard-laminates-holdings-ltd/
21158,21158,10590,Sartorius AG,Sartorius Careers,,,,,,,,,,,,,,,www.sartorius.de,www.sartorius.com
21160,21160,20119,Cleveland-Cliffs Inc,Cleveland-Cliffs Inc.,,,,,,,,,,,,,,,www.clevelandcliffs.com,https://disfold.com/company/cleveland-cliffs-inc/
21162,21162,6911,EuropaCorp,Europcar Mobility Group SA,,,,,,,,,,,,,,,https://disfold.com/company/europacorp/,https://disfold.com/company/europcar-mobility-group-sa/
21185,21185,8520,Barloworld Limited,Barloworld Ltd,,,,,,,,,,,,,,,www.barloworld.com,https://disfold.com/company/barloworld-ltd/
21221,21221,7854,PT Bank MNC Internasional Tbk,PT Bank Mandiri (Persero) Tbk,,,,,,,,,,,,,,,https://disfold.com/company/pt-bank-mnc-internasional-tbk/,https://disfold.com/company/pt-bank-mandiri-persero-tbk/
21232,21232,18752,Greenway Mining Group Ltd,Greenyard NV,,,,,,,,,,,,,,,https://disfold.com/company/greenway-mining-group-ltd/,https://disfold.com/company/greenyard-nv/
21236,21236,1009,Banco de Sabadell SA,"Banco de Sabadell, SA",,,,,,,,,,,,,,,www.bancsabadell.com,https://disfold.com/company/banco-de-sabadell-sa/
21284,21284,8641,Matsumotokiyoshi Holdings Co Ltd,Matsumotokiyoshi Holdings Co. Ltd,,,,,,,,,,,,,,,www.matsumotokiyoshi-hd.co.jp,https://disfold.com/company/matsumotokiyoshi-holdings-co-ltd/
21292,21292,1721,Caltagirone Editore SpA,Caltagirone SpA,,,,,,,,,,,,,,,https://disfold.com/company/caltagirone-editore-spa/,https://disfold.com/company/caltagirone-spa/
21311,21311,15373,SilverCrest Metals Inc.,Silvercorp Metals Inc.,,,,,,,,,,,,,,,https://disfold.com/company/silvercrest-metals-inc/,https://disfold.com/company/silvercorp-metals-inc/
21324,21324,7683,Prodiel Proyectos,Prodigi Group,,,,,,,,,,,,,,,https://www.prodiel.com,https://prodigi.com/
21330,21330,16088,Bank of Communications Co. Ltd,Bank of Gansu Co. Ltd,,,,,,,,,,,,,,,https://disfold.com/company/bank-of-communications-co-ltd/,https://disfold.com/company/bank-of-gansu-co-ltd/
21346,21346,7914,Nippon Gas Co. Ltd,Nippon Kanzai Co. Ltd,,,,,,,,,,,,,,,https://disfold.com/company ippon-gas-co-ltd/,https://disfold.com/company ippon-kanzai-co-ltd/
21348,21348,21024,ION Acquisition Corp 1 Ltd.,ION Acquisition Corp 2 Ltd,,,,,,,,,,,,,,,https://disfold.com/company/ion-acquisition-corp-1-ltd/,https://disfold.com/company/ion-acquisition-corp-2-ltd/
21352,21352,17488,Green Dot Corp,Green Energy Options,,,,,,,,,,,,,,,www.greendot.com,https://www.geotogether.com
21368,21368,16885,Citizens Financial Group Inc,"Citizens Financial Group, Inc.",,,,,,,,,,,,,,,www.citizensbank.com,https://disfold.com/company/citizens-financial-group-inc/
21377,21377,1196,Korn Ferry,Korn Ferry Careers,,,,,,,,,,,,,,,www.kornferry.com,www.kornferry.com
21384,21384,155,Airtasker,Airtasker Limited,,,,,,,,,,,,,,,https://www.airtasker.com/au/,https://disfold.com/company/airtasker-limited/
21402,21402,9874,Edilbiangi,EdiliziAcrobatica S.p.A.,,,,,,,,,,,,,,,https://www.edilbiangi.it/,https://disfold.com/company/ediliziacrobatica-spa/
21408,21408,16658,IQVIA Holdings Inc.,IR Japan Holdings Ltd,,,,,,,,,,,,,,,https://disfold.com/company/iqvia-holdings-inc/,https://disfold.com/company/ir-japan-holdings-ltd/
21423,21423,20085,Maxpay,Maxpay Holding,,,,,,,,,,,,,,,https://maxpay.com/,https://maxpay.com
21427,21427,14707,Kolibri Games**,Kolinpharma,,,,,,,,,,,,,,,https://www.kolibrigames.com,https://www.kolinpharma.com
21434,21434,1411,360 Capital Group Limited,360 Capital REIT,,,,,,,,,,,,,,,https://disfold.com/company/360-capital-group-limited/,https://disfold.com/company/360-capital-reit/
21455,21455,15962,SAMBHV Steel,SAMONT,,,,,,,,,,,,,,,https://sambhv.com/,https://www.samont.com
21489,21489,20308,Advance Auto Parts Inc,"Advance Auto Parts, Inc.",,,,,,,,,,,,,,,shop.advanceautoparts.com,https://disfold.com/company/advance-auto-parts-inc/
21496,21496,15756,Caledonia Investments plc,Caledonia Mining Corporation plc,,,,,,,,,,,,,,,https://disfold.com/company/caledonia-investments-plc/,https://disfold.com/company/caledonia-mining-corporation-plc/
21501,21501,9095,Citigroup Inc,Citigroup Inc.,,,,,,,,,,,,,,,www.citigroup.com,https://disfold.com/company/citigroup-inc/
21507,21507,18419,Boosted Careers,Booster Box,,,,,,,,,,,,,,,www.boostedusa.com,https://www.boosterboxdigital.com
21508,21508,1130,Graines Voltz SA,Grainger plc,,,,,,,,,,,,,,,https://disfold.com/company/graines-voltz-sa/,https://disfold.com/company/grainger-plc/
21512,21512,1943,Umicore NV/SA,Umicore SA,,,,,,,,,,,,,,,www.umicore.be,https://disfold.com/company/umicore-sa/
21519,21519,2120,Cochlear Limited,Cochlear Ltd,,,,,,,,,,,,,,,https://disfold.com/company/cochlear-limited/,www.cochlear.com
21527,21527,5138,First Advantage Careers,First American Financial Corp,,,,,,,,,,,,,,,www.fadv.com,www.firstam.com
21556,21556,11034,Basic-Fit N.V.,BasicNet S.p.A.,,,,,,,,,,,,,,,https://disfold.com/company/basic-fit-nv/,https://disfold.com/company/basicnet-spa/
21569,21569,3835,Zhejiang Jiecang Linear Motion Technology Co. Ltd,Zhejiang Jingsheng Mechanical & Electrical Co. Ltd,,,,,,,,,,,,,,,https://disfold.com/company/zhejiang-jiecang-linear-motion-technology-co-ltd/,https://disfold.com/company/zhejiang-jingsheng-mechanical-electrical-co-ltd/
21580,21580,11294,Mitsubishi Logistics Corp,Mitsubishi Logistics Corporation,,,,,,,,,,,,,,,https://disfold.com/company/mitsubishi-logistics-corp/,www.mitsubishi-logistics.co.jp
21587,21587,2007,Kesko Oyj,Kesla Oyj,,,,,,,,,,,,,,,https://disfold.com/company/kesko-oyj/,https://disfold.com/company/kesla-oyj/
21596,21596,20042,Samart Digital Public Company Ltd,Samart Telcoms Public Company Ltd,,,,,,,,,,,,,,,https://disfold.com/company/samart-digital-public-company-ltd/,https://disfold.com/company/samart-telcoms-public-company-ltd/
21605,21605,249,Voxy Careers,Voya Financial Careers,,,,,,,,,,,,,,,voxy.com,www.voya.com
21614,21614,14969,Air Busan Co. Ltd,Air Canada,,,,,,,,,,,,,,,https://disfold.com/company/air-busan-co-ltd/,https://disfold.com/company/air-canada/
21627,21627,12147,Sun Autos Ventes,Sun Brothers Development,,,,,,,,,,,,,,,http://www.sunautos-ventes.com,http://www.sunbrothers.com.tw/
21631,21631,16151,Marwincar,Marwincar*,,,,,,,,,,,,,,,https://www.marwincar.com/,https://www.marwincar.com
21636,21636,4286,China Jushi Co. Ltd,China LNG Group Ltd,,,,,,,,,,,,,,,https://disfold.com/company/china-jushi-co-ltd/,https://disfold.com/company/china-lng-group-ltd/
21638,21638,12757,OCI,OCI Co Ltd,,,,,,,,,,,,,,,https://www.oci-group.co.uk/,www.oci.co.kr
21643,21643,17436,Acerinox SA,"Acerinox, SA",,,,,,,,,,,,,,,www.acerinox.es,https://disfold.com/company/acerinox-sa/
21649,21649,10719,PT Bank Pembangunan Daerah Jawa Barat dan Banten Tbk,PT Bank Pembangunan Daerah Jawa Timur Tbk,,,,,,,,,,,,,,,https://disfold.com/company/pt-bank-pembangunan-daerah-jawa-barat-dan-banten-tbk/,https://disfold.com/company/pt-bank-pembangunan-daerah-jawa-timur-tbk/
21650,21650,18652,Shanghai Shyndec Pharmaceutical Co. Ltd,Shanghai Sinyang Semiconductor Materials Co. Ltd,,,,,,,,,,,,,,,https://disfold.com/company/shanghai-shyndec-pharmaceutical-co-ltd/,https://disfold.com/company/shanghai-sinyang-semiconductor-materials-co-ltd/
21663,21663,20816,"Hankyu Hanshin Holdings, Inc.","Hankyu Hanshin REIT, Inc.",,,,,,,,,,,,,,,https://disfold.com/company/hankyu-hanshin-holdings-inc/,https://disfold.com/company/hankyu-hanshin-reit-inc/
21670,21670,561,Hyundai Motor Careers,Hyundai Motor Co,,,,,,,,,,,,,,,worldwide.hyundai.com,www.hyundai.com
21684,21684,15773,Siam Future Development Public Company Ltd,Siam Global House Public Company Ltd,,,,,,,,,,,,,,,https://disfold.com/company/siam-future-development-public-company-ltd/,https://disfold.com/company/siam-global-house-public-company-ltd/
21685,21685,20726,Intrasense SA,Intred S.p.A.,,,,,,,,,,,,,,,https://disfold.com/company/intrasense-sa/,https://disfold.com/company/intred-spa/
21688,21688,18857,PT Panin Sekuritas Tbk,PT Paninvest Tbk,,,,,,,,,,,,,,,https://disfold.com/company/pt-panin-sekuritas-tbk/,https://disfold.com/company/pt-paninvest-tbk/
21695,21695,4616,"American Electric Power Company, Inc.",American Equity Investment Life Holding Company,,,,,,,,,,,,,,,https://disfold.com/company/american-electric-power-company-inc/,www.american-equity.com
21718,21718,14762,Brunswick Corp,Brunswick Corporation,,,,,,,,,,,,,,,www.brunswick.com,https://disfold.com/company/brunswick-corporation/
21724,21724,18091,Egis Group,Egis Technology,,,,,,,,,,,,,,,www.egis-group.com,https://www.egistec.com/
21731,21731,973,Asian Insulators Public Company Ltd,Asian Marine Services Public Company Ltd,,,,,,,,,,,,,,,https://disfold.com/company/asian-insulators-public-company-ltd/,https://disfold.com/company/asian-marine-services-public-company-ltd/
21746,21746,20159,Swisscom AG,Swisscom Ltd,,,,,,,,,,,,,,,https://disfold.com/company/swisscom-ag/,www.swisscom.ch
21748,21748,13286,TopBuild Corp,TopBuild Corp.,,,,,,,,,,,,,,,www.topbuild.com,https://disfold.com/company/topbuild-corp/
21777,21777,8544,Herbal i,Herbalife Nutrition Ltd,,,,,,,,,,,,,,,https://www.herbal-i.co.jp/,www.herbalife.com
21810,21810,16880,The Phoenix Holdings Ltd,The Place Holdings Ltd,,,,,,,,,,,,,,,https://disfold.com/company/the-phoenix-holdings-ltd/,https://disfold.com/company/the-place-holdings-ltd/
21814,21814,812,Florida Power & Light Co,Florio Carta*,,,,,,,,,,,,,,,www.fpl.com,https://www.floriocarta.com
21820,21820,19790,OCI N.V.,OCI NV,,,,,,,,,,,,,,,https://disfold.com/company/oci-nv/,www.oci.nl
21857,21857,7207,Booking Holdings Inc,Booking Holdings Inc.,,,,,,,,,,,,,,,www.bookingholdings.com,https://disfold.com/company/booking-holdings-inc/
21858,21858,4021,Veritis Careers,Veritiv Corp,,,,,,,,,,,,,,,www.veritis.com,www.veritivcorp.com
21862,21862,1850,Freepik,Freepik Company,,,,,,,,,,,,,,,https://www.freepik.com,https://www.freepik.com/
21865,21865,2729,WidePoint Careers,Widget Brain Holding,,,,,,,,,,,,,,,www.widepoint.com,https://widgetbrain.com/
21879,21879,19223,National Building and Marketing Co.,National Company for Learning and Education,,,,,,,,,,,,,,,https://disfold.com/company ational-building-and-marketing-co/,https://disfold.com/company ational-company-for-learning-and-education/
21884,21884,7043,First Pacific Co Ltd,First Pacific Company Ltd,,,,,,,,,,,,,,,www.firstpacific.com,https://disfold.com/company/first-pacific-company-ltd/
21893,21893,4247,Kato Sangyo Co Ltd,Kato Sangyo Co. Ltd,,,,,,,,,,,,,,,www.katosangyo.co.jp,https://disfold.com/company/kato-sangyo-co-ltd/
21894,21894,6908,G4S Plc.,G5 Entertainment,,,,,,,,,,,,,,,www.g4s.com,https://www.g5e.com/
21920,21920,5179,Powerlong Real Estate Holdings Ltd,Powermatic Data Systems,,,,,,,,,,,,,,,www.powerlong.com,https://powermatic.com.sg/
21932,21932,17360,CNOOC Limited,CNOOC Ltd,,,,,,,,,,,,,,,https://disfold.com/company/cnooc-limited/,www.cnoocltd.com
21941,21941,17859,Brogent Technologies,"Brogent Technologies, Inc.",,,,,,,,,,,,,,,https://www.brogent.com/,https://disfold.com/company/brogent-technologies-inc/
21965,21965,17546,Ameren Corp,Ameren Corporation,,,,,,,,,,,,,,,www.ameren.com,https://disfold.com/company/ameren-corporation/
21967,21967,5076,Bangkok Ranch Public Company Ltd,Bangkok Sheet Metal Public Company Ltd,,,,,,,,,,,,,,,https://disfold.com/company/bangkok-ranch-public-company-ltd/,https://disfold.com/company/bangkok-sheet-metal-public-company-ltd/
21977,21977,11518,"Arena Minerals, Inc.","Arena Pharmaceuticals, Inc.",,,,,,,,,,,,,,,https://disfold.com/company/arena-minerals-inc/,https://disfold.com/company/arena-pharmaceuticals-inc/
21978,21978,15678,Payoneer Careers,Paytm Money Careers,,,,,,,,,,,,,,,www.payoneer.com,paytmmoney.com
21987,21987,185,AvalonBay Communities Inc,"AvalonBay Communities, Inc.",,,,,,,,,,,,,,,www.avaloncommunities.com,https://disfold.com/company/avalonbay-communities-inc/
22002,22002,17520,AngloGold Ashanti Limited,AngloGold Ashanti Ltd,,,,,,,,,,,,,,,https://disfold.com/company/anglogold-ashanti-limited/,www.anglogoldashanti.com
22003,22003,10764,Bakkavor Group Plc,Bakkavor Group plc,,,,,,,,,,,,,,,www.bakkavor.com,https://disfold.com/company/bakkavor-group-plc/
22018,22018,5343,Pan Pacific International Holdings Corp,Pan-International Industrial Corp,,,,,,,,,,,,,,,https://disfold.com/company/pan-pacific-international-holdings-corp/,https://disfold.com/company/pan-international-industrial-corp/
22026,22026,5145,Berkshire Hathaway,Berkshire Hathaway Energy Co,,,,,,,,,,,,,,,https://disfold.com/company/berkshire-hathaway-inc/,www.berkshirehathawayenergyco.com
22036,22036,1318,Delta Electronics (Thailand) PCL,Delta Electronics Inc,,,,,,,,,,,,,,,www.deltathailand.com,www.deltaww.com
22061,22061,3826,The J. M. Smucker Company,The J.M. Smucker Co,,,,,,,,,,,,,,,https://disfold.com/company/j-m-smucker-company/,www.jmsmucker.com
22063,22063,20994,Bunge Limited,Bunge Ltd,,,,,,,,,,,,,,,https://disfold.com/company/bunge-limited/,www.bunge.com
22068,22068,14716,Merus N.V.,Merus Power Oyj,,,,,,,,,,,,,,,https://disfold.com/company/merus-nv/,https://disfold.com/company/merus-power-oyj/
22076,22076,18816,Ryohin Keikaku Co Ltd,Ryohin Keikaku Co. Ltd,,,,,,,,,,,,,,,ryohin-keikaku.jp,https://disfold.com/company/ryohin-keikaku-co-ltd/
22087,22087,7226,Aquis Exchange,Aquis Exchange plc,,,,,,,,,,,,,,,http://www.aquis.eu/,https://disfold.com/company/aquis-exchange-plc/
22093,22093,4468,artnet AG,artos,,,,,,,,,,,,,,,https://disfold.com/company/artnet-ag/,https://www.artos.ag
22098,22098,879,China Tourism Group Duty Free Corp Ltd,China Touyun Tech Group Ltd,,,,,,,,,,,,,,,https://disfold.com/company/china-tourism-group-duty-free-corp-ltd/,https://disfold.com/company/china-touyun-tech-group-ltd/
22131,22131,3019,Partners Group Holding AG,Partnology Careers,,,,,,,,,,,,,,,www.partnersgroup.com,www.partnology.com
22140,22140,10866,BCE Inc,BCE Inc.,,,,,,,,,,,,,,,www.bce.ca,https://disfold.com/company/bce-inc/
22163,22163,10040,United Palm Oil Industry Public Company Ltd,United Paper Public Company Ltd,,,,,,,,,,,,,,,https://disfold.com/company/united-palm-oil-industry-public-company-ltd/,https://disfold.com/company/united-paper-public-company-ltd/
22171,22171,8827,Capital One Financial Corporation,Capital Park SA,,,,,,,,,,,,,,,https://disfold.com/company/capital-one-financial-corporation/,https://disfold.com/company/capital-park-sa/
22173,22173,19464,Nichicon Corp,Nichidenbo Corp,,,,,,,,,,,,,,,https://disfold.com/company ichicon-corp/,https://disfold.com/company ichidenbo-corp/
22189,22189,3529,Equites Property Fund Ltd,"Equity LifeStyle Properties, Inc.",,,,,,,,,,,,,,,https://disfold.com/company/equites-property-fund-ltd/,https://disfold.com/company/equity-lifestyle-properties-inc/
22202,22202,12700,Shimano Inc,"Shimano, Inc.",,,,,,,,,,,,,,,www.shimano.com,https://disfold.com/company/shimano-inc/
22204,22204,12997,Capral Limited,Capri Holdings Limited,,,,,,,,,,,,,,,https://disfold.com/company/capral-limited/,https://disfold.com/company/capri-holdings-limited/
22206,22206,10410,First Majestic Silver Corp.,First Mining Gold Corp.,,,,,,,,,,,,,,,https://disfold.com/company/first-majestic-silver-corp/,https://disfold.com/company/first-mining-gold-corp/
22213,22213,5843,Eagle Nice,Eagleprojects,,,,,,,,,,,,,,,https://disfold.com/company/eagle-nice/,https://www.eagleprojects.it/
22222,22222,17736,"Grupo Profuturo, S.A.B. de C.V.",Grupo Rotoplas S.A.B. de C.V.,,,,,,,,,,,,,,,https://disfold.com/company/grupo-profuturo-sab-de-cv/,https://disfold.com/company/grupo-rotoplas-sab-de-cv/
22228,22228,11322,Kinder Morgan Inc,"Kinder Morgan, Inc.",,,,,,,,,,,,,,,www.kindermorgan.com,https://disfold.com/company/kinder-morgan-inc/
22266,22266,20151,Srisawad Corp Public Company Ltd,Srisawad Finance Public Company Ltd,,,,,,,,,,,,,,,https://disfold.com/company/srisawad-corp-public-company-ltd/,https://disfold.com/company/srisawad-finance-public-company-ltd/
22270,22270,17444,Airbus,Airbus SE,,,,,,,,,,,,,,,https://disfold.com/company/airbus-se/,www.airbus.com/en
22274,22274,4608,Fly Victor,Flybits Careers,,,,,,,,,,,,,,,https://www.flyvictor.com,flybits.com
22282,22282,12728,Türk Prysmian Kablo ve Sistemleri Anonim Sirketi,Türk Telekomünikasyon Anonim Sirketi,,,,,,,,,,,,,,,https://disfold.com/company/turk-prysmian-kablo-ve-sistemleri-anonim-sirketi/,https://disfold.com/company/turk-telekomunikasyon-anonim-sirketi/
22304,22304,21896,Greencoat Renewables plc,Greencoat UK Wind plc,,,,,,,,,,,,,,,https://disfold.com/company/greencoat-renewables-plc/,https://disfold.com/company/greencoat-uk-wind-plc/
22305,22305,16363,ADT Inc,ADT Inc.,,,,,,,,,,,,,,,www.adt.com,https://disfold.com/company/adt-inc/
22310,22310,18438,China Everbright Ltd,China Evergrande Group,,,,,,,,,,,,,,,https://disfold.com/company/china-everbright-ltd/,https://disfold.com/company/china-evergrande-group/
22312,22312,17347,Sapura Energy Bhd,Saputo Inc,,,,,,,,,,,,,,,www.sapuraenergy.com,www.saputo.com
22332,22332,12834,"Paycom Software, Inc.","Payfare, Inc.",,,,,,,,,,,,,,,https://disfold.com/company/paycom-software-inc/,https://disfold.com/company/payfare-inc/
22355,22355,13739,plantx Careers,potenit Careers,,,,,,,,,,,,,,,www.plantx.com,potenit.com
22360,22360,20651,CVP Careers,CVR Energy Inc,,,,,,,,,,,,,,,www.cvpcorp.com,www.cvrenergy.com
22366,22366,14460,Pure Storage Inc,"Pure Storage, Inc.",,,,,,,,,,,,,,,www.purestorage.com,https://disfold.com/company/pure-storage-inc/
22384,22384,11324,Spiideo,Spin Master Corp,,,,,,,,,,,,,,,https://www.spiideo.com,www.spinmaster.com
22391,22391,19346,truu,truu Wasserweik,,,,,,,,,,,,,,,https://www.truu.com/,https://www.truu.com/
22392,22392,10105,Mavenir Careers,Maveric Systems,,,,,,,,,,,,,,,mavenir.com,https://maveric-systems.com/
22395,22395,8669,Octopus Energy,Octopus Energy Ltd,,,,,,,,,,,,,,,https://octopus.energy,www.octopus.energy
22399,22399,6337,AEM Holdings,AEM Holdings Ltd,,,,,,,,,,,,,,,https://aem.com.sg/,https://disfold.com/company/aem-holdings-ltd/
22402,22402,11564,PT Bank Bisnis Internasional Tbk,PT Bank Bukopin Tbk,,,,,,,,,,,,,,,https://disfold.com/company/pt-bank-bisnis-internasional-tbk/,https://disfold.com/company/pt-bank-bukopin-tbk/
22419,22419,12236,Diebold Nixdorf Careers,Diebold Nixdorf Inc,,,,,,,,,,,,,,,dieboldnixdorf.com,www.dieboldnixdorf.com
22437,22437,13095,Hiwin Mikrosystem Corp,Hiwin Technologies Corp,,,,,,,,,,,,,,,https://disfold.com/company/hiwin-mikrosystem-corp/,https://disfold.com/company/hiwin-technologies-corp/
22438,22438,3810,Snowflake Careers,Snowflake Inc,,,,,,,,,,,,,,,www.snowflake.com,www.snowflake.com
22456,22456,19733,Pershing Square Holdings Ord,"Pershing Square Holdings, Ltd.",,,,,,,,,,,,,,,https://disfold.com/company/pershing-square-holdings-ord/,https://disfold.com/company/pershing-square-holdings-ltd/
22462,22462,18946,Mastek,Mastek Careers,,,,,,,,,,,,,,,https://www.mastek.com/,www.mastek.com
22484,22484,1865,Nord Security,Nordcloud,,,,,,,,,,,,,,,https:/ ordsecurity.com/,https:/ ordcloud.com
22504,22504,5326,Arcadia Investment,Arcadia Italia,,,,,,,,,,,,,,,https://www.arcadia-invest.de,https://www.arcadia-italia.com/
22510,22510,17308,Asian Capital Resources,Asian Healthcare Specialists Ltd,,,,,,,,,,,,,,,https://disfold.com/company/asian-capital-resources/,https://disfold.com/company/asian-healthcare-specialists-ltd/
22521,22521,9356,Astellas Pharma Inc,"Astellas Pharma, Inc.",,,,,,,,,,,,,,,www.astellas.com/jp,https://disfold.com/company/astellas-pharma-inc/
22524,22524,6350,Phenisys,Phenix,,,,,,,,,,,,,,,https://www.phenisys.com,https://wearephenix.com
22528,22528,12687,CHS Inc,CHSI,,,,,,,,,,,,,,,www.chsinc.com,http://www.chsiphil.com/
22545,22545,15823,Samsung SDI Co Ltd,Samsung SDS Co Ltd,,,,,,,,,,,,,,,www.samsungsdi.co.kr,www.samsungsds.com
22550,22550,22310,China Everbright Greentech Ltd,China Everbright Ltd,,,,,,,,,,,,,,,https://disfold.com/company/china-everbright-greentech-ltd/,https://disfold.com/company/china-everbright-ltd/
22564,22564,13227,CenterPoint Energy Inc,"CenterPoint Energy, Inc.",,,,,,,,,,,,,,,www.centerpointenergy.com,https://disfold.com/company/centerpoint-energy-inc/
22569,22569,3106,Solbari,SoleBrain,,,,,,,,,,,,,,,https://www.solbari.com/,https://www.solebrain.co.jp/
22571,22571,2920,Marathon Petroleum Corp,Marathon Petroleum Corporation,,,,,,,,,,,,,,,www.marathonpetroleum.com,https://disfold.com/company/marathon-petroleum-corporation/
22619,22619,5139,BRP Inc,BRP Inc.,,,,,,,,,,,,,,,www.brp.com,https://disfold.com/company/brp-inc/
22633,22633,7733,NTT DATA Corp,NTT DOCOMO Inc,,,,,,,,,,,,,,,www.nttdata.com/jp,www.nttdocomo.co.jp
22675,22675,6897,ICL Group Ltd,ICO Group Ltd,,,,,,,,,,,,,,,https://disfold.com/company/icl-group-ltd/,https://disfold.com/company/ico-group-ltd/
22695,22695,4893,TeamViewer AG,TeamViewer Careers,,,,,,,,,,,,,,,https://disfold.com/company/teamviewer-ag/,www.teamviewer.com
22716,22716,19742,Champion Iron Limited,Champion Iron Ltd,,,,,,,,,,,,,,,https://disfold.com/company/champion-iron-limited/,www.championiron.com
22729,22729,3655,PT Buana Finance Tbk.,PT Buana Lintas Lautan Tbk,,,,,,,,,,,,,,,https://disfold.com/company/pt-buana-finance-tbk/,https://disfold.com/company/pt-buana-lintas-lautan-tbk/
22737,22737,4659,Restaurant Brands International Inc.,Restaurant Brands International Limited Partnership,,,,,,,,,,,,,,,https://disfold.com/company/restaurant-brands-international-inc/,https://disfold.com/company/restaurant-brands-international-limited-partnership/
22742,22742,5852,Bio-Techne Corp,Bio-Techne Corporation,,,,,,,,,,,,,,,www.bio-techne.com,https://disfold.com/company/bio-techne-corporation/
22758,22758,20727,Kongsberg Gruppen ASA,Kongsberg Maritime AS,,,,,,,,,,,,,,,www.kongsberg.com,www.kongsberg.com
22762,22762,6800,SmartPak Equine LLC Careers,SmartSearch,,,,,,,,,,,,,,,www.smartpakequine.com,https://www.smartsearch.com
22765,22765,15809,Hostess Brands Inc,Hostinger,,,,,,,,,,,,,,,www.hostessbrands.com,https://www.hostinger.com/
22771,22771,18277,Modalis,Modec Inc,,,,,,,,,,,,,,,https://www.modalis.com/,www.modec.com
22807,22807,4303,Godrej Consumer Products Ltd,Godrej Industries Ltd,,,,,,,,,,,,,,,www.godrejcp.com,www.godrejindustries.com
22815,22815,4515,Thai Enger Holding Public Company Ltd,Thai Film Industries Public Company Ltd,,,,,,,,,,,,,,,https://disfold.com/company/thai-enger-holding-public-company-ltd/,https://disfold.com/company/thai-film-industries-public-company-ltd/
22816,22816,4572,Nippon Shinyaku Co Ltd,Nippon Shinyaku Co. Ltd,,,,,,,,,,,,,,,www.nippon-shinyaku.co.jp,https://disfold.com/company ippon-shinyaku-co-ltd/
22826,22826,16711,Advantech Co Ltd,Advantech Co. Ltd,,,,,,,,,,,,,,,www.advantech.com,https://disfold.com/company/advantech-co-ltd/
22836,22836,11746,Korean Air Lines Co Ltd,Korean Reinsurance Co,,,,,,,,,,,,,,,www.koreanair.com,koreanre.co.kr
22840,22840,4618,Codete,Codewise,,,,,,,,,,,,,,,https://www.codete.com,https://www.codewise.com
22846,22846,1278,PT Bank BRIsyariah Tbk,PT Bank BTPN Syariah Tbk,,,,,,,,,,,,,,,https://disfold.com/company/pt-bank-brisyariah-tbk/,https://disfold.com/company/pt-bank-btpn-syariah-tbk/
22888,22888,7352,HSBC Careers,HSBC Holdings Plc,,,,,,,,,,,,,,,www.hsbc.com,www.hsbc.com
22913,22913,3896,AVerMedia Technologies,"AVerMedia Technologies, Inc.",,,,,,,,,,,,,,,https://www.avermedia.com/,https://disfold.com/company/avermedia-technologies-inc/
22917,22917,12405,Teamway International Group Holdings Ltd,Tecan Group Ltd,,,,,,,,,,,,,,,https://disfold.com/company/teamway-international-group-holdings-ltd/,https://disfold.com/company/tecan-group-ltd/
22934,22934,15878,Credit Agricole Loire Haute-Loire,Credit Agricole SA,,,,,,,,,,,,,,,https://disfold.com/company/credit-agricole-loire-haute-loire/,www.credit-agricole.com
22935,22935,757,Honda Motor Co Ltd,"Honda Motor Co., Ltd.",,,,,,,,,,,,,,,www.honda.co.jp,https://disfold.com/company/honda-motor-co-ltd/
22940,22940,20591,VanMoof,VanMoof Global Holding,,,,,,,,,,,,,,,https://www.vanmoof.com,https://www.vanmoof.com l_nl/
22950,22950,5659,Arte e Passione,Artea,,,,,,,,,,,,,,,https://artepassioneristorazione.it/,https://disfold.com/company/artea/
22952,22952,18076,Bora Pharmaceuticals,Bora Pharmaceuticals Co. Ltd,,,,,,,,,,,,,,,http://www.bora-corp.com/,https://disfold.com/company/bora-pharmaceuticals-co-ltd/
22956,22956,2696,PT Asuransi Bintang Tbk,PT Asuransi Dayin Mitra Tbk,,,,,,,,,,,,,,,https://disfold.com/company/pt-asuransi-bintang-tbk/,https://disfold.com/company/pt-asuransi-dayin-mitra-tbk/
22959,22959,14544,Stamford Land Corp Ltd,Stamford Tyres Corp Ltd,,,,,,,,,,,,,,,https://disfold.com/company/stamford-land-corp-ltd/,https://disfold.com/company/stamford-tyres-corp-ltd/
22983,22983,9549,Best Food Holding Company Ltd,Best Friend Technology Co. Ltd,,,,,,,,,,,,,,,https://disfold.com/company/best-food-holding-company-ltd/,https://disfold.com/company/best-friend-technology-co-ltd/
22989,22989,4179,Holcim,Holcim Ltd,,,,,,,,,,,,,,,https://disfold.com/company/holcim/,https://disfold.com/company/holcim-ltd/
22996,22996,14608,Allianceinsay Broker,Alliant Energy Corp,,,,,,,,,,,,,,,https://www.allianceinsay.it,www.alliantenergy.com
23000,23000,9876,Per Aarsleff Holding A/S,Per Aarsleff Holding AS,,,,,,,,,,,,,,,https://disfold.com/company/per-aarsleff-holding-as/,www.aarsleff.com
23014,23014,2666,TPBI Public Company Ltd,TPC Power Holding Public Company Ltd,,,,,,,,,,,,,,,https://disfold.com/company/tpbi-public-company-ltd/,https://disfold.com/company/tpc-power-holding-public-company-ltd/
23019,23019,10558,Bright Dairy & Food Co Ltd,"Bright Dairy & Food Co.,Ltd",,,,,,,,,,,,,,,en.brightdairy.com,https://disfold.com/company/bright-dairy-food-coltd/
23034,23034,11364,PT Total Bangun Persada Tbk,PT Totalindo Eka Persada Tbk,,,,,,,,,,,,,,,https://disfold.com/company/pt-total-bangun-persada-tbk/,https://disfold.com/company/pt-totalindo-eka-persada-tbk/
23038,23038,10909,Yourparkingspace,Yourparkingspace Limited,,,,,,,,,,,,,,,https://www.yourparkingspace.co.uk,https://www.yourparkingspace.co.uk/
23046,23046,791,Central Retail Corp Public Company Ltd,Central Telegraph Public Joint Stock Company,,,,,,,,,,,,,,,https://disfold.com/company/central-retail-corp-public-company-ltd/,https://disfold.com/company/central-telegraph-public-joint-stock-company/
23051,23051,22185,Black Knight Inc,"Black Knight, Inc.",,,,,,,,,,,,,,,www.blackknightinc.com,https://disfold.com/company/black-knight-inc/
23101,23101,13626,PicoCELA,PicoCandy Careers,,,,,,,,,,,,,,,https://picocela.com/,picocandy.com
23105,23105,17872,SM Investments Corp,SM Prime Holdings Inc,,,,,,,,,,,,,,,www.sminvestments.com,www.smprime.com
23106,23106,2341,Merck & Co Inc,Merck KGaA,,,,,,,,,,,,,,,www.merck.com,www.merckgroup.com
23112,23112,6751,Cineworld Group Plc,Cineworld Group plc,,,,,,,,,,,,,,,www.cineworldplc.com,https://disfold.com/company/cineworld-group-plc/
23116,23116,10684,StillKom,StillKom*,,,,,,,,,,,,,,,https://www.stillkom.no,https://stillkom.no/
23126,23126,1988,Atomos Limited,Atos SE,,,,,,,,,,,,,,,https://disfold.com/company/atomos-limited/,https://disfold.com/company/atos-se/
23137,23137,7369,"Ability Opto-Electronics Technology Co.,Ltd.","Ability, Inc.",,,,,,,,,,,,,,,https://disfold.com/company/ability-opto-electronics-technology-coltd/,https://disfold.com/company/ability-inc/
23142,23142,15141,Ayala Corp,Ayala Land Inc,,,,,,,,,,,,,,,www.ayala.com.ph,www.ayalaland.com.ph
23147,23147,3750,Bechtel Careers,Bechtel Corp,,,,,,,,,,,,,,,www.bechtel.com,www.bechtel.com
23150,23150,6887,Tongtai Machine & Tool Co. Ltd,Tongwei Co. Ltd,,,,,,,,,,,,,,,https://disfold.com/company/tongtai-machine-tool-co-ltd/,https://disfold.com/company/tongwei-co-ltd/
23158,23158,20335,Elementis plc,Elementos Limited,,,,,,,,,,,,,,,https://disfold.com/company/elementis-plc/,https://disfold.com/company/elementos-limited/
23200,23200,19191,Cogeco Communications Inc.,Cogeco Inc,,,,,,,,,,,,,,,https://disfold.com/company/cogeco-communications-inc/,corpo.cogeco.com
23203,23203,9348,Beijing Yuanliu Hongyuan Electronic Technology Co. Ltd,"Beijing eGOVA Co,. Ltd",,,,,,,,,,,,,,,https://disfold.com/company/beijing-yuanliu-hongyuan-electronic-technology-co-ltd/,https://disfold.com/company/beijing-egova-co-ltd/
23206,23206,22230,Willing Careers,Willis Towers Watson PLC,,,,,,,,,,,,,,,www.willing.com,www.willistowerswatson.com
23227,23227,19205,Havas SA,Havells India Ltd,,,,,,,,,,,,,,,www.havasgroup.com,www.havells.com
23241,23241,13085,Clevo Co.,CliQéo,,,,,,,,,,,,,,,https://disfold.com/company/clevo-co/,https://www.cliqeo.com
23248,23248,1588,Bank of Tianjin Co Ltd,"Bank of Xi'an Co.,Ltd.",,,,,,,,,,,,,,,www.bank-of-tianjin.com.cn,https://disfold.com/company/bank-of-xian-coltd/
23259,23259,6291,Statista Careers,Statkraft AS,,,,,,,,,,,,,,,www.statista.com,www.statkraft.com
23271,23271,291,Publicis Sapient Careers,Publift,,,,,,,,,,,,,,,www.publicissapient.com,https://www.publift.com/
23274,23274,4697,Public Joint-Stock Company Rusgrain Holding,Public Joint-Stock Company Seligdar,,,,,,,,,,,,,,,https://disfold.com/company/public-joint-stock-company-rusgrain-holding/,https://disfold.com/company/public-joint-stock-company-seligdar/
23281,23281,22823,Fox Corp,Fox Corporation,,,,,,,,,,,,,,,www.foxcorporation.com,https://disfold.com/company/fox-corporation/
23288,23288,11131,Empresas Hites SA,Empresas La Polar SA,,,,,,,,,,,,,,,https://disfold.com/company/empresas-hites-sa/,https://disfold.com/company/empresas-la-polar-sa/
23290,23290,8125,Helmerich & Payne Inc,HelpSystems Careers,,,,,,,,,,,,,,,www.helmerichpayne.com,www.helpsystems.com
23301,23301,12880,Audiosalus,Audiovalley SA,,,,,,,,,,,,,,,https://www.audiosalus.it/,https://disfold.com/company/audiovalley-sa/
23316,23316,6378,Arch Resources Inc,Archegos Capital Careers,,,,,,,,,,,,,,,www.archrsc.com,www.archegoscapital.com
23317,23317,18428,Hanwha Aerospace Co Ltd,Hanwha Corp,,,,,,,,,,,,,,,www.hanwhaaerospace.co.kr,english.hanwhacorp.co.kr
23329,23329,13762,think about IT,thinkout IT,,,,,,,,,,,,,,,https://www.think-about.it,https://www.think-about.it/
23331,23331,5758,Leggett & Platt Careers,Leggett & Platt Inc,,,,,,,,,,,,,,,www.leggett.com,leggett.com
23333,23333,4541,"Grupo Aeroportuario del Centro Norte, S.A.B. de C.V.","Grupo Aeroportuario del Pacífico, S.A.B. de C.V.",,,,,,,,,,,,,,,https://disfold.com/company/grupo-aeroportuario-del-centro-norte-sab-cv/,https://disfold.com/company/grupo-aeroportuario-del-pacifico-sab-cv/
23374,23374,12035,Brambles Limited,Brambles Ltd,,,,,,,,,,,,,,,https://disfold.com/company/brambles-limited/,www.brambles.com
23376,23376,10480,Nordic Iron Ore AB,Nordic Paper Holding AB,,,,,,,,,,,,,,,https://disfold.com/company ordic-iron-ore-ab/,https://disfold.com/company ordic-paper-holding-ab/
23392,23392,13451,Kumagai Gumi Co Ltd,"Kumagai Gumi Co.,Ltd.",,,,,,,,,,,,,,,www.kumagaigumi.co.jp,https://disfold.com/company/kumagai-gumi-coltd/
23400,23400,13155,International Paper Co,International Paper Company,,,,,,,,,,,,,,,www.internationalpaper.com,https://disfold.com/company/international-paper-company/
23403,23403,6305,Ching Lee Holdings Ltd,Chinney Kin Wing Holdings Ltd,,,,,,,,,,,,,,,https://disfold.com/company/ching-lee-holdings-ltd/,https://disfold.com/company/chinney-kin-wing-holdings-ltd/
23409,23409,20025,American Electric Power Careers,American Electric Power Co Inc,,,,,,,,,,,,,,,www.aep.com,www.aep.com
23422,23422,4279,Mashfrog Group,Mashreqbank PSC,,,,,,,,,,,,,,,https://www.mashfrog.com/,www.mashreqbank.com
23439,23439,20228,Nitto Denko Corp,Nitto Kogyo Corp,,,,,,,,,,,,,,,https://disfold.com/company itto-denko-corp/,https://disfold.com/company itto-kogyo-corp/
23454,23454,15508,Thai Packaging & Printing Public Company Ltd,Thai Plaspac Public Company Ltd,,,,,,,,,,,,,,,https://disfold.com/company/thai-packaging-printing-public-company-ltd/,https://disfold.com/company/thai-plaspac-public-company-ltd/
23460,23460,15194,Izmir Demir Çelik Sanayi Anonim Sirketi,Izmir Firça Sanayi ve Ticaret Anonim Sirketi,,,,,,,,,,,,,,,https://disfold.com/company/izmir-demir-celik-sanayi-anonim-sirketi/,https://disfold.com/company/izmir-firca-sanayi-ve-ticaret-anonim-sirketi/
23465,23465,18225,Ryder Careers,Ryder System Inc,,,,,,,,,,,,,,,www.ryder.com,ryder.com
23479,23479,16371,Calbee Inc,"Calbee, Inc.",,,,,,,,,,,,,,,www.calbee.co.jp,https://disfold.com/company/calbee-inc/
23480,23480,6107,Qopper Careers,Qorvo Inc,,,,,,,,,,,,,,,www.qopper.com,www.qorvo.com
23483,23483,9611,Exclaimer,Exclaimer Group,,,,,,,,,,,,,,,https://www.exclaimer.com,https://www.exclaimer.com/
23491,23491,8157,Matsmart,Matsmart in Scandinavia,,,,,,,,,,,,,,,https://www.matsmart.se/,https://www.matsmart.se/
23497,23497,21864,TransACT,TransAlta Corp,,,,,,,,,,,,,,,https://transact.co.jp/,www.transalta.com
23498,23498,16135,CGI Group Inc,CGI Inc.,,,,,,,,,,,,,,,www.cgi.com/en,https://disfold.com/company/cgi-inc/
23513,23513,20017,Lipidor AB,Lipigon Pharmaceuticals AB,,,,,,,,,,,,,,,https://disfold.com/company/lipidor-ab/,https://disfold.com/company/lipigon-pharmaceuticals-ab/
23516,23516,20333,Analog Devices Careers,Analog Devices Inc,,,,,,,,,,,,,,,www.analog.com,www.analog.com
23520,23520,10535,Nova Cartotecnica Roberto,Nova Cartotecnica Roberto.s,,,,,,,,,,,,,,,https://www.novacartotecnicaroberto.it,https://www.novacartotecnicaroberto.it/
23525,23525,15488,"Hong Kong Winalite Group, Inc.",Hong Lai Huat Group Ltd,,,,,,,,,,,,,,,https://disfold.com/company/hong-kong-winalite-group-inc/,https://disfold.com/company/hong-lai-huat-group-ltd/
23531,23531,23288,Empresas Gasco SA,Empresas Hites SA,,,,,,,,,,,,,,,https://disfold.com/company/empresas-gasco-sa/,https://disfold.com/company/empresas-hites-sa/
23532,23532,11616,IDS SA,IDSUD SA,,,,,,,,,,,,,,,https://disfold.com/company/ids-sa/,https://disfold.com/company/idsud-sa/
23533,23533,11519,"Acuity Brands, Inc.",AcuityAds Holdings Inc.,,,,,,,,,,,,,,,https://disfold.com/company/acuity-brands-inc/,https://disfold.com/company/acuityads-holdings-inc/
23542,23542,6585,Discoup.com,Discover Car Hire,,,,,,,,,,,,,,,https://www.discoup.com/,https://www.discovercars.com/
23544,23544,10013,Templeton Emerging Markets Fund,Templeton Emerging Markets Investment Trust TEMIT,,,,,,,,,,,,,,,https://disfold.com/company/templeton-emerging-markets-fund/,https://disfold.com/company/templeton-emerging-markets-investment-trust-temit/
23546,23546,20068,Oracle Corp Japan,Oracle Corporation Japan,,,,,,,,,,,,,,,https://disfold.com/company/oracle-corp-japan/,www.oracle.com/jp
23571,23571,5331,Altran Technologies SA,Altria Group Inc,,,,,,,,,,,,,,,www.altran.com/,www.altria.com
23582,23582,18856,eClerx Careers,eCloudvalley,,,,,,,,,,,,,,,www.eclerx.com,https://www.ecloudvalley.com/
23595,23595,18788,Humanas,Humanas Pflege,,,,,,,,,,,,,,,https://humanas.de,https://www.humanas.de
23596,23596,16043,China Shipbuilding Industry Company Ltd,China Shipbuilding Industry Group Power Co. Ltd,,,,,,,,,,,,,,,https://disfold.com/company/china-shipbuilding-industry-company-ltd/,https://disfold.com/company/china-shipbuilding-industry-group-power-co-ltd/
23604,23604,16087,Aferetica,Aferian Plc,,,,,,,,,,,,,,,https://www.aferetica.com,https://disfold.com/company/aferian-plc/
23608,23608,7065,Sweco AB,Swedbank AB,,,,,,,,,,,,,,,https://disfold.com/company/sweco-ab/,https://disfold.com/company/swedbank-ab/
23614,23614,2555,Panzura Careers,Papa John's International Inc,,,,,,,,,,,,,,,panzura.com,www.papajohns.com
23623,23623,5510,Baillie Gifford European Growth Trust plc,Baillie Gifford Japan Trust plc,,,,,,,,,,,,,,,https://disfold.com/company/baillie-gifford-european-growth-trust-plc/,https://disfold.com/company/baillie-gifford-japan-trust-plc/
23635,23635,11312,China Taiping Insurance Holdings Company Ltd,China Technology Industry Group Ltd,,,,,,,,,,,,,,,https://disfold.com/company/china-taiping-insurance-holdings-company-ltd/,https://disfold.com/company/china-technology-industry-group-ltd/
23646,23646,14551,Level Ex Careers,Lever Touch,,,,,,,,,,,,,,,www.levelex.com,https://www.levertouch.com
23647,23647,11984,Le Panier,Le Petit Vapoteur,,,,,,,,,,,,,,,https://www.lepanierbags.com/,https://www.lepetitvapoteur.com/
23654,23654,19507,Baillie Gifford Shin Nippon plc,Baillie Gifford UK Growth,,,,,,,,,,,,,,,https://disfold.com/company/baillie-gifford-shin-nippon-plc/,https://disfold.com/company/baillie-gifford-uk-growth/
23659,23659,73,Conglomerari Bituminosi,Conglomerati Bituminosi,,,,,,,,,,,,,,,https://www.conglomerati-bituminosi.it,https://www.conglomerati-bituminosi.it/
23691,23691,10837,BGI Genomics Co Ltd,BGI Genomics Co. Ltd,,,,,,,,,,,,,,,www.bgi.com,https://disfold.com/company/bgi-genomics-co-ltd/
23694,23694,4485,Chemcrux,Chemed Corp,,,,,,,,,,,,,,,http://www.chemcrux.com/,www.chemed.com
23715,23715,10131,Channel Micron Holdings Company Ltd,"Channel Well Technology Co.,Ltd.",,,,,,,,,,,,,,,https://disfold.com/company/channel-micron-holdings-company-ltd/,https://disfold.com/company/channel-well-technology-coltd/
23725,23725,12201,Sahamit Machinery Public Company Ltd,Sahamitr Pressure Container Public Company Ltd,,,,,,,,,,,,,,,https://disfold.com/company/sahamit-machinery-public-company-ltd/,https://disfold.com/company/sahamitr-pressure-container-public-company-ltd/
23729,23729,21102,Sistemas Informáticos de Negocio,Sistemas Informáticos de Negocio (SIDN),,,,,,,,,,,,,,,https://www.sidn.es,https://www.sidn.es/
23743,23743,9800,Asia Vital Components Co. Ltd,Asia-Pac Financial Investment Company Ltd,,,,,,,,,,,,,,,https://disfold.com/company/asia-vital-components-co-ltd/,https://disfold.com/company/asia-pac-financial-investment-company-ltd/
23758,23758,5736,Arquimea,Arquimea Group,,,,,,,,,,,,,,,https://www.arquimea.com/,https://www.arquimeagroup.com
23805,23805,20143,WorkFusion Careers,WorkReduce Careers,,,,,,,,,,,,,,,www.workfusion.com,workreduce.com
23840,23840,22857,CGG,CGG SA,,,,,,,,,,,,,,,https://disfold.com/company/cgg/,www.cgg.com
23844,23844,4971,Rackforest,Rackspace Technology Inc,,,,,,,,,,,,,,,https://rackforest.com,www.rackspace.com
23871,23871,17301,Keyence,Keyence Corp,,,,,,,,,,,,,,,https://disfold.com/company/keyence-corp/,www.keyence.co.jp
23882,23882,4554,Targa Resources Partners LP,Targa Telematics,,,,,,,,,,,,,,,www.targaresources.com,https://www.targatelematics.com
23888,23888,9870,Chesapeake Energy Corp,Chesapeake Gold Corp,,,,,,,,,,,,,,,https://disfold.com/company/chesapeake-energy-corp/,https://disfold.com/company/chesapeake-gold-corp/
23894,23894,6716,Cloud Technology Solutions,Cloud++,,,,,,,,,,,,,,,https://www.cloudsolutions.co.uk,https://www.cloudplusplus.nl
23895,23895,18650,ASML,ASML Holding NV,,,,,,,,,,,,,,,https://disfold.com/company/asml-holding-nv/,www.asml.com
23897,23897,14410,Just Eat**,Just Energy Group Inc,,,,,,,,,,,,,,,https://www.justeatplc.com/,www.justenergy.com
23900,23900,3799,PT Capital Financial Indonesia Tbk,PT Capitalinc Investment Tbk,,,,,,,,,,,,,,,https://disfold.com/company/pt-capital-financial-indonesia-tbk/,https://disfold.com/company/pt-capitalinc-investment-tbk/
23902,23902,14013,KISCO Corp,KITZ Corp,,,,,,,,,,,,,,,https://disfold.com/company/kisco-corp/,https://disfold.com/company/kitz-corp/
23908,23908,3227,Evergreen Marine Corp,Evergreen Marine Corp Taiwan Ltd,,,,,,,,,,,,,,,https://disfold.com/company/evergreen-marine-corp/,www.evergreen-marine.com
23920,23920,12142,BuyingPeers,Buyingpeers,,,,,,,,,,,,,,,https://www.buyingpeers.com/,https://www.buyingpeers.com
23933,23933,306,BIO-UV,BIO-UV Group SAS,,,,,,,,,,,,,,,https://www.bio-uv.com/,https://disfold.com/company/bio-uv-group-sas/
23946,23946,5002,Fountain Set (Holdings) Ltd,Fountaine Pajot SA,,,,,,,,,,,,,,,https://disfold.com/company/fountain-set-holdings-ltd/,https://disfold.com/company/fountaine-pajot-sa/
23949,23949,7932,Caisse Regionale de Credit Agricole Mutuel Alpes Provence,Caisse Regionale de Credit Agricole Mutuel Brie Picardie,,,,,,,,,,,,,,,https://disfold.com/company/caisse-regionale-de-credit-agricole-mutuel-alpes-provence/,https://disfold.com/company/caisse-regionale-de-credit-agricole-mutuel-brie-picardie/
23956,23956,1304,LinQuest Careers,Linamar Corp,,,,,,,,,,,,,,,www.linquest.com,www.linamar.com
23970,23970,14911,Xactly Careers,Xalient,,,,,,,,,,,,,,,www.xactlycorp.com,https://xalient.com/
23973,23973,522,ResMed Inc,ResMed Inc.,,,,,,,,,,,,,,,www.resmed.com,https://disfold.com/company/resmed-inc/
23977,23977,9890,Mercado Libre Careers,Mercado Libre Inc,,,,,,,,,,,,,,,www.mercadolibre.com.mx,www.mercadolibre.com
23978,23978,19129,Inwido AB,Inzile AB,,,,,,,,,,,,,,,https://disfold.com/company/inwido-ab/,https://disfold.com/company/inzile-ab/
23987,23987,8322,Toshiba Corp,Toshiba TEC Corp,,,,,,,,,,,,,,,https://disfold.com/company/toshiba-corp/,www.toshibatec.co.jp
24010,24010,7838,Intuit Inc,Intuitive Surgical Inc,,,,,,,,,,,,,,,www.intuit.com,www.intuitivesurgical.com
24020,24020,21596,Samart Corp Public Company Ltd,Samart Digital Public Company Ltd,,,,,,,,,,,,,,,https://disfold.com/company/samart-corp-public-company-ltd/,https://disfold.com/company/samart-digital-public-company-ltd/
24032,24032,12100,Tesco Careers,Tesco Plc,,,,,,,,,,,,,,,www.tescoplc.com,www.tescoplc.com
24040,24040,17265,RB Capital Renda I Fundo de Investimento Imobiliário - FII,RB Capital Renda II Fundo de Investimento Imobiliario - FII,,,,,,,,,,,,,,,https://disfold.com/company/rb-capital-renda-i-fundo-de-investimento-imobiliario-fii/,https://disfold.com/company/rb-capital-renda-ii-fundo-de-investimento-imobiliario-fii/
24049,24049,23953,Sciant,Science Applications International Corp,,,,,,,,,,,,,,,https://www.sciant.com,www.saic.com
24052,24052,5763,Western Dental & Orthodontics Careers,Western Digital Corp,,,,,,,,,,,,,,,westerndentalcareers.com,www.westerndigital.com
24059,24059,20947,Rengo Co Ltd,Rengo Co. Ltd,,,,,,,,,,,,,,,www.rengo.co.jp,https://disfold.com/company/rengo-co-ltd/
24069,24069,11762,Exceed (XCD) Holdings,Excella Careers,,,,,,,,,,,,,,,https://www.xcd.com/,www.excella.com
24072,24072,9839,SABIC Agri-Nutrients Co,SABIC Agri-Nutrients Company,,,,,,,,,,,,,,,www.sabic-agrinutrients.com,https://disfold.com/company/sabic-agri-nutrients-company/
24075,24075,4426,AGV Group Ltd,AGV Products Corp,,,,,,,,,,,,,,,https://disfold.com/company/agv-group-ltd/,https://disfold.com/company/agv-products-corp/
24080,24080,10680,High Volt Electrical,HighCo,,,,,,,,,,,,,,,http://www.highvolt.in/,https://disfold.com/company/highco/
24082,24082,5434,China Resources Land Ltd,China Resources Microelectronics Ltd,,,,,,,,,,,,,,,https://disfold.com/company/china-resources-land-ltd/,https://disfold.com/company/china-resources-microelectronics-ltd/
24084,24084,19670,Enova International Inc,Enovis Corp,,,,,,,,,,,,,,,www.enova.com,www.enovis.com
24087,24087,18997,Florence One,Florenradica,,,,,,,,,,,,,,,https://florence-one.it/,https://www.florenradica.it
24096,24096,226,Thai Oil Public Company Ltd,Thai Optical Group Public Company Ltd,,,,,,,,,,,,,,,https://disfold.com/company/thai-oil-public-company-ltd/,https://disfold.com/company/thai-optical-group-public-company-ltd/
24101,24101,19048,Exxon Mobil Corp,ExxonMobil,,,,,,,,,,,,,,,corporate.exxonmobil.com,https://disfold.com/company/exxon-mobil-corporation/
24118,24118,19291,Parlem Telecom,Parlem Telecom Companyia de Telecomunicacions,,,,,,,,,,,,,,,https://parlem.com/,https://www.parlem.com
24123,24123,5350,Accor SA,Accord Financial Corp.,,,,,,,,,,,,,,,https://disfold.com/company/accor-sa/,https://disfold.com/company/accord-financial-corp/
24131,24131,23928,PARC Careers,PARIS HERBES,,,,,,,,,,,,,,,parc.com,https://www.parisherbes.com/
24132,24132,3147,Clearway Energy Inc,"Clearway Energy, Inc.",,,,,,,,,,,,,,,investor.clearwayenergy.com,https://disfold.com/company/clearway-energy-inc/
24135,24135,5716,Rayonier Inc.,"Rayont, Inc.",,,,,,,,,,,,,,,https://disfold.com/company/rayonier-inc/,https://disfold.com/company/rayont-inc/
24149,24149,17464,Applause Careers,Apple,,,,,,,,,,,,,,,www.applause.com,https://disfold.com/company/apple-inc/
24151,24151,23934,CoreCivic Inc,CoreLogic Inc,,,,,,,,,,,,,,,www.corecivic.com,www.corelogic.com
24157,24157,15175,PT Bank China Construction Bank Indonesia Tbk,PT Bank Danamon Indonesia Tbk,,,,,,,,,,,,,,,https://disfold.com/company/pt-bank-china-construction-bank-indonesia-tbk/,https://disfold.com/company/pt-bank-danamon-indonesia-tbk/
24186,24186,17121,Samsung Card Co Ltd,Samsung Electro-Mechanics Co Ltd,,,,,,,,,,,,,,,www.samsungcard.com,www.samsungsem.com
24190,24190,2905,Clever Careers,"Clever Global, SA",,,,,,,,,,,,,,,clever.com,https://disfold.com/company/clever-global-sa/
24197,24197,12102,Gagu,Gaia,,,,,,,,,,,,,,,https://www.gagupersonal.com,https://www.gaia-glutenfree.com
24202,24202,15470,Supermetrics,Supermetrics Careers,,,,,,,,,,,,,,,https://supermetrics.com,supermetrics.com
24231,24231,11601,General Engineering Public Company Ltd,General Environmental Conservation Public Company Ltd,,,,,,,,,,,,,,,https://disfold.com/company/general-engineering-public-company-ltd/,https://disfold.com/company/general-environmental-conservation-public-company-ltd/
24236,24236,13099,Aquila,Aquila Energy Efficiency Trust Plc,,,,,,,,,,,,,,,https://disfold.com/company/aquila/,https://disfold.com/company/aquila-energy-efficiency-trust-plc/
24239,24239,4272,Aflac Careers,Aflac Inc,,,,,,,,,,,,,,,www.aflac.com,www.aflac.com
24243,24243,21800,Bangkok Bank Public Company Ltd,Bangkok Chain Hospital Public Company Ltd,,,,,,,,,,,,,,,https://disfold.com/company/bangkok-bank-public-company-ltd/,https://disfold.com/company/bangkok-chain-hospital-public-company-ltd/
24250,24250,12807,Audacia SAS,Audacy Inc,,,,,,,,,,,,,,,https://disfold.com/company/audacia-sas/,audacyinc.com
24254,24254,7286,National General Holdings Corp,National Grid Plc,,,,,,,,,,,,,,,nationalgeneral.com,www.nationalgrid.com
24260,24260,6315,Elite Technology JSC,Elitegroup Computer Systems Co Ltd,,,,,,,,,,,,,,,https://elite-jsc.com/,www.ecs.com.tw
24263,24263,8966,Speed Tech,Speed Tech Corp,,,,,,,,,,,,,,,https://www.speedtech.com.tw/,https://disfold.com/company/speed-tech-corp/
24266,24266,1016,AIRA Capital Public Company Ltd,AIRA Factoring Public Company Ltd,,,,,,,,,,,,,,,https://disfold.com/company/aira-capital-public-company-ltd/,https://disfold.com/company/aira-factoring-public-company-ltd/
24268,24268,8910,Ipsen SA,Ipsos SA,,,,,,,,,,,,,,,https://disfold.com/company/ipsen-sa/,https://disfold.com/company/ipsos-sa/
24294,24294,9728,Abdullah Al-Othaim Markets Company,Abdullah Saad Mohammed Abo Moati Stationaries Company,,,,,,,,,,,,,,,https://disfold.com/company/abdullah-al-othaim-markets-company/,https://disfold.com/company/abdullah-saad-mohammed-abo-moati-stationaries-company/
24302,24302,5198,Zendesk Inc,"Zendesk, Inc.",,,,,,,,,,,,,,,www.zendesk.com,https://disfold.com/company/zendesk-inc/
24324,24324,9566,GrubHub Inc,Grubhub Careers,,,,,,,,,,,,,,,www.grubhub.com,www.grubhub.com
24339,24339,6617,Ameriprise Financial Inc,"Ameriprise Financial, Inc.",,,,,,,,,,,,,,,www.ameriprise.com,https://disfold.com/company/ameriprise-financial-inc/
24351,24351,2075,STEBU,STEBU Gerüstbau,,,,,,,,,,,,,,,https://www.stebu-geruestbau.de/,https://www.stebu-geruestbau.de
24352,24352,6984,Church & Dwight Co Inc,"Church & Dwight Co., Inc.",,,,,,,,,,,,,,,churchdwight.com,https://disfold.com/company/church-dwight-co-inc/
24354,24354,6822,Northwave,Northwave Group,,,,,,,,,,,,,,,https://www.northwave-security.com/,https:/ orthwave-security.com
24363,24363,15063,Thai-German Products Public Company Ltd,Thaicom Public Company Ltd,,,,,,,,,,,,,,,https://disfold.com/company/thai-german-products-public-company-ltd/,https://disfold.com/company/thaicom-public-company-ltd/
24364,24364,4876,CharliDiscount.com,Charlotte Tilbury Beauty Careers,,,,,,,,,,,,,,,https://www.charlidiscount.com,www.charlottetilbury.com
24387,24387,15798,Equita Group S.p.A.,Equitable Group Inc.,,,,,,,,,,,,,,,https://disfold.com/company/equita-group-spa/,https://disfold.com/company/equitable-group-inc/
24409,24409,4356,Shen Yao Holdings Ltd,Shen You Holdings Ltd,,,,,,,,,,,,,,,https://disfold.com/company/shen-yao-holdings-ltd/,https://disfold.com/company/shen-you-holdings-ltd/
24410,24410,11170,Anadolu Anonim Türk Sigorta Sirketi,Anadolu Efes Biracilik ve Malt Sanayii Anonim Sirketi,,,,,,,,,,,,,,,https://disfold.com/company/anadolu-anonim-turk-sigorta-sirketi/,https://disfold.com/company/anadolu-efes-biracilik-ve-malt-sanayii-anonim-sirketi/
24411,24411,18193,Cshg Jhsf Prime Offices Fundo De Investimento Imobiliario,Cshg Logistica - Fundo De Investimento Imobiliario,,,,,,,,,,,,,,,https://disfold.com/company/cshg-jhsf-prime-offices-fundo-de-investimento-imobiliario/,https://disfold.com/company/cshg-logistica-fundo-de-investimento-imobiliario/
24413,24413,15207,mVISE,mVISE AG,,,,,,,,,,,,,,,https://www.mvise.de/,https://disfold.com/company/mvise-ag/
24424,24424,24118,Parkster,Parlem Telecom,,,,,,,,,,,,,,,https://www.parkster.com/se/,https://parlem.com/
24427,24427,9290,intuMIND,intumind,,,,,,,,,,,,,,,https://intumind.de,https://www.intumind.de/
24438,24438,10796,Amgen,Amgen Inc,,,,,,,,,,,,,,,https://disfold.com/company/amgen-inc/,www.amgen.com
24449,24449,19848,Chico's FAS Inc,Chicony Electronics Co Ltd,,,,,,,,,,,,,,,chicosfas.com,www.chicony.com.tw
24463,24463,20290,Pacific Century Premium Developments Ltd,Pacific Century Regional Developments Ltd,,,,,,,,,,,,,,,https://disfold.com/company/pacific-century-premium-developments-ltd/,https://disfold.com/company/pacific-century-regional-developments-ltd/
24468,24468,12808,Salesforce,Salesforce Inc,,,,,,,,,,,,,,,https://disfold.com/company/salesforcecom-inc/,www.salesforce.com
24479,24479,23099,Blackstone Inc,Blackstone Minerals Limited,,,,,,,,,,,,,,,www.blackstone.com,https://disfold.com/company/blackstone-minerals-limited/
24482,24482,21523,QBE Insurance Group Ltd,QBurst,,,,,,,,,,,,,,,www.qbe.com,https://www.qburst.com/
24490,24490,13444,Like More Italia,Likemore Italia,,,,,,,,,,,,,,,https://www.likemoreitalia.com,https://www.likemoreitalia.com/
24508,24508,24098,PT Sekar Bumi Tbk,PT Sekar Laut Tbk,,,,,,,,,,,,,,,https://disfold.com/company/pt-sekar-bumi-tbk/,https://disfold.com/company/pt-sekar-laut-tbk/
24509,24509,10610,Business Online Public Company Ltd,Business-intelligence of Oriental Nations Corp Ltd,,,,,,,,,,,,,,,https://disfold.com/company/business-online-public-company-ltd/,https://disfold.com/company/business-intelligence-of-oriental-nations-corp-ltd/
24525,24525,8070,MailUp,Mailchimp Careers,,,,,,,,,,,,,,,https://www.mailupgroup.com,www.mailchimp.com
24527,24527,8541,Brookfield Business Partners LP,Brookfield Corp,,,,,,,,,,,,,,,bbu.brookfield.com,www.brookfield.com
24537,24537,6606,PoTec,PoTec Vertriebs,,,,,,,,,,,,,,,https://www.autoteile-werkzeuge.de,https://www.autoteile-werkzeuge.de/
24549,24549,20225,Public Joint Stock Company Globaltruck Management,Public Joint Stock Company Group of Companies TNS energo,,,,,,,,,,,,,,,https://disfold.com/company/public-joint-stock-company-globaltruck-management/,https://disfold.com/company/public-joint-stock-company-group-of-companies-tns-energo/
24557,24557,15685,Nobia AB,Nobina AB,,,,,,,,,,,,,,,https://disfold.com/company obia-ab/,https://disfold.com/company obina-ab/
24576,24576,2615,Verifi Inc. Careers,Verily Careers,,,,,,,,,,,,,,,www.verifi.com,www.verily.com
24586,24586,11388,Laboratorio Di Analisi Veterinarie La Vallonea,Laboratorio La Vallonea,,,,,,,,,,,,,,,https://www.laboratoriolavallonea.net,https://www.laboratoriolavallonea.net
24599,24599,8490,Ashtead Group plc,Ashtrom Group Ltd,,,,,,,,,,,,,,,https://disfold.com/company/ashtead-group-plc/,https://disfold.com/company/ashtrom-group-ltd/
24610,24610,15856,Canoe EIT Income Fund,"Canon Electronics, Inc.",,,,,,,,,,,,,,,https://disfold.com/company/canoe-eit-income-fund/,https://disfold.com/company/canon-electronics-inc/
24611,24611,3350,Bangchak Corp Public Company Ltd,Bangchak Corporation PCL,,,,,,,,,,,,,,,https://disfold.com/company/bangchak-corp-public-company-ltd/,www.bangchak.co.th
24619,24619,9739,Kagome Co Ltd,Kagome Co. Ltd,,,,,,,,,,,,,,,www.kagome.co.jp,https://disfold.com/company/kagome-co-ltd/
24627,24627,7509,Sirenum,SirionLabs,,,,,,,,,,,,,,,https://www.sirenum.com,https://www.sirionlabs.com/
24629,24629,10771,Okuma Corporation,Okumura Corp,,,,,,,,,,,,,,,https://disfold.com/company/okuma-corporation/,https://disfold.com/company/okumura-corp/
24630,24630,9630,Park Systems,Park-Ohio Holdings Corp,,,,,,,,,,,,,,,https://www.parksystems.com/,pkoh.com
24638,24638,23239,Capital & Counties Properties plc,Capital & Regional plc,,,,,,,,,,,,,,,https://disfold.com/company/capital-counties-properties-plc/,https://disfold.com/company/capital-regional-plc/
24649,24649,4252,Argosy Property Ltd,"Argosy Research, Inc.",,,,,,,,,,,,,,,https://disfold.com/company/argosy-property-ltd/,https://disfold.com/company/argosy-research-inc/
24651,24651,23803,Borusan Mannesmann Boru Sanayi ve Ticaret A.S.,Borusan Yatirim ve Pazarlama A.S.,,,,,,,,,,,,,,,https://disfold.com/company/borusan-mannesmann-boru-sanayi-ve-ticaret-as/,https://disfold.com/company/borusan-yatirim-ve-pazarlama-as/
24672,24672,8363,Australian Clinical Labs Ltd,Australian Ethical Investment Ltd.,,,,,,,,,,,,,,,https://disfold.com/company/australian-clinical-labs-ltd/,https://disfold.com/company/australian-ethical-investment-ltd/
24695,24695,9633,Mia,Mia-Platform,,,,,,,,,,,,,,,https://www.mia-platform.eu/en/,https://www.mia-platform.eu
24697,24697,5494,The Saudi British Bank,The Saudi Investment Bank,,,,,,,,,,,,,,,https://disfold.com/company/the-saudi-british-bank/,https://disfold.com/company/the-saudi-investment-bank/
24712,24712,13125,ID Finance,ID Finance Investments,,,,,,,,,,,,,,,https://idfinance.com/es/,https://idfinance.com/
24713,24713,18382,Joveo Careers,Jovia Careers,,,,,,,,,,,,,,,www.joveo.com,www.joviafinancial.com
24716,24716,15007,Elan Corp,Elanco Animal Health Inc,,,,,,,,,,,,,,,https://disfold.com/company/elan-corp/,www.elanco.com
24744,24744,10690,Chewy Inc,"Chewy, Inc.",,,,,,,,,,,,,,,www.chewy.com,https://disfold.com/company/chewy-inc/
24746,24746,9927,Novavax Inc,"Novavax, Inc.",,,,,,,,,,,,,,,www.novavax.com,https://disfold.com/company ovavax-inc/
24752,24752,12241,Sammakorn Public Company Ltd,Samolet Group Public Joint Stock Company,,,,,,,,,,,,,,,https://disfold.com/company/sammakorn-public-company-ltd/,https://disfold.com/company/samolet-group-public-joint-stock-company/
24753,24753,19714,Chattermill,Chattermill Analytics,,,,,,,,,,,,,,,https://chattermill.com/,https://www.chattermill.com
24766,24766,11261,Superior Plus Corp,Superior Plus Corp.,,,,,,,,,,,,,,,www.superiorplus.com,https://disfold.com/company/superior-plus-corp/
24770,24770,2368,FioulReduc,Fioulreduc,,,,,,,,,,,,,,,https://www.fioulreduc.com/,https://www.fioulreduc.com
24780,24780,15623,Li Ning Co Ltd,Li Peng Enterprise Co. Ltd,,,,,,,,,,,,,,,https://disfold.com/company/li-ning-co-ltd/,https://disfold.com/company/li-peng-enterprise-co-ltd/
24787,24787,24500,Advanced Blockchain AG,Advanced Ceramic X Corp,,,,,,,,,,,,,,,https://disfold.com/company/advanced-blockchain-ag/,https://disfold.com/company/advanced-ceramic-x-corp/
24789,24789,19816,Pan Asia Metals Limited,Pan Asian Holdings Ltd,,,,,,,,,,,,,,,https://disfold.com/company/pan-asia-metals-limited/,https://disfold.com/company/pan-asian-holdings-ltd/
24793,24793,23051,Black Hills Solutions Careers,Black Knight Inc,,,,,,,,,,,,,,,blackhillssolutions.com,www.blackknightinc.com
24815,24815,19409,Toyobo Co Ltd,Toyobo Co. Ltd,,,,,,,,,,,,,,,www.toyobo.co.jp,https://disfold.com/company/toyobo-co-ltd/
24828,24828,9640,Schneider Financial Solutions,Schneider National Inc,,,,,,,,,,,,,,,http://www.schneiderfs.com/,schneider.com
24833,24833,19585,Augusta Ratio,Augustin Bau,,,,,,,,,,,,,,,https://www.augustaratio.com,https://www.augustinbau.com
24847,24847,20462,EnerSys,Enerbrain,,,,,,,,,,,,,,,www.enersys.com,https://www.enerbrain.com/
24856,24856,15500,Taiwan Mobile Co. Ltd,Taiwan Navigation Co. Ltd,,,,,,,,,,,,,,,https://disfold.com/company/taiwan-mobile-co-ltd/,https://disfold.com/company/taiwan-navigation-co-ltd/
24861,24861,305,Deutsche Lufthansa AG,Deutsche Pfandbriefbank AG,,,,,,,,,,,,,,,https://disfold.com/company/deutsche-lufthansa-ag/,https://disfold.com/company/deutsche-pfandbriefbank-ag/
24864,24864,16411,Anima Holding S.p.A.,Anima Holding SA,,,,,,,,,,,,,,,https://disfold.com/company/anima-holding-spa/,https://disfold.com/company/anima-holding-sa/
24884,24884,13019,Alkem Laboratories Ltd,Alkemilla Eco Bio Cosmetic,,,,,,,,,,,,,,,www.alkemlabs.com,https://www.alkemillacosmetici.it
24891,24891,15869,Thantawan Industry Public Company Ltd,Thanulux Public Company Ltd,,,,,,,,,,,,,,,https://disfold.com/company/thantawan-industry-public-company-ltd/,https://disfold.com/company/thanulux-public-company-ltd/
24918,24918,5392,ChaiKola,Chailease Holding Co Ltd,,,,,,,,,,,,,,,https://chaikola.com/,www.chaileaseholding.com
24924,24924,14895,Capital On Tap,Capital One Financial Corp,,,,,,,,,,,,,,,https://www.capitalontap.com,www.capitalone.com
24931,24931,6820,AT&T Careers,AT&T Inc,,,,,,,,,,,,,,,www.att.com,www.att.com
24949,24949,7118,PT Berlian Laju Tanker Tbk,PT Berlina Tbk,,,,,,,,,,,,,,,https://disfold.com/company/pt-berlian-laju-tanker-tbk/,https://disfold.com/company/pt-berlina-tbk/
24956,24956,14320,McMillan Shakespeare Limited,McPherson's Limited,,,,,,,,,,,,,,,https://disfold.com/company/mcmillan-shakespeare-limited/,https://disfold.com/company/mcphersons-limited/
24958,24958,5028,Banque Cantonale Vaudoise,Banque Cantonale de Genève SA,,,,,,,,,,,,,,,https://disfold.com/company/banque-cantonale-vaudoise/,https://disfold.com/company/banque-cantonale-de-geneve-sa/
24959,24959,3130,United Therapeutics Corporation,United Urban Investment Corp,,,,,,,,,,,,,,,https://disfold.com/company/united-therapeutics-corporation/,https://disfold.com/company/united-urban-investment-corp/
24968,24968,23891,Banpu Power Public Company Ltd,Banpu Public Company Ltd,,,,,,,,,,,,,,,https://disfold.com/company/banpu-power-public-company-ltd/,https://disfold.com/company/banpu-public-company-ltd/
24969,24969,20334,Deutsche Rohstoff AG,Deutsche Telekom AG,,,,,,,,,,,,,,,https://disfold.com/company/deutsche-rohstoff-ag/,https://disfold.com/company/deutsche-telekom-ag/
24992,24992,10577,DiaSorin SpA,"Diablochairs, Jan Nowak",,,,,,,,,,,,,,,www.diasorin.com,https://domator24.com/
24999,24999,11498,Cirrus Logic Inc,Cirruseo,,,,,,,,,,,,,,,www.cirrus.com,https://www.cirruseo.com
25010,25010,9272,Advanced Metallurgical Group NV,Advanced Micro Devices Inc,,,,,,,,,,,,,,,www.amg-nv.com,www.amd.com/en
25013,25013,11338,Megachem,Megachem Ltd,,,,,,,,,,,,,,,https://disfold.com/company/megachem/,https://disfold.com/company/megachem-ltd/
25014,25014,7420,Banco Mercantil do Brasil SA,Banco Modal SA,,,,,,,,,,,,,,,https://disfold.com/company/banco-mercantil-do-brasil-sa/,https://disfold.com/company/banco-modal-sa/
25020,25020,2335,Ameresco Inc,America Movil SAB DE CV,,,,,,,,,,,,,,,www.ameresco.com,www.americamovil.com/es
25031,25031,10843,Unisys Corp,Unit8,,,,,,,,,,,,,,,www.unisys.com,https://unit8.com/
25034,25034,18211,Adecco Group AG,Adeka Corp,,,,,,,,,,,,,,,https://disfold.com/company/adecco-group-ag/,https://disfold.com/company/adeka-corp/
25041,25041,17497,Daiwa House REIT Investment Corp,Daiwa Office Investment Corp,,,,,,,,,,,,,,,https://disfold.com/company/daiwa-house-reit-investment-corp/,https://disfold.com/company/daiwa-office-investment-corp/
25046,25046,12327,"Anthem, Inc.",Antherica,,,,,,,,,,,,,,,https://disfold.com/company/anthem-inc/,https://www.antherica.com
25051,25051,8176,Crocs Inc,Croda International Plc,,,,,,,,,,,,,,,www.crocs.com,www.croda.com/en-gb
25059,25059,17912,PT Indonesia Transport & Infrastructure Tbk,PT Indonesian Paradise Property Tbk,,,,,,,,,,,,,,,https://disfold.com/company/pt-indonesia-transport-infrastructure-tbk/,https://disfold.com/company/pt-indonesian-paradise-property-tbk/
25061,25061,13569,Public joint stock company FAR-EASTERN ENERGY COMPANY,Public joint stock company NPO Nauka,,,,,,,,,,,,,,,https://disfold.com/company/public-joint-stock-company-far-eastern-energy-company/,https://disfold.com/company/public-joint-stock-company-npo-nauka/
25064,25064,22744,Fonciere Paris Nord,Fonciere Volta SA,,,,,,,,,,,,,,,https://disfold.com/company/fonciere-paris-nord/,https://disfold.com/company/fonciere-volta-sa/
25066,25066,9236,Cornexim,Corning Inc,,,,,,,,,,,,,,,http://cornexim.com/en/,www.corning.com
25088,25088,19746,John Wood Group plc,Johns Lyng Group Limited,,,,,,,,,,,,,,,https://disfold.com/company/john-wood-group-plc/,https://disfold.com/company/johns-lyng-group-limited/
25093,25093,9685,Narwal Careers,Nasdaq Inc,,,,,,,,,,,,,,,www.narwalinc.com,www.nasdaq.com
25107,25107,22782,Kingsoft Corporation Ltd,Kingspan Group Plc,,,,,,,,,,,,,,,www.kingsoft.com,www.kingspan.com
25116,25116,6281,Public Joint Stock Company Mostotrest,Public Joint Stock Company Nauka-Telecom,,,,,,,,,,,,,,,https://disfold.com/company/public-joint-stock-company-mostotrest/,https://disfold.com/company/public-joint-stock-company-nauka-telecom/
25147,25147,13296,Watsco Inc,"Watsco, Inc.",,,,,,,,,,,,,,,www.watsco.com,https://disfold.com/company/watsco-inc/
25148,25148,20240,COSCO SHIPPING Holdings Co Ltd,COSCO SHIPPING International (Hong Kong) Co. Ltd,,,,,,,,,,,,,,,https://disfold.com/company/cosco-shipping-holdings-co-ltd/,https://disfold.com/company/cosco-shipping-international-hong-kong-co-ltd/
25160,25160,23506,Cegedim SA,Cegereal SA,,,,,,,,,,,,,,,https://disfold.com/company/cegedim-sa/,https://disfold.com/company/cegereal-sa/
25161,25161,874,Elecnor SA,Eleco plc,,,,,,,,,,,,,,,https://disfold.com/company/elecnor-sa/,https://disfold.com/company/eleco-plc/
25162,25162,769,Union of European Football Associations,UnionBank of the Philippines,,,,,,,,,,,,,,,www.uefa.com,www.unionbankph.com
25167,25167,8879,Seagull Pharma,Seal Aromas,,,,,,,,,,,,,,,http://seagullpharma.com/,https://www.sealaromas.com
25180,25180,7032,Amplifon SpA,Amplio Automatika,,,,,,,,,,,,,,,www.amplifon.com,https://www.amplio.hu
25197,25197,13927,The Procter & Gamble Co,The Progressive Corp,,,,,,,,,,,,,,,pg.com,www.progressive.com
25202,25202,17909,Great Wall Enterprise Co. Ltd,Great Wall Motor Co Ltd,,,,,,,,,,,,,,,https://disfold.com/company/great-wall-enterprise-co-ltd/,https://disfold.com/company/great-wall-motor-co-ltd/
25212,25212,12476,Mitsui Fudosan Co Ltd,Mitsui Fudosan Co. Ltd,,,,,,,,,,,,,,,www.mitsuifudosan.co.jp,https://disfold.com/company/mitsui-fudosan-co-ltd/
25219,25219,2257,HLA Group Corp Ltd,HLJ Technology,,,,,,,,,,,,,,,www.hla.com,http://www.hlj.com.tw/
25225,25225,4173,"Alpen Co.,Ltd.",Alpenite,,,,,,,,,,,,,,,https://disfold.com/company/alpen-coltd/,https://www.alpenite.com
25244,25244,5769,"Schnitzer Steel Industries, Inc.",Scholastic Careers,,,,,,,,,,,,,,,www.schnitzersteel.com,www.scholastic.com
25248,25248,22990,COUTEAUJAPONAIS.COM,COYO,,,,,,,,,,,,,,,https://www.couteaujaponais.com/,https://www.coyoapp.com
25251,25251,13704,PT Link Net Tbk,PT Lion Metal Works Tbk,,,,,,,,,,,,,,,https://disfold.com/company/pt-link-net-tbk/,https://disfold.com/company/pt-lion-metal-works-tbk/
25257,25257,1205,Cummins Careers,Cummins Inc,,,,,,,,,,,,,,,www.cummins.com,www.cummins.com
25258,25258,867,Expert System S.p.A.,Expert Systems Holdings Ltd,,,,,,,,,,,,,,,https://disfold.com/company/expert-system-spa/,https://disfold.com/company/expert-systems-holdings-ltd/
25260,25260,5399,Atrys Health,Atrys Health SA,,,,,,,,,,,,,,,https://www.atryshealth.com/es,https://disfold.com/company/atrys-health-sa/
25266,25266,5649,Fabryka Farb i Lakierów Sniezka SA,Fabryki Mebli FORTE SA,,,,,,,,,,,,,,,https://disfold.com/company/fabryka-farb-i-lakierow-sniezka-sa/,https://disfold.com/company/fabryki-mebli-forte-sa/
25282,25282,13940,meta4log,metacrew group,,,,,,,,,,,,,,,https://www.meta4log.de/,https://www.metacrew.de
25283,25283,8991,Dividend 15 Split Corp.,Dividend 15 Split Corp. II,,,,,,,,,,,,,,,https://disfold.com/company/dividend-15-split-corp/,https://disfold.com/company/dividend-15-split-corp-ii/
25298,25298,17795,Farmacosmo,Farmarelax,,,,,,,,,,,,,,,https://www.farmacosmo.it,https://www.farmarelax.it/
25307,25307,5501,Brembo S.p.A.,Brembo SpA,,,,,,,,,,,,,,,https://disfold.com/company/brembo-spa/,www.brembo.com
25325,25325,25193,Humana Careers,Humana Inc,,,,,,,,,,,,,,,www.humana.com,www.humana.com
25328,25328,1192,Vidooly,Vidrala SA,,,,,,,,,,,,,,,https://www.vidooly.com/,www.vidrala.com
25336,25336,976,Podium Careers,Podium Engineering,,,,,,,,,,,,,,,www.podium.com,https://www.podium-tech.com
25339,25339,23678,CompuLab Ltd,Compuage Infocom Ltd,,,,,,,,,,,,,,,https://disfold.com/company/compulab-ltd/,https://disfold.com/company/compuage-infocom-ltd/
25340,25340,17233,Feiniko,Feiniko Handelsgesellschaft,,,,,,,,,,,,,,,https://www.feiniko.de,https://www.feiniko.de/
25345,25345,4982,Toppan Forms Co Ltd,Toppan Forms Co. Ltd,,,,,,,,,,,,,,,www.toppan-f.co.jp,https://disfold.com/company/toppan-forms-co-ltd/
25349,25349,12274,Everfi Careers,Everflow,,,,,,,,,,,,,,,www.everfi.com,https://www.everflowwater.com/
25357,25357,2050,Wheely Holdings,Whip Media Group Careers,,,,,,,,,,,,,,,https://www.wheely.com,www.whipmedia.com
25361,25361,9432,Alconix Corp,"Alcor Micro,Corp",,,,,,,,,,,,,,,www.alconix.com,https://disfold.com/company/alcor-microcorp/
25364,25364,11091,Frasers Property,Frasers Property Limited,,,,,,,,,,,,,,,https://disfold.com/company/frasers-property/,www.frasersproperty.com
25369,25369,9294,Advantest,Advantest Corp,,,,,,,,,,,,,,,https://www.advantest.com/,https://disfold.com/company/advantest-corp/
25378,25378,1906,Tetra Consulting & Engineering,Tetra Laval International SA,,,,,,,,,,,,,,,https://www.tetrace.com,www.tetralaval.com
25382,25382,18399,PT Bank Maybank Indonesia Tbk,PT Bank Mega Tbk,,,,,,,,,,,,,,,https://disfold.com/company/pt-bank-maybank-indonesia-tbk/,https://disfold.com/company/pt-bank-mega-tbk/
25393,25393,18007,SIKSIN,SILBON Clásico,,,,,,,,,,,,,,,https://corp.siksinhot.com/,https://www.silbonshop.com
25404,25404,12510,Pitchup.com,Pitney Bowes Inc,,,,,,,,,,,,,,,https://www.pitchup.com/,www.pitneybowes.com/us
25419,25419,6759,China Digital Culture,China Dili Group,,,,,,,,,,,,,,,https://disfold.com/company/china-digital-culture/,https://disfold.com/company/china-dili-group/
25425,25425,14069,Markel Careers,Markel Corp,,,,,,,,,,,,,,,www.markel.com,www.markel.com
25435,25435,20745,Clarivate Plc,Clarke Inc.,,,,,,,,,,,,,,,clarivate.com,https://disfold.com/company/clarke-inc/
25436,25436,21077,Ecopol,Ecoslops,,,,,,,,,,,,,,,https://www.ecopol.com,https://www.ecoslops.com/
25440,25440,12340,"Bank of Guiyang Co.,Ltd.",Bank of Guizhou Co. Ltd,,,,,,,,,,,,,,,https://disfold.com/company/bank-of-guiyang-coltd/,https://disfold.com/company/bank-of-guizhou-co-ltd/
25441,25441,21035,"Sonar, SonarQube, SonarCloud, SonarLint",Sonarworks,,,,,,,,,,,,,,,https://www.sonarsource.com/,https://sonarworks.com/
25444,25444,2667,Shanghai Pharmaceuticals Holding Co. Ltd,Shanghai Phichem Material Co. Ltd,,,,,,,,,,,,,,,https://disfold.com/company/shanghai-pharmaceuticals-holding-co-ltd/,https://disfold.com/company/shanghai-phichem-material-co-ltd/
25448,25448,2146,Apache Corporation,Apache Software Foundation Careers,,,,,,,,,,,,,,,https://disfold.com/company/apache-corporation/,www.apache.org
25451,25451,9596,Beijing Wandong Medical Technology Co. Ltd,Beijing Wantai Biological Pharmacy Enterprise Co. Ltd,,,,,,,,,,,,,,,https://disfold.com/company/beijing-wandong-medical-technology-co-ltd/,https://disfold.com/company/beijing-wantai-biological-pharmacy-enterprise-co-ltd/
25473,25473,14570,Nabla Cosmetics,Nabors Industries Ltd,,,,,,,,,,,,,,,https://www.nablacosmetics.com/,www.nabors.com
25481,25481,13814,Doctor Hail,Doctor Hail (Dottor Grandine),,,,,,,,,,,,,,,https://www.dottorgrandine.com,https://www.dottorgrandine.com
25492,25492,12838,China Railway Construction Corp Ltd,China Railway Group Ltd,,,,,,,,,,,,,,,https://disfold.com/company/china-railway-construction-corp-ltd/,https://disfold.com/company/china-railway-group-ltd/
25493,25493,17243,Elkem ASA,Ellaktor SA,,,,,,,,,,,,,,,www.elkem.com,ellaktor.com
25509,25509,15334,The Hain Celestial Group Inc,The Hanover Insurance Group Inc,,,,,,,,,,,,,,,www.hain.com,www.hanover.com
25522,25522,6067,Wincanton Plc,Wincanton plc,,,,,,,,,,,,,,,www.wincanton.co.uk,https://disfold.com/company/wincanton-plc/
25530,25530,18658,PT Asia Pacific Fibers Tbk,PT Asia Pacific Investama Tbk,,,,,,,,,,,,,,,https://disfold.com/company/pt-asia-pacific-fibers-tbk/,https://disfold.com/company/pt-asia-pacific-investama-tbk/
25535,25535,4185,Companhia de Saneamento de Minas Gerais,Companhia de Saneamento do Parana - SANEPAR,,,,,,,,,,,,,,,https://disfold.com/company/companhia-de-saneamento-de-minas-gerais/,https://disfold.com/company/companhia-de-saneamento-do-parana-sanepar/
25546,25546,25286,China State Construction International Holdings Ltd,China Steel Corp,,,,,,,,,,,,,,,www.csci.com.hk,www.csc.com.tw
934,934,534,Computacenter plc,Compugen Ltd.,,,,,,,,,,,,,,,https://disfold.com/company/computacenter-plc/,https://disfold.com/company/compugen-ltd/
1385,1385,318,Beijing Enterprises Water Group Ltd,Beijing Enterprises Urban Resources Group Ltd,,,,,,,,,,,,,,,https://disfold.com/company/beijing-enterprises-water-group-ltd/,https://disfold.com/company/beijing-enterprises-urban-resources-group-ltd/
1502,1502,580,Top Spring International Holdings Ltd,Top Shelf International Holdings Ltd,,,,,,,,,,,,,,,https://disfold.com/company/top-spring-international-holdings-ltd/,https://disfold.com/company/top-shelf-international-holdings-ltd/
2016,2016,1206,Mitsubishi Logisnext Co. Ltd,Mitsubishi Logisnext Co Ltd,,,,,,,,,,,,,,,https://disfold.com/company/mitsubishi-logisnext-co-ltd/,www.logisnext.com
2053,2053,808,CloudKaptan,CloudCall,,,,,,,,,,,,,,,https://cloudkaptan.com/,https://www.cloudcall.com
2304,2304,1354,"Saia, Inc.",Saia Inc,,,,,,,,,,,,,,,https://disfold.com/company/saia-inc/,www.saia.com
2332,2332,1657,Megaworld,Megasecur.Europe,,,,,,,,,,,,,,,https://www.megaworldcorp.com/,https://www.megasecureurope.com
2372,2372,1823,China South City Holdings Ltd,China Smartpay Group Holdings Ltd,,,,,,,,,,,,,,,https://disfold.com/company/china-south-city-holdings-ltd/,https://disfold.com/company/china-smartpay-group-holdings-ltd/
2517,2517,9,PitchBook Data Careers,Piscor,,,,,,,,,,,,,,,www.pitchbook.com,https://www.piscor.com/
2680,2680,567,Bank of Ireland Group Plc,Bank of India,,,,,,,,,,,,,,,www.bankofireland.com,www.bankofindia.co.in
2862,2862,1746,Tenso Floor,Tennessee Valley Authority,,,,,,,,,,,,,,,https://www.teknachemgroup.com,www.tva.com
3140,3140,503,"Corpovael, S.A.B. de C.V.","Corporativo GBM, S.A.B. de C.V.",,,,,,,,,,,,,,,https://disfold.com/company/corpovael-sab-de-cv/,https://disfold.com/company/corporativo-gbm-sab-de-cv/
3158,3158,2898,Medios AG,Medios,,,,,,,,,,,,,,,https://disfold.com/company/medios-ag/,https://medios.ag
3178,3178,1330,ServiceMaster Careers,ServiceChannel Careers,,,,,,,,,,,,,,,www.servicemaster.com,www.servicechannel.com
3207,3207,1850,Freeport-McMoRan Inc,Freepik Company,,,,,,,,,,,,,,,www.fcx.com,https://www.freepik.com/
3367,3367,722,US Foods Careers,US Ecology Inc,,,,,,,,,,,,,,,www.usfoods.com,www.usecology.com
3404,3404,3019,Party City Holdco Inc,Partnology Careers,,,,,,,,,,,,,,,www.partycity.com,www.partnology.com
3542,3542,644,American Pacific Borates Limited,"American Oil & Gas, Inc.",,,,,,,,,,,,,,,https://disfold.com/company/american-pacific-borates-limited/,https://disfold.com/company/american-oil-gas-inc/
3566,3566,2432,Lucky Cement Ltd,Lucky Cement Corp,,,,,,,,,,,,,,,www.lucky-cement.com,https://disfold.com/company/lucky-cement-corp/
3765,3765,3555,3C S.r.l.,3C,,,,,,,,,,,,,,,https://www.3csrl.com,https://www.3csrl.com/
3773,3773,3623,Koh Brothers Group Ltd,Koh Brothers Eco Engineering Ltd,,,,,,,,,,,,,,,https://disfold.com/company/koh-brothers-group-ltd/,https://disfold.com/company/koh-brothers-eco-engineering-ltd/
3850,3850,1881,Enertronica Santerno S.p.A.,Enertime SA,,,,,,,,,,,,,,,https://disfold.com/company/enertronica-santerno-spa/,https://disfold.com/company/enertime-sa/
3885,3885,1553,Australian Vintage Ltd,Australian Vanadium Limited,,,,,,,,,,,,,,,https://disfold.com/company/australian-vintage-ltd/,https://disfold.com/company/australian-vanadium-limited/
3895,3895,1774,China Gem Holdings Ltd,China Gas Holdings Ltd,,,,,,,,,,,,,,,https://disfold.com/company/china-gem-holdings-ltd/,https://disfold.com/company/china-gas-holdings-ltd/
3899,3899,2361,Sumitomo Chemical Company Ltd,Sumitomo Chemical Co Ltd,,,,,,,,,,,,,,,https://disfold.com/company/sumitomo-chemical-company-ltd/,www.sumitomo-chem.co.jp
3917,3917,1050,Citadelo,Citadel Careers,,,,,,,,,,,,,,,https://citadelo.com/en/,www.citadelgroup.com
3929,3929,1961,Headlam Group plc,HeadHunter Group PLC,,,,,,,,,,,,,,,https://disfold.com/company/headlam-group-plc/,https://disfold.com/company/headhunter-group-plc/
4115,4115,2672,Société Industrielle et Financière de l'Artois SA,Société Hôtelière et Immobilière de Nice SA,,,,,,,,,,,,,,,https://disfold.com/company/societe-industrielle-et-financiere-de-lartois-sa/,https://disfold.com/company/societe-hoteliere-et-immobiliere-de-nice-sa/
4207,4207,458,Bausch Health Companies Inc.,Bausch Health Companies Inc,,,,,,,,,,,,,,,https://disfold.com/company/bausch-health-companies-inc/,www.bauschhealth.com
4258,4258,119,Performance Food Group Co,Perfect World Co Ltd,,,,,,,,,,,,,,,www.pfgc.com,www.pwrd.com
4306,4306,926,Kanazawa Jitsugyou,Kanarys Careers,,,,,,,,,,,,,,,https://www.kanazawajitsugyou.com/,kanarys.com
4307,4307,1741,Wawel SA,Wavestone SA,,,,,,,,,,,,,,,https://disfold.com/company/wawel-sa/,https://disfold.com/company/wavestone-sa/
4353,4353,1900,Alpha Lithium Corp,Alpha HPA Limited,,,,,,,,,,,,,,,https://disfold.com/company/alpha-lithium-corp/,https://disfold.com/company/alpha-hpa-limited/
4422,4422,2331,T.M.C. Industrial Public Company Ltd,T.Krungthai Industries Public Company Ltd,,,,,,,,,,,,,,,https://disfold.com/company/tmc-industrial-public-company-ltd/,https://disfold.com/company/tkrungthai-industries-public-company-ltd/
4438,4438,49,Thai Nakarin Hospital Public Company Ltd,Thai Mui Corp Public Company Ltd,,,,,,,,,,,,,,,https://disfold.com/company/thai-nakarin-hospital-public-company-ltd/,https://disfold.com/company/thai-mui-corp-public-company-ltd/
4466,4466,1299,Sierra Wireless Careers,Sierra Paper,,,,,,,,,,,,,,,www.sierrawireless.com,http://sierrapaper.com/
4478,4478,901,Xcel Energy Inc,Xcede Recruitment,,,,,,,,,,,,,,,www.xcelenergy.com,https://www.xcede.com/
4563,4563,2068,Albemarle Corporation,Albemarle Corp,,,,,,,,,,,,,,,https://disfold.com/company/albemarle-corporation/,www.albemarle.com
4575,4575,4554,Target Circle,Targa Telematics,,,,,,,,,,,,,,,https://www.targetcircle.com,https://www.targatelematics.com
4584,4584,2204,Deliveroo,Deliv Careers,,,,,,,,,,,,,,,https://deliveroo.co.uk,www.deliv.co
4629,4629,3569,Funding Societies,Funding Options,,,,,,,,,,,,,,,https://fundingsocieties.com/,https://www.fundingoptions.com
4633,4633,1842,Theraclion SA,TheraVet SA,,,,,,,,,,,,,,,https://disfold.com/company/theraclion-sa/,https://disfold.com/company/theravet-sa/
4675,4675,3453,Esso S.A.F.,Esso,,,,,,,,,,,,,,,https://disfold.com/company/esso-saf/,https://disfold.com/company/esso/
4769,4769,3981,NOK Corp,NOF Corp,,,,,,,,,,,,,,,https://disfold.com/company ok-corp/,https://disfold.com/company of-corp/
4781,4781,745,Apollo Sindoori Hotels Ltd,Apollo Power Ltd,,,,,,,,,,,,,,,https://disfold.com/company/apollo-sindoori-hotels-ltd/,https://disfold.com/company/apollo-power-ltd/
4822,4822,4797,Banca Profilo S.p.A.,Banca Popolare di Sondrio S.C.p.A.,,,,,,,,,,,,,,,https://disfold.com/company/banca-profilo-spa/,https://disfold.com/company/banca-popolare-di-sondrio-scpa/
4846,4846,2654,ScaleHub,Scale Focus,,,,,,,,,,,,,,,https://www.scalehub.com,https://www.scalefocus.com
4930,4930,4616,American Express,American Equity Investment Life Holding Company,,,,,,,,,,,,,,,https://disfold.com/company/american-express-company/,www.american-equity.com
4989,4989,3305,Celyad SA,Celyad Oncology SA,,,,,,,,,,,,,,,https://disfold.com/company/celyad-sa/,https://disfold.com/company/celyad-oncology-sa/
4997,4997,2064,Castro Model Ltd,Castor & Pollux,,,,,,,,,,,,,,,https://disfold.com/company/castro-model-ltd/,https://www.castoretpollux.com
5003,5003,395,Babylon Health Careers,Babylino Sensitive,,,,,,,,,,,,,,,www.babylonhealth.com,https://www.babylinoshop.com/
5031,5031,3447,Boldtek Holdings Ltd,Boldt SA,,,,,,,,,,,,,,,https://disfold.com/company/boldtek-holdings-ltd/,https://disfold.com/company/boldt-sa/
5055,5055,1749,Nippon Paint Holdings Co. Ltd,Nippon Paint Holdings Co Ltd,,,,,,,,,,,,,,,https://disfold.com/company ippon-paint-holdings-co-ltd/,www.nipponpaint-holdings.com
5122,5122,4905,Weller Media Agency (WMA),Weller Media Agency,,,,,,,,,,,,,,,https://www.wma.agency/,https://wma.agency
5276,5276,1813,Weyerhaeuser Company,Weyerhaeuser Co,,,,,,,,,,,,,,,https://disfold.com/company/weyerhaeuser-company/,www.weyerhaeuser.com
5280,5280,4323,Loxley Public Company Ltd,Lowland Investment Company plc,,,,,,,,,,,,,,,https://disfold.com/company/loxley-public-company-ltd/,https://disfold.com/company/lowland-investment-company-plc/
5288,5288,5073,China Youzan Ltd,China Youran Dairy Group Ltd,,,,,,,,,,,,,,,https://disfold.com/company/china-youzan-ltd/,https://disfold.com/company/china-youran-dairy-group-ltd/
5349,5349,2745,CentralNic Group plc,CentralNic Group,,,,,,,,,,,,,,,https://disfold.com/company/centralnic-group-plc/,https://www.centralnic.com/
5356,5356,2645,Anteco Systems,Antec,,,,,,,,,,,,,,,https://www.anytech365.com,https://www.antec.com/
5476,5476,3915,"Grupo Industrial Saltillo, S.A.B. de C.V.","Grupo Hotelero Santa Fe, S.A.B. de C.V.",,,,,,,,,,,,,,,https://disfold.com/company/grupo-industrial-saltillo-sab-de-cv/,https://disfold.com/company/grupo-hotelero-santa-fe-sab-de-cv/
5483,5483,1477,KKR & Co. Inc.,KKR & Co Inc,,,,,,,,,,,,,,,https://disfold.com/company/kkr-co-inc/,ir.kkr.com
5562,5562,291,Publix Super Markets Inc,Publift,,,,,,,,,,,,,,,www.publix.com,https://www.publift.com/
5587,5587,4613,IS Prime,IS Clean Air Italia,,,,,,,,,,,,,,,https://www.isprimefx.com/,https://www.iscleanair.com/
5633,5633,4924,ESI S.p.A.,ESI Group,,,,,,,,,,,,,,,https://disfold.com/company/esi-spa/,https://disfold.com/company/esi-group/
5642,5642,850,Capital Gearing Trust plc,Capital Futures Corp,,,,,,,,,,,,,,,https://disfold.com/company/capital-gearing-trust-plc/,https://disfold.com/company/capital-futures-corp/
5724,5724,2621,"Cellnex Telecom, SA",Cellnex Telecom SA,,,,,,,,,,,,,,,https://disfold.com/company/cellnex-telecom-sa/,www.cellnextelecom.com
5789,5789,4095,Catena AB,Catella AB,,,,,,,,,,,,,,,https://disfold.com/company/catena-ab/,https://disfold.com/company/catella-ab/
5818,5818,1350,Wabel,Wabash National Corporation,,,,,,,,,,,,,,,https://www.wabel.com,onewabash.com
5844,5844,2340,Unifa,Unieuro SPA,,,,,,,,,,,,,,,https://unifa-e.com/,unieurospa.com
5963,5963,5712,OKG Technology Holdings Ltd,OIO Holdings Ltd,,,,,,,,,,,,,,,https://disfold.com/company/okg-technology-holdings-ltd/,https://disfold.com/company/oio-holdings-ltd/
5988,5988,5691,CapitaLand China Trust,Capita plc,,,,,,,,,,,,,,,https://disfold.com/company/capitaland-china-trust/,https://disfold.com/company/capita-plc/
6061,6061,5906,TOCALO Co. Ltd,TOC Co. Ltd,,,,,,,,,,,,,,,https://disfold.com/company/tocalo-co-ltd/,https://disfold.com/company/toc-co-ltd/
6066,6066,790,Southern Cross Media Group Limited,Southern Cross Electrical Engineering Limited,,,,,,,,,,,,,,,https://disfold.com/company/southern-cross-media-group-limited/,https://disfold.com/company/southern-cross-electrical-engineering-limited/
6239,6239,5999,Investment AB Oresund,Investment AB Latour,,,,,,,,,,,,,,,https://disfold.com/company/investment-ab-oresund/,https://disfold.com/company/investment-ab-latour/
6258,6258,3010,"Huntington Bancshares, Inc.",Huntington Bancshares Incorporated,,,,,,,,,,,,,,,https://disfold.com/company/huntington-bancshares-inc/,https://disfold.com/company/huntington-bancshares-incorporated/
6489,6489,4859,Aperam SA,Apeloa Pharmaceutical Co Ltd,,,,,,,,,,,,,,,www.aperam.com,www.apeloa.com
6495,6495,2180,Australian Potash Limited,Australian Pharmaceutical Industries Limited,,,,,,,,,,,,,,,https://disfold.com/company/australian-potash-limited/,https://disfold.com/company/australian-pharmaceutical-industries-limited/
6502,6502,2040,Picodi.com,PicoCela,,,,,,,,,,,,,,,https://www.picodi.com/,https://www.picocela.com/
6515,6515,3472,Chip Hope Co. Ltd,Chip Eng Seng Corp Ltd,,,,,,,,,,,,,,,https://disfold.com/company/chip-hope-co-ltd/,https://disfold.com/company/chip-eng-seng-corp-ltd/
6517,6517,5564,Pirelli & C SpA,Pirelli,,,,,,,,,,,,,,,www.pirelli.com,https://disfold.com/company/pirelli-c-spa/
6533,6533,1000,Advanced Wireless Semiconductor Company,Advanced Systems Automation Ltd,,,,,,,,,,,,,,,https://disfold.com/company/advanced-wireless-semiconductor-company/,https://disfold.com/company/advanced-systems-automation-ltd/
6613,6613,3964,Citizen Watch Co. Ltd,Citizen Watch Co Ltd,,,,,,,,,,,,,,,https://disfold.com/company/citizen-watch-co-ltd/,www.citizen.co.jp
6618,6618,2348,Siemens Energy AG,Siemens Energy,,,,,,,,,,,,,,,www.siemens-energy.com,https://disfold.com/company/siemens-energy-ag/
6684,6684,3980,Spreedly Careers,Spotify Technology SA,,,,,,,,,,,,,,,spreedly.com,www.spotify.com
6686,6686,2999,Qburst,Qatar National Bank,,,,,,,,,,,,,,,https://www.qburst.com/,www.qnb.com
6696,6696,2743,Cheniere Energy Partners LP,Cheniere Energy Inc,,,,,,,,,,,,,,,cqpir.cheniere.com,www.cheniere.com
6738,6738,4700,Swappie,Swapfiets,,,,,,,,,,,,,,,https://swappie.com/,https://www.swapfiets.com
6748,6748,5614,Innovatec S.p.A.,Innovasoft,,,,,,,,,,,,,,,https://disfold.com/company/innovatec-spa/,https://www.innovasoftspa.it/
6749,6749,6622,Ratchaphruek Hospital Public Company Ltd,Ratch Group Public Company Ltd,,,,,,,,,,,,,,,https://disfold.com/company/ratchaphruek-hospital-public-company-ltd/,https://disfold.com/company/ratch-group-public-company-ltd/
6783,6783,1072,Taiwan Fertilizer Co. Ltd,Taiwan FamilyMart Co. Ltd,,,,,,,,,,,,,,,https://disfold.com/company/taiwan-fertilizer-co-ltd/,https://disfold.com/company/taiwan-familymart-co-ltd/
6814,6814,1786,Automotive Properties Real Estate Investment Trust,Automotive Broker Services,,,,,,,,,,,,,,,https://disfold.com/company/automotive-properties-reit/,https://www.automotivebrokerservices.it/
6819,6819,5602,Americanas SA,American Woodmark Corp,,,,,,,,,,,,,,,www.americanas.com.br,americanwoodmark.com
6918,6918,243,Amcor Plc,Amcon Distributing Co,,,,,,,,,,,,,,,www.amcor.com,www.amcon.com
6922,6922,3954,AEON Financial Service Co Ltd,AEON Co Ltd,,,,,,,,,,,,,,,www.aeonfinancial.co.jp,www.aeon.info
6939,6939,5652,PT Delta Dunia Makmur Tbk,PT Delta Djakarta Tbk,,,,,,,,,,,,,,,https://disfold.com/company/pt-delta-dunia-makmur-tbk/,https://disfold.com/company/pt-delta-djakarta-tbk/
6979,6979,4205,Cerner Corporation,Cerner Corp,,,,,,,,,,,,,,,https://disfold.com/company/cerner-corporation/,www.cerner.com
7056,7056,492,Mativ Holdings Inc,Matillion,,,,,,,,,,,,,,,www.swmintl.com,https://www.matillion.com/
7098,7098,5079,TietoEVRY Oyj,TietoEVRY Corp,,,,,,,,,,,,,,,https://disfold.com/company/tietoevry-oyj/,www.tietoevry.com
7106,7106,2154,Tutor2you,Tutor2You,,,,,,,,,,,,,,,https://tutor2you.com.au/,https://tutor2you.com.au/
7107,7107,2628,Poongsan Corp,Pool Corporation,,,,,,,,,,,,,,,https://disfold.com/company/poongsan-corp/,https://disfold.com/company/pool-corporation/
7169,7169,1919,Global Brands Manufacture Ltd,Global Brands Group Holding Ltd,,,,,,,,,,,,,,,https://disfold.com/company/global-brands-manufacture-ltd/,https://disfold.com/company/global-brands-group-holding-ltd/
7197,7197,2295,Radico Khaitan Ltd,Radico Khaitan,,,,,,,,,,,,,,,www.radicokhaitan.com,https://www.radicokhaitan.com/
7202,7202,3900,ADNP GmbH,ADNP,,,,,,,,,,,,,,,https://www.adnp.de,https://www.adnp.de/
7263,7263,6392,Northern 3 VCT PLC,Northern 2 VCT PLC,,,,,,,,,,,,,,,https://disfold.com/company orthern-3-vct-plc/,https://disfold.com/company orthern-2-vct-plc/
7280,7280,3544,AltaGas Ltd.,AltaGas Ltd,,,,,,,,,,,,,,,https://disfold.com/company/altagas-ltd/,www.altagas.ca
7340,7340,1082,Cadence Design Systems Inc,Cadence Design Systems Careers,,,,,,,,,,,,,,,www.cadence.com,www.cadence.com
7414,7414,1329,Texas Pacific Land Corporation,Texas Pacific Land Corp,,,,,,,,,,,,,,,https://disfold.com/company/texas-pacific-land-corporation/,https://disfold.com/company/texas-pacific-land-corp/
7427,7427,917,Supremex Inc.,Supreme Plc,,,,,,,,,,,,,,,https://disfold.com/company/supremex-inc/,https://disfold.com/company/supreme-plc/
7460,7460,2093,United States Steel Corp,United States Cellular Corp,,,,,,,,,,,,,,,www.ussteel.com,www.uscellular.com
7476,7476,5822,Red Hat Inc,Red Hat Careers,,,,,,,,,,,,,,,www.redhat.com,www.redhat.com
7524,7524,1044,JCK International Public Company Ltd,JCK Hospitality Public Company Ltd,,,,,,,,,,,,,,,https://disfold.com/company/jck-international-public-company-ltd/,https://disfold.com/company/jck-hospitality-public-company-ltd/
7553,7553,5392,Chailease Holding Company Ltd,Chailease Holding Co Ltd,,,,,,,,,,,,,,,https://disfold.com/company/chailease-holding-company-ltd/,www.chaileaseholding.com
7670,7670,578,Carrier Global Corp,Carrier Careers,,,,,,,,,,,,,,,www.carrier.com,www.carrier.com
7672,7672,2354,Agripower France SA,Agripower France,,,,,,,,,,,,,,,https://disfold.com/company/agripower-france-sa/,https://www.weltec-agripower.com
7703,7703,1856,"Avantor, Inc.",Avantor Inc,,,,,,,,,,,,,,,https://disfold.com/company/avantor-inc/,www.avantorsciences.com
7916,7916,7786,San Miguel Food and Beverage Inc,San Miguel Corp,,,,,,,,,,,,,,,www.sanmiguelfoods.com,www.sanmiguel.com.ph
7923,7923,3814,Agriconomie,Agricollibio,,,,,,,,,,,,,,,https://www.agriconomie.com/,https://www.agricolli.bio
7950,7950,6736,Hivery,HiveMQ,,,,,,,,,,,,,,,https://www.hivery.com/,https://www.hivemq.com/
7988,7988,3272,Christmas the Original,Christiani & Nielsen,,,,,,,,,,,,,,,https://christmastheoriginal.it/,https://disfold.com/company/christiani-nielsen/
7992,7992,1119,Clear Capital Careers,Clear C2 Careers,,,,,,,,,,,,,,,www.clearcapital.com,www.clearc2.com
7994,7994,323,GROUPE SGP,GROUPE QUINTÉSENS,,,,,,,,,,,,,,,https://www.groupesgp.fr/,https://www.groupe-quintesens.fr/
8017,8017,2232,"Yamato Holdings Co., Ltd.",Yamato Holdings Co Ltd,,,,,,,,,,,,,,,https://disfold.com/company/yamato-holdings-co-ltd/,www.yamato-hd.co.jp
8064,8064,5173,Eaton Vance Corp.,Eaton Vance Corp,,,,,,,,,,,,,,,https://disfold.com/company/eaton-vance-corp/,www.eatonvance.com/
8106,8106,3322,evobeam,eversai Careers,,,,,,,,,,,,,,,https://www.evobeam.com,www.eversai.com
8127,8127,1452,Aedes SIIQ S.p.A.,"Aedas Homes, SA",,,,,,,,,,,,,,,https://disfold.com/company/aedes-siiq-spa/,https://disfold.com/company/aedas-homes-sa/
8133,8133,7623,Acron PJSC,Acron,,,,,,,,,,,,,,,https://disfold.com/company/acron-pjsc/,www.acron.ru
8138,8138,271,Asteelflash Careers,Astech Food Machinery,,,,,,,,,,,,,,,www.asteelflash.com,https://www.astech.es
8143,8143,2289,Textron Inc.,Textron Inc,,,,,,,,,,,,,,,https://disfold.com/company/textron-inc/,www.textron.com
8196,8196,3300,"Atresmedia Corporación de Medios de Comunicación, SA",Atresmedia Corporacion de Medios de Comunicacion SA,,,,,,,,,,,,,,,https://disfold.com/company/atresmedia-corporacion-de-medios-de-comunicacion-sa/,www.atresmedia.com
8286,8286,8070,Mailgun Technologies Careers,Mailchimp Careers,,,,,,,,,,,,,,,www.mailgun.com,www.mailchimp.com
8302,8302,1431,Walsin Technology Corp,Walsin Lihwa Corp,,,,,,,,,,,,,,,https://disfold.com/company/walsin-technology-corp/,https://disfold.com/company/walsin-lihwa-corp/
8346,8346,6618,Siemens Gamesa Renewable Energy SA,Siemens Energy AG,,,,,,,,,,,,,,,www.siemensgamesa.com/es-es,www.siemens-energy.com
8362,8362,1037,"Autodesk, Inc.",Autodesk Inc,,,,,,,,,,,,,,,https://disfold.com/company/autodesk-inc/,www.autodesk.com
8393,8393,238,Beijing Vantone Real Estate Co. Ltd,Beijing Urban Construction Investment & Development Co. Ltd,,,,,,,,,,,,,,,https://disfold.com/company/beijing-vantone-real-estate-co-ltd/,https://disfold.com/company/beijing-urban-construction-investment-development-co-ltd/
8406,8406,923,Özerden Plastik Sanayi ve Ticaret A.S.,Çimsa Çimento Sanayi ve Ticaret A.S.,,,,,,,,,,,,,,,https://disfold.com/company/ozerden-plastik-sanayi-ve-ticaret-as/,https://disfold.com/company/cimsa-cimento-sanayi-ve-ticaret-as/
8440,8440,2646,Saksiam Leasing Public Company Ltd,Sakol Energy Public Company Ltd,,,,,,,,,,,,,,,https://disfold.com/company/saksiam-leasing-public-company-ltd/,https://disfold.com/company/sakol-energy-public-company-ltd/
8519,8519,433,Kloeckner & Co SE,Klockner & Co SE,,,,,,,,,,,,,,,https://disfold.com/company/kloeckner-co-se/,www.kloeckner.com
8533,8533,2305,DBT SA,DBT,,,,,,,,,,,,,,,https://disfold.com/company/dbt-sa/,https://www.dbt.se/
8625,8625,8571,Strandline Resources Limited,Straker Translations Limited,,,,,,,,,,,,,,,https://disfold.com/company/strandline-resources-limited/,https://disfold.com/company/straker-translations-limited/
8679,8679,7610,TorMec Ambrosi,Tor.Mec Ambrosi,,,,,,,,,,,,,,,https://www.tormec.com/,https://www.tormec.com
8696,8696,6482,Divido Financial Services,Divido,,,,,,,,,,,,,,,https://www.divido.com,https://www.divido.com/
8719,8719,430,Mueller Water Products Inc,Mueller Industries Inc,,,,,,,,,,,,,,,www.muellerwaterproducts.com,www.muellerindustries.com
8740,8740,3336,RELX plc,RELX Group plc,,,,,,,,,,,,,,,https://disfold.com/company/relx-plc/,www.relx.com
8741,8741,6216,Ve.Ma.,Ve. Ma. Soc. Coop. Di Servizi,,,,,,,,,,,,,,,Not found,Not found
8748,8748,234,Union Pioneer Public Company Ltd,Union Petrochemical Public Company Ltd,,,,,,,,,,,,,,,https://disfold.com/company/union-pioneer-public-company-ltd/,https://disfold.com/company/union-petrochemical-public-company-ltd/
8749,8749,8557,Applied DB Public Company Ltd,Applicad Public Company Ltd,,,,,,,,,,,,,,,https://disfold.com/company/applied-db-public-company-ltd/,https://disfold.com/company/applicad-public-company-ltd/
8767,8767,7205,"InspireMD, Inc.","Inspire Medical Systems, Inc.",,,,,,,,,,,,,,,https://disfold.com/company/inspiremd-inc/,https://disfold.com/company/inspire-medical-systems-inc/
8781,8781,7318,DeNA Co. Ltd,DeNA Co Ltd,,,,,,,,,,,,,,,https://disfold.com/company/dena-co-ltd/,https://dena.com/intl/
8787,8787,2935,Banco Pine SA,Banco Patagonia SA,,,,,,,,,,,,,,,https://disfold.com/company/banco-pine-sa/,https://disfold.com/company/banco-patagonia-sa/
8915,8915,2688,Fujian Anjoy Foods Co. Ltd,Fujian Anjoy Foods Co Ltd,,,,,,,,,,,,,,,https://disfold.com/company/fujian-anjoy-foods-co-ltd/,www.anjoyfood.com
8971,8971,2661,Archos SA,Architectus,,,,,,,,,,,,,,,https://disfold.com/company/archos-sa/,https://architectus.com.au/
8992,8992,3509,We Can Do HR,We Are Pentagon Group,,,,,,,,,,,,,,,https://www.wecandohr.com/,https://wearepentagon.com
9048,9048,118,Antofagasta plc,Antofagasta Plc,,,,,,,,,,,,,,,https://disfold.com/company/antofagasta-plc/,www.antofagasta.co.uk
9087,9087,6539,Aura Investments Ltd,Aura Energy Limited,,,,,,,,,,,,,,,https://disfold.com/company/aura-investments-ltd/,https://disfold.com/company/aura-energy-limited/
9094,9094,1916,Yieh United Steel Corp,Yieh Phui Enterprise Co. Ltd,,,,,,,,,,,,,,,https://disfold.com/company/yieh-united-steel-corp/,https://disfold.com/company/yieh-phui-enterprise-co-ltd/
9097,9097,6287,Aurora Energy Research,Aurora Corp,,,,,,,,,,,,,,,https://auroraer.com/,https://disfold.com/company/aurora-corp/
9105,9105,3941,ExlService Holdings Inc,Exide Industries Ltd,,,,,,,,,,,,,,,www.exlservice.com,www.exideindustries.com
9122,9122,6698,HeidelbergCement AG,Heidelberg Pharma AG,,,,,,,,,,,,,,,https://disfold.com/company/heidelbergcement-ag/,https://disfold.com/company/heidelberg-pharma-ag/
9124,9124,4278,Akzo Nobel NV,Akzo Nobel N.V.,,,,,,,,,,,,,,,www.akzonobel.com,https://disfold.com/company/akzo-nobel-nv/
9170,9170,5356,Anteco Systems (AnyTech365),Anteco Systems,,,,,,,,,,,,,,,https://anytech365.com/,https://www.anytech365.com
9181,9181,6912,KVS Premier,KURUMI Real Estate,,,,,,,,,,,,,,,http://kvspremier.com/,http://kurumifd.com/
9220,9220,4104,Manolete Partners,Mannai Corp,,,,,,,,,,,,,,,https://www.manolete-partners.com,mannai.com
9247,9247,78,OMV Petrom SA,OMV AG,,,,,,,,,,,,,,,www.omvpetrom.com,www.omv.com
9277,9277,7930,John Wood Group Plc,"John Wiley & Sons, Inc.",,,,,,,,,,,,,,,www.woodplc.com,www.wiley.com
9280,9280,3799,PT Capitol Nusantara Indonesia Tbk,PT Capitalinc Investment Tbk,,,,,,,,,,,,,,,https://disfold.com/company/pt-capitol-nusantara-indonesia-tbk/,https://disfold.com/company/pt-capitalinc-investment-tbk/
9305,9305,7562,"Sekisui House Reit, Inc.",Sekisui House Ltd,,,,,,,,,,,,,,,https://disfold.com/company/sekisui-house-reit-inc/,https://disfold.com/company/sekisui-house-ltd/
9307,9307,100,Navico Careers,Naver Corp,,,,,,,,,,,,,,,navico.com,www.navercorp.com
9389,9389,6145,Blackmores Limited,Blackline Safety Corp,,,,,,,,,,,,,,,https://disfold.com/company/blackmores-limited/,https://disfold.com/company/blackline-safety-corp/
9395,9395,3359,TV Thunder Public Company Ltd,TV Direct Public Company Ltd,,,,,,,,,,,,,,,https://disfold.com/company/tv-thunder-public-company-ltd/,https://disfold.com/company/tv-direct-public-company-ltd/
9406,9406,2849,Assitech,Assiteca S.p.A.,,,,,,,,,,,,,,,https://www.assi.tech,https://disfold.com/company/assiteca-spa/
9472,9472,4089,Anhui Conch Cement Company Ltd,Anhui Anke Biotechnology,,,,,,,,,,,,,,,https://disfold.com/company/anhui-conch-cement-company-ltd/,https://disfold.com/company/anhui-anke-biotechnology/
9479,9479,4766,Advanced Energy Industries Inc,"Advanced Drainage Systems, Inc.",,,,,,,,,,,,,,,www.advancedenergy.com,https://disfold.com/company/advanced-drainage-systems-inc/
9515,9515,7791,Alliance Healthcare Group Ltd,Alliance Global Group Inc,,,,,,,,,,,,,,,https://disfold.com/company/alliance-healthcare-group-ltd/,www.allianceglobalinc.com
9519,9519,9135,Logispot,Logisan,,,,,,,,,,,,,,,https://www.logi-spot.com/,https://www.logisan.com
9530,9530,5867,China Public Procurement Ltd,China Properties Group Ltd,,,,,,,,,,,,,,,https://disfold.com/company/china-public-procurement-ltd/,https://disfold.com/company/china-properties-group-ltd/
9546,9546,6975,Golden Resorts Group Ltd,Golden Power Group Holdings Ltd,,,,,,,,,,,,,,,https://disfold.com/company/golden-resorts-group-ltd/,https://disfold.com/company/golden-power-group-holdings-ltd/
9547,9547,2427,Sabre Corp,Sabor a España,,,,,,,,,,,,,,,investors.sabre.com,https://www.sabor-espana.com
9551,9551,4971,RadNet Inc,Rackspace Technology Inc,,,,,,,,,,,,,,,www.radnet.com,www.rackspace.com
9553,9553,7172,Winsome Yarns Ltd,Winpak Ltd.,,,,,,,,,,,,,,,https://disfold.com/company/winsome-yarns-ltd/,https://disfold.com/company/winpak-ltd/
9554,9554,4042,"Asahi Holdings, Inc.",Asahi Group Holdings Ltd,,,,,,,,,,,,,,,https://disfold.com/company/asahi-holdings-inc/,https://disfold.com/company/asahi-group-holdings-ltd/
9580,9580,2773,Delfingen Industry,Delfi Ltd,,,,,,,,,,,,,,,https://disfold.com/company/delfingen-industry/,https://disfold.com/company/delfi-ltd/
9585,9585,9018,Aristotle Careers,Aristocrat Leisure Ltd,,,,,,,,,,,,,,,www.aristotle.com,www.aristocrat.com
9601,9601,3491,Traktech Construccions Mecàniques,Traktech Construccions Mecaniques,,,,,,,,,,,,,,,https://www.traktechsl.com/,https://www.traktechsl.com
9604,9604,939,China Molybdenum Co Ltd,China Mobile Ltd,,,,,,,,,,,,,,,https://disfold.com/company/china-molybdenum-co-ltd/,www.chinamobileltd.com
9642,9642,5750,European Metals Holdings Limited,European Lithium Limited,,,,,,,,,,,,,,,https://disfold.com/company/european-metals-holdings-limited/,https://disfold.com/company/european-lithium-limited/
9654,9654,4425,"Public Joint Stock Company ""Sakhalinenergo""","Public Joint Stock Company ""Rollman Group""",,,,,,,,,,,,,,,https://disfold.com/company/public-joint-stock-company-sakhalinenergo/,https://disfold.com/company/public-joint-stock-company-rollman-group/
9656,9656,2047,Centrica plc,Centrica Plc,,,,,,,,,,,,,,,https://disfold.com/company/centrica-plc/,www.centrica.com
9660,9660,3178,ServiceNow Inc,ServiceMaster Careers,,,,,,,,,,,,,,,www.servicenow.com,www.servicemaster.com
9673,9673,3367,US Foods Holding Corp,US Foods Careers,,,,,,,,,,,,,,,www.usfoods.com,www.usfoods.com
9707,9707,7250,"Littelfuse, Inc.",Littelfuse Inc,,,,,,,,,,,,,,,https://disfold.com/company/littelfuse-inc/,www.littelfuse.com
9711,9711,9574,Takeuchi Mfg. Co. Ltd,Takeuchi Mfg. Co Ltd,,,,,,,,,,,,,,,https://disfold.com/company/takeuchi-mfg-co-ltd/,www.takeuchi-mfg.co.jp
9717,9717,2706,"Grupo Posadas, S.A.B. de C.V.","Grupo Pochteca, S.A.B. de C.V.",,,,,,,,,,,,,,,https://disfold.com/company/grupo-posadas-sab-de-cv/,https://disfold.com/company/grupo-pochteca-sab-de-cv/
9722,9722,1817,SavorEat Ltd,Savor Ltd,,,,,,,,,,,,,,,https://disfold.com/company/savoreat-ltd/,https://disfold.com/company/savor-ltd/
9733,9733,7319,Ball Corporation,Ball Corp,,,,,,,,,,,,,,,https://disfold.com/company/ball-corporation/,www.ball.com
9744,9744,4633,Theradiag SA,Theraclion SA,,,,,,,,,,,,,,,https://disfold.com/company/theradiag-sa/,https://disfold.com/company/theraclion-sa/
9752,9752,660,Glencore Plc,Glencar Construction,,,,,,,,,,,,,,,www.glencore.com,https://glencar.com
9778,9778,6345,Foxconn Technology Co Ltd,Foxconn Interconnect Technology Ltd,,,,,,,,,,,,,,,www.foxconntech.com.tw,www.fit-foxconn.com
9779,9779,1734,Reliance Industries Ltd,Reliance Industries Careers,,,,,,,,,,,,,,,www.ril.com,www.ril.com
9845,9845,8209,GTN Limited,GTN Industries Ltd,,,,,,,,,,,,,,,https://disfold.com/company/gtn-limited/,https://disfold.com/company/gtn-industries-ltd/
9869,9869,7753,YPF SA,YOU MAWO,,,,,,,,,,,,,,,www.ypf.com,https://www.youmawo.com
9884,9884,3357,Quidel Corp,Quid Careers,,,,,,,,,,,,,,,www.quidel.com,www.quid.com
9899,9899,6320,PT Duta Pertiwi Nusantara Tbk,PT Duta Intidaya Tbk,,,,,,,,,,,,,,,https://disfold.com/company/pt-duta-pertiwi-nusantara-tbk/,https://disfold.com/company/pt-duta-intidaya-tbk/
9911,9911,7324,Planetel S.p.A.,PlanetMedia SA,,,,,,,,,,,,,,,https://disfold.com/company/planetel-spa/,https://disfold.com/company/planetmedia-sa/
9934,9934,3128,Frasers Hospitality Trust,Frasers Group plc,,,,,,,,,,,,,,,https://disfold.com/company/frasers-hospitality-trust/,https://disfold.com/company/frasers-group-plc/
9976,9976,9549,Best IT,Best Friend Technology Co. Ltd,,,,,,,,,,,,,,,https://www.bestit-online.de,https://disfold.com/company/best-friend-technology-co-ltd/
9991,9991,1195,"CBRE Group, Inc.",CBRE Group Inc,,,,,,,,,,,,,,,https://disfold.com/company/cbre-group-inc/,www.cbre.us
10044,10044,1210,Actic Group AB,Actia Group,,,,,,,,,,,,,,,https://disfold.com/company/actic-group-ab/,https://disfold.com/company/actia-group/
10062,10062,5172,"AutoZone, Inc.",AutoZone Inc,,,,,,,,,,,,,,,https://disfold.com/company/autozone-inc/,www.autozone.com
10071,10071,4781,Apollo Tourism & Leisure Ltd,Apollo Sindoori Hotels Ltd,,,,,,,,,,,,,,,https://disfold.com/company/apollo-tourism-leisure-ltd/,https://disfold.com/company/apollo-sindoori-hotels-ltd/
10174,10174,3183,Mitsubishi Motors Corporation,Mitsubishi Motors Corp,,,,,,,,,,,,,,,www.mitsubishi-motors.com,https://disfold.com/company/mitsubishi-motors-corp/
10183,10183,1189,GC Corp,GC Biopharma Corp,,,,,,,,,,,,,,,www.greencross.com,www.greencross.com
10216,10216,5997,Sun Life Financial Inc,Sun Life Financial Careers,,,,,,,,,,,,,,,www.sunlife.ca,www.sunlife.com
10297,10297,8229,Lasertec Corp,Lasertec,,,,,,,,,,,,,,,https://disfold.com/company/lasertec-corp/,https://www.lasertec.co.jp/
10311,10311,7,Aberforth Split Level Income Trust plc,Aberforth Smaller Companies Trust plc,,,,,,,,,,,,,,,https://disfold.com/company/aberforth-split-level-income-trust-plc/,https://disfold.com/company/aberforth-smaller-companies-trust-plc/
10339,10339,4539,Asia Orient Holdings Ltd,"Asia Optical Co., Inc.",,,,,,,,,,,,,,,https://disfold.com/company/asia-orient-holdings-ltd/,https://disfold.com/company/asia-optical-co-inc/
10352,10352,9344,Britvic plc,Britvic Plc,,,,,,,,,,,,,,,https://disfold.com/company/britvic-plc/,www.britvic.com
10382,10382,1202,tecRacer Consulting*,tecRacer Consulting,,,,,,,,,,,,,,,https://www.tecracer.de/,https://www.tecracer.de
10392,10392,294,Amazon Web Services Inc,Amazon,,,,,,,,,,,,,,,www.aws.amazon.com,https://disfold.com/company/amazoncom-inc/
10398,10398,5555,Nanjing Xinjiekou Department Store Co. Ltd,Nanjing Securities Co. Ltd,,,,,,,,,,,,,,,https://disfold.com/company anjing-xinjiekou-department-store-co-ltd/,https://disfold.com/company anjing-securities-co-ltd/
10451,10451,10441,Autoliv Inc,Autohome Inc.,,,,,,,,,,,,,,,www.autoliv.com,https://disfold.com/company/autohome-inc/
10474,10474,9131,Hyper Recruitment Solutions,Hyper Anna,,,,,,,,,,,,,,,https://www.hyperec.com/,https://www.hyperanna.com/
10481,10481,2824,"Ebro Foods, SA",Ebro Foods SA,,,,,,,,,,,,,,,https://disfold.com/company/ebro-foods-sa/,www.ebrofoods.es
10534,10534,8232,GEK TERNA Group of Companies,GEDANKENtanken,,,,,,,,,,,,,,,www.gekterna.com,https://www.gedankentanken.com
10539,10539,1190,Innovative Systems Careers,Innovative Solutions,,,,,,,,,,,,,,,www.innovativesys.com,https://www.innovative-solutions.co.jp/
10572,10572,7899,Beijing Urban Construction Design & Development Group Co Ltd,"Beijing United Information Technology Co.,Ltd.",,,,,,,,,,,,,,,https://disfold.com/company/beijing-urban-construction-design-development-group-co-ltd/,https://disfold.com/company/beijing-united-information-technology-coltd/
10578,10578,3542,American Pacific Mining Corp,American Pacific Borates Limited,,,,,,,,,,,,,,,https://disfold.com/company/american-pacific-mining-corp/,https://disfold.com/company/american-pacific-borates-limited/
10581,10581,7634,Caisse Regionale de Credit Agricole Mutuel d'Ille-et-Vilaine,Caisse Regionale de Credit Agricole Mutuel Nord de France,,,,,,,,,,,,,,,https://disfold.com/company/caisse-regionale-de-credit-agricole-mutuel-dille-et-vilaine/,https://disfold.com/company/caisse-regionale-de-credit-agricole-mutuel-nord-de-france/
10603,10603,5213,SAS AG3i,SAS AB,,,,,,,,,,,,,,,https://disfold.com/company/sas-ag3i/,https://disfold.com/company/sas-ab/
10616,10616,3235,Abiomed Inc,Abiomed Careers,,,,,,,,,,,,,,,www.abiomed.com,www.abiomed.com
10633,10633,3587,Chongqing Gas Group Corp Ltd,"Chongqing Department Store Co.,Ltd.",,,,,,,,,,,,,,,https://disfold.com/company/chongqing-gas-group-corp-ltd/,https://disfold.com/company/chongqing-department-store-coltd/
10641,10641,7959,Aalberts N.V.,Aalberts Industries NV,,,,,,,,,,,,,,,https://disfold.com/company/aalberts-nv/,aalberts.com
10645,10645,7967,Ashland Inc,Ashland Global Holdings Inc.,,,,,,,,,,,,,,,www.ashland.com,https://disfold.com/company/ashland-global-holdings-inc/
10662,10662,734,CAE Inc.,CAE Inc,,,,,,,,,,,,,,,https://disfold.com/company/cae-inc/,www.cae.com
10664,10664,2746,"Aberdeen Australia Equity Fund, Inc.",Aberdeen Asian Income Fund Limited,,,,,,,,,,,,,,,https://disfold.com/company/aberdeen-australia-equity-fund-inc/,https://disfold.com/company/aberdeen-asian-income-fund-limited/
10667,10667,3885,Australis Oil & Gas Limited,Australian Vintage Ltd,,,,,,,,,,,,,,,https://disfold.com/company/australis-oil-gas-limited/,https://disfold.com/company/australian-vintage-ltd/
10669,10669,2402,PT Asuransi Tugu Pratama Indonesia Tbk,PT Asuransi Ramayana Tbk,,,,,,,,,,,,,,,https://disfold.com/company/pt-asuransi-tugu-pratama-indonesia-tbk/,https://disfold.com/company/pt-asuransi-ramayana-tbk/
10711,10711,8423,SES SA,SEPALE,,,,,,,,,,,,,,,www.ses.com,https://sepale.com/
10748,10748,8512,Bangkok Land Public Company Ltd,Bangkok Insurance Public Company Ltd,,,,,,,,,,,,,,,https://disfold.com/company/bangkok-land-public-company-ltd/,https://disfold.com/company/bangkok-insurance-public-company-ltd/
10790,10790,3810,Snowflake Inc.,Snowflake Inc,,,,,,,,,,,,,,,https://disfold.com/company/snowflake-inc/,www.snowflake.com
10807,10807,1186,Timah Resources Limited,Tilt Renewables Limited,,,,,,,,,,,,,,,https://disfold.com/company/timah-resources-limited/,https://disfold.com/company/tilt-renewables-limited/
10816,10816,7242,Public Joint Stock Company Magnitogorsk Iron & Steel Works,Public Joint Stock Company Magnit,,,,,,,,,,,,,,,https://disfold.com/company/public-joint-stock-company-magnitogorsk-iron-steel-works/,https://disfold.com/company/public-joint-stock-company-magnit/
10849,10849,7475,Biosynex SA,"Biosyent, Inc.",,,,,,,,,,,,,,,https://disfold.com/company/biosynex-sa/,https://disfold.com/company/biosyent-inc/
10893,10893,6214,Deepki,Deeper,,,,,,,,,,,,,,,https://www.deepki.com,https://www.deepersonar.com
10904,10904,5128,Brixmor Property Group Inc.,Brixmor Property Group Inc,,,,,,,,,,,,,,,https://disfold.com/company/brixmor-property-group-inc/,www.brixmor.com
10930,10930,10288,Edison S.p.A.,Edison International,,,,,,,,,,,,,,,https://disfold.com/company/edison-spa/,https://disfold.com/company/edison-international/
10962,10962,9139,Burçelik Vana Sanayi ve Ticaret A.S.,Burçelik Bursa Çelik Döküm Sanayii A.S.,,,,,,,,,,,,,,,https://disfold.com/company/burcelik-vana-sanayi-ve-ticaret-as/,https://disfold.com/company/burcelik-bursa-celik-dokum-sanayii-as/
11221,11221,8811,PT Bank Harda Internasional Tbk,PT Bank Ganesha Tbk,,,,,,,,,,,,,,,https://disfold.com/company/pt-bank-harda-internasional-tbk/,https://disfold.com/company/pt-bank-ganesha-tbk/
11287,11287,7569,Beijing Tongrentang Co. Ltd,Beijing Tong Ren Tang Chinese Medicine Co Ltd,,,,,,,,,,,,,,,https://disfold.com/company/beijing-tongrentang-co-ltd/,https://disfold.com/company/beijing-tong-ren-tang-chinese-medicine-co-ltd/
11323,11323,9517,Diversey Holdings Ltd,Diverse Income Trust,,,,,,,,,,,,,,,https://disfold.com/company/diversey-holdings-ltd/,https://disfold.com/company/diverse-income-trust/
11347,11347,631,Sortlist,Sorted Group,,,,,,,,,,,,,,,https://www.sortlist.com/,https://www.sorted.com/
11353,11353,5460,Advanced Power Electronics Co. Ltd,Advanced Petrochemical Company,,,,,,,,,,,,,,,https://disfold.com/company/advanced-power-electronics-co-ltd/,https://disfold.com/company/advanced-petrochemical-company/
11384,11384,10319,KeePer Technical Laboratory Co. Ltd,Kee Tai Properties Co. Ltd,,,,,,,,,,,,,,,https://disfold.com/company/keeper-technical-laboratory-co-ltd/,https://disfold.com/company/kee-tai-properties-co-ltd/
11418,11418,6978,Leonteq AG,Leoni AG,,,,,,,,,,,,,,,https://disfold.com/company/leonteq-ag/,https://disfold.com/company/leoni-ag/
11431,11431,1765,Saha Pathanapibul Public Company Ltd,Saha Pathana Inter-Holding Public Company Ltd,,,,,,,,,,,,,,,https://disfold.com/company/saha-pathanapibul-public-company-ltd/,https://disfold.com/company/saha-pathana-inter-holding-public-company-ltd/
11438,11438,7150,Apollo Global Management Inc,Apollo Future Mobility Group Ltd,,,,,,,,,,,,,,,www.apollo.com,https://disfold.com/company/apollo-future-mobility-group-ltd/
11443,11443,2880,Drukarnia piga.pl,Drukarnia piga,,,,,,,,,,,,,,,https://piga.pl/,https://piga.pl
11455,11455,5856,Ka Shui International Holdings Ltd,"KYORIN Holdings, Inc.",,,,,,,,,,,,,,,https://disfold.com/company/ka-shui-international-holdings-ltd/,https://disfold.com/company/kyorin-holdings-inc/
11457,11457,11064,Nanjing Iron & Steel Co. Ltd,"Nanjing Hanrui Cobalt Co.,Ltd.",,,,,,,,,,,,,,,https://disfold.com/company anjing-iron-steel-co-ltd/,https://disfold.com/company anjing-hanrui-cobalt-coltd/
11508,11508,2507,Encore Wire Corp,Encore Capital Group Inc,,,,,,,,,,,,,,,www.encorewire.com,www.encorecapital.com
11536,11536,3117,Johnson Controls International Plc,Johnson & Johnson Careers,,,,,,,,,,,,,,,www.johnsoncontrols.com,www.jnj.com
11557,11557,7233,Crédit Agricole d'Ile-de-France,Crédit Agricole SA,,,,,,,,,,,,,,,https://disfold.com/company/credit-agricole-d-ile-de-france/,https://disfold.com/company/credit-agricole-sa/
11575,11575,1561,Chicony Power Technology Co. Ltd,Chicony Electronics Co. Ltd,,,,,,,,,,,,,,,https://disfold.com/company/chicony-power-technology-co-ltd/,https://disfold.com/company/chicony-electronics-co-ltd/
11617,11617,6189,"Best Buy Co., Inc.",Best Buy Co Inc,,,,,,,,,,,,,,,https://disfold.com/company/best-buy-co-inc/,investors.bestbuy.com
11665,11665,3578,Acadian Timber Corp.,"Acadia Healthcare Company, Inc.",,,,,,,,,,,,,,,https://disfold.com/company/acadian-timber-corp/,https://disfold.com/company/acadia-healthcare-company-inc/
11686,11686,11556,Mircom Group of Companies Careers,Miramar Cruises,,,,,,,,,,,,,,,www.mircom.com,https://www.miramarcruceros.com
11722,11722,10322,Puregold Price Club Inc,Puregold Price Club,,,,,,,,,,,,,,,www.puregold.com.ph,https://www.puregold.com.ph/
11735,11735,7360,Fugu,Fugro NV,,,,,,,,,,,,,,,https://www.fugustructures.com,www.fugro.com
11751,11751,3787,The Shizuoka Bank Ltd,The Shiga Bank Ltd,,,,,,,,,,,,,,,https://disfold.com/company/the-shizuoka-bank-ltd/,https://disfold.com/company/the-shiga-bank-ltd/
11779,11779,10186,Aquarius Engines,Aquagri Processing,,,,,,,,,,,,,,,https://disfold.com/company/aquarius-engines/,http://aquagri.in/
11789,11789,11473,Eastern Power Group Public Company Ltd,Eastern Polymer Group Public Company Ltd,,,,,,,,,,,,,,,https://disfold.com/company/eastern-power-group-public-company-ltd/,https://disfold.com/company/eastern-polymer-group-public-company-ltd/
11801,11801,7777,Creative Technology Ltd,"Creative Sensor, Inc.",,,,,,,,,,,,,,,https://disfold.com/company/creative-technology-ltd/,https://disfold.com/company/creative-sensor-inc/
11806,11806,5769,Scholastic Corp,Scholastic Careers,,,,,,,,,,,,,,,www.scholastic.com,www.scholastic.com
11877,11877,6282,SARL GOGY,SAP SE,,,,,,,,,,,,,,,https://www.sarl-gogy.com/,www.sap.com
11891,11891,7681,"Burlington Stores, Inc.",Burlington Stores Inc,,,,,,,,,,,,,,,https://disfold.com/company/burlington-stores-inc/,www.burlington.com
11899,11899,10820,ZF Friedrichshafen AG,ZEN’UP,,,,,,,,,,,,,,,www.zf.com,https://www.zen-up.com/
11912,11912,2460,Canon Inc.,Canon Inc,,,,,,,,,,,,,,,https://disfold.com/company/canon-inc/,canon.jp
11918,11918,1030,Chevron Corp,Chevron,,,,,,,,,,,,,,,www.chevron.com,https://disfold.com/company/chevron-corporation/
11928,11928,3815,SUSE Careers,SURE Careers,,,,,,,,,,,,,,,www.suse.com,www.sureapp.com
11944,11944,6058,TMT International,TMT,,,,,,,,,,,,,,,https://www.tmtinternational.it/,https://www.tmtinternational.it/
12060,12060,7002,Elanor Retail Property Fund,Elanor Investors Group,,,,,,,,,,,,,,,https://disfold.com/company/elanor-retail-property-fund/,https://disfold.com/company/elanor-investors-group/
12061,12061,6565,TTP HOLDING,TTM Technologies Inc,,,,,,,,,,,,,,,https://www.ttpeurope.com/,www.ttm.com
12066,12066,3930,SalesLoft Careers,Salelifter,,,,,,,,,,,,,,,salesloft.com,https://www.salelifter.com
12091,12091,10908,Ageas NV,Ageas,,,,,,,,,,,,,,,www.ageas.com,https://disfold.com/company/ageas/
12092,12092,10404,Privitar,Private Health Management Careers,,,,,,,,,,,,,,,https://www.privitar.com,www.privatehealth.com
12104,12104,1787,Unilever Careers,Unilever,,,,,,,,,,,,,,,www.unilever.com,https://disfold.com/company/unilever-plc/
12110,12110,3414,Altius Renewable Royalties Corp.,Altius Minerals Corporation,,,,,,,,,,,,,,,https://disfold.com/company/altius-renewable-royalties-corp/,https://disfold.com/company/altius-minerals-corporation/
12153,12153,279,National Instruments Corp,National Instruments Careers,,,,,,,,,,,,,,,www.ni.com,www.ni.com
12164,12164,11170,Anadolu Hayat Emeklilik Anonim Sirketi,Anadolu Efes Biracilik ve Malt Sanayii Anonim Sirketi,,,,,,,,,,,,,,,https://disfold.com/company/anadolu-hayat-emeklilik-anonim-sirketi/,https://disfold.com/company/anadolu-efes-biracilik-ve-malt-sanayii-anonim-sirketi/
12174,12174,11773,SK Inc,SK Hynix Inc,,,,,,,,,,,,,,,www.sk-inc.com,www.skhynix.com
12184,12184,880,Mondo TV Suisse SA,Mondo TV S.p.A.,,,,,,,,,,,,,,,https://disfold.com/company/mondo-tv-suisse-sa/,https://disfold.com/company/mondo-tv-spa/
12204,12204,6546,Cassona SE,Cassiopea S.p.A.,,,,,,,,,,,,,,,https://disfold.com/company/cassona-se/,https://disfold.com/company/cassiopea-spa/
12230,12230,11485,Cairn Energy plc,Caire,,,,,,,,,,,,,,,https://disfold.com/company/cairn-energy-plc/,https://disfold.com/company/caire/
12268,12268,12242,Centuria Office REIT,Centuria Industrial REIT,,,,,,,,,,,,,,,https://disfold.com/company/centuria-office-reit/,https://disfold.com/company/centuria-industrial-reit/
12281,12281,4976,"Chart Industries, Inc.",Chart Industries Inc,,,,,,,,,,,,,,,https://disfold.com/company/chart-industries-inc/,www.chartindustries.com
12284,12284,4730,ITDS Polska,ITDS Poland,,,,,,,,,,,,,,,https://itds.pl/,https://www.itds.pl
12289,12289,11103,PerkinElmer Inc,Perkbox,,,,,,,,,,,,,,,www.perkinelmer.com,https://www.perkbox.com
12293,12293,4576,Vietnam Electricity,Vietnam Dairy Products Joint Stock Co,,,,,,,,,,,,,,,www.evn.com.vn,www.vinamilk.com.vn
12383,12383,4476,Regional Express Holdings Limited,Regional Express,,,,,,,,,,,,,,,https://disfold.com/company/regional-express-holdings-limited/,https://www.regional-express.fr
12450,12450,11979,Equinox Gold Corp.,Equinox Gold Corp,,,,,,,,,,,,,,,https://disfold.com/company/equinox-gold-corp/,www.equinoxgold.com
12452,12452,2894,Kenedix Residential Next Investment Corp,Kenedix Office Investment Corp,,,,,,,,,,,,,,,https://disfold.com/company/kenedix-residential-next-investment-corp/,https://disfold.com/company/kenedix-office-investment-corp/
12461,12461,4676,Aker BP ASA,Aker ASA,,,,,,,,,,,,,,,akerbp.com,www.akerasa.com
12467,12467,4659,Restaurant Brands New Zealand Limited,Restaurant Brands International Limited Partnership,,,,,,,,,,,,,,,https://disfold.com/company/restaurant-brands-new-zealand-limited/,https://disfold.com/company/restaurant-brands-international-limited-partnership/
12485,12485,10825,Bayer AG,BayWa AG,,,,,,,,,,,,,,,https://disfold.com/company/bayer-ag/,https://disfold.com/company/baywa-ag/
12493,12493,11605,Instarea,Instantor,,,,,,,,,,,,,,,https://www.instarea.com,https://www.instantor.com
12506,12506,6405,AerCap Holdings NV,AerCap Holdings N.V.,,,,,,,,,,,,,,,www.aercap.com,https://disfold.com/company/aercap-holdings-nv/
12511,12511,10327,Fimetal Di Fernando Gaetano,Fimarsud,,,,,,,,,,,,,,,https://www.fimetal.it,https://www.fimarsud.it
12516,12516,5701,Alkermes plc,Alkermes Plc,,,,,,,,,,,,,,,https://disfold.com/company/alkermes-plc/,www.alkermes.com
12539,12539,2366,Computers Parts,Computer Modelling Group Ltd.,,,,,,,,,,,,,,,https://www.computersparts.it,https://disfold.com/company/computer-modelling-group-ltd/
12559,12559,812,Flour Mills of Nigeria Plc,Florio Carta*,,,,,,,,,,,,,,,fmnplc.com,https://www.floriocarta.com
12562,12562,12426,Jiumaojiu International Holdings Ltd,Jiu Rong Holdings Ltd,,,,,,,,,,,,,,,https://disfold.com/company/jiumaojiu-international-holdings-ltd/,https://disfold.com/company/jiu-rong-holdings-ltd/
12565,12565,2991,T-Systems International GmbH,T-Mobile US Inc,,,,,,,,,,,,,,,www.t-systems.com,www.t-mobile.com
12588,12588,5898,Fleetondemand,FleetCor Technologies Inc,,,,,,,,,,,,,,,http://fleetondemandgroup.com,www.fleetcor.com
12590,12590,12176,Titan International Inc,Titan Company Ltd,,,,,,,,,,,,,,,www.titan-intl.com,www.titan.co.in
12593,12593,5470,HCL Technologies Ltd,HCL Technologies Careers,,,,,,,,,,,,,,,www.hcltech.com,www.hcltech.com
12596,12596,7968,GoDaddy Inc.,GoDaddy Inc,,,,,,,,,,,,,,,https://disfold.com/company/godaddy-inc/,investors.godaddy.net
12603,12603,6238,Filoblu,FiloBlu,,,,,,,,,,,,,,,https://www.filoblu.com,https://www.filoblu.com/
12650,12650,7814,Furukawa Electric Co Ltd,Furukawa Co Ltd,,,,,,,,,,,,,,,www.furukawa.co.jp,www.furukawakk.co.jp
12655,12655,11156,"Benefit One, Inc.",Benefind,,,,,,,,,,,,,,,https://disfold.com/company/benefit-one-inc/,https://www.benefind.it/
12659,12659,10975,Assurant Inc,Assura plc,,,,,,,,,,,,,,,www.assurant.com,https://disfold.com/company/assura-plc/
12661,12661,5681,Hawaiian Holdings Inc,Hawaiian Electric Industries Inc,,,,,,,,,,,,,,,www.hawaiianairlines.com,www.hei.com
12679,12679,1146,Central Reinsurance Corp,Central Puerto SA,,,,,,,,,,,,,,,https://disfold.com/company/central-reinsurance-corp/,https://disfold.com/company/central-puerto-sa/
12684,12684,6876,Wheaton Precious Metals Corp,Whatfix,,,,,,,,,,,,,,,www.wheatonpm.com,https://whatfix.com/
12696,12696,10770,Thai President Foods Public Company Ltd,Thai Polycons Public Company Ltd,,,,,,,,,,,,,,,https://disfold.com/company/thai-president-foods-public-company-ltd/,https://disfold.com/company/thai-polycons-public-company-ltd/
12705,12705,6495,Australian Strategic Materials Ltd,Australian Potash Limited,,,,,,,,,,,,,,,https://disfold.com/company/australian-strategic-materials-ltd/,https://disfold.com/company/australian-potash-limited/
12706,12706,1474,Modulr,Modine Manufacturing Co,,,,,,,,,,,,,,,https://www.modulrfinance.com/,www.modine.com
12742,12742,7904,Tatung Co. Ltd,Tatung Co Ltd,,,,,,,,,,,,,,,https://disfold.com/company/tatung-co-ltd/,www.tatung.com.tw
12759,12759,841,Foot Locker Careers,Foot District,,,,,,,,,,,,,,,www.footlocker.com,https://footdistrict.com/
12771,12771,5383,Celanese Corporation,Celanese Corp,,,,,,,,,,,,,,,https://disfold.com/company/celanese-corporation/,www.celanese.com
12786,12786,6369,Sopra Steria Group,Sophic,,,,,,,,,,,,,,,www.soprasteria.com,https://sophicautomation.com/
12787,12787,2138,Cogelec SA,Cogeco Inc.,,,,,,,,,,,,,,,https://disfold.com/company/cogelec-sa/,https://disfold.com/company/cogeco-inc/
12901,12901,3996,"Cboe Global Markets, Inc.","Cboe Global Markets, Inc",,,,,,,,,,,,,,,https://disfold.com/company/cboe-global-markets-inc/,www.cboe.com
12903,12903,8500,Konka Group Co Ltd,Koninklijke Vopak NV,,,,,,,,,,,,,,,www.konka.com,www.vopak.com
12927,12927,305,Deutsche Post AG,Deutsche Pfandbriefbank AG,,,,,,,,,,,,,,,https://disfold.com/company/deutsche-post-ag/,https://disfold.com/company/deutsche-pfandbriefbank-ag/
12947,12947,7992,ClearSale SA,Clear Capital Careers,,,,,,,,,,,,,,,https://disfold.com/company/clearsale-sa/,www.clearcapital.com
12950,12950,9433,"Enagás, SA",Enagas SA,,,,,,,,,,,,,,,https://disfold.com/company/enagas-sa/,www.enagas.es
12963,12963,7745,Srivichaivejvivat Public Company Ltd,Srithai Superware Public Company Ltd,,,,,,,,,,,,,,,https://disfold.com/company/srivichaivejvivat-public-company-ltd/,https://disfold.com/company/srithai-superware-public-company-ltd/
12984,12984,1836,Adameo PM,Adamant BioNRG,,,,,,,,,,,,,,,https://www.adameo.com/,https://www.adamantbionrg.com/
12993,12993,8850,CyberIAM*,CyberCube Careers,,,,,,,,,,,,,,,http://www.cyberiam.com/,www.cybcube.com
13028,13028,1176,Arcos Dorados Holdings Inc.,"Arcontek Co., Ltd.",,,,,,,,,,,,,,,www.arcosdorados.com,http://www.arconkor.com/
13035,13035,982,China Aerospace Times Electronics CO. Ltd,China Aerospace International Holdings Ltd,,,,,,,,,,,,,,,https://disfold.com/company/china-aerospace-times-electronics-co-ltd/,https://disfold.com/company/china-aerospace-international-holdings-ltd/
13045,13045,5032,"American National Group, Inc.","American National Group, Inc",,,,,,,,,,,,,,,https://disfold.com/company/american-national-group-inc/,www.americannational.com/wps/portal
13056,13056,11876,Carlisle Companies Incorporated,Carlisle Companies Inc,,,,,,,,,,,,,,,https://disfold.com/company/carlisle-companies-incorporated/,www.carlisle.com
13093,13093,3743,Autobio Diagnostics Co. Ltd,"Autobacs Seven Co.,Ltd.",,,,,,,,,,,,,,,https://disfold.com/company/autobio-diagnostics-co-ltd/,https://disfold.com/company/autobacs-seven-coltd/
13097,13097,4909,Arcure SA,Arcure,,,,,,,,,,,,,,,https://disfold.com/company/arcure-sa/,https://www.arcure.net/
13104,13104,521,Cloudi-Fi,Cloudfm Integrated Services,,,,,,,,,,,,,,,https://www.cloudi-fi.com/,https://cloudfmgroup.com/
13107,13107,11381,Aberdeen New Dawn Investment Trust plc,"Aberdeen Japan Equity Fund, Inc.",,,,,,,,,,,,,,,https://disfold.com/company/aberdeen-new-dawn-investment-trust-plc/,https://disfold.com/company/aberdeen-japan-equity-fund-inc/
13109,13109,13014,Nividous,Nium,,,,,,,,,,,,,,,https://www.nividous.com/,https://www.nium.com/
13141,13141,12131,Hindustan Petroleum Corp Ltd,Hindustan Construction Co Ltd,,,,,,,,,,,,,,,www.hindustanpetroleum.com,www.hccindia.com
13200,13200,12289,"PerkinElmer, Inc.",PerkinElmer Inc,,,,,,,,,,,,,,,https://disfold.com/company/perkinelmer-inc/,www.perkinelmer.com
13216,13216,12960,NetSuite Careers,NetSPI Careers,,,,,,,,,,,,,,,www.netsuite.com,www.netspi.com
13251,13251,439,Mphasis,MphasiS Ltd,,,,,,,,,,,,,,,https://www.mphasis.com/,www.mphasis.com
13263,13263,1620,PT Telekomunikasi Selular,PT Telekomunikasi Indonesia Tbk,,,,,,,,,,,,,,,www.telkomsel.com,www.telkom.co.id
13269,13269,388,"Rollins, Inc.",Rollins Inc,,,,,,,,,,,,,,,https://disfold.com/company/rollins-inc/,www.rollins.com
13306,13306,9596,Beijing Xinleineng Technology Co. Ltd,Beijing Wantai Biological Pharmacy Enterprise Co. Ltd,,,,,,,,,,,,,,,https://disfold.com/company/beijing-xinleineng-technology-co-ltd/,https://disfold.com/company/beijing-wantai-biological-pharmacy-enterprise-co-ltd/
13318,13318,10212,Kami,Kameleoon,,,,,,,,,,,,,,,https://www.kamiapp.com/,https://www.kameleoon.com
13341,13341,8256,Appinio,Appier Careers,,,,,,,,,,,,,,,https://www.appinio.com/,www.appier.com
13362,13362,11534,Campbell Soup Co,Campbell Careers,,,,,,,,,,,,,,,www.campbellsoupcompany.com,campbells.com
13393,13393,8151,Testa E Plebani,TestEquity Careers,,,,,,,,,,,,,,,https://www.testaeplebani.com,www.testequity.com
13398,13398,12838,China Railway Hi-tech Industry Corp Ltd,China Railway Group Ltd,,,,,,,,,,,,,,,https://disfold.com/company/china-railway-hi-tech-industry-corp-ltd/,https://disfold.com/company/china-railway-group-ltd/
13426,13426,3688,Accenture,Accent Group Limited,,,,,,,,,,,,,,,https://disfold.com/company/accenture-plc/,https://disfold.com/company/accent-group-limited/
13474,13474,7412,J.S.P. Property Public Company Ltd,J.R.W. Utility Public Company Ltd,,,,,,,,,,,,,,,https://disfold.com/company/jsp-property-public-company-ltd/,https://disfold.com/company/jrw-utility-public-company-ltd/
13500,13500,2405,PT Bank Oke Indonesia Tbk,PT Bank OCBC NISP Tbk,,,,,,,,,,,,,,,https://disfold.com/company/pt-bank-oke-indonesia-tbk/,https://disfold.com/company/pt-bank-ocbc-nisp-tbk/
13527,13527,971,Apollo Healthcare Corp.,Apollo Gold & Silver Corp,,,,,,,,,,,,,,,https://disfold.com/company/apollo-healthcare-corp/,https://disfold.com/company/apollo-gold-silver-corp/
13532,13532,4745,"Berry Global Group, Inc.",Berry Global Group Inc,,,,,,,,,,,,,,,https://disfold.com/company/berry-global-group-inc/,www.berryglobal.com
13547,13547,10098,Sitem Motori Elettrici,Sitem,,,,,,,,,,,,,,,https://www.sitemelettromeccanica.it/,https://www.sitemelettromeccanica.it
13563,13563,1303,Financial House,Financial Consulting Lab,,,,,,,,,,,,,,,https://www.financialhouse.io/,https://www.financialclab.it./
13571,13571,4025,Beijing Capital Development Co. Ltd,"Beijing Capital Co.,Ltd",,,,,,,,,,,,,,,https://disfold.com/company/beijing-capital-development-co-ltd/,https://disfold.com/company/beijing-capital-coltd/
13590,13590,11743,Info-Tek Corp,Info-Tech Systems Integrators,,,,,,,,,,,,,,,https://disfold.com/company/info-tek-corp/,https://www.info-tech.com.sg/
13607,13607,11688,Emtrain Careers,Emsproto,,,,,,,,,,,,,,,www.emtrain.com,https://www.emsproto.com
13610,13610,9628,"Amadeus IT Group, SA",Amadeus IT Group SA,,,,,,,,,,,,,,,https://disfold.com/company/amadeus-it-group-sa/,amadeus.com/es
13614,13614,7587,Public Joint Stock Company Polyus,Public Joint Stock Company Perm Energy Supplying Company,,,,,,,,,,,,,,,https://disfold.com/company/public-joint-stock-company-polyus/,https://disfold.com/company/public-joint-stock-company-perm-energy-supplying-company/
13672,13672,7711,BioMarin Pharmaceutical Inc.,BioMarin Pharmaceutical Inc,,,,,,,,,,,,,,,https://disfold.com/company/biomarin-pharmaceutical-inc/,www.biomarin.com
13707,13707,5287,Stavební interiérové systémy,Stavební Interiérové Systémy*,,,,,,,,,,,,,,,https://www.sis-systemy.cz,http://www.sis-systemy.cz/
13709,13709,1960,"Covenant Logistics Group, Inc.",Covanta Holding Corp,,,,,,,,,,,,,,,www.covenantlogistics.com,www.covanta.com
13715,13715,1168,Square Yards,Square Mile Investment Consulting and Research,,,,,,,,,,,,,,,https://www.squareyards.com/,https://www.squaremileresearch.com
13722,13722,10451,"Autoliv, Inc.",Autoliv Inc,,,,,,,,,,,,,,,https://disfold.com/company/autoliv-inc/,www.autoliv.com
13738,13738,2718,ITC Ltd,ITC Limited Careers,,,,,,,,,,,,,,,www.itcportal.com,www.itcportal.com
13773,13773,13645,Plexus Corp,Plexus Careers,,,,,,,,,,,,,,,www.plexus.com/en-us,www.plexus.com
13789,13789,5145,Berkshire Hathaway Inc,Berkshire Hathaway Energy Co,,,,,,,,,,,,,,,www.berkshirehathaway.com,www.berkshirehathawayenergyco.com
13795,13795,4988,Accellion Careers,Accell Group N.V.,,,,,,,,,,,,,,,www.accellion.com,https://disfold.com/company/accell-group-nv/
13810,13810,12961,Convert Group,Conversica Careers,,,,,,,,,,,,,,,https://convertgroup.com,www.conversica.com
13820,13820,1597,Daiwabo Holdings Co. Ltd,Daiwabo Holdings Co Ltd,,,,,,,,,,,,,,,https://disfold.com/company/daiwabo-holdings-co-ltd/,www.daiwabo-holdings.com
13822,13822,12498,Keyera Corp.,Keyera Corp,,,,,,,,,,,,,,,https://disfold.com/company/keyera-corp/,www.keyera.com
13866,13866,11212,Public Joint Stock Company Magadanenergo,Public Joint Stock Company Kurgan Generation Company,,,,,,,,,,,,,,,https://disfold.com/company/public-joint-stock-company-magadanenergo/,https://disfold.com/company/public-joint-stock-company-kurgan-generation-company/
13882,13882,643,Neenah Inc,Neebal,,,,,,,,,,,,,,,www.neenah.com,https://www.neebal.com/
13928,13928,13428,Almonty Industries Inc.,Almondz Global Securities Ltd,,,,,,,,,,,,,,,https://disfold.com/company/almonty-industries-inc/,https://disfold.com/company/almondz-global-securities-ltd/
13931,13931,4260,Vale SA,Valbiotis SA,,,,,,,,,,,,,,,https://disfold.com/company/vale-sa/,https://disfold.com/company/valbiotis-sa/
13979,13979,5939,Morinaga Milk Industry Co Ltd,Morinaga & Co. Ltd,,,,,,,,,,,,,,,www.morinagamilk.co.jp,https://disfold.com/company/morinaga-co-ltd/
13994,13994,10598,Bouygues SA,Bouygues Construction,,,,,,,,,,,,,,,https://disfold.com/company/bouygues-sa/,www.bouygues-construction.com
14020,14020,443,Dagi Yatirim Holding A.S.,Dagi Giyim Sanayi ve Ticaret A.S.,,,,,,,,,,,,,,,https://disfold.com/company/dagi-yatirim-holding-as/,https://disfold.com/company/dagi-giyim-sanayi-ve-ticaret-as/
14028,14028,6333,Monolithic Power Systems Inc,Monocept,,,,,,,,,,,,,,,www.monolithicpower.com,https://monocept.com/
14033,14033,5358,China Wafer Level CSP Co. Ltd,China Vered Financial Holding Corp Ltd,,,,,,,,,,,,,,,https://disfold.com/company/china-wafer-level-csp-co-ltd/,https://disfold.com/company/china-vered-financial-holding-corp-ltd/
14076,14076,11221,PT Bank IBK Indonesia Tbk,PT Bank Harda Internasional Tbk,,,,,,,,,,,,,,,https://disfold.com/company/pt-bank-ibk-indonesia-tbk/,https://disfold.com/company/pt-bank-harda-internasional-tbk/
14086,14086,11441,HKScan Corp,HKR-Technik,,,,,,,,,,,,,,,www.hkscan.com,https://www.hkr-technik.com/
14119,14119,12840,China Oriental Group Company Ltd,China Oriental Group Co Ltd,,,,,,,,,,,,,,,https://disfold.com/company/china-oriental-group-company-ltd/,www.chinaorientalgroup.com
14157,14157,7072,Sub Sri Thai Public Company Ltd,SuRaLa,,,,,,,,,,,,,,,https://disfold.com/company/sub-sri-thai-public-company-ltd/,https://surala.jp/company/
14158,14158,14031,Kanematsu Corp,Kaneka Corp,,,,,,,,,,,,,,,https://disfold.com/company/kanematsu-corp/,https://disfold.com/company/kaneka-corp/
14165,14165,13664,MonotaRO Co. Ltd,MonotaRO Co Ltd,,,,,,,,,,,,,,,https://disfold.com/company/monotaro-co-ltd/,www.monotaro.com
14180,14180,7408,ASOS plc,ASOS Plc,,,,,,,,,,,,,,,https://disfold.com/company/asos-plc/,www.asosplc.com
14182,14182,3947,Cintas Corporation,Cintas Corp,,,,,,,,,,,,,,,https://disfold.com/company/cintas-corporation/,www.cintas.com
14199,14199,4930,American Express Co,American Express,,,,,,,,,,,,,,,www.americanexpress.com,https://disfold.com/company/american-express-company/
14249,14249,8685,Nuffield Dental,Nufarm Ltd,,,,,,,,,,,,,,,https://www.nuffielddental.com.sg/,www.nufarm.com
14288,14288,2570,Bloomin' Brands Inc,Bloomberg Industry Group Careers,,,,,,,,,,,,,,,www.bloominbrands.com,www.bloombergindustry.com
14292,14292,12998,Sony Group Corp,Sony Financial Group Inc,,,,,,,,,,,,,,,www.sony.com,www.sonyfg.co.jp
14293,14293,9681,Public Joint Stock Company Krasnoyarskenergosbyt,Public Joint Stock Company Kamchatskenergo,,,,,,,,,,,,,,,https://disfold.com/company/public-joint-stock-company-krasnoyarskenergosbyt/,https://disfold.com/company/public-joint-stock-company-kamchatskenergo/
14304,14304,2391,Lugar da Veiga,Lugar Da Veiga,,,,,,,,,,,,,,,https://www.daveiga.es,https://daveiga.es
14328,14328,6655,Quantion,Quantexa,,,,,,,,,,,,,,,https://www.quantion.com/es/,https://www.quantexa.com
14329,14329,7035,Canadian Solar Inc.,Canadian Solar Inc,,,,,,,,,,,,,,,https://disfold.com/company/canadian-solar-inc/,www.canadiansolar.com
14365,14365,1702,PT Bank Mayapada Internasional Tbk,PT Bank Maspion Indonesia Tbk,,,,,,,,,,,,,,,https://disfold.com/company/pt-bank-mayapada-internasional-tbk/,https://disfold.com/company/pt-bank-maspion-indonesia-tbk/
14407,14407,276,Augusta Gold Corp,August Home Careers,,,,,,,,,,,,,,,https://disfold.com/company/augusta-gold-corp/,www.august.com
14408,14408,13776,China Banking Corp,China Bank,,,,,,,,,,,,,,,www.chinabank.ph,https://www.chinabank.ph/
14411,14411,11973,CTCI Corp,CTC Careers,,,,,,,,,,,,,,,https://disfold.com/company/ctci-corp/,www.ctc.com
14426,14426,7909,Man Group Careers,Man Buildings,,,,,,,,,,,,,,,www.man.com,https://www.manbuildings.com
14431,14431,10335,Meta,"MetLife, Inc.",,,,,,,,,,,,,,,https://disfold.com/company/meta-platforms-inc/,https://disfold.com/company/metlife-inc/
14432,14432,1548,Public Joint Stock Company TNS Energo Yaroslavl,Public Joint Stock Company Saratovenergo,,,,,,,,,,,,,,,https://disfold.com/company/public-joint-stock-company-tns-energo-yaroslavl/,https://disfold.com/company/public-joint-stock-company-saratovenergo/
14439,14439,1057,Brand Industries Ltd,Brand Id (Axians)**,,,,,,,,,,,,,,,https://disfold.com/company/brand-industries-ltd/,https://www.brandid.it
14456,14456,4515,Thai Group Holdings Public Company Ltd,Thai Film Industries Public Company Ltd,,,,,,,,,,,,,,,https://disfold.com/company/thai-group-holdings-public-company-ltd/,https://disfold.com/company/thai-film-industries-public-company-ltd/
14484,14484,893,Uniti Group Inc,UnitedHealth Group Inc,,,,,,,,,,,,,,,uniti.com,www.unitedhealthgroup.com
14500,14500,603,Australian Mines Limited,Australian Leaders Fund Limited,,,,,,,,,,,,,,,https://disfold.com/company/australian-mines-limited/,https://disfold.com/company/australian-leaders-fund-limited/
14515,14515,7660,"Kandenko Co.,Ltd.",Kandenko Co Ltd,,,,,,,,,,,,,,,https://disfold.com/company/kandenko-coltd/,www.kandenko.co.jp
14542,14542,657,Fiverr International Ltd.,Fiverr Careers,,,,,,,,,,,,,,,https://disfold.com/company/fiverr-international-ltd/,fiverr
14546,14546,13247,Nissui Corp,Nissou,,,,,,,,,,,,,,,www.nissui.co.jp,https://reform-nisso.co.jp/
14563,14563,9138,Custom Group,Custom Computer Specialists Careers,,,,,,,,,,,,,,,https://www.customconcepts.com,www.customtech.com
14581,14581,5754,USANA Health Sciences Inc,USAA,,,,,,,,,,,,,,,www.usana.com,www.usaa.com
14585,14585,1800,BKE Eisenbahn-Service,BKE Eisenbahn - Service,,,,,,,,,,,,,,,http://www.bke-eisenbahn.de/,http://www.bke-eisenbahn.de
14588,14588,5094,Exor N.V.,Exmar NV,,,,,,,,,,,,,,,https://disfold.com/company/exor-nv/,https://disfold.com/company/exmar-nv/
14605,14605,11206,Biogroupe,Biogen Inc.,,,,,,,,,,,,,,,https://www.biogroupe.com,https://disfold.com/company/biogen-inc/
14658,14658,2364,Ovintiv Inc,Overstock.com Inc,,,,,,,,,,,,,,,www.ovintiv.com,www.overstock.com
14667,14667,6943,Allied Electronics Corp Ltd,Allied Corp,,,,,,,,,,,,,,,https://disfold.com/company/allied-electronics-corp-ltd/,https://disfold.com/company/allied-corp/
14682,14682,12452,Kenedix Retail REIT Corp,Kenedix Residential Next Investment Corp,,,,,,,,,,,,,,,https://disfold.com/company/kenedix-retail-reit-corp/,https://disfold.com/company/kenedix-residential-next-investment-corp/
14688,14688,2595,ClearVue Technologies Limited,ClearView Wealth Limited,,,,,,,,,,,,,,,https://disfold.com/company/clearvue-technologies-limited/,https://disfold.com/company/clearview-wealth-limited/
14756,14756,1596,BorgWarner Inc.,BorgWarner Inc,,,,,,,,,,,,,,,https://disfold.com/company/borgwarner-inc/,www.borgwarner.com
14763,14763,3796,Fundo de Investimento Imobiliario GWI Renda Imobiliaria - FII,Fundo de Investimento Imobiliario Edificio Ourinvest,,,,,,,,,,,,,,,https://disfold.com/company/fundo-de-investimento-imobiliario-gwi-renda-imobiliaria-fii/,https://disfold.com/company/fundo-de-investimento-imobiliario-edificio-ourinvest/
14776,14776,14660,Blue Wireless,Blue Whale Growth Fund,,,,,,,,,,,,,,,https://www.bluewireless.com/,https://bluewhale.co.uk/
14777,14777,2937,GTT Communications Inc,GTPL,,,,,,,,,,,,,,,www.gtt.net,https://www.gtpl.net/
14784,14784,220,Advance NanoTek Limited,Advance Capital,,,,,,,,,,,,,,,https://disfold.com/company/advance-nanotek-limited/,https://advance-capital.fr
14786,14786,667,Asahi Kasei Corp,Asahi Intecc Co. Ltd,,,,,,,,,,,,,,,https://disfold.com/company/asahi-kasei-corp/,https://disfold.com/company/asahi-intecc-co-ltd/
14789,14789,1681,Activision Blizzard Inc,Activision Blizzard Careers,,,,,,,,,,,,,,,www.activisionblizzard.com,www.activisionblizzard.com
14790,14790,249,Voya Financial Inc,Voya Financial Careers,,,,,,,,,,,,,,,www.voya.com,www.voya.com
14793,14793,9353,Copart Inc,Copa Holdings SA,,,,,,,,,,,,,,,www.copart.com,copa.gcs-web.com
14798,14798,10275,Arabian Petroleum Limited,Arabian Petroleum,,,,,,,,,,,,,,,https://www.arabianpetroleum.co.in/,https://www.arabianpetroleum.co.in/
14806,14806,9287,Hulic Co. Ltd,Hulic Co Ltd,,,,,,,,,,,,,,,https://disfold.com/company/hulic-co-ltd/,www.hulic.co.jp
14814,14814,1435,PVH Corp.,PVH Corp,,,,,,,,,,,,,,,https://disfold.com/company/pvh-corp/,www.pvh.com
14817,14817,11198,Nestlé Purina Careers,Nestle SA,,,,,,,,,,,,,,,www.nestlepurinacareers.com,www.nestle.com
14821,14821,11243,"M3, Inc.","M3 Technology, Inc.",,,,,,,,,,,,,,,https://disfold.com/company/m3-inc/,https://disfold.com/company/m3-technology-inc/
14827,14827,3267,Forth Smart Service Public Company Ltd,Forth Corp Public Company Ltd,,,,,,,,,,,,,,,https://disfold.com/company/forth-smart-service-public-company-ltd/,https://disfold.com/company/forth-corp-public-company-ltd/
14850,14850,5667,Speechmatics*,Speechmatics,,,,,,,,,,,,,,,https://www.speechmatics.com,https://www.speechmatics.com/
14890,14890,5660,Banco BPM SpA,Banco BPM,,,,,,,,,,,,,,,www.bancobpmspa.it,https://disfold.com/company/banco-bpm-spa/
14916,14916,13558,Ihlas Yayin Holding A.S.,Ihlas Holding A.S.,,,,,,,,,,,,,,,https://disfold.com/company/ihlas-yayin-holding-as/,https://disfold.com/company/ihlas-holding-as/
14923,14923,8049,Yadong Group Holdings Ltd,Yadea Group Holdings Ltd,,,,,,,,,,,,,,,https://disfold.com/company/yadong-group-holdings-ltd/,https://disfold.com/company/yadea-group-holdings-ltd/
14948,14948,14371,Hanon Systems,Hannstar Board Corp,,,,,,,,,,,,,,,www.hanonsystems.com,www.hannstarboard.com
14995,14995,733,Beijing Enterprises Holdings Ltd,Beijing Enterprises Environment Group Ltd,,,,,,,,,,,,,,,https://disfold.com/company/beijing-enterprises-holdings-ltd/,https://disfold.com/company/beijing-enterprises-environment-group-ltd/
15035,15035,7552,Gushcloud Talent Agency,Gushcloud,,,,,,,,,,,,,,,https://www.gushcloud.com/,https://www.gushcloud.com/
15060,15060,14528,Mitsubishi Shokuhin Co. Ltd,Mitsubishi Shokuhin Co Ltd,,,,,,,,,,,,,,,https://disfold.com/company/mitsubishi-shokuhin-co-ltd/,www.mitsubishi-shokuhin.com
15067,15067,8662,CME Group Inc.,CME Group Inc,,,,,,,,,,,,,,,https://disfold.com/company/cme-group-inc/,www.cmegroup.com
15091,15091,7311,TotalEnergies SE,TotalEnergies,,,,,,,,,,,,,,,www.totalenergies.com,https://disfold.com/company/totalenergies-se/
15100,15100,2854,Administradora de Fondos de Pensiones Habitat SA,Administradora de Fondos de Pensiones Cuprum SA,,,,,,,,,,,,,,,https://disfold.com/company/administradora-de-fondos-de-pensiones-habitat-sa/,https://disfold.com/company/administradora-de-fondos-de-pensiones-cuprum-sa/
15103,15103,9779,Reliance Jio Infocomm Ltd,Reliance Industries Ltd,,,,,,,,,,,,,,,www.jio.com,www.ril.com
15112,15112,11025,Popsa,Poppri Fashion Auctions,,,,,,,,,,,,,,,https://popsa.com/,https://www.poppri.com/
15136,15136,728,Metinvest BV,Methode Electronics Inc,,,,,,,,,,,,,,,www.metinvestholding.com,www.methode.com
15143,15143,11511,Primoris Services Corp,Primo Water Corp,,,,,,,,,,,,,,,www.primoriscorp.com,primowatercorp.com
15145,15145,9053,Thai Wah Public Company Ltd,Thai Wacoal Public Company Ltd,,,,,,,,,,,,,,,https://disfold.com/company/thai-wah-public-company-ltd/,https://disfold.com/company/thai-wacoal-public-company-ltd/
15165,15165,535,Alloy Careers,Allot Ltd.,,,,,,,,,,,,,,,alloy.co,https://disfold.com/company/allot-ltd/
15169,15169,10303,Elica S.p.A.,Elia Group SA/NV,,,,,,,,,,,,,,,https://disfold.com/company/elica-spa/,https://disfold.com/company/elia-group-sanv/
15235,15235,3289,Stiltz Homelifts,Stiltz,,,,,,,,,,,,,,,https://www.stiltz.co.uk/,https://www.stiltz.co.uk/
15241,15241,6230,Cairo Communication S.p.A.,Cairn Homes plc,,,,,,,,,,,,,,,https://disfold.com/company/cairo-communication-spa/,https://disfold.com/company/cairn-homes-plc/
15247,15247,9410,Amada Co. Ltd,Amada Co Ltd,,,,,,,,,,,,,,,https://disfold.com/company/amada-co-ltd/,www.amada.co.jp
15248,15248,7520,ParcelHero.com,Parcel Compare,,,,,,,,,,,,,,,https://www.parcelhero.com,https://parcelcompare.com/
15256,15256,13897,JACCS Co. Ltd,JACCS Co Ltd,,,,,,,,,,,,,,,https://disfold.com/company/jaccs-co-ltd/,www.jaccs.co.jp
15261,15261,1127,CK Infrastructure Holdings Ltd,CK Hutchison Holdings Ltd,,,,,,,,,,,,,,,https://disfold.com/company/ck-infrastructure-holdings-ltd/,https://disfold.com/company/ck-hutchison-holdings-ltd/
15262,15262,9757,Luxshare Precision Industry Co Ltd,Luxottica Careers,,,,,,,,,,,,,,,www.luxshare-ict.com,www.luxottica.com
15272,15272,14361,PT Asiaplast Industries Tbk.,PT Asia Sejahtera Mina Tbk,,,,,,,,,,,,,,,https://disfold.com/company/pt-asiaplast-industries-tbk/,https://disfold.com/company/pt-asia-sejahtera-mina-tbk/
15293,15293,2090,Albion Enterprise VCT Plc,Albion Development VCT PLC,,,,,,,,,,,,,,,https://disfold.com/company/albion-enterprise-vct-plc/,https://disfold.com/company/albion-development-vct-plc/
15315,15315,4566,R1 RCM Holdco Inc,R1 RCM Careers,,,,,,,,,,,,,,,www.r1rcm.com,www.r1rcm.com
15330,15330,3510,Amcorp Global Ltd,Amcor plc,,,,,,,,,,,,,,,https://disfold.com/company/amcorp-global-ltd/,https://disfold.com/company/amcor-plc/
15344,15344,1396,Broadridge Careers,Broadmedia Corp,,,,,,,,,,,,,,,www.broadridge.com,https://disfold.com/company/broadmedia-corp/
15345,15345,1419,Wayfair Inc,Way2Global SB,,,,,,,,,,,,,,,www.wayfair.com,https://www.way2global.com/
15372,15372,262,Ombud Careers,Ombea,,,,,,,,,,,,,,,www.ombud.com,https://www.ombea.com
15395,15395,9137,United Breweries Ltd,United Bankshares Inc,,,,,,,,,,,,,,,www.unitedbreweries.com,www.ubsi-inc.com
15407,15407,8362,Autodoc,"Autodesk, Inc.",,,,,,,,,,,,,,,https://www.autodoc.de,https://disfold.com/company/autodesk-inc/
15413,15413,12051,Nickel Mines Limited,Nick Scali Limited,,,,,,,,,,,,,,,https://disfold.com/company ickel-mines-limited/,https://disfold.com/company ick-scali-limited/
15417,15417,5322,Ryanair Holdings Plc,Rxadvance Corp Careers,,,,,,,,,,,,,,,www.ryanair.com,www.rxadvance.com
15428,15428,13987,Avon Rubber plc,Avon Protection plc,,,,,,,,,,,,,,,https://disfold.com/company/avon-rubber-plc/,https://disfold.com/company/avon-protection-plc/
15475,15475,2497,Synapsy*,Synapsy,,,,,,,,,,,,,,,https://www.synapsy.events,https://www.synapsy.events/
15480,15480,13316,Eisai Co. Ltd,Eisai Co Ltd,,,,,,,,,,,,,,,https://disfold.com/company/eisai-co-ltd/,www.eisai.co.jp
15504,15504,3463,Hainan Poly Pharm. Co. Ltd,Hainan Mining Co. Ltd,,,,,,,,,,,,,,,https://disfold.com/company/hainan-poly-pharm-co-ltd/,https://disfold.com/company/hainan-mining-co-ltd/
15510,15510,14076,PT Bank Jago Tbk,PT Bank IBK Indonesia Tbk,,,,,,,,,,,,,,,https://disfold.com/company/pt-bank-jago-tbk/,https://disfold.com/company/pt-bank-ibk-indonesia-tbk/
15525,15525,10752,HSBC,HS Optimus Holdings Ltd,,,,,,,,,,,,,,,https://disfold.com/company/hsbc-holdings-plc/,https://disfold.com/company/hs-optimus-holdings-ltd/
15561,15561,8536,Nippo Corp,Nippn Corp,,,,,,,,,,,,,,,https://disfold.com/company ippo-corp/,https://disfold.com/company ippn-corp/
15567,15567,10631,Fukuda Denshi Co Ltd,Fujiya Co. Ltd,,,,,,,,,,,,,,,www.fukuda.co.jp,https://disfold.com/company/fujiya-co-ltd/
15572,15572,13081,"Veoneer, Inc.",Veoneer Inc,,,,,,,,,,,,,,,https://disfold.com/company/veoneer-inc/,www.veoneer.com
15589,15589,4702,Jadestone Energy plc,Jadestone Energy Inc.,,,,,,,,,,,,,,,https://disfold.com/company/jadestone-energy-plc/,https://disfold.com/company/jadestone-energy-inc/
15591,15591,975,Algonquin Power & Utilities Corp.,Algonquin Power & Utilities Corp,,,,,,,,,,,,,,,https://disfold.com/company/algonquin-power-utilities-corp/,algonquinpower.com
15606,15606,9510,AbbVie Inc,AbbVie,,,,,,,,,,,,,,,www.abbvie.com,https://disfold.com/company/abbvie-inc/
15608,15608,7100,Alcon Inc,Alcoa Corporation,,,,,,,,,,,,,,,www.alcon.com,https://disfold.com/company/alcoa-corporation/
15643,15643,1163,Fuyao Glass Industry Group Co Ltd,Futureplay*,,,,,,,,,,,,,,,www.fuyaogroup.com,http://www.futureplaygames.com/
15665,15665,15345,Wayfair Inc.,Wayfair Inc,,,,,,,,,,,,,,,https://disfold.com/company/wayfair-inc/,www.wayfair.com
15670,15670,4960,"Beijing Easpring Material Technology CO.,LTD.",Beijing E-Hualu Information Technology Co. Ltd,,,,,,,,,,,,,,,https://disfold.com/company/beijing-easpring-material-technology-coltd/,https://disfold.com/company/beijing-e-hualu-information-technology-co-ltd/
15676,15676,4485,Chemed Corporation,Chemed Corp,,,,,,,,,,,,,,,https://disfold.com/company/chemed-corporation/,www.chemed.com
15686,15686,7133,"Cardinal Health, Inc.",Cardinal Health Inc,,,,,,,,,,,,,,,https://disfold.com/company/cardinal-health-inc/,www.cardinalhealth.com/en.html
15730,15730,9604,China Motor Corp,China Molybdenum Co Ltd,,,,,,,,,,,,,,,https://disfold.com/company/china-motor-corp/,https://disfold.com/company/china-molybdenum-co-ltd/
15742,15742,10581,Caisse Regionale de Credit Agricole Mutuel de Normandie-Seine,Caisse Regionale de Credit Agricole Mutuel d'Ille-et-Vilaine,,,,,,,,,,,,,,,https://disfold.com/company/caisse-regionale-de-credit-agricole-mutuel-de-normandie-seine/,https://disfold.com/company/caisse-regionale-de-credit-agricole-mutuel-dille-et-vilaine/
15751,15751,2312,Polar Capital Technology Trust,Polar Capital Holdings plc,,,,,,,,,,,,,,,https://disfold.com/company/polar-capital-technology-trust/,https://disfold.com/company/polar-capital-holdings-plc/
15772,15772,9037,Virgin Money UK Plc,Virgin Atlantic Ltd,,,,,,,,,,,,,,,www.virginmoneyukplc.com,www.virginatlantic.com
15791,15791,6388,Antero Resources Corporation,Antero Resources Corp,,,,,,,,,,,,,,,https://disfold.com/company/antero-resources-corporation/,www.anteroresources.com
15802,15802,1540,GDS Holdings Limited,GDS Global Ltd,,,,,,,,,,,,,,,https://disfold.com/company/gds-holdings-limited/,https://disfold.com/company/gds-global-ltd/
15813,15813,8276,HUAYU Automotive Systems Co Ltd,HU Group Holdings Inc,,,,,,,,,,,,,,,www.hasco-group.com,www.hugp.com
15822,15822,1068,Yue Yuen Industrial (Holdings) Ltd,Yue Kan Holdings Ltd,,,,,,,,,,,,,,,https://disfold.com/company/yue-yuen-industrial-holdings-ltd/,https://disfold.com/company/yue-kan-holdings-ltd/
15870,15870,14065,Mint Italia,Minsur SA,,,,,,,,,,,,,,,https://www.mintitalia.com/,www.minsur.com
15877,15877,3190,Canada Nickel Co,Canada Goose Holdings Inc.,,,,,,,,,,,,,,,https://disfold.com/company/canada-nickel-co/,https://disfold.com/company/canada-goose-holdings-inc/
15883,15883,3607,MPB Group Limited,MPB Group,,,,,,,,,,,,,,,https://www.mpb.com/en-uk/,https://www.mpb.com/en-uk
15902,15902,10843,Unite Flooring,Unit8,,,,,,,,,,,,,,,https://www.uniteflooringltd.com,https://unit8.com/
15920,15920,1906,Tetra Pak International SA,Tetra Laval International SA,,,,,,,,,,,,,,,www.tetrapak.com,www.tetralaval.com
15939,15939,13446,Energy Tecno,Energy Solutions Careers,,,,,,,,,,,,,,,https://www.energytecno.com,www.energy-solution.com
15949,15949,4011,Boutique Newcity Public Company Ltd,Boutique Corp Public Company Ltd,,,,,,,,,,,,,,,https://disfold.com/company/boutique-newcity-public-company-ltd/,https://disfold.com/company/boutique-corp-public-company-ltd/
15954,15954,10065,Sunrun Inc.,Sunrun Inc,,,,,,,,,,,,,,,https://disfold.com/company/sunrun-inc/,www.sunrun.com
15961,15961,12144,"GMO Financial Holdings, Inc.","GMO Financial Gate, Inc.",,,,,,,,,,,,,,,https://disfold.com/company/gmo-financial-holdings-inc/,https://disfold.com/company/gmo-financial-gate-inc/
15984,15984,13161,Beijing Jingneng Power Co. Ltd,Beijing Jingneng Clean Energy Co. Ltd,,,,,,,,,,,,,,,https://disfold.com/company/beijing-jingneng-power-co-ltd/,https://disfold.com/company/beijing-jingneng-clean-energy-co-ltd/
15987,15987,11627,"Quanta Services, Inc.",Quanta Services Inc,,,,,,,,,,,,,,,https://disfold.com/company/quanta-services-inc/,www.quantaservices.com
15990,15990,3008,Psioxus Therapeutics,Prysmian SpA,,,,,,,,,,,,,,,https://www.psioxus.com,www.prysmiangroup.com
16017,16017,5541,RouteNote,Route 101 (formerly Unify),,,,,,,,,,,,,,,https://www.routenote.com/,https://www.route101.com
16026,16026,15138,Ontario Teachers'​ Pension Plan Careers,Ontario Power Generation Inc,,,,,,,,,,,,,,,www.otpp.com,www.opg.com
16041,16041,3659,Twilio Inc.,Twilio Inc,,,,,,,,,,,,,,,https://disfold.com/company/twilio-inc/,www.twilio.com
16064,16064,5725,Navigator Holdings Ltd.,Navigator Global Investments Limited,,,,,,,,,,,,,,,https://disfold.com/company avigator-holdings-ltd/,https://disfold.com/company avigator-global-investments-limited/
16100,16100,7555,Epaper*,Epaper,,,,,,,,,,,,,,,http://www.epaperitalia.it/,http://www.epaperitalia.it
16105,16105,4817,Universal Technologies Holdings Ltd,Universal Store Holdings Limited,,,,,,,,,,,,,,,https://disfold.com/company/universal-technologies-holdings-ltd/,https://disfold.com/company/universal-store-holdings-limited/
16110,16110,5224,HeartFlow Careers,Heart Apartments,,,,,,,,,,,,,,,www.heartflow.com,https://www.heartmilanapartments.com/
16125,16125,2912,Ubiquiti Inc,Ubiquicom,,,,,,,,,,,,,,,www.ui.com,https://www.ubiquicom.com/
16133,16133,11417,Credimi,Credicorp Ltd,,,,,,,,,,,,,,,https://www.credimi.com/,credicorp.gcs-web.com
16145,16145,1249,Goodman Group,Goodland Group Ltd,,,,,,,,,,,,,,,https://disfold.com/company/goodman-group/,https://disfold.com/company/goodland-group-ltd/
16146,16146,4385,IBI Group Inc.,IBI Group Holdings Ltd,,,,,,,,,,,,,,,https://disfold.com/company/ibi-group-inc/,https://disfold.com/company/ibi-group-holdings-ltd/
16157,16157,9955,Redhill World,Redhill Communications,,,,,,,,,,,,,,,https://www.redhill.world/,https://redhill.world/
16164,16164,13906,Equital Ltd,"Equitable Holdings, Inc.",,,,,,,,,,,,,,,https://disfold.com/company/equital-ltd/,https://disfold.com/company/equitable-holdings-inc/
16165,16165,6799,Sterling Accuris Diagnostics,Steris Plc,,,,,,,,,,,,,,,http://sterlingaccuris.com/,www.steris.com
16173,16173,5396,NVISIA Careers,NVIDIA Corp,,,,,,,,,,,,,,,www.nvisia.com,www.nvidia.com
16183,16183,12104,Unilever Plc,Unilever Careers,,,,,,,,,,,,,,,www.unilever.com,www.unilever.com
16207,16207,12990,"Public Joint-Stock Company ""Pharmsynthez""",Public Joint Stock Company Zvezda,,,,,,,,,,,,,,,https://disfold.com/company/public-joint-stock-company-pharmsynthez/,https://disfold.com/company/public-joint-stock-company-zvezda/
16257,16257,5410,Asia Cement Corp,"Asia Cement Co.,Ltd.",,,,,,,,,,,,,,,https://disfold.com/company/asia-cement-corp/,https://disfold.com/company/asia-cement-coltd/
16262,16262,11535,"CyberAgent, Inc.",CyberAgent Inc,,,,,,,,,,,,,,,https://disfold.com/company/cyberagent-inc/,www.cyberagent.co.jp
16265,16265,1108,Salee Printing Public Company Ltd,Salee Industry Public Company Ltd,,,,,,,,,,,,,,,https://disfold.com/company/salee-printing-public-company-ltd/,https://disfold.com/company/salee-industry-public-company-ltd/
16266,16266,12988,Hegen,Heflin Search Partners Careers,,,,,,,,,,,,,,,https://www.hegen.com/,www.heflinsearch.com
16281,16281,6100,"CarMax, Inc.",Car Max,,,,,,,,,,,,,,,https://disfold.com/company/carmax-inc/,https://www.carmaxsrl.com
16297,16297,15362,TriNet Group Inc,Tri Pointe Homes Inc,,,,,,,,,,,,,,,www.trinet.com,www.tripointehomes.com/
16310,16310,11027,Saahas Zero Waste,Saab Defense and Security USA Careers,,,,,,,,,,,,,,,https://saahaszerowaste.com/,www.saabusa.com
16318,16318,10381,Varagon Careers,Vantiva SA,,,,,,,,,,,,,,,www.varagon.com,www.vantiva.com
16323,16323,1365,The Techint Group,The Tata Power Co Ltd,,,,,,,,,,,,,,,www.techintgroup.com,www.tatapower.com
16342,16342,4840,Aptiv PLC,Aptitude Software Group plc,,,,,,,,,,,,,,,https://disfold.com/company/aptiv-plc/,https://disfold.com/company/aptitude-software-group-plc/
16355,16355,4474,Apollo Tyres Ltd,Apollo Tricoat Tubes,,,,,,,,,,,,,,,corporate.apollotyres.com,http://apollotricoat.com/
16359,16359,2478,DCP Midstream LP,DCMN,,,,,,,,,,,,,,,www.dcpmidstream.com,https://www.dcmn.com
16370,16370,2683,MTR Corp Ltd,MTQ Corp Ltd,,,,,,,,,,,,,,,https://disfold.com/company/mtr-corp-ltd/,https://disfold.com/company/mtq-corp-ltd/
16394,16394,849,"Ricoh Company, Ltd.",Ricoh Co Ltd,,,,,,,,,,,,,,,https://disfold.com/company/ricoh-company-ltd/,www.ricoh.co.jp
16401,16401,12936,DCM Holdings Co. Ltd,DCM Holdings Co Ltd,,,,,,,,,,,,,,,https://disfold.com/company/dcm-holdings-co-ltd/,www.dcm-hc.co.jp
16433,16433,4803,Compass Group Careers,Compass Diversified Holdings LLC,,,,,,,,,,,,,,,www.compass-group.com,compassdiversified.com
16459,16459,13833,The Travelers Companies Inc,The Trade Desk Inc,,,,,,,,,,,,,,,www.travelers.com,thetradedesk.com
16462,16462,12567,Balfour Beatty plc,Balfour Beatty Plc,,,,,,,,,,,,,,,https://disfold.com/company/balfour-beatty-plc/,www.balfourbeatty.com
16492,16492,7754,"Benchmark Metals, Inc.",Benchmark Holdings plc,,,,,,,,,,,,,,,https://disfold.com/company/benchmark-metals-inc/,https://disfold.com/company/benchmark-holdings-plc/
16494,16494,3012,China Electric Mfg. Corp,China Ecotek Corp,,,,,,,,,,,,,,,https://disfold.com/company/china-electric-mfg-corp/,https://disfold.com/company/china-ecotek-corp/
16500,16500,3279,Fundo De Investimento Imobiliario - FII BTG Pactual Fundo De Fundos,Fundo De Investimento Imobiliario - FII BTG Pactual Fundo De CRI,,,,,,,,,,,,,,,https://disfold.com/company/fundo-de-investimento-imobiliario-fii-btg-pactual-fundo-de-fundos/,https://disfold.com/company/fundo-de-investimento-imobiliario-fii-btg-pactual-fundo-de-cri/
16501,16501,14925,Splunk Inc.,Splunk Inc,,,,,,,,,,,,,,,https://disfold.com/company/splunk-inc/,www.splunk.com
16503,16503,2934,Fastenal Company,Fastenal Co,,,,,,,,,,,,,,,https://disfold.com/company/fastenal-company/,www.fastenal.com
16520,16520,13028,Arcosa Inc,Arcos Dorados Holdings Inc.,,,,,,,,,,,,,,,www.arcosa.com,www.arcosdorados.com
16542,16542,2336,Caspin Resources Limited,Caspian Sunrise plc,,,,,,,,,,,,,,,https://disfold.com/company/caspin-resources-limited/,https://disfold.com/company/caspian-sunrise-plc/
16554,16554,5158,Index Living Mall Public Company Ltd,Index International Group Public Company Ltd,,,,,,,,,,,,,,,https://disfold.com/company/index-living-mall-public-company-ltd/,https://disfold.com/company/index-international-group-public-company-ltd/
16561,16561,8148,Starts Corporation Inc,"Starts Corp, Inc.",,,,,,,,,,,,,,,www.starts.co.jp,https://disfold.com/company/starts-corp-inc/
16563,16563,2025,Chugai Pharmaceutical Co. Ltd,Chugai Pharmaceutical Co Ltd,,,,,,,,,,,,,,,https://disfold.com/company/chugai-pharmaceutical-co-ltd/,www.chugai-pharm.co.jp
16568,16568,14779,Formosa Plastics Corp,Formosa Petrochemical Corp,,,,,,,,,,,,,,,https://disfold.com/company/formosa-plastics-corp/,https://disfold.com/company/formosa-petrochemical-corp/
16569,16569,13793,Kamigumi Co. Ltd,Kamigumi Co Ltd,,,,,,,,,,,,,,,https://disfold.com/company/kamigumi-co-ltd/,www.kamigumi.co.jp
16593,16593,3214,Air China Ltd,Air China Ld,,,,,,,,,,,,,,,https://disfold.com/company/air-china-ltd/,https://disfold.com/company/air-china-ld/
16601,16601,12300,BYD Electronic (International) Co Ltd,BYD Company,,,,,,,,,,,,,,,www.byd-electronics.com,https://disfold.com/company/byd-co-ltd/
16605,16605,3539,Atria Plc,Atria Oyj,,,,,,,,,,,,,,,www.atria.fi,https://disfold.com/company/atria-oyj/
16609,16609,14014,Stark Corp Public Company Ltd,Starflex Public Company Ltd,,,,,,,,,,,,,,,https://disfold.com/company/stark-corp-public-company-ltd/,https://disfold.com/company/starflex-public-company-ltd/
16616,16616,4533,VeriSign Inc,VeriSign Careers,,,,,,,,,,,,,,,www.verisign.com,www.verisign.com
16640,16640,7492,Vakif Menkul Kiymet Yatirim Ortakligi A.S.,Vakif Gayrimenkul Yatirim Ortakligi AS,,,,,,,,,,,,,,,https://disfold.com/company/vakif-menkul-kiymet-yatirim-ortakligi-as/,https://disfold.com/company/vakif-gayrimenkul-yatirim-ortakligi-as/
16679,16679,14297,Senzime AB,Senzagen AB,,,,,,,,,,,,,,,https://disfold.com/company/senzime-ab/,https://disfold.com/company/senzagen-ab/
16715,16715,9102,Deckers Outdoor Corp,Decision Science Agency,,,,,,,,,,,,,,,www.deckers.com,https://www.decision-science.com/
16725,16725,15157,Cielo SA,Ciech SA,,,,,,,,,,,,,,,https://disfold.com/company/cielo-sa/,https://disfold.com/company/ciech-sa/
16735,16735,3728,"Bolsa de Comercio de Santiago, Bolsa de Valores","Bolsa Mexicana de Valores, S.A.B. de C.V.",,,,,,,,,,,,,,,https://disfold.com/company/bolsa-de-comercio-de-santiago-bolsa-de-valores/,https://disfold.com/company/bolsa-mexicana-de-valores-sab-de-cv/
16743,16743,2942,Healthpeak Properties Inc,Healthians,,,,,,,,,,,,,,,www.healthpeak.com,https://www.healthians.com/
16748,16748,4035,Digitalpa,Digitalmind,,,,,,,,,,,,,,,https://www.digitalpa.it/,https://www.digital-mind.it/
16753,16753,16394,Ricoh Leasing Company Ltd,"Ricoh Company, Ltd.",,,,,,,,,,,,,,,https://disfold.com/company/ricoh-leasing-company-ltd/,https://disfold.com/company/ricoh-company-ltd/
16762,16762,1300,ADARA Careers,ADA,,,,,,,,,,,,,,,adara.com,https://disfold.com/company/ada/
16801,16801,7856,JAC Recruitment Co. Ltd,JAC Recruitment,,,,,,,,,,,,,,,https://disfold.com/company/jac-recruitment-co-ltd/,https://corp.jac-recruitment.jp/
16876,16876,13511,Quest Diagnostics Inc,Queraltó,,,,,,,,,,,,,,,www.questdiagnostics.com,https://www.queralto.com/
16893,16893,14326,PT Indo Kordsa Tbk,PT Indo Komoditi Korpora Tbk,,,,,,,,,,,,,,,https://disfold.com/company/pt-indo-kordsa-tbk/,https://disfold.com/company/pt-indo-komoditi-korpora-tbk/
16912,16912,13810,Conviva Careers,Convert Group,,,,,,,,,,,,,,,www.conviva.com,https://convertgroup.com
16928,16928,2565,Container Corporation of India Ltd,ContactEngine,,,,,,,,,,,,,,,www.concorindia.com,https://www.contactengine.com/
16929,16929,14432,Public Joint Stock Company TNS energo Voronezh RUB0.4 PRF(RUB),Public Joint Stock Company TNS Energo Yaroslavl,,,,,,,,,,,,,,,https://disfold.com/company/public-joint-stock-company-tns-energo-voronezh-rub04-prfrub/,https://disfold.com/company/public-joint-stock-company-tns-energo-yaroslavl/
16947,16947,4240,Class Limited,Class Editori S.p.A.,,,,,,,,,,,,,,,https://disfold.com/company/class-limited/,https://disfold.com/company/class-editori-spa/
16955,16955,10828,PT. Verena Multi Finance Tbk,PT. Trust Finance Indonesia Tbk,,,,,,,,,,,,,,,https://disfold.com/company/pt-verena-multi-finance-tbk/,https://disfold.com/company/pt-trust-finance-indonesia-tbk/
16959,16959,9666,Tucows Inc.,Tucows Careers,,,,,,,,,,,,,,,https://disfold.com/company/tucows-inc/,www.tucows.com
16987,16987,13948,"Avis Budget Group, Inc.",Avis Budget Group Inc,,,,,,,,,,,,,,,https://disfold.com/company/avis-budget-group-inc/,avisbudgetgroup.com
17003,17003,1880,The Organic Recruiter Careers,The Orchard Careers,,,,,,,,,,,,,,,www.theorganicrecruiter.com,www.theorchard.com
17032,17032,9546,Golden Star Resources Ltd.,Golden Resorts Group Ltd,,,,,,,,,,,,,,,https://disfold.com/company/golden-star-resources-ltd/,https://disfold.com/company/golden-resorts-group-ltd/
17054,17054,7396,Türkiye Is Bankasi A.S.,Türkiye Halk Bankasi A.S.,,,,,,,,,,,,,,,https://disfold.com/company/turkiye-is-bankasi-as/,https://disfold.com/company/turkiye-halk-bankasi-as/
17056,17056,16826,Continental Wood,"Continental Resources, Inc.",,,,,,,,,,,,,,,http://www.continentalwood.hu/,https://disfold.com/company/continental-resources-inc/
17060,17060,6765,Country Group Holdings Public Company Ltd,Country Group Development Public Company Ltd,,,,,,,,,,,,,,,https://disfold.com/company/country-group-holdings-public-company-ltd/,https://disfold.com/company/country-group-development-public-company-ltd/
17064,17064,8692,Sunoco LP,Sunnysmoker,,,,,,,,,,,,,,,www.sunocolp.com,https://www.sunnysmoker.com
17077,17077,9522,Aspen Group,Aspen,,,,,,,,,,,,,,,https://disfold.com/company/aspen-group/,https://disfold.com/company/aspen/
17102,17102,1134,IronRidge Resources Limited,Iron Road Limited,,,,,,,,,,,,,,,https://disfold.com/company/ironridge-resources-limited/,https://disfold.com/company/iron-road-limited/
17118,17118,14516,"Medical Properties Trust, Inc.",Medical Properties Trust Inc,,,,,,,,,,,,,,,https://disfold.com/company/medical-properties-trust-inc/,medicalpropertiestrust.com
17137,17137,10959,Taiwan Cogeneration Corporation,Taiwan Cogeneration Corp,,,,,,,,,,,,,,,http://www.cogen.com.tw/,https://disfold.com/company/taiwan-cogeneration-corp/
17148,17148,2956,Ever Sunshine Lifestyle Services Group Ltd,Ever Harvest Group Holdings Ltd,,,,,,,,,,,,,,,https://disfold.com/company/ever-sunshine-lifestyle-services-group-ltd/,https://disfold.com/company/ever-harvest-group-holdings-ltd/
17152,17152,13944,crxmarkets Careers,creditshelf,,,,,,,,,,,,,,,www.crxmarkets.com,https://www.creditshelf.com
17169,17169,12696,Thai Rayon Public Company Ltd,Thai President Foods Public Company Ltd,,,,,,,,,,,,,,,https://disfold.com/company/thai-rayon-public-company-ltd/,https://disfold.com/company/thai-president-foods-public-company-ltd/
17184,17184,10609,SolarEdge Technologies Inc,SolarCity Careers,,,,,,,,,,,,,,,www.solaredge.com,www.solarcity.com
17189,17189,4438,Thai Nam Plastic Public Company Ltd,Thai Nakarin Hospital Public Company Ltd,,,,,,,,,,,,,,,https://disfold.com/company/thai-nam-plastic-public-company-ltd/,https://disfold.com/company/thai-nakarin-hospital-public-company-ltd/
17193,17193,8827,Capital Point Ltd,Capital Park SA,,,,,,,,,,,,,,,https://disfold.com/company/capital-point-ltd/,https://disfold.com/company/capital-park-sa/
17237,17237,16427,Ingentec Corp,Ingenico SA,,,,,,,,,,,,,,,https://disfold.com/company/ingentec-corp/,www.ingenico.com
17240,17240,4267,Nippon Shokubai Co. Ltd,Nippon Shokubai Co Ltd,,,,,,,,,,,,,,,https://disfold.com/company ippon-shokubai-co-ltd/,www.shokubai.co.jp
17246,17246,12778,The Link Real Estate Investment Trust,The Libman Company Careers,,,,,,,,,,,,,,,www.linkreit.com,libman.com
17262,17262,146,"Alpha Pro Tech, Ltd.","Alpha Networks, Inc.",,,,,,,,,,,,,,,https://disfold.com/company/alpha-pro-tech-ltd/,https://disfold.com/company/alpha-networks-inc/
17299,17299,10256,"Audax Renovables, SA",Audax Renovables SA,,,,,,,,,,,,,,,https://disfold.com/company/audax-renovables-sa/,www.audaxrenovables.com
17305,17305,1283,W. R. Berkley Corporation,W. R. Berkley Corp,,,,,,,,,,,,,,,https://disfold.com/company/w-r-berkley-corporation/,www.berkley.com
17325,17325,10774,"Amkor Technology, Inc.",Amkor Technology Inc,,,,,,,,,,,,,,,https://disfold.com/company/amkor-technology-inc/,www.amkor.com
17333,17333,2192,AFRY AB,AFR-IX telecom,,,,,,,,,,,,,,,afry.com,https://afr-ix.com/
17356,17356,1273,BlinkUX Careers,Blink Health Careers,,,,,,,,,,,,,,,blinkux.com,www.blinkhealth.com
17358,17358,4639,Trencadis Corp,Trencadis,,,,,,,,,,,,,,,https://www.trencadis.ro,https://www.trencadis.ro
17367,17367,2129,THK Co. Ltd,THK Co Ltd,,,,,,,,,,,,,,,https://disfold.com/company/thk-co-ltd/,www.thk.com
17369,17369,176,"Corporación Moctezuma, S.A.B. de C.V.","Corporación Interamericana de Entretenimiento, S.A.B. de C.V.",,,,,,,,,,,,,,,https://disfold.com/company/corporacion-moctezuma-sab-de-cv/,https://disfold.com/company/corporacion-interamericana-de-entretenimiento-sab-de-cv/
17380,17380,5705,Enloc Energy,Enloc,,,,,,,,,,,,,,,https://www.enloc.de/,https://www.enloc.de
17395,17395,3600,Tapaco Public Company Ltd,Taokaenoi Food & Marketing Public Company Ltd,,,,,,,,,,,,,,,https://disfold.com/company/tapaco-public-company-ltd/,https://disfold.com/company/taokaenoi-food-marketing-public-company-ltd/
17437,17437,11355,Radian Group Inc,Radarservices,,,,,,,,,,,,,,,www.radian.com,https://www.radarservices.com
17438,17438,7270,Confinvest F.L. S.p.A.,Confinvest,,,,,,,,,,,,,,,https://disfold.com/company/confinvest-fl-spa/,https://www.confinvest.it/
17447,17447,16929,Public Joint Stock Company Tambov power supply company,Public Joint Stock Company TNS energo Voronezh RUB0.4 PRF(RUB),,,,,,,,,,,,,,,https://disfold.com/company/public-joint-stock-company-tambov-power-supply-company/,https://disfold.com/company/public-joint-stock-company-tns-energo-voronezh-rub04-prfrub/
17449,17449,561,Hyundai Rotem Co,Hyundai Motor Co,,,,,,,,,,,,,,,www.hyundai-rotem.co.kr,www.hyundai.com
17458,17458,2133,Aeon Delight Co Ltd,Aeon Co. Ltd,,,,,,,,,,,,,,,www.aeondelight.co.jp,https://disfold.com/company/aeon-co-ltd/
17477,17477,1192,"Vidrala, SA",Vidrala SA,,,,,,,,,,,,,,,https://disfold.com/company/vidrala-sa/,www.vidrala.com
17524,17524,15202,Cameco Corporation,Cameco Corp,,,,,,,,,,,,,,,https://disfold.com/company/cameco-corporation/,www.cameco.com
17558,17558,4846,Scalefocus,ScaleHub,,,,,,,,,,,,,,,https://www.scalefocus.com/,https://www.scalehub.com
17567,17567,6109,Brainpull,Brainhub,,,,,,,,,,,,,,,https://www.brainpull.com/,https://brainhub.eu
17578,17578,3501,VirtusLab,Virtus Lab,,,,,,,,,,,,,,,https://virtuslab.com,https://virtuslab.com/
17585,17585,16045,AMETEK Inc,AMERCO,,,,,,,,,,,,,,,www.ametek.com,https://disfold.com/company/amerco/
17587,17587,5807,Central Holding Group Co. Ltd,Central Glass Co. Ltd,,,,,,,,,,,,,,,https://disfold.com/company/central-holding-group-co-ltd/,https://disfold.com/company/central-glass-co-ltd/
17589,17589,13326,Al Sagr Cooperative Insurance Company,Al Rajhi Company for Cooperative Insurance,,,,,,,,,,,,,,,https://disfold.com/company/al-sagr-cooperative-insurance-company/,https://disfold.com/company/al-rajhi-company-for-cooperative-insurance/
17604,17604,3952,Trimble Inc.,Trimble Inc,,,,,,,,,,,,,,,https://disfold.com/company/trimble-inc/,www.trimble.com
17613,17613,2998,National Beverage Corp,National Bank of Kuwait,,,,,,,,,,,,,,,www.nationalbeverage.com,www.nbk.com
17619,17619,17507,Turkiye Halk Bankasi AS,Turkiye Garanti Bankası Anonim Sirketi,,,,,,,,,,,,,,,www.halkbank.com.tr,www.garantibbva.com.tr
17620,17620,9658,China Datang Corp Renewable Power Co. Ltd,China Container Terminal Corp,,,,,,,,,,,,,,,https://disfold.com/company/china-datang-corp-renewable-power-co-ltd/,https://disfold.com/company/china-container-terminal-corp/
17625,17625,16085,SignalFx Careers,Signal Media,,,,,,,,,,,,,,,signalfx.com,https://www.signalmedia.co
17655,17655,13398,China Railway Signal & Communication Corp Ltd,China Railway Hi-tech Industry Corp Ltd,,,,,,,,,,,,,,,https://disfold.com/company/china-railway-signal-communication-corp-ltd/,https://disfold.com/company/china-railway-hi-tech-industry-corp-ltd/
17674,17674,9113,Khonburi Sugar Public Company Ltd,Khon Kaen Sugar Industry Public Company Ltd,,,,,,,,,,,,,,,https://disfold.com/company/khonburi-sugar-public-company-ltd/,https://disfold.com/company/khon-kaen-sugar-industry-public-company-ltd/
17705,17705,1032,IDGC of Volga PJSC,IDGC of Urals JSC,,,,,,,,,,,,,,,https://disfold.com/company/idgc-of-volga-pjsc/,https://disfold.com/company/idgc-of-urals-jsc/
17709,17709,5331,"Altria Group, Inc.",Altria Group Inc,,,,,,,,,,,,,,,https://disfold.com/company/altria-group-inc/,www.altria.com
17714,17714,7683,Prodigioso Volcán,Prodigi Group,,,,,,,,,,,,,,,https://www.prodigiosovolcan.com,https://prodigi.com/
17749,17749,10928,Coty Inc,Coty Careers,,,,,,,,,,,,,,,www.coty.com,www.coty.com
17761,17761,13364,Integrata Oy,Integrata,,,,,,,,,,,,,,,https://www.integrata.fi/,http://integrata.fi
17768,17768,16295,Majar – Matzaridis Bros,Majar - Matzaridis Bros,,,,,,,,,,,,,,,https://www.majar.gr/,https://www.majar.gr
17834,17834,15691,China Fordoo Holdings Ltd,China Foods Ltd,,,,,,,,,,,,,,,https://disfold.com/company/china-fordoo-holdings-ltd/,https://disfold.com/company/china-foods-ltd/
17845,17845,7094,Hotel Property Investments,Hotel Properties Ltd,,,,,,,,,,,,,,,https://disfold.com/company/hotel-property-investments/,https://disfold.com/company/hotel-properties-ltd/
17869,17869,12980,MinebeaMitsumi Inc,"Minebea Mitsumi, Inc.",,,,,,,,,,,,,,,www.minebeamitsumi.com,https://disfold.com/company/minebea-mitsumi-inc/
17882,17882,2658,Applied Materials,Applied Industrial Technologies Inc,,,,,,,,,,,,,,,https://disfold.com/company/applied-materials-inc/,www.applied.com
17931,17931,3247,Beijing Tiantan Biological Products Co. Ltd,Beijing Sinnet Technology Co. Ltd,,,,,,,,,,,,,,,https://disfold.com/company/beijing-tiantan-biological-products-co-ltd/,https://disfold.com/company/beijing-sinnet-technology-co-ltd/
17936,17936,2443,LeadSquared,LeadIQ Careers,,,,,,,,,,,,,,,https://www.leadsquared.com/,leadiq.com
17939,17939,332,East Coast Bakehouse,East African Breweries PLC,,,,,,,,,,,,,,,https://eastcoastbakehouse.com,www.eabl.com
17941,17941,7278,Knoll Inc,"Knockaway, Inc. Careers",,,,,,,,,,,,,,,www.knoll.com,www.knock.com
17946,17946,8554,Theta Gold Mines Limited,"Thesis Gold, Inc.",,,,,,,,,,,,,,,https://disfold.com/company/theta-gold-mines-limited/,https://disfold.com/company/thesis-gold-inc/
17952,17952,14944,REMI Careers,REMA-Solutions,,,,,,,,,,,,,,,www.remi.com,https://www.rema-solutions.com/
17973,17973,11211,Beijing Hotgen Biotech Co. Ltd,Beijing Haohua Energy Resource Co. Ltd,,,,,,,,,,,,,,,https://disfold.com/company/beijing-hotgen-biotech-co-ltd/,https://disfold.com/company/beijing-haohua-energy-resource-co-ltd/
17987,17987,8895,MeGroup Ltd,Me Today Ltd,,,,,,,,,,,,,,,https://disfold.com/company/megroup-ltd/,https://disfold.com/company/me-today-ltd/
17991,17991,12063,Capital VC Ltd,Capital Securities Corp,,,,,,,,,,,,,,,https://disfold.com/company/capital-vc-ltd/,https://disfold.com/company/capital-securities-corp/
18000,18000,4923,West Fraser Timber Co Ltd,West China Cement Ltd,,,,,,,,,,,,,,,www.westfraser.com,www.westchinacement.com
18047,18047,3644,Far East Horizon Ltd,Far East Group Ltd,,,,,,,,,,,,,,,https://disfold.com/company/far-east-horizon-ltd/,https://disfold.com/company/far-east-group-ltd/
18054,18054,3765,3CS Corporate Solicitors,3C S.r.l.,,,,,,,,,,,,,,,https://www.3hrcs.com/,https://www.3csrl.com
18061,18061,15484,Cheng Mei Materials Technology Corp,Cheng Loong Corp,,,,,,,,,,,,,,,https://disfold.com/company/cheng-mei-materials-technology-corp/,https://disfold.com/company/cheng-loong-corp/
18066,18066,12884,Vonage Holdings Corp,Vonage Careers,,,,,,,,,,,,,,,www.vonage.com,www.vonage.com
18088,18088,7371,Fundo de Investimento Imobiliario Presidente Vargas,Fundo de Investimento Imobiliario Panamby,,,,,,,,,,,,,,,https://disfold.com/company/fundo-de-investimento-imobiliario-presidente-vargas/,https://disfold.com/company/fundo-de-investimento-imobiliario-panamby/
18108,18108,14054,Equatorial Para Distribuidora de Energia SA,Equatorial Maranhao Distribuidora de Energia SA,,,,,,,,,,,,,,,https://disfold.com/company/equatorial-para-distribuidora-de-energia-sa/,https://disfold.com/company/equatorial-maranhao-distribuidora-de-energia-sa/
18115,18115,12493,Instart Careers,Instarea,,,,,,,,,,,,,,,www.instartlogic.com,https://www.instarea.com
18133,18133,6326,Harsco Corp,Harness Code,,,,,,,,,,,,,,,www.harsco.com,http://harnesscode.com/
18134,18134,12147,Sun Communities Inc,Sun Brothers Development,,,,,,,,,,,,,,,www.suncommunities.com,http://www.sunbrothers.com.tw/
18163,18163,12079,Bentley Innomed,Bentley InnoMed,,,,,,,,,,,,,,,https://www.bentley.global,https://www.bentley.global/
18233,18233,182,Newell Brands Inc,Newcrest Mining Ltd,,,,,,,,,,,,,,,www.newellbrands.com,www.newcrest.com
18238,18238,10007,Credito Emiliano SpA,Credito Emiliano S.p.A.,,,,,,,,,,,,,,,www.credem.it,https://disfold.com/company/credito-emiliano-spa/
18258,18258,11312,China Telecom Corp Ltd,China Technology Industry Group Ltd,,,,,,,,,,,,,,,https://disfold.com/company/china-telecom-corp-ltd/,https://disfold.com/company/china-technology-industry-group-ltd/
18262,18262,3199,Valmet Oyj,Valmet Corp,,,,,,,,,,,,,,,https://disfold.com/company/valmet-oyj/,www.valmet.com
18280,18280,18171,"Bonterra Resources, Inc.",Bonterra Energy Corp.,,,,,,,,,,,,,,,https://disfold.com/company/bonterra-resources-inc/,https://disfold.com/company/bonterra-energy-corp/
18302,18302,2001,"Citrix Systems, Inc.",Citrix Systems Inc,,,,,,,,,,,,,,,https://disfold.com/company/citrix-systems-inc/,www.citrix.com
18312,18312,12398,iProov,iPlato Healthcare,,,,,,,,,,,,,,,https://www.iproov.com/,https://www.iplato.com
18316,18316,17077,Aspen Group Ltd,Aspen Group,,,,,,,,,,,,,,,https://disfold.com/company/aspen-group-ltd/,https://disfold.com/company/aspen-group/
18364,18364,15469,ROHM Co. Ltd,ROHM Co Ltd,,,,,,,,,,,,,,,https://disfold.com/company/rohm-co-ltd/,www.rohm.co.jp
18375,18375,13550,Integrated Research Limited,Integrated Media Technology Limited,,,,,,,,,,,,,,,https://disfold.com/company/integrated-research-limited/,https://disfold.com/company/integrated-media-technology-limited/
18392,18392,10677,Gramener,Grameenphone Ltd,,,,,,,,,,,,,,,https://gramener.com/,www.grameenphone.com
18414,18414,11395,American Tower Corp,American Tower,,,,,,,,,,,,,,,www.americantower.com,https://disfold.com/company/american-tower-corporation-reit/
18423,18423,8363,Australian Finance Group Limited,Australian Ethical Investment Ltd.,,,,,,,,,,,,,,,https://disfold.com/company/australian-finance-group-limited/,https://disfold.com/company/australian-ethical-investment-ltd/
18432,18432,9069,Elastica,Elastic N.V.,,,,,,,,,,,,,,,https://www.elastica.eu,https://disfold.com/company/elastic-nv/
18446,18446,14785,TPXimpact,TPV Technology Co Ltd,,,,,,,,,,,,,,,https://www.tpximpact.com/,www.tpv-tech.com
18450,18450,10725,SiamEast Solutions Public Company Ltd,Siam Wellness Group Public Company Ltd,,,,,,,,,,,,,,,https://disfold.com/company/siameast-solutions-public-company-ltd/,https://disfold.com/company/siam-wellness-group-public-company-ltd/
18463,18463,6719,Solocal Group SA,Solnet Green Energy,,,,,,,,,,,,,,,https://disfold.com/company/solocal-group-sa/,https://solnet.group/
18474,18474,653,"Arrow Electronics, Inc.",Arrow Electronics Inc,,,,,,,,,,,,,,,https://disfold.com/company/arrow-electronics-inc/,www.arrow.com
18483,18483,16289,Miura Co. Ltd,Miura Co Ltd,,,,,,,,,,,,,,,https://disfold.com/company/miura-co-ltd/,www.miuraz.co.jp
18507,18507,14497,Cargotec Corp,Cargojet Inc.,,,,,,,,,,,,,,,https://disfold.com/company/cargotec-corp/,https://disfold.com/company/cargojet-inc/
18522,18522,11111,Cognizant Technology Solutions Corp,Cognizant Careers,,,,,,,,,,,,,,,www.cognizant.com,www.cognizant.com
18529,18529,9993,Colgate-Palmolive Company,Colgate-Palmolive Co,,,,,,,,,,,,,,,https://disfold.com/company/colgate-palmolive-company/,www.colgatepalmolive.com
18571,18571,12353,CITIC Securities Company Ltd,CITIC Resources Holdings Ltd,,,,,,,,,,,,,,,https://disfold.com/company/citic-securities-company-ltd/,https://disfold.com/company/citic-resources-holdings-ltd/
18574,18574,7563,LG Innotek Co Ltd,LG H&H Co Ltd,,,,,,,,,,,,,,,www.lginnotek.com,www.lghnh.com
18576,18576,18315,Lenenergo PJSC,Lenenergo,,,,,,,,,,,,,,,https://disfold.com/company/lenenergo-pjsc/,rosseti-lenenergo.ru
18608,18608,9733,Ball Corporation Careers,Ball Corporation,,,,,,,,,,,,,,,www.ball.com,https://disfold.com/company/ball-corporation/
18620,18620,7732,Altrad Investment Authority SAS,Altra Industrial Motion Corp,,,,,,,,,,,,,,,www.altrad.com,www.altramotion.com
18628,18628,14280,VisiConsult X-ray Systems & Solutions,VisiConsult,,,,,,,,,,,,,,,https://www.visiconsult.de/,https://www.visiconsult.de
18629,18629,18620,Altran Careers,Altrad Investment Authority SAS,,,,,,,,,,,,,,,www.altran.com,www.altrad.com
18641,18641,6442,Banca Generali S.p.A.,Banca Finnat Euramerica S.p.A.,,,,,,,,,,,,,,,https://disfold.com/company/banca-generali-spa/,https://disfold.com/company/banca-finnat-euramerica-spa/
18642,18642,12539,Computershare Limited,Computers Parts,,,,,,,,,,,,,,,https://disfold.com/company/computershare-limited/,https://www.computersparts.it
18643,18643,8874,INTELUCK,INTELORG,,,,,,,,,,,,,,,https://www.inteluck.com/,http://www.intelorg.com.sg/
18669,18669,1278,PT Bank BTPN Tbk,PT Bank BTPN Syariah Tbk,,,,,,,,,,,,,,,https://disfold.com/company/pt-bank-btpn-tbk/,https://disfold.com/company/pt-bank-btpn-syariah-tbk/
18710,18710,4150,Fundo de Investimento Imobiliario The One Fund,Fundo de Investimento Imobiliario Rio Negro,,,,,,,,,,,,,,,https://disfold.com/company/fundo-de-investimento-imobiliario-the-one-fund/,https://disfold.com/company/fundo-de-investimento-imobiliario-rio-negro/
18720,18720,3053,ING Group NV,ING Group Careers,,,,,,,,,,,,,,,www.ing.com,www.ing.com
18721,18721,16671,DFI,DFDS A/S,,,,,,,,,,,,,,,https://www.dfi.com/,www.dfds.com
18811,18811,8496,"Teradyne, Inc.",Teradyne Inc,,,,,,,,,,,,,,,https://disfold.com/company/teradyne-inc/,www.teradyne.com
18848,18848,17673,Advini,Advicenne SA,,,,,,,,,,,,,,,https://disfold.com/company/advini/,https://disfold.com/company/advicenne-sa/
18901,18901,4377,Microchip Technology Inc,Microblink,,,,,,,,,,,,,,,www.microchip.com,https://microblink.com/
18918,18918,11131,Empresas Lipigas SA,Empresas La Polar SA,,,,,,,,,,,,,,,https://disfold.com/company/empresas-lipigas-sa/,https://disfold.com/company/empresas-la-polar-sa/
18935,18935,16751,ASR Nederland NV,ASR Nederland N.V.,,,,,,,,,,,,,,,asrnederland.nl,https://disfold.com/company/asr-nederland-nv/
18937,18937,3662,Wattanapat Hospital Trang Public Company Ltd,Wattana Karnpaet Public Company Ltd,,,,,,,,,,,,,,,https://disfold.com/company/wattanapat-hospital-trang-public-company-ltd/,https://disfold.com/company/wattana-karnpaet-public-company-ltd/
18940,18940,9654,"Public Joint Stock Company ""TNS energo Kuban""","Public Joint Stock Company ""Sakhalinenergo""",,,,,,,,,,,,,,,https://disfold.com/company/public-joint-stock-company-tns-energo-kuban/,https://disfold.com/company/public-joint-stock-company-sakhalinenergo/
18951,18951,5988,CapitaLand Group Pte Ltd,CapitaLand China Trust,,,,,,,,,,,,,,,www.capitaland.com/international/en.html,https://disfold.com/company/capitaland-china-trust/
18981,18981,4496,Tecma Solutions,Tecknuovo,,,,,,,,,,,,,,,https://www.tecmasolutions.com/,https://tecknuovo.com/
18988,18988,3135,Public joint stock company Yakutskenergo,Public joint stock company ROSBANK,,,,,,,,,,,,,,,https://disfold.com/company/public-joint-stock-company-yakutskenergo/,https://disfold.com/company/public-joint-stock-company-rosbank/
19038,19038,10562,Barrick Gold Corporation,Barrick Gold Corp,,,,,,,,,,,,,,,https://disfold.com/company/barrick-gold-corporation/,www.barrick.com
19052,19052,3833,Centene Corporation,Centene Corp,,,,,,,,,,,,,,,https://disfold.com/company/centene-corporation/,www.centene.com
19055,19055,13757,McAfee Corp,McAfee Careers,,,,,,,,,,,,,,,www.mcafee.com,www.mcafee.com
19060,19060,340,Banka BioLoo Ltd,Banka BioLoo,,,,,,,,,,,,,,,https://disfold.com/company/banka-bioloo-ltd/,https://www.bankabio.com/
19097,19097,7530,Elisa Oyj,Elis SA,,,,,,,,,,,,,,,https://disfold.com/company/elisa-oyj/,https://disfold.com/company/elis-sa/
19108,19108,10406,Carnival Corporation & plc,Carnival Corporation & Plc,,,,,,,,,,,,,,,https://disfold.com/company/carnival-corporation-plc/,www.carnivalcorp.com
19118,19118,11237,Thryv Holdings Inc,Thriva,,,,,,,,,,,,,,,www.thryv.com,https://thriva.co/
19120,19120,1389,Greenlane Renewables Inc.,Greenland Minerals Limited,,,,,,,,,,,,,,,https://disfold.com/company/greenlane-renewables-inc/,https://disfold.com/company/greenland-minerals-limited/
19131,19131,15890,Basedo Steel,Base Resources Limited,,,,,,,,,,,,,,,https://www.basedosteel.com,https://disfold.com/company/base-resources-limited/
19135,19135,6296,Alphaville SA,Alphaspel,,,,,,,,,,,,,,,https://disfold.com/company/alphaville-sa/,https://alphaspel.se/
19137,19137,1508,Charter Communications Inc,Charter Communications,,,,,,,,,,,,,,,corporate.charter.com,https://disfold.com/company/charter-communications-inc/
19153,19153,18423,Australian Foundation Investment Company Limited,Australian Finance Group Limited,,,,,,,,,,,,,,,https://disfold.com/company/australian-foundation-investment-company-limited/,https://disfold.com/company/australian-finance-group-limited/
19154,19154,12947,ClearScore Technology,ClearSale SA,,,,,,,,,,,,,,,https://www.clearscore.com,https://disfold.com/company/clearsale-sa/
19159,19159,12188,Whitbread plc,Whitbread Plc,,,,,,,,,,,,,,,https://disfold.com/company/whitbread-plc/,www.whitbread.co.uk
19169,19169,2978,Cimpress plc,Cimpress Plc,,,,,,,,,,,,,,,https://disfold.com/company/cimpress-plc/,cimpress.com
19184,19184,10395,Apartment Therapy Careers,Apartment Income REIT Corp.,,,,,,,,,,,,,,,apartmenttherapy.com,https://disfold.com/company/apartment-income-reit-corp/
19188,19188,9944,Da.Dif. Consulting,Da.Dif Consulting,,,,,,,,,,,,,,,http://www.dadif.com/,https://www.dadif.com/
19221,19221,10915,ScandiDos AB,Scandi Standard AB,,,,,,,,,,,,,,,https://disfold.com/company/scandidos-ab/,https://disfold.com/company/scandi-standard-ab/
19230,19230,6463,Hyperdrive Innovation,Hyperconnect,,,,,,,,,,,,,,,https://hyperdriveinnovation.com,https://hyperconnect.com/ko/
19240,19240,13792,Cowen Inc,Coway Co Ltd,,,,,,,,,,,,,,,www.cowen.com,www.coway.com
19273,19273,14750,Gamesys Group plc,Games Workshop Group plc,,,,,,,,,,,,,,,https://disfold.com/company/gamesys-group-plc/,https://disfold.com/company/games-workshop-group-plc/
19304,19304,5618,Ciena Corporation,Ciena Corp,,,,,,,,,,,,,,,https://disfold.com/company/ciena-corporation/,www.ciena.com
19311,19311,9935,SeAH Steel Corp,SeAH Besteel Corporation,,,,,,,,,,,,,,,https://disfold.com/company/seah-steel-corp/,www.seahbesteel.co.kr
19341,19341,18586,RB Capital General Shopping Sulacap Real Estate Investment Fund,RB Capital Development Residential Real Estate Investment Fund II,,,,,,,,,,,,,,,https://disfold.com/company/rb-capital-general-shopping-sulacap-real-estate-investment-fund/,https://disfold.com/company/rb-capital-development-residential-real-estate-investment-fund-ii/
19378,19378,195,Future Generation Investment Company Limited,Future Generation Global Investment Company Limited,,,,,,,,,,,,,,,https://disfold.com/company/future-generation-investment-company-limited/,https://disfold.com/company/future-generation-global-investment-company-limited/
19385,19385,11623,China Communications Services Corp Ltd,China Communications Construction Co Ltd,,,,,,,,,,,,,,,https://disfold.com/company/china-communications-services-corp-ltd/,https://disfold.com/company/china-communications-construction-co-ltd/
19387,19387,6303,Sumec Corporation Ltd,Sumco Corp,,,,,,,,,,,,,,,www.sumec.com,https://disfold.com/company/sumco-corp/
19398,19398,12659,"Assurant, Inc.",Assurant Inc,,,,,,,,,,,,,,,https://disfold.com/company/assurant-inc/,www.assurant.com
19407,19407,10862,Global Consumer Public Company Ltd,Global Connections Public Company Ltd,,,,,,,,,,,,,,,https://disfold.com/company/global-consumer-public-company-ltd/,https://disfold.com/company/global-connections-public-company-ltd/
19441,19441,17596,Yocabe’,Yocabe,,,,,,,,,,,,,,,http://www.yocabe.com/,http://www.yocabe.com
19455,19455,10259,Eurofins Scientific SE,Eurofins Careers,,,,,,,,,,,,,,,www.eurofins.com,www.eurofins.com
19461,19461,13403,Alarko Gayrimenkul Yatirim Ortakligi A.S.,Alarko Carrier Sanayi ve Ticaret A.S.,,,,,,,,,,,,,,,https://disfold.com/company/alarko-gayrimenkul-yatirim-ortakligi-as/,https://disfold.com/company/alarko-carrier-sanayi-ve-ticaret-as/
19481,19481,17949,Tsumura & Co.,Tsumura & Co,,,,,,,,,,,,,,,https://disfold.com/company/tsumura-co/,www.tsumura.co.jp
19524,19524,1234,Schroders plc,Schroders Plc,,,,,,,,,,,,,,,https://disfold.com/company/schroders-plc/,www.schroders.com
19530,19530,17918,"Aberdeen Emerging Markets Equity Income Fund, Inc.",Aberdeen Diversified Income And Growth Trust plc,,,,,,,,,,,,,,,https://disfold.com/company/aberdeen-emerging-markets-equity-income-fund-inc/,https://disfold.com/company/aberdeen-diversified-income-and-growth-trust-plc/
19565,19565,12278,SmartLens Analytics Careers,SmartCredit (SmartSearch),,,,,,,,,,,,,,,www.smartlensanalytics.com,https://smartsearch.com/
19578,19578,15112,Popular Inc,Popsa,,,,,,,,,,,,,,,www.popular.com,https://popsa.com/
19593,19593,341,TPK Holding Co Ltd,TPIsoftware Corporation,,,,,,,,,,,,,,,www.tpk.com,https://www.tpisoftware.com/
19599,19599,2659,Fast Retailing Co. Ltd,Fast Retailing Co Ltd,,,,,,,,,,,,,,,https://disfold.com/company/fast-retailing-co-ltd/,www.fastretailing.com
19622,19622,11980,CSHARK,CSG Systems International Inc,,,,,,,,,,,,,,,https://cshark.com/,www.csgi.com
19624,19624,6087,8VI Holdings Limited,8I Holdings Limited,,,,,,,,,,,,,,,https://disfold.com/company/8vi-holdings-limited/,https://disfold.com/company/8i-holdings-limited/
19646,19646,18209,Lu Zhou Lao Jiao Co Ltd,LoyaltyLion,,,,,,,,,,,,,,,www.lzlj.com,https://loyaltylion.com/
19651,19651,11632,Blue Newt Software Careers,Blue Motor Finance,,,,,,,,,,,,,,,www.blue-newt.com,https://blue.co.uk
19694,19694,2994,H&R Block Careers,H&M Careers,,,,,,,,,,,,,,,www.hrblock.com,www.hm.com
19706,19706,7963,British Airways Plc,BriteCore Careers,,,,,,,,,,,,,,,www.britishairways.com,www.britecore.com
19715,19715,738,Advanced Holdings Ltd,Advanced Health Ltd,,,,,,,,,,,,,,,https://disfold.com/company/advanced-holdings-ltd/,https://disfold.com/company/advanced-health-ltd/
19717,19717,18306,Capital Power Corporation,Capital Power Corp,,,,,,,,,,,,,,,https://disfold.com/company/capital-power-corporation/,www.capitalpower.com
19722,19722,12927,Deutsche Real Estate AG,Deutsche Post AG,,,,,,,,,,,,,,,https://disfold.com/company/deutsche-real-estate-ag/,https://disfold.com/company/deutsche-post-ag/
19730,19730,7512,Kubrick Group,Kubrick,,,,,,,,,,,,,,,https://kubrickgroup.com,https://www.kubrickgroup.com/uk/
19738,19738,399,Atlantic Navigation Holdings,Atlantia SpA,,,,,,,,,,,,,,,https://disfold.com/company/atlantic-navigation-holdings/,https://disfold.com/company/atlantia-spa/
19740,19740,5131,NSL Ltd,NSK Ltd,,,,,,,,,,,,,,,https://disfold.com/company sl-ltd/,https://disfold.com/company sk-ltd/
19760,19760,17101,DarioHealth Corp.,Darfon Electronics Corp,,,,,,,,,,,,,,,https://disfold.com/company/dariohealth-corp/,https://disfold.com/company/darfon-electronics-corp/
19776,19776,17933,Grazziotin SA,Graziani,,,,,,,,,,,,,,,https://disfold.com/company/grazziotin-sa/,https://www.graziani.net
19779,19779,16074,Antarctica Ltd,AntarChile SA,,,,,,,,,,,,,,,https://disfold.com/company/antarctica-ltd/,https://disfold.com/company/antarchile-sa/
19789,19789,3405,RingCentral Inc,Ring Careers,,,,,,,,,,,,,,,www.ringcentral.com,www.ring.com
19791,19791,7420,Banco Pan SA,Banco Modal SA,,,,,,,,,,,,,,,https://disfold.com/company/banco-pan-sa/,https://disfold.com/company/banco-modal-sa/
19799,19799,16228,Constellium SE,Constellation Software Inc.,,,,,,,,,,,,,,,https://disfold.com/company/constellium-se/,https://disfold.com/company/constellation-software-inc/
19830,19830,1511,"Sierra Oncology, Inc.",Sierra Metals Inc.,,,,,,,,,,,,,,,https://disfold.com/company/sierra-oncology-inc/,https://disfold.com/company/sierra-metals-inc/
19841,19841,12594,Dillard's Inc,Dilip Buildcon Ltd,,,,,,,,,,,,,,,www.dillards.com,www.dilipbuildcon.com
19849,19849,19137,Charter Hall Group,Charter Communications Inc,,,,,,,,,,,,,,,https://disfold.com/company/charter-hall-group/,corporate.charter.com
19861,19861,1920,Capital Environment Holdings Ltd,Capital Engineering Network Public Company Ltd,,,,,,,,,,,,,,,https://disfold.com/company/capital-environment-holdings-ltd/,https://disfold.com/company/capital-engineering-network-public-company-ltd/
19888,19888,11011,MindTree Ltd,MindGeek Careers,,,,,,,,,,,,,,,www.mindtree.com,mindgeek.com
19927,19927,14487,Thai O.P.P. Public Company Ltd,Thai Nondestructive Testing Public Company Ltd,,,,,,,,,,,,,,,https://disfold.com/company/thai-opp-public-company-ltd/,https://disfold.com/company/thai-nondestructive-testing-public-company-ltd/
19959,19959,3910,Siam Pan Group Public Company Ltd,Siam Makro Public Company Ltd,,,,,,,,,,,,,,,https://disfold.com/company/siam-pan-group-public-company-ltd/,https://disfold.com/company/siam-makro-public-company-ltd/
19965,19965,2209,Countryside Properties plc,Countryside Partnerships Plc,,,,,,,,,,,,,,,https://disfold.com/company/countryside-properties-plc/,www.countrysideproperties.com
19967,19967,13895,PT Indonesia Prima Property Tbk,PT Indonesia Pondasi Raya Tbk,,,,,,,,,,,,,,,https://disfold.com/company/pt-indonesia-prima-property-tbk/,https://disfold.com/company/pt-indonesia-pondasi-raya-tbk/
19974,19974,9603,"AutoNation, Inc.",AutoNation Inc,,,,,,,,,,,,,,,https://disfold.com/company/autonation-inc/,www.autonation.com
20014,20014,16071,Zairyo,Zain Group,,,,,,,,,,,,,,,https://www.zairyo.com.sg/,www.zain.com
20031,20031,3820,Commerce Bancshares Inc,"Commcenter, SA",,,,,,,,,,,,,,,www.commercebank.com,https://disfold.com/company/commcenter-sa/
20038,20038,12915,Seagen Inc.,Seagen Inc,,,,,,,,,,,,,,,https://disfold.com/company/seagen-inc/,www.seagen.com
20043,20043,16847,"Hisamitsu Pharmaceutical Co., Inc.",Hisamitsu Pharmaceutical Co Inc,,,,,,,,,,,,,,,https://disfold.com/company/hisamitsu-pharmaceutical-co-inc/,www.hisamitsu.co.jp
20063,20063,17288,Ogury*,Ogury,,,,,,,,,,,,,,,https://www.ogury.com/,https://ogury.com
20100,20100,7341,Old Republic International Corp,Old Mutual Ltd,,,,,,,,,,,,,,,www.oldrepublic.com,www.oldmutual.com
20106,20106,11564,PT Bank CIMB Niaga Tbk,PT Bank Bukopin Tbk,,,,,,,,,,,,,,,https://disfold.com/company/pt-bank-cimb-niaga-tbk/,https://disfold.com/company/pt-bank-bukopin-tbk/
20127,20127,1367,Accesa IT Systems,Accenture Plc,,,,,,,,,,,,,,,https://www.accesa.eu,www.accenture.com
20130,20130,9700,Zara Imballaggi Fabriano,Zara,,,,,,,,,,,,,,,https://zaraimballaggi.nwksite.com/,https://zaraimballaggi.nwksite.com
20149,20149,16363,ADTRAN Careers,ADT Inc.,,,,,,,,,,,,,,,www.adtran.com,https://disfold.com/company/adt-inc/
20155,20155,1341,Bombril SA,Bombayworks,,,,,,,,,,,,,,,https://disfold.com/company/bombril-sa/,https://www.bombayworks.com
20178,20178,4577,Audi Careers,Audi AG,,,,,,,,,,,,,,,www.audi.com,www.audi.com
20181,20181,963,"Workday, Inc.",Workday Inc,,,,,,,,,,,,,,,https://disfold.com/company/workday-inc/,www.workday.com
20184,20184,10336,Adventus Mining Corp,Adventus Holdings Ltd,,,,,,,,,,,,,,,https://disfold.com/company/adventus-mining-corp/,https://disfold.com/company/adventus-holdings-ltd/
20186,20186,8057,City Lodge Hotels Ltd,City Developments Ltd,,,,,,,,,,,,,,,https://disfold.com/company/city-lodge-hotels-ltd/,https://disfold.com/company/city-developments-ltd/
20209,20209,3448,CapitaLand Ltd,CapitaLand Investment Ltd,,,,,,,,,,,,,,,https://disfold.com/company/capitaland-ltd/,https://disfold.com/company/capitaland-investment-ltd/
20211,20211,15365,Consorzio Italiano Strade E Ambiente,Consorzio CISA,,,,,,,,,,,,,,,https://www.consorzio-cisa.it/,https://www.consorzio-cisa.it
20231,20231,13726,Everest Re Group Ltd,Evercore Inc,,,,,,,,,,,,,,,www.everestre.com,www.evercore.com
20248,20248,20004,Mabuchi Motor Co. Ltd,Mabuchi Motor Co Ltd,,,,,,,,,,,,,,,https://disfold.com/company/mabuchi-motor-co-ltd/,www.mabuchi-motor.co.jp
20255,20255,17421,Chinese Maritime Transport Ltd,Chinese Gamer International Corp,,,,,,,,,,,,,,,https://disfold.com/company/chinese-maritime-transport-ltd/,https://disfold.com/company/chinese-gamer-international-corp/
20265,20265,18415,Union Gas Holdings,Union Gas,,,,,,,,,,,,,,,https://www.uniongas.com.sg/,https://www.uniongas.com.sg/
20270,20270,19385,China Conch Venture Holdings Ltd,China Communications Services Corp Ltd,,,,,,,,,,,,,,,https://disfold.com/company/china-conch-venture-holdings-ltd/,https://disfold.com/company/china-communications-services-corp-ltd/
20286,20286,2714,Public Joint-Stock Company TNS energo Rostov-on-Don,Public Joint-Stock Company TNS energo Nizhny Novgorod,,,,,,,,,,,,,,,https://disfold.com/company/public-joint-stock-company-tns-energo-rostov-on-don/,https://disfold.com/company/public-joint-stock-company-tns-energo-nizhny-novgorod/
20287,20287,8960,Tourmaline Oil Corp.,Tourmaline Oil Corp,,,,,,,,,,,,,,,https://disfold.com/company/tourmaline-oil-corp/,www.tourmalineoil.com
20291,20291,17211,Alphabet,AlphaSights Careers,,,,,,,,,,,,,,,https://disfold.com/company/alphabet-inc/,www.alphasights.com
20300,20300,5434,China Resources Mixc Lifestyle Services Ltd,China Resources Microelectronics Ltd,,,,,,,,,,,,,,,https://disfold.com/company/china-resources-mixc-lifestyle-services-ltd/,https://disfold.com/company/china-resources-microelectronics-ltd/
20306,20306,2201,Forterra Inc,Forsyth Barnes,,,,,,,,,,,,,,,www.forterrabp.com,https://www.forsythbarnes.com/
20307,20307,1650,Grupo LALA SAB de CV,Grupo Kuo SAB de CV,,,,,,,,,,,,,,,www.lala.com.mx,www.kuo.com.mx
20310,20310,14112,Bank of Jinzhou Co. Ltd,Bank of Jiangsu Co. Ltd,,,,,,,,,,,,,,,https://disfold.com/company/bank-of-jinzhou-co-ltd/,https://disfold.com/company/bank-of-jiangsu-co-ltd/
20321,20321,15368,Thorney Technologies Ltd,Thorney Opportunities Ltd,,,,,,,,,,,,,,,https://disfold.com/company/thorney-technologies-ltd/,https://disfold.com/company/thorney-opportunities-ltd/
20370,20370,3362,Annaly Careers,"Annaly Capital Management, Inc.",,,,,,,,,,,,,,,www.annaly.com,https://disfold.com/company/annaly-capital-management-inc/
20379,20379,10093,Toagosei Co. Ltd,Toagosei Co Ltd,,,,,,,,,,,,,,,https://disfold.com/company/toagosei-co-ltd/,www.toagosei.co.jp
20395,20395,3464,Globalis Viagens,Globalinternet,,,,,,,,,,,,,,,https://globalisviagens.pt,https://www.globalinter.net
20406,20406,14126,Bank of Kaohsiung Co. Ltd,Bank of Jiujiang Co. Ltd,,,,,,,,,,,,,,,https://disfold.com/company/bank-of-kaohsiung-co-ltd/,https://disfold.com/company/bank-of-jiujiang-co-ltd/
20416,20416,8430,Daido Steel Co. Ltd,Daido Steel Co Ltd,,,,,,,,,,,,,,,https://disfold.com/company/daido-steel-co-ltd/,www.daido.co.jp
20422,20422,255,Grindrod Shipping Holdings Ltd.,Grindrod Ltd,,,,,,,,,,,,,,,https://disfold.com/company/grindrod-shipping-holdings-ltd/,https://disfold.com/company/grindrod-ltd/
20440,20440,15555,"Amedisys, Inc.",Amedisys Inc,,,,,,,,,,,,,,,https://disfold.com/company/amedisys-inc/,www.amedisys.com
20449,20449,6322,FPT Software Careers,FPT Corp,,,,,,,,,,,,,,,www.fpt-software.com,www.fpt.com.vn
20452,20452,879,China Tower Corp Ltd,China Touyun Tech Group Ltd,,,,,,,,,,,,,,,https://disfold.com/company/china-tower-corp-ltd/,https://disfold.com/company/china-touyun-tech-group-ltd/
20469,20469,11711,Quebecor Inc.,Quebecor Inc,,,,,,,,,,,,,,,https://disfold.com/company/quebecor-inc/,www.quebecor.com
20492,20492,18134,"Sun Communities, Inc.",Sun Communities Inc,,,,,,,,,,,,,,,https://disfold.com/company/sun-communities-inc/,www.suncommunities.com
20498,20498,7031,GameStop Corp.,GameStop Corp,,,,,,,,,,,,,,,https://disfold.com/company/gamestop-corp/,www.gamestop.com
20502,20502,488,Calliditas Therapeutics AB (publ),Calliditas Therapeutics AB,,,,,,,,,,,,,,,https://disfold.com/company/calliditas-therapeutics-ab-publ/,https://disfold.com/company/calliditas-therapeutics-ab/
20521,20521,6255,"CDK Global, Inc.",CDK Global Inc,,,,,,,,,,,,,,,https://disfold.com/company/cdk-global-inc/,www.cdkglobal.com
20526,20526,14576,Energiekontor AG,Energiedienst Holding AG,,,,,,,,,,,,,,,https://disfold.com/company/energiekontor-ag/,https://disfold.com/company/energiedienst-holding-ag/
20533,20533,19055,McAfee Corp.,McAfee Corp,,,,,,,,,,,,,,,https://disfold.com/company/mcafee-corp/,www.mcafee.com
20538,20538,18994,Assetz Capital,AssetCo plc,,,,,,,,,,,,,,,https://www.assetzcapital.co.uk/,https://disfold.com/company/assetco-plc/
20543,20543,12906,"Cathay Consolidated, Inc.","Cathay Chemical Works, Inc.",,,,,,,,,,,,,,,https://disfold.com/company/cathay-consolidated-inc/,https://disfold.com/company/cathay-chemical-works-inc/
20563,20563,6502,Pictet & Cie Group SCA,Picodi.com,,,,,,,,,,,,,,,www.pictet.com,https://www.picodi.com/
20572,20572,19831,Vizolution,Viziworx Creative Careers,,,,,,,,,,,,,,,https://www.vizolution.com/,www.viziworx.com
20590,20590,14888,Osaka Steel Co. Ltd,Osaka Soda Co. Ltd,,,,,,,,,,,,,,,https://disfold.com/company/osaka-steel-co-ltd/,https://disfold.com/company/osaka-soda-co-ltd/
20629,20629,17233,Feiniko Handelsgesellschaft mbH,Feiniko Handelsgesellschaft,,,,,,,,,,,,,,,https://www.feiniko.de,https://www.feiniko.de/
20632,20632,450,Signify NV,Signify N.V.,,,,,,,,,,,,,,,www.signify.com,https://disfold.com/company/signify-nv/
20644,20644,10215,Amiltone,Amilon,,,,,,,,,,,,,,,https://www.amiltone.com,https://www.amilon.it
20660,20660,1853,NETGEAR Inc,NERA Economic Consulting Careers,,,,,,,,,,,,,,,www.netgear.com,www.nera.com
20661,20661,15819,BlackBerry Limited,BlackBelt Holding,,,,,,,,,,,,,,,https://disfold.com/company/blackberry-limited/,https://www.blackbelt.hu/
20670,20670,5211,Nissha Co. Ltd,Nissan Shatai Co. Ltd,,,,,,,,,,,,,,,https://disfold.com/company issha-co-ltd/,https://disfold.com/company issan-shatai-co-ltd/
20677,20677,2652,Bank of Beijing Co. Ltd,Bank of Beijing Co Ltd,,,,,,,,,,,,,,,https://disfold.com/company/bank-of-beijing-co-ltd/,www.bankofbeijing.com.cn
20717,20717,16130,Future Plc,Future Mind,,,,,,,,,,,,,,,www.futureplc.com,https://futuremind.com/
20736,20736,4843,Adyen NV,Adyen N.V.,,,,,,,,,,,,,,,www.adyen.com,https://disfold.com/company/adyen-nv/
20768,20768,18225,Ryerson Holding Corp,Ryder System Inc,,,,,,,,,,,,,,,ir.ryerson.com,ryder.com
20788,20788,9800,Asia-Pacific Strategic Investments Ltd,Asia-Pac Financial Investment Company Ltd,,,,,,,,,,,,,,,https://disfold.com/company/asia-pacific-strategic-investments-ltd/,https://disfold.com/company/asia-pac-financial-investment-company-ltd/
20798,20798,19713,Under Armour Inc,Under Armour Careers,,,,,,,,,,,,,,,www.underarmour.com,www.underarmour.com
20819,20819,6636,Doctor Qube,Doctor Hail spa,,,,,,,,,,,,,,,http://www.doctorqube.com/,https://www.dottorgrandine.com/
20839,20839,18062,STERIS plc,STERIS Corp,,,,,,,,,,,,,,,https://disfold.com/company/steris-plc/,https://disfold.com/company/steris-corp/
20841,20841,7067,Merkkur*,Merkkur,,,,,,,,,,,,,,,https://www.merkkur.de,https://www.merkkur.de/
20850,20850,4368,Central Pattana Public Company Ltd,Central Japan Railway Co,,,,,,,,,,,,,,,https://disfold.com/company/central-pattana-public-company-ltd/,https://disfold.com/company/central-japan-railway-co/
20858,20858,17181,Is Gayrimenkul Yatirim Ortakligi Anonim Sirketi,Is Finansal Kiralama Anonim Sirketi,,,,,,,,,,,,,,,https://disfold.com/company/is-gayrimenkul-yatirim-ortakligi-anonim-sirketi/,https://disfold.com/company/is-finansal-kiralama-anonim-sirketi/
20876,20876,10295,Comture,Comstock Resources Inc,,,,,,,,,,,,,,,https://www.comture.com/en/,www.comstockresources.com
20898,20898,15920,Tetra Tech Inc,Tetra Pak International SA,,,,,,,,,,,,,,,www.tetratech.com,www.tetrapak.com
20901,20901,3615,Columbia Sportswear Co,Columbia Bank Careers,,,,,,,,,,,,,,,www.columbia.com,www.columbiabank.com
20914,20914,3605,PT Fortune Mate Indonesia Tbk,PT Fortune Indonesia Tbk,,,,,,,,,,,,,,,https://disfold.com/company/pt-fortune-mate-indonesia-tbk/,https://disfold.com/company/pt-fortune-indonesia-tbk/
20921,20921,17798,COSCO SHIPPING Energy Transportation Co. Ltd,COSCO SHIPPING Development Co Ltd,,,,,,,,,,,,,,,https://disfold.com/company/cosco-shipping-energy-transportation-co-ltd/,https://disfold.com/company/cosco-shipping-development-co-ltd/
20943,20943,6295,FTI Consulting Inc,FTAPI Software,,,,,,,,,,,,,,,www.fticonsulting.com,https://www.ftapi.com/
20953,20953,14640,Lonza Careers,Lonking Holdings Ltd,,,,,,,,,,,,,,,www.lonza.com,www.lonkinggroup.com
20963,20963,2722,Berjaya Land Berhad,Berjaya Corporation Berhad,,,,,,,,,,,,,,,www.berjaya.com/berjaya-land,www.berjaya.com
20974,20974,13767,Admiral Group plc,Admiral Group Plc,,,,,,,,,,,,,,,https://disfold.com/company/admiral-group-plc/,admiralgroup.co.uk
20986,20986,5265,Nice Ltd,Niagara Careers,,,,,,,,,,,,,,,www.nice.com,www.niagarawater.com
20997,20997,18396,Mediaset S.p.A.,Mediaset NV,,,,,,,,,,,,,,,https://disfold.com/company/mediaset-spa/,https://disfold.com/company/mediaset-nv/
21006,21006,6477,FSP Creative Wine Merchants,FSP,,,,,,,,,,,,,,,https://www.fsp-winemerchant.com,http://www.fsp-winemerchant.com
21021,21021,5424,Urban TP,Urban Science Careers,,,,,,,,,,,,,,,http://www.urbantp.com,www.urbanscience.com
21058,21058,9797,Caisse Regionale de Credit Agricole du Morbihan,Caisse Regionale de Credit Agricole Mutuel du Languedoc SCCV,,,,,,,,,,,,,,,https://disfold.com/company/caisse-regionale-de-credit-agricole-du-morbihan/,https://disfold.com/company/caisse-regionale-de-credit-agricole-mutuel-du-languedoc-sccv/
21073,21073,7886,Cartes & Services,Carter's Inc,,,,,,,,,,,,,,,https://www.cartes-services.fr,www.carters.com
21092,21092,8020,Converge ICT,Converge,,,,,,,,,,,,,,,https://www.convergeict.com/,https://corporate.convergeict.com/
21096,21096,8628,Avantium N.V.,"Avanti Energy, Inc.",,,,,,,,,,,,,,,https://disfold.com/company/avantium-nv/,https://disfold.com/company/avanti-energy-inc/
21116,21116,1554,Global Knafaim Leasing Ltd,Global Investments Ltd,,,,,,,,,,,,,,,https://disfold.com/company/global-knafaim-leasing-ltd/,https://disfold.com/company/global-investments-ltd/
21118,21118,20042,Samchai Steel Industries Public Company Ltd,Samart Telcoms Public Company Ltd,,,,,,,,,,,,,,,https://disfold.com/company/samchai-steel-industries-public-company-ltd/,https://disfold.com/company/samart-telcoms-public-company-ltd/
21132,21132,16756,"Arista Networks, Inc.",Arista Networks Inc,,,,,,,,,,,,,,,https://disfold.com/company/arista-networks-inc/,www.arista.com/en
21137,21137,13968,Northrop Grumman Corp,Northmill Group,,,,,,,,,,,,,,,www.northropgrumman.com,https://www.northmill.com/
21140,21140,9444,84codes.com,84codes,,,,,,,,,,,,,,,https://www.84codes.com/,https://www.84codes.com/
21158,21158,9149,Sartorius AG,Sartorius,,,,,,,,,,,,,,,www.sartorius.de,https://disfold.com/company/sartorius-ag/
21185,21185,6647,Barloworld Limited,Barloworld Ld,,,,,,,,,,,,,,,www.barloworld.com,https://disfold.com/company/barloworld-ld/
21193,21193,18368,Unibel SA,Unibel,,,,,,,,,,,,,,,www.unibel.fr,https://disfold.com/company/unibel/
21201,21201,885,Joincare Pharmaceutical Group Industry Co Ltd,Join Business Management Consulting,,,,,,,,,,,,,,,www.joincare.com,https://www.joinbusinessmc.com/
21207,21207,5326,Arcadia Worldwide Ltd,Arcadia Italia,,,,,,,,,,,,,,,https://disfold.com/company/arcadia-worldwide-ltd/,https://www.arcadia-italia.com/
21217,21217,2193,Ultra Premium Direct,Ultra Mobile Careers,,,,,,,,,,,,,,,https://www.ultrapremiumdirect.com/,www.ultramobile.com
21232,21232,16176,Greenway Mining Group Ltd,Greenvale Mining Limited,,,,,,,,,,,,,,,https://disfold.com/company/greenway-mining-group-ltd/,https://disfold.com/company/greenvale-mining-limited/
21235,21235,5476,"Grupo KUO, S.A.B. de C.V.","Grupo Industrial Saltillo, S.A.B. de C.V.",,,,,,,,,,,,,,,https://disfold.com/company/grupo-kuo-sab-de-cv/,https://disfold.com/company/grupo-industrial-saltillo-sab-de-cv/
21261,21261,9527,Bluestar Adisseo Company,Bluestar Adisseo Co,,,,,,,,,,,,,,,https://disfold.com/company/bluestar-adisseo-company/,www.bluestar-adisseo.com
21288,21288,16926,Bellway plc,Bellway Plc,,,,,,,,,,,,,,,https://disfold.com/company/bellway-plc/,www.bellwayplc.co.uk
21300,21300,19729,Gulf General Cooperative Insurance Company,Gulf Energy Development Public Company Ltd,,,,,,,,,,,,,,,https://disfold.com/company/gulf-general-cooperative-insurance-company/,https://disfold.com/company/gulf-energy-development-public-company-ltd/
21323,21323,12306,Diplomat Holdings Ltd,Diploma plc,,,,,,,,,,,,,,,https://disfold.com/company/diplomat-holdings-ltd/,https://disfold.com/company/diploma-plc/
21324,21324,16713,Prodiel Proyectos,Prodiel,,,,,,,,,,,,,,,https://www.prodiel.com,http://prodiel.com/
21326,21326,17874,Aviva plc,Aviva Plc,,,,,,,,,,,,,,,https://disfold.com/company/aviva-plc/,www.aviva.com
21328,21328,20395,Globalis Viagens e Eventos Corporativos,Globalis Viagens,,,,,,,,,,,,,,,https://globalisviagens.pt/,https://globalisviagens.pt
21338,21338,19994,Sobha,SoPost,,,,,,,,,,,,,,,https://www.sobha.com/,https://sopost.com/
21339,21339,2847,European Residential Real Estate Investment Trust,European Opportunities Trust plc,,,,,,,,,,,,,,,https://disfold.com/company/european-residential-reit/,https://disfold.com/company/european-opportunities-trust-plc/
21378,21378,14879,BXR Industrieservice,BXR IndustrieService,,,,,,,,,,,,,,,https://www.bxr-group.de,https://bxr-group.de/
21410,21410,1418,Thanasiri Group Public Company Ltd,Thanapiriya Public Company Ltd,,,,,,,,,,,,,,,https://disfold.com/company/thanasiri-group-public-company-ltd/,https://disfold.com/company/thanapiriya-public-company-ltd/
21414,21414,11814,"Inabata & Co.,Ltd.","Inaba Denki Sangyo Co.,Ltd.",,,,,,,,,,,,,,,https://disfold.com/company/inabata-coltd/,https://disfold.com/company/inaba-denki-sangyo-coltd/
21415,21415,12084,Banco do Brasil SA,Banco di Desio e della Brianza S.p.A.,,,,,,,,,,,,,,,https://disfold.com/company/banco-do-brasil-sa/,https://disfold.com/company/banco-di-desio-e-della-brianza-spa/
21429,21429,2469,Hosiden Corp,Hoshizaki Corp,,,,,,,,,,,,,,,https://disfold.com/company/hosiden-corp/,https://disfold.com/company/hoshizaki-corp/
21434,21434,7212,360 Capital Group Limited,360 Capital Digital Infrastructure Fund,,,,,,,,,,,,,,,https://disfold.com/company/360-capital-group-limited/,https://disfold.com/company/360-capital-digital-infrastructure-fund/
21437,21437,11367,Banca Popolare di Sondrio,Banca Monte dei Paschi di Siena SpA,,,,,,,,,,,,,,,www.popso.it,www.mps.it
21452,21452,19326,Natural Health Trends Corp.,"Natural Health Farm Holdings, Inc.",,,,,,,,,,,,,,,https://disfold.com/company atural-health-trends-corp/,https://disfold.com/company atural-health-farm-holdings-inc/
21468,21468,6866,Henderson International Income Trust,Henderson High Income Trust,,,,,,,,,,,,,,,https://disfold.com/company/henderson-international-income-trust/,https://disfold.com/company/henderson-high-income-trust/
21469,21469,20033,Kitanotatsujin Corporation,Kitanotatsujin,,,,,,,,,,,,,,,https://www.kitanotatsujin.com/,https://www.kitanotatsujin.com/
21493,21493,18918,Empresas Tricot SA,Empresas Lipigas SA,,,,,,,,,,,,,,,https://disfold.com/company/empresas-tricot-sa/,https://disfold.com/company/empresas-lipigas-sa/
21514,21514,2972,Alleghany Corporation,Alleghany Corp,,,,,,,,,,,,,,,https://disfold.com/company/alleghany-corporation/,www.alleghany.com
21540,21540,18312,iProspect Careers,iProov,,,,,,,,,,,,,,,www.iprospect.com,https://www.iproov.com/
21557,21557,7452,Babcock International Group plc,Babcock International Group Plc,,,,,,,,,,,,,,,https://disfold.com/company/babcock-international-group-plc/,www.babcockinternational.com
21591,21591,21567,Haci Omer Sabanci Holding AS,Habiteo,,,,,,,,,,,,,,,www.sabanci.com,https://www.habiteo.com
21598,21598,8604,KYB Corporation,KYB Corp,,,,,,,,,,,,,,,www.kyb.co.jp,https://disfold.com/company/kyb-corp/
21608,21608,9880,Deltamed,Delta Plus Group,,,,,,,,,,,,,,,https://www.deltamed.ro/,https://disfold.com/company/delta-plus-group/
21613,21613,8321,Dream International Ltd,Dream Industrial Real Estate Investment Trust,,,,,,,,,,,,,,,https://disfold.com/company/dream-international-ltd/,https://disfold.com/company/dream-industrial-reit/
21623,21623,3698,"China Coal Xinji Energy Co.,Ltd",China Coal Xinji Energy Co Ltd,,,,,,,,,,,,,,,https://disfold.com/company/china-coal-xinji-energy-coltd/,xinji.chinacoal.com
21632,21632,5494,The Saudi National Bank,The Saudi Investment Bank,,,,,,,,,,,,,,,https://disfold.com/company/the-saudi-national-bank/,https://disfold.com/company/the-saudi-investment-bank/
21636,21636,21225,China Jushi Co. Ltd,China Jinmao Holdings Group Ltd,,,,,,,,,,,,,,,https://disfold.com/company/china-jushi-co-ltd/,https://disfold.com/company/china-jinmao-holdings-group-ltd/
21643,21643,5995,Acerinox SA,"Acer, Inc.",,,,,,,,,,,,,,,www.acerinox.es,https://disfold.com/company/acer-inc/
21650,21650,6792,Shanghai Shyndec Pharmaceutical Co. Ltd,Shanghai Shimao Co. Ltd,,,,,,,,,,,,,,,https://disfold.com/company/shanghai-shyndec-pharmaceutical-co-ltd/,https://disfold.com/company/shanghai-shimao-co-ltd/
21655,21655,8414,Sino-American Silicon Products Inc,Sino-American Silicon Products,,,,,,,,,,,,,,,www.saswafer.com,https://www.saswafer.com/
21660,21660,19770,Celltrion Inc,Celltrion Healthcare Co Ltd,,,,,,,,,,,,,,,www.celltrion.com,www.celltrionhealthcare.com
21697,21697,21318,Seingim Global Service,Seingim,,,,,,,,,,,,,,,https://www.seingim.it,https://www.seingim.it/
21744,21744,16008,Coats Group plc,Coats Group Plc,,,,,,,,,,,,,,,https://disfold.com/company/coats-group-plc/,www.coats.com
21777,21777,19808,Herbal i,Heran Co. Ltd,,,,,,,,,,,,,,,https://www.herbal-i.co.jp/,https://disfold.com/company/heran-co-ltd/
21779,21779,16155,Adcorp Holdings Ltd,Adcore Inc.,,,,,,,,,,,,,,,https://disfold.com/company/adcorp-holdings-ltd/,https://disfold.com/company/adcore-inc/
21783,21783,902,"Fuji Soft, Inc.","Fuji Seal International, Inc.",,,,,,,,,,,,,,,https://disfold.com/company/fuji-soft-inc/,https://disfold.com/company/fuji-seal-international-inc/
21796,21796,5517,Boustead Singapore Ltd,Boustead Singapore,,,,,,,,,,,,,,,https://disfold.com/company/boustead-singapore-ltd/,https://boustead.sg/
21814,21814,19478,Florida Power & Light Co,Florida Ice and Farm SA,,,,,,,,,,,,,,,www.fpl.com,www.fifco.com
21821,21821,16799,"SK Telecom Co.,Ltd",SK Telecom Co Ltd,,,,,,,,,,,,,,,https://disfold.com/company/sk-telecom-coltd/,www.sktelecom.com
21844,21844,21686,Instabase Careers,InstaSafe,,,,,,,,,,,,,,,www.instabase.com,https://instasafe.com/
21850,21850,10268,Consultatio SA,Construtora Tenda SA,,,,,,,,,,,,,,,https://disfold.com/company/consultatio-sa/,https://disfold.com/company/construtora-tenda-sa/
21865,21865,20146,WidePoint Careers,WideOrbit Careers,,,,,,,,,,,,,,,www.widepoint.com,www.wideorbit.com
21873,21873,7846,B2Gold Corp.,B2Gold Corp,,,,,,,,,,,,,,,https://disfold.com/company/b2gold-corp/,www.b2gold.com
21913,21913,1605,Japan Retail Fund Investment Corp,Japan Real Estate Investment Corp,,,,,,,,,,,,,,,https://disfold.com/company/japan-retail-fund-investment-corp/,https://disfold.com/company/japan-real-estate-investment-corp/
21919,21919,14355,Homepal,Homemania,,,,,,,,,,,,,,,https://www.homepal.it/,https://www.homemania.net
21926,21926,17449,Hyundai Steel Co,Hyundai Rotem Co,,,,,,,,,,,,,,,www.hyundai-steel.com,www.hyundai-rotem.co.kr
21927,21927,17383,Chinese Estates Holdings Ltd,Chinese Energy Holdings Ltd,,,,,,,,,,,,,,,https://disfold.com/company/chinese-estates-holdings-ltd/,https://disfold.com/company/chinese-energy-holdings-ltd/
21944,21944,9990,Polar Capital Global Healthcare Trust,Polar Capital Global Financials Trust,,,,,,,,,,,,,,,https://disfold.com/company/polar-capital-global-healthcare-trust/,https://disfold.com/company/polar-capital-global-financials-trust/
21965,21965,10815,Ameren Corp,Ameren Careers,,,,,,,,,,,,,,,www.ameren.com,www.ameren.com
21967,21967,10308,Bangkok Ranch Public Company Ltd,Bangkok Post Public Company Ltd,,,,,,,,,,,,,,,https://disfold.com/company/bangkok-ranch-public-company-ltd/,https://disfold.com/company/bangkok-post-public-company-ltd/
21988,21988,19319,Sampo plc,Sampo Oyj,,,,,,,,,,,,,,,www.sampo.com,https://disfold.com/company/sampo-oyj/
22009,22009,6069,FirstEnergy Corp,FirstCom Solutions,,,,,,,,,,,,,,,www.firstenergycorp.com,https://www.firstcom.com.sg/
22042,22042,56,Xylem Inc.,Xylem Inc,,,,,,,,,,,,,,,https://disfold.com/company/xylem-inc/,www.xylem.com
22044,22044,20383,Mallinckrodt Plc,Mallinckrodt Pharmaceuticals Careers,,,,,,,,,,,,,,,www.mallinckrodt.com,www.mallinckrodt.com
22052,22052,13469,Cisco Systems Inc,Cisco Careers,,,,,,,,,,,,,,,www.cisco.com,www.cisco.com
22056,22056,570,Viatris Inc,Viaréno,,,,,,,,,,,,,,,www.viatris.com/en,https://www.viareno.com/
22058,22058,4022,Strategic Education Inc,Strasz Careers,,,,,,,,,,,,,,,www.strategiceducation.com,www.strasz.com
22070,22070,15416,Resolute Forest Products Inc,Resolute Digital Careers,,,,,,,,,,,,,,,www.pfresolu.com,resolute.com
22072,22072,9117,GSM Telecom Products,GSK plc,,,,,,,,,,,,,,,https://www.gsmtowers.com/,www.gsk.com
22078,22078,3606,China Uptown Group Company Ltd,China United Network Communications Ltd,,,,,,,,,,,,,,,https://disfold.com/company/china-uptown-group-company-ltd/,https://disfold.com/company/china-united-network-communications-ltd/
22083,22083,20680,Bank of Changsha Co. Ltd,Bank of Changsha Co Ltd,,,,,,,,,,,,,,,https://disfold.com/company/bank-of-changsha-co-ltd/,www.bankofchangsha.com
22092,22092,8879,Sealed Air Corp,Seal Aromas,,,,,,,,,,,,,,,sealedair.com,https://www.sealaromas.com
22118,22118,17756,Celerity Careers,Celerity,,,,,,,,,,,,,,,www.celerity.com,https://www.celerity-uk.com/
22131,22131,2338,Partners Group Holding AG,Partners,,,,,,,,,,,,,,,www.partnersgroup.com,https://www.partners-re.co.jp/
22135,22135,7055,Cencosud Shopping SA,Cencosud SA,,,,,,,,,,,,,,,https://disfold.com/company/cencosud-shopping-sa/,https://disfold.com/company/cencosud-sa/
22144,22144,13486,Genetic Technologies Limited,Genetic Signatures Limited,,,,,,,,,,,,,,,https://disfold.com/company/genetic-technologies-limited/,https://disfold.com/company/genetic-signatures-limited/
22148,22148,5248,TransferWise Careers,Transerve Technologies,,,,,,,,,,,,,,,www.transferwise.com,https://transerve.com/
22173,22173,4774,Nichicon Corp,Nichias Corp,,,,,,,,,,,,,,,https://disfold.com/company ichicon-corp/,https://disfold.com/company ichias-corp/
22176,22176,3095,Razor,Razer Inc,,,,,,,,,,,,,,,https://www.razor.co.uk,www.razer.com
22190,22190,14130,Mcule.com Kft.,Mcule.com,,,,,,,,,,,,,,,https://mcule.com/,https://mcule.com
22205,22205,16786,Shizuoka Gas Co. Ltd,Shizuoka Financial Group Inc,,,,,,,,,,,,,,,https://disfold.com/company/shizuoka-gas-co-ltd/,www.shizuoka-fg.co.jp
22222,22222,9717,"Grupo Profuturo, S.A.B. de C.V.","Grupo Posadas, S.A.B. de C.V.",,,,,,,,,,,,,,,https://disfold.com/company/grupo-profuturo-sab-de-cv/,https://disfold.com/company/grupo-posadas-sab-de-cv/
22229,22229,14422,Carpenteria Martino,Carpenter Technology Corp,,,,,,,,,,,,,,,https://www.carpenteriamartino.com/,www.carpentertechnology.com
22235,22235,12502,CrowdFundMe S.p.A.,CrowdDesk,,,,,,,,,,,,,,,https://disfold.com/company/crowdfundme-spa/,https://www.crowddesk.de
22254,22254,15641,PT Bank Tabungan Negara,PT Bank Sinarmas Tbk,,,,,,,,,,,,,,,https://disfold.com/company/pt-bank-tabungan-negara/,https://disfold.com/company/pt-bank-sinarmas-tbk/
22266,22266,16603,Srisawad Corp Public Company Ltd,Sriracha Construction Public Company Ltd,,,,,,,,,,,,,,,https://disfold.com/company/srisawad-corp-public-company-ltd/,https://disfold.com/company/sriracha-construction-public-company-ltd/
22267,22267,2332,Megaworld Corp,Megaworld,,,,,,,,,,,,,,,www.megaworldcorp.com,https://www.megaworldcorp.com/
22284,22284,16079,"Clean Harbors, Inc.",Clean Harbors Inc,,,,,,,,,,,,,,,https://disfold.com/company/clean-harbors-inc/,www.cleanharbors.com
22288,22288,11875,Kyowa Kirin Co. Ltd,Kyowa Kirin Co Ltd,,,,,,,,,,,,,,,https://disfold.com/company/kyowa-kirin-co-ltd/,www.kyowakirin.co.jp
22313,22313,22056,Viatris Inc.,Viatris Inc,,,,,,,,,,,,,,,https://disfold.com/company/viatris-inc/,www.viatris.com/en
22316,22316,10427,Dowa Holdings Co. Ltd,Dowa Holdings Co Ltd,,,,,,,,,,,,,,,https://disfold.com/company/dowa-holdings-co-ltd/,www.dowa.co.jp
22319,22319,2877,Maxar Technologies Inc,MaxLinear Careers,,,,,,,,,,,,,,,www.maxar.com,www.maxlinear.com
22322,22322,1654,Nippon Pillar Packing Co. Ltd,Nippon Paper Industries Co. Ltd,,,,,,,,,,,,,,,https://disfold.com/company ippon-pillar-packing-co-ltd/,https://disfold.com/company ippon-paper-industries-co-ltd/
22324,22324,10121,"DMS GmbH, Druckerei, Werbung und Marketing",DMS,,,,,,,,,,,,,,,https://www.druck-media-service.com,https://www.druck-media-service.com
22331,22331,20975,Yulon Motor Company Ltd,Yulon Motor Co Ltd,,,,,,,,,,,,,,,https://disfold.com/company/yulon-motor-company-ltd/,www.yulon-motor.com.tw
22333,22333,7982,Owens Corning,Owens & Minor Inc,,,,,,,,,,,,,,,https://disfold.com/company/owens-corning/,www.owens-minor.com
22359,22359,6464,Genting Bhd,Gentherm Inc,,,,,,,,,,,,,,,www.genting.com,www.gentherm.com
22363,22363,16833,GeneReach Biotechnology,GeneReach,,,,,,,,,,,,,,,https://www.genereach.com/,http://www.genereach.com/
22373,22373,10324,iideas,ibz Ingenieurbüro Zeisig,,,,,,,,,,,,,,,https://www.iideas.com.sg/,https://www.ibz-ing.com/
22388,22388,9660,"ServiceNow, Inc.",ServiceNow Inc,,,,,,,,,,,,,,,https://disfold.com/company/servicenow-inc/,www.servicenow.com
22410,22410,15608,Alcon Inc.,Alcon Inc,,,,,,,,,,,,,,,https://disfold.com/company/alcon-inc/,www.alcon.com
22416,22416,12491,Argosy Minerals Limited,Argo Investments Limited,,,,,,,,,,,,,,,https://disfold.com/company/argosy-minerals-limited/,https://disfold.com/company/argo-investments-limited/
22429,22429,8152,Canadian Utilities Limited,"Canadian Tire Corporation, Limited",,,,,,,,,,,,,,,https://disfold.com/company/canadian-utilities-limited/,https://disfold.com/company/canadian-tire-corporation-limited/
22440,22440,8425,Kolmar Korea Co. Ltd,Kolmar Korea Co Ltd,,,,,,,,,,,,,,,https://disfold.com/company/kolmar-korea-co-ltd/,www.kolmar.co.kr
22450,22450,10028,Finsbury Growth & Income Trust plc,Finsbury Food Group plc,,,,,,,,,,,,,,,https://disfold.com/company/finsbury-growth-income-trust-plc/,https://disfold.com/company/finsbury-food-group-plc/
22457,22457,16038,Stolt-Nielsen Ltd,Stolt-Nielsen Limited Careers,,,,,,,,,,,,,,,https://disfold.com/company/stolt-nielsen-ltd/,www.stolt-nielsen.com
22461,22461,10309,Ares Capital Corporation,Ares Capital Corp,,,,,,,,,,,,,,,https://disfold.com/company/ares-capital-corporation/,www.arescapitalcorp.com
22469,22469,19996,Bank of China,Bank of Chengdu Co. Ltd,,,,,,,,,,,,,,,https://disfold.com/company/bank-of-china-ltd/,https://disfold.com/company/bank-of-chengdu-co-ltd/
22477,22477,22429,Canadian Utilities Ltd,Canadian Utilities Limited,,,,,,,,,,,,,,,www.canadianutilities.com,https://disfold.com/company/canadian-utilities-limited/
22480,22480,342,BlackRock World Mining Trust plc,BlackRock Throgmorton Trust plc,,,,,,,,,,,,,,,https://disfold.com/company/blackrock-world-mining-trust-plc/,https://disfold.com/company/blackrock-throgmorton-trust-plc/
22486,22486,2372,China South Publishing & Media Group Co. Ltd,China South City Holdings Ltd,,,,,,,,,,,,,,,https://disfold.com/company/china-south-publishing-media-group-co-ltd/,https://disfold.com/company/china-south-city-holdings-ltd/
22504,22504,10947,Arcadia Investment,"Arca Continental, S.A.B. de C.V.",,,,,,,,,,,,,,,https://www.arcadia-invest.de,https://disfold.com/company/arca-continental-sab-de-cv/
22512,22512,10965,"ASUSTeK Computer, Inc.",ASUSTeK Computer Inc,,,,,,,,,,,,,,,https://disfold.com/company/asustek-computer-inc/,www.asus.com
22518,22518,15650,British American Tobacco Plc,British American Tobacco Careers,,,,,,,,,,,,,,,www.bat.com,www.bat.com
22521,22521,8138,Astellas Pharma Inc,Asteelflash Careers,,,,,,,,,,,,,,,www.astellas.com/jp,www.asteelflash.com
22522,22522,16874,Golden Gates Technologiemetalle,Golden Gates Edelmetalle,,,,,,,,,,,,,,,https://www.goldengates-tm.de/,https://www.goldengates.de
22524,22524,651,Phenisys,Phenikaa,,,,,,,,,,,,,,,https://www.phenisys.com,https://www.phenikaa.com/
22536,22536,1483,Cox & Kings Ltd,Cox & Kings Financial Service Ltd,,,,,,,,,,,,,,,https://disfold.com/company/cox-kings-ltd/,https://disfold.com/company/cox-kings-financial-service-ltd/
22539,22539,9631,Partnera Oy,PartnerRe Ltd.,,,,,,,,,,,,,,,https://disfold.com/company/partnera-oy/,partnerre.com
22571,22571,14121,Marathon Petroleum Corp,Marathon Petroleum Careers,,,,,,,,,,,,,,,www.marathonpetroleum.com,www.marathonpetroleum.com
22580,22580,17280,Topcon Corp,Topco Technologies Corp,,,,,,,,,,,,,,,https://disfold.com/company/topcon-corp/,https://disfold.com/company/topco-technologies-corp/
22582,22582,19237,STX Next,STX Entertainment Careers,,,,,,,,,,,,,,,https://stxnext.com,stxentertainment.com
22584,22584,6466,Ascott Residence Trust,Ascot Resources Ltd.,,,,,,,,,,,,,,,https://disfold.com/company/ascott-residence-trust/,https://disfold.com/company/ascot-resources-ltd/
22593,22593,10706,Elanders AB,Eland Oil & Gas**,,,,,,,,,,,,,,,www.elanders.com,https://www.elandoilandgas.com/
22595,22595,21192,Schroder Japan Growth Fund plc,Schroder Income Growth Fund plc,,,,,,,,,,,,,,,https://disfold.com/company/schroder-japan-growth-fund-plc/,https://disfold.com/company/schroder-income-growth-fund-plc/
22597,22597,7767,"Bic Camera, Inc.",Bic Camera Inc,,,,,,,,,,,,,,,https://disfold.com/company/bic-camera-inc/,www.biccamera.co.jp
22598,22598,21298,Attacq Ltd,Attachment,,,,,,,,,,,,,,,https://disfold.com/company/attacq-ltd/,https://www.attachment.london
22601,22601,7896,DCC plc,DCC Plc,,,,,,,,,,,,,,,https://disfold.com/company/dcc-plc/,www.dcc.ie
22607,22607,18356,MAVERIT Careers,MAUCHER CONSULT,,,,,,,,,,,,,,,maverit.com,https://www.maucherconsult.com/
22613,22613,21904,Emergere Careers,Emergent BioSolutions Inc,,,,,,,,,,,,,,,www.emergertech.com,emergentbiosolutions.com
22624,22624,11431,Saha-Union Public Company Ltd,Saha Pathanapibul Public Company Ltd,,,,,,,,,,,,,,,https://disfold.com/company/saha-union-public-company-ltd/,https://disfold.com/company/saha-pathanapibul-public-company-ltd/
22643,22643,7132,"Discovery, Inc.",Discovery Ltd,,,,,,,,,,,,,,,https://disfold.com/company/discovery-inc/,https://disfold.com/company/discovery-ltd/
22651,22651,11935,China Ocean Group Development Ltd,China Nuclear Engineering Corp Ltd,,,,,,,,,,,,,,,https://disfold.com/company/china-ocean-group-development-ltd/,https://disfold.com/company/china-nuclear-engineering-corp-ltd/
22669,22669,9899,PT Duta Pertiwi Tbk,PT Duta Pertiwi Nusantara Tbk,,,,,,,,,,,,,,,https://disfold.com/company/pt-duta-pertiwi-tbk/,https://disfold.com/company/pt-duta-pertiwi-nusantara-tbk/
22696,22696,21529,Funnel Holding,Funnel,,,,,,,,,,,,,,,https://www.funnel.io,https://funnel.io/
22748,22748,8848,PT Indocement Tunggal Prakarsa Tbk,PT Indo Tambangraya Megah Tbk,,,,,,,,,,,,,,,https://disfold.com/company/pt-indocement-tunggal-prakarsa-tbk/,https://disfold.com/company/pt-indo-tambangraya-megah-tbk/
22757,22757,19597,Ally Financial Inc,Ally Financial Careers,,,,,,,,,,,,,,,www.ally.com,www.ally.com
22762,22762,19565,SmartPak Equine LLC Careers,SmartLens Analytics Careers,,,,,,,,,,,,,,,www.smartpakequine.com,www.smartlensanalytics.com
22764,22764,9953,IPG Photonics Corp,IPG Careers,,,,,,,,,,,,,,,www.ipgphotonics.com,www.ipg.com
22765,22765,5650,Hostess Brands Inc,Hostersi,,,,,,,,,,,,,,,www.hostessbrands.com,https://www.hostersi.com/
22790,22790,8801,Cenovus Energy Inc.,Cenovus Energy Inc,,,,,,,,,,,,,,,https://disfold.com/company/cenovus-energy-inc/,www.cenovus.com
22806,22806,1566,Advantage Oil & Gas Ltd.,Advantage Energy Ltd,,,,,,,,,,,,,,,https://disfold.com/company/advantage-oil-gas-ltd/,https://disfold.com/company/advantage-energy-ltd/
22807,22807,15563,Godrej Consumer Products Ltd,Godrej Agrovet Ltd,,,,,,,,,,,,,,,www.godrejcp.com,www.godrejagrovet.com
22816,22816,22488,Nippon Shinyaku Co Ltd,Nippon Sheet Glass Co Ltd,,,,,,,,,,,,,,,www.nippon-shinyaku.co.jp,www.nsg.co.jp
22827,22827,18872,Heineken N.V.,Heineken Holding N.V.,,,,,,,,,,,,,,,https://disfold.com/company/heineken-nv/,https://disfold.com/company/heineken-holding-nv/
22830,22830,5391,Midea Real Estate Holding Ltd,Midea Group Co Ltd,,,,,,,,,,,,,,,www.mideadc.com,www.midea.com/global
22836,22836,10156,Korean Air Lines Co Ltd,Korea Zinc Co Ltd,,,,,,,,,,,,,,,www.koreanair.com,www.koreazinc.co.kr
22840,22840,2343,Codete,"Codere, SA",,,,,,,,,,,,,,,https://www.codete.com,https://disfold.com/company/codere-sa/
22851,22851,18202,Supple Solutions,Supple,,,,,,,,,,,,,,,https://supple.com.au/,https://supple.com.au/
22855,22855,2884,Yeebo (International Holdings) Ltd,Yee Hop Holdings Ltd,,,,,,,,,,,,,,,https://disfold.com/company/yeebo-international-holdings-ltd/,https://disfold.com/company/yee-hop-holdings-ltd/
22863,22863,410,Volkswagen of America Careers,Volkswagen AG,,,,,,,,,,,,,,,www.volkswagengroupofamerica.com,www.volkswagenag.com
22894,22894,16180,"Coca-Cola FEMSA, S.A.B. de C.V.",Coca-Cola Europacific Partners plc,,,,,,,,,,,,,,,https://disfold.com/company/coca-cola-femsa-sab-cv/,https://disfold.com/company/coca-cola-europacific-partners-plc/
22896,22896,7261,PT Indomobil Sukses Internasional Tbk,PT Indomobil Multi Jasa Tbk,,,,,,,,,,,,,,,https://disfold.com/company/pt-indomobil-sukses-internasional-tbk/,https://disfold.com/company/pt-indomobil-multi-jasa-tbk/
22919,22919,1840,Kimberly-Clark de Mexico SAB de CV,Kimberly-Clark Corporation,,,,,,,,,,,,,,,www.kimberly-clark.com.mx,https://disfold.com/company/kimberly-clark-corporation/
22923,22923,1675,"Center Laboratories, Inc.","Center International Group Co.,Ltd.",,,,,,,,,,,,,,,https://disfold.com/company/center-laboratories-inc/,https://disfold.com/company/center-international-group-coltd/
22934,22934,21996,Credit Agricole Loire Haute-Loire,Credit Agricole Atlantique Vendee,,,,,,,,,,,,,,,https://disfold.com/company/credit-agricole-loire-haute-loire/,https://disfold.com/company/credit-agricole-atlantique-vendee/
22942,22942,9678,ProSci Careers,ProQuest Careers,,,,,,,,,,,,,,,www.prosci.com,www.proquest.com
22946,22946,15275,Lob Careers,Loadstar Capital,,,,,,,,,,,,,,,lob.com,https://loadstarcapital.com/
22947,22947,7340,"Cadence Design Systems, Inc.",Cadence Design Systems Inc,,,,,,,,,,,,,,,https://disfold.com/company/cadence-design-systems-inc/,www.cadence.com
22950,22950,8816,Arte e Passione,Arte E Passione,,,,,,,,,,,,,,,https://artepassioneristorazione.it/,https://www.artepassioneristorazione.it
22955,22955,10458,Sanoma Oyj,Sanoma Corp,,,,,,,,,,,,,,,https://disfold.com/company/sanoma-oyj/,www.sanoma.com
22957,22957,5544,Nanushka International Zrt.,Nanushka International,,,,,,,,,,,,,,,https://www.nanushka.com,https://www.nanushka.com/
22966,22966,17249,Emperor International Holdings Ltd,Emperor Entertainment Hotel Ltd,,,,,,,,,,,,,,,https://disfold.com/company/emperor-international-holdings-ltd/,https://disfold.com/company/emperor-entertainment-hotel-ltd/
22974,22974,17762,Catcher Technology Co. Ltd,Catcher Technology Co Ltd,,,,,,,,,,,,,,,https://disfold.com/company/catcher-technology-co-ltd/,www.catcher-group.com
22996,22996,15048,Allianceinsay Broker,Alliance Trust plc,,,,,,,,,,,,,,,https://www.allianceinsay.it,https://disfold.com/company/alliance-trust-plc/
23022,23022,12704,Comcast Corp,Comcast Careers,,,,,,,,,,,,,,,corporate.comcast.com,www.comcast.com
23029,23029,16601,BYD Electronic International Co Ltd,BYD Electronic (International) Co Ltd,,,,,,,,,,,,,,,https://disfold.com/company/byd-electronic-international-co-ltd/,www.byd-electronics.com
23030,23030,17112,Birla Corp Ltd,Birla Carbon,,,,,,,,,,,,,,,www.birlacorporation.com,https://disfold.com/company/birla-carbon/
23038,23038,9066,Yourparkingspace,YourParkingSpace,,,,,,,,,,,,,,,https://www.yourparkingspace.co.uk,https://www.yourparkingspace.co.uk/
23045,23045,3807,Brunel International NV,Brunel International N.V.,,,,,,,,,,,,,,,www.brunelinternational.net,https://disfold.com/company/brunel-international-nv/
23064,23064,15063,Thaifoods Group Public Company Ltd,Thaicom Public Company Ltd,,,,,,,,,,,,,,,https://disfold.com/company/thaifoods-group-public-company-ltd/,https://disfold.com/company/thaicom-public-company-ltd/
23081,23081,4583,Deep Yellow Limited,Deep Industries Ltd,,,,,,,,,,,,,,,https://disfold.com/company/deep-yellow-limited/,https://disfold.com/company/deep-industries-ltd/
23084,23084,11821,Fuji Corp,Fuji Co. Ltd,,,,,,,,,,,,,,,https://disfold.com/company/fuji-corp/,https://disfold.com/company/fuji-co-ltd/
23090,23090,3194,Doble Mercado Financiero,DoITLean,,,,,,,,,,,,,,,https://www.domerfin.com,https://www.doitlean.com/
23091,23091,17980,AGC Inc.,AGC Inc,,,,,,,,,,,,,,,https://disfold.com/company/agc-inc/,www.agc.com
23093,23093,6150,Digital Realty Trust Inc,Digital Realty Careers,,,,,,,,,,,,,,,www.digitalrealty.com,www.digitalrealty.com
23100,23100,1743,CYE Energia,CYE ENERGIA,,,,,,,,,,,,,,,https://www.cye-energia.com/,https://www.cye-energia.com
23107,23107,184,Groupe Partouche SA,Groupe Parot SACA,,,,,,,,,,,,,,,https://disfold.com/company/groupe-partouche-sa/,https://disfold.com/company/groupe-parot-saca/
23123,23123,13993,Ascendas Real Estate Investment Trust,Ascendas India Trust,,,,,,,,,,,,,,,https://disfold.com/company/ascendas-real-estate-investment-trust/,https://disfold.com/company/ascendas-india-trust/
23126,23126,7036,Atomos Limited,Atomo Diagnostics Limited,,,,,,,,,,,,,,,https://disfold.com/company/atomos-limited/,https://disfold.com/company/atomo-diagnostics-limited/
23127,23127,16302,Dover Corporation,Dover Corp,,,,,,,,,,,,,,,https://disfold.com/company/dover-corporation/,www.dovercorporation.com
23137,23137,21774,"Ability Opto-Electronics Technology Co.,Ltd.",Ability Enterprise Co. Ltd,,,,,,,,,,,,,,,https://disfold.com/company/ability-opto-electronics-technology-coltd/,https://disfold.com/company/ability-enterprise-co-ltd/
23161,23161,22123,Eurasia Mining plc,Eurasia Groupe SA,,,,,,,,,,,,,,,https://disfold.com/company/eurasia-mining-plc/,https://disfold.com/company/eurasia-groupe-sa/
23194,23194,5150,Pomelo,Polyus,,,,,,,,,,,,,,,https://www.pomelofashion.com/,polyus.com
23199,23199,18585,Finansia Syrus Securities Public Company Ltd,Finansa Public Company Ltd,,,,,,,,,,,,,,,https://disfold.com/company/finansia-syrus-securities-public-company-ltd/,https://disfold.com/company/finansa-public-company-ltd/
23203,23203,13306,Beijing Yuanliu Hongyuan Electronic Technology Co. Ltd,Beijing Xinleineng Technology Co. Ltd,,,,,,,,,,,,,,,https://disfold.com/company/beijing-yuanliu-hongyuan-electronic-technology-co-ltd/,https://disfold.com/company/beijing-xinleineng-technology-co-ltd/
23213,23213,8834,Giga Solar Materials Corp,Giga Diamond Materials Corp,,,,,,,,,,,,,,,https://disfold.com/company/giga-solar-materials-corp/,https://disfold.com/company/giga-diamond-materials-corp/
23225,23225,6758,Workable Technology,Workable Software,,,,,,,,,,,,,,,https://www.workable.com,https://www.workable.com/
23230,23230,17727,HubSpot Inc,Hub Group Inc,,,,,,,,,,,,,,,www.hubspot.com,www.hubgroup.com
23236,23236,15957,Inter RAO UES PJSC,Inter RAO UES,,,,,,,,,,,,,,,https://disfold.com/company/inter-rao-ues-pjsc/,www.interrao.ru
23241,23241,7948,Clevo Co.,Cleveron,,,,,,,,,,,,,,,https://disfold.com/company/clevo-co/,https://cleveron.com
23257,23257,8125,Helpshift Careers,HelpSystems Careers,,,,,,,,,,,,,,,www.helpshift.com,www.helpsystems.com
23258,23258,12679,Central Retail Corp PCL,Central Reinsurance Corp,,,,,,,,,,,,,,,www.centralretail.com,https://disfold.com/company/central-reinsurance-corp/
23270,23270,17882,Applied Materials Inc,Applied Materials,,,,,,,,,,,,,,,www.appliedmaterials.com,https://disfold.com/company/applied-materials-inc/
23271,23271,15812,Publicis Sapient Careers,Publicis Groupe SA,,,,,,,,,,,,,,,www.publicissapient.com,www.publicisgroupe.com
23279,23279,14826,Carrefour SA,Carreau Sol,,,,,,,,,,,,,,,https://disfold.com/company/carrefour-sa/,http://www.carreausol.fr
23289,23289,7367,Cigna Corp,Cigna Careers,,,,,,,,,,,,,,,www.cigna.com,www.cigna.com
23299,23299,12,La Vida Europe,La Vida,,,,,,,,,,,,,,,https://www.goldenvisas.com/,https://www.goldenvisas.com/
23300,23300,691,SIAN Wholesale Ltd,SIAN Wholesale,,,,,,,,,,,,,,,https://www.sianwholesale.com/,https://www.sianwholesale.com/
23316,23316,18135,Arch Resources Inc,Arch Capital Group Ltd,,,,,,,,,,,,,,,www.archrsc.com,www.archgroup.com
23319,23319,15703,Banco Santander-Chile,"Banco Santander, SA",,,,,,,,,,,,,,,https://disfold.com/company/banco-santander-chile/,https://disfold.com/company/banco-santander-sa/
23323,23323,2671,"Nomura Real Estate Master Fund, Inc.","Nomura Real Estate Holdings, Inc.",,,,,,,,,,,,,,,https://disfold.com/company omura-real-estate-master-fund-inc/,https://disfold.com/company omura-real-estate-holdings-inc/
23324,23324,7019,Yanogumi,Yanmar Holdings Co Ltd,,,,,,,,,,,,,,,http://yanogumi.com/,www.yanmar.com
23325,23325,7670,Carrier Global Corporation,Carrier Global Corp,,,,,,,,,,,,,,,https://disfold.com/company/carrier-global-corporation/,www.carrier.com
23332,23332,6270,Le Slip Français,Le Slip,,,,,,,,,,,,,,,https://www.leslipfrancais.fr,https://www.leslipfrancais.fr/
23333,23333,10312,"Grupo Aeroportuario del Centro Norte, S.A.B. de C.V.","Grupo Aeroméxico, S.A.B. de C.V.",,,,,,,,,,,,,,,https://disfold.com/company/grupo-aeroportuario-del-centro-norte-sab-cv/,https://disfold.com/company/grupo-aeromexico-sab-de-cv/
23344,23344,16057,"Episil-Precision, Inc.","Episil Holding, Inc.",,,,,,,,,,,,,,,https://disfold.com/company/episil-precision-inc/,https://disfold.com/company/episil-holding-inc/
23348,23348,7766,TOYA SA,TOTVS SA,,,,,,,,,,,,,,,https://disfold.com/company/toya-sa/,https://disfold.com/company/totvs-sa/
23355,23355,1019,Brighten Optix Corp,Brightek Optoelectronic Co. Ltd,,,,,,,,,,,,,,,https://disfold.com/company/brighten-optix-corp/,https://disfold.com/company/brightek-optoelectronic-co-ltd/
23356,23356,12326,Beijing Jetsen Technology Co. Ltd,Beijing Huafeng Test & Control Technology Co. Ltd,,,,,,,,,,,,,,,https://disfold.com/company/beijing-jetsen-technology-co-ltd/,https://disfold.com/company/beijing-huafeng-test-control-technology-co-ltd/
23389,23389,13595,Nexa Resources SA,NexTier Oilfield Solutions Inc,,,,,,,,,,,,,,,www.nexaresources.com,nextierofs.com/contact-us
23391,23391,9367,American Water Works Co Inc,American Water Careers,,,,,,,,,,,,,,,www.amwater.com,www.amwater.com
23399,23399,16669,Harbour Energy PLC,Harbor Freight Tools Careers,,,,,,,,,,,,,,,www.harbourenergy.com,harborfreightjobs.com
23400,23400,3742,International Paper Co,International Paper Careers,,,,,,,,,,,,,,,www.internationalpaper.com,www.internationalpaper.com
23409,23409,10769,American Electric Power Careers,American Eagle Outfitters Inc,,,,,,,,,,,,,,,www.aep.com,www.ae.com
23412,23412,1417,Longchen Paper & Packaging Co. Ltd,Longchen Paper & Packaging Co Ltd,,,,,,,,,,,,,,,https://disfold.com/company/longchen-paper-packaging-co-ltd/,www.longchenpaper.com
23414,23414,1197,Fujitsu Ltd,Fujitsu General Ltd,,,,,,,,,,,,,,,https://disfold.com/company/fujitsu-ltd/,https://disfold.com/company/fujitsu-general-ltd/
23418,23418,6528,"Abaco Systems, Inc. Careers",AbClon,,,,,,,,,,,,,,,www.abaco.com,http://www.abclon.com/
23419,23419,17108,GoPro Inc,GoHenry,,,,,,,,,,,,,,,gopro.com,https://www.gohenry.com/index/
23430,23430,11314,Hyosung TNC Corp,Hyosung Heavy Industries Corp,,,,,,,,,,,,,,,https://disfold.com/company/hyosung-tnc-corp/,https://disfold.com/company/hyosung-heavy-industries-corp/
23432,23432,12916,Amanah Leasing Public Company Ltd,Amana Cooperative Insurance Company,,,,,,,,,,,,,,,https://disfold.com/company/amanah-leasing-public-company-ltd/,https://disfold.com/company/amana-cooperative-insurance-company/
23433,23433,23191,Jarir Marketing Co,Jardine Matheson Holdings Ltd,,,,,,,,,,,,,,,www.jarir.com,www.jardines.com
23436,23436,848,Asia Biomass Public Company Ltd,Asia Aviation Public Company Ltd,,,,,,,,,,,,,,,https://disfold.com/company/asia-biomass-public-company-ltd/,https://disfold.com/company/asia-aviation-public-company-ltd/
23440,23440,11784,Clearcycle,Clearcover Careers,,,,,,,,,,,,,,,https://clearcycle.co.uk/,www.clearcover.com
23445,23445,16481,Dimerco Express Corp,Dimerco Data System Corp,,,,,,,,,,,,,,,https://disfold.com/company/dimerco-express-corp/,https://disfold.com/company/dimerco-data-system-corp/
23454,23454,226,Thai Packaging & Printing Public Company Ltd,Thai Optical Group Public Company Ltd,,,,,,,,,,,,,,,https://disfold.com/company/thai-packaging-printing-public-company-ltd/,https://disfold.com/company/thai-optical-group-public-company-ltd/
23457,23457,4609,Allegis Group Inc,Allegion plc,,,,,,,,,,,,,,,www.allegisgroup.com,https://disfold.com/company/allegion-plc/
23473,23473,19244,Jordan Phosphate Mines Co Plc,Jordan Petroleum Refinery Co Ltd,,,,,,,,,,,,,,,www.jpmc.com.jo,www.jopetrol.com.jo
23485,23485,19647,Severn Trent plc,Severn Trent Plc,,,,,,,,,,,,,,,https://disfold.com/company/severn-trent-plc/,www.severntrent.com
23498,23498,22857,CGI Group Inc,CGG SA,,,,,,,,,,,,,,,www.cgi.com/en,www.cgg.com
23512,23512,13107,Aberdeen New India Investment Trust plc,Aberdeen New Dawn Investment Trust plc,,,,,,,,,,,,,,,https://disfold.com/company/aberdeen-new-india-investment-trust-plc/,https://disfold.com/company/aberdeen-new-dawn-investment-trust-plc/
23533,23533,3481,"Acuity Brands, Inc.",Acuity Brands Inc,,,,,,,,,,,,,,,https://disfold.com/company/acuity-brands-inc/,www.acuitybrands.com
23540,23540,19815,Guangdong Tannery Ltd,Guangdong Land Holdings Ltd,,,,,,,,,,,,,,,https://disfold.com/company/guangdong-tannery-ltd/,https://disfold.com/company/guangdong-land-holdings-ltd/
23541,23541,7197,Radisson Hospitality AB,Radico Khaitan Ltd,,,,,,,,,,,,,,,www.radissonhospitalityab.com/,www.radicokhaitan.com
23557,23557,5076,Bangkok Union Insurance Public Company Ltd,Bangkok Sheet Metal Public Company Ltd,,,,,,,,,,,,,,,https://disfold.com/company/bangkok-union-insurance-public-company-ltd/,https://disfold.com/company/bangkok-sheet-metal-public-company-ltd/
23571,23571,18629,Altran Technologies SA,Altran Careers,,,,,,,,,,,,,,,www.altran.com/,www.altran.com
23572,23572,2538,Famos,Famoco,,,,,,,,,,,,,,,https://www.famos-group.com/,http://www.famoco.com/
23583,23583,16983,Protea Japan,Protea,,,,,,,,,,,,,,,https://protea.co.jp/,https://protea.co.jp/
23592,23592,8629,Jollibee Foods Corp,Joist Careers,,,,,,,,,,,,,,,www.jollibee.com.ph,www.joist.com
23616,23616,13524,Helios Underwriting plc,Helios Towers plc,,,,,,,,,,,,,,,https://disfold.com/company/helios-underwriting-plc/,https://disfold.com/company/helios-towers-plc/
23623,23623,3219,Baillie Gifford European Growth Trust plc,Baillie Gifford China Growth Trust plc,,,,,,,,,,,,,,,https://disfold.com/company/baillie-gifford-european-growth-trust-plc/,https://disfold.com/company/baillie-gifford-china-growth-trust-plc/
23637,23637,6015,Otsuka Holdings Co Ltd,Otsuka Corp,,,,,,,,,,,,,,,www.otsuka.com/jp,https://disfold.com/company/otsuka-corp/
23643,23643,11451,Korian SE,Korian,,,,,,,,,,,,,,,www.korian.fr,https://disfold.com/company/korian/
23647,23647,13415,Le Panier,Le Hibou,,,,,,,,,,,,,,,https://www.lepanierbags.com/,https://www.lehibou.com
23654,23654,5510,Baillie Gifford Shin Nippon plc,Baillie Gifford Japan Trust plc,,,,,,,,,,,,,,,https://disfold.com/company/baillie-gifford-shin-nippon-plc/,https://disfold.com/company/baillie-gifford-japan-trust-plc/
23702,23702,20162,Aris Gold Corporation,Aris Capital,,,,,,,,,,,,,,,https://disfold.com/company/aris-gold-corporation/,http://www.ariscapital.in/
23709,23709,5038,"Altice USA, Inc.",Altice USA Inc,,,,,,,,,,,,,,,https://disfold.com/company/altice-usa-inc/,www.alticeusa.com
23711,23711,5042,Carvana Co.,Carvana Co,,,,,,,,,,,,,,,https://disfold.com/company/carvana-co/,www.carvana.com
23717,23717,12817,Acast AB,Acarix AB,,,,,,,,,,,,,,,https://disfold.com/company/acast-ab/,https://disfold.com/company/acarix-ab/
23720,23720,20804,Kartonsan Karton Sanayi ve Ticaret A.S.,Karsu Tekstil Sanayii ve Ticaret A.S.,,,,,,,,,,,,,,,https://disfold.com/company/kartonsan-karton-sanayi-ve-ticaret-as/,https://disfold.com/company/karsu-tekstil-sanayii-ve-ticaret-as/
23722,23722,381,Groq Careers,Grocery Outlet Inc,,,,,,,,,,,,,,,groq.com,groceryoutlet.com
23725,23725,1857,Sahamit Machinery Public Company Ltd,Sahakol Equipment Public Company Ltd,,,,,,,,,,,,,,,https://disfold.com/company/sahamit-machinery-public-company-ltd/,https://disfold.com/company/sahakol-equipment-public-company-ltd/
23728,23728,21551,"Daiwa Securities Group, Inc.",Daiwa Securities Group Inc,,,,,,,,,,,,,,,https://disfold.com/company/daiwa-securities-group-inc/,www.daiwa-grp.jp
23737,23737,15887,Cascades Inc.,Cascades Inc,,,,,,,,,,,,,,,https://disfold.com/company/cascades-inc/,www.cascades.com
23744,23744,18206,BAIC Motor Corporation Ltd,BAIC Motor Corp Ltd,,,,,,,,,,,,,,,www.baicmotor.com,https://disfold.com/company/baic-motor-corp-ltd/
23749,23749,7651,Century Group International Holdings Ltd,Century Global Commodities Corporation,,,,,,,,,,,,,,,https://disfold.com/company/century-group-international-holdings-ltd/,https://disfold.com/company/century-global-commodities-corporation/
23753,23753,14575,Banco do Estado do Rio Grande do Sul SA,Banco do Estado de Sergipe SA,,,,,,,,,,,,,,,https://disfold.com/company/banco-do-estado-do-rio-grande-do-sul-sa/,https://disfold.com/company/banco-do-estado-de-sergipe-sa/
23758,23758,18247,Arquimea,Arpilabe,,,,,,,,,,,,,,,https://www.arquimea.com/,https://www.arpilabe.com/
23768,23768,13341,Appirio Careers,Appinio,,,,,,,,,,,,,,,www.appirio.com,https://www.appinio.com/
23782,23782,13574,Beattie Passive Group,Beatly,,,,,,,,,,,,,,,http://www.beattiepassive.com/,https://www.beatly.com
23790,23790,11679,Tresorit,Tresmes Eco Activa,,,,,,,,,,,,,,,https://tresorit.com/,https://www.tresmes.com
23800,23800,1788,Sumitomo Mitsui Financial Group Inc,Sumitomo Mitsui Construction Co Ltd,,,,,,,,,,,,,,,www.smfg.co.jp,www.smcon.co.jp
23807,23807,13821,Finbond Group Ltd,Finbar Group Limited,,,,,,,,,,,,,,,https://disfold.com/company/finbond-group-ltd/,https://disfold.com/company/finbar-group-limited/
23811,23811,12377,APAC Resources Ltd,APAC Realty Ltd,,,,,,,,,,,,,,,https://disfold.com/company/apac-resources-ltd/,https://disfold.com/company/apac-realty-ltd/
23819,23819,473,keylight,keiltec,,,,,,,,,,,,,,,https://www.keylight.com/,https://www.keiltec.com
23845,23845,1041,Alpha FX Group plc,Alpha FX Group,,,,,,,,,,,,,,,https://disfold.com/company/alpha-fx-group-plc/,https://www.alphafx.co.uk/
23860,23860,1369,China Marine Information Electronics Company Ltd,China Man-Made Fiber Corp,,,,,,,,,,,,,,,https://disfold.com/company/china-marine-information-electronics-company-ltd/,https://disfold.com/company/china-man-made-fiber-corp/
23897,23897,13508,Just Eat**,Just Eat Takeawaycom NV,,,,,,,,,,,,,,,https://www.justeatplc.com/,www.justeattakeaway.com
23908,23908,909,Evergreen Marine Corp,Evergreen International Storage & Transport Corp,,,,,,,,,,,,,,,https://disfold.com/company/evergreen-marine-corp/,https://disfold.com/company/evergreen-international-storage-transport-corp/
23910,23910,2303,Bigbelly Careers,BigChange,,,,,,,,,,,,,,,www.bigbelly.com,http://www.bigchange.com/
23966,23966,2856,DGR Global Limited,DGO Gold Limited,,,,,,,,,,,,,,,https://disfold.com/company/dgr-global-limited/,https://disfold.com/company/dgo-gold-limited/
23967,23967,16114,Godel Technologies Europe,Godel Technologies,,,,,,,,,,,,,,,https://www.godeltech.com/,https://www.godeltech.com
23989,23989,1684,"Woojin, Inc.","Woodward, Inc.",,,,,,,,,,,,,,,https://disfold.com/company/woojin-inc/,https://disfold.com/company/woodward-inc/
23990,23990,6119,Lojas Renner SA,Lojas Quero-Quero SA,,,,,,,,,,,,,,,https://disfold.com/company/lojas-renner-sa/,https://disfold.com/company/lojas-quero-quero-sa/
23994,23994,6612,Ooredoo QPSC,Ooni Pizza Ovens,,,,,,,,,,,,,,,ooredoo.com,https://ooni.com/
24009,24009,9296,Phosagro,PhosAgro PJSC,,,,,,,,,,,,,,,www.phosagro.ru,https://disfold.com/company/phosagro-pjsc/
24021,24021,15434,T S Flour Mill Public Company Ltd,T Engineering Corp Public Company Ltd,,,,,,,,,,,,,,,https://disfold.com/company/t-s-flour-mill-public-company-ltd/,https://disfold.com/company/t-engineering-corp-public-company-ltd/
24031,24031,15750,ITOCHU Techno-Solutions Corp,ITOCHU Corp,,,,,,,,,,,,,,,https://disfold.com/company/itochu-techno-solutions-corp/,https://disfold.com/company/itochu-corp/
24036,24036,21416,Zhejiang Juhua Co. Ltd,Zhejiang Jiuzhou Pharmaceutical Co. Ltd,,,,,,,,,,,,,,,https://disfold.com/company/zhejiang-juhua-co-ltd/,https://disfold.com/company/zhejiang-jiuzhou-pharmaceutical-co-ltd/
24067,24067,22229,Carpenteria Vally,Carpenteria Martino,,,,,,,,,,,,,,,https://www.carpenteriavally.it,https://www.carpenteriamartino.com/
24081,24081,9870,Chesnara plc,Chesapeake Gold Corp,,,,,,,,,,,,,,,https://disfold.com/company/chesnara-plc/,https://disfold.com/company/chesapeake-gold-corp/
24082,24082,9848,China Resources Land Ltd,China Resources Gas Group Ltd,,,,,,,,,,,,,,,https://disfold.com/company/china-resources-land-ltd/,https://disfold.com/company/china-resources-gas-group-ltd/
24083,24083,21331,American Creek Resources Ltd,American Century Investments Careers,,,,,,,,,,,,,,,https://disfold.com/company/american-creek-resources-ltd/,ipro.americancentury.com
24107,24107,3092,Xiangcai Co. Ltd,Xiamen Xiangyu Co. Ltd,,,,,,,,,,,,,,,https://disfold.com/company/xiangcai-co-ltd/,https://disfold.com/company/xiamen-xiangyu-co-ltd/
24108,24108,3455,Mews Systems,Mews,,,,,,,,,,,,,,,https://www.mews.com,https://www.mews.com/
24116,24116,3999,"Broadridge Financial Solutions, Inc.",Broadridge Financial Solutions Inc,,,,,,,,,,,,,,,https://disfold.com/company/broadridge-financial-solutions-inc/,www.broadridge.com
24123,24123,23283,Accor SA,Accor Acquisition Company SA,,,,,,,,,,,,,,,https://disfold.com/company/accor-sa/,https://disfold.com/company/accor-acquisition-company-sa/
24127,24127,10138,"Sichuan Chuantou Energy Co.,Ltd.","Sichuan Changhong Electric Co.,Ltd.",,,,,,,,,,,,,,,https://disfold.com/company/sichuan-chuantou-energy-coltd/,https://disfold.com/company/sichuan-changhong-electric-coltd/
24135,24135,14976,Rayonier Inc.,Rayonier Inc,,,,,,,,,,,,,,,https://disfold.com/company/rayonier-inc/,www.rayonier.com
24137,24137,716,Sun Protection Apparel,Sun Pharmaceutical Industries Ltd,,,,,,,,,,,,,,,https://www.solbari.com/,sunpharma.com
24151,24151,18589,CoreCivic Inc,Core-Mark Holding Company Inc,,,,,,,,,,,,,,,www.corecivic.com,https://www.core-mark.com/
24152,24152,17111,Similarweb Ltd,SimiGon Ltd.,,,,,,,,,,,,,,,https://disfold.com/company/similarweb-ltd/,https://disfold.com/company/simigon-ltd/
24153,24153,12948,PT MNC Vision Networks Tbk,PT MNC Sky Vision Tbk,,,,,,,,,,,,,,,https://disfold.com/company/pt-mnc-vision-networks-tbk/,https://disfold.com/company/pt-mnc-sky-vision-tbk/
24177,24177,23433,Jarir Marketing Company,Jarir Marketing Co,,,,,,,,,,,,,,,https://disfold.com/company/jarir-marketing-company/,www.jarir.com
24181,24181,19165,Yunnan Yuntianhua Co Ltd,Yunnan Tin Co Ltd,,,,,,,,,,,,,,,www.yyth.com.cn,www.ytl.com.cn
24186,24186,1835,Samsung Card Co Ltd,Samsung C&T Corp,,,,,,,,,,,,,,,www.samsungcard.com,www.samsungcnt.com
24188,24188,11337,The Practical Solution Public Company Ltd,The Platinum Group Public Company Ltd,,,,,,,,,,,,,,,https://disfold.com/company/the-practical-solution-public-company-ltd/,https://disfold.com/company/the-platinum-group-public-company-ltd/
24190,24190,1595,Clever Careers,Clever,,,,,,,,,,,,,,,clever.com,https://www.clever.dk
24198,24198,19086,"Saizeriya Co.,Ltd.",Saizeriya Co Ltd,,,,,,,,,,,,,,,https://disfold.com/company/saizeriya-coltd/,www.saizeriya.co.jp
24206,24206,18641,Banca Generali SpA,Banca Generali S.p.A.,,,,,,,,,,,,,,,www.bancagenerali.com,https://disfold.com/company/banca-generali-spa/
24216,24216,1599,Making Science Group,Making Science,,,,,,,,,,,,,,,https://www.makingscience.com,https://www.makingscience.com/
24233,24233,15247,Amadeus Careers,Amada Co. Ltd,,,,,,,,,,,,,,,www.amadeus.com,https://disfold.com/company/amada-co-ltd/
24234,24234,1625,"Airbnb, Inc.",Airbnb Inc,,,,,,,,,,,,,,,https://disfold.com/company/airbnb-inc/,www.airbnb.co.in
24235,24235,1968,Ecosupply,Ecosuntek S.p.A.,,,,,,,,,,,,,,,http://ecosupply.pt/,https://disfold.com/company/ecosuntek-spa/
24243,24243,11410,Bangkok Bank Public Company Ltd,Bangkok Bank Public Co Ltd,,,,,,,,,,,,,,,https://disfold.com/company/bangkok-bank-public-company-ltd/,www.bangkokbank.com
24285,24285,8878,Vienna Insurance Group AG,Vidyard Careers,,,,,,,,,,,,,,,www.vig.com,www.vidyard.com
24286,24286,6050,Keding Enterprises Co. Ltd,Kedge Construction Co. Ltd,,,,,,,,,,,,,,,https://disfold.com/company/keding-enterprises-co-ltd/,https://disfold.com/company/kedge-construction-co-ltd/
24330,24330,21680,Public Joint Stock Company Gazprom,Public Joint Stock Company GAZ,,,,,,,,,,,,,,,https://disfold.com/company/public-joint-stock-company-gazprom/,https://disfold.com/company/public-joint-stock-company-gaz/
24332,24332,5896,"Tokyo Gas Co.,Ltd.",Tokyo Gas Co Ltd,,,,,,,,,,,,,,,https://disfold.com/company/tokyo-gas-coltd/,www.tokyo-gas.co.jp
24344,24344,5662,Plaza SA,Plaza Retail REIT,,,,,,,,,,,,,,,https://disfold.com/company/plaza-sa/,https://disfold.com/company/plaza-retail-reit/
24353,24353,7649,Brown-Forman Corporation,Brown-Forman Corp,,,,,,,,,,,,,,,https://disfold.com/company/brown-forman-corporation/,www.brown-forman.com
24363,24363,6148,Thai-German Products Public Company Ltd,Thai Wire Products Public Company Ltd,,,,,,,,,,,,,,,https://disfold.com/company/thai-german-products-public-company-ltd/,https://disfold.com/company/thai-wire-products-public-company-ltd/
24369,24369,4575,Target Corp,Target Circle,,,,,,,,,,,,,,,corporate.target.com,https://www.targetcircle.com
24371,24371,22658,Singha Estate Public Company Ltd,Singer Thailand Public Company Ltd,,,,,,,,,,,,,,,https://disfold.com/company/singha-estate-public-company-ltd/,https://disfold.com/company/singer-thailand-public-company-ltd/
24378,24378,15404,Fullshare Holdings Limited,Fullscreen Careers,,,,,,,,,,,,,,,www.fullshare.com,www.fullscreen.com
24380,24380,3208,Saigon Thuong Tin Commercial Joint Stock Bank,Saigon Beer Alcohol Beverage Corp,,,,,,,,,,,,,,,www.sacombank.com,www.sabeco.com.vn
24384,24384,5005,Born Stahlbau*,Born Stahlbau,,,,,,,,,,,,,,,https://www.born-stahlbau.de/,https://born-stahlbau.de/
24391,24391,10206,Thai Stanley Electric Public Company Ltd,Thai Solar Energy Public Company Ltd,,,,,,,,,,,,,,,https://disfold.com/company/thai-stanley-electric-public-company-ltd/,https://disfold.com/company/thai-solar-energy-public-company-ltd/
24416,24416,5428,"Kolon Plastics, Inc.","Kolon Materials, Inc.",,,,,,,,,,,,,,,https://disfold.com/company/kolon-plastics-inc/,https://disfold.com/company/kolon-materials-inc/
24418,24418,3441,Far East Orchard Ltd,Far East Hospitality Trust,,,,,,,,,,,,,,,https://disfold.com/company/far-east-orchard-ltd/,https://disfold.com/company/far-east-hospitality-trust/
24428,24428,2285,Takuma Co. Ltd,Takuma Co Ltd,,,,,,,,,,,,,,,https://disfold.com/company/takuma-co-ltd/,www.takuma.co.jp
24430,24430,13564,Softcat plc,Softcat Plc,,,,,,,,,,,,,,,https://disfold.com/company/softcat-plc/,www.softcat.com
24435,24435,12784,Essentra plc,"Essential Utilities, Inc.",,,,,,,,,,,,,,,https://disfold.com/company/essentra-plc/,https://disfold.com/company/essential-utilities-inc/
24437,24437,7255,Acanthe Développement SA,Acanthe Conseil,,,,,,,,,,,,,,,https://disfold.com/company/acanthe-developpement-sa/,https://www.acanthe-conseil.com
24450,24450,9891,Polaris Inc.,Polaris Inc,,,,,,,,,,,,,,,https://disfold.com/company/polaris-inc/,www.polaris.com
24455,24455,17069,"Acciona, SA",Acciona SA,,,,,,,,,,,,,,,https://disfold.com/company/acciona-sa/,www.acciona.com
24474,24474,18635,Mednax Inc,Medline Industries Inc,,,,,,,,,,,,,,,www.mednax.com,www.medline.com
24477,24477,7352,HSBC Private Bank,HSBC Holdings Plc,,,,,,,,,,,,,,,www.hsbcprivatebank.com,www.hsbc.com
24486,24486,1661,Adient plc,Adient Plc,,,,,,,,,,,,,,,https://disfold.com/company/adient-plc/,www.adient.com
24501,24501,2610,Melco Resorts & Entertainment Ltd,Melco Resorts & Entertainment Limited,,,,,,,,,,,,,,,https://disfold.com/company/melco-resorts-entertainment-ltd/,https://disfold.com/company/melco-resorts-entertainment-limited/
24507,24507,15392,Euronext N.V.,"Euronet Worldwide, Inc.",,,,,,,,,,,,,,,https://disfold.com/company/euronext-nv/,https://disfold.com/company/euronet-worldwide-inc/
24516,24516,10710,B1gas S.p.A,B1Gas,,,,,,,,,,,,,,,https://www.b1gas.it/,https://b1gas.it
24526,24526,23878,Yoshinoya Holdings Co. Ltd,Yoshinoya Holdings Co Ltd,,,,,,,,,,,,,,,https://disfold.com/company/yoshinoya-holdings-co-ltd/,www.yoshinoya-holdings.com
24539,24539,12449,Spedition Kai Rindert,Spedition Ibov,,,,,,,,,,,,,,,http://www.spedition-rindert.de/,http://www.spedition-ibov.de/
24540,24540,4300,Alterra Mountain Company Careers,"Alterola Biotech, Inc.",,,,,,,,,,,,,,,www.alterramtnco.com,https://disfold.com/company/alterola-biotech-inc/
24542,24542,15324,Taisho Pharmaceutical Holdings Co. Ltd,Taisho Pharmaceutical Holdings Co Ltd,,,,,,,,,,,,,,,https://disfold.com/company/taisho-pharmaceutical-holdings-co-ltd/,www.taisho-holdings.co.jp
24547,24547,21769,Toho Gas Co Ltd,Toho Co Ltd,,,,,,,,,,,,,,,www.tohogas.co.jp,www.toho.co.jp
24549,24549,24330,Public Joint Stock Company Globaltruck Management,Public Joint Stock Company Gazprom,,,,,,,,,,,,,,,https://disfold.com/company/public-joint-stock-company-globaltruck-management/,https://disfold.com/company/public-joint-stock-company-gazprom/
24553,24553,10233,CITIC Pacific Special Steel Group Co Ltd,CITIC Ltd,,,,,,,,,,,,,,,www.citicsteel.com,https://disfold.com/company/citic-ltd/
24555,24555,14801,"Genesys Logic, Inc.","Genesis Technology, Inc.",,,,,,,,,,,,,,,https://disfold.com/company/genesys-logic-inc/,https://disfold.com/company/genesis-technology-inc/
24565,24565,8800,Nippon Kayaku Co. Ltd,Nippon Kayaku Co Ltd,,,,,,,,,,,,,,,https://disfold.com/company ippon-kayaku-co-ltd/,www.nipponkayaku.co.jp
24599,24599,21581,Ashtead Group plc,Ashtead Group Plc,,,,,,,,,,,,,,,https://disfold.com/company/ashtead-group-plc/,www.ashtead-group.com
24604,24604,13315,Aberdeen Income Credit Strategies Fund,Aberdeen Global Premier Properties Fund,,,,,,,,,,,,,,,https://disfold.com/company/aberdeen-income-credit-strategies-fund/,https://disfold.com/company/aberdeen-global-premier-properties-fund/
24614,24614,15667,Trifast plc,Trident Royalties plc,,,,,,,,,,,,,,,https://disfold.com/company/trifast-plc/,https://disfold.com/company/trident-royalties-plc/
24615,24615,3288,Makalot Industrial Co Ltd,Major-Power Technology,,,,,,,,,,,,,,,www.makalot.com.tw,https://www.major-power.com.tw/
24625,24625,4717,Capital Numbers,Capital India Finance,,,,,,,,,,,,,,,https://www.capitalnumbers.com/,https://www.capitalindia.com/
24646,24646,21612,Alltop Technology Co. Ltd,Alltek Technology Corp,,,,,,,,,,,,,,,https://disfold.com/company/alltop-technology-co-ltd/,https://disfold.com/company/alltek-technology-corp/
24654,24654,9067,Booz Allen Hamilton Holding Corp,Boot Barn Holdings Inc,,,,,,,,,,,,,,,www.boozallen.com,www.bootbarn.com
24660,24660,15707,ELMO Software,ELMO SOFTWARE,,,,,,,,,,,,,,,https://elmosoftware.com.au/,https://elmosoftware.com.au/
24671,24671,22199,LGX Logistics,LGS SportLab,,,,,,,,,,,,,,,https://www.lgx-logistics.com/,https://www.lgssportlab.com/
24684,24684,19980,SamyRoad,Samy Road,,,,,,,,,,,,,,,https://samyroad.com,https://samyroad.com/
24702,24702,23289,Cigna Corporation,Cigna Corp,,,,,,,,,,,,,,,https://disfold.com/company/cigna-corporation/,www.cigna.com
24704,24704,15898,Dadi International Group Ltd,Dadi Education Holdings Ltd,,,,,,,,,,,,,,,https://disfold.com/company/dadi-international-group-ltd/,https://disfold.com/company/dadi-education-holdings-ltd/
24716,24716,18747,Elan Corp,Elan,,,,,,,,,,,,,,,https://disfold.com/company/elan-corp/,https://www.kkelan.com/
24743,24743,7729,Easyrent Bulgaria,Easypharm,,,,,,,,,,,,,,,https://easycarsbg.com,https://www.easypharma.com
24752,24752,8982,Sammakorn Public Company Ltd,Samitivej Public Company Ltd,,,,,,,,,,,,,,,https://disfold.com/company/sammakorn-public-company-ltd/,https://disfold.com/company/samitivej-public-company-ltd/
24757,24757,1226,Nippon Life Insurance Company,Nippon Koei Co Ltd,,,,,,,,,,,,,,,www.nissay.co.jp,www.n-koei.co.jp
24766,24766,21008,Superior Plus Corp,Superior Industries International Inc,,,,,,,,,,,,,,,www.superiorplus.com,www.supind.com
24773,24773,24754,Dorman Products Inc,Dormakaba Holding AG,,,,,,,,,,,,,,,www.dormanproducts.com,www.dormakaba.com
24777,24777,2206,Fujian Kuncai Material Technology Co. Ltd,Fujian Funeng Co. Ltd,,,,,,,,,,,,,,,https://disfold.com/company/fujian-kuncai-material-technology-co-ltd/,https://disfold.com/company/fujian-funeng-co-ltd/
24783,24783,7439,"Align Technology, Inc.",Align Technology Inc,,,,,,,,,,,,,,,https://disfold.com/company/align-technology-inc/,www.aligntech.com
24787,24787,12007,Advanced Blockchain AG,"Advanced Analog Technology, Inc.",,,,,,,,,,,,,,,https://disfold.com/company/advanced-blockchain-ag/,https://disfold.com/company/advanced-analog-technology-inc/
24793,24793,16298,Black Hills Solutions Careers,Black Hills Corp,,,,,,,,,,,,,,,blackhillssolutions.com,www.blackhillscorp.com
24796,24796,5156,Infomobility.It**,Infomedia Ltd,,,,,,,,,,,,,,,https://www.infomobility.it,https://disfold.com/company/infomedia-ltd/
24797,24797,22699,Portobello S.p.A.,Porto Seguro SA,,,,,,,,,,,,,,,https://disfold.com/company/portobello-spa/,https://disfold.com/company/porto-seguro-sa/
24800,24800,6890,Solidwizard Technology Co. Ltd,Solid Year Co. Ltd,,,,,,,,,,,,,,,https://disfold.com/company/solidwizard-technology-co-ltd/,https://disfold.com/company/solid-year-co-ltd/
24806,24806,6889,"Public Joint Stock Company ""Quadra - Power Generation""","Public Joint Stock Company ""INGRAD""",,,,,,,,,,,,,,,https://disfold.com/company/public-joint-stock-company-quadra-power-generation/,https://disfold.com/company/public-joint-stock-company-ingrad/
24811,24811,17330,Afya Limited,Afterpay Limited,,,,,,,,,,,,,,,https://disfold.com/company/afya-limited/,https://disfold.com/company/afterpay-limited/
24824,24824,9835,Bank of America Corp,Bank of America Careers,,,,,,,,,,,,,,,www.bankofamerica.com,www.bankofamerica.com
24827,24827,6472,Murphy Oil Corp,Muroexe Industries,,,,,,,,,,,,,,,www.murphyoilcorp.com,https://www.muroexe.com
24832,24832,6959,Challenger Limited,Challenger Exploration Limited,,,,,,,,,,,,,,,https://disfold.com/company/challenger-limited/,https://disfold.com/company/challenger-exploration-limited/
24833,24833,14407,Augusta Ratio,Augusta Gold Corp,,,,,,,,,,,,,,,https://www.augustaratio.com,https://disfold.com/company/augusta-gold-corp/
24836,24836,23425,Energean plc,Energa SA,,,,,,,,,,,,,,,https://disfold.com/company/energean-plc/,https://disfold.com/company/energa-sa/
24855,24855,19855,Daesung Industrial Co. Ltd,Daesung Energy Co. Ltd,,,,,,,,,,,,,,,https://disfold.com/company/daesung-industrial-co-ltd/,https://disfold.com/company/daesung-energy-co-ltd/
24861,24861,1965,Deutsche Lufthansa AG,Deutsche Grundstuecksauktionen AG,,,,,,,,,,,,,,,https://disfold.com/company/deutsche-lufthansa-ag/,https://disfold.com/company/deutsche-grundstuecksauktionen-ag/
24865,24865,16471,Nizhnekamskshina PJSC,Nizhnekamskneftekhim PJSC,,,,,,,,,,,,,,,https://disfold.com/company izhnekamskshina-pjsc/,https://disfold.com/company izhnekamskneftekhim-pjsc/
24877,24877,17805,Rithm Capital Corp,Rite Aid Corp,,,,,,,,,,,,,,,www.rithmcap.com,www.riteaid.com
24891,24891,21410,Thantawan Industry Public Company Ltd,Thanasiri Group Public Company Ltd,,,,,,,,,,,,,,,https://disfold.com/company/thantawan-industry-public-company-ltd/,https://disfold.com/company/thanasiri-group-public-company-ltd/
24903,24903,14590,Excelliance MOS Corp,Excelliance MOS,,,,,,,,,,,,,,,https://disfold.com/company/excelliance-mos-corp/,http://www.excelliancemos.com/
24924,24924,24625,Capital On Tap,Capital Numbers,,,,,,,,,,,,,,,https://www.capitalontap.com,https://www.capitalnumbers.com/
24934,24934,15661,Drive Yello,Drilling Company of 1972 A/S,,,,,,,,,,,,,,,https://www.driveyello.com/,www.maerskdrilling.com
24943,24943,17687,Jackson National Life Insurance Co,Jack in the Box Inc,,,,,,,,,,,,,,,www.jackson.com/,www.jackinthebox.com
24967,24967,13880,GNI Group,GN Store Nord AS,,,,,,,,,,,,,,,https://www.gnipharma.com/,www.gn.com
24968,24968,9174,Banpu Power Public Company Ltd,Banpu PCL,,,,,,,,,,,,,,,https://disfold.com/company/banpu-power-public-company-ltd/,www.banpu.com
24969,24969,19722,Deutsche Rohstoff AG,Deutsche Real Estate AG,,,,,,,,,,,,,,,https://disfold.com/company/deutsche-rohstoff-ag/,https://disfold.com/company/deutsche-real-estate-ag/
24991,24991,3632,"Lyft, Inc.",Lyft Inc,,,,,,,,,,,,,,,https://disfold.com/company/lyft-inc/,www.lyft.com
24994,24994,994,Calm Careers,Callon Petroleum Co,,,,,,,,,,,,,,,www.calm.com,www.callon.com
25001,25001,19568,"Casio Computer Co.,Ltd.",Casio Computer Co Ltd,,,,,,,,,,,,,,,https://disfold.com/company/casio-computer-coltd/,casio.jp
25014,25014,17012,Banco Mercantil do Brasil SA,Banco Mercantil de Investimentos SA,,,,,,,,,,,,,,,https://disfold.com/company/banco-mercantil-do-brasil-sa/,https://disfold.com/company/banco-mercantil-de-investimentos-sa/
25015,25015,13354,Tivoly SA,Tivoli A/S,,,,,,,,,,,,,,,https://disfold.com/company/tivoly-sa/,https://disfold.com/company/tivoli-as/
25024,25024,11490,Tongda Group Holdings Limited,Tongcheng Travel Holdings Ltd,,,,,,,,,,,,,,,www.tongda.com,www.tongchengir.com
25030,25030,19346,truu wasserweik,truu Wasserweik,,,,,,,,,,,,,,,https://www.truu-water.com/,https://www.truu.com/
25031,25031,2829,Unisys Corp,Unisync Corp.,,,,,,,,,,,,,,,www.unisys.com,https://disfold.com/company/unisync-corp/
25034,25034,10951,Adecco Group AG,Adecco Group A.G.,,,,,,,,,,,,,,,https://disfold.com/company/adecco-group-ag/,www.adeccogroup.com
25037,25037,363,Signaturit Solutions,Signaturit,,,,,,,,,,,,,,,https://www.signaturit.com/,https://www.signaturit.com/
25041,25041,10104,Daiwa House REIT Investment Corp,Daiwa House Industry Co Ltd,,,,,,,,,,,,,,,https://disfold.com/company/daiwa-house-reit-investment-corp/,https://disfold.com/company/daiwa-house-industry-co-ltd/
25043,25043,22730,Chuan Hup Holdings Ltd,Chuan Holdings Ltd,,,,,,,,,,,,,,,https://disfold.com/company/chuan-hup-holdings-ltd/,https://disfold.com/company/chuan-holdings-ltd/
25046,25046,10454,"Anthem, Inc.",Anthem Careers,,,,,,,,,,,,,,,https://disfold.com/company/anthem-inc/,www.antheminc.com
25051,25051,8384,Crocs Inc,Critical Start Careers,,,,,,,,,,,,,,,www.crocs.com,www.criticalstart.com
25053,25053,4040,Sermsuk Public Company Ltd,Sermsang Power Corp Public Company Ltd,,,,,,,,,,,,,,,https://disfold.com/company/sermsuk-public-company-ltd/,https://disfold.com/company/sermsang-power-corp-public-company-ltd/
25059,25059,19967,PT Indonesia Transport & Infrastructure Tbk,PT Indonesia Prima Property Tbk,,,,,,,,,,,,,,,https://disfold.com/company/pt-indonesia-transport-infrastructure-tbk/,https://disfold.com/company/pt-indonesia-prima-property-tbk/
25060,25060,4872,Saudi Real Estate Company,Saudi Public Transport Company,,,,,,,,,,,,,,,https://disfold.com/company/saudi-real-estate-company/,https://disfold.com/company/saudi-public-transport-company/
25064,25064,18796,Fonciere Paris Nord,Fonciere INEA,,,,,,,,,,,,,,,https://disfold.com/company/fonciere-paris-nord/,https://disfold.com/company/fonciere-inea/
25066,25066,14166,Cornexim,Cornerstone Careers,,,,,,,,,,,,,,,http://cornexim.com/en/,www.cornerstoneondemand.com
25067,25067,17802,Glenholme Healthcare Group,Glencore plc,,,,,,,,,,,,,,,https://www.glenholme.org.uk/,https://disfold.com/company/glencore-plc/
25085,25085,17835,Mogo Inc.,Mogo Finance,,,,,,,,,,,,,,,https://disfold.com/company/mogo-inc/,https://mogo.finance/
25086,25086,13513,The Sage Group plc,The SPAR Group Ltd,,,,,,,,,,,,,,,https://disfold.com/company/the-sage-group-plc/,https://disfold.com/company/the-spar-group-ltd/
25091,25091,2908,Baker Technology Ltd,Baker Hughes Company,,,,,,,,,,,,,,,https://disfold.com/company/baker-technology-ltd/,https://disfold.com/company/baker-hughes-company/
25100,25100,20735,GA technologies,GA Technologies,,,,,,,,,,,,,,,https://www.ga-tech.co.jp/en/,https://www.ga-tech.co.jp/
25107,25107,13655,Kingsoft Corporation Ltd,Kingsoft Corp Ltd,,,,,,,,,,,,,,,www.kingsoft.com,https://disfold.com/company/kingsoft-corp-ltd/
25110,25110,21403,Brandon Group,BrandUp Group,,,,,,,,,,,,,,,https://www.brandongroup.it/,https://www.brandupgroup.it
25115,25115,7209,NTELX Careers,NTC Nano Tech Coatings,,,,,,,,,,,,,,,www.ntelx.com,https://www.ntcgmbh.com
25133,25133,10588,Purplebricks Group plc,Purple Group Ltd,,,,,,,,,,,,,,,https://disfold.com/company/purplebricks-group-plc/,https://disfold.com/company/purple-group-ltd/
25148,25148,20921,COSCO SHIPPING Holdings Co Ltd,COSCO SHIPPING Energy Transportation Co. Ltd,,,,,,,,,,,,,,,https://disfold.com/company/cosco-shipping-holdings-co-ltd/,https://disfold.com/company/cosco-shipping-energy-transportation-co-ltd/
25166,25166,8897,CrunchTime! Careers,Cru Wine,,,,,,,,,,,,,,,crunchtime.com,https://cruwineinvestment.com/
25170,25170,19849,Charter Hall Long WALE REIT,Charter Hall Group,,,,,,,,,,,,,,,https://disfold.com/company/charter-hall-long-wale-reit/,https://disfold.com/company/charter-hall-group/
25180,25180,18902,Amplifon SpA,Amplifon S.p.A.,,,,,,,,,,,,,,,www.amplifon.com,https://disfold.com/company/amplifon-spa/
25212,25212,16769,Mitsui Fudosan Co Ltd,Mitsui E&S Holdings Co Ltd,,,,,,,,,,,,,,,www.mitsuifudosan.co.jp,www.mes.co.jp
25214,25214,1704,FutureWorks,Future plc,,,,,,,,,,,,,,,https://www.futureworks.in/,https://disfold.com/company/future-plc/
25219,25219,27,HLA Group Corp Ltd,HL Mando Corp,,,,,,,,,,,,,,,www.hla.com,www.hlmando.com
25226,25226,16507,Cyclopharm Limited,Cycloid,,,,,,,,,,,,,,,https://disfold.com/company/cyclopharm-limited/,https://www.cycloid.pt
25244,25244,9640,"Schnitzer Steel Industries, Inc.",Schneider National Inc,,,,,,,,,,,,,,,www.schnitzersteel.com,schneider.com
25245,25245,11438,"Apollo Global Management, Inc.",Apollo Global Management Inc,,,,,,,,,,,,,,,https://disfold.com/company/apollo-global-management-inc/,www.apollo.com
25252,25252,10845,AmerisourceBergen Corporation,AmerisourceBergen Corp,,,,,,,,,,,,,,,https://disfold.com/company/amerisourcebergen-corporation/,www.amerisourcebergen.com
25269,25269,17046,LGI Homes Inc,LG Uplus Corp,,,,,,,,,,,,,,,www.lgihomes.com,www.lguplus.com
25280,25280,14701,SPX Technologies Inc,SPX Flow Inc,,,,,,,,,,,,,,,www.spx.com,www.spxflow.com
25288,25288,519,RevolutionRace,Revolution Race,,,,,,,,,,,,,,,https://www.revolutionrace.se,https://www.revolutionrace.se/
25303,25303,6128,"Republic Services, Inc.",Republic Services Inc,,,,,,,,,,,,,,,https://disfold.com/company/republic-services-inc/,www.republicservices.com
25308,25308,5773,Iris Società Cooperativa Sociale,Iris Soc. Cooperativa Sociale,,,,,,,,,,,,,,,https://www.csiris.org,https://www.csiris.org/
25312,25312,20860,Taiwan Union Technology Corp,Taiwan Tea Corp,,,,,,,,,,,,,,,https://disfold.com/company/taiwan-union-technology-corp/,https://disfold.com/company/taiwan-tea-corp/
25336,25336,10869,Podium Careers,Podium Advanced Technologies,,,,,,,,,,,,,,,www.podium.com,https://www.podium-tech.com/
25361,25361,22410,Alconix Corp,Alcon Inc.,,,,,,,,,,,,,,,www.alconix.com,https://disfold.com/company/alcon-inc/
25365,25365,11753,Absa Group Ltd,Absa Bank Ltd,,,,,,,,,,,,,,,https://disfold.com/company/absa-group-ltd/,https://disfold.com/company/absa-bank-ltd/
25369,25369,16711,Advantest,Advantech Co. Ltd,,,,,,,,,,,,,,,https://www.advantest.com/,https://disfold.com/company/advantech-co-ltd/
25382,25382,14365,PT Bank Maybank Indonesia Tbk,PT Bank Mayapada Internasional Tbk,,,,,,,,,,,,,,,https://disfold.com/company/pt-bank-maybank-indonesia-tbk/,https://disfold.com/company/pt-bank-mayapada-internasional-tbk/
25383,25383,13622,Molson Coors Beverage Co,Molnlycke Health Care AB,,,,,,,,,,,,,,,www.molsoncoors.com,www.molnlycke.com
25394,25394,15382,Alibaba Group Holding Ltd,Alibaba,,,,,,,,,,,,,,,www.alibabagroup.com,https://disfold.com/company/alibaba-group-holding-limited/
25404,25404,2517,Pitchup.com,PitchBook Data Careers,,,,,,,,,,,,,,,https://www.pitchup.com/,www.pitchbook.com
25411,25411,566,Crosswood,Crosstec Group Holdings Ltd,,,,,,,,,,,,,,,https://disfold.com/company/crosswood/,https://disfold.com/company/crosstec-group-holdings-ltd/
25437,25437,22415,Avistar Careers,Avista Corp,,,,,,,,,,,,,,,avistar.com,investor.avistacorp.com
25443,25443,9015,Anthesis Consulting Group,Anthesis,,,,,,,,,,,,,,,https://www.anthesisgroup.com/,https://www.anthesis.co.uk/
25448,25448,16648,Apache Corporation,Apache Corp,,,,,,,,,,,,,,,https://disfold.com/company/apache-corporation/,www.apachecorp.com
25451,25451,8393,Beijing Wandong Medical Technology Co. Ltd,Beijing Vantone Real Estate Co. Ltd,,,,,,,,,,,,,,,https://disfold.com/company/beijing-wandong-medical-technology-co-ltd/,https://disfold.com/company/beijing-vantone-real-estate-co-ltd/
25463,25463,7065,Swedencare AB,Swedbank AB,,,,,,,,,,,,,,,https://disfold.com/company/swedencare-ab/,https://disfold.com/company/swedbank-ab/
25478,25478,9957,African and Overseas Enterprises Ltd,African Rainbow Minerals Ltd,,,,,,,,,,,,,,,https://disfold.com/company/african-and-overseas-enterprises-ltd/,https://disfold.com/company/african-rainbow-minerals-ltd/
25481,25481,18398,Doctor Hail,Doctify,,,,,,,,,,,,,,,https://www.dottorgrandine.com,https://www.doctify.com/
25484,25484,10393,Kimco Realty Corp,Kimble Applications,,,,,,,,,,,,,,,www.kimcorealty.com,https://www.kimbleapps.com/
25486,25486,11579,TBEA Co. Ltd,TBEA Co Ltd,,,,,,,,,,,,,,,https://disfold.com/company/tbea-co-ltd/,www.tbea.com
25500,25500,17807,Rockwell Automation Inc,Rocksteady Music School,,,,,,,,,,,,,,,www.rockwellautomation.com,https://www.rocksteadymusicschool.com/
25503,25503,25474,Giti Tire Pte. Ltd.,Gismart,,,,,,,,,,,,,,,www.giti.com,https://gismart.com/
25514,25514,4486,Icon Outsourcing*,Icon Key,,,,,,,,,,,,,,,https://www.iconcsgroup.com,https://www.icon-key.com
25515,25515,16236,Solarisbank,Solaris and more,,,,,,,,,,,,,,,https://www.solarisbank.de/,https://www.solarisandmore.de/
25518,25518,193,Hargreaves Services plc,Hargreaves Lansdown plc,,,,,,,,,,,,,,,https://disfold.com/company/hargreaves-services-plc/,https://disfold.com/company/hargreaves-lansdown-plc/
25541,25541,6107,"Qorvo, Inc.",Qorvo Inc,,,,,,,,,,,,,,,https://disfold.com/company/qorvo-inc/,www.qorvo.com
25542,25542,15631,Datang International Power Generation Company Ld,Datang International Power Generation Co. Ltd,,,,,,,,,,,,,,,https://disfold.com/company/datang-international-power-generation-company-ld/,https://disfold.com/company/datang-international-power-generation-co-ltd/
25546,25546,21566,China State Construction International Holdings Ltd,China State Construction Engineering Corp Ltd,,,,,,,,,,,,,,,www.csci.com.hk,www.cscec.com
839,839,68,Advanced Medical Solutions Group plc,Advanced International Multitech Co. Ltd,,,,,,,,,,,,,,,https://disfold.com/company/advanced-medical-solutions-group-plc/,https://disfold.com/company/advanced-international-multitech-co-ltd/
988,988,399,Atlantica Sustainable Infrastructure plc,Atlantia SpA,,,,,,,,,,,,,,,https://disfold.com/company/atlantica-sustainable-infrastructure-plc/,https://disfold.com/company/atlantia-spa/
1008,1008,960,China Petroleum & Chemical Corp,China Petrochemical Corp,,,,,,,,,,,,,,,www.sinopec.com,www.sinopec.com
2129,2129,905,THK Co Ltd,THG PLC,,,,,,,,,,,,,,,www.thk.com,www.thg.com
2180,2180,603,Australian Pharmaceutical Industries Limited,Australian Leaders Fund Limited,,,,,,,,,,,,,,,https://disfold.com/company/australian-pharmaceutical-industries-limited/,https://disfold.com/company/australian-leaders-fund-limited/
2230,2230,554,Sila Careers,Sika Interplant Systems,,,,,,,,,,,,,,,www.sila.com,https://www.sikaglobal.com/
2277,2277,25,Starwood Property Trust Inc,Starwood Careers,,,,,,,,,,,,,,,www.starwoodpropertytrust.com,www.starwoodhotels.com
2348,2348,370,Siemens Energy,Siemens,,,,,,,,,,,,,,,https://disfold.com/company/siemens-energy-ag/,https://disfold.com/company/siemens-ag/
2697,2697,1429,"Nippon Express Co., Ltd.","Nippon Electric Glass Co., Ltd.",,,,,,,,,,,,,,,https://disfold.com/company ippon-express-co-ltd/,https://disfold.com/company ippon-electric-glass-co-ltd/
2772,2772,361,Domino's Pizza Inc,Domino's Pizza Enterprises Ltd,,,,,,,,,,,,,,,www.dominos.com,www.dominos.com.au
2888,2888,482,First Help Financial Careers,First Gen Corporation,,,,,,,,,,,,,,,www.firsthelpfinancial.com,https://www.firstgen.com.ph/
2905,2905,1595,"Clever Global, SA",Clever,,,,,,,,,,,,,,,https://disfold.com/company/clever-global-sa/,https://www.clever.dk
3016,3016,2068,Albertani,Albemarle Corp,,,,,,,,,,,,,,,https://www.albertanicasa.com,www.albemarle.com
3188,3188,1622,Noonic,Nongshim Co Ltd,,,,,,,,,,,,,,,https://www.noonic.com/,eng.nongshim.com
3262,3262,512,Saudi Telecom Company,Saudi Steel Pipes Company,,,,,,,,,,,,,,,https://disfold.com/company/saudi-telecom-company/,https://disfold.com/company/saudi-steel-pipes-company/
3308,3308,1169,Osmii,Osiway,,,,,,,,,,,,,,,https://osmii.com/,https://www.osiway.com/
3510,3510,243,Amcor plc,Amcon Distributing Co,,,,,,,,,,,,,,,https://disfold.com/company/amcor-plc/,www.amcon.com
3616,3616,672,Bettzeit,Bettini International,,,,,,,,,,,,,,,https://www.bettzeit.com/,https://www.bettinitetti.com
3663,3663,3235,"Abiomed, Inc.",Abiomed Careers,,,,,,,,,,,,,,,https://disfold.com/company/abiomed-inc/,www.abiomed.com
3793,3793,1786,Automotives Keim,Automotive Broker Services,,,,,,,,,,,,,,,https://www.automotives-keim.de/,https://www.automotivebrokerservices.it/
3853,3853,344,Allied Supreme Corp,Allied Group Ltd,,,,,,,,,,,,,,,https://disfold.com/company/allied-supreme-corp/,www.alliedgroup.com.hk
3889,3889,2685,coly,cognigy Careers,,,,,,,,,,,,,,,https://colyinc.com/,www.cognigy.com
3999,3999,1396,Broadridge Financial Solutions Inc,Broadmedia Corp,,,,,,,,,,,,,,,www.broadridge.com,https://disfold.com/company/broadmedia-corp/
4054,4054,3016,Albertsons Companies Inc,Albertani,,,,,,,,,,,,,,,www.albertsonscompanies.com,https://www.albertanicasa.com
4136,4136,3299,Gold Royalty Corp,Gold Mountain Mining Corp,,,,,,,,,,,,,,,https://disfold.com/company/gold-royalty-corp/,https://disfold.com/company/gold-mountain-mining-corp/
4164,4164,1183,Wyncoast Industrial Park Public Company Ltd,Wuxi Taiji Industry Company Ltd,,,,,,,,,,,,,,,https://disfold.com/company/wyncoast-industrial-park-public-company-ltd/,https://disfold.com/company/wuxi-taiji-industry-company-ltd/
4259,4259,754,North American Income Trust (The) plc,North American Construction Group Ltd.,,,,,,,,,,,,,,,https://disfold.com/company orth-american-income-trust-the-plc/,https://disfold.com/company orth-american-construction-group-ltd/
4372,4372,2195,Digital Value S.p.A.,"Digital Realty Trust, Inc.",,,,,,,,,,,,,,,https://disfold.com/company/digital-value-spa/,https://disfold.com/company/digital-realty-trust-inc/
4422,4422,2492,T.M.C. Industrial Public Company Ltd,T.K.S. Technologies Public Company Ltd,,,,,,,,,,,,,,,https://disfold.com/company/tmc-industrial-public-company-ltd/,https://disfold.com/company/tks-technologies-public-company-ltd/
4438,4438,3416,Thai Nakarin Hospital Public Company Ltd,Thai Mitsuwa Public Company Ltd,,,,,,,,,,,,,,,https://disfold.com/company/thai-nakarin-hospital-public-company-ltd/,https://disfold.com/company/thai-mitsuwa-public-company-ltd/
4609,4609,1100,Allegion plc,Allegiant Travel Co,,,,,,,,,,,,,,,https://disfold.com/company/allegion-plc/,www.allegiantair.com
4618,4618,2343,Codewise,"Codere, SA",,,,,,,,,,,,,,,https://www.codewise.com,https://disfold.com/company/codere-sa/
4649,4649,446,HELLA GmbH & Co KGaA,HEICO Corp,,,,,,,,,,,,,,,www.hella.com,www.heico.com
4972,4972,4963,Macmahon Holdings Ltd,Mackay Goodwin,,,,,,,,,,,,,,,www.macmahon.com.au,https://www.mackaygoodwin.com.au/
5032,5032,1754,"American National Group, Inc",American Lithium Corp,,,,,,,,,,,,,,,www.americannational.com/wps/portal,https://disfold.com/company/american-lithium-corp/
5173,5173,721,Eaton Vance Corp,Eaton Corporation Plc,,,,,,,,,,,,,,,www.eatonvance.com/,www.eaton.com
5368,5368,894,Trinidad Benham Careers,Trina Solar Co Ltd,,,,,,,,,,,,,,,www.trinidadbenham.com,www.trinasolar.com
5470,5470,3062,HCL Technologies Careers,HCA Healthcare Inc,,,,,,,,,,,,,,,www.hcltech.com,hcahealthcare.com
5488,5488,841,Foot Locker Inc,Foot District,,,,,,,,,,,,,,,www.footlocker-inc.com,https://footdistrict.com/
5510,5510,3219,Baillie Gifford Japan Trust plc,Baillie Gifford China Growth Trust plc,,,,,,,,,,,,,,,https://disfold.com/company/baillie-gifford-japan-trust-plc/,https://disfold.com/company/baillie-gifford-china-growth-trust-plc/
5576,5576,2342,RIV Capital Inc.,RIT Capital Partners,,,,,,,,,,,,,,,https://disfold.com/company/riv-capital-inc/,https://disfold.com/company/rit-capital-partners/
5993,5993,3214,Air France-KLM SA,Air China Ld,,,,,,,,,,,,,,,https://disfold.com/company/air-france-klm-sa/,https://disfold.com/company/air-china-ld/
5995,5995,1556,"Acer, Inc.",Acer Inc,,,,,,,,,,,,,,,https://disfold.com/company/acer-inc/,www.acer.com
6071,6071,5611,Hokkyokusei Corporation,Hokkaido Electric Power Co Inc,,,,,,,,,,,,,,,https://hokkyokusei.co.jp/,www.hepco.co.jp
6107,6107,5879,Qorvo Inc,Qontigo Careers,,,,,,,,,,,,,,,www.qorvo.com,www.qontigo.com
6147,6147,90,Power Solution Technologies Public Company Ltd,Power Line Engineering Public Company Ltd,,,,,,,,,,,,,,,https://disfold.com/company/power-solution-technologies-public-company-ltd/,https://disfold.com/company/power-line-engineering-public-company-ltd/
6190,6190,744,ITT Inc,ITP Nord,,,,,,,,,,,,,,,www.itt.com,https://www.itp-world.com/
6350,6350,651,Phenix,Phenikaa,,,,,,,,,,,,,,,https://wearephenix.com,https://www.phenikaa.com/
6430,6430,4576,Vietnam International Commercial Joint Stock Bank,Vietnam Dairy Products Joint Stock Co,,,,,,,,,,,,,,,www.vib.com.vn,www.vinamilk.com.vn
6434,6434,1300,ADATA Technology Co Ltd,ADA,,,,,,,,,,,,,,,www.adata.com,https://disfold.com/company/ada/
6468,6468,1412,SuperRobotics Ltd,SuperCom Ltd.,,,,,,,,,,,,,,,https://disfold.com/company/superrobotics-ltd/,https://disfold.com/company/supercom-ltd/
6488,6488,678,Kerlink SACA,Kering SA,,,,,,,,,,,,,,,https://disfold.com/company/kerlink-saca/,https://disfold.com/company/kering-sa/
6581,6581,1956,Mako Mining Corp,Makita Corp,,,,,,,,,,,,,,,https://disfold.com/company/mako-mining-corp/,https://disfold.com/company/makita-corp/
6763,6763,6696,"Cheniere Energy, Inc.",Cheniere Energy Partners LP,,,,,,,,,,,,,,,https://disfold.com/company/cheniere-energy-inc/,cqpir.cheniere.com
6869,6869,938,PredictSpring Careers,Predica Consulting Services Sp. z o.o. Sp. Komandytowa,,,,,,,,,,,,,,,www.predictspring.com,https://www.predicagroup.com
6875,6875,5659,Arteche Lantegi Elkartea SA,Artea,,,,,,,,,,,,,,,https://disfold.com/company/arteche-lantegi-elkartea-sa/,https://disfold.com/company/artea/
6918,6918,6630,Amcor Plc,Amco-Bulgaria,,,,,,,,,,,,,,,www.amcor.com,https://www.amco-shop.com
6943,6943,4248,Allied Corp,Allied Circuit Co. Ltd,,,,,,,,,,,,,,,https://disfold.com/company/allied-corp/,https://disfold.com/company/allied-circuit-co-ltd/
7029,7029,6799,Sterling Infrastructure Inc,Steris Plc,,,,,,,,,,,,,,,www.strlco.com,www.steris.com
7159,7159,2639,Quanta Computer Inc,Quanex Building Products Corporation,,,,,,,,,,,,,,,www.quantatw.com,www.quanex.com
7164,7164,2327,Voith GmbH & Co KGaA,VoiceTube,,,,,,,,,,,,,,,www.voith.com,https://www.voicetube.com/
7190,7190,1900,Alpha MOS SA,Alpha HPA Limited,,,,,,,,,,,,,,,https://disfold.com/company/alpha-mos-sa/,https://disfold.com/company/alpha-hpa-limited/
7273,7273,3996,Cbweed*,"Cboe Global Markets, Inc",,,,,,,,,,,,,,,https://cbweed.com/,www.cboe.com
7306,7306,1055,Spyrosoft,Sprouts Farmers Market Inc,,,,,,,,,,,,,,,https://spyro-soft.com,www.sprouts.com
7327,7327,4531,Autostrade Meridionali S.p.A.,Autosports Group Limited,,,,,,,,,,,,,,,https://disfold.com/company/autostrade-meridionali-spa/,https://disfold.com/company/autosports-group-limited/
7367,7367,5618,Cigna Careers,Ciena Corp,,,,,,,,,,,,,,,www.cigna.com,www.ciena.com
7416,7416,2961,Pendragon PLC,Penbrothers,,,,,,,,,,,,,,,www.pendragonplc.com,https://penbrothers.com/
7437,7437,5041,Qurate Retail Inc,QuoteWizard Careers,,,,,,,,,,,,,,,www.qurateretail.com,quotewizard.com
7461,7461,2546,The Hachijuni Bank Ltd,The Gunma Bank Ltd,,,,,,,,,,,,,,,https://disfold.com/company/the-hachijuni-bank-ltd/,https://disfold.com/company/the-gunma-bank-ltd/
7490,7490,2142,Reddico,Redde Northgate Plc,,,,,,,,,,,,,,,https://www.reddico.co.uk,reddenorthgate.co.uk
7569,7569,3247,Beijing Tong Ren Tang Chinese Medicine Co Ltd,Beijing Sinnet Technology Co. Ltd,,,,,,,,,,,,,,,https://disfold.com/company/beijing-tong-ren-tang-chinese-medicine-co-ltd/,https://disfold.com/company/beijing-sinnet-technology-co-ltd/
7587,7587,6281,Public Joint Stock Company Perm Energy Supplying Company,Public Joint Stock Company Nauka-Telecom,,,,,,,,,,,,,,,https://disfold.com/company/public-joint-stock-company-perm-energy-supplying-company/,https://disfold.com/company/public-joint-stock-company-nauka-telecom/
7670,7670,5070,Carrier Global Corp,Carrevolutis,,,,,,,,,,,,,,,www.carrier.com,https://www.carrevolutis.com
7725,7725,2370,Dogus Gayrimenkul Yatirim Ortakligi A.S.,Dogan Sirketler Grubu Holding A.S.,,,,,,,,,,,,,,,https://disfold.com/company/dogus-gayrimenkul-yatirim-ortakligi-as/,https://disfold.com/company/dogan-sirketler-grubu-holding-as/
7750,7750,2615,Verisk Analytics Inc,Verily Careers,,,,,,,,,,,,,,,www.verisk.com,www.verily.com
7825,7825,234,Union Plastic Public Company Ltd,Union Petrochemical Public Company Ltd,,,,,,,,,,,,,,,https://disfold.com/company/union-plastic-public-company-ltd/,https://disfold.com/company/union-petrochemical-public-company-ltd/
7899,7899,7569,"Beijing United Information Technology Co.,Ltd.",Beijing Tong Ren Tang Chinese Medicine Co Ltd,,,,,,,,,,,,,,,https://disfold.com/company/beijing-united-information-technology-coltd/,https://disfold.com/company/beijing-tong-ren-tang-chinese-medicine-co-ltd/
7963,7963,5431,BriteCore Careers,Bristow Group Inc,,,,,,,,,,,,,,,www.britecore.com,www.bristowgroup.com
7999,7999,5765,"CMC Materials, Inc.",CMC Markets plc,,,,,,,,,,,,,,,https://disfold.com/company/cmc-materials-inc/,https://disfold.com/company/cmc-markets-plc/
8041,8041,608,Shin Hai Gas Corp,Shimizu Corp,,,,,,,,,,,,,,,https://disfold.com/company/shin-hai-gas-corp/,https://disfold.com/company/shimizu-corp/
8102,8102,2133,Aeon Delight Co. Ltd,Aeon Co. Ltd,,,,,,,,,,,,,,,https://disfold.com/company/aeon-delight-co-ltd/,https://disfold.com/company/aeon-co-ltd/
8226,8226,2854,Administradora de Fondos de Pensiones PlanVital SA,Administradora de Fondos de Pensiones Cuprum SA,,,,,,,,,,,,,,,https://disfold.com/company/administradora-de-fondos-de-pensiones-planvital-sa/,https://disfold.com/company/administradora-de-fondos-de-pensiones-cuprum-sa/
8256,8256,4008,Appier Careers,Apparent Communications,,,,,,,,,,,,,,,www.appier.com,https://apparent.com.au/
8269,8269,6253,Lamb Weston Holdings Inc,Lamar Advertising Co,,,,,,,,,,,,,,,www.lambweston.com,www.lamar.com
8282,8282,2292,Stelco Holdings Inc.,Steinhoff Investment Holdings Ltd,,,,,,,,,,,,,,,https://disfold.com/company/stelco-holdings-inc/,https://disfold.com/company/steinhoff-investment-holdings-ltd/
8300,8300,4133,PT Astra Otoparts Tbk,PT Astra Graphia Tbk,,,,,,,,,,,,,,,https://disfold.com/company/pt-astra-otoparts-tbk/,https://disfold.com/company/pt-astra-graphia-tbk/
8325,8325,4704,Galena Mining Limited,Gale Pacific Limited,,,,,,,,,,,,,,,https://disfold.com/company/galena-mining-limited/,https://disfold.com/company/gale-pacific-limited/
8385,8385,4533,"VeriSign, Inc.",VeriSign Careers,,,,,,,,,,,,,,,https://disfold.com/company/verisign-inc/,www.verisign.com
8412,8412,389,Perenti Ltd,Peragnoli Auto,,,,,,,,,,,,,,,perentigroup.com,https://www.peragnoliauto.com
8448,8448,294,Amazon.com Inc,Amazon,,,,,,,,,,,,,,,www.amazon.com,https://disfold.com/company/amazoncom-inc/
8451,8451,7541,Direct Line Insurance Group plc,Direct Finance of Direct Group,,,,,,,,,,,,,,,https://disfold.com/company/direct-line-insurance-group-plc/,https://disfold.com/company/direct-finance-of-direct-group/
8520,8520,6647,Barloworld Ltd,Barloworld Ld,,,,,,,,,,,,,,,https://disfold.com/company/barloworld-ltd/,https://disfold.com/company/barloworld-ld/
8560,8560,2980,Morgan Sindall Group Plc,Morgan Advanced Materials Plc,,,,,,,,,,,,,,,www.morgansindall.com,www.morganadvancedmaterials.com
8597,8597,1427,LG Chem Ltd,LER TechForce Careers,,,,,,,,,,,,,,,www.lgchem.com,www.lertechforce.com
8649,8649,6273,Federated Hermes Inc,Federal Signal Corp,,,,,,,,,,,,,,,www.federatedinvestors.com,www.federalsignal.com
8650,8650,7964,Çemtas Çelik Makina Sanayi ve Ticaret A.S.,Çelik Halat ve Tel Sanayii A.S.,,,,,,,,,,,,,,,https://disfold.com/company/cemtas-celik-makina-sanayi-ve-ticaret-as/,https://disfold.com/company/celik-halat-ve-tel-sanayii-as/
8692,8692,4222,Sunnysmoker,Sunny Optical Technology (Group) Co Ltd,,,,,,,,,,,,,,,https://www.sunnysmoker.com,www.sunnyoptical.com
8702,8702,3749,Powertip Technology Corporation,Powertech Technology Inc,,,,,,,,,,,,,,,https://ptic.com.tw/,www.pti.com.tw
8853,8853,2962,S.A.I. Leisure Group Company Ltd,S. Pack & Print Public Company Ltd,,,,,,,,,,,,,,,https://disfold.com/company/sai-leisure-group-company-ltd/,https://disfold.com/company/s-pack-print-public-company-ltd/
8866,8866,5205,Federal Corp,FedEx Corporation,,,,,,,,,,,,,,,https://disfold.com/company/federal-corp/,https://disfold.com/company/fedex-corporation/
8887,8887,3149,The Chugoku Bank Ltd,The Chiba Bank Ltd,,,,,,,,,,,,,,,https://disfold.com/company/the-chugoku-bank-ltd/,https://disfold.com/company/the-chiba-bank-ltd/
8893,8893,2351,Fibra Plus,Fibra Inn,,,,,,,,,,,,,,,https://disfold.com/company/fibra-plus/,https://disfold.com/company/fibra-inn/
9162,9162,1127,"CK Life Sciences Int'l., (Holdings), Inc.",CK Hutchison Holdings Ltd,,,,,,,,,,,,,,,https://disfold.com/company/ck-life-sciences-intl-holdings-inc/,https://disfold.com/company/ck-hutchison-holdings-ltd/
9170,9170,2645,Anteco Systems (AnyTech365),Antec,,,,,,,,,,,,,,,https://anytech365.com/,https://www.antec.com/
9301,9301,5311,Zhejiang Huahai Pharmaceutical Co. Ltd,Zhejiang Hisun Pharmaceutical Co. Ltd,,,,,,,,,,,,,,,https://disfold.com/company/zhejiang-huahai-pharmaceutical-co-ltd/,https://disfold.com/company/zhejiang-hisun-pharmaceutical-co-ltd/
9320,9320,6453,Smiths Group Plc,Smith & Nephew Plc,,,,,,,,,,,,,,,www.smiths.com,www.smith-nephew.com
9356,9356,8138,"Astellas Pharma, Inc.",Asteelflash Careers,,,,,,,,,,,,,,,https://disfold.com/company/astellas-pharma-inc/,www.asteelflash.com
9365,9365,5420,The Unite Group plc,The Trendlines Group Ltd,,,,,,,,,,,,,,,https://disfold.com/company/the-unite-group-plc/,https://disfold.com/company/the-trendlines-group-ltd/
9388,9388,686,Motor Flash Iberica de Negocios,Mothership Careers,,,,,,,,,,,,,,,https://www.motorflashiberica.com,www.mothership.com
9406,9406,8379,Assitech,Assis-Tec,,,,,,,,,,,,,,,https://www.assi.tech,https://www.assistec.cc
9596,9596,8393,Beijing Wantai Biological Pharmacy Enterprise Co. Ltd,Beijing Vantone Real Estate Co. Ltd,,,,,,,,,,,,,,,https://disfold.com/company/beijing-wantai-biological-pharmacy-enterprise-co-ltd/,https://disfold.com/company/beijing-vantone-real-estate-co-ltd/
9599,9599,6071,Hokuhoku Financial Group Inc,Hokkyokusei Corporation,,,,,,,,,,,,,,,www.hokuhoku-fg.co.jp,https://hokkyokusei.co.jp/
9608,9608,4957,Tradeweb Markets Inc,Tradeinn Retail Services,,,,,,,,,,,,,,,www.tradeweb.com,https://www.tradeinn.com
9638,9638,8067,Patrick Industries Inc,Patra Corporation Careers,,,,,,,,,,,,,,,patrickind.com,www.patracorp.com
9660,9660,1330,ServiceNow Inc,ServiceChannel Careers,,,,,,,,,,,,,,,www.servicenow.com,www.servicechannel.com
9672,9672,7396,Türkiye Kalkinma ve Yatirim Bankasi A.S.,Türkiye Halk Bankasi A.S.,,,,,,,,,,,,,,,https://disfold.com/company/turkiye-kalkinma-ve-yatirim-bankasi-as/,https://disfold.com/company/turkiye-halk-bankasi-as/
9673,9673,722,US Foods Holding Corp,US Ecology Inc,,,,,,,,,,,,,,,www.usfoods.com,www.usecology.com
9744,9744,1842,Theradiag SA,TheraVet SA,,,,,,,,,,,,,,,https://disfold.com/company/theradiag-sa/,https://disfold.com/company/theravet-sa/
9755,9755,56,Xylon,Xylem Inc,,,,,,,,,,,,,,,https://xylon-lab.com/,www.xylem.com
9771,9771,4009,Grayce Group,"Gravity Co., Ltd.",,,,,,,,,,,,,,,https://www.grayce.co.uk/,https://disfold.com/company/gravity-co-ltd/
9903,9903,1392,Venture Corporation Ltd,Venticento,,,,,,,,,,,,,,,www.venture.com.sg,https://www.venticento.com/
10009,10009,8874,INTLOOP,INTELORG,,,,,,,,,,,,,,,http://www.intloop.com/,http://www.intelorg.com.sg/
10071,10071,745,Apollo Tourism & Leisure Ltd,Apollo Power Ltd,,,,,,,,,,,,,,,https://disfold.com/company/apollo-tourism-leisure-ltd/,https://disfold.com/company/apollo-power-ltd/
10132,10132,8544,Herff Jones Careers,Herbalife Nutrition Ltd,,,,,,,,,,,,,,,www.herffjones.com,www.herbalife.com
10156,10156,5919,Korea Zinc Co Ltd,Korea National Oil Corp,,,,,,,,,,,,,,,www.koreazinc.co.kr,www.knoc.co.kr
10166,10166,4629,Fundnel,Funding Societies,,,,,,,,,,,,,,,https://fundnel.com/,https://fundingsocieties.com/
10170,10170,7587,Public Joint Stock Company RBC,Public Joint Stock Company Perm Energy Supplying Company,,,,,,,,,,,,,,,https://disfold.com/company/public-joint-stock-company-rbc/,https://disfold.com/company/public-joint-stock-company-perm-energy-supplying-company/
10189,10189,10067,Mitsui Chemicals Inc,Mitsui & Co Ltd,,,,,,,,,,,,,,,www.mitsuichem.com,www.mitsui.com
10238,10238,9682,Documaster,DocuSign Careers,,,,,,,,,,,,,,,https://www.documaster.com,www.docusign.com
10244,10244,5028,Banque Nationale de Belgique,Banque Cantonale de Genève SA,,,,,,,,,,,,,,,https://disfold.com/company/banque-nationale-de-belgique/,https://disfold.com/company/banque-cantonale-de-geneve-sa/
10360,10360,9904,Cygnus Trust,Cye Energia,,,,,,,,,,,,,,,http://cygnus-trust.com/,http://www.cye-energia.com/
10508,10508,4910,Ferroamp,Ferro Corp,,,,,,,,,,,,,,,https://ferroamp.com/,www.ferro.com
10557,10557,8305,ABN AMRO Private Banking,ABN AMRO Bank N.V.,,,,,,,,,,,,,,,www.abnamroprivatebanking.com,https://disfold.com/company/abn-amro-bank-nv/
10578,10578,644,American Pacific Mining Corp,"American Oil & Gas, Inc.",,,,,,,,,,,,,,,https://disfold.com/company/american-pacific-mining-corp/,https://disfold.com/company/american-oil-gas-inc/
10581,10581,7932,Caisse Regionale de Credit Agricole Mutuel d'Ille-et-Vilaine,Caisse Regionale de Credit Agricole Mutuel Brie Picardie,,,,,,,,,,,,,,,https://disfold.com/company/caisse-regionale-de-credit-agricole-mutuel-dille-et-vilaine/,https://disfold.com/company/caisse-regionale-de-credit-agricole-mutuel-brie-picardie/
10590,10590,9149,Sartorius Careers,Sartorius,,,,,,,,,,,,,,,www.sartorius.com,https://disfold.com/company/sartorius-ag/
10594,10594,4890,Duke Realty Corporation,Duke Energy Corporation,,,,,,,,,,,,,,,https://disfold.com/company/duke-realty-corporation/,https://disfold.com/company/duke-energy-corporation/
10629,10629,5130,Fortive Corp,Fortis Inc,,,,,,,,,,,,,,,www.fortive.com,www.fortisinc.com
10656,10656,4048,China Mengniu Dairy Co Ltd,China Meheco Group Co. Ltd,,,,,,,,,,,,,,,https://disfold.com/company/china-mengniu-dairy-co-ltd/,https://disfold.com/company/china-meheco-group-co-ltd/
10667,10667,1553,Australis Oil & Gas Limited,Australian Vanadium Limited,,,,,,,,,,,,,,,https://disfold.com/company/australis-oil-gas-limited/,https://disfold.com/company/australian-vanadium-limited/
10669,10669,3378,PT Asuransi Tugu Pratama Indonesia Tbk,PT Asuransi Kresna Mitra Tbk,,,,,,,,,,,,,,,https://disfold.com/company/pt-asuransi-tugu-pratama-indonesia-tbk/,https://disfold.com/company/pt-asuransi-kresna-mitra-tbk/
10680,10680,8668,HighCo,"High Tide, Inc.",,,,,,,,,,,,,,,https://disfold.com/company/highco/,https://disfold.com/company/high-tide-inc/
10689,10689,10420,Graham Holdings Co,Grafton Group Plc,,,,,,,,,,,,,,,www.ghco.com,www.graftonplc.com
10690,10690,7596,"Chewy, Inc.",Chewathai Public Company Ltd,,,,,,,,,,,,,,,https://disfold.com/company/chewy-inc/,https://disfold.com/company/chewathai-public-company-ltd/
10709,10709,5988,CapitaLand Integrated Commercial Trust,CapitaLand China Trust,,,,,,,,,,,,,,,https://disfold.com/company/capitaland-integrated-commercial-trust/,https://disfold.com/company/capitaland-china-trust/
10719,10719,3314,PT Bank Pembangunan Daerah Jawa Timur Tbk,PT Bank Panin Dubai Syariah Tbk,,,,,,,,,,,,,,,https://disfold.com/company/pt-bank-pembangunan-daerah-jawa-timur-tbk/,https://disfold.com/company/pt-bank-panin-dubai-syariah-tbk/
10775,10775,2888,First Horizon Corp,First Help Financial Careers,,,,,,,,,,,,,,,www.firsthorizon.com,www.firsthelpfinancial.com
10776,10776,2659,Fast-Up Partners,Fast Retailing Co Ltd,,,,,,,,,,,,,,,http://www.fastuppartners.com/,www.fastretailing.com
10791,10791,76,Consolidated Edison Inc,Consolidated Communications Holdings Inc,,,,,,,,,,,,,,,www.conedison.com,www.consolidated.com
10909,10909,9066,Yourparkingspace Limited,YourParkingSpace,,,,,,,,,,,,,,,https://www.yourparkingspace.co.uk/,https://www.yourparkingspace.co.uk/
10979,10979,8011,Canfor Corp,Cancom SE,,,,,,,,,,,,,,,www.canfor.com,www.cancom.com
11028,11028,517,Warner Bros. Entertainment Careers,Wargaming Careers,,,,,,,,,,,,,,,www.warnerbros.com,www.wargaming.com
11029,11029,5640,Mlion Corporation,Mizuno Corp,,,,,,,,,,,,,,,https://www.mlioncorp.com/,corp.mizuno.com
11063,11063,4685,ContractPodAi,Contis Group,,,,,,,,,,,,,,,https://contractpodai.com/,https://www.contis.com/
11088,11088,8623,Hewlett Packard Enterprise Co,Hess Corp,,,,,,,,,,,,,,,investors.hpe.com,www.hess.com
11142,11142,7693,Taksee Mobility,Takko Careers,,,,,,,,,,,,,,,https://www.taksee.com,takkoapp.com
11149,11149,8755,Xinhua Winshare Publishing and Media Co Ltd,Xingda International Holdings Limited,,,,,,,,,,,,,,,www.winshare.com.cn,www.xingda.com.cn
11162,11162,1277,M2.,M/I Homes Inc,,,,,,,,,,,,,,,https://www.m2dot.com,www.mihomes.com
11185,11185,6943,Allied Farmers Ltd,Allied Corp,,,,,,,,,,,,,,,https://disfold.com/company/allied-farmers-ltd/,https://disfold.com/company/allied-corp/
11212,11212,9681,Public Joint Stock Company Kurgan Generation Company,Public Joint Stock Company Kamchatskenergo,,,,,,,,,,,,,,,https://disfold.com/company/public-joint-stock-company-kurgan-generation-company/,https://disfold.com/company/public-joint-stock-company-kamchatskenergo/
11319,11319,2460,Canon Marketing Japan Inc,Canon Inc,,,,,,,,,,,,,,,canon.jp,canon.jp
11321,11321,1665,GPS GmbH,GPS,,,,,,,,,,,,,,,https://www.gps-germany.com,https://www.gps-germany.com/
11328,11328,3784,360F,360 Security Technology Inc,,,,,,,,,,,,,,,https://www.360f.com/,www.360.cn
11400,11400,4988,Accely,Accell Group N.V.,,,,,,,,,,,,,,,https://www.accely.com/,https://disfold.com/company/accell-group-nv/
11438,11438,1096,Apollo Global Management Inc,Apollo Consolidated Limited,,,,,,,,,,,,,,,www.apollo.com,https://disfold.com/company/apollo-consolidated-limited/
11471,11471,4599,Shopper Media Group,Shopify Inc,,,,,,,,,,,,,,,https://www.shoppermediagroup.com/,www.shopify.com
11500,11500,7494,STMicroelectronics Careers,STI Norland,,,,,,,,,,,,,,,www.st.com,https://www.stinorland.com/
11519,11519,3481,AcuityAds Holdings Inc.,Acuity Brands Inc,,,,,,,,,,,,,,,https://disfold.com/company/acuityads-holdings-inc/,www.acuitybrands.com
11587,11587,1671,"NextEra Energy Partners, LP",NextEra Energy,,,,,,,,,,,,,,,https://disfold.com/company extera-energy-partners-lp/,https://disfold.com/company extera-energy-inc/
11627,11627,7159,Quanta Services Inc,Quanta Computer Inc,,,,,,,,,,,,,,,www.quantaservices.com,www.quantatw.com
11635,11635,1249,Goodman Property Trust,Goodland Group Ltd,,,,,,,,,,,,,,,https://disfold.com/company/goodman-property-trust/,https://disfold.com/company/goodland-group-ltd/
11654,11654,730,NCsoft Corp,NCR Corp,,,,,,,,,,,,,,,kr.ncsoft.com,www.ncr.com
11701,11701,9938,Compagnie Financiere Richemont SA,CompStak Careers,,,,,,,,,,,,,,,www.richemont.com,www.compstak.com
11710,11710,8398,Camping-Kaufhaus.com,Camping Car Park,,,,,,,,,,,,,,,https://www.camping-kaufhaus.com/,https://www.campingcarpark.com
11746,11746,10156,Korean Reinsurance Co,Korea Zinc Co Ltd,,,,,,,,,,,,,,,koreanre.co.kr,www.koreazinc.co.kr
11764,11764,1814,Enviro-Hub Holdings Ltd,Envipco Holding N.V.,,,,,,,,,,,,,,,https://disfold.com/company/enviro-hub-holdings-ltd/,https://disfold.com/company/envipco-holding-nv/
11805,11805,908,Dynacor Gold Mines Inc.,Dyna-Mac Holdings Ltd,,,,,,,,,,,,,,,https://disfold.com/company/dynacor-gold-mines-inc/,https://disfold.com/company/dyna-mac-holdings-ltd/
11833,11833,11789,Eastern Star Real Estate Public Company Ltd,Eastern Power Group Public Company Ltd,,,,,,,,,,,,,,,https://disfold.com/company/eastern-star-real-estate-public-company-ltd/,https://disfold.com/company/eastern-power-group-public-company-ltd/
11838,11838,77,CNA Insurance Careers,CNA Financial Corp,,,,,,,,,,,,,,,www.cna.com,www.cna.com
11906,11906,6585,Discovery Careers,Discover Car Hire,,,,,,,,,,,,,,,www.discovery.com,https://www.discovercars.com/
11973,11973,9834,CTC Careers,CTBC Financial Holding Co Ltd,,,,,,,,,,,,,,,www.ctc.com,www.ctbcholding.com
11976,11976,4098,Turkiye Sise ve Cam Fabrikalari AS,Turkiye IS Bankasi AS,,,,,,,,,,,,,,,www.sisecam.com.tr,www.isbank.com.tr
11987,11987,5549,Franchi Umberto Marmi S.p.A.,France Tourisme Immobilier,,,,,,,,,,,,,,,https://disfold.com/company/franchi-umberto-marmi-spa/,https://disfold.com/company/france-tourisme-immobilier/
11988,11988,5200,African Media Entertainment Ltd,African Dawn Capital Ltd,,,,,,,,,,,,,,,https://disfold.com/company/african-media-entertainment-ltd/,https://disfold.com/company/african-dawn-capital-ltd/
12024,12024,6324,Evolution Mining Limited,Evolution Adv,,,,,,,,,,,,,,,https://disfold.com/company/evolution-mining-limited/,https://www.evolutionadv.it/
12058,12058,9320,Smiths Medical,Smiths Group Plc,,,,,,,,,,,,,,,www.smiths-medical.com,www.smiths.com
12132,12132,8148,Starts Proceed Investment Corp,"Starts Corp, Inc.",,,,,,,,,,,,,,,https://disfold.com/company/starts-proceed-investment-corp/,https://disfold.com/company/starts-corp-inc/
12139,12139,10584,"Chongqing Water Group Co.,Ltd.",Chongqing Taiji Industry,,,,,,,,,,,,,,,https://disfold.com/company/chongqing-water-group-coltd/,https://disfold.com/company/chongqing-taiji-industry/
12201,12201,1857,Sahamitr Pressure Container Public Company Ltd,Sahakol Equipment Public Company Ltd,,,,,,,,,,,,,,,https://disfold.com/company/sahamitr-pressure-container-public-company-ltd/,https://disfold.com/company/sahakol-equipment-public-company-ltd/
12241,12241,8982,Samolet Group Public Joint Stock Company,Samitivej Public Company Ltd,,,,,,,,,,,,,,,https://disfold.com/company/samolet-group-public-joint-stock-company/,https://disfold.com/company/samitivej-public-company-ltd/
12246,12246,11743,InfoBeans,Info-Tech Systems Integrators,,,,,,,,,,,,,,,https://www.infobeans.com/,https://www.info-tech.com.sg/
12248,12248,7797,Veeva Systems Inc,Vedanta Resources Ltd,,,,,,,,,,,,,,,www.veeva.com,www.vedantaresources.com
12270,12270,12225,PRO Unlimited Careers,PRIMA SOLUTIONS,,,,,,,,,,,,,,,www.prounlimited.com,https://www.prima-solutions.com
12297,12297,9949,PT PP (Persero) Tbk,PT PLN (Persero),,,,,,,,,,,,,,,www.ptpp.co.id,www.pln.co.id
12326,12326,11211,Beijing Huafeng Test & Control Technology Co. Ltd,Beijing Haohua Energy Resource Co. Ltd,,,,,,,,,,,,,,,https://disfold.com/company/beijing-huafeng-test-control-technology-co-ltd/,https://disfold.com/company/beijing-haohua-energy-resource-co-ltd/
12327,12327,10454,Antherica,Anthem Careers,,,,,,,,,,,,,,,https://www.antherica.com,www.antheminc.com
12353,12353,10233,CITIC Resources Holdings Ltd,CITIC Ltd,,,,,,,,,,,,,,,https://disfold.com/company/citic-resources-holdings-ltd/,https://disfold.com/company/citic-ltd/
12367,12367,2214,MultiChoice Group,Mullen Group Ltd.,,,,,,,,,,,,,,,https://disfold.com/company/multichoice-group/,https://disfold.com/company/mullen-group-ltd/
12396,12396,7294,Stagecoach Group plc,Staffline Group plc,,,,,,,,,,,,,,,https://disfold.com/company/stagecoach-group-plc/,https://disfold.com/company/staffline-group-plc/
12404,12404,5935,Groupe JAJ,Groupe IRD,,,,,,,,,,,,,,,https://disfold.com/company/groupe-jaj/,https://disfold.com/company/groupe-ird/
12431,12431,7795,WHA Premium Growth Freehold And Leasehold Real Estate Investment Trust,WHA Business Complex Freehold and Leasehold Real Estate Investment Trust,,,,,,,,,,,,,,,https://disfold.com/company/wha-premium-growth-freehold-and-leasehold-real-estate-investment-trust/,https://disfold.com/company/wha-business-complex-freehold-and-leasehold-real-estate-investment-trust/
12440,12440,9362,Tattelecom PJSC,Tatneft PJSC,,,,,,,,,,,,,,,https://disfold.com/company/tattelecom-pjsc/,https://disfold.com/company/tatneft-pjsc/
12475,12475,10591,Clean Seas Seafood Limited,Clean Logistics SE,,,,,,,,,,,,,,,https://disfold.com/company/clean-seas-seafood-limited/,https://disfold.com/company/clean-logistics-se/
12477,12477,9014,Kyoritsu Maintenance Co. Ltd,Kyongbo Pharmaceutical Co. Ltd,,,,,,,,,,,,,,,https://disfold.com/company/kyoritsu-maintenance-co-ltd/,https://disfold.com/company/kyongbo-pharmaceutical-co-ltd/
12495,12495,5499,Southern Copper Corp,Southern Co,,,,,,,,,,,,,,,southerncoppercorp.com,www.southerncompany.com
12510,12510,2517,Pitney Bowes Inc,PitchBook Data Careers,,,,,,,,,,,,,,,www.pitneybowes.com/us,www.pitchbook.com
12514,12514,9201,Huddle Careers,Hudbay Minerals Inc,,,,,,,,,,,,,,,www.huddle.com,www.hudbayminerals.com
12516,12516,3897,Alkermes plc,Alkemy S.p.A.,,,,,,,,,,,,,,,https://disfold.com/company/alkermes-plc/,https://disfold.com/company/alkemy-spa/
12579,12579,10458,Sanquan Food Co Ltd,Sanoma Corp,,,,,,,,,,,,,,,www.sanquan.com,www.sanoma.com
12587,12587,7435,FOOTDISTRICT,FOD Mobility Group,,,,,,,,,,,,,,,https://footdistrict.com/,https://www.fodmobilitygroup.com/
12635,12635,2202,Waste Management Inc,Wasserweik Wassersysteme,,,,,,,,,,,,,,,www.wm.com,https://www.wasserweik.com
12705,12705,2180,Australian Strategic Materials Ltd,Australian Pharmaceutical Industries Limited,,,,,,,,,,,,,,,https://disfold.com/company/australian-strategic-materials-ltd/,https://disfold.com/company/australian-pharmaceutical-industries-limited/
12733,12733,2025,Chugin Financial Group Inc,Chugai Pharmaceutical Co Ltd,,,,,,,,,,,,,,,www.chugin-fg.co.jp,www.chugai-pharm.co.jp
12747,12747,4380,MRM Careers,MRF Ltd,,,,,,,,,,,,,,,www.mrm.com,www.mrftyres.com
12763,12763,5745,"Boston Properties, Inc.",Boston Pizza Royalties Income Fund,,,,,,,,,,,,,,,https://disfold.com/company/boston-properties-inc/,https://disfold.com/company/boston-pizza-royalties-income-fund/
12767,12767,10581,Caisse Regionale de Credit Agricole Mutuel de la Touraine et du Poitou,Caisse Regionale de Credit Agricole Mutuel d'Ille-et-Vilaine,,,,,,,,,,,,,,,https://disfold.com/company/caisse-regionale-de-credit-agricole-mutuel-de-la-touraine-et-du-poitou/,https://disfold.com/company/caisse-regionale-de-credit-agricole-mutuel-dille-et-vilaine/
12784,12784,6724,"Essential Utilities, Inc.",Essential Metals Limited,,,,,,,,,,,,,,,https://disfold.com/company/essential-utilities-inc/,https://disfold.com/company/essential-metals-limited/
12798,12798,1881,Enervit S.p.A.,Enertime SA,,,,,,,,,,,,,,,https://disfold.com/company/enervit-spa/,https://disfold.com/company/enertime-sa/
12808,12808,12066,Salesforce Inc,SalesLoft Careers,,,,,,,,,,,,,,,www.salesforce.com,salesloft.com
12893,12893,7973,Indiabulls Housing Finance Ltd,IndiQube,,,,,,,,,,,,,,,www.indiabullshomeloans.com,http://indiqube.com/
12913,12913,10593,Metro AG,Metis,,,,,,,,,,,,,,,www.metroag.de,https://metishaus.de/
12919,12919,2678,Engenie Group,Engage Squared,,,,,,,,,,,,,,,https://www.engeniegroup.com/,https://engagesq.com/
12923,12923,4146,Himax Technologies Inc,Hilton Worldwide Holdings Inc,,,,,,,,,,,,,,,www.himax.com.tw,www.hilton.com
12984,12984,9850,Adameo PM,Adama Ltd,,,,,,,,,,,,,,,https://www.adameo.com/,www.adama.com
13049,13049,6658,MGM Careers,MGIC Investment Corp,,,,,,,,,,,,,,,www.mgm.com,www.mgic.com
13065,13065,11500,STMicroelectronics NV,STMicroelectronics Careers,,,,,,,,,,,,,,,www.st.com,www.st.com
13085,13085,7948,CliQéo,Cleveron,,,,,,,,,,,,,,,https://www.cliqeo.com,https://cleveron.com
13104,13104,4381,Cloudi-Fi,"Cloudflare, Inc.",,,,,,,,,,,,,,,https://www.cloudi-fi.com/,https://disfold.com/company/cloudflare-inc/
13112,13112,3605,PT Forza Land Indonesia Tbk,PT Fortune Indonesia Tbk,,,,,,,,,,,,,,,https://disfold.com/company/pt-forza-land-indonesia-tbk/,https://disfold.com/company/pt-fortune-indonesia-tbk/
13123,13123,2114,DEMV Deutscher Maklerverbund,DEFAMA Deutsche Fachmarkt,,,,,,,,,,,,,,,https://www.demv.de/,https://www.defama.de/
13129,13129,1121,Frontier Communications Parent Inc,Frontdoor Inc,,,,,,,,,,,,,,,frontier.com,www.frontdoorhome.com
13155,13155,3742,International Paper Company,International Paper Careers,,,,,,,,,,,,,,,https://disfold.com/company/international-paper-company/,www.internationalpaper.com
13180,13180,2552,Yorke Engineering Careers,Yoodle Careers,,,,,,,,,,,,,,,www.yorkeengr.com,www.yoodle.com
13214,13214,6451,Moog Inc,Moody's Corp,,,,,,,,,,,,,,,www.moog.com,www.moodys.com
13291,13291,2935,Banco Santander (Brasil) SA,Banco Patagonia SA,,,,,,,,,,,,,,,https://disfold.com/company/banco-santander-brasil-sa/,https://disfold.com/company/banco-patagonia-sa/
13303,13303,8777,Analysis Group Careers,AnalogFolk,,,,,,,,,,,,,,,www.analysisgroup.com,https://www.analogfolk.com
13323,13323,1226,Nippon Light Metal Holdings Co Ltd,Nippon Koei Co Ltd,,,,,,,,,,,,,,,www.nikkeikinholdings.co.jp,www.n-koei.co.jp
13332,13332,1447,Firstcash Holdings Inc,FirstService Corp,,,,,,,,,,,,,,,www.firstcash.com,www.firstservice.com
13347,13347,11111,Cognizant Technology Solutions Corporation,Cognizant Careers,,,,,,,,,,,,,,,https://disfold.com/company/cognizant-technology-solutions-corporation/,www.cognizant.com
13366,13366,5489,Companhia Habitasul de Participacoes,Companhia Estadual de Distribuição de Energia Elétrica,,,,,,,,,,,,,,,https://disfold.com/company/companhia-habitasul-de-participacoes/,https://disfold.com/company/companhia-estadual-de-distribuicao-de-energia-eletrica/
13379,13379,2452,Air New Zealand Limited,Air Liquide SA,,,,,,,,,,,,,,,https://disfold.com/company/air-new-zealand-limited/,https://disfold.com/company/air-liquide-sa/
13449,13449,9413,Nichirei Corp,Nichiha Corp,,,,,,,,,,,,,,,https://disfold.com/company ichirei-corp/,https://disfold.com/company ichiha-corp/
13508,13508,8245,Just Eat Takeawaycom NV,Just Eat Limited,,,,,,,,,,,,,,,www.justeattakeaway.com,www.just-eat.com
13540,13540,6973,Convent Experts,ConvaTec Group Plc,,,,,,,,,,,,,,,https://www.convent-experts.com,www.convatecgroup.com
13551,13551,11162,M2P Fintech,M2.,,,,,,,,,,,,,,,https://m2pfintech.com/,https://www.m2dot.com
13602,13602,12017,Lufax Holding Ltd,Luen Thai Holdings Ltd,,,,,,,,,,,,,,,https://disfold.com/company/lufax-holding-ltd/,https://disfold.com/company/luen-thai-holdings-ltd/
13641,13641,9423,KB Home,KB Financial Group Inc,,,,,,,,,,,,,,,www.kbhome.com,www.kbfg.com
13722,13722,10441,"Autoliv, Inc.",Autohome Inc.,,,,,,,,,,,,,,,https://disfold.com/company/autoliv-inc/,https://disfold.com/company/autohome-inc/
13761,13761,9374,Shanghai MicroPort Endovascular MedTech Co. Ltd,Shanghai Mechanical & Electrical Industry Co. Ltd,,,,,,,,,,,,,,,https://disfold.com/company/shanghai-microport-endovascular-medtech-co-ltd/,https://disfold.com/company/shanghai-mechanical-electrical-industry-co-ltd/
13843,13843,633,Carmila SA,Carmat SA,,,,,,,,,,,,,,,https://disfold.com/company/carmila-sa/,https://disfold.com/company/carmat-sa/
13870,13870,4742,Flipkart Internet Pvt Ltd,FlightSafety International Careers,,,,,,,,,,,,,,,www.flipkart.com,www.flightsafety.com
13886,13886,2972,Allegiance Coal Limited,Alleghany Corp,,,,,,,,,,,,,,,https://disfold.com/company/allegiance-coal-limited/,www.alleghany.com
13893,13893,3925,Harmonix Music Systems Careers,Harmonia Renewable Energy,,,,,,,,,,,,,,,www.harmonixmusic.com,https://www.harmoniaenergy.com
13927,13927,460,The Progressive Corp,The Predictive Index Careers,,,,,,,,,,,,,,,www.progressive.com,www.predictiveindex.com
13938,13938,9601,Trane Technologies Plc,Traktech Construccions Mecàniques,,,,,,,,,,,,,,,www.tranetechnologies.com,https://www.traktechsl.com/
13942,13942,6544,"American Manganese, Inc.","American International Group, Inc.",,,,,,,,,,,,,,,https://disfold.com/company/american-manganese-inc/,https://disfold.com/company/american-international-group-inc/
13962,13962,4515,Thai Ha Public Company Ltd,Thai Film Industries Public Company Ltd,,,,,,,,,,,,,,,https://disfold.com/company/thai-ha-public-company-ltd/,https://disfold.com/company/thai-film-industries-public-company-ltd/
13979,13979,11708,Morinaga Milk Industry Co Ltd,Morinaga & Co Ltd,,,,,,,,,,,,,,,www.morinagamilk.co.jp,www.morinaga.co.jp
13992,13992,5157,Garmin Ltd,Garaude,,,,,,,,,,,,,,,www.garmin.com,https://www.garaude.com/
14033,14033,8058,China Wafer Level CSP Co. Ltd,China Vanke Co. Ltd,,,,,,,,,,,,,,,https://disfold.com/company/china-wafer-level-csp-co-ltd/,https://disfold.com/company/china-vanke-co-ltd/
14076,14076,8811,PT Bank IBK Indonesia Tbk,PT Bank Ganesha Tbk,,,,,,,,,,,,,,,https://disfold.com/company/pt-bank-ibk-indonesia-tbk/,https://disfold.com/company/pt-bank-ganesha-tbk/
14095,14095,2714,Public Joint-Stock Company Territorial Generation Company No.2,Public Joint-Stock Company TNS energo Nizhny Novgorod,,,,,,,,,,,,,,,https://disfold.com/company/public-joint-stock-company-territorial-generation-company-no2/,https://disfold.com/company/public-joint-stock-company-tns-energo-nizhny-novgorod/
14107,14107,12100,Tesha Corporation,Tesco Plc,,,,,,,,,,,,,,,https://www.teshagroup.com/,www.tescoplc.com
14121,14121,1578,Marathon Petroleum Careers,Marathon Oil Corp,,,,,,,,,,,,,,,www.marathonpetroleum.com,www.marathonoil.com
14126,14126,14112,Bank of Jiujiang Co. Ltd,Bank of Jiangsu Co. Ltd,,,,,,,,,,,,,,,https://disfold.com/company/bank-of-jiujiang-co-ltd/,https://disfold.com/company/bank-of-jiangsu-co-ltd/
14132,14132,12593,HCSS Careers,HCL Technologies Ltd,,,,,,,,,,,,,,,www.hcss.com,www.hcltech.com
14153,14153,5268,WineDirect Careers,Windstream Holdings Inc,,,,,,,,,,,,,,,www.winedirect.com,www.windstream.com
14156,14156,12578,Renewable Ventures,Renewable Energy Group Inc,,,,,,,,,,,,,,,https://ecovatios.com,www.regi.com
14162,14162,9743,Zhejiang Narada Power Source Co. Ltd,Zhejiang Medicine Co. Ltd,,,,,,,,,,,,,,,https://disfold.com/company/zhejiang-narada-power-source-co-ltd/,https://disfold.com/company/zhejiang-medicine-co-ltd/
14166,14166,5007,Cornerstone Careers,Cornerstone Building Brands Inc,,,,,,,,,,,,,,,www.cornerstoneondemand.com,www.cornerstonebuildingbrands.com
14168,14168,934,Computer Direct Group Ltd,Computacenter plc,,,,,,,,,,,,,,,https://disfold.com/company/computer-direct-group-ltd/,https://disfold.com/company/computacenter-plc/
14182,14182,13836,Cintas Corporation,Cintac SA,,,,,,,,,,,,,,,https://disfold.com/company/cintas-corporation/,https://disfold.com/company/cintac-sa/
14199,14199,4616,American Express Co,American Equity Investment Life Holding Company,,,,,,,,,,,,,,,www.americanexpress.com,www.american-equity.com
14201,14201,1103,Clariant International Ltd,Claranova SE,,,,,,,,,,,,,,,www.clariant.com,https://disfold.com/company/claranova-se/
14221,14221,5541,Rouvy,Route 101 (formerly Unify),,,,,,,,,,,,,,,https://www.rouvy.com/,https://www.route101.com
14239,14239,1385,Beijing Gehua CATV Network Co. Ltd,Beijing Enterprises Water Group Ltd,,,,,,,,,,,,,,,https://disfold.com/company/beijing-gehua-catv-network-co-ltd/,https://disfold.com/company/beijing-enterprises-water-group-ltd/
14261,14261,3319,Energineo,Energihem,,,,,,,,,,,,,,,https://www.energineo-led.com,https://www.energihem.com/
14263,14263,6131,"JFE Holdings, Inc.",JEP Holdings Ltd,,,,,,,,,,,,,,,https://disfold.com/company/jfe-holdings-inc/,https://disfold.com/company/jep-holdings-ltd/
14264,14264,583,Emmayli,Emirates Telecommunications Group Co PJSC,,,,,,,,,,,,,,,https://www.mamagetzner.com,eand.com
14308,14308,5550,LiveTiles Limited,LiveHire Limited,,,,,,,,,,,,,,,https://disfold.com/company/livetiles-limited/,https://disfold.com/company/livehire-limited/
14329,14329,11647,Canadian Solar Inc.,Canadian School Of Milan,,,,,,,,,,,,,,,https://disfold.com/company/canadian-solar-inc/,https://www.canadianschool.it
14342,14342,11189,EchoStar Corp,Echo Global Logistics Inc,,,,,,,,,,,,,,,www.echostar.com,www.echo.com
14345,14345,11949,Flexing It,FlexiLivre,,,,,,,,,,,,,,,https://www.flexingit.com/,https://www.flexilivre.com/
14352,14352,13892,Natixis Careers,National Vision Holdings Inc,,,,,,,,,,,,,,,www.natixis.com,www.nationalvision.com
14365,14365,7854,PT Bank Mayapada Internasional Tbk,PT Bank Mandiri (Persero) Tbk,,,,,,,,,,,,,,,https://disfold.com/company/pt-bank-mayapada-internasional-tbk/,https://disfold.com/company/pt-bank-mandiri-persero-tbk/
14372,14372,3910,Siam Steel International Public Company Ltd,Siam Makro Public Company Ltd,,,,,,,,,,,,,,,https://disfold.com/company/siam-steel-international-public-company-ltd/,https://disfold.com/company/siam-makro-public-company-ltd/
14410,14410,13508,Just Energy Group Inc,Just Eat Takeawaycom NV,,,,,,,,,,,,,,,www.justenergy.com,www.justeattakeaway.com
14426,14426,11850,Man Group Careers,Mamma 2.0,,,,,,,,,,,,,,,www.man.com,https://it.mukako.com/
14432,14432,11515,Public Joint Stock Company TNS Energo Yaroslavl,Public Joint Stock Company Rusolovo,,,,,,,,,,,,,,,https://disfold.com/company/public-joint-stock-company-tns-energo-yaroslavl/,https://disfold.com/company/public-joint-stock-company-rusolovo/
14491,14491,5169,Latte Bebe',Latitude Investment Management,,,,,,,,,,,,,,,https://lattebebeonline.com,https://www.latitudeim.com/
14494,14494,12906,Cathay Financial Holding Co Ltd,"Cathay Chemical Works, Inc.",,,,,,,,,,,,,,,www.cathayholdings.com,https://disfold.com/company/cathay-chemical-works-inc/
14497,14497,3824,Cargojet Inc.,Cargill Inc,,,,,,,,,,,,,,,https://disfold.com/company/cargojet-inc/,www.cargill.com
14509,14509,5882,Turing Video Careers,Turbine Labs Careers,,,,,,,,,,,,,,,www.turingvideo.com,www.turbinelabs.com
14575,14575,12084,Banco do Estado de Sergipe SA,Banco di Desio e della Brianza S.p.A.,,,,,,,,,,,,,,,https://disfold.com/company/banco-do-estado-de-sergipe-sa/,https://disfold.com/company/banco-di-desio-e-della-brianza-spa/
14590,14590,11762,Excelliance MOS,Excella Careers,,,,,,,,,,,,,,,http://www.excelliancemos.com/,www.excella.com
14591,14591,3078,Seiko Holdings Corp,Seiko Epson Corp,,,,,,,,,,,,,,,https://disfold.com/company/seiko-holdings-corp/,https://disfold.com/company/seiko-epson-corp/
14602,14602,6518,EQT AB,EQL Pharma AB,,,,,,,,,,,,,,,https://disfold.com/company/eqt-ab/,https://disfold.com/company/eql-pharma-ab/
14643,14643,6886,City of London Investment Group plc,City Steel Public Company Ltd,,,,,,,,,,,,,,,https://disfold.com/company/city-of-london-investment-group-plc/,https://disfold.com/company/city-steel-public-company-ltd/
14673,14673,3034,Groupe Crit,Groupe CIOA,,,,,,,,,,,,,,,https://disfold.com/company/groupe-crit/,https://disfold.com/company/groupe-cioa/
14679,14679,340,Bankinter SA,Banka BioLoo,,,,,,,,,,,,,,,www.bankinter.com,https://www.bankabio.com/
14680,14680,13574,Beauhurst,Beatly,,,,,,,,,,,,,,,https://www.beauhurst.com/,https://www.beatly.com
14682,14682,2894,Kenedix Retail REIT Corp,Kenedix Office Investment Corp,,,,,,,,,,,,,,,https://disfold.com/company/kenedix-retail-reit-corp/,https://disfold.com/company/kenedix-office-investment-corp/
14721,14721,13061,Al Kathiri Holding Company,Al Hassan Ghazi Ibrahim Shaker Company,,,,,,,,,,,,,,,https://disfold.com/company/al-kathiri-holding-company/,https://disfold.com/company/al-hassan-ghazi-ibrahim-shaker-company/
14722,14722,3186,Poly Property Group Co Ltd,Poly Development Holding Group Co Ltd,,,,,,,,,,,,,,,www.polyhongkong.com.hk,www.polycn.com
14729,14729,7623,Across,Acron,,,,,,,,,,,,,,,https://www.across.it,www.acron.ru
14772,14772,1345,Plains GP Holdings LP,Plains All American Pipeline LP,,,,,,,,,,,,,,,www.plains.com,www.plainsallamerican.com
14773,14773,8348,Meritor Inc,Meritage Homes Corporation,,,,,,,,,,,,,,,www.meritor.com,www.meritagehomes.com
14798,14798,14633,Arabian Petroleum Limited,Arabia Insurance Cooperative Company,,,,,,,,,,,,,,,https://www.arabianpetroleum.co.in/,https://disfold.com/company/arabia-insurance-cooperative-company/
14822,14822,10633,Chongqing Iron & Steel Company Ltd,Chongqing Gas Group Corp Ltd,,,,,,,,,,,,,,,https://disfold.com/company/chongqing-iron-steel-company-ltd/,https://disfold.com/company/chongqing-gas-group-corp-ltd/
14826,14826,11865,Carreau Sol,Carraro S.p.A.,,,,,,,,,,,,,,,http://www.carreausol.fr,https://disfold.com/company/carraro-spa/
14845,14845,8223,Corbion NV,Coptrz,,,,,,,,,,,,,,,www.corbion.com,https://coptrz.com/
14858,14858,4279,Masimo Corp,Mashreqbank PSC,,,,,,,,,,,,,,,www.masimo.com,www.mashreqbank.com
14872,14872,8175,Postex,Postal Savings Bank of China Co Ltd,,,,,,,,,,,,,,,https://www.postex.com,www.psbc.com
14888,14888,4850,Osaka Soda Co. Ltd,Osaka Gas Co. Ltd,,,,,,,,,,,,,,,https://disfold.com/company/osaka-soda-co-ltd/,https://disfold.com/company/osaka-gas-co-ltd/
14890,14890,7830,Banco BPM SpA,Banco BMG SA,,,,,,,,,,,,,,,www.bancobpmspa.it,https://disfold.com/company/banco-bmg-sa/
14951,14951,3725,Landstar System Inc,Lands' End Inc,,,,,,,,,,,,,,,www.landstar.com,www.landsend.com
14971,14971,9928,Sanki Engineering Co. Ltd,Sanken Electric Co. Ltd,,,,,,,,,,,,,,,https://disfold.com/company/sanki-engineering-co-ltd/,https://disfold.com/company/sanken-electric-co-ltd/
14982,14982,13050,ConMed Corp,Comunitelia Comunicaciones,,,,,,,,,,,,,,,www.conmed.com,https://www.comunitelia.com/
14995,14995,4650,Beijing Enterprises Holdings Ltd,Beijing Enterprises Clean Energy Group Ltd,,,,,,,,,,,,,,,https://disfold.com/company/beijing-enterprises-holdings-ltd/,https://disfold.com/company/beijing-enterprises-clean-energy-group-ltd/
15009,15009,4259,"North American Nickel, Inc.",North American Income Trust (The) plc,,,,,,,,,,,,,,,https://disfold.com/company orth-american-nickel-inc/,https://disfold.com/company orth-american-income-trust-the-plc/
15017,15017,12886,Griffin Markets Group,GridX Careers,,,,,,,,,,,,,,,https://www.griffinmarkets.com,www.gridx.com
15034,15034,10931,Innolux Corp,Innodisk Corp,,,,,,,,,,,,,,,https://disfold.com/company/innolux-corp/,https://disfold.com/company/innodisk-corp/
15063,15063,6148,Thaicom Public Company Ltd,Thai Wire Products Public Company Ltd,,,,,,,,,,,,,,,https://disfold.com/company/thaicom-public-company-ltd/,https://disfold.com/company/thai-wire-products-public-company-ltd/
15088,15088,14498,Sodexo SA,Socovesa SA,,,,,,,,,,,,,,,https://disfold.com/company/sodexo-sa/,https://disfold.com/company/socovesa-sa/
15091,15091,3927,TotalEnergies SE,Total Wine & More Careers,,,,,,,,,,,,,,,www.totalenergies.com,www.totalwine.com
15092,15092,1241,Elopak AS,Elo Group,,,,,,,,,,,,,,,www.elopak.com,www.groupe-elo.com
15103,15103,1734,Reliance Jio Infocomm Ltd,Reliance Industries Careers,,,,,,,,,,,,,,,www.jio.com,www.ril.com
15111,15111,11996,McDermott International Inc,McCormick & Co Inc,,,,,,,,,,,,,,,www.mcdermott.com,www.mccormick.com
15165,15165,8303,Alloy Careers,Allocab,,,,,,,,,,,,,,,alloy.co,https://www.allocab.com
15254,15254,3332,Trukky,Truist Financial Corp,,,,,,,,,,,,,,,https://www.trukky.com/,www.truist.com
15260,15260,2794,Stream Ideas Group Ltd,Strauss Group Ltd,,,,,,,,,,,,,,,https://disfold.com/company/stream-ideas-group-ltd/,https://disfold.com/company/strauss-group-ltd/
15263,15263,14546,Nitori Holdings Co Ltd,Nissui Corp,,,,,,,,,,,,,,,www.nitorihd.co.jp,www.nissui.co.jp
15266,15266,3714,Grupa TENSE,Grupa Kety SA,,,,,,,,,,,,,,,https://www.grupa-tense.pl,https://disfold.com/company/grupa-kety-sa/
15297,15297,2890,Keppel REIT,Keppel DC REIT,,,,,,,,,,,,,,,https://disfold.com/company/keppel-reit/,https://disfold.com/company/keppel-dc-reit/
15330,15330,6918,Amcorp Global Ltd,Amcor Plc,,,,,,,,,,,,,,,https://disfold.com/company/amcorp-global-ltd/,www.amcor.com
15336,15336,3894,Stifel Financial Corp,Stewart Information Services Corp,,,,,,,,,,,,,,,www.stifel.com,www.stewart.com
15362,15362,7316,Tri Pointe Homes Inc,Tri Chemical Laboratories,,,,,,,,,,,,,,,www.tripointehomes.com/,http://www.trichemical.com/
15371,15371,9577,Global Partners LP,Global PMX Co. Ltd,,,,,,,,,,,,,,,www.globalp.com,https://disfold.com/company/global-pmx-co-ltd/
15407,15407,1037,Autodoc,Autodesk Inc,,,,,,,,,,,,,,,https://www.autodoc.de,www.autodesk.com
15464,15464,1959,Kotak Mahindra Bank Ltd,Kossan Rubber Industries Berhad,,,,,,,,,,,,,,,www.kotak.com,www.kossan.com
15466,15466,14839,Risen Energy Co Ltd,Ripple Careers,,,,,,,,,,,,,,,www.risenenergy.com,www.ripple.com
15484,15484,12638,Cheng Loong Corp,Chenbro Careers,,,,,,,,,,,,,,,https://disfold.com/company/cheng-loong-corp/,www.chenbro.com
15487,15487,356,OLIMPLANET,OKKAMI,,,,,,,,,,,,,,,https://www.olimplanet.com/,https://www.okkami.com/
15508,15508,226,Thai Plaspac Public Company Ltd,Thai Optical Group Public Company Ltd,,,,,,,,,,,,,,,https://disfold.com/company/thai-plaspac-public-company-ltd/,https://disfold.com/company/thai-optical-group-public-company-ltd/
15551,15551,10278,"Grupo Gicsa, S.A. de C.V.","Grupo Financiero Inbursa, S.A.B. de C.V.",,,,,,,,,,,,,,,https://disfold.com/company/grupo-gicsa-sa-de-cv/,https://disfold.com/company/grupo-financiero-inbursa-sab-de-cv/
15556,15556,10680,Highcon Systems Ltd,HighCo,,,,,,,,,,,,,,,https://disfold.com/company/highcon-systems-ltd/,https://disfold.com/company/highco/
15576,15576,15007,Eland Oil & Gas,Elanco Animal Health Inc,,,,,,,,,,,,,,,https://www.elandoilandgas.com,www.elanco.com
15594,15594,9455,J.K. Cement Ltd,J.B. Hunt Transport Services Inc,,,,,,,,,,,,,,,www.jkcement.com,www.jbhunt.com
15598,15598,11566,Mencast Holdings Ltd,Memiontec Holdings Ltd,,,,,,,,,,,,,,,https://disfold.com/company/mencast-holdings-ltd/,https://disfold.com/company/memiontec-holdings-ltd/
15630,15630,2317,Tennant Co,Tenet Healthcare Corp,,,,,,,,,,,,,,,www.tennantco.com,www.tenethealth.com
15637,15637,11551,Adderacare AB,AddLife AB,,,,,,,,,,,,,,,https://disfold.com/company/adderacare-ab/,https://disfold.com/company/addlife-ab/
15659,15659,2028,Guangdong Hec Technologyholding Co. Ltd,Guangdong Dowstone Technology Co. Ltd,,,,,,,,,,,,,,,https://disfold.com/company/guangdong-hec-technologyholding-co-ltd/,https://disfold.com/company/guangdong-dowstone-technology-co-ltd/
15670,15670,5694,"Beijing Easpring Material Technology CO.,LTD.","Beijing Dahao Technology Corp,Ltd",,,,,,,,,,,,,,,https://disfold.com/company/beijing-easpring-material-technology-coltd/,https://disfold.com/company/beijing-dahao-technology-corpltd/
15680,15680,13580,Anglo American plc,Anglo American Platinum Ltd,,,,,,,,,,,,,,,https://disfold.com/company/anglo-american-plc/,https://disfold.com/company/anglo-american-platinum-ltd/
15686,15686,8639,"Cardinal Health, Inc.",Cardinal Energy Ltd.,,,,,,,,,,,,,,,https://disfold.com/company/cardinal-health-inc/,https://disfold.com/company/cardinal-energy-ltd/
15742,15742,7634,Caisse Regionale de Credit Agricole Mutuel de Normandie-Seine,Caisse Regionale de Credit Agricole Mutuel Nord de France,,,,,,,,,,,,,,,https://disfold.com/company/caisse-regionale-de-credit-agricole-mutuel-de-normandie-seine/,https://disfold.com/company/caisse-regionale-de-credit-agricole-mutuel-nord-de-france/
15783,15783,5707,Collins Aerospace Careers,Colliers International Group Inc,,,,,,,,,,,,,,,www.collinsaerospace.com,www.collierscanada.com
15791,15791,10604,Antero Resources Corporation,Antero Midstream Corporation,,,,,,,,,,,,,,,https://disfold.com/company/antero-resources-corporation/,https://disfold.com/company/antero-midstream-corporation/
15809,15809,5650,Hostinger,Hostersi,,,,,,,,,,,,,,,https://www.hostinger.com/,https://www.hostersi.com/
15823,15823,6785,Samsung SDS Co Ltd,Samsung Life Insurance Co Ltd,,,,,,,,,,,,,,,www.samsungsds.com,www.samsunglife.com
15873,15873,15663,Vistra Energy Corp,Visteon Corp,,,,,,,,,,,,,,,www.vistracorp.com,www.visteon.com
15970,15970,33,Vodafone Group plc,Vodacom Group Ltd,,,,,,,,,,,,,,,https://disfold.com/company/vodafone-group-plc/,https://disfold.com/company/vodacom-group-ltd/
15988,15988,14204,Zhejiang Longsheng Group Co. Ltd,Zhejiang Kaishan Compressor Co. Ltd,,,,,,,,,,,,,,,https://disfold.com/company/zhejiang-longsheng-group-co-ltd/,https://disfold.com/company/zhejiang-kaishan-compressor-co-ltd/
15989,15989,11120,Nisshinbo Holdings Inc,Nisshin Seifun Group Inc,,,,,,,,,,,,,,,www.nisshinbo.co.jp,www.nisshin.com
15991,15991,4246,Theratechnologies Inc.,"Theralase Technologies, Inc.",,,,,,,,,,,,,,,https://disfold.com/company/theratechnologies-inc/,https://disfold.com/company/theralase-technologies-inc/
16015,16015,13993,Ascendis Health Ltd,Ascendas India Trust,,,,,,,,,,,,,,,https://disfold.com/company/ascendis-health-ltd/,https://disfold.com/company/ascendas-india-trust/
16076,16076,8327,Medtronic Plc,Medtecs,,,,,,,,,,,,,,,www.medtronic.com,https://www.medtecs.com/
16089,16089,6533,"Advancetek Enterprise Co.,Ltd.",Advanced Wireless Semiconductor Company,,,,,,,,,,,,,,,https://disfold.com/company/advancetek-enterprise-coltd/,https://disfold.com/company/advanced-wireless-semiconductor-company/
16133,16133,11263,Credimi,Credibility Capital Careers,,,,,,,,,,,,,,,https://www.credimi.com/,www.credibilitycapital.com
16177,16177,7900,Synovus Financial Corp,Synopsys Inc,,,,,,,,,,,,,,,www.synovus.com,www.synopsys.com
16183,16183,1787,Unilever Plc,Unilever,,,,,,,,,,,,,,,www.unilever.com,https://disfold.com/company/unilever-plc/
16196,16196,13962,Thai Metal Drum Manufacturing Public Company Ltd,Thai Ha Public Company Ltd,,,,,,,,,,,,,,,https://disfold.com/company/thai-metal-drum-manufacturing-public-company-ltd/,https://disfold.com/company/thai-ha-public-company-ltd/
16215,16215,492,Matooma,Matillion,,,,,,,,,,,,,,,https://www.matooma.com,https://www.matillion.com/
16245,16245,2665,PT Bumi Serpong Damai Tbk,PT Bumi Resources Minerals Tbk,,,,,,,,,,,,,,,https://disfold.com/company/pt-bumi-serpong-damai-tbk/,https://disfold.com/company/pt-bumi-resources-minerals-tbk/
16305,16305,11335,Groupe Builders And Partners,Groupe BPCE,,,,,,,,,,,,,,,https://www.groupebuilders.com,www.groupebpce.com
16334,16334,1809,Project Agora,Progressive Leasing Careers,,,,,,,,,,,,,,,https://projectagora.com/,www.progleasing.com
16337,16337,78,ON Semiconductor Corp,OMV AG,,,,,,,,,,,,,,,www.onsemi.com,www.omv.com
16339,16339,16071,Zaius Careers,Zain Group,,,,,,,,,,,,,,,zaius.com,www.zain.com
16350,16350,1275,"Mercari, Inc.",Mercari Careers,,,,,,,,,,,,,,,https://disfold.com/company/mercari-inc/,www.mercari.com
16367,16367,1013,Northern Star Resources Limited,Northern Minerals Limited,,,,,,,,,,,,,,,https://disfold.com/company orthern-star-resources-limited/,https://disfold.com/company orthern-minerals-limited/
16402,16402,11784,Clearwater Paper Corp,Clearcover Careers,,,,,,,,,,,,,,,www.clearwaterpaper.com,www.clearcover.com
16446,16446,124,BB Progressivo II Fundo de Investimento Imobiliario - FII,BB Fundo De Investimento Imobiliario Progressivo,,,,,,,,,,,,,,,https://disfold.com/company/bb-progressivo-ii-fundo-de-investimento-imobiliario-fii/,https://disfold.com/company/bb-fundo-de-investimento-imobiliario-progressivo/
16447,16447,12372,Samsung Fire & Marine Insurance Co Ltd,Samsung Electronics Co Ltd,,,,,,,,,,,,,,,www.samsungfire.com,www.samsung.com
16448,16448,14718,Oriental Press Group Ltd,Oriental Payment Group Holdings Ltd,,,,,,,,,,,,,,,https://disfold.com/company/oriental-press-group-ltd/,https://disfold.com/company/oriental-payment-group-holdings-ltd/
16475,16475,5064,Allianz Malaysia Berhad,Alliant Energy Corporation,,,,,,,,,,,,,,,www.allianz.com.my,https://disfold.com/company/alliant-energy-corporation/
16480,16480,6976,Lear Corp,Leap Careers,,,,,,,,,,,,,,,www.lear.com,leapcommerce.com
16486,16486,9884,Quilter Plc,Quidel Corp,,,,,,,,,,,,,,,www.quilter.com,www.quidel.com
16492,16492,2173,"Benchmark Metals, Inc.",Benchmark Electronics Inc,,,,,,,,,,,,,,,https://disfold.com/company/benchmark-metals-inc/,www.bench.com
16515,16515,12191,Eqinov,Eppendorf SE,,,,,,,,,,,,,,,https://www.eqinov.com/,www.eppendorf.com
16520,16520,1176,Arcosa Inc,"Arcontek Co., Ltd.",,,,,,,,,,,,,,,www.arcosa.com,http://www.arconkor.com/
16541,16541,5468,Natural Cool Holdings Ltd,Natura &Co Holding SA,,,,,,,,,,,,,,,https://disfold.com/company atural-cool-holdings-ltd/,https://disfold.com/company atura-co-holding-sa/
16629,16629,4676,Aker Solutions ASA,Aker ASA,,,,,,,,,,,,,,,www.akersolutions.com,www.akerasa.com
16632,16632,1423,RWS Holdings PLC,RWDI Careers,,,,,,,,,,,,,,,www.rws.com,www.rwdi.com
16641,16641,12696,Thai Reinsurance Public Company Ltd,Thai President Foods Public Company Ltd,,,,,,,,,,,,,,,https://disfold.com/company/thai-reinsurance-public-company-ltd/,https://disfold.com/company/thai-president-foods-public-company-ltd/
16713,16713,12613,Prodiel,Procurri Corporation,,,,,,,,,,,,,,,http://prodiel.com/,https://www.procurri.com/
16745,16745,16036,VostroNet,Vorwerk & Co KG,,,,,,,,,,,,,,,https://www.vostronet.com/,www.vorwerk.com
16748,16748,14399,Digitalpa,Digitalist Group Plc,,,,,,,,,,,,,,,https://www.digitalpa.it/,https://disfold.com/company/digitalist-group-plc/
16762,16762,8647,ADARA Careers,AD Intelligence,,,,,,,,,,,,,,,adara.com,https://www.ad-i.com/
16785,16785,4584,Delivery Hero,Deliveroo,,,,,,,,,,,,,,,https://www.deliveryhero.com,https://deliveroo.co.uk
16806,16806,7041,Lion Rock Group Ltd,Lion Group Holding Ltd.,,,,,,,,,,,,,,,https://disfold.com/company/lion-rock-group-ltd/,https://disfold.com/company/lion-group-holding-ltd/
16807,16807,8967,Solv. Careers,Soluzione Tasse,,,,,,,,,,,,,,,www.solvhealth.com,https://www.soluzionetasse.com/
16814,16814,10007,Credito Valtellinese S.p.A.,Credito Emiliano S.p.A.,,,,,,,,,,,,,,,https://disfold.com/company/credito-valtellinese-spa/,https://disfold.com/company/credito-emiliano-spa/
16826,16826,5495,"Continental Resources, Inc.",Continental Holdings Corp,,,,,,,,,,,,,,,https://disfold.com/company/continental-resources-inc/,https://disfold.com/company/continental-holdings-corp/
16861,16861,15223,Wiseband,Wise Ltd. Careers,,,,,,,,,,,,,,,https://www.wiseband.com/,wise.com
16868,16868,4021,Verizon Communications Inc,Veritiv Corp,,,,,,,,,,,,,,,www.verizon.com,www.veritivcorp.com
16904,16904,11362,SiriusPoint Ltd,Sirius XM Holdings Inc,,,,,,,,,,,,,,,ir.siriusgroup.com,www.siriusxm.com/corporate
16912,16912,12961,Conviva Careers,Conversica Careers,,,,,,,,,,,,,,,www.conviva.com,www.conversica.com
16920,16920,4108,The Weir Group plc,The Warehouse Group Ltd,,,,,,,,,,,,,,,https://disfold.com/company/the-weir-group-plc/,https://disfold.com/company/the-warehouse-group-ltd/
16927,16927,761,Immersion SA,Imerys SA,,,,,,,,,,,,,,,https://disfold.com/company/immersion-sa/,https://disfold.com/company/imerys-sa/
16929,16929,1548,Public Joint Stock Company TNS energo Voronezh RUB0.4 PRF(RUB),Public Joint Stock Company Saratovenergo,,,,,,,,,,,,,,,https://disfold.com/company/public-joint-stock-company-tns-energo-voronezh-rub04-prfrub/,https://disfold.com/company/public-joint-stock-company-saratovenergo/
16941,16941,4858,Intertek Group plc,Intertape Polymer Group Inc.,,,,,,,,,,,,,,,https://disfold.com/company/intertek-group-plc/,https://disfold.com/company/intertape-polymer-group-inc/
16990,16990,6882,Companhia Energética do Rio Grande do Norte - COSERN,Companhia Energética de Minas Gerais,,,,,,,,,,,,,,,https://disfold.com/company/companhia-energetica-do-rio-grande-do-norte-cosern/,https://disfold.com/company/companhia-energetica-minas-gerais/
17001,17001,787,Bank of Nanjing Co. Ltd,Bank of Montreal,,,,,,,,,,,,,,,https://disfold.com/company/bank-of-nanjing-co-ltd/,https://disfold.com/company/bank-of-montreal/
17023,17023,12175,Macquarie Telecom Group Limited,Macquarie Group Limited,,,,,,,,,,,,,,,https://disfold.com/company/macquarie-telecom-group-limited/,https://disfold.com/company/macquarie-group-limited/
17041,17041,7090,Tenaga Nasional Bhd,Ten-X Careers,,,,,,,,,,,,,,,www.tnb.com.my,www.ten-x.com
17045,17045,16790,Qantas Airways Ltd,Qaiware,,,,,,,,,,,,,,,www.qantas.com,https://www.qaiware.com/
17050,17050,6430,Vietnam National Petroleum Group,Vietnam International Commercial Joint Stock Bank,,,,,,,,,,,,,,,www.petrolimex.com.vn,www.vib.com.vn
17068,17068,5562,Pull Energy,Publix Super Markets Inc,,,,,,,,,,,,,,,https://www.pullenergy.com,www.publix.com
17071,17071,11219,Africa Oil Corp.,Africa Energy Corp,,,,,,,,,,,,,,,https://disfold.com/company/africa-oil-corp/,https://disfold.com/company/africa-energy-corp/
17121,17121,1835,Samsung Electro-Mechanics Co Ltd,Samsung C&T Corp,,,,,,,,,,,,,,,www.samsungsem.com,www.samsungcnt.com
17135,17135,10979,Canfor Pulp Products Inc.,Canfor Corp,,,,,,,,,,,,,,,https://disfold.com/company/canfor-pulp-products-inc/,www.canfor.com
17163,17163,10918,FirstRand Ltd,FirstGroup plc,,,,,,,,,,,,,,,https://disfold.com/company/firstrand-ltd/,https://disfold.com/company/firstgroup-plc/
17169,17169,10770,Thai Rayon Public Company Ltd,Thai Polycons Public Company Ltd,,,,,,,,,,,,,,,https://disfold.com/company/thai-rayon-public-company-ltd/,https://disfold.com/company/thai-polycons-public-company-ltd/
17189,17189,49,Thai Nam Plastic Public Company Ltd,Thai Mui Corp Public Company Ltd,,,,,,,,,,,,,,,https://disfold.com/company/thai-nam-plastic-public-company-ltd/,https://disfold.com/company/thai-mui-corp-public-company-ltd/
17192,17192,4539,Asia Pacific Telecom Co. Ltd,"Asia Optical Co., Inc.",,,,,,,,,,,,,,,https://disfold.com/company/asia-pacific-telecom-co-ltd/,https://disfold.com/company/asia-optical-co-inc/
17203,17203,10,PricewaterhouseCoopers International Ltd,PriceSmart Inc,,,,,,,,,,,,,,,www.pwc.com,shop.pricesmart.com
17206,17206,5373,Saudi Paper Manufacturing Company,Saudi Marketing Company,,,,,,,,,,,,,,,https://disfold.com/company/saudi-paper-manufacturing-company/,https://disfold.com/company/saudi-marketing-company/
17225,17225,14238,Gilead Sciences Inc,Gildan Activewear Inc,,,,,,,,,,,,,,,www.gilead.com,www.gildanbrands.com
17231,17231,3973,Danone Careers,Danieli & C. Officine Meccaniche SpA,,,,,,,,,,,,,,,www.danone.com,www.danieli.com
17236,17236,17204,Teleperformance SE,Telenor ASA,,,,,,,,,,,,,,,www.teleperformance.com,www.telenor.com
17240,17240,4572,Nippon Shokubai Co. Ltd,Nippon Shinyaku Co. Ltd,,,,,,,,,,,,,,,https://disfold.com/company ippon-shokubai-co-ltd/,https://disfold.com/company ippon-shinyaku-co-ltd/
17256,17256,13861,BizMow,BizAway,,,,,,,,,,,,,,,https://bizmow.com/,http://www.bizaway.com/
17270,17270,3246,Allianz Technology Trust plc,Allianz SE,,,,,,,,,,,,,,,https://disfold.com/company/allianz-technology-trust-plc/,https://disfold.com/company/allianz-se/
17290,17290,120,Zhengzhou Yutong Bus Co Ltd,Zhen Ding Technology Holding Ltd,,,,,,,,,,,,,,,www.yutong.com,www.zdtco.com
17331,17331,16223,Wiraya Solutions,Wipro Ltd,,,,,,,,,,,,,,,https://wiraya.com,www.wipro.com
17352,17352,16900,Imperial Oil Limited,Imperial Logistics Ltd,,,,,,,,,,,,,,,https://disfold.com/company/imperial-oil-limited/,https://disfold.com/company/imperial-logistics-ltd/
17369,17369,13630,"Corporación Moctezuma, S.A.B. de C.V.","Corporación Inmobiliaria Vesta, S.A.B. de C.V.",,,,,,,,,,,,,,,https://disfold.com/company/corporacion-moctezuma-sab-de-cv/,https://disfold.com/company/corporacion-inmobiliaria-vesta-sab-de-cv/
17373,17373,6891,H Mart Careers,H & M Hennes & Mauritz AB,,,,,,,,,,,,,,,www.hmart.com,www.hmgroup.com
17412,17412,10720,Logitech Careers,Logistics Capital Partners (LCP),,,,,,,,,,,,,,,www.logitech.com,https://www.logisticscapitalpartners.com/
17436,17436,5995,"Acerinox, SA","Acer, Inc.",,,,,,,,,,,,,,,https://disfold.com/company/acerinox-sa/,https://disfold.com/company/acer-inc/
17447,17447,14432,Public Joint Stock Company Tambov power supply company,Public Joint Stock Company TNS Energo Yaroslavl,,,,,,,,,,,,,,,https://disfold.com/company/public-joint-stock-company-tambov-power-supply-company/,https://disfold.com/company/public-joint-stock-company-tns-energo-yaroslavl/
17463,17463,5932,Carsome,Carrols Restaurant Group Inc,,,,,,,,,,,,,,,https://www.carsome.com/,www.carrols.com
17491,17491,17194,CLS Holdings plc,CLP Holdings Ltd,,,,,,,,,,,,,,,https://disfold.com/company/cls-holdings-plc/,https://disfold.com/company/clp-holdings-ltd/
17503,17503,17240,Nippon Steel Nisshin Co. Ltd,Nippon Shokubai Co. Ltd,,,,,,,,,,,,,,,https://disfold.com/company ippon-steel-nisshin-co-ltd/,https://disfold.com/company ippon-shokubai-co-ltd/
17527,17527,7485,Intexa SA,Intesa Sanpaolo S.p.A.,,,,,,,,,,,,,,,https://disfold.com/company/intexa-sa/,https://disfold.com/company/intesa-sanpaolo-spa/
17536,17536,5141,Japan Post Insurance Co Ltd,Japan Post Holdings Co Ltd,,,,,,,,,,,,,,,www.jp-life.japanpost.jp,www.japanpost.jp
17546,17546,10815,Ameren Corporation,Ameren Careers,,,,,,,,,,,,,,,https://disfold.com/company/ameren-corporation/,www.ameren.com
17558,17558,2654,Scalefocus,Scale Focus,,,,,,,,,,,,,,,https://www.scalefocus.com/,https://www.scalefocus.com
17562,17562,17119,Carel Industries S.p.A.,CareTech Holdings plc,,,,,,,,,,,,,,,https://disfold.com/company/carel-industries-spa/,https://disfold.com/company/caretech-holdings-plc/
17587,17587,13824,Central Holding Group Co. Ltd,Central Garden & Pet Co,,,,,,,,,,,,,,,https://disfold.com/company/central-holding-group-co-ltd/,www.central.com
17604,17604,15258,Trimble Inc.,Trilogy Metals Inc.,,,,,,,,,,,,,,,https://disfold.com/company/trimble-inc/,https://disfold.com/company/trilogy-metals-inc/
17674,17674,2456,Khonburi Sugar Public Company Ltd,Khimprom Public Joint stock company,,,,,,,,,,,,,,,https://disfold.com/company/khonburi-sugar-public-company-ltd/,https://disfold.com/company/khimprom-public-joint-stock-company/
17698,17698,1327,Western Mining Co Ltd,Western Midstream Partners LP,,,,,,,,,,,,,,,www.westmining.com,www.westernmidstream.com
17721,17721,2368,Firalis,Fioulreduc,,,,,,,,,,,,,,,https://www.firalis.com,https://www.fioulreduc.com
17736,17736,9717,Grupo Rotoplas S.A.B. de C.V.,"Grupo Posadas, S.A.B. de C.V.",,,,,,,,,,,,,,,https://disfold.com/company/grupo-rotoplas-sab-de-cv/,https://disfold.com/company/grupo-posadas-sab-de-cv/
17741,17741,15596,Luxfer Holdings PLC,Luxe Holdings Ltd,,,,,,,,,,,,,,,https://disfold.com/company/luxfer-holdings-plc/,https://disfold.com/company/luxe-holdings-ltd/
17742,17742,9063,Century Communities Inc,Century Aluminum Co,,,,,,,,,,,,,,,www.centurycommunities.com,www.centuryaluminum.com
17748,17748,12026,UDR Inc,UDG Healthcare Plc,,,,,,,,,,,,,,,www.udr.com,www.udghealthcare.com
17777,17777,6689,Amarenco,Amano Corp,,,,,,,,,,,,,,,https://amarenco.fr,https://disfold.com/company/amano-corp/
17782,17782,2216,PT Multipolar Tbk,PT Multi Prima Sejahtera Tbk,,,,,,,,,,,,,,,https://disfold.com/company/pt-multipolar-tbk/,https://disfold.com/company/pt-multi-prima-sejahtera-tbk/
17805,17805,13240,Rite Aid Corp,Ritchie Bros Auctioneers Inc,,,,,,,,,,,,,,,www.riteaid.com,www.rbauction.com
17907,17907,2279,STRV,STRABAG SE,,,,,,,,,,,,,,,https://www.strv.com,www.strabag.com
17909,17909,12382,Great Wall Motor Co Ltd,Great Tree Pharmacy Co. Ltd,,,,,,,,,,,,,,,https://disfold.com/company/great-wall-motor-co-ltd/,https://disfold.com/company/great-tree-pharmacy-co-ltd/
17918,17918,2746,Aberdeen Diversified Income And Growth Trust plc,Aberdeen Asian Income Fund Limited,,,,,,,,,,,,,,,https://disfold.com/company/aberdeen-diversified-income-and-growth-trust-plc/,https://disfold.com/company/aberdeen-asian-income-fund-limited/
17921,17921,13483,Hanwa Co. Ltd,Hansol Paper Co. Ltd,,,,,,,,,,,,,,,https://disfold.com/company/hanwa-co-ltd/,https://disfold.com/company/hansol-paper-co-ltd/
17926,17926,7215,China National Petroleum Corp,China National Nuclear Power Co Ltd,,,,,,,,,,,,,,,www.cnpc.com.cn,www.cnnp.com.cn
17936,17936,7521,LeadSquared,LeadGenius Careers,,,,,,,,,,,,,,,https://www.leadsquared.com/,leadgenius.com
17943,17943,13528,Whova Careers,Whiting Holdings LLC,,,,,,,,,,,,,,,whova.com,www.whiting.com
17980,17980,11375,AGC Inc,AG Consultancy & Apps,,,,,,,,,,,,,,,www.agc.com,https://www.agcapps.com
18012,18012,17170,Agilysys Careers,Agility Public Warehousing Co,,,,,,,,,,,,,,,www.agilysys.com,www.agility.com
18039,18039,16047,UPM-Kymmene Corp,UPL Ltd,,,,,,,,,,,,,,,www.upm.com,www.upl-ltd.com
18046,18046,225,Cohort plc,"Coherent, Inc.",,,,,,,,,,,,,,,https://disfold.com/company/cohort-plc/,https://disfold.com/company/coherent-inc/
18054,18054,3555,3CS Corporate Solicitors,3C,,,,,,,,,,,,,,,https://www.3hrcs.com/,https://www.3csrl.com/
18058,18058,17001,Bank of Nova Scotia,Bank of Nanjing Co. Ltd,,,,,,,,,,,,,,,https://disfold.com/company/bank-of-nova-scotia/,https://disfold.com/company/bank-of-nanjing-co-ltd/
18068,18068,13573,Dental Corp Public Company Ltd,Denka Company Ltd,,,,,,,,,,,,,,,https://disfold.com/company/dental-corp-public-company-ltd/,https://disfold.com/company/denka-company-ltd/
18094,18094,4185,Companhia de Tecidos Norte de Minas,Companhia de Saneamento do Parana - SANEPAR,,,,,,,,,,,,,,,https://disfold.com/company/companhia-de-tecidos-norte-de-minas/,https://disfold.com/company/companhia-de-saneamento-do-parana-sanepar/
18115,18115,11605,Instart Careers,Instantor,,,,,,,,,,,,,,,www.instartlogic.com,https://www.instantor.com
18147,18147,11419,Sleep Number Corp,Sleep Cycle,,,,,,,,,,,,,,,www.sleepnumber.com,https://www.sleepcycle.com
18167,18167,781,Munchener Ruckversicherungs-Gesellschaft Aktiengesellschaft (Munich Re),Multix solutions,,,,,,,,,,,,,,,www.munichre.com,https://multix-trolley.com/
18238,18238,12741,Credito Emiliano SpA,CreditAccess Grameen Ltd,,,,,,,,,,,,,,,www.credem.it,https://disfold.com/company/creditaccess-grameen-ltd/
18254,18254,5884,Levi Strauss & Co. Careers,Levi Strauss & Co,,,,,,,,,,,,,,,www.levi.com,www.levistrauss.com
18269,18269,1455,Endomag,Endo International Plc,,,,,,,,,,,,,,,https://www.endomag.com,www.endo.com
18306,18306,8827,Capital Power Corp,Capital Park SA,,,,,,,,,,,,,,,www.capitalpower.com,https://disfold.com/company/capital-park-sa/
18316,18316,9522,Aspen Group Ltd,Aspen,,,,,,,,,,,,,,,https://disfold.com/company/aspen-group-ltd/,https://disfold.com/company/aspen/
18319,18319,6280,Spotawheel,Sportsman's Warehouse Holdings Inc,,,,,,,,,,,,,,,https://www.spotawheel.com,www.sportsmans.com
18325,18325,3603,Theory Careers,Thenpandian,,,,,,,,,,,,,,,www.theory.com,https://www.thenpandian.com/
18341,18341,3224,Embargos a lo bestia,Emark,,,,,,,,,,,,,,,https://www.embargosalobestia.com/,https://emarkanalytics.com/
18400,18400,2184,BT Wealth Industries Public Company Ltd,BT Group Plc,,,,,,,,,,,,,,,https://disfold.com/company/bt-wealth-industries-public-company-ltd/,www.bt.com
18434,18434,12359,Asia Hotel Public Company Ltd,Asia Fiber Public Company Ltd,,,,,,,,,,,,,,,https://disfold.com/company/asia-hotel-public-company-ltd/,https://disfold.com/company/asia-fiber-public-company-ltd/
18436,18436,15847,Denso Corp,Denka Co Ltd,,,,,,,,,,,,,,,www.denso.com/jp/ja,www.denka.co.jp
18512,18512,1171,Omnisend,Omnicom Group Inc,,,,,,,,,,,,,,,https://www.omnisend.com/,www.omnicomgroup.com
18536,18536,18265,Tung Thih Electronic Co. Ltd,Tung Ho Textile Co. Ltd,,,,,,,,,,,,,,,https://disfold.com/company/tung-thih-electronic-co-ltd/,https://disfold.com/company/tung-ho-textile-co-ltd/
18538,18538,7094,Hotel Royal Ltd,Hotel Properties Ltd,,,,,,,,,,,,,,,https://disfold.com/company/hotel-royal-ltd/,https://disfold.com/company/hotel-properties-ltd/
18559,18559,11821,Fuji Electric Co Ltd,Fuji Co. Ltd,,,,,,,,,,,,,,,https://disfold.com/company/fuji-electric-co-ltd/,https://disfold.com/company/fuji-co-ltd/
18575,18575,329,Bank of Ningbo Co Ltd,Bank of Nanjing Co Ltd,,,,,,,,,,,,,,,www.nbcb.com.cn,www.njcb.com.cn
18579,18579,11388,Laboratorio di Analisi Veterinarie La Vallonea,Laboratorio La Vallonea,,,,,,,,,,,,,,,https://www.laboratoriolavallonea.net/,https://www.laboratoriolavallonea.net
18608,18608,7319,Ball Corporation Careers,Ball Corp,,,,,,,,,,,,,,,www.ball.com,www.ball.com
18620,18620,10197,Altrad Investment Authority SAS,Alto Pharmacy Careers,,,,,,,,,,,,,,,www.altrad.com,alto.com
18629,18629,7732,Altran Careers,Altra Industrial Motion Corp,,,,,,,,,,,,,,,www.altran.com,www.altramotion.com
18633,18633,7378,Vergnet SA,Vercom SA,,,,,,,,,,,,,,,https://disfold.com/company/vergnet-sa/,https://disfold.com/company/vercom-sa/
18637,18637,5101,Berger Paints India Ltd,Berexia,,,,,,,,,,,,,,,www.bergerpaints.com,https://www.berexia.com/
18641,18641,16428,Banca Generali S.p.A.,Banca Farmafactoring S.p.A.,,,,,,,,,,,,,,,https://disfold.com/company/banca-generali-spa/,https://disfold.com/company/banca-farmafactoring-spa/
18670,18670,17374,LTIMindtree Ltd,LT Group Inc,,,,,,,,,,,,,,,www.lntinfotech.com,www.ltg.com.ph
18682,18682,1219,ADDCN Technology Co. Ltd,ADATA Technology Co. Ltd,,,,,,,,,,,,,,,https://disfold.com/company/addcn-technology-co-ltd/,https://disfold.com/company/adata-technology-co-ltd/
18685,18685,7451,Rinkit,Ringcentral Careers,,,,,,,,,,,,,,,https://www.rinkit.com,www.ringcentral.com
18691,18691,18499,"Affiliated Managers Group, Inc.",AffiliCon,,,,,,,,,,,,,,,https://disfold.com/company/affiliated-managers-group-inc/,https://www.affilicon.net
18706,18706,2647,Increff,Incomlend,,,,,,,,,,,,,,,https://www.increff.com/,https://incomlend.com/
18711,18711,5303,Keysight Technologies Careers,Keyquant,,,,,,,,,,,,,,,www.keysight.com,https://www.keyquant.com
18740,18740,9472,Anhui Expressway Company Ltd,Anhui Conch Cement Company Ltd,,,,,,,,,,,,,,,https://disfold.com/company/anhui-expressway-company-ltd/,https://disfold.com/company/anhui-conch-cement-company-ltd/
18767,18767,375,BMO Managed Portfolio Trust plc,BMO Commercial Property Trust,,,,,,,,,,,,,,,https://disfold.com/company/bmo-managed-portfolio-trust-plc/,https://disfold.com/company/bmo-commercial-property-trust/
18839,18839,3904,AUTOMOBILES GEROSSIER,AUTO1 Group SE,,,,,,,,,,,,,,,https://www.auto-gerossier.fr/,https://disfold.com/company/auto1-group-se/
18877,18877,6495,Australian United Investment Company Limited,Australian Potash Limited,,,,,,,,,,,,,,,https://disfold.com/company/australian-united-investment-company-limited/,https://disfold.com/company/australian-potash-limited/
18880,18880,14267,Otto GmbH & Co KG,Otter Tail Corp,,,,,,,,,,,,,,,www.ottogroup.com,www.ottertail.com
18894,18894,13390,Just Life Group Ltd,Just Group plc,,,,,,,,,,,,,,,https://disfold.com/company/just-life-group-ltd/,https://disfold.com/company/just-group-plc/
18905,18905,15079,Flagstar Bancorp Inc,FixStream Careers,,,,,,,,,,,,,,,investors.flagstar.com,www.fixstream.com
18914,18914,13628,Nuance Communications Careers,NuVasive Inc,,,,,,,,,,,,,,,www.nuance.com,www.nuvasive.com
18932,18932,16173,NVR Inc,NVISIA Careers,,,,,,,,,,,,,,,www.nvrinc.com,www.nvisia.com
18940,18940,4425,"Public Joint Stock Company ""TNS energo Kuban""","Public Joint Stock Company ""Rollman Group""",,,,,,,,,,,,,,,https://disfold.com/company/public-joint-stock-company-tns-energo-kuban/,https://disfold.com/company/public-joint-stock-company-rollman-group/
18958,18958,7878,PT Bank Net Indonesia Syariah Tbk,PT Bank Negara Indonesia (Persero) Tbk,,,,,,,,,,,,,,,https://disfold.com/company/pt-bank-net-indonesia-syariah-tbk/,https://disfold.com/company/pt-bank-negara-indonesia-persero-tbk/
18988,18988,13569,Public joint stock company Yakutskenergo,Public joint stock company NPO Nauka,,,,,,,,,,,,,,,https://disfold.com/company/public-joint-stock-company-yakutskenergo/,https://disfold.com/company/public-joint-stock-company-npo-nauka/
18994,18994,18703,AssetCo plc,Asset Plus Ltd,,,,,,,,,,,,,,,https://disfold.com/company/assetco-plc/,https://disfold.com/company/asset-plus-ltd/
19069,19069,9376,Kyushu Electric Power Co Inc,Kyudenko Corp,,,,,,,,,,,,,,,www.kyuden.co.jp,https://disfold.com/company/kyudenko-corp/
19103,19103,10431,"Noble Royalties, Inc. Careers",Noble Energy Inc,,,,,,,,,,,,,,,www.nobleroyalties.com,www.nblenergy.com
19132,19132,18186,Coterra Energy Inc,Costco Wholesale Corp,,,,,,,,,,,,,,,coterra.com,www.costco.com
19151,19151,2365,Nestle (Malaysia) Bhd,Neste Corp,,,,,,,,,,,,,,,www.nestle.com.my,www.neste.com
19153,19153,8363,Australian Foundation Investment Company Limited,Australian Ethical Investment Ltd.,,,,,,,,,,,,,,,https://disfold.com/company/australian-foundation-investment-company-limited/,https://disfold.com/company/australian-ethical-investment-ltd/
19154,19154,7992,ClearScore Technology,Clear Capital Careers,,,,,,,,,,,,,,,https://www.clearscore.com,www.clearcapital.com
19157,19157,11759,Espoirer,Esosphera,,,,,,,,,,,,,,,https://espoirer.com/,https://www.esosphera.com/
19191,19191,9031,Cogeco Inc,Cogeco Communications Inc,,,,,,,,,,,,,,,corpo.cogeco.com,corpo.cogeco.com/cca
19215,19215,1760,Steelcase Inc,Steel Dynamics Inc,,,,,,,,,,,,,,,www.steelcase.com,stld.steeldynamics.com
19274,19274,9869,YSO CORP,YPF SA,,,,,,,,,,,,,,,https://ysocorp.com/,www.ypf.com
19276,19276,4280,Hoya Corp,Howmet Aerospace Inc,,,,,,,,,,,,,,,www.hoya.com,www.howmet.com
19304,19304,16678,Ciena Corporation,Ciena Careers,,,,,,,,,,,,,,,https://disfold.com/company/ciena-corporation/,www.ciena.com
19334,19334,714,Tirathai Public Company Ltd,Tipco Foods Public Company Ltd,,,,,,,,,,,,,,,https://disfold.com/company/tirathai-public-company-ltd/,https://disfold.com/company/tipco-foods-public-company-ltd/
19360,19360,14069,Market Kurly,Markel Corp,,,,,,,,,,,,,,,https://www.kurly.com/,www.markel.com
19398,19398,10975,"Assurant, Inc.",Assura plc,,,,,,,,,,,,,,,https://disfold.com/company/assurant-inc/,https://disfold.com/company/assura-plc/
19411,19411,2335,American Airlines Group Inc,America Movil SAB DE CV,,,,,,,,,,,,,,,americanairlines.gcs-web.com,www.americamovil.com/es
19446,19446,12706,Moelis & Co,Modulr,,,,,,,,,,,,,,,www.moelis.com,https://www.modulrfinance.com/
19448,19448,12649,National Fuel Gas Company,National Express Group plc,,,,,,,,,,,,,,,https://disfold.com/company ational-fuel-gas-company/,https://disfold.com/company ational-express-group-plc/
19464,19464,4774,Nichidenbo Corp,Nichias Corp,,,,,,,,,,,,,,,https://disfold.com/company ichidenbo-corp/,https://disfold.com/company ichias-corp/
19507,19507,5510,Baillie Gifford UK Growth,Baillie Gifford Japan Trust plc,,,,,,,,,,,,,,,https://disfold.com/company/baillie-gifford-uk-growth/,https://disfold.com/company/baillie-gifford-japan-trust-plc/
19515,19515,8235,Quip Careers,Quimera Energy,,,,,,,,,,,,,,,quip.com,http://www.quimeraee.com/
19517,19517,8489,National Silicon Industry Group Co. Ltd,"National Retail Properties, Inc.",,,,,,,,,,,,,,,https://disfold.com/company ational-silicon-industry-group-co-ltd/,https://disfold.com/company ational-retail-properties-inc/
19530,19530,10664,"Aberdeen Emerging Markets Equity Income Fund, Inc.","Aberdeen Australia Equity Fund, Inc.",,,,,,,,,,,,,,,https://disfold.com/company/aberdeen-emerging-markets-equity-income-fund-inc/,https://disfold.com/company/aberdeen-australia-equity-fund-inc/
19551,19551,18376,Vestas Wind Systems AS,Vestas Offshore Wind AS,,,,,,,,,,,,,,,www.vestas.com,www.mhivestasoffshore.com
19564,19564,9833,Intent HQ,Intelsat SA,,,,,,,,,,,,,,,https://intenthq.com/,www.intelsat.com
19578,19578,11025,Popular Inc,Poppri Fashion Auctions,,,,,,,,,,,,,,,www.popular.com,https://www.poppri.com/
19584,19584,12740,Aberdeen Total Dynamic Dividend Fund,Aberdeen Standard Equity Income Trust plc,,,,,,,,,,,,,,,https://disfold.com/company/aberdeen-total-dynamic-dividend-fund/,https://disfold.com/company/aberdeen-standard-equity-income-trust-plc/
19585,19585,14407,Augustin Bau,Augusta Gold Corp,,,,,,,,,,,,,,,https://www.augustinbau.com,https://disfold.com/company/augusta-gold-corp/
19586,19586,380,Hilton Food Group Plc,Hilltop Holdings Inc,,,,,,,,,,,,,,,www.hiltonfoodgroupplc.com,www.hilltop-holdings.com
19587,19587,10701,Fasanara Capital,Faronics Careers,,,,,,,,,,,,,,,https://www.fasanara.com/home,www.faronics.com
19594,19594,97,Nippon Steel Trading Corp,Nippon Steel Corp,,,,,,,,,,,,,,,https://disfold.com/company ippon-steel-trading-corp/,https://disfold.com/company ippon-steel-corp/
19611,19611,18336,Adastria Co. Ltd,Adarma,,,,,,,,,,,,,,,https://disfold.com/company/adastria-co-ltd/,https://adarma.com/
19647,19647,602,Severn Trent Plc,Sevenseas,,,,,,,,,,,,,,,www.severntrent.com,https://sevenseasexpress.com/
19703,19703,4086,Lottoland,Lotte Shopping Co Ltd,,,,,,,,,,,,,,,https://www.lottoland.com,www.lotteshoppingir.com
19715,19715,2513,Advanced Holdings Ltd,Advanced Energy Solution Holding Co. Ltd,,,,,,,,,,,,,,,https://disfold.com/company/advanced-holdings-ltd/,https://disfold.com/company/advanced-energy-solution-holding-co-ltd/
19717,19717,17193,Capital Power Corporation,Capital Point Ltd,,,,,,,,,,,,,,,https://disfold.com/company/capital-power-corporation/,https://disfold.com/company/capital-point-ltd/
19722,19722,305,Deutsche Real Estate AG,Deutsche Pfandbriefbank AG,,,,,,,,,,,,,,,https://disfold.com/company/deutsche-real-estate-ag/,https://disfold.com/company/deutsche-pfandbriefbank-ag/
19741,19741,4672,Gruppo Del Barba Consulting,Grupo de Inversiones Suramericana S.A.,,,,,,,,,,,,,,,https://www.gruppodelbarba.com/,www.gruposura.com
19770,19770,2621,Celltrion Healthcare Co Ltd,Cellnex Telecom SA,,,,,,,,,,,,,,,www.celltrionhealthcare.com,www.cellnextelecom.com
19792,19792,13621,Xilnex,Xilinx Inc,,,,,,,,,,,,,,,https://www.xilnex.com/,www.xilinx.com
19827,19827,8880,Shell plc,Shell,,,,,,,,,,,,,,,www.shell.com,https://disfold.com/company/shell-plc/
19835,19835,2112,Dollarama Inc,Dollar Tree Inc,,,,,,,,,,,,,,,www.dollarama.com,www.dollartree.com
19838,19838,2684,Zhejiang Chint Electrics Co. Ltd,Zhejiang China Commodities City Group Co. Ltd,,,,,,,,,,,,,,,https://disfold.com/company/zhejiang-chint-electrics-co-ltd/,https://disfold.com/company/zhejiang-china-commodities-city-group-co-ltd/
19859,19859,19681,Caesarstone Ltd.,Caesars Entertainment Inc,,,,,,,,,,,,,,,https://disfold.com/company/caesarstone-ltd/,www.caesars.com
19866,19866,15670,Beijing Energy International Holding Co Ltd,"Beijing Easpring Material Technology CO.,LTD.",,,,,,,,,,,,,,,https://disfold.com/company/beijing-energy-international-holding-co-ltd/,https://disfold.com/company/beijing-easpring-material-technology-coltd/
19885,19885,18762,Active Energy Solutions,Activate Interactive,,,,,,,,,,,,,,,https://www.active-energy.gr/,https://www.activate.sg/
19907,19907,2080,Marriott Vacations Worldwide Corp,Marriott International Inc,,,,,,,,,,,,,,,www.marriottvacationsworldwide.com,www.marriott.com
19923,19923,15280,Delek Group Ltd,Delegat Group Ltd,,,,,,,,,,,,,,,https://disfold.com/company/delek-group-ltd/,https://disfold.com/company/delegat-group-ltd/
19924,19924,983,Guangzhou Development Group Co Ltd,Guangzhou Baiyunshan Pharmaceutical Holdings Co Ltd,,,,,,,,,,,,,,,www.gdg.com.cn,www.gybys.com.cn
19955,19955,18275,MillerKnoll Inc,Millennium Enterprise,,,,,,,,,,,,,,,hermanmiller.com,https://millenterprise.com/
19974,19974,13288,"AutoNation, Inc.",AutoCanada Inc.,,,,,,,,,,,,,,,https://disfold.com/company/autonation-inc/,https://disfold.com/company/autocanada-inc/
19976,19976,4459,Bridgestone Corp,Bridge Insurance Broker,,,,,,,,,,,,,,,https://disfold.com/company/bridgestone-corp/,https://www.bridgeinsurance.it/
20025,20025,10769,American Electric Power Co Inc,American Eagle Outfitters Inc,,,,,,,,,,,,,,,www.aep.com,www.ae.com
20031,20031,7045,Commerce Bancshares Inc,Comma Entertainment,,,,,,,,,,,,,,,www.commercebank.com,https://www.comma-entertainment.com/
20032,20032,3538,"Chunghwa Telecom Co., Ltd.",Chunghwa Precision Test Tech. Co. Ltd,,,,,,,,,,,,,,,https://disfold.com/company/chunghwa-telecom-co-ltd/,https://disfold.com/company/chunghwa-precision-test-tech-co-ltd/
20039,20039,10055,NEXTAGE Co. Ltd,NEXON Co. Ltd,,,,,,,,,,,,,,,https://disfold.com/company extage-co-ltd/,https://disfold.com/company exon-co-ltd/
20050,20050,3269,Bharat Petroleum Corp Ltd,Bharat Forge Ltd,,,,,,,,,,,,,,,www.bharatpetroleum.in,www.bharatforge.com
20064,20064,5009,Dexatel,DexCom Inc,,,,,,,,,,,,,,,https://dexatel.com/,www.dexcom.com
20068,20068,18548,Oracle Corporation Japan,Oracle Corp,,,,,,,,,,,,,,,www.oracle.com/jp,www.oracle.com
20078,20078,15651,Bosch Ltd,Bosch Careers,,,,,,,,,,,,,,,www.bosch.in,www.bosch.com
20088,20088,5390,Helleniq Energy Holdings SA,Hellas Direct,,,,,,,,,,,,,,,www.helpe.gr,https://www.hellasdirect.gr/
20125,20125,8030,William Hill Ltd,WillScot Mobile Mini Holdings Corp,,,,,,,,,,,,,,,www.williamhillplc.com/,www.willscotmobilemini.com
20127,20127,13426,Accesa IT Systems,Accenture,,,,,,,,,,,,,,,https://www.accesa.eu,https://disfold.com/company/accenture-plc/
20136,20136,12282,COSCO Shipping Ports Ltd,COSCO Shipping Holdings Co Ltd,,,,,,,,,,,,,,,ports.coscoshipping.com,hold.coscoshipping.com
20151,20151,16603,Srisawad Finance Public Company Ltd,Sriracha Construction Public Company Ltd,,,,,,,,,,,,,,,https://disfold.com/company/srisawad-finance-public-company-ltd/,https://disfold.com/company/sriracha-construction-public-company-ltd/
20178,20178,9004,Audi Careers,Audensiel,,,,,,,,,,,,,,,www.audi.com,http://www.audensiel.com
20181,20181,4152,"Workday, Inc.",Workday Careers,,,,,,,,,,,,,,,https://disfold.com/company/workday-inc/,www.workday.com
20209,20209,10709,CapitaLand Ltd,CapitaLand Integrated Commercial Trust,,,,,,,,,,,,,,,https://disfold.com/company/capitaland-ltd/,https://disfold.com/company/capitaland-integrated-commercial-trust/
20214,20214,8747,Arlo Careers,Arla Foods amba,,,,,,,,,,,,,,,www.arlo.com,www.arla.com
20261,20261,16378,Hon Hai Precision Industry Co Ltd,Homes.com Careers,,,,,,,,,,,,,,,www.honhai.com,www.homes.com
20285,20285,1509,Nexon Paints,Nexon Careers,,,,,,,,,,,,,,,http://www.nexonpaints.com/,www.nexon.com
20286,20286,4697,Public Joint-Stock Company TNS energo Rostov-on-Don,Public Joint-Stock Company Seligdar,,,,,,,,,,,,,,,https://disfold.com/company/public-joint-stock-company-tns-energo-rostov-on-don/,https://disfold.com/company/public-joint-stock-company-seligdar/
20309,20309,6902,Aptible Careers,AptarGroup Inc,,,,,,,,,,,,,,,www.aptible.com,www.aptar.com
20316,20316,20067,IMINT Vidhance,IMI Plc,,,,,,,,,,,,,,,https://www.weareimint.com/,www.imiplc.com
20323,20323,4499,Fibra UNO,Fibra Shop,,,,,,,,,,,,,,,https://disfold.com/company/fibra-uno/,https://disfold.com/company/fibra-shop/
20328,20328,20323,FibraHotel,Fibra UNO,,,,,,,,,,,,,,,https://disfold.com/company/fibrahotel/,https://disfold.com/company/fibra-uno/
20334,20334,19722,Deutsche Telekom AG,Deutsche Real Estate AG,,,,,,,,,,,,,,,https://disfold.com/company/deutsche-telekom-ag/,https://disfold.com/company/deutsche-real-estate-ag/
20338,20338,2696,PT Asuransi Jasa Tania Tbk,PT Asuransi Dayin Mitra Tbk,,,,,,,,,,,,,,,https://disfold.com/company/pt-asuransi-jasa-tania-tbk/,https://disfold.com/company/pt-asuransi-dayin-mitra-tbk/
20339,20339,1594,China Huarong Energy Company Ltd,China Hongqiao Group Ltd,,,,,,,,,,,,,,,https://disfold.com/company/china-huarong-energy-company-ltd/,https://disfold.com/company/china-hongqiao-group-ltd/
20342,20342,7880,Essent Group Ltd,Esprinet SpA,,,,,,,,,,,,,,,essentgroup.com,www.esprinet.com
20370,20370,5546,Annaly Careers,Annaly Capital Management Inc,,,,,,,,,,,,,,,www.annaly.com,www.annaly.com
20406,20406,20310,Bank of Kaohsiung Co. Ltd,Bank of Jinzhou Co. Ltd,,,,,,,,,,,,,,,https://disfold.com/company/bank-of-kaohsiung-co-ltd/,https://disfold.com/company/bank-of-jinzhou-co-ltd/
20427,20427,12485,Bayerische Motoren Werke AG,Bayer AG,,,,,,,,,,,,,,,https://disfold.com/company/bayerische-motoren-werke-ag/,https://disfold.com/company/bayer-ag/
20454,20454,9330,Martinrea International Inc.,"Martin Marietta Materials, Inc.",,,,,,,,,,,,,,,https://disfold.com/company/martinrea-international-inc/,https://disfold.com/company/martin-marietta-materials-inc/
20518,20518,7538,Mediaboard,MediaTek Inc,,,,,,,,,,,,,,,https://mediaboard.com/,www.mediatek.com
20521,20521,17544,"CDK Global, Inc.",CDK Global Careers,,,,,,,,,,,,,,,https://disfold.com/company/cdk-global-inc/,www.cdkglobal.com
20533,20533,13757,McAfee Corp.,McAfee Careers,,,,,,,,,,,,,,,https://disfold.com/company/mcafee-corp/,www.mcafee.com
20563,20563,2040,Pictet & Cie Group SCA,PicoCela,,,,,,,,,,,,,,,www.pictet.com,https://www.picocela.com/
20584,20584,10738,Teknosa Iç ve Dis Ticaret Anonim Sirketi,Tekfen Holding Anonim Sirketi,,,,,,,,,,,,,,,https://disfold.com/company/teknosa-ic-ve-dis-ticaret-anonim-sirketi/,https://disfold.com/company/tekfen-holding-anonim-sirketi/
20644,20644,20314,Amiltone,Amido,,,,,,,,,,,,,,,https://www.amiltone.com,https://amido.com/
20654,20654,17988,Transition SA,Transgene SA,,,,,,,,,,,,,,,https://disfold.com/company/transition-sa/,https://disfold.com/company/transgene-sa/
20678,20678,10170,Public Joint Stock Company Rosinter Restaurants Holding,Public Joint Stock Company RBC,,,,,,,,,,,,,,,https://disfold.com/company/public-joint-stock-company-rosinter-restaurants-holding/,https://disfold.com/company/public-joint-stock-company-rbc/
20680,20680,2652,Bank of Changsha Co Ltd,Bank of Beijing Co Ltd,,,,,,,,,,,,,,,www.bankofchangsha.com,www.bankofbeijing.com.cn
20707,20707,4968,Adani Transmission Ltd,Adani Ports and Special Economic Zone Ltd,,,,,,,,,,,,,,,www.adanitransmission.com,www.adaniports.com
20736,20736,17144,Adyen NV,Advyzon Careers,,,,,,,,,,,,,,,www.adyen.com,www.advyzon.com
20761,20761,11005,CrowdStrike Inc,CrowdProperty,,,,,,,,,,,,,,,www.crowdstrike.com,https://www.crowdproperty.com/
20776,20776,6913,National Petrochemical Company,National Medical Care Company,,,,,,,,,,,,,,,https://disfold.com/company ational-petrochemical-company/,https://disfold.com/company ational-medical-care-company/
20819,20819,13814,Doctor Qube,Doctor Hail (Dottor Grandine),,,,,,,,,,,,,,,http://www.doctorqube.com/,https://www.dottorgrandine.com
20850,20850,17587,Central Pattana Public Company Ltd,Central Holding Group Co. Ltd,,,,,,,,,,,,,,,https://disfold.com/company/central-pattana-public-company-ltd/,https://disfold.com/company/central-holding-group-co-ltd/
20865,20865,2619,Chung Hwa Food Industrial Co. Ltd,Chung Hung Steel Corp,,,,,,,,,,,,,,,https://disfold.com/company/chung-hwa-food-industrial-co-ltd/,https://disfold.com/company/chung-hung-steel-corp/
20879,20879,14315,Nordstrom Inc,Nordson Corp,,,,,,,,,,,,,,,investor.nordstrom.com,www.nordson.com
20898,20898,1906,Tetra Tech Inc,Tetra Laval International SA,,,,,,,,,,,,,,,www.tetratech.com,www.tetralaval.com
20905,20905,19676,Carreau Concept,Carranco,,,,,,,,,,,,,,,https://www.carreauconcept.com/,https://www.carrancosl.com/
20919,20919,10258,Meus,Mettler-Toledo International Inc,,,,,,,,,,,,,,,https://myistria.com,www.mt.com
20980,20980,17045,Qatar Airways Group QCSC,Qantas Airways Ltd,,,,,,,,,,,,,,,www.qatarairways.com,www.qantas.com
21021,21021,6508,Urban TP,Urban Outfitters Inc,,,,,,,,,,,,,,,http://www.urbantp.com,www.urbn.com
21044,21044,5387,Digital Angels,Digital & You,,,,,,,,,,,,,,,https://www.digitalangels.com/,https://www.digitalandyou.com
21058,21058,12767,Caisse Regionale de Credit Agricole du Morbihan,Caisse Regionale de Credit Agricole Mutuel de la Touraine et du Poitou,,,,,,,,,,,,,,,https://disfold.com/company/caisse-regionale-de-credit-agricole-du-morbihan/,https://disfold.com/company/caisse-regionale-de-credit-agricole-mutuel-de-la-touraine-et-du-poitou/
21092,21092,13540,Converge ICT,Convent Experts,,,,,,,,,,,,,,,https://www.convergeict.com/,https://www.convent-experts.com
21103,21103,12997,Capricorn Metals Ltd,Capri Holdings Limited,,,,,,,,,,,,,,,https://disfold.com/company/capricorn-metals-ltd/,https://disfold.com/company/capri-holdings-limited/
21165,21165,18183,Maruzen Showa Unyu Co. Ltd,"Maruwa Co., Ltd.",,,,,,,,,,,,,,,https://disfold.com/company/maruzen-showa-unyu-co-ltd/,https://disfold.com/company/maruwa-co-ltd/
21198,21198,1475,Archisound,Archicom SA,,,,,,,,,,,,,,,http://www.archisound.co.kr/,https://disfold.com/company/archicom-sa/
21201,21201,15338,Joincare Pharmaceutical Group Industry Co Ltd,Join Business,,,,,,,,,,,,,,,www.joincare.com,https://www.joinbusinessmc.com
21218,21218,12412,Outscale**,Outdoorsy Careers,,,,,,,,,,,,,,,https://www.outscale.com,www.outdoorsy.com
21221,21221,14076,PT Bank MNC Internasional Tbk,PT Bank IBK Indonesia Tbk,,,,,,,,,,,,,,,https://disfold.com/company/pt-bank-mnc-internasional-tbk/,https://disfold.com/company/pt-bank-ibk-indonesia-tbk/
21235,21235,3915,"Grupo KUO, S.A.B. de C.V.","Grupo Hotelero Santa Fe, S.A.B. de C.V.",,,,,,,,,,,,,,,https://disfold.com/company/grupo-kuo-sab-de-cv/,https://disfold.com/company/grupo-hotelero-santa-fe-sab-de-cv/
21288,21288,15923,Bellway plc,Belluna Co. Ltd,,,,,,,,,,,,,,,https://disfold.com/company/bellway-plc/,https://disfold.com/company/belluna-co-ltd/
21328,21328,3464,Globalis Viagens e Eventos Corporativos,Globalinternet,,,,,,,,,,,,,,,https://globalisviagens.pt/,https://www.globalinter.net
21330,21330,11073,Bank of Communications Co. Ltd,Bank of Chongqing Co. Ltd,,,,,,,,,,,,,,,https://disfold.com/company/bank-of-communications-co-ltd/,https://disfold.com/company/bank-of-chongqing-co-ltd/
21339,21339,9642,European Residential Real Estate Investment Trust,European Metals Holdings Limited,,,,,,,,,,,,,,,https://disfold.com/company/european-residential-reit/,https://disfold.com/company/european-metals-holdings-limited/
21368,21368,3964,Citizens Financial Group Inc,Citizen Watch Co Ltd,,,,,,,,,,,,,,,www.citizensbank.com,www.citizen.co.jp
21423,21423,7861,Maxpay,Maxis Bhd,,,,,,,,,,,,,,,https://maxpay.com/,www.maxis.com.my
21452,21452,16541,Natural Health Trends Corp.,Natural Cool Holdings Ltd,,,,,,,,,,,,,,,https://disfold.com/company atural-health-trends-corp/,https://disfold.com/company atural-cool-holdings-ltd/
21462,21462,529,SDI Corp,SCSK Corp,,,,,,,,,,,,,,,https://disfold.com/company/sdi-corp/,https://disfold.com/company/scsk-corp/
21471,21471,3213,Marico Ltd,Marfreight,,,,,,,,,,,,,,,www.marico.com,https://www.marfreight.com
21493,21493,11131,Empresas Tricot SA,Empresas La Polar SA,,,,,,,,,,,,,,,https://disfold.com/company/empresas-tricot-sa/,https://disfold.com/company/empresas-la-polar-sa/
21521,21521,6589,National Fuel Gas Co,National Express Group Plc,,,,,,,,,,,,,,,www.nationalfuel.com,www.nationalexpressgroup.com
21540,21540,12398,iProspect Careers,iPlato Healthcare,,,,,,,,,,,,,,,www.iprospect.com,https://www.iplato.com
21567,21567,11183,Habiteo,Habib Bank Ltd,,,,,,,,,,,,,,,https://www.habiteo.com,www.hbl.com
21568,21568,18901,Microdesk Careers,Microchip Technology Inc,,,,,,,,,,,,,,,www.microdesk.com,www.microchip.com
21572,21572,18897,Spirit AeroSystems Holdings Inc,Spire Inc,,,,,,,,,,,,,,,www.spiritaero.com,www.spireenergy.com
21582,21582,5866,Elemental Royalties Corp,Element Fleet Management Corp.,,,,,,,,,,,,,,,https://disfold.com/company/elemental-royalties-corp/,https://disfold.com/company/element-fleet-management-corp/
21605,21605,15239,Voxy Careers,Voxpopme,,,,,,,,,,,,,,,voxy.com,https://site.voxpopme.com/
21618,21618,17886,Elementum Careers,Elements Global Services,,,,,,,,,,,,,,,www.elementum.com,https://elementsgs.com/
21623,21623,6116,"China Coal Xinji Energy Co.,Ltd",China Coal Energy Co Ltd,,,,,,,,,,,,,,,https://disfold.com/company/china-coal-xinji-energy-coltd/,https://disfold.com/company/china-coal-energy-co-ltd/
21631,21631,9477,Marwincar,Marvell Technology Inc,,,,,,,,,,,,,,,https://www.marwincar.com/,www.marvell.com
21660,21660,5724,Celltrion Inc,"Cellnex Telecom, SA",,,,,,,,,,,,,,,www.celltrion.com,https://disfold.com/company/cellnex-telecom-sa/
21693,21693,4084,Neurocuticals,Neurocrine Biosciences Inc,,,,,,,,,,,,,,,http://www.nci-md.com/,www.neurocrine.com
21779,21779,6554,Adcorp Holdings Ltd,Adcock Ingram Holdings Ltd,,,,,,,,,,,,,,,https://disfold.com/company/adcorp-holdings-ltd/,https://disfold.com/company/adcock-ingram-holdings-ltd/
21785,21785,16466,IBS (Inti Bangun Sejahtera),IBL Ltd,,,,,,,,,,,,,,,https://www.ibstower.com/,www.iblgroup.com
21796,21796,13322,Boustead Singapore Ltd,Boustead Projects Ltd,,,,,,,,,,,,,,,https://disfold.com/company/boustead-singapore-ltd/,https://disfold.com/company/boustead-projects-ltd/
21799,21799,19239,IAC Inc,IAA Inc,,,,,,,,,,,,,,,www.iac.com,www.iaai.com
21825,21825,11941,lemonads,larsentoubro Careers,,,,,,,,,,,,,,,https://www.lemonads.com/,www.larsentoubro.com
21848,21848,4197,Canadian Pacific Railway Limited,Canadian Overseas Petroleum Limited,,,,,,,,,,,,,,,https://disfold.com/company/canadian-pacific-railway-limited/,https://disfold.com/company/canadian-overseas-petroleum-limited/
21858,21858,7750,Veritis Careers,Verisk Analytics Inc,,,,,,,,,,,,,,,www.veritis.com,www.verisk.com
21900,21900,13640,China Innovation Investment Ltd,China Information Technology Development Ltd,,,,,,,,,,,,,,,https://disfold.com/company/china-innovation-investment-ltd/,https://disfold.com/company/china-information-technology-development-ltd/
21926,21926,561,Hyundai Steel Co,Hyundai Motor Co,,,,,,,,,,,,,,,www.hyundai-steel.com,www.hyundai.com
21927,21927,11826,Chinese Estates Holdings Ltd,Chindata Group Holdings Limited,,,,,,,,,,,,,,,https://disfold.com/company/chinese-estates-holdings-ltd/,https://disfold.com/company/chindata-group-holdings-limited/
21932,21932,2910,CNOOC Limited,CNO Financial Group Inc,,,,,,,,,,,,,,,https://disfold.com/company/cnooc-limited/,www.cnoinc.com
21941,21941,7328,Brogent Technologies,Brodynt Global Services,,,,,,,,,,,,,,,https://www.brogent.com/,https://www.brodynt.com
21974,21974,2347,PT. Mitra Adiperkasa Tbk,PT. Map Boga Adiperkasa Tbk,,,,,,,,,,,,,,,https://disfold.com/company/pt-mitra-adiperkasa-tbk/,https://disfold.com/company/pt-map-boga-adiperkasa-tbk/
21978,21978,20445,Payoneer Careers,Paymerang Careers,,,,,,,,,,,,,,,www.payoneer.com,paymerang.com
22017,22017,15527,Brookfield Renewable Partners LP,Brookfield Property Partners LP,,,,,,,,,,,,,,,www.bep.brookfield.com,bpy.brookfield.com/en
22036,22036,15291,Delta Electronics (Thailand) PCL,Delta Capita Group,,,,,,,,,,,,,,,www.deltathailand.com,https://www.deltacapita.com
22049,22049,1217,Prudential Plc,Prudential Financial Inc,,,,,,,,,,,,,,,www.prudentialplc.com,www.prudential.com
22052,22052,20348,Cisco Systems Inc,Cisco,,,,,,,,,,,,,,,www.cisco.com,https://disfold.com/company/cisco-systems-inc/
22074,22074,3772,Jayride Group,Jati Group,,,,,,,,,,,,,,,https://www.jayride.com/,http://www.jatigroup.com/
22083,22083,20677,Bank of Changsha Co. Ltd,Bank of Beijing Co. Ltd,,,,,,,,,,,,,,,https://disfold.com/company/bank-of-changsha-co-ltd/,https://disfold.com/company/bank-of-beijing-co-ltd/
22109,22109,11319,Canoo Careers,Canon Marketing Japan Inc,,,,,,,,,,,,,,,www.canoo.com,canon.jp
22110,22110,11785,Donaldson Co Inc,Domtar Corp,,,,,,,,,,,,,,,www.donaldson.com,www.domtar.com/en
22122,22122,8482,China Literature Ltd,China Life Insurance Co. Ltd,,,,,,,,,,,,,,,https://disfold.com/company/china-literature-ltd/,https://disfold.com/company/china-life-insurance-co-ltd/
22155,22155,5292,Globe Textiles,Globe Life Inc.,,,,,,,,,,,,,,,https://disfold.com/company/globe-textiles/,https://disfold.com/company/globe-life-inc/
22213,22213,2468,Eagle Nice,Eagle Materials Inc.,,,,,,,,,,,,,,,https://disfold.com/company/eagle-nice/,https://disfold.com/company/eagle-materials-inc/
22222,22222,2706,"Grupo Profuturo, S.A.B. de C.V.","Grupo Pochteca, S.A.B. de C.V.",,,,,,,,,,,,,,,https://disfold.com/company/grupo-profuturo-sab-de-cv/,https://disfold.com/company/grupo-pochteca-sab-de-cv/
22261,22261,11009,The Sherwin-Williams Company,The Scotts Miracle-Gro Company,,,,,,,,,,,,,,,https://disfold.com/company/sherwin-williams-company/,https://disfold.com/company/scotts-miracle-gro-company/
22267,22267,1657,Megaworld Corp,Megasecur.Europe,,,,,,,,,,,,,,,www.megaworldcorp.com,https://www.megasecureurope.com
22283,22283,9460,Marsh ClearSight Careers,Marsh & McLennan Companies Inc,,,,,,,,,,,,,,,www.marshclearsight.com,www.marshmclennan.com
22293,22293,8286,Mailup,Mailgun Technologies Careers,,,,,,,,,,,,,,,https://www.mailupgroup.com,www.mailgun.com
22312,22312,15264,Sapura Energy Bhd,Sappi Ltd,,,,,,,,,,,,,,,www.sapuraenergy.com,www.sappi.com
22344,22344,11020,Ulabox,Uflex Ltd,,,,,,,,,,,,,,,https://www.ulabox.com,www.uflexltd.com
22357,22357,6584,Opteamis,Oppo Brothers,,,,,,,,,,,,,,,https://www.opteamis.com,https://www.oppobrothers.com
22430,22430,3602,"Fidelity National Information Services, Inc.","Fidelity National Financial, Inc.",,,,,,,,,,,,,,,https://disfold.com/company/fidelity-national-information-services-inc/,https://disfold.com/company/fidelity-national-financial-inc/
22434,22434,21884,First Quantum Minerals Ltd,First Pacific Co Ltd,,,,,,,,,,,,,,,www.first-quantum.com,www.firstpacific.com
22461,22461,16252,Ares Capital Corporation,Ares,,,,,,,,,,,,,,,https://disfold.com/company/ares-capital-corporation/,https://cabinet-ares.com
22468,22468,18007,SILKHOM,SILBON Clásico,,,,,,,,,,,,,,,https://www.silkhom.com/,https://www.silbonshop.com
22477,22477,8152,Canadian Utilities Ltd,"Canadian Tire Corporation, Limited",,,,,,,,,,,,,,,www.canadianutilities.com,https://disfold.com/company/canadian-tire-corporation-limited/
22480,22480,6728,BlackRock World Mining Trust plc,BlackRock Smaller Companies Trust,,,,,,,,,,,,,,,https://disfold.com/company/blackrock-world-mining-trust-plc/,https://disfold.com/company/blackrock-smaller-companies-trust/
22486,22486,1823,China South Publishing & Media Group Co. Ltd,China Smartpay Group Holdings Ltd,,,,,,,,,,,,,,,https://disfold.com/company/china-south-publishing-media-group-co-ltd/,https://disfold.com/company/china-smartpay-group-holdings-ltd/
22510,22510,18618,Asian Capital Resources,Asiamet Resources Limited,,,,,,,,,,,,,,,https://disfold.com/company/asian-capital-resources/,https://disfold.com/company/asiamet-resources-limited/
22512,22512,13498,"ASUSTeK Computer, Inc.",ASUS Careers,,,,,,,,,,,,,,,https://disfold.com/company/asustek-computer-inc/,www.asus.com
22533,22533,8582,Sassi Editore,Sasol Ltd,,,,,,,,,,,,,,,https://www.sassijunior.com,www.sasol.com
22543,22543,10884,Harbin Pharmaceutical Group Co Ltd,Harbin Electric Co Ltd,,,,,,,,,,,,,,,www.hayao.com,www.hpec.com
22545,22545,15448,Samsung SDI Co Ltd,Samsung Heavy Industries Co Ltd,,,,,,,,,,,,,,,www.samsungsdi.co.kr,www.samsungshi.com
22593,22593,15576,Elanders AB,Eland Oil & Gas,,,,,,,,,,,,,,,www.elanders.com,https://www.elandoilandgas.com
22594,22594,18641,Banca IFIS S.p.A.,Banca Generali S.p.A.,,,,,,,,,,,,,,,https://disfold.com/company/banca-ifis-spa/,https://disfold.com/company/banca-generali-spa/
22631,22631,7023,Transamerica Careers,TransUnion LLC,,,,,,,,,,,,,,,www.transamerica.com,www.transunion.com
22634,22634,20761,Crown Agents Bank,CrowdStrike Inc,,,,,,,,,,,,,,,https://www.crownagentsbank.com/,www.crowdstrike.com
22661,22661,6574,Huaxin Cement Co Ltd,Huawei Careers,,,,,,,,,,,,,,,www.huaxincem.com,www.huawei.com
22663,22663,10645,Ashling Partners Careers,Ashland Inc,,,,,,,,,,,,,,,www.ashlingpartners.com,www.ashland.com
22669,22669,6320,PT Duta Pertiwi Tbk,PT Duta Intidaya Tbk,,,,,,,,,,,,,,,https://disfold.com/company/pt-duta-pertiwi-tbk/,https://disfold.com/company/pt-duta-intidaya-tbk/
22678,22678,20885,Snap-on Inc,Snap Inc,,,,,,,,,,,,,,,www.snapon.com,www.snap.com
22742,22742,17088,Bio-Techne Corp,Bio-Rad Laboratories Inc,,,,,,,,,,,,,,,www.bio-techne.com,www.bio-rad.com
22744,22744,18796,Fonciere Volta SA,Fonciere INEA,,,,,,,,,,,,,,,https://disfold.com/company/fonciere-volta-sa/,https://disfold.com/company/fonciere-inea/
22748,22748,1663,PT Indocement Tunggal Prakarsa Tbk,PT Indo Straits Tbk,,,,,,,,,,,,,,,https://disfold.com/company/pt-indocement-tunggal-prakarsa-tbk/,https://disfold.com/company/pt-indo-straits-tbk/
22762,22762,12278,SmartPak Equine LLC Careers,SmartCredit (SmartSearch),,,,,,,,,,,,,,,www.smartpakequine.com,https://smartsearch.com/
22773,22773,11010,Adventure Box Technology AB,Advenica AB,,,,,,,,,,,,,,,https://disfold.com/company/adventure-box-technology-ab/,https://disfold.com/company/advenica-ab/
22814,22814,2851,San Fu Chemical Co. Ltd,San Fang Chemical Industry Co. Ltd,,,,,,,,,,,,,,,https://disfold.com/company/san-fu-chemical-co-ltd/,https://disfold.com/company/san-fang-chemical-industry-co-ltd/
22838,22838,270,Nano-X Imaging Ltd.,Nano Dimension Ltd.,,,,,,,,,,,,,,,https://disfold.com/company ano-x-imaging-ltd/,https://disfold.com/company ano-dimension-ltd/
22840,22840,16178,Codete,Codenor,,,,,,,,,,,,,,,https://www.codete.com,https://www.codenor.net/
22874,22874,4345,Chudenko Corp,Chubu Electric Power Co Inc,,,,,,,,,,,,,,,https://disfold.com/company/chudenko-corp/,www.chuden.co.jp
22904,22904,4075,Pranda Jewelry Public Company Ltd,Prakit Holdings Public Company Ltd,,,,,,,,,,,,,,,https://disfold.com/company/pranda-jewelry-public-company-ltd/,https://disfold.com/company/prakit-holdings-public-company-ltd/
22911,22911,8892,Beacon Lighting Group Limited,Beach Energy Limited,,,,,,,,,,,,,,,https://disfold.com/company/beacon-lighting-group-limited/,https://disfold.com/company/beach-energy-limited/
22919,22919,13440,Kimberly-Clark de Mexico SAB de CV,Kimberly-Clark Corp,,,,,,,,,,,,,,,www.kimberly-clark.com.mx,www.kimberly-clark.com/en-us
22923,22923,19052,"Center Laboratories, Inc.",Centene Corporation,,,,,,,,,,,,,,,https://disfold.com/company/center-laboratories-inc/,https://disfold.com/company/centene-corporation/
22944,22944,1588,Bank of Zhengzhou Co. Ltd,"Bank of Xi'an Co.,Ltd.",,,,,,,,,,,,,,,https://disfold.com/company/bank-of-zhengzhou-co-ltd/,https://disfold.com/company/bank-of-xian-coltd/
22947,22947,1082,"Cadence Design Systems, Inc.",Cadence Design Systems Careers,,,,,,,,,,,,,,,https://disfold.com/company/cadence-design-systems-inc/,www.cadence.com
22948,22948,21541,Saggezza Careers,SageSure Insurance Managers Careers,,,,,,,,,,,,,,,www.saggezza.com,sagesure.com
22957,22957,18124,Nanushka International Zrt.,Nanushka,,,,,,,,,,,,,,,https://www.nanushka.com,https://www.nanushka.com/
22982,22982,4651,Numerati Careers,Nuiteq,,,,,,,,,,,,,,,numeratipartnersllc.com,https://www.nuiteq.com/
23022,23022,18990,Comcast Corp,Comcast,,,,,,,,,,,,,,,corporate.comcast.com,https://disfold.com/company/comcast-corporation/
23029,23029,12300,BYD Electronic International Co Ltd,BYD Company,,,,,,,,,,,,,,,https://disfold.com/company/byd-electronic-international-co-ltd/,https://disfold.com/company/byd-co-ltd/
23046,23046,12679,Central Retail Corp Public Company Ltd,Central Reinsurance Corp,,,,,,,,,,,,,,,https://disfold.com/company/central-retail-corp-public-company-ltd/,https://disfold.com/company/central-reinsurance-corp/
23051,23051,16298,Black Knight Inc,Black Hills Corp,,,,,,,,,,,,,,,www.blackknightinc.com,www.blackhillscorp.com
23112,23112,9735,Cineworld Group Plc,Cinemark Holdings Inc,,,,,,,,,,,,,,,www.cineworldplc.com,www.cinemark.com
23155,23155,21988,Samsonite International SA,Sampo plc,,,,,,,,,,,,,,,www.samsonite.com,www.sampo.com
23183,23183,11170,Anadolu Isuzu Otomotiv Sanayi ve Ticaret A.S.,Anadolu Efes Biracilik ve Malt Sanayii Anonim Sirketi,,,,,,,,,,,,,,,https://disfold.com/company/anadolu-isuzu-otomotiv-sanayi-ve-ticaret-as/,https://disfold.com/company/anadolu-efes-biracilik-ve-malt-sanayii-anonim-sirketi/
23206,23206,14970,Willing Careers,Williams Sonoma Inc,,,,,,,,,,,,,,,www.willing.com,www.williams-sonomainc.com
23225,23225,20143,Workable Technology,WorkReduce Careers,,,,,,,,,,,,,,,https://www.workable.com,workreduce.com
23238,23238,23093,Digital Republic Media Group,Digital Realty Trust Inc,,,,,,,,,,,,,,,https://www.digitalrepublic.com,www.digitalrealty.com
23251,23251,17202,Schindler Holding Ltd,Schibsted ASA,,,,,,,,,,,,,,,www.schindler.com,schibsted.com
23255,23255,3387,Koninklijke Philips N.V.,Koninklijke KPN N.V.,,,,,,,,,,,,,,,https://disfold.com/company/koninklijke-philips-nv/,https://disfold.com/company/koninklijke-kpn-nv/
23258,23258,1146,Central Retail Corp PCL,Central Puerto SA,,,,,,,,,,,,,,,www.centralretail.com,https://disfold.com/company/central-puerto-sa/
23269,23269,2963,Midsummer AB,Midsona AB,,,,,,,,,,,,,,,https://disfold.com/company/midsummer-ab/,https://disfold.com/company/midsona-ab/
23270,23270,2658,Applied Materials Inc,Applied Industrial Technologies Inc,,,,,,,,,,,,,,,www.appliedmaterials.com,www.applied.com
23274,23274,19682,Public Joint-Stock Company Rusgrain Holding,Public Joint-Stock Company OR,,,,,,,,,,,,,,,https://disfold.com/company/public-joint-stock-company-rusgrain-holding/,https://disfold.com/company/public-joint-stock-company-or/
23281,23281,9402,Fox Corp,Fourniresto.com,,,,,,,,,,,,,,,www.foxcorporation.com,https://www.fourniresto.com
23287,23287,9746,Iberdrola SA,Iamgold Corp,,,,,,,,,,,,,,,www.iberdrola.com,www.iamgold.com
23301,23301,217,Audiosalus,AudioCodes Ltd.,,,,,,,,,,,,,,,https://www.audiosalus.it/,https://disfold.com/company/audiocodes-ltd/
23311,23311,2232,Yamato Infilink,Yamato Holdings Co Ltd,,,,,,,,,,,,,,,http://yamato-infilink.co.jp/,www.yamato-hd.co.jp
23322,23322,19435,BrightView Holdings Inc,BrightEdge Careers,,,,,,,,,,,,,,,www.brightview.com,www.brightedge.com
23325,23325,578,Carrier Global Corporation,Carrier Careers,,,,,,,,,,,,,,,https://disfold.com/company/carrier-global-corporation/,www.carrier.com
23356,23356,17973,Beijing Jetsen Technology Co. Ltd,Beijing Hotgen Biotech Co. Ltd,,,,,,,,,,,,,,,https://disfold.com/company/beijing-jetsen-technology-co-ltd/,https://disfold.com/company/beijing-hotgen-biotech-co-ltd/
23368,23368,12053,JetBlue Airways Corp,Jet2 Plc,,,,,,,,,,,,,,,www.jetblue.com,www.jet2plc.com
23381,23381,14723,TalkTalk Telecom Group plc,TalkMed Group Ltd,,,,,,,,,,,,,,,https://disfold.com/company/talktalk-telecom-group-plc/,https://disfold.com/company/talkmed-group-ltd/
23399,23399,22543,Harbour Energy PLC,Harbin Pharmaceutical Group Co Ltd,,,,,,,,,,,,,,,www.harbourenergy.com,www.hayao.com
23422,23422,23134,Mashfrog Group,Masco Corp,,,,,,,,,,,,,,,https://www.mashfrog.com/,masco.com
23429,23429,4517,Ozderici Gayrimenkul Yatirim Ortakligi A.S.,Ozak Gayrimenkul Yatirim Ortakligi A.S.,,,,,,,,,,,,,,,https://disfold.com/company/ozderici-gayrimenkul-yatirim-ortakligi-as/,https://disfold.com/company/ozak-gayrimenkul-yatirim-ortakligi-as/
23430,23430,23075,Hyosung TNC Corp,Hyosung Corp,,,,,,,,,,,,,,,https://disfold.com/company/hyosung-tnc-corp/,www.hyosung.com
23439,23439,6240,Nitto Denko Corp,Nitta Corp,,,,,,,,,,,,,,,https://disfold.com/company itto-denko-corp/,https://disfold.com/company itta-corp/
23485,23485,5502,Severn Trent plc,Severfield plc,,,,,,,,,,,,,,,https://disfold.com/company/severn-trent-plc/,https://disfold.com/company/severfield-plc/
23541,23541,2295,Radisson Hospitality AB,Radico Khaitan,,,,,,,,,,,,,,,www.radissonhospitalityab.com/,https://www.radicokhaitan.com/
23542,23542,19942,Discoup.com,Disco Corp,,,,,,,,,,,,,,,https://www.discoup.com/,www.disco.co.jp
23546,23546,15542,Oracle Corp Japan,Oracle,,,,,,,,,,,,,,,https://disfold.com/company/oracle-corp-japan/,https://disfold.com/company/oracle-corporation/
23555,23555,8269,Lambda Careers,Lamb Weston Holdings Inc,,,,,,,,,,,,,,,www.lambdalabs.com,www.lambweston.com
23557,23557,21967,Bangkok Union Insurance Public Company Ltd,Bangkok Ranch Public Company Ltd,,,,,,,,,,,,,,,https://disfold.com/company/bangkok-union-insurance-public-company-ltd/,https://disfold.com/company/bangkok-ranch-public-company-ltd/
23567,23567,2132,Indra Sistemas SA,Indos Financial,,,,,,,,,,,,,,,www.indracompany.com,https://www.indosgroup.com
23571,23571,18620,Altran Technologies SA,Altrad Investment Authority SAS,,,,,,,,,,,,,,,www.altran.com/,www.altrad.com
23574,23574,11724,Paycom Software Inc,Paychex Inc,,,,,,,,,,,,,,,www.paycom.com,www.paychex.com
23591,23591,4795,ARCS Company Ltd,ARCESI Occitanie,,,,,,,,,,,,,,,https://disfold.com/company/arcs-company-ltd/,https://www.arcesi-ea.com/
23596,23596,10504,China Shipbuilding Industry Company Ltd,China Shenhua Energy Company Ltd,,,,,,,,,,,,,,,https://disfold.com/company/china-shipbuilding-industry-company-ltd/,https://disfold.com/company/china-shenhua-energy-company-ltd/
23686,23686,15493,IGAWorks,IG Group Holdings Plc,,,,,,,,,,,,,,,https://www.igaworks.com/,www.iggroup.com
23714,23714,8904,Optogama*,Optiwella,,,,,,,,,,,,,,,https://www.optogama.com/,https://www.optiwella.com
23742,23742,21562,NextEra Energy Resources LLC,NextEra Energy Inc,,,,,,,,,,,,,,,www.nexteraenergyresources.com,www.nexteraenergy.com
23743,23743,18819,Asia Vital Components Co. Ltd,Asia Tele-Net & Technology Corp Ltd,,,,,,,,,,,,,,,https://disfold.com/company/asia-vital-components-co-ltd/,https://disfold.com/company/asia-tele-net-technology-corp-ltd/
23768,23768,8256,Appirio Careers,Appier Careers,,,,,,,,,,,,,,,www.appirio.com,www.appier.com
23787,23787,9539,Brainhole Technology Ltd,BrainChip Holdings Ltd,,,,,,,,,,,,,,,https://disfold.com/company/brainhole-technology-ltd/,https://disfold.com/company/brainchip-holdings-ltd/
23808,23808,21620,Invinity Energy Systems plc,Invictus Energy Limited,,,,,,,,,,,,,,,https://disfold.com/company/invinity-energy-systems-plc/,https://disfold.com/company/invictus-energy-limited/
23822,23822,289,China Merchants Port Holdings Company Ltd,China Merchants Land Ltd,,,,,,,,,,,,,,,https://disfold.com/company/china-merchants-port-holdings-company-ltd/,https://disfold.com/company/china-merchants-land-ltd/
23845,23845,3025,Alpha FX Group plc,Alpha DX Group Ltd,,,,,,,,,,,,,,,https://disfold.com/company/alpha-fx-group-plc/,https://disfold.com/company/alpha-dx-group-ltd/
23882,23882,22705,Targa Resources Partners LP,Targa Resources Corp,,,,,,,,,,,,,,,www.targaresources.com,www.targaresources.com
23891,23891,9174,Banpu Public Company Ltd,Banpu PCL,,,,,,,,,,,,,,,https://disfold.com/company/banpu-public-company-ltd/,www.banpu.com
23934,23934,18589,CoreLogic Inc,Core-Mark Holding Company Inc,,,,,,,,,,,,,,,www.corelogic.com,https://www.core-mark.com/
23941,23941,17959,Canadian Pacific Railway Ltd,Canadian Pacific Railway Careers,,,,,,,,,,,,,,,www.cpr.ca/en,www.cpr.ca
23951,23951,18651,Chunghwa Telecom Co Ltd,Chunghwa Precision Test Tech,,,,,,,,,,,,,,,www.cht.com.tw,http://www.chpt.com/
23957,23957,14114,"Automatic Data Processing, Inc.",Automatic Bank Services Ltd,,,,,,,,,,,,,,,https://disfold.com/company/automatic-data-processing-inc/,https://disfold.com/company/automatic-bank-services-ltd/
23964,23964,22073,Interpump Group SpA,Interparfums SA,,,,,,,,,,,,,,,www.interpumpgroup.it,https://disfold.com/company/interparfums-sa/
23994,23994,15530,Ooredoo QPSC,Ooni,,,,,,,,,,,,,,,ooredoo.com,https://ooni.com/
24015,24015,5813,Process Equipment Company Careers,Procemo,,,,,,,,,,,,,,,www.peco-us.com,https://www.procemo.com
24040,24040,18586,RB Capital Renda I Fundo de Investimento Imobiliário - FII,RB Capital Development Residential Real Estate Investment Fund II,,,,,,,,,,,,,,,https://disfold.com/company/rb-capital-renda-i-fundo-de-investimento-imobiliario-fii/,https://disfold.com/company/rb-capital-development-residential-real-estate-investment-fund-ii/
24071,24071,12637,Qmee,Qlik Careers,,,,,,,,,,,,,,,https://www.qmee.com,www.qlik.com
24076,24076,16888,EODH SA,EO Charging,,,,,,,,,,,,,,,https://www.eodh-protection.com/,https://www.eocharging.com
24081,24081,23888,Chesnara plc,Chesapeake Energy Corp,,,,,,,,,,,,,,,https://disfold.com/company/chesnara-plc/,https://disfold.com/company/chesapeake-energy-corp/
24090,24090,3606,China Vanadium Titano-Magnetite Mining Company Ltd,China United Network Communications Ltd,,,,,,,,,,,,,,,https://disfold.com/company/china-vanadium-titano-magnetite-mining-company-ltd/,https://disfold.com/company/china-united-network-communications-ltd/
24096,24096,19927,Thai Oil Public Company Ltd,Thai O.P.P. Public Company Ltd,,,,,,,,,,,,,,,https://disfold.com/company/thai-oil-public-company-ltd/,https://disfold.com/company/thai-opp-public-company-ltd/
24107,24107,3575,Xiangcai Co. Ltd,Xiamen Tungsten Co. Ltd,,,,,,,,,,,,,,,https://disfold.com/company/xiangcai-co-ltd/,https://disfold.com/company/xiamen-tungsten-co-ltd/
24116,24116,15344,"Broadridge Financial Solutions, Inc.",Broadridge Careers,,,,,,,,,,,,,,,https://disfold.com/company/broadridge-financial-solutions-inc/,www.broadridge.com
24157,24157,9219,PT Bank China Construction Bank Indonesia Tbk,PT Bank Capital Indonesia Tbk,,,,,,,,,,,,,,,https://disfold.com/company/pt-bank-china-construction-bank-indonesia-tbk/,https://disfold.com/company/pt-bank-capital-indonesia-tbk/
24164,24164,22285,Starschema,Starred,,,,,,,,,,,,,,,https://www.starschema.com,https://www.starred.com/
24180,24180,19300,Nauto Careers,Nau Securities,,,,,,,,,,,,,,,www.nauto.com,https://www.nau-securities.com/
24183,24183,22631,Transat A.T. Inc,Transamerica Careers,,,,,,,,,,,,,,,www.transat.com,www.transamerica.com
24227,24227,16827,Fazio,Fayat SAS,,,,,,,,,,,,,,,https://www.faziosrl.com/,www.fayat.com
24231,24231,1463,General Engineering Public Company Ltd,General Electric,,,,,,,,,,,,,,,https://disfold.com/company/general-engineering-public-company-ltd/,https://disfold.com/company/general-electric-company/
24233,24233,9410,Amadeus Careers,Amada Co Ltd,,,,,,,,,,,,,,,www.amadeus.com,www.amada.co.jp
24252,24252,9515,Alliance Pharma plc,Alliance Healthcare Group Ltd,,,,,,,,,,,,,,,https://disfold.com/company/alliance-pharma-plc/,https://disfold.com/company/alliance-healthcare-group-ltd/
24263,24263,14850,Speed Tech,Speechmatics*,,,,,,,,,,,,,,,https://www.speedtech.com.tw/,https://www.speechmatics.com
24283,24283,23688,Yik Wo International Holdings Ltd,Yihai International Holding Ltd,,,,,,,,,,,,,,,https://disfold.com/company/yik-wo-international-holdings-ltd/,https://disfold.com/company/yihai-international-holding-ltd/
24287,24287,3630,GCL-Poly Energy Holdings Ltd,GCL New Energy Holdings Ltd,,,,,,,,,,,,,,,https://disfold.com/company/gcl-poly-energy-holdings-ltd/,https://disfold.com/company/gcl-new-energy-holdings-ltd/
24308,24308,12586,SOLDATS FILMS,SOL S.p.A.,,,,,,,,,,,,,,,https://www.soldats.tv/,https://disfold.com/company/sol-spa/
24325,24325,9779,Reliance Steel & Aluminum Co,Reliance Industries Ltd,,,,,,,,,,,,,,,www.rsac.com,www.ril.com
24333,24333,5434,China Resources Pharmaceutical Group Ltd,China Resources Microelectronics Ltd,,,,,,,,,,,,,,,https://disfold.com/company/china-resources-pharmaceutical-group-ltd/,https://disfold.com/company/china-resources-microelectronics-ltd/
24353,24353,17605,Brown-Forman Corporation,"Brown & Brown, Inc.",,,,,,,,,,,,,,,https://disfold.com/company/brown-forman-corporation/,https://disfold.com/company/brown-brown-inc/
24363,24363,15145,Thai-German Products Public Company Ltd,Thai Wah Public Company Ltd,,,,,,,,,,,,,,,https://disfold.com/company/thai-german-products-public-company-ltd/,https://disfold.com/company/thai-wah-public-company-ltd/
24380,24380,11561,Saigon Thuong Tin Commercial Joint Stock Bank,Saigon - Hanoi Commercial Joint Stock Bank,,,,,,,,,,,,,,,www.sacombank.com,www.shb.com.vn
24415,24415,10367,Water Oasis Group Ltd,Watches of Switzerland Group plc,,,,,,,,,,,,,,,https://disfold.com/company/water-oasis-group-ltd/,https://disfold.com/company/watches-of-switzerland-group-plc/
24418,24418,18047,Far East Orchard Ltd,Far East Horizon Ltd,,,,,,,,,,,,,,,https://disfold.com/company/far-east-orchard-ltd/,https://disfold.com/company/far-east-horizon-ltd/
24425,24425,14044,Superloop Limited,Superior Resources Limited,,,,,,,,,,,,,,,https://disfold.com/company/superloop-limited/,https://disfold.com/company/superior-resources-limited/
24477,24477,22888,HSBC Private Bank,HSBC Careers,,,,,,,,,,,,,,,www.hsbcprivatebank.com,www.hsbc.com
24481,24481,13765,Black Swan Data,Black Peony,,,,,,,,,,,,,,,https://www.blackswan.com,https://disfold.com/company/black-peony/
24495,24495,1057,BrandShield Systems plc,Brand Id (Axians)**,,,,,,,,,,,,,,,https://disfold.com/company/brandshield-systems-plc/,https://www.brandid.it
24500,24500,12007,Advanced Ceramic X Corp,"Advanced Analog Technology, Inc.",,,,,,,,,,,,,,,https://disfold.com/company/advanced-ceramic-x-corp/,https://disfold.com/company/advanced-analog-technology-inc/
24522,24522,9903,Venturer Group Corporate Solutions,Venture Corporation Ltd,,,,,,,,,,,,,,,https://venturehaven.com.sg/,www.venture.com.sg
24525,24525,19635,MailUp,Mahle GmbH,,,,,,,,,,,,,,,https://www.mailupgroup.com,www.mahle.com
24549,24549,21680,Public Joint Stock Company Globaltruck Management,Public Joint Stock Company GAZ,,,,,,,,,,,,,,,https://disfold.com/company/public-joint-stock-company-globaltruck-management/,https://disfold.com/company/public-joint-stock-company-gaz/
24554,24554,15479,Star Bulk Carriers Corp,Staples Careers,,,,,,,,,,,,,,,www.starbulk.com,www.staples.com
24565,24565,7914,Nippon Kayaku Co. Ltd,Nippon Kanzai Co. Ltd,,,,,,,,,,,,,,,https://disfold.com/company ippon-kayaku-co-ltd/,https://disfold.com/company ippon-kanzai-co-ltd/
24604,24604,19530,Aberdeen Income Credit Strategies Fund,"Aberdeen Emerging Markets Equity Income Fund, Inc.",,,,,,,,,,,,,,,https://disfold.com/company/aberdeen-income-credit-strategies-fund/,https://disfold.com/company/aberdeen-emerging-markets-equity-income-fund-inc/
24630,24630,24304,Park Systems,Park Hotels & Resorts Inc,,,,,,,,,,,,,,,https://www.parksystems.com/,www.pkhotelsandresorts.com
24631,24631,20823,Hsin Tai Gas Co. Ltd,"Hsin Kao Gas Co.,Ltd.",,,,,,,,,,,,,,,https://disfold.com/company/hsin-tai-gas-co-ltd/,https://disfold.com/company/hsin-kao-gas-coltd/
24666,24666,16226,Curriculum Associates Careers,Currencycloud Careers,,,,,,,,,,,,,,,www.curriculumassociates.com,www.currencycloud.com
24669,24669,845,Stellium Careers,Stellantis NV,,,,,,,,,,,,,,,www.stellium.com,www.stellantis.com
24686,24686,15097,Toho Holdings Co. Ltd,Toho Gas Co. Ltd,,,,,,,,,,,,,,,https://disfold.com/company/toho-holdings-co-ltd/,https://disfold.com/company/toho-gas-co-ltd/
24702,24702,7367,Cigna Corporation,Cigna Careers,,,,,,,,,,,,,,,https://disfold.com/company/cigna-corporation/,www.cigna.com
24731,24731,7234,Orica Ltd,Oriano Clean Energy,,,,,,,,,,,,,,,www.orica.com,https://oriano.com/
24732,24732,10919,Plasson Industries Ltd,Plascar Participacoes Industriais SA,,,,,,,,,,,,,,,https://disfold.com/company/plasson-industries-ltd/,https://disfold.com/company/plascar-participacoes-industriais-sa/
24774,24774,12161,Petronas Gas Bhd,Petron Corp,,,,,,,,,,,,,,,www.petronasgas.com,www.petron.com
24779,24779,19249,Deniz Gayrimenkul Yatirim Ortakligi A.S.,Denge Yatirim Holding A.S.,,,,,,,,,,,,,,,https://disfold.com/company/deniz-gayrimenkul-yatirim-ortakligi-as/,https://disfold.com/company/denge-yatirim-holding-as/
24832,24832,23952,Challenger Limited,Chalice Mining Limited,,,,,,,,,,,,,,,https://disfold.com/company/challenger-limited/,https://disfold.com/company/chalice-mining-limited/
24833,24833,276,Augusta Ratio,August Home Careers,,,,,,,,,,,,,,,https://www.augustaratio.com,www.august.com
24861,24861,20350,Deutsche Lufthansa AG,Deutsche EuroShop AG,,,,,,,,,,,,,,,https://disfold.com/company/deutsche-lufthansa-ag/,https://disfold.com/company/deutsche-euroshop-ag/
24867,24867,19990,Repsol SA,Reply S.p.A.,,,,,,,,,,,,,,,https://disfold.com/company/repsol-sa/,https://disfold.com/company/reply-spa/
24891,24891,1418,Thantawan Industry Public Company Ltd,Thanapiriya Public Company Ltd,,,,,,,,,,,,,,,https://disfold.com/company/thantawan-industry-public-company-ltd/,https://disfold.com/company/thanapiriya-public-company-ltd/
24905,24905,21787,Masan Group Corp,MasTec Inc,,,,,,,,,,,,,,,masangroup.com,www.mastec.com
24906,24906,6588,"First Solar, Inc.",First Ship Lease Trust,,,,,,,,,,,,,,,https://disfold.com/company/first-solar-inc/,https://disfold.com/company/first-ship-lease-trust/
24909,24909,3199,Valmont Industries Inc,Valmet Corp,,,,,,,,,,,,,,,www.valmont.com,www.valmet.com
24919,24919,10386,Pressance Corp,President Securities Corp,,,,,,,,,,,,,,,https://disfold.com/company/pressance-corp/,https://disfold.com/company/president-securities-corp/
24924,24924,4717,Capital On Tap,Capital India Finance,,,,,,,,,,,,,,,https://www.capitalontap.com,https://www.capitalindia.com/
24928,24928,10298,Anhui Yingjia Distillery Co. Ltd,Anhui Kouzi Distillery Co. Ltd,,,,,,,,,,,,,,,https://disfold.com/company/anhui-yingjia-distillery-co-ltd/,https://disfold.com/company/anhui-kouzi-distillery-co-ltd/
24969,24969,12927,Deutsche Rohstoff AG,Deutsche Post AG,,,,,,,,,,,,,,,https://disfold.com/company/deutsche-rohstoff-ag/,https://disfold.com/company/deutsche-post-ag/
24996,24996,15984,"Beijing Kingsoft Office Software, Inc.",Beijing Jingneng Power Co. Ltd,,,,,,,,,,,,,,,https://disfold.com/company/beijing-kingsoft-office-software-inc/,https://disfold.com/company/beijing-jingneng-power-co-ltd/
25014,25014,126,Banco Mercantil do Brasil SA,Banco Macro SA,,,,,,,,,,,,,,,https://disfold.com/company/banco-mercantil-do-brasil-sa/,https://disfold.com/company/banco-macro-sa/
25018,25018,3780,The Conygar Investment Company plc,The Company for Cooperative Insurance,,,,,,,,,,,,,,,https://disfold.com/company/the-conygar-investment-company-plc/,https://disfold.com/company/the-company-for-cooperative-insurance/
25020,25020,21965,Ameresco Inc,Ameren Corp,,,,,,,,,,,,,,,www.ameresco.com,www.ameren.com
25030,25030,22391,truu wasserweik,truu,,,,,,,,,,,,,,,https://www.truu-water.com/,https://www.truu.com/
25052,25052,4372,Digital360 S.p.A.,Digital Value S.p.A.,,,,,,,,,,,,,,,https://disfold.com/company/digital360-spa/,https://disfold.com/company/digital-value-spa/
25059,25059,13895,PT Indonesia Transport & Infrastructure Tbk,PT Indonesia Pondasi Raya Tbk,,,,,,,,,,,,,,,https://disfold.com/company/pt-indonesia-transport-infrastructure-tbk/,https://disfold.com/company/pt-indonesia-pondasi-raya-tbk/
25069,25069,10835,Chariot Ltd.,ChargePoint,,,,,,,,,,,,,,,https://disfold.com/company/chariot-ltd/,https://disfold.com/company/chargepoint-holdings-inc/
25071,25071,6725,China LotSynergy Holdings Ltd,China Logistics Property Holdings Co. Ltd,,,,,,,,,,,,,,,https://disfold.com/company/china-lotsynergy-holdings-ltd/,https://disfold.com/company/china-logistics-property-holdings-co-ltd/
25116,25116,10816,Public Joint Stock Company Mostotrest,Public Joint Stock Company Magnitogorsk Iron & Steel Works,,,,,,,,,,,,,,,https://disfold.com/company/public-joint-stock-company-mostotrest/,https://disfold.com/company/public-joint-stock-company-magnitogorsk-iron-steel-works/
25142,25142,20327,Yara International ASA,Yapi ve Kredi Bankasi AS,,,,,,,,,,,,,,,www.yara.com,www.yapikredi.com.tr
25148,25148,17798,COSCO SHIPPING Holdings Co Ltd,COSCO SHIPPING Development Co Ltd,,,,,,,,,,,,,,,https://disfold.com/company/cosco-shipping-holdings-co-ltd/,https://disfold.com/company/cosco-shipping-development-co-ltd/
25167,25167,12915,Seagull Pharma,Seagen Inc,,,,,,,,,,,,,,,http://seagullpharma.com/,www.seagen.com
25168,25168,24513,InterRent Real Estate Investment Trust,InterCure Ltd,,,,,,,,,,,,,,,https://disfold.com/company/interrent-reit/,https://disfold.com/company/intercure-ltd/
25191,25191,19835,Dolly Noire,Dollarama Inc,,,,,,,,,,,,,,,https://www.dollynoire.com/,www.dollarama.com
25222,25222,7095,Tecnimed,Tecnicar,,,,,,,,,,,,,,,https://www.tecnimed.it/,https://www.tecnicaritalia.it/
25232,25232,3554,Componenti Digitali,ComplyAdvantage,,,,,,,,,,,,,,,https://www.componentidigitali.com/,https://complyadvantage.com/
25244,25244,24828,"Schnitzer Steel Industries, Inc.",Schneider Financial Solutions,,,,,,,,,,,,,,,www.schnitzersteel.com,http://www.schneiderfs.com/
25268,25268,622,Regen Power,Regal Rexnord Corp,,,,,,,,,,,,,,,https://regenpower.com/,www.regalrexnord.com
25286,25286,21566,China Steel Corp,China State Construction Engineering Corp Ltd,,,,,,,,,,,,,,,www.csc.com.tw,www.cscec.com
25294,25294,22526,Mega Fishing Corporation,Mega Financial Holding Co Ltd,,,,,,,,,,,,,,,https://megaglobal.com.ph/,www.megaholdings.com.tw
25349,25349,20231,Everfi Careers,Everest Re Group Ltd,,,,,,,,,,,,,,,www.everfi.com,www.everestre.com
25357,25357,12684,Wheely Holdings,Wheaton Precious Metals Corp,,,,,,,,,,,,,,,https://www.wheely.com,www.wheatonpm.com
25361,25361,15608,Alconix Corp,Alcon Inc,,,,,,,,,,,,,,,www.alconix.com,www.alcon.com
25364,25364,9934,Frasers Property,Frasers Hospitality Trust,,,,,,,,,,,,,,,https://disfold.com/company/frasers-property/,https://disfold.com/company/frasers-hospitality-trust/
25369,25369,22826,Advantest,Advantech Co Ltd,,,,,,,,,,,,,,,https://www.advantest.com/,www.advantech.com
25375,25375,5105,RPM International Inc,RPA Careers,,,,,,,,,,,,,,,www.rpminc.com,www.rpa.com
25378,25378,13393,Tetra Consulting & Engineering,Testa E Plebani,,,,,,,,,,,,,,,https://www.tetrace.com,https://www.testaeplebani.com
25382,25382,1702,PT Bank Maybank Indonesia Tbk,PT Bank Maspion Indonesia Tbk,,,,,,,,,,,,,,,https://disfold.com/company/pt-bank-maybank-indonesia-tbk/,https://disfold.com/company/pt-bank-maspion-indonesia-tbk/
25394,25394,3415,Alibaba Group Holding Ltd,Alias Group,,,,,,,,,,,,,,,www.alibabagroup.com,https://www.aliasgroup.it
25404,25404,9,Pitchup.com,Piscor,,,,,,,,,,,,,,,https://www.pitchup.com/,https://www.piscor.com/
25405,25405,5990,Duke Realty Corp,Duke Energy Corp,,,,,,,,,,,,,,,www.dukerealty.com,www.duke-energy.com
25434,25434,1004,DMCI Holdings Inc,DL Holdings Co Ltd,,,,,,,,,,,,,,,www.dmciholdings.com,www.dlholdings.co.kr
25435,25435,14201,Clarivate Plc,Clariant International Ltd,,,,,,,,,,,,,,,clarivate.com,www.clariant.com
25436,25436,10368,Ecopol,Econocom Group SE,,,,,,,,,,,,,,,https://www.ecopol.com,www.econocom.com
25440,25440,16088,"Bank of Guiyang Co.,Ltd.",Bank of Gansu Co. Ltd,,,,,,,,,,,,,,,https://disfold.com/company/bank-of-guiyang-coltd/,https://disfold.com/company/bank-of-gansu-co-ltd/
25443,25443,12327,Anthesis Consulting Group,Antherica,,,,,,,,,,,,,,,https://www.anthesisgroup.com/,https://www.antherica.com
25447,25447,6406,Public Joint-Stock Company Unipro,Public Joint-Stock Company The Likhachov Plant,,,,,,,,,,,,,,,https://disfold.com/company/public-joint-stock-company-unipro/,https://disfold.com/company/public-joint-stock-company-the-likhachov-plant/
25463,25463,23608,Swedencare AB,Sweco AB,,,,,,,,,,,,,,,https://disfold.com/company/swedencare-ab/,https://disfold.com/company/sweco-ab/
25474,25474,5171,Gismart,Giraphix Creative Careers,,,,,,,,,,,,,,,https://gismart.com/,giraphixcreative.com
25478,25478,11988,African and Overseas Enterprises Ltd,African Media Entertainment Ltd,,,,,,,,,,,,,,,https://disfold.com/company/african-and-overseas-enterprises-ltd/,https://disfold.com/company/african-media-entertainment-ltd/
25494,25494,1384,Welbilt Inc,Weis Markets Inc,,,,,,,,,,,,,,,www.welbilt.com,www.weismarkets.com
25533,25533,2360,Kansai Paint Co. Ltd,Kangmei Pharmaceutical Co. Ltd,,,,,,,,,,,,,,,https://disfold.com/company/kansai-paint-co-ltd/,https://disfold.com/company/kangmei-pharmaceutical-co-ltd/
